:020000022000DC
:1070000000000420757302005D7302005F730200CC
:1070100061730200637302006573020000000000E8
:107020000000000000000000000000006773020084
:1070300069730200000000006B7302006D730200B0
:10704000399402006F730200719602006F730200A0
:107050006F7302006F730200F19402006F730200FD
:107060006F7302006F7302006F7302006F73020090
:107070006F7302006F7302006F7302006F73020080
:107080006F7302007D8602006F7302006F7302004F
:107090006F7302006F730200E1AF02006F730200B2
:1070A0006F7302006F7302006F7302006F73020050
:1070B0006F7302006F730200000000000000000008
:1070C0006F7302006F7302006F7302006F73020030
:1070D0006F7302006F7302006F7302006F73020020
:1070E0006F7302006F7302006F73020000000000F4
:1070F000000000006F730200000000006F730200C8
:10710000000000000000000000000000000000007F
:10711000000000000000000000000000000000006F
:10712000000000000000000000000000000000005F
:10713000000000000000000000000000000000004F
:10714000000000000000000000000000000000003F
:10715000000000000000000000000000000000002F
:10716000000000000000000000000000000000001F
:10717000000000000000000000000000000000000F
:1071800000000000000000000000000000000000FF
:1071900000000000000000000000000000000000EF
:1071A00000000000000000000000000000000000DF
:1071B00000000000000000000000000000000000CF
:1071C00000000000000000000000000000000000BF
:1071D00000000000000000000000000000000000AF
:1071E000000000000000000000000000000000009F
:1071F000000000000000000000000000000000008F
:10720000354936480A1A02D0072291438D4634493F
:1072100034480A1A06D00722914381F309880222D2
:1072200082F3148830483149314A00F044F831483B
:107230003149324A00F03FF831483249324A00F0D1
:107240003AF832483249334A00F035F83248334987
:10725000334A00F030F833483349344A00F02BF811
:1072600033483449344A00F026F83448344900227F
:1072700000F02CF833483449002200F027F8334856
:107280003349091A082902DB002202604160314AB1
:1072900090471F481F49884205D00268043003B454
:1072A000904703BCF7E700208646EC46002000210B
:1072B000294A9047FEE7884207D0521A05D0037842
:1072C00001300B700131013AF9D17047884202D088
:1072D00002700130FAE770470000042000E003204C
:1072E00000000420000004200C450400E82A0020CF
:1072F000502B0020D0730200D0730200C4D70200CC
:107300000C450400E82A0020E82A0020C0D802002A
:10731000C0D80200C0D80200C0D80200C0D8020005
:10732000C0D80200C0D80200C0D802000B4504003B
:1073300074450400502B0020502B0020502B0020BF
:107340002C4100202C4100202C4100202C41002009
:107350002C6100209D730200E1A10200FEE7FEE720
:10736000FEE7FEE7FEE7FEE7FEE7FEE7FEE7FEE7F5
:1073700000F002B8FFF7FCBF0F484FF00701884349
:1073800085460E4880470E48016841F4700101604F
:10739000BFF34F8FBFF36F8FFFF732BF09480A4922
:1073A0000A4A884207D0521A05D0037801300B7080
:1073B0000131013AF9D1704700000420B98F020071
:1073C00088ED00E0C0D80200E82A0020E82A00206A
:1073D0007047000007B5044B0093044A402300F0B7
:1073E00032F803B05DF804FBF1730200512B00206A
:1073F0002DE9F84388461446B2B10F4B0F4E0325D2
:10740000002743F00109224608EB0701002003F0A2
:107410003BF80744241A48B933782BB14FF47A402B
:10742000C847013D02D13570BDE8F88301233370B0
:10743000002CE8D1F8E700BFC0D80200502B002094
:10744000704703F055B8F0B595B01D46164608468E
:107450000C4601F0C5FC1A9B0D93CDE9086500258B
:107460002B46082205A920460A958DF82C500C952C
:1074700001F0D3FC079B0293069B03939DF8143005
:107480008DF8115003F00302012A1DD1BDF814201C
:10749000059DC3F3C203C2F383168DF81030B2000A
:1074A00008230EA9204601F0B8FCC5F3952508ABCA
:1074B0000093324602AB0EA9284600F02BFB204673
:1074C00001F092FC15B0F0BD022AF8D1BDF81650BB
:1074D000C3F3C203C5F389158DF810300827082DB2
:1074E0002E4628BF08263B4632460EA9204601F00C
:1074F00094FCAD1B08AB02AA31460EA8374400F03D
:107500006DFB002DEBD1DAE708B5FFF79AFF0448D1
:10751000042100F069FA034B01225A7108BD00BF33
:10752000B0D80200E82A0020037813F0040216D035
:1075300003F00303012B03D0022B09D00120704775
:107540000A6800880232C0F3831002440A60F5E73B
:107550000B684288023303EB92130B60EEE7104690
:10756000704700002DE9F04F87B000230446861CC9
:107570000DF107000F4615468DF8073000F010FF9B
:10758000404A51683960936803F580735B1A9246EC
:1075900002F21C4702F5836902F21448B3421AD37F
:1075A0000020002D69D004F00F039B0143F0050378
:1075B00063F30F00DAF80430DAB203321E444AF8FB
:1075C00022009DF80700CAF8046000F00DFF0120BA
:1075D00007B0BDE8F08F0121384601F02CF948468C
:1075E00001F041F9404601F03EF9DAF80800029056
:1075F000C0B203300AEB800002A9FFF795FF029B9F
:1076000030BBDAB20AEB8202D16803919A1C0133D3
:10761000DBB20AEB83030292D3F80CB001F0030350
:10762000012B22D0022B15D08346404601F01EF9D3
:1076300010B1029BCAF808305946384601F0FBF8F1
:10764000DAF80830DAF8042003F580739B1AA5E70E
:10765000D8B2CEE7BDF80E30C3F3891303334FEA37
:107660001B4B02EB93030293DFE7BDF80C30C3F32F
:1076700083134FEA1B4B1344F5E7A40544F00600BF
:1076800098E700BF642C0020064B074810B5002285
:107690001A7001F05EFB044610B9044801F0F0FBDB
:1076A000204610BD642C00201CD80200FCD802002B
:1076B00030B50A4C71B10A4A0A49121BD20800239C
:1076C0009A4201D1002030BD31F82350854202D0CA
:1076D0000133F5E7034654F83300F4E730D80200ED
:1076E000B0D80200E82A0020094B013903EBC000A2
:1076F000032909D8DFE801F00A02040604207047D4
:107700000079704740797047002070470220704729
:1077100030D8020070470000034BD3E90130C31A90
:1077200058425841704700BF642C00202DE9F041B9
:1077300086B0FFF7F1FF0546002840F0E680744C64
:10774000C4F81804BFF34F8FA3680293DBB203336E
:1077500004EB830002A9FFF7E7FE029B18B1D4F8FF
:107760001824002A55D0DAB2991C013304EB8202A6
:10777000DBB204EB8303D268DB68049302F00303FB
:10778000022B039202914FD1BDF80E306148C3F332
:107790008917502F3E4628BF502666F38F1306F1F7
:1077A0000801ADF80E3001F0ECFA0546002800F0B3
:1077B000978001F015FB002303A90822284601F059
:1077C00022FB0299CB43DBB20133C9B20331B6EBE2
:1077D000830F4FEA830804EB810122D90823424634
:1077E000A6EB0806284601F00EFBF6B24A4908F15E
:1077F00008033246284601F006FB029B033703EBE1
:1078000097070297D4F81834002B41D1D4F81064AC
:1078100051E062689A4299D8A260284606B0BDE855
:10782000F08108233246E5E7012B59D1BDF80C3031
:107830003848C3F38311062928BF062161F3891351
:1078400002318900ADF80C3001F09BFA05460028A2
:1078500046D001F0C5FA0023082203A9284601F00A
:10786000D2FA0026BDF80C20C2F38312B300964270
:1078700003F10803C6D202994A1CC9B2033102922D
:1078800004EB81010422284601F0BDFA0136E9E744
:10789000284601F0A9FAFFF73FFF80F00100C5B2CA
:1078A000BBE7F3685B7923B1336829461B68304630
:1078B0009847F3681E68002EF3D1284601F094FA29
:1078C0000DF107008DF8076000F06AFDD4F8183458
:1078D0000BB9029BA3609DF8070000F085FDDAE775
:1078E000D4F8104454B90D4B0D480E49C01AC008C5
:1078F000000440F0020000F05FF8CCE72368204667
:107900009B689847E3681C68ECE7002585E700BFA3
:10791000642C00201CD80200702C002030D80200FB
:1079200058D80200E4D802002DE9F34704460E4679
:10793000924601A9012218469946FFF713FE1C4FF3
:1079400010B3019D4FF00008AA1CC84508EB0201C6
:1079500025D11848002100F03FFF80F310000004FB
:1079600040EA1440E4006B1C04F03804DBB2EDB2D2
:1079700044F0010407EB8303033544EA881444EA26
:107980008624D86047F825403B781BB1FFF7CEFE30
:107990000028FBD1FFF7BEFE02B0BDE8F087C9B2F8
:1079A00007EB81015AF82830CB6008F10108CCE7D9
:1079B000642C00208030002000231A46FFF7B4BF5B
:1079C00007B50123019201AAFFF7AEFF03B05DF8EE
:1079D00004FB07B5CDE9002302236A46FFF7A4FFA5
:1079E00003B05DF804FB000030B50F49D1F8102456
:1079F00003460020144634B9DC6820714AB9C1F846
:107A00001034226030BDE4682579854206D02468B0
:107A1000F1E7D268116821601360F3E701300A28AA
:107A2000E8D14FF0FF30EDE7642C0020084A38B56C
:107A30000123D2F8104413701D4604B938BDE36821
:107A40005D71236820465B689847E3681C68F4E72B
:107A5000642C002007B503460846197A052911D081
:107A60005B7A2BB1094A0A49019000F062FF019844
:107A70000849019000F05DFF019803B05DF804EB48
:107A800000F04CBF002AF8D0F2E700BF08D902008E
:107A90000DD90200C3DF020030B5C38885B00446AB
:107AA0000D4633B1144A00921449154A284600F095
:107AB00040FF217A05291DD0637A4BB1A088FFF7DA
:107AC00013FE104B104953F82020284600F031FFD8
:107AD000227A0E4BA08853F8222003920021FFF750
:107AE000E7FD039A0A490346284605B0BDE8304041
:107AF00000F01FBF05B030BD08D9020018D9020040
:107B000010D9020090D902000DD90200B4D90200A8
:107B100030D902002DE9F04385B01F460C9D0023AB
:107B200095F80C902B7306460C469046294638462D
:107B3000FFF7B2FFB8F1060F09D8DFE808F004122A
:107B4000181F283340003146284600F0F2FE00227C
:107B500029463846FFF77EFF85F80C9005B0BDE852
:107B6000F08322683146284600F0E3FEEFE7D4E9CF
:107B700000233146284600F0DCFEE8E7A3680093C6
:107B80003146D4E90023284600F0D3FEDFE7E3685E
:107B90000193A36800933146D4E90023284600F0FE
:107BA000C8FED4E723690293E3680193A3680093B6
:107BB0003146D4E90023284600F0BBFEC7E76369DD
:107BC000039323690293E3680193A368009331460A
:107BD000D4E90023284600F0ACFEB8E708292DE9D7
:107BE000F74F80460E4617461C463CD8002593F8B2
:107BF0000C901D7319461046FFF74EFFDFF888A062
:107C0000DFF888B0AE4231D918F805205946204631
:107C100000F08FFE0135082DF4D11949194DDFF818
:107C200070A0204600F085FE4FF0000B5E4522D983
:107C300018F80B207E2A05D81046019205F020F98D
:107C4000019A00B92E225146204600F072FE0BF137
:107C5000010BBBF1080FE9D1012221463846FFF79D
:107C6000F9FE84F80C9003B0BDE8F08F5146204631
:107C700000F05FFECEE72946204600F05AFEE6E718
:107C800040D902007E3D0400303D04003AD9020094
:107C900042D902001FB50021039001AA44F201005D
:107CA000CDE9011100F004F805B05DF804FB000017
:107CB00010B572B6FFF7BAFEFFF738FD0028FBD10A
:107CC000104B114C1149E41AE408240444F001005B
:107CD000FFF772FE0E4B1B68DB0700D500BE0D4997
:107CE00044F00200FFF768FEBFF34F8F0A490B4BC9
:107CF000CA6802F4E0621343CB60BFF34F8F00BF4A
:107D0000FDE700BF30D8020058D80200D3D90200E6
:107D1000F0ED00E0DFD9020000ED00E00400FA051C
:107D200049B152B1531E1A4007D18260016083806D
:107D3000C260104670470E2070470920704710B58A
:107D40008468C2688388121B934208D3C2681340B8
:107D50000268D154C3680133C360002010BD042001
:107D6000FCE78268C3689A420AD08268838813401D
:107D70000268D35C0B708368013383600020704716
:107D800005207047D0E90223D1E90201994208BFDA
:107D900090422CBF012000207047000008B50B481E
:107DA00000F055FC0A4B0B49D3E900231218D1E926
:107DB000000143F100038B4208BF824203D212F15B
:107DC000807243F100031046194608BDF02A0020D6
:107DD000203100209831002037B505460C460A486E
:107DE00001A900F068FC60B10570446001A9064873
:107DF00000F08BFC18B1054800F02EFC002003B009
:107E000030BD0420FBE700BF84310020F02A0020B1
:107E1000284B73B51E7804461EB90026304602B0C2
:107E200070BD0028F9D0FFF7B9FFD4E902239942C9
:107E300008BF904238D300230DF107008DF80730BA
:107E400000F0AEFA23692BB94FF0FF324FF0FF3349
:107E5000C4E902239DF8070000F0C6FAD4E9053012
:107E6000984700250DF107008DF8075000F098FAAB
:107E70002169B9B1D4E90223581C08BFB2F1FF3F10
:107E800005D0521843F10003C4E9022335469DF89A
:107E9000070000F0A9FA002DBFD00748214601F0E5
:107EA0000EF8BBE70D46F2E7013308BFB2F1FF3F22
:107EB000B3D0F2E728310020FCD9020013B5114BF2
:107EC00011491868019008231048582200F0E0FB7F
:107ED000044698B90E4A0F4801A900F0A9FA0446D1
:107EE00060B90C48012100F095FB01230A4A0948BA
:107EF000194600F0F7FA094B01221A70204602B029
:107F000010BD00BFF6D902002C31002084310020C2
:107F1000CD7F0200F02A0020FFFF7F0028310020E3
:107F2000F7B5054600240DF1070017460E468DF8FB
:107F3000074000F035FAD5E90223013308BFB2F15A
:107F4000FF3F07D1FFF72AFF801941F10001C5E982
:107F5000020101249DF8070000F046FA4CB12B699C
:107F6000AF6103B12E6129460020FFF735FF03B052
:107F7000F0BD2046FBE737B5054600240DF10700AC
:107F80008DF8074000F00CFAD5E9022301330FBF4A
:107F9000B2F1FF3F4FF0FF324FF0FF33C5E902234C
:107FA00018BF01249DF8070000F01EFA2CB12946E5
:107FB0000120FFF711FF03B030BD2046FBE70000B2
:107FC000014800F044BB00BFF02A00202DE9F74F24
:107FD000804600F027FB40B1634AD2E9003113F13B
:107FE000807341F10001C2E900310021404600F0F8
:107FF00028FB38B15D4E336823B13068FFF708FFC6
:10800000002333600121404600F01BFB20B1FFF745
:10801000C5FE574BC3E900015648DFF8509101A94E
:1080200000F083FB4FF0FF364FF0FF3798B9DFF8D1
:1080300048A14E4F504600F058FF002800F08780BE
:10804000D0E90223591C08BFB2F1FF3F34D150469A
:1080500000F045FFEEE70378012B20D0022B09D179
:10806000DFF814A1504600F03AFF002877D0C0E9AD
:108070000267F7E753B94168D1E90223013308BF2A
:10808000B2F1FF3F02D03C4800F019FF01A9394886
:1080900000F076FB01A9374800F047FBC6E74168CE
:1080A000D9F80030994203D10023C9F80030EDE738
:1080B000314800F01DFFE9E7396891B13968D1E92D
:1080C00002018B4208BF82422FD23B68D3E90223D0
:1080D000013308BFB2F1FF3F03D03968504600F0CA
:1080E000EEFE504600F0FBFED0E9026B8146FFF742
:1080F00055FE341A6BEB0105012C75F1000319DBF9
:10810000B4F5350F14D3FFF75BFF1C4A02441C483B
:108110004FF49603002100F005FA98B93B6813B9B3
:10812000404600F0D7F9C7F8009003B0BDE8F08FE3
:108130003246ECE71248002100F079FA4846FFF792
:1081400067FE01E00D28F9D000233B6072E7074B82
:108150001B68002BE9D1404600F0C0F9E5E7094B68
:1081600001221A7092E700BF20310020A0310020C8
:108170009831002084310020FCD90200FFFFB400B8
:10818000F02A0020283100200648074A03780749D2
:10819000D35C012213B1043001F0F0BE0C3001F0C9
:1081A0009FBC00BFF82A00200C320020CC310020F8
:1081B0000648074A03780749D35C012213B104300B
:1081C00001F088BE0C3001F039BC00BFF82A002055
:1081D0000C320020CD31002037B50578012D0BD0B1
:1081E000022D2ED065B91E491E48FFF7BAFD0028A2
:1081F00032D1FFF7DDFF03E0037A1BB9FFF7C4FFBD
:1082000003B030BD4368184C19782046FFF797FD3E
:1082100080B18DF800500190144B68461B68984758
:10822000A168E368A2885B1A9A42E7D2104B012248
:108230001A70E5E7A268E3689A42F1D08DF8000071
:10824000EAE7C3688DF800500193FFF79DFF074BE5
:1082500068461B689847D3E703238DF80030F6E79C
:10826000CD310020BC310020A8310020A4310020F5
:10827000B8310020F0B51F46234B89B004461A6080
:108280000D4600293DD08A8820480968FFF748FD3F
:10829000002834D1AA89A9681D48FFF741FD0028AC
:1082A0002DD11C4E0FCE6D460FC596E80F0085E808
:1082B0000F0063690693237C174A18488DF81C70D9
:1082C000003B18BF01238DF81430637C002B14BFD2
:1082D0000E2300238DF81530E3680293A3680393FF
:1082E0002368019369466368009301F02BF830B965
:1082F0000B4B18702368013301D0FFF745FF09B01D
:10830000F0BD0720FBE700BFA4310020A83100200A
:10831000BC31002008DA0200D9810200F82A0020CE
:10832000B831002070B5084D014608482E78FFF797
:1083300018FD044636B100232B70FFF725FF08B166
:10834000FFF7A8FC204670BDB8310020A8310020FE
:1083500010B501460E48FFF7F2FC0446A8B90D48D7
:108360000D4A0378D35C63B1043001F0FBFD60B9C2
:108370000A490748FFF7F5FC38B9BDE81040FFF798
:1083800017BF0C3001F0A0FBF1E7204610BD00BF85
:10839000BC310020F82A00200C320020CD31002012
:1083A00070B5EFF3108672B60C4A946801239CB93D
:1083B00093600B4B0B4DD3F8801029401160C3F82C
:1083C0008050D3F8841051604FF0FF32C3F88420FE
:1083D000047006B962B670BD0370FAE7D0310020B0
:1083E00000E100E0FC06FFBD084B9A6810B55AB1E9
:1083F00050B9EFF3108172B6054A1C6814605C68CE
:108400005460986001B962B610BD00BFD031002041
:1084100000E100E0435882B03BB100234350435891
:108420000193019B012002B070471846FBE7000052
:10843000F8B5204B4479204D43F824201F4A204BA7
:1084400005EBC4049B1A2279DB081B0432B143F00C
:1084500002001C49FFF7B0FA0820F8BD02680C883A
:10846000C2F8084590F904608A7804795201002E18
:10847000D2B219DB14498F1987F80023012276093B
:1084800004F01F0402FA04F441F82640427905EB97
:10849000C201012445F832000C7143F003000B497E
:1084A000FFF78AFA0020D8E7094904F00F040A55BB
:1084B000ECE700BFE4310020DC31002030D80200BE
:1084C00068D8020028DA020000E100E04ADA02007F
:1084D00014ED00E0036801221A607047036801226E
:1084E0005A60704773B501F15005AD000068ADB238
:1084F0004FF480348C400026C0F80843C0F848434D
:10850000465101F5A8714559019522F07F42019D20
:1085100040F82120C0F844430BB1C0F8044302B036
:1085200070BD00002DE9F74F0D4622F07F44026830
:108530004FF4803705F150068F408046B60002EBBD
:108540008500C2F84873B6B2C2F80873D2F80415B1
:1085500099464FF0000BD0F84035C0F8401542F86E
:1085600006B05B1A9259009223F07F43012B009AC8
:108570004FEA850A0CD1264B4FF4806043F001038B
:108580009847D8F8003043F806B09B590193019BF7
:10859000D8F80010D1F80465C1F84473A31B23F088
:1085A0007F43012B1CD11A4B05F5A875013443F00C
:1085B000010341F825404FF480609847D8F8003017
:1085C000D3F804359E4209D1D8F800300020C3F812
:1085D0004473C3F8047303B0BDE8F08F0D20FAE7CD
:1085E0008A44C9F1FF13CAF84045D1F80405221A9C
:1085F000013A22F07F4203F57F439342EED3002AF3
:10860000E2D10134CAF84045D1F804359842DAE79E
:1086100060DA020003680222C3F8442309B1C3F8F8
:108620000423704700684FF48271FFF7F3BE4FF4E4
:10863000803303FA01F10368C3F84813C3F8081341
:10864000704750318900006889B2FFF7E3BE0368C4
:10865000D3F804057047000090F90430002B09DBC3
:108660005A09012103F01F0301FA03F340320249C2
:1086700041F82230704700BF00E100E0024B034A9E
:108680001B681068184700BFE4310020DC3100206F
:1086900010B561B1B2FBF3F403FB1424A4B244B9E6
:1086A000C0E9001484608281C381204610BD0E2081
:1086B000FCE70920FAE737B550E8013F9DB2C489CD
:1086C00025448489A54228BF2D1B0489A54202BFE9
:1086D000BFF32F8F002207E0C5EA030540E80154ED
:1086E000002CE9D14FF001028DF803200193019B8A
:1086F0009DF803200B6002F0FF0322B10B88006895
:10870000184403B030BD1846FBE70A884B889A42EC
:1087100009D150E8012FC2EA024240E80123002BB0
:10872000F7D1012070470020704737B550E8023F6D
:108730001FFAA3F5C488A54202BFBFF32F8F002202
:108740000DE0C48925448489A54228BF2D1BC3EAB6
:10875000054540E80254002CE8D14FF001028DF8A5
:1087600003200193019B9DF803200B6002F0FF039F
:1087700022B14B880068184403B030BD1846FBE7AF
:108780000A884B889A4209D150E8022FC2EA224255
:1087900040E80223002BF7D10120704700207047EA
:1087A00001F01F024B090121914000EB830000F012
:1087B0001EB801F01F0301229A404B0900EB830011
:1087C000D14300F02CB84B0901F01F0150F82300F1
:1087D000C84000F00100704710B5034653E8000F91
:1087E0000A4643E8002494F0000FF7D110BD10B5FD
:1087F000034653E8002F42EA010043E8000494F0E6
:10880000000FF6D110BD10B5034653E8000F00EA83
:10881000010243E8002494F0000FF6D110BD10B51A
:10882000034653E8002F02EA010043E8000494F0F5
:10883000000FF6D110BD10B5034653E8002F02EB30
:10884000010043E8000494F0000FF6D110BD10B50C
:10885000034653E8002FA2EB010043E8000494F024
:10886000000FF6D110BD0121FFF7C1BF0021FFF7B6
:10887000CABF10B590B1D0E9012301689B1ADBB2E1
:108880000A60013BDBB2FF2B026802D100201071AD
:1088900010BD11684C1C14600B70F2E70E20F7E756
:1088A00037B5054600240DF107008DF80740FFF7A6
:1088B00077FD2A686B68116899420ED9481E1060CE
:1088C00011F8014CEB68298A01FB0434AB6811797B
:1088D0001B1ADBB2994238BF13719DF80700FFF7EE
:1088E00083FD204603B030BD37B5054600230DF1AA
:1088F00007000C468DF80730FFF752FD2A68136811
:10890000591C1160E968641A298AB4FBF1F41C70DF
:108910009DF80700FFF768FD03B030BD826810B511
:1089200004462AB143690168006998470023A3609F
:1089300010BD0EB403B5039921B104AB01AA019394
:1089400000F076F802B05DF804EB03B070470A2936
:1089500038B504460D4602D10D21FFF7F8FFA36894
:108960002268591CA160D554D4E901329A4204D33B
:108970002046BDE83840FFF7D1BF38BD2DE9F84F9C
:108980009846DDE90A43154682460F460A464FF0EF
:108990000109AA420FD2C14538BFC14613F0010BED
:1089A00001D16CB900240126B8F1010F1BD908F1DF
:1089B000FF386E43F8E709F10109B2FBF5F2E8E789
:1089C0009B070ED5B8F1000F0CBF30262026A1451D
:1089D000E9D2013C31465046FFF7B9FF002CF6D1F1
:1089E000E0E72026F3E7B7FBF6F39D42E1D9DFF895
:1089F0003C80B7FBF6F3504618F8031006FB1377DC
:108A0000FFF7A5FF3346AB42B6FBF5F6F1D2BBF15B
:108A1000000F02D00CB1A14501D3BDE8F88F202191
:108A20005046013CFFF793FFF4E700BF66DA02000F
:108A30002DE9F74F054617468846002900F0428188
:108A400018F8011B49B92B7B002B00F03B8128460D
:108A500003B0BDE8F04FFFF761BF252940F0B780B4
:108A6000002698F800302D2B424608F1010823D04B
:108A7000302B24D02B2B25D000242A2B02F10101EE
:108A800023D13B681A1D1B683A601C440A461378C0
:108A90002E2B26D101324FF0000A104610F8011B90
:108AA000A1F1300CBCF1090F1DD80A2303FB0A13F6
:108AB000A3F1300A0246F0E746F00106D1E746F09E
:108AC0000206CEE746F00406CBE711F8013CA3F11D
:108AD00030000928DBD80A2202FB0434303C0A4665
:108AE000CBE74FF0000A12F8011B01F0FB006828E9
:108AF0009046F8D0782909D86F290CD8632962D01C
:108B000022D8252963D0582900F0888098F80030B1
:108B1000002B95D197E770390829F7D801A353F8AE
:108B200021F000BF9F8C02000D8B02000D8B020014
:108B30002D8C02000D8B02000B8C02000D8B0200AD
:108B40000D8B02001D8C0200642901D06929DDD142
:108B50003A68D2F80090111D89EAE9723960A2EBF7
:108B6000E9724FF0010B092A35DCD34538BFD346F3
:108B70002CB1B9F1000F01DB720700D5013CB3073E
:108B800002D5BAF1000F03D0F00701D44CBB00248A
:108B9000B9F1000F2DDAC9F100092D212846FFF7A0
:108BA000D6FE06F00302022A04D1BAF1000F01D169
:108BB0001CBB0024CDE9004653460A2249462846FC
:108BC000FFF7DCFEA2E73B681A1D19783A602846D9
:108BD000FFF7BDFE9AE70A230BF1010BB2FBF3F29C
:108BE000C1E7A345D4D220212846013CFFF7AFFEC0
:108BF000CCE77107D5D52B21D0E7A345DAD23021B8
:108C00002846013CFFF7A3FED2E73968CDE90046CC
:108C10000A1D3A6053460A220968D0E739680A1DDE
:108C20003A60CDE9004653461022F5E73B681A1D2D
:108C30003A6016F00106D3F8009028D1B9F1000F80
:108C400003D0484604F06FFA0646B44200D904BB8C
:108C500009F1FF3919F8011F00293FF457AF2846E1
:108C6000FFF775FEF6E728460136FFF770FE19F8A4
:108C700006100029F7D1A642BFF448AF002C3FF4FC
:108C800045AF20212846013CFFF761FEF3E70026AF
:108C9000EDE720212846013CFFF759FED5E73B6868
:108CA0001A1D3A60302128461C68FFF750FE7821D3
:108CB0002846FFF74CFE00220823CDE9003221466A
:108CC00010227CE703B0BDE8F08F00BF2DE9F84F1C
:108CD000B0F806A04579D2F800B09DF828900AFBBC
:108CE00005F5043D88460BEB0301A94203F104049A
:108CF00088BFA5EB030BB4FBFAF607460AFB164444
:108D0000C2F800B04EB9AAEB04055D4528BF5D4628
:108D1000BBF1000F04D1BDE8F88F3F68013EF1E7D9
:108D2000043408EB06003C442A46B9F1000F0DD08C
:108D30002146ABEB050B04F078F9DA452E443F6889
:108D400055464FF0000428BF5D46E1E70146204646
:108D5000EFE7FFF78EBDF8B546790146721E05466E
:108D6000002393422D6803D30024A64202D8F8BD05
:108D70000133F6E70F682846FFF7B6FD01343946A0
:108D8000F3E72DE9F843068ACD1C0746FFF788FD77
:108D9000043E35440446B5FBF6F5F0B14FF480735C
:108DA000EDB28380C680013D076081464FF0000828
:108DB000A84512D23846FFF773FD064648B16379DD
:108DC0000133637108F10108C9F8000007608146AA
:108DD000EEE72046FFF7BFFF34462046BDE8F883A4
:108DE00001210430FFF727BD10B5012104460430EE
:108DF000FFF72DFD10F0FF0F04D12046BDE8104015
:108E0000FFF7A9BF10BD1FB503920022009203AA6D
:108E1000FFF75CFF05B05DF804FB1FB5039201226C
:108E2000009203AAFFF752FF05B05DF804FB41DF93
:108E30007047000007B500230DF107008DF80730DB
:108E4000FFF7AEFAF1EE103A23F09F03E1EE103A8D
:108E5000BFF35F8F094B4022C3F884219DF80700C0
:108E6000FFF7C2FA02F0A2F820B1FFF7E0FF03B06B
:108E70005DF804FB20BF40BF20BFF8E700E100E041
:108E8000836800225A60C3E904229A60DA601A609B
:108E900070470B684A684360934208BF0023016033
:108EA00008BF43607047436843B1026891685268E5
:108EB0000B449342436004BF00234360704770B586
:108EC000446806460D46206818B1B368294698479D
:108ED00018B923682B60256070BD2468F3E74368E8
:108EE000186808B102681A607047436818687047CC
:108EF0004368186800B97047884203D102681A6055
:108F00000120704703460068F4E7000010B50D49E2
:108F1000A1F59472914201D800200FE08C1AE30F62
:108F200003EBE4035B1002EBC30452F833308342DB
:108F300005D802D204F10802ECE7606810BD2146B2
:108F4000E8E700BF80DF020008B5FFF7DFFF024B54
:108F5000002808BF184608BD42DE020010B50446CE
:108F6000C0B2FFF7F5F9204610BD0000034B1868AA
:108F7000A0F1080358425841704700BF300100106B
:108F8000064B1B68082B06D1054B1B68052B02D826
:108F9000044AD05C70470020704700BF30010010C9
:108FA0003401001086DF0200024AD2F80034002BA0
:108FB000FBD0704700E0014010B5FFF7D7FF40B18C
:108FC0004FF080430022C3F80C21C3F81021C3F8EE
:108FD0003825FFF7CBFF002846D04FF08052614B79
:108FE000D2F80414C3F82015D2F80814C3F82415D5
:108FF000D2F80C14C3F82815D2F81014C3F82C15A5
:10900000D2F81414C3F83015D2F81814C3F8341574
:10901000D2F81C14C3F84015D2F82014C3F8441534
:10902000D2F82414C3F84815D2F82814C3F84C1504
:10903000D2F82C14C3F85015D2F83014C3F85415D4
:10904000D2F83414C3F86015D2F83814C3F8641594
:10905000D2F83C14C3F86815D2F84014C3F86C1564
:10906000D2F84424C3F87025FFF78AFF10B13E4BB5
:109070003E4A1A60FFF784FF18B13D4BFB22C3F84C
:109080001825FFF77DFF48B13A493B4B0A681B683A
:1090900022F00F0203F00F0313430B60FFF770FF82
:1090A00018B1364B4FF400721A60FFF75FFF48B1FA
:1090B0004FF08043D3F80024D20744BF6FF0010281
:1090C000C3F800242E4AD2F8883043F47003C2F863
:1090D0008830BFF34F8FBFF36F8F2A4B1B68082B6D
:1090E0000ED1294B1B68052B02D8284AD35C3BB113
:1090F0004FF01023D3F808224FF08043C3F85825CF
:109100004FF01023D3F80022002A03DBD3F80432F7
:10911000002B22DA1E490123C1F80435FFF744FF72
:109120004FF010201224C0F80042FFF73DFFC0F8B6
:109130000442FFF739FF0023C1F80435FFF734FF7D
:10914000BFF34F8F0E49134BCA6802F4E06213431A
:10915000CB60BFF34F8F00BFFDE70F4B0F4A1A6084
:1091600010BD00BF00C000408C5600404881030085
:1091700000F00040E40E004058020010409602400B
:1091800000ED00E0300100103401001080DF02002B
:1091900000E001400400FA050C2B00200090D003F1
:1091A00038B5074C051E04F1080318BF1C46236898
:1091B0002BB11A6822605B6828469847F7E738BDEC
:1091C000F031002020B9054B01225A70FFF7E8BFAB
:1091D000012802D1014A9070F8E77047E831002079
:1091E00020B9034B01225A70FFF7DABF704700BF66
:1091F000E831002038B50E4C2378B3B90D486360D0
:10920000A3602361E36000F0E5F8054601F0CEFEBF
:1092100008B900F0EBF801232370074BD3F80034B2
:109220000BB10123A370284638BD8525F5E700BFA3
:10923000E8310020C59102000000014037B50D4C17
:1092400000230DF107008DF80730FFF7A9F8E36858
:10925000013BE360E36833B9074BD3F8005415B919
:1092600000F0D6F8A5709DF80700FFF7BDF803B031
:1092700030BD00BFE831002000000140012813B5D7
:109280000CD0032820D038B9124B0122C3F880201B
:10929000BFF34F8FBFF36F8F02B010BD0E4C002392
:1092A0000DF107008DF80730FFF77AF823780BB936
:1092B000FFF7A0FFE3689DF807000133E360012397
:1092C000A370FFF791F8E7E700F090F8FFF7B6FF1B
:1092D000E2E700BF00E100E0E83100201FB50378BD
:1092E0008DF800304368019383688DF80830C368B7
:1092F000054A0393054B684653F8213052F8211074
:10930000984705B05DF804FBFC31002004320020D2
:109310001FB503788DF800304368019383688DF89A
:109320000830C368054A0393054B684653F821305B
:1093300052F82110984705B05DF804FBFC3100207D
:1093400004320020F0B5194B90F800C0DFF86CE053
:1093500043F82C20164B16460A6943F82C204B7F05
:109360000EF80C300C4607460FCC89B06D460FC581
:1093700094E80F0085E80F001EF80C30CDF810C0FF
:109380004BB1002E0B4A694608BF3246381D00F02B
:10939000C3FC09B0F0BD002E074A694608BF32463B
:1093A00007F10C0000F078FAF3E700BF0432002068
:1093B000FC310020DD920200119302000C320020EB
:1093C00000F18040002382B0036003680193019B99
:1093D00002B07047044A137923B9012110609180CB
:1093E000184670478520704710320020074B1A68D6
:1093F000D20704D4C02283F8002301221A604FF060
:1094000080430122C3F81825704700BF00E100E047
:109410004FF0804208B50223C2F808334FF482703F
:10942000FFF7CEFF034B01211960D2F81834DB039C
:10943000FBD408BD0C000040124B1B6810B573B183
:109440004FF48070FFF7BCFF4FF080430122C3F858
:1094500008230D4B587910B95A711B6898470B4B6C
:109460001B6873B14FF48270FFF7AAFF4FF080437F
:109470000222C3F80823044BBDE810401B680120FA
:10948000184710BD000100401032002004010040C8
:1094900000F1804000F5C040002382B00360036803
:1094A0000193019B02B0704703681F2B83BF03F039
:1094B0001F03036001484FF0A040704700030050B5
:1094C00007B5019001A8FFF7EFFF019B00EB8300B8
:1094D000D0F8003723F44033C0F80037D0F8003715
:1094E00043EA0141C0F8001703B05DF804FB000037
:1094F0002DE9FF470024CDE90244584D4FF4807216
:10950000012102F1804303F5C04390B21B68012B97
:1095100006D1D5F804330B4202D0FFF7B9FF0C4354
:109520000432B2F5907F4FEA4101EAD14C4B1B68FF
:10953000012B11D14FF4BE70FFF7AAFF4FF0A043EB
:1095400044F00044D3F820250292C3F82025D3F834
:1095500020280392C3F8202814F0FF0F1AD0414F9F
:1095600000250126344210D0AB0003F1804303F5FF
:10957000C043D3F81005D3F8101557F8253023B1A0
:10958000C1F30141C0F3052098470135082D4FEA8A
:109590004606E7D1002C59DA324D334C334E4FF0AA
:1095A0000008012716F9013B5A1C3CD0C3F3C20145
:1095B00004A801445FFA83F911F8081C03F03F0284
:1095C00003F0070307FA03F319422CD001A8019214
:1095D000FFF76AFF019B03F5E07350F82330C3F3F4
:1095E000014ABAF1020F10460CBF03210221FFF716
:1095F00067FF01A80192FFF757FF019B07FA03F3EA
:10960000C0F82035AB1893F9303055F8233053B1FA
:109610004FEA9911032904D0BAF1020F19D1012997
:1096200001D11046984708F10108B8F1040FB9D1EB
:109630004FF0A043D3F820250292C3F82025D4F898
:1096400020350393C4F820351343A7D104B0BDE8F7
:10965000F087BAF1030FE6D10229E1E7006000408C
:109660007C61004018320020000300507832002056
:10967000014B1B68184700BF843200200E4B9842F4
:1096800037B50C4602D0002003B030BD00230DF1E9
:1096900007008DF80730FEF783FE084B1D7915B9DA
:1096A00001221C601A719DF80700FEF79DFE002D37
:1096B000E9D01120E8E700BF0020004084320020FC
:1096C0000023435082B043580193019B02B070477E
:1096D0000A4610B54FF48E71FFF7F2FF136A9168D6
:1096E000C95C136A01331362C0F81C1510BD024631
:1096F00008B500684FF49271FFF7E2FF4FF48471F0
:109700001068FFF7DDFF136801221A6008BD8B693E
:109710000A4610B54FF4847123B9FFF7D1FFD0F892
:10972000183510BDFFF7CCFF536AD168D0F8180583
:10973000C854536A01335362F3E700001FB5012395
:109740008DF80030044BCDE90110D3E900126846D2
:10975000904705B05DF804FB8C32002030B54C48D2
:10976000D0F8043313F4007F85B005464DD0D0F80F
:109770002431002B49D04FF49271FFF7A1FF4FF431
:109780000173C0F80833434B93F829200AB901222A
:1097900042603F4902228DF80020D1F88024C1F8B0
:1097A000802403929A690292DA6801920022C3E946
:1097B00006226846D3E9001290473548D0F81C319C
:1097C0005BB134494A690B6A9A420A464AD991F810
:1097D0002830002B46D1FFF77BFF2D48D0F84431CD
:1097E0008BB14FF4A271FFF76BFF2A4B93F829203E
:1097F0000AB1012202609A692AB10022586AD96826
:109800009A61FFF79BFF05B030BDD5F804335B07C5
:10981000D3D5D5F80831002BCFD01E4C1C4821469B
:10982000FFF775FF636AA2699A422346C5D1E269D0
:10983000E1684AB12369E3600023606AA261E361E1
:109840006362FFF77BFFB8E794F829200AB9012289
:109850006A600F4A4FF40170C2F808030022586A88
:109860009A61EEE70A484FF48E71FFF729FF5369BA
:10987000002BB2D051690291002391688DF800301D
:10988000019153616846D2E900139847A5E700BFEC
:10989000002000408C3200202DE9F843614B05790F
:1098A00091462C2202FB0532064692F82A200C46ED
:1098B0009846002A40F0B1805B490068FFF7DEFE61
:1098C0000746002840F0AB8021684A1C10D01F29B1
:1098D00087BF564A01F01F030B464FF0A0420120FC
:1098E000984003F5E073C2F80805032042F823000E
:1098F0006068431C0DD01F288BBF00F01F03034678
:109900004A4A4FF0A04203F5E0734FF0000C42F8D2
:1099100023C03368A269C3F8242594F814C0627D7B
:10992000BCF1010F4CEA0202C3F86C25C3F8140520
:10993000C3F80C152BD1A168481C0DD01F298BBF73
:1099400001F01F020A4639484FF0A04002F5E072CC
:109950004FF0000C40F822C0E068421C13D01F28D2
:1099600087BF324A00F01F0C84464FF0A0424FF0F0
:10997000010E0EFA0CFE0CF5E07CC2F808E54FF083
:10998000030E42F82CE0C3F80805C3F810152C2389
:109990006B4308EB0302C2F80490226948F80320E5
:1099A000B9F1000F21D03068247F4FF48E71FFF79A
:1099B00087FE4FF4A2713068FFF782FE32681C4BBD
:1099C000C2F80433110B42F307326301002ADBB201
:1099D0001EDB1848841884F800330123520901F073
:1099E0001F0103FA01F140F8221033680422C3F882
:1099F00000252C2303FB05830022C3E9062283F8FC
:109A000029205A61012283F82A203846BDE8F883CC
:109A1000094A01F00F015354E7E70827F5E711273A
:109A2000F3E700BF8C3200205D9702000003005076
:109A30008000020000E100E014ED00E02DE9F047B5
:109A4000204F90F804904FF02C0808FB097405464D
:109A50006669002E34D162610068A16026624FF40D
:109A60008E7184F82860FFF72BFE2868012383603D
:109A70002146FFF72DFE6368A0468BB92868D4F80D
:109A800014A0236A9A4511D82A68D2F81C31002BF9
:109A9000FBD00123D3602C2303FB097300225A61FE
:109AA0003046BDE8F08794F828303BB9D0F81C3137
:109AB000002BF8D04146FFF70BFEE2E70F26EAE75E
:109AC0001126EDE78C3200200379044A2C2101FB9A
:109AD00003235869003818BF012070478C320020DA
:109AE0002DE9F843394F05792C2303FB057306460E
:109AF0005C6824B103684FF40170C3F808032C2399
:109B000003FB0573986950B1D86900283ED024B191
:109B100033684FF40172C3F80423112433E09A61CF
:109B2000D9605862D8612C2303FB057393F8293060
:109B30001BB910B93046FFF7DAFD4FF02C0909FBCD
:109B400005783068D8F80430002B34D14FF4A27176
:109B5000C146FFF7B5FD3068D0F82431D0F80821B0
:109B6000D0F84441B2B90CB9002BF4D02C2202FB3E
:109B700005750022AA6123BB2CBB95F82910336818
:109B80000122B1B11A602046BDE8F8831961DA619B
:109B90000120C8E7002BE9D1002CE7D14946FFF7A7
:109BA000B6FDD8F82430D8F818209A42D3D82346E6
:109BB000DCE75A60E7E74FF40173C0F80433002490
:109BC000E1E70324DFE70F24DDE700BF8C3200204C
:109BD0000023435082B043580193019B02B0704769
:109BE0001FB501238DF80030044BCDE90110D3E9F6
:109BF00000126846904705B05DF804FBB8320020BB
:109C00007FB5434AD2F82461002E60D010464FF44D
:109C10009271FFF7DDFF02238DF80030D2F8803417
:109C2000C2F880340393D2F83C350293394BDA689A
:109C300001920022C3E906226846D3E90012904748
:109C40003348D0F8443173B14FF4A271FFF7C0FF2D
:109C5000304B9A693AB10022C3E90622D968D0F89C
:109C60003C05FFF7BDFF2A48D0F82031ABB14FF4D7
:109C70009071FFF7ADFF0123C360264B5A6962B1B3
:109C8000D0F84C150291002299688DF800200191BE
:109C90005A616846D3E9001290471D48D0F8583100
:109CA0009BB14FF4AC71FFF793FF1A4B5A6962B145
:109CB000D0F84C150291002299688DF8002001918E
:109CC0005A616846D3E90012904704B070BDD2F8DB
:109CD0001031002BB4D04FF488711046FFF778FF95
:109CE0000C4BD2F83C0599698842A9D1DC69D96846
:109CF00064B1D2F8005225F02005C2F800521A696A
:109D00009C61DA60DE61FFF76BFF99E79C61FAE71F
:109D100000200040B83200202DE9F843674B067957
:109D20009146242202FB0632044692F820200D467A
:109D30009846002A40F0BE8061490068FFF79EFC0B
:109D40000746002840F0B8802868421C10D01F2821
:109D500087BF5C4A00F01F0303464FF0A042012179
:109D6000994003F5E073C2F80815032142F8231067
:109D700069684B1C0DD01F298BBF01F01F030B46D8
:109D8000504A4FF0A04203F5E0734FF0000C42F848
:109D900023C02368AA69C3F8242595F814C06A7DF6
:109DA000BCF1010F4CEA0202C3F86C25C3F80C05A4
:109DB000C3F814152BD1A968481C0DD01F298BBFDF
:109DC00001F01F020A463F484FF0A04002F5E07242
:109DD0004FF0000C40F822C0E868421C13D01F2846
:109DE00087BF384A00F01F0C84464FF0A0424FF066
:109DF000010E0EFA0CFE0CF5E07CC2F808E54FF0FF
:109E0000030E42F82CE0C3F80805C3F8101524230C
:109E1000734308EB0302C2F804902A6948F8032050
:109E2000B9F1000F30D020682A7F4FF48871FFF716
:109E3000CFFE20684FF49071FFF7CAFE20684FF400
:109E40009271FFF7C5FE20684FF4A271FFF7C0FEC4
:109E50004FF4AC712068FFF7BBFE23681A49C3F8C2
:109E60000413190B43F307335201002BD2B21CDB4E
:109E70001648C51885F8002301225B0901F01F016F
:109E800002FA01F140F8231023680822C3F80025E4
:109E9000242303FB06830022C3E906225A61012220
:109EA00083F820203846BDE8F883094B01F00F0104
:109EB0005A54E9E70827F5E71127F3E7B8320020FD
:109EC000019C0200000300501003420000E100E08A
:109ED00014ED00E001F06043B3F1005F2DE9F041C3
:109EE000064638D11E4B0779242505FB07359846D1
:109EF0006C69002C31D16A610068A9604FF49071DF
:109F0000FFF766FE4FF4AC713068FFF761FE33680F
:109F10006A69A968C3F84415C3F8482501229A6004
:109F20006A68AAB9D3F82021D3F858411AB9002C8D
:109F3000F8D00F2407E0002CFBD10122DA60D3F81F
:109F40005821002AFBD0242303FB078700237B61D1
:109F50002046BDE8F0811024FAE71124F8E700BF9D
:109F6000B83200200379044A242101FB03235869F5
:109F7000003818BF01207047B8320020F8B501F052
:109F80006043B3F1005F04460F465ED10379304D64
:109F9000242101FB0351496821B100684FF4047684
:109FA000C0F80863242000FB03539E6956B1D869AA
:109FB000002839D021B123684FF40472C3F8042378
:109FC000112030E09A61DF60DE6120684FF4887113
:109FD000FFF7FEFD20684FF4A271FFF7F9FD23683B
:109FE000C3F83475C3F8382516BB01221A602179ED
:109FF000242202FB015252680ABBD3F81041D3F865
:10A000004421D3F82401144302D10028F5D022467C
:10A01000242303FB01550023984218BF03209A42D2
:10A02000AB6118BF0F20F8BD1F61DA610126CCE7D4
:10A03000D3F8002242F02002C3F80022D7E74FF401
:10A040000472C3F804230020EDE71020EBE700BF03
:10A05000B8320020032811D8012A0AD101290FD1D2
:10A0600000F10E02D2B20D4B00EB40001A5400205A
:10A0700070470129F7D0022904D049B10720704761
:10A080000022F8E7054B00EB400018444270EEE771
:10A09000024B00EB400018448270E8E7DC320020FD
:10A0A00008B5012202210020FFF7D4FF08B10728DC
:10A0B00010D1072202210120FFF7CCFF08B10728A9
:10A0C00008D100210A220846FFF7C4FF10B1072873
:10A0D00008BF002008BD00000388102B10B502D077
:10A0E000112B1ED010BD1A4C2168B1B901220846AF
:10A0F000FFF7B0FF08B1072824D107220221012071
:10A10000FFF7A8FF08B107281CD104220221002074
:10A11000FFF7A0FF08B1072814D12368013323609B
:10A12000E0E70B4A1368013B1360002BDAD1FFF71D
:10A13000B7FF0028D6D0074B1B68002BD2D0BDE854
:10A1400010401847034B1B68002BE6D09847E4E704
:10A15000EC320020E832002073B50378012B33D0B5
:10A16000022B31D073BB1A4C1A4D20782844FEF7CD
:10A17000D9F823780133DBB21D44237015F8012C84
:10A180000A2A05D00D2A03D0134A12889A4219D8F8
:10A19000012B15D90F4D114E2378ADF806300DF176
:10A1A00006024FF6FF732946304600F0CBFE082822
:10A1B00006D01328F0D0052802D008B1FDF76AFDBB
:10A1C0000023237002B070BD4068FDF763FDF9E71E
:10A1D000E4330020F0320020102B0020142B00204C
:10A1E00070B5554D0FCD8CB006AC0FC495E803008B
:10A1F000524B534A02934FF4807384E80300CDE935
:10A20000042303934F4A072302A906A8FEF732F856
:10A2100008B1FDF73FFD4FF480410020FDF734FA0F
:10A2200008B1FDF737FDFDF76FF9FDF747FE08B1FF
:10A23000FDF730FD444C454802F0C6FE4FF4C870AF
:10A2400001F0A4FF204601F077FC414802F0ACFB8E
:10A2500005464048E66802F03BF92946B047A66942
:10A26000019002F093F80199B04701903A48E668EE
:10A2700002F0C6FC0199B04701903848E66802F048
:10A2800027F90199B047A669019002F07FF801997A
:10A29000B04701903248E66802F0B2FC0199B0473D
:10A2A00001903048E66802F013F90199B047A669B9
:10A2B000019002F06BF80199B04701902A48E668D6
:10A2C00002F09EFC0199B04701902848E66802F030
:10A2D0003BFB0199B04701902548E66802F0ACFAD3
:10A2E0000199B047A669019002F050F80199B04772
:10A2F00001902048E66802F09FFA0199B04701906A
:10A300001D48E66802F028FD0199B04701901B48FE
:10A31000E66802F0B5FC0199B0472946024620469E
:10A3200001F04EFE204601F02DFFFDF7FFF9002859
:10A33000FBD1FEF77FFDF8E73CE00200E23B0020A6
:10A34000E23C002059A1020040380020AEDF0200AC
:10A3500028E10200B8E0020050E1020058E00200EB
:10A3600030E1020088E0020040E1020024E1020046
:10A3700008E10200E8E0020068E1020060E102009A
:10A380000369C1688B429DBF8268D21802F1FF3217
:10A3900003F1FF3394BF501A581A70472DE9F84360
:10A3A000D0E902940546A9EB040840689045204492
:10A3B0000F46144404D902F038FEEC60BDE8F8837F
:10A3C0004246A4EB090402F030FE6868224607EB1F
:10A3D0000801F0E72DE9F843C568064689461746A7
:10A3E0004FF000083469B3687068A54228BFE418CC
:10A3F000013C621B5C1BBC4228BF3C46944228BF08
:10A40000144649462844224602F00FFEB36825440C
:10A41000AB4208BF00253F1BA044A144F560E1D139
:10A420004046BDE8F883000010B5114C114AA26106
:10A430000223C4E90433104BE361A2644FF40073B8
:10A440000E4A0F492362E26400231022E01DA3623A
:10A450006362E362A3656365E365226502F041FE22
:10A460000849204602F03DFE2023A37110BD00BF25
:10A47000E43D0020883A04006C3E00205C3E002051
:10A48000913A0400953A0400F8B5184C182300FBE3
:10A49000033503FB00402544C46A012C0F461646D1
:10A4A0000FD0022C1AD0F4B92846FFF769FF864274
:10A4B00005D8324639462846FFF770FF3446204615
:10A4C000F8BD2846FFF75CFF8642344628BF0446A5
:10A4D000224639462846FFF761FFF0E72846BDE8E7
:10A4E000F840FFF777BF0024E9E700BFE43D002014
:10A4F000FFF79ABF30B5C8B1F2B10024651C8D4298
:10A5000006DA1588A54212D805196D789D420ED13C
:10A51000A14211D9005D48B1013880B230B1023496
:10A52000A3B210FA84F4A14206DB138030BD055DAE
:10A5300001352C44A4B2E1E70020F7E713B5134638
:10A540000022ADF806200DF106020446FFF7D2FF07
:10A5500010B1BDF80630E01802B010BD72DF7047D0
:10A5600073DF704738B5012204460D46B0F8141465
:10A57000D0F81004FFF7E2FF00B1057004F13C02CF
:10A5800004F5826104F15400BDE83840FFF7E6BFEE
:10A59000F8B5077804460D46002F00F0098100F257
:10A5A0002646817007220021304602F067FDE388CD
:10A5B00013B1A378012B04D0E3794BB1A378022B1C
:10A5C00006D1636BA3B1012284F82D24082098479B
:10A5D000334604F22C4113F8012F12B99942FAD1F3
:10A5E00017466B1E032B57D8DFE803F0050B0F123D
:10A5F00084F82D34ECE7A3791BB194F8243003B927
:10A600005FB9E3790BB1002F48D1237A002B47D1F2
:10A61000637A002B0CBF00250425636BA570002B0B
:10A6200040D0033D012D3DD86279002A3AD094F8FC
:10A630002E24002A36D184F83024012284F82F24D5
:10A640000720984704F13C0518220021284602F013
:10A6500015FDE26A0123511E994284F83C3001D96C
:10A66000042A00D1D3B294F8242084F8513042B1A6
:10A67000A36A591E012902D9042B18BF012384F8AB
:10A680005230A178002384F8503004291BD8DFE829
:10A6900001F0770D223559000025BEE70225BCE701
:10A6A0000325BAE7002384F82F34CBE7C4E910630D
:10A6B000C4F820340223012284F83C30802384F83B
:10A6C0003120A4F84830A378002B5CD1636B002BB9
:10A6D0006AD1002067E00223002A84F8313014BFD9
:10A6E0000723032384F83C302369A4F8483000236F
:10A6F000C4F82034E36826646364E4E76369636450
:10A70000A369A4F8483012B1062384F83C30637979
:10A71000B3B194F82E349BB994F8303483B102234A
:10A7200084F8503004212046FFF71CFF0028CAD1CE
:10A73000052384F8313004F58263C4F82034C2E77D
:10A740000323F6E7E3696364236AA4F8483012B18F
:10A75000062384F83C30637983B194F82E346BB9C6
:10A7600094F8303453B1022384F850300421204649
:10A77000FFF7F8FE0028A6D10623DAE70423D8E77E
:10A7800084F831309FE7D4F820142A4604F15400AD
:10A79000FFF7E4FE38B994F8301094F85400FFF74E
:10A7A000DFFE002892D0F8BD94F83100984790E77A
:10A7B0000820F8E70388112B10B50C460AD0262B89
:10A7C0001FD0102B05D1C37B012B02D18388A1F8A8
:10A7D000243410BD0022838881F82E24B1F824246B
:10A7E0009A42F6D10B79002BF3D101212046FFF7D5
:10A7F000CFFE0028EDD0A36B002BEAD0BDE81040BF
:10A800001847037A013B012BE3D8897805230131EE
:10A81000B1FBF3F303EB8303C91AC9B2E6E7000007
:10A82000034B1A8882420CBF18460020704700BFB5
:10A8300088400020024B9B6903B11847704700BF56
:10A840006C40002037B50B46497A0F4A71B9D2E9FE
:10A8500001141D7A0246002D18BF21465868FDF7E5
:10A860005FFB08B1FFF7E6FF03B030BD00211972AE
:10A870005369002BF8D00122ADF806008DF80420B2
:10A8800001A89847F0E700BF6C4000204B88028881
:10A890009A4213D842889A4210D380888A8840F21C
:10A8A000F313984294BF031AC31A934206D800F2D6
:10A8B000F310904234BF0020012070470020704701
:10A8C0000388122B70B5014659D004D8102B1ED026
:10A8D000112B44D070BD502BFCD12F4BC288DB898B
:10A8E0009A42F7D1038A022BF4D186883046FFF7CB
:10A8F00097FF05460028EDD001F1120000F028F97D
:10A9000038BB6868FDF737FB0028E3D009E0C37B5C
:10A91000012BDFD14FF6FF70FFF782FF054620B90C
:10A920000420BDE87040FFF785BF1C4A8E88068072
:10A93000002303721368C0F80A305368C0F80E3061
:10A9400010310A30FFF7A2FF134B6872DB89002B2E
:10A95000C0D129463046BDE87040FFF773BF8088FC
:10A96000FFF75EFF04460028B4D04068FDF703FB04
:10A9700008B1FFF75FFF4FF6FF732380AAE78688D1
:10A980003046FFF74DFF05460028A3D008310A30B6
:10A99000FFF77CFF6872DCE76C4000209C400020E1
:10A9A0000AB1FDF7FDBEFDF704BF73B50191019C2F
:10A9B00006466CB100252C46294601A8FDF703FF89
:10A9C00018B106EB440301349D800135142DF3D1F9
:10A9D0003046346002B070BD2DE9F04703888488AA
:10A9E000103B8CB005460A2B1FD8DFE803F0063F6A
:10A9F0001E1E1E1E1E1E1E604400314EB368DB4329
:10AA0000009371686846FDF70AFF009901A8FFF7F7
:10AA1000CCFF0DF108094FF00008019B984507D3C2
:10AA2000132C13D90420FDF735F90CB0BDE8F087DD
:10AA300039F802AB00270137514606EB8700FDF7D6
:10AA4000B8FE1E2FF7D108F10108E6E71D482146A0
:10AA5000FDF7A6FE1C482146FDF7A2FEEB7B022B6C
:10AA6000E3D11A482146FDF79BFEDEE71548214653
:10AA7000FDF79FFED9E7027A15483F2A4FEA1215E3
:10AA8000214694BF00220122FFF78AFF022D94BFC6
:10AA9000002201220F482146FFF782FF012D0E48B8
:10AAA00094BF002201222146FFF77AFFBDE7037A17
:10AAB000002BBAD1427A0648C2F3C0022146F3E71E
:10AAC000A4400020AC400020A8400020B04000205E
:10AAD000BC400020B8400020B440002013280146AC
:10AAE00002D80248FDF76FBE00207047A840002042
:10AAF00010B50446FFF7F2FF002814BF20461420CB
:10AB000010BD70B50546164608460AB90E2070BD40
:10AB100000231360002DF9D02B68002BF6D0EB88B2
:10AB200013F003040ED1FFF7E3FFC0B214280BD0DB
:10AB30002B7983420AD9EB882A6800FB0320306016
:10AB40002046E4E70720E2E70520E0E70420DEE70F
:10AB5000007800F00100704790DF7047A5DF704774
:10AB6000B5DF70477FB50023ADF80810ADF80A10C7
:10AB70006A4602A9064603930093ADF80430FFF736
:10AB8000EBFF054600B3124B124CE41AE408FEF743
:10AB9000DBF9240444F0010403460F493246204601
:10ABA000FCF717FFBDF80020BDF8023052EA0301A0
:10ABB00003D00A492046FCF70CFFBDF804201AB167
:10ABC00007492046FCF7FCFE284604B070BD00BFD4
:10ABD00030D8020080D802009C3A0400E63A040013
:10ABE000253B040013B5034680880C46A0B91A889B
:10ABF000242A75D012D8112A51D0232A7DD0102AA8
:10AC00003AD0A37A43B1E1880020FFF7A7FF0028DC
:10AC100079D14FF48073638102B010BD3A2A47D0D6
:10AC2000552AEED1DB88C988A072172B38BF1723AD
:10AC30008B4228BF0B462381FFF792FF60B1FEF7DE
:10AC400083F9394B3949024639481B1ADB081B0482
:10AC500043F00100FCF7B4FEE37A002BD1D1236965
:10AC6000002BCED040F6772200922289ADF8042046
:10AC7000694620469847C4E7DB7B09792173012B9D
:10AC800008D0022B09D0637B8B42BAD20020FFF799
:10AC900069FFB6E72388E380F5E76388FBE7F723DE
:10ACA000CB8017230B8141F6FB3348818B81A8E7CA
:10ACB0005B89CA88934228BF1346172B0A6938BF9D
:10ACC00017230B814AB1C97A39B140F67721009137
:10ACD000ADF804306946204690470023638190E731
:10ACE0001A7A0B694A73002B8BD04DF67A218DF8B6
:10ACF000050000918DF80420BAE7197A237B994268
:10AD000028BF1946C3E7112886D0FEF71DF9064B68
:10AD10000849024606481B1ADB081B0443F00100E1
:10AD2000FCF74EFE78E700BF80D802007B3B0400B2
:10AD300030D80200AA3B0400B0DF704766DF7047DE
:10AD400010B5002104464088FFF7F8FF034608B914
:10AD5000237210BD112801D10123F9E76368BDE812
:10AD600010401847F0B5054685B00C46F1B1E8B182
:10AD70000B78DE2B1AD182884B889A4204D10B7A49
:10AD800013B10846FFF7DCFF2B88112B32D0512B73
:10AD90000ED0012B0AD12B7A012B07D1A98862880A
:10ADA000914203D123722046FFF7CAFF05B0F0BDE0
:10ADB000AE886388B342F9D1AF79022FF6D1AD7B6B
:10ADC0002B1F022BF2D800211022684602F056F900
:10ADD000052D14BF4FF4C0730023694630468DF82B
:10ADE0000070ADF80430FFF7A7FF0028DED06368DD
:10ADF0009847DBE76388AA889A4204BF4FF6FF733F
:10AE00006380D3E7ADDF7047AEDF704770B50546AE
:10AE10008AB00C46002962D0002860D00388502BED
:10AE200037D0572B72D0102B59D1818860690026FA
:10AE300001AA0196FFF765FE082231460DEB0200DC
:10AE400002F01CF902232189A888CDF80CD002AAAF
:10AE50000293FFF7D7FF002841D1A369002B3ED012
:10AE60000398FFF775FE002839D0019B0BB1012232
:10AE70001A701822002104A802F000F902238DF8AC
:10AE80001030AB88ADF81830019B05940793A36987
:10AE900023E08188606902AAFFF733FE18220021AF
:10AEA00004A802F0EBF8AB882189ADF81830EB88E4
:10AEB000029A05949942079218D12E8A022E15D132
:10AEC0006AB105F11200FFF743FE029B48B101226F
:10AED0001A708DF81060A3690BB104A898470AB0E6
:10AEE00070BD187003238DF81030F4E7A2899A42E0
:10AEF000F5D1A369002BF2D000228DF8102005F1C6
:10AF0000120208922A8AADF82420E6E78188606957
:10AF100002AAFFF7F6FD01460028E0D1029B1B784C
:10AF2000002BDCD0A369002BD9D0182204A802F092
:10AF3000A5F801238DF81030AB88ADF818300594D2
:10AF4000029BA3E7F0B50F4687B016461C460546A0
:10AF500018B3406901AA1946FFF7D3FDD8B94FF6D7
:10AF6000FF739C421BD0019BCBB11B78CBB13388C4
:10AF7000F42B18D80146102202A802F07FF8AB8803
:10AF8000ADF8083002A901232046CDE904678DF809
:10AF90000A30FFF739FF07B0F0BD0E20FBE70520B0
:10AFA000F9E70820F7E70720F5E70000014B1878DC
:10AFB000704700BF2041002007B508496846FDF7EB
:10AFC00068FF019B13B903B05DF804FBD3E90020CF
:10AFD00090476846FDF767FFF3E700BFF83B0400C2
:10AFE000FFF7EABF61DF704730B5114DADF5017D68
:10AFF0004FF4FA740DF1020103A8ADF80240FFF717
:10B00000F1FF70B9294601A8FDF743FF029B002B11
:10B01000F0D003A8D3E90021904701A8FDF743FF32
:10B02000F4E7052801D0FCF735FE0DF5017D30BDB4
:10B03000103C0400024B1B780BB1FFF7D5BF7047E3
:10B04000214100204BDF70471FB50D4C01A8FFF7D1
:10B05000F9FF70B9214602A8FDF71BFF039B002BE7
:10B06000F4D00198D3E90021904702A8FDF71BFF17
:10B07000F4E7052801D0FCF70DFE04B010BD00BFB9
:10B08000283C04002DE9F04F93B08946BDF88410A8
:10B090000A920191BDF87C20BDF888100291BDF89C
:10B0A0008C100B91514289B20E91BDF87410BDF80D
:10B0B00080B009909A46BDF878308A1A0F925A42A9
:10B0C00092B21092BDF87020D31A002711933DB2AE
:10B0D000554561DA00230093099B0E982B440D938C
:10B0E00021E023B20893119B01FB0B330493079BD0
:10B0F0006FF0800E059A93422BDB069B19440AFBE6
:10B1000001F10C9B5C4403F801E00CF1010CA4B2CA
:10B11000029B0FFA8CF19942E3DB009B0133009311
:10B12000019B184480B2BDF900300B9A934231DA8A
:10B1300002B20F990792019A109C03FB021205922A
:10B14000029A53430693259B2B444FF0000C0C931B
:10B15000DEE703FB09F20392089A049EB24202DB87
:10B1600001331BB2C6E7002B11DB002A0FDB0A9E5E
:10B170009E420CDD91450ADD039E06EB02080AFBA8
:10B1800008F80D9E16F90880C645B8BFC6460132BC
:10B1900012B2E2E701379AE713B0BDE8F08F2DE96C
:10B1A000F04FA5B01F46BDF8BC300A93BDF8C030C3
:10B1B0000093BDF8C4300B93BDF8C8301B93BDF8A5
:10B1C000CC301C93BDF8D0301D93BDF8D4301E9305
:10B1D000BDF8F4300C93BDF8F8301F939DF8EC30B7
:10B1E0001A925A1E534253410F93009B0B9ABDF87B
:10B1F000DCC0BDF8D8E019907B43534318930CFB97
:10B2000001F3169307FB0EF315930CF1FF334FF088
:10B2100000090D930EF1FF330691C846CA460E93FE
:10B220000A9B534540F3C1803C9B53444FF0000BB5
:10B23000239317E01E9B1C9A0D990BFB03F39B1A9B
:10B240000C9A0BFB02F212920D9AD21A20921A9AC1
:10B25000D21A0A44CDE9212300200C9B83420BDC47
:10B260000BF1010B1F9B5B45E4DC0F9B9844189B83
:10B270000AF1010A9944D3E71D9B0B9C00FB03F5DF
:10B280001B9BED1A209B93FBFCF10E9B5A1B219BF1
:10B2900093FBFCF3A342A8BF23461393069B0E9C8B
:10B2A00092FBFEF25B1B2344009C93FBFEF3A34244
:10B2B000A8BF234614933A9B53F8283009930124DE
:10B2C00004FA03F32341389C21EAE17122EAE27295
:10B2D0003CB114F90A60399C54F8284006FA04F489
:10B2E0002344229C01FB0C46069C6643009C4C4375
:10B2F00005940EFB0254179422E0049D199C2C44E3
:10B300000794019D2E9C2C44089400240294029CD6
:10B31000A74224DC039C049D01340394159C25441E
:10B32000019C04953C440194039C2546149CA54231
:10B33000E3DB169C009D2644059C2C4401310594BA
:10B34000139CA1421FDA179C0392351907FB05F4E1
:10B350000494059C141907FB04940194E4E7079CEA
:10B36000254615F9014B1094089C0795254615F9BB
:10B37000014B1194109C08952546119C15FB043334
:10B38000029C0134C2E7129A0A9902444A4309997D
:10B390000B417F2B6FF07F01A8BF7F238B42B8BF8B
:10B3A0000B46239901308B5457E725B0BDE8F08F49
:10B3B0002DE9F04F91B001250E93BDF8683003934D
:10B3C0000E9B02929B0809931D9BBDF86CE00791B0
:10B3D0000433009393080A9393000A9A049301EBB1
:10B3E0000213059300EB82030D93029B0D9A03F069
:10B3F0000303D3180F93CDE90B011C9B019305FAAE
:10B400000EF5099B06936D10069B9BB9049B099A48
:10B410000C9902FB03111D9B03EB82040E9B03F0AE
:10B42000030323446FF07F069C4240F0DD8011B09F
:10B43000BDE8F08F1C9B002B00F0BE80019B0398A1
:10B4400093F90010039B9940019B93F90120039B02
:10B450009A40019B93F902308340019890F9034090
:10B46000039884400198043029442A442B442C44F6
:10B4700001900B9F07980A9E52E017F9029C10F961
:10B480000EBC17F9046C10F910AC17F9018C17F900
:10B4900003CC1BFB09FB16FB0ABA10F90DBC514487
:10B4A00010F90FAC1BFB09FB16FB0ABA10F90ABC1A
:10B4B000524410F90CAC1BFB09FB16FB0ABA5344AF
:10B4C00010F909AC10F90BBC1AFB09F916FB0B9922
:10B4D0004C4410F9069C10F9086C19FB08F91CFB88
:10B4E000069610F9059C314410F9076C19FB08F910
:10B4F0001CFB069610F9029C324410F9046C19FBEF
:10B5000008F91CFB0696334410F9016C10F9039CF2
:10B5100016FB08F8089E1CFB0988013E4444B6B29D
:10B520000896089E10300437002EA6D105980D9F6E
:10B530000F9EB74200F1040043D141FA0EF1079883
:10B54000049E7F293044A8BF7F216FF07F0642FA16
:10B550000EF2B142B8BF31467F2AA8BF7F220790C2
:10B56000009843FA0EF3B24200F8041CB8BF32460A
:10B5700000997F2BA8BF7F2301F8032CB342009AC8
:10B58000B8BF334602F8023C069B44FA0EF47F2C07
:10B5900003F1FF33A8BF7F249BB2B4420693134646
:10B5A00003F10403B8BF344602F8014C0093DDE90F
:10B5B00004231344059327E72C462B462A462946A5
:10B5C00057E717F9016B10F904CC16FB0C1110F9B1
:10B5D00003CC16FB0C2210F902CC16FB0C3310F92D
:10B5E00001CC16FB0C44A3E71C9AB2B11046039F92
:10B5F00010F9012B1C90BA402A440020029F874278
:10B600000DDC42FA0EF27F2AA8BF7F22B242B8BFF9
:10B61000324604F8012B394406E72A46EDE70B9F32
:10B6200017F900C00F5601301CFB0722E6E72DE991
:10B63000F041034606460F186FF48074BB4214D1E4
:10B64000083C24B200254FF0010CBE4213D14FF448
:10B65000801696FBF5F600252F4604F10D0C6FF0D1
:10B660007F0EA94212D1BDE8F08113F9015BAC4213
:10B67000B8BF2C46E2E716F9013BA342C1BF1B1B32
:10B6800083F305030CFA03F3ED18DEE74357A342F7
:10B690000EDDACEB030383F3050346FA03F37F2BC4
:10B6A000A8BF7F237345B8BF734653550135D8E70C
:10B6B0005755FBE701440023884200D1704790F9B9
:10B6C0000020002AB8BF03700130F5E72DE9F04FE4
:10B6D000A7B09C46BDF8C4300E93BDF8C8300593A2
:10B6E000BDF8CC300F93BDF8D0301E93BDF8D430E8
:10B6F0001F93BDF8D8302093BDF8DC302193BDF8FE
:10B70000E4300393BDF8FC301093BDF80031229370
:10B710009DF8F4301D925A1E534253411393059BDA
:10B720000F9ABDF8E0E01C9003FB0CF353431B930E
:10B73000039B0B914B4319930CFB0EF31893039B44
:10B74000013B4FF0000911930EF1FF33C846CB4681
:10B7500012930E9B5B4540F3E2804FF0000A17E026
:10B76000219B1F9A11990AFB03F39B1A109A0AFB5B
:10B7700002F21592119AD21A23921D9AD21A0A44F1
:10B78000CDE924230020109B83420BDC0AF1010A3F
:10B79000229B5345E4DC139B98441B9B0BF1010B4C
:10B7A0009944D6E7209B039A039C00FB03F51E9B5C
:10B7B000ED1A239B93FBF2F1129B5A1B249B93FBE4
:10B7C000F4F30F9C92FBFEF2A342A8BF234616930C
:10B7D0000B9B129C5B1B2344059C93FBFEF3A34233
:10B7E000A8BF234617933C9B53F828300493049C2E
:10B7F000012303FA04F71F413A9B21EAE17122EA8F
:10B80000E272CBB113F90B603B9B53F8284006FA68
:10B8100004F43C442646E717CDE90067039B259CCA
:10B8200001FB03460B9B73430693059B4B430A9313
:10B830000EFB02531A9326E03B46FC17CDE9003479
:10B84000ECE7099C1C9B03EB44030C93089C309B86
:10B8500023440D9300230793079B9C4523DC189BEF
:10B86000099C1C44089B0994634401370893179B67
:10B870009F42E6DB199B069C1C4406940A9B059C90
:10B88000234401310A93169B994222DA1A9B069CA3
:10B89000E5180CFB05F309930A9BD4180CFB0493E1
:10B8A00008931746E3E70C9B1C4634F9023B0C94C3
:10B8B0001E460D9B1C4614F9013B14930D94DDE9C3
:10B8C0000045149BC6FB8345079BCDE9004501332A
:10B8D000C1E7159B049D1A180E9B03FB02B2049B43
:10B8E000B3F12001C3F12004009B23FA05F3019D6D
:10B8F00005FA04F443EA04035FBF2C460C412146D9
:10B900000B4347F6FF718B42A8BF0B4605498B429C
:10B91000B8BF0B463E99013021F8123033E727B00B
:10B92000BDE8F08F0080FFFF10B500231A468B4260
:10B9300000D110BD30F91340002CB8BF20F81320FF
:10B940000133F4E7486108467047000008B500F18C
:10B950006003027A32B10C309842FAD1024801F009
:10B9600033FB002008BD00BF343C04002DE9F0414A
:10B9700005461148114E124FDFF84C8001F024FBB0
:10B980000024A30702D1304601F01EFB0C2305F171
:10B9900008026343D15C51B1404601F015FB01340C
:10B9A000082CEED1BDE8F041064801F00DBB384649
:10B9B00001F00AFBF3E700BF303D04007E3D0400C8
:10B9C0001D3D0400C4DF0200A03C040008B970471C
:10B9D0005869436A1B68002BFAD1704708B50246C4
:10B9E00029B9094801F0F0FA6FF0060008BD0068B7
:10B9F000FFF7ECFF08B91160F8E7426A0B6A1360C1
:10BA000000201A60F2E700BFA43C040050B10268B5
:10BA1000137A13B9002353727047013BDBB21372E0
:10BA2000002BF7D0704738B5044648B10025E068D0
:10BA300000F0E3FBA4680544002CF8D1284638BD8B
:10BA40000546FBE7002100B970470269137A13B974
:10BA500051728068F7E7013BDBB21372002BF8D11B
:10BA6000F6E7B0FBF1F301FB13030BB10844C01A76
:10BA70007047000038B50421FFF7F3FF054601F0D9
:10BA800005FA044638B1054A13682B4413600021B7
:10BA90002A4601F0F3FA204638BD00BF24410020B9
:10BAA000F8B506460D4611B3F8B14C6A5CB1226890
:10BAB000234642B11F465B68002BFBD10820FFF7ED
:10BAC000D9FF04467860306A98B1026852B10746DF
:10BAD00080680028FBD11C20FFF7CCFFB86040B184
:10BAE0007A6942616A6A206002603046F8BD0E469B
:10BAF000FBE700236A6A23601A60FFDE0EB477B5A5
:10BB0000079E044620B108AB01930025B54205DB32
:10BB1000204603B0BDE8704003B07047019B20464B
:10BB20001A1D196801920135FFF7BAFFEEE71346B7
:10BB30000A460221FFF7E2BF10B5044690B98820FB
:10BB4000FFF798FF0123044684F88530084BA36073
:10BB5000084BE360084B2361084B6361084BA3610A
:10BB6000204610BD8822002101F088FA0023EBE76F
:10BB7000DDB90200A1BA02002FBB0200FDBA02002B
:10BB800045B9020030B10023406801330028FBD1E1
:10BB9000184670470346FBE72DE9F04F2DED028B69
:10BBA00085B01646012280460C4603921F4603B913
:10BBB00003AFDFF850B3002C00F0A980256A2B6892
:10BBC000002B35D12B69CBB93046FFF7BFFE037A86
:10BBD000013303728146E86800F00FFB0421FFF790
:10BBE00040FFD9F8043083422CBFC9F80430C9F8AB
:10BBF00004000123C5F8109089F80930236A63B165
:10BC00009A6852B11A69002A00F04A81527A012AD0
:10BC100040F046819B68002BF4D1A36820469847EA
:10BC200044450ED043461A461B6843B9146008E0E9
:10BC30002B681B692B61AD68002DF9D1DEE79442BA
:10BC4000F1D125699DB13046FFF780FE286020695B
:10BC50000268137A0133137201235372406804217E
:10BC6000FFF7FFFE536883422CBF53605060396872
:10BC7000206A01914B1C3B60FFF7D5FE08EE100ACD
:10BC8000606AFFF7D0FE2369A56A019908EE900A61
:10BC9000002B42D0D3F80490237F0B2B3FD0824A55
:10BCA0000C2000FB0322814801F08EF96369002B10
:10BCB00042D0197A7E4B7F4803EBC10101F084F931
:10BCC0007D4801F081F94FF0000A626AD268517C28
:10BCD000514535DD5268794832F81A1001F074F98F
:10BCE0000AF1010ABAF1030FEFD1754801F06CF9BE
:10BCF00055BB744801F068F918EE902A18EE101A36
:10BD000071484B4601F060F9656A002D47D100206B
:10BD100005B0BDEC028BBDE8F08F9946BCE76B4ADD
:10BD20006B4801F051F9236B6A48197D6A4B03EBAC
:10BD3000C10101F049F9B9E7684801F045F9BFE7E9
:10BD4000674801F041F9CBE742F20F739D4204D8F6
:10BD50006448294601F038F9CEE7634B9D4205D887
:10BD60004FF47A716148B5FBF1F1F3E7604B9D4206
:10BD70000CD8604A6048B5FBF2F142F2107302FB46
:10BD80001152B2FBF3F201F01FF9B5E75B4AB5FBC4
:10BD9000FBF15B480BFB1155B5FBF2F2F3E7236AAD
:10BDA000A9681A7E002933D16968002930D10AB107
:10BDB0002A7E6AB91B692B613046FFF7D7FD2069DF
:10BDC000FFF724FE636A1B68002BA0D05C69F2E6D3
:10BDD0003046FFF7BBFD054610B96FF0060097E748
:10BDE00040F201130381636AD86800F006FA042167
:10BDF000FFF737FE6B6883422CBF6B606860636A35
:10BE000030461D61FFF7B2FD206AFFF71BFED6E743
:10BE10000AB32A7EFAB14FF001092B682BB33046E2
:10BE2000FFF794FD28610028D7D0E86800F0E5F915
:10BE30000421FFF716FE2A69536883422CBF536022
:10BE400050602846FFF79EFE107282F80990AD6898
:10BE5000002DE2D109E01A692A612846FFF792FE17
:10BE6000137A18440123107253723046FFF77EFD97
:10BE7000206AFFF7E7FD2069FFF7C8FD646A002C20
:10BE80003FF445AF2546296841B149693B463246F2
:10BE90004046FFF781FE6D68002DF4D1A468EEE7FF
:10BEA0006FF0070034E700BFF5400400E93C0400F0
:10BEB000954004000C3D0400203D0400223D040098
:10BEC000273D04002B3D0400553D0400794104004A
:10BED000F83C0400043D0400D5400400143D040077
:10BEE0002E3D0400343D04003F420F00393D040064
:10BEF000FFC99A3B40420F003F3D040080969800E6
:10BF00004A3D040000CA9A3B2DE9F04106460D481F
:10BF10000D4F01F059F80024254624364FF00C0847
:10BF200008FB05F32946F25838460135144401F060
:10BF30004BF8082DF4D12146044801F045F820467D
:10BF4000BDE8F081633D0400803D04008C3D0400A9
:10BF500030B5002300F16004426A2AB1CD180562B1
:10BF60000C3084421344F7D1002030BD006800B982
:10BF70007047036A43B9436A002BF7D0D3E9032122
:10BF800009689B681160F7E7D3E9032109689B689A
:10BF90001160EFE708B528B9084801F015F84FF02F
:10BFA000FF3008BD00680028F6D0436913B1426A2B
:10BFB000D2685A6000680028F7D1F2E7B83D040063
:10BFC00030B585B0012315460393044630B9334894
:10BFD00000F0FAFF4FF0FF3005B030BD0029F6D079
:10BFE000C0E900121AB90846FFF7F0FC60600323AD
:10BFF000042200212A4800F0E7FF2A4800F0E4FF6D
:10C00000294800F0E1FF294800F0DEFF284800F051
:10C01000DBFF284800F0D8FF224603AB52F8201B74
:10C020000846FFF7B9FD234800F0CEFF2B7F032B16
:10C0300006D0214A21480C2101FB032100F0C4FF56
:10C040002046FFF761FF0190FFF714FD01990546B7
:10C0500028B91B4800F0B8FF6FF00600BCE7194B89
:10C060001948196800F0B0FF29462046FFF770FF15
:10C070002046FFF77BFF2046FFF78CFF2368002058
:10C08000002133B19A6A1B68801841F10001002B2E
:10C09000F7D1C4F8800000209EE700BFB83D04003F
:10C0A000CD3D0400E43D04002E3E04004F3E04005C
:10C0B000693E0400CC3E0400F54004002F3F04001C
:10C0C0007E3F040024410020BD3F040038B50446F3
:10C0D00030B9084800F078FF4FF0FF35284638BDEA
:10C0E000436898470546606908B10368984700238C
:10C0F000E362F3E7B83D04002DE9F84389460646BC
:10C1000038B91C4800F060FF4FF0FF352846BDE805
:10C11000F8830468002CF4D04FF001082046FFF7A4
:10C12000D5FF054650B1227F134903460C2000FB82
:10C1300002124146114800F047FFE7E7F36983B177
:10C14000214630469847074658B1237F0A4A0C21BA
:10C1500001FB032301464246094800F035FF3D46F6
:10C16000D4E7A145D2D02468002CCFD008F1010833
:10C17000D4E700BFB83D0400F5400400DF3F0400F1
:10C18000094004000021FFF7B7BF000010B5642488
:10C19000B0FBF4F3B3FBF4F204FB123204FB130321
:10C1A00040F29314A04242F21071B0FBF1F104D0BE
:10C1B000044800F009FF012010BD034800F004FF0F
:10C1C0000020F9E73F4004007C40040010B50180E6
:10C1D0004280838010BD42800122018082807047AE
:10C1E00042800122018082807047428001220180CA
:10C1F0008280704748610846704710B560B1416859
:10C20000407C0B880122904201DC184610BD31F8B9
:10C21000124001326343F6E70346F6E7437C426887
:10C2200003F10043013B32F81300704701282DE968
:10C23000F84306468846174608D030B1154800F046
:10C24000C3FE00242046BDE8F88301270421142002
:10C25000FFF707FC4FEA4809044604214846FFF768
:10C2600000FC204400EBC700FFF704FC0446002854
:10C27000E8D000F11405456004214846FFF7F1FBC2
:10C280000544A56005EB8705E56084F811802674F8
:10C29000D8E700BF8142040008B100F03FBE7047FC
:10C2A00070B51546049A427404460E46520019466B
:10C2B000406800F0BAFE9DF81430A374A3681E60B5
:10C2C000E36820461D6070BD73B51546069A42743A
:10C2D00004460E4640681946520000F0A6FE237C34
:10C2E000012B13D12046FFF799FF82009DF81C30E7
:10C2F000A3743146A068019200F097FE019AE068AD
:10C30000294600F092FE204602B070BD0422EDE7FF
:10C3100037B50A8A038A9A4204460D461ED10B7C21
:10C32000012B19D10846FFF779FF8200AB7CA3747B
:10C33000A968A068019200F078FE019AE968E068B7
:10C3400000F073FE6A7C627469686068520000F0F5
:10C350006CFE204603B030BD0422E7E70024F8E776
:10C3600010B54068837C0468102B07D1FFF745FFA8
:10C3700001462046FFF7D8FA002010BDFFF73DFF29
:10C3800001462046FFF796F9F6E7000008B50C20B5
:10C39000FFF770FB18B1024B03600123037208BD65
:10C3A00061C30200043803288CBF08460720704789
:10C3B000036A37B51A680446D068D860417C019199
:10C3C000FFF72CFF0199656A02460020FFF72EFF58
:10C3D000D4E90823E860D868D168FFF799FF63695A
:10C3E0003BB1626A187AD26894682168FFF7DAFF75
:10C3F0002060002003B030BD2DE9F04F04469DB011
:10C40000036AD4F850A0678EDAF80060DD681697EA
:10C41000278E15961797666AE78F1897D5E9000358
:10C42000A78FD6F80C901997278F1A97E78ED9F80F
:10C43000046059881A881B979B88676DB6F804803A
:10C44000B4F844C0B4F842E03F6807EE903AD4E94B
:10C450001643AD7CB6F802B09AF810A0D9F8009057
:10C460003688CDF820C0CDE90B341B9B07931A9B6F
:10C470000693199B0593189B0493179B0393169B94
:10C48000102DCDE901834FF00005159B0093CDE9F8
:10C490001155CDE90FB6CDE90DA9CDE909E717EEA4
:10C4A000903A05D1FFF712F900201DB0BDE8F08FDA
:10C4B000FEF775FEF8E7836910B504462BB9006DE9
:10C4C000FFF7EAFE606DFFF7E7FE002010BD0000F9
:10C4D0002DE9F7430546A420FFF7CCFA04460028CF
:10C4E0006FD004230126037700F1600180F87860A3
:10C4F00080F8946080F8A060FFF77CFE04F17C0176
:10C5000020622046FFF776FE3F4B63603F4BA360FF
:10C510003F4BE360AB686062A5615B7C95F91C10E2
:10C52000032B04F1300904F1360804F142074CD121
:10C530000A4668463146FFF74EFE00982063BDF874
:10C540000430A9F8043095F91E2031466846FFF7FB
:10C5500047FE009BC4F83630BDF80430A8F804301C
:10C5600095F9222031466846FFF73FFE009BC4F84C
:10C570004230BDF80430BB80AB69E36495F82430E9
:10C5800084F84830AA682265EA6862652A69A2656B
:10C59000012B6A69E26514D1238E5A1EB4F8423029
:10C5A000534303EBD3735B10A387638E5A1EB4F817
:10C5B0004430534303EBD3735B10E3870023A4F8A9
:10C5C0004030204603B0BDE8F08395F91D20684651
:10C5D000FFF701FE00982063BDF80430A9F804308D
:10C5E00095F91F2095F91E106846FFF7F9FD009B8D
:10C5F000C4F83630BDF80430A8F8043095F923208B
:10C6000095F92210AFE700BFF9C302002FC6020060
:10C61000B7C4020050B1012A1EBF009A01F1FF31D8
:10C6200002FB11005A1E1044B0FBF3F07047F7B53F
:10C63000026A456A1368DB68D3600446C26C597CA1
:10C640000020FFF7F3FDD4E90823E860D168D8683B
:10C65000FFF75EFE636ADB689D68236ADB689A68A1
:10C66000236D11689B681B681944A36D1B68C91A68
:10C67000636929601BB1187AFFF794FE2860236A6A
:10C6800094F84820DB68218E5D68B4F84230288831
:10C690000093E38EFFF7BEFF636ADE687768388039
:10C6A000B4F844306888618E94F848200093238F52
:10C6B000FFF7B0FFE36C7880BB8094F84830218EA0
:10C6C000608E012B12D1B4F84420431E534303EB78
:10C6D000D3735B10B4F84220E3874B1E534303EB44
:10C6E000D3735B10A3870023A4F840304143A8888C
:10C6F00000FB01F53046FFF780FD6843A062002093
:10C7000003B0F0BD036A30B51A680446D068D8603B
:10C71000437C032B85B042D1002201211046656A7B
:10C72000FFF784FD0123E860ADF80C30236BADF812
:10C730000E30616B606A0823019302230093D1E9F4
:10C74000021203ABC068FFF7BFFD636ADB689D6838
:10C75000236ADB689A68636B11689B681B681944DD
:10C76000E36B1B68C91A636929601BB1187AFFF76C
:10C7700019FE2860236AD868FFF73FFD236940004F
:10C780005860236AD868FFF738FD636A0546D868A1
:10C79000FFF733FD6843A062002005B030BDFFF70E
:10C7A0003DFD012102460020656AFFF73FFD236B36
:10C7B000E860ADF80C3008230193616B606A0123D7
:10C7C000BCE7036CF0B51D68C36B04461E68036AC2
:10C7D000D868636B0768196889B0B6B20791FFF72C
:10C7E0000CFD636ADA68537C516803F10043013B36
:10C7F000ADB231F813302169D1F800C0DCF8001077
:10C80000049112680392A26B079912680292019632
:10C8100082B200953846FEF7CBFD002009B0F0BD8E
:10C82000836910B504462BB9406BFFF735FDA06B4B
:10C83000FFF732FD002010BD38B505468820FFF710
:10C8400019F9044648B308230377012380F85C30C4
:10C8500080F8783080F8843000F14401FFF7CAFC9A
:10C8600004F1600120622046FFF7C4FC04F17C0360
:10C8700023610B4B63600B4BA3600B4B6062E36067
:10C88000A868FFF7CBFCEB68A363AB6863632B6915
:10C89000E3636B6920632364A561204638BD00BF54
:10C8A000C3C7020005C7020021C80200002070476C
:10C8B00030B5036A1A680446D068D86087B0417CF6
:10C8C0000391FFF7ABFC0399656A02460020FFF76E
:10C8D000ADFC236AE860D868FFF78FFC236AADF8E7
:10C8E0001400D968606A01230822CDE9003205AB43
:10C8F000D1E90212C068FFF7E7FC002007B030BDA5
:10C9000010B56820FFF7B6F80446B0B11A230377D4
:10C910000B4B43600B4B8360012380F848300023AE
:10C9200080F8643000F13001FFF764FC04F14C0141
:10C9300020622046FFF75EFC6062204610BD00BF0B
:10C94000ADC80200B1C8020010B50446FFF7D8FF19
:10C9500000B1846110BD37B5036A0446D868417CD4
:10C960000191FFF75BFC0199656A02460020FFF721
:10C970005DFCD4E90823E860D168D868FFF7C8FCFB
:10C98000002003B030BD13B5036AC16BDB680191B1
:10C9900018461C68FFF731FC01990246204600F05A
:10C9A00044FB002002B010BDF0B5054687B07820EA
:10C9B000FFF760F80446002847D002230377294B8D
:10C9C0004360294B83600127002380F8743000F115
:10C9D000400180F85870FFF70DFC04F15C01206203
:10C9E0002046FFF707FC6B686062587C5B68B842C2
:10C9F00004F130062CD11B880246014602A8FFF73D
:10CA0000E5FB029820636868BDF80C30B3800368CA
:10CA1000E3638368226B1B68A363A38EADF81430B5
:10CA20000492FFF7FBFB032102460020256AFFF773
:10CA3000FDFB03230822E860206ACDE9003204AB45
:10CA4000A16BC0680022FFF72BFC204607B0F0BDA9
:10CA500019885A88022809BF13469B880A46394616
:10CA6000CCE700BF87C9020057C90200036A37B587
:10CA70001A680446D068D860417C0191FFF7CEFB6C
:10CA80000199656A02460020FFF7D0FBD4E908232C
:10CA9000E860D868D168FFF73BFC63693BB1626A24
:10CAA000187AD26895682968FFF77CFC2860236AA9
:10CAB000626ADB6894F842505968D2680B88E08E4D
:10CAC0005268012D10D10344013B93FBF0F3138016
:10CAD000208F4B880344013B93FBF0F353808B88FA
:10CAE0009380002003B030BD258E5B1B034493FB75
:10CAF000F0F31380208F4B88648E1B1B0344EBE7FD
:10CB0000F0B5436ADD686C7C012C18BF6B682D683A
:10CB10001CBF1C885F88036ADE688BB071688B88D5
:10CB20000A88498809954FF00005CDE9074508BFF7
:10CB300027460697C48E0594048F0494848F03942B
:10CB4000C48F0294048E0194408E00903068FEF7EA
:10CB500099FA28460BB0F0BDF0B585B002AE86E874
:10CB600003006F468C2087E80C009DF82850FEF7E4
:10CB700081FF0446002837D0132303771E4B436000
:10CB80001E4B8360012380F8603080F87C3080F891
:10CB9000883000F14801FFF72DFB04F164012062A9
:10CBA0002046FFF727FB606296E8030004F180034C
:10CBB00023612063BB880098A186012DC4F836004C
:10CBC000638784F8425012D1BDF80830A4F8405071
:10CBD000013B03EBD3735B10A387BDF80A30013B25
:10CBE00003EBD3735B10E387204605B0F0BD002351
:10CBF000E363A4F84030F7E701CB02006DCA0200FE
:10CC0000F0B590F90C7090F90810012F8BB0044624
:10CC100018D102AD0A4628463946FFF7DCFA94F9E6
:10CC20000A2004AE39463046FFF7DAFA237900933A
:10CC300096E80C0095E80300FFF78EFF00B18461D1
:10CC40000BB0F0BD06AD90F909202846FFF7C3FAF6
:10CC500008AE94F90B2094F90A10E4E7036A13B5BF
:10CC6000DB68C46B1968436A0191D868FFF7C5FA9D
:10CC700001990246204600F0D8F9002002B010BD0C
:10CC800038B50546FFF790FE044650B103230377FD
:10CC9000054B4360054B8360036A8561D86800F0EB
:10CCA0003DF9204638BD00BF5DCC0200B1C3020093
:10CCB000036A37B51A680446D068D860417C019190
:10CCC000FFF7ACFA0199656A02460020FFF7AEFA59
:10CCD000D4E90823E860D168D868FFF719FB636AD4
:10CCE000DB689B68072200201A6003B030BD38B5AE
:10CCF000036ADB681D68436A0446D868FFF77DFA5B
:10CD0000636ADB6801461A682846FEF790FC00203B
:10CD100038BD000010B56820FEF7ACFE0446A8B18F
:10CD2000122303770A4B43600A4B8360012380F888
:10CD3000483080F8643000F13001FFF75BFA04F10D
:10CD40004C0120622046FFF755FA6062204610BD74
:10CD5000EFCC0200B1CC020010B50446FFF7DAFFB9
:10CD600000B1846110BD00007F2805D8034B185C1A
:10CD7000034B5B5C1840704700207047B0420400D2
:10CD800030430400A0F16103192B98BF203870478D
:10CD9000A0F14103192B98BF203070477F2805D898
:10CDA000034B185C034B5B5C1840704700207047D6
:10CDB000B042040030430400A0F16103192B98BF76
:10CDC00020387047A0F14103192B98BF20307047DD
:10CDD0007F299ABF017001206FF02E0070475AB171
:10CDE0000A787F2A0AD800B10260002119605960D0
:10CDF000501A18BF01207047002070476FF02E00B6
:10CE0000704738B504460846A26842B12368616895
:10CE10005D1C8D4208BF00208B4208D2D054E368CD
:10CE20002BB121686268914201D22146984723685C
:10CE30000133236038BD70B54C1E09D41646C5B207
:10CE400029463046FFF7DDFF013CB4F1FF3FF7D143
:10CE500070BD10F0100F08D108B510F4007F14BF9A
:10CE600030202020FFF7E7FF08BD704708B5034BCF
:10CE70005B689B681B68984708BD00BF382B002083
:10CE800008B50921FFF7F2FF08BD000038B5204BB7
:10CE9000204A9B1A102B39D9044600F08FFC04F16C
:10CEA000130020F00F021C4B186858B34FF0FF34EA
:10CEB0000025294611E041B103680B60044644F89F
:10CEC000042B00F07CFC204638BD0168124B196031
:10CED000F4E70368014653B1184643689342EAD029
:10CEE0009342F6D9A3423CBF1C460546F1E74DB13B
:10CEF0006B689B1A6B60A31AEC18EA5000F05FFC99
:10CF00000434E0E700F05BFC0024DCE70024DAE70F
:10CF10002C6100202C4100204C2B002000284CD0FC
:10CF200038B50446254B98423CD3254B984239D816
:10CF300000F044FC221F54F8040C224B1B68B3B1D0
:10CF4000934230D219461B680BB39A42FAD844F880
:10CF5000043C20600A60104483421DD120685D6853
:10CF6000284420601B6844F8043CC9B114E0154B08
:10CF70001A60002344F8043C206011E00021EDE732
:10CF8000226813444B6054F8043C0B6008E0002313
:10CF900044F8043C20600A604B68C8188242EFD015
:10CFA00000F00DFC38BD44F8043C206005490A60DF
:10CFB00010448342E2D00021D7E770472C41002083
:10CFC0002C6100204C2B00200FB410B586B008ABAC
:10CFD00053F8044B0593002303936FF0004302932F
:10CFE000084B049300F0ECFB059A214601A800F0E1
:10CFF000CBF8044600F0E5FB204606B0BDE8104043
:10D0000004B070475D8F0200037853B159B10144F9
:10D01000034613F8012F12B18B42FAD10B46181AAE
:10D0200070470346FBE70346F9E7844640EA0103FD
:10D0300013F0030F18D18446202A0BD32DE9F007F3
:10D04000B1E8F807A0E8F807A2F12002202AF7D2F9
:10D05000BDE8F007042A07D351F8043B40F8043B2D
:10D06000A2F10402042AF7D2002A05D011F8013BEC
:10D0700000F8013B013AF9D1604670478446002A26
:10D080002DD010F0030F04D000F8011B013A26D078
:10D09000F7E7C9B241EA012141EA0141202A12D34E
:10D0A000A2F120022DE9F0030B460C460D460E4678
:10D0B0000F4688468946A0E8FA03203AFBD2BDE82D
:10D0C000F00320320BD0042A05D340F8041B043AA5
:10D0D00005D0042AF9D200F8011B013AFBD16046C1
:10D0E0007047024610F0030F16D111F0030F13D151
:10D0F0002DE9F0004FF001374FF0803351F8044B29
:10D10000A4EB070525EA04051D4002D142F8044BB3
:10D11000F4E7A1F10401F0BC11F8013B02F8013B76
:10D12000002BF9D1704700F1010110F0030F11D06D
:10D1300010F8012B002A23D010F0030F0AD010F8AA
:10D14000012B002A1CD010F0030F03D010F8012B84
:10D15000002A15D02DE970004FF001324FF08033D6
:10D1600050F8044BA4EB020525EA04051D4000D14C
:10D17000F6E7A0F1040070BC10F8012B002AFBD1E7
:10D18000A0EB0100704700002DE9F04F89B0074681
:10D190000392002303600C4614F8011B002900F0E1
:10D1A000FA82DFF814B5E9E2002507E05E2868D1CD
:10D1B00045F4805501E045F040051C46234613F830
:10D1C000010B3028F2D81F2837D9A0F12002102AED
:10D1D00033D801A151F822F0B7D102003BD20200AE
:10D1E0003BD202001DD202003BD202003BD2020021
:10D1F0003BD2020023D202003BD202003BD202000B
:10D200003BD2020029D202003BD202002FD2020000
:10D210003BD202003BD2020035D2020045F080052D
:10D22000CBE745F40045C8E745F02005C5E745F0E4
:10D230001005C2E745F40075BFE72A2821D1039AFB
:10D24000111D0391D2F800A0BAF1000FBCBFCAF1C2
:10D25000000A45F010051878A31C2AEAEA7A2E285D
:10D2600026D00021742847D07A2845D06C2800F0B9
:10D27000A8804C2800F0AB80682800F0B8801C46DD
:10D280003DE0A0F13002D2B2092A88BF4FF0000A77
:10D29000E3D84FF0000A0AEB8A0A303800EB4A0A5A
:10D2A00013F8010BA0F13002D2B2092AF3D9D4E766
:10D2B00018782A280AD1039A111D03911168587809
:10D2C00002330029CEDB45F48075CBE70133A0F1B2
:10D2D0003002D2B2092A88BF0021F4D8002101EB24
:10D2E0008101303800EB410113F8010BA0F130024D
:10D2F000D2B2092AF3D9E4E71C4614F8010B00283E
:10D3000000F05582A0F12503DBB2532B62D8A0F1C7
:10D310002503532B5ED8DFE813F076005D005D0037
:10D320005D005D005D005D005D005D005D005D0015
:10D330005D005D005D005D005D005D005D005D0005
:10D340005D005D005D005D005D005D005D005D00F5
:10D350005D005D005D005D005D005D005D005D00E5
:10D360005D005D005D005D005D005D005D005D00D5
:10D370005D005D005D005D005D005D005D005D00C5
:10D38000EB005D005D005D005D005D005D005D0027
:10D390005D005D005D007B0020015D005D005D00C3
:10D3A0005D0020015D005D005D005D0095000E01E7
:10D3B000D1005D005D00A6005D0019015D005D000B
:10D3C000ED001C4614F8010B45F0010597E745F008
:10D3D00001051C46B44B1E68002E00F0CC8103AB47
:10D3E0000193009153462A463946B047C3E1187865
:10D3F000682803D05C1C45F0040580E745F008056B
:10D400009C1C58787BE725213846FFF7FAFCB2E1EF
:10D41000039B1A1D03921E780AF1FF3A3A465146C1
:10D420002846FFF716FD31463846FFF7EAFCA946C5
:10D4300019F0100F00F09F813A4651462020FFF767
:10D44000FAFC98E115F0080F06D03A68039B191D05
:10D4500003911B681A708EE1039B1A1D03921B68CF
:10D460003A681A6087E1039B1A1D0392D3F8008083
:10D470008E4BB8F1000F08BF9846464625F4007958
:10D4800015F4807F15D04046FFF7BEFD0546AAEB98
:10D49000050A3A4651464846FFF7DBFC002DC7D047
:10D4A000454416F8011B3846FFF7ABFCB542F8D1EE
:10D4B000BEE74046FFF737FE0546E8E7039B1A1D27
:10D4C00003921B6815F0800F0CBF0026232645F43D
:10D4D000807508211A46002B00F0298105AB4FF01A
:10D4E000000805F4005CA64660468C460146D1E083
:10D4F00045F4005515F0800F1BD043F2780643F237
:10D500005803782818BF1E4615F4807F01D025F4F3
:10D51000007515F4804F32D0039B1A1D03921B68CF
:10D5200015F0040F1FD01BB2002B20DA5B422D2612
:10D530002DE00026E8E715F0800F0CBF002630260E
:10D5400015F4807FE5D025F40075E2E715F4807FBF
:10D5500007D025F400750026DBE745F4804500265A
:10D56000D7E70026D5E715F0080FDDD0DBB215F0C0
:10D57000200F60D115F0400F18BF202607E0039B55
:10D580001A1D03921B6815F0040F4FD09BB215F4BF
:10D59000807F14BF25F4007501215838202800F23F
:10D5A000AE8001A252F820F0D5D40200FFD60200CE
:10D5B000FFD60200FFD60200FFD60200FFD602000F
:10D5C000FFD60200FFD60200FFD60200FFD60200FF
:10D5D000FFD60200FFD6020063D60200FFD602008B
:10D5E000FFD60200FFD60200FFD6020063D602007B
:10D5F000FFD60200FFD60200FFD60200FFD60200CF
:10D60000FFD602003BD60200D5D40200FFD60200AE
:10D61000FFD60200FFD60200FFD6020063D602004A
:10D62000FFD60200FFD60200D5D4020015F0080F85
:10D63000ADD0DBB2ABE72B26A9E71A464FF00008C6
:10D64000002B5ED005A84FF0000803F0070330332D
:10D6500000F8013B08F10108D2081346002AF4D172
:10D660004FE018464FF00008002B4AD04FF000085A
:10D6700005F4004E4FF02C0973468E4619462FE0F4
:10D6800002F00F000A4C205C03F8010B08F10108BE
:10D69000120906D00029F3D002F00F00054C205CDF
:10D6A000F2E7744661462CE028410020044504005E
:10D6B000E4440400F4440400CDCCCCCC08AB03EB30
:10D6C000080CABFB0032D20802EB8203A0EB430351
:10D6D00030330CF80C3C08F1010809280DD910462C
:10D6E0000029EBD008F00303032BE7D108AB434438
:10D6F00003F80C9C08F10108E0E7714601E04FF0E7
:10D700000008A1EB080121EAE179AAEB090AAAEBDA
:10D71000080AFF2E0ED9AAF1020AC6F307213846DD
:10D72000FFF76FFBF1B23846FFF76BFB04E04FF0F9
:10D730000008E6E7002E3DD13A4651462846FFF75D
:10D7400088FB3A4649463020FFF775FBB8F1000FD9
:10D750000EDD0DF1140908F1FF38C84498F80010E7
:10D7600046463846FFF74DFBC14508F1FF38F5D175
:10D7700015F0100F09D114F8011B61B125293FF4F0
:10D7800013AD3846FFF73DFBF5E73A4651462020FA
:10D79000FFF751FBEFE7BB682BB13A6879688A4223
:10D7A0003CBF00219954386809B0BDE8F08F4FF0B4
:10D7B000FF30F9E70AF1FF3AB4E700BF704770475E
:04D7C00070477047F7
:08D7C400E191020000000000E9
:10D7CC00D9A9020000000000D9A00200000000004E
:10D7DC00B5A70200E8330020E5AB02001C3800209E
:10D7EC00C1A802000000000065AD02003438002022
:08D7FC000DAE0200142B002009
:08D804007D920200000000000B
:10D80C0035B002000000000049B00200000000002A
:10D81C00942B00205C2C0020642C00209C2B0020DE
:04D82C0018000000E0
:10D8300092DF02000000000098DF020000000000FC
:10D840009FDF020000000000A3DF020000000000D4
:10D85000A8DF020000000000F5D80200000003036A
:10D86000C8D9020000000000ECD90200000000004E
:10D87000E83B0400000000008CDF02000000000014
:10D88000DB3B040000000303F03B04000000030343
:10D89000043C0400000003031C3C040000000303DC
:10D8A00076DA0200000000007FDA020000000000CB
:10D8B000C8D8020000000000D4D80200E82A0020E6
:10D8C0000338FDD870470000D57302004174020090
:10D8D000D17302007274745F6C6F675F6261636B17
:10D8E000656E64004261636B656E647320666C757F
:10D8F000736865640061707000000000843000206F
:10D900007F000000043100201B5B306D0025730098
:10D910001B5B313B33316D0025734C6F67732064A3
:10D92000726F70706564202825642925730D0A00C4
:10D930003C25733E2025733A2000202530327800A4
:10D940007C002563001B5B313B33306D001B5B317A
:10D950003B33326D001B5B313B33336D001B5B315E
:10D960003B33346D001B5B313B33356D001B5B314A
:10D970003B33366D001B5B313B33376D0077617293
:10D980006E696E6700696E666F0064656275670038
:10D9900008D9020045D9020010D902004DD9020071
:10D9A00055D902005DD9020065D902006DD9020087
:10D9B00075D9020000000000D9D902007DD902000B
:10D9C00085D902008AD902006170705F6275747433
:10D9D0006F6E00466174616C206572726F720053E5
:10D9E000797374656D207265736574006170705F22
:10D9F00074696D65720001000600000000000000FF
:10DA00001C310020857D0200FFFFFFFFFFFFFFFFAD
:10DA1000FFFFFFFFFFFFFFFF00000000000000000E
:10DA20000000D6010601000052544320696E737451
:10DA3000616E636520616C726561647920696E69ED
:10DA40007469616C697A65642E005254433A2069A6
:10DA50006E697469616C697A65642E00000000006B
:10DA60000338FDD8704730313233343536373839E2
:10DA70004142434445467077725F6D676D74007331
:10DA80006F72746C697374004E52465F5355434312
:10DA9000455353004E52465F4552524F525F5356C4
:10DAA000435F48414E444C45525F4D495353494EA4
:10DAB00047004E52465F4552524F525F534F4654B5
:10DAC0004445564943455F4E4F545F454E41424C95
:10DAD0004544004E52465F4552524F525F494E54A4
:10DAE00045524E414C004E52465F4552524F525F96
:10DAF0004E4F5F4D454D004E52465F4552524F527C
:10DB00005F4E4F545F464F554E44004E52465F4560
:10DB100052524F525F4E4F545F535550504F5254D4
:10DB20004544004E52465F4552524F525F494E5651
:10DB3000414C49445F504152414D004E52465F4571
:10DB400052524F525F494E56414C49445F535441E3
:10DB50005445004E52465F4552524F525F494E5611
:10DB6000414C49445F4C454E475448004E52465F35
:10DB70004552524F525F494E56414C49445F464CC4
:10DB8000414753004E52465F4552524F525F494EF5
:10DB900056414C49445F44415441004E52465F4512
:10DBA00052524F525F444154415F53495A45004ECF
:10DBB00052465F4552524F525F54494D454F55545E
:10DBC000004E52465F4552524F525F4E554C4C00EC
:10DBD0004E52465F4552524F525F464F5242494461
:10DBE00044454E004E52465F4552524F525F494E99
:10DBF00056414C49445F41444452004E52465F45B1
:10DC000052524F525F42555359004E52465F455251
:10DC1000524F525F434F4E4E5F434F554E54004E4E
:10DC200052465F4552524F525F5245534F555243F1
:10DC30004553004E52465F4552524F525F4D4F443E
:10DC4000554C455F4E4F545F494E495449414C49EC
:10DC50005A4544004E52465F4552524F525F4D5511
:10DC60005445585F494E49545F4641494C4544002C
:10DC70004E52465F4552524F525F4D555445585F84
:10DC80004C4F434B5F4641494C4544004E52465F22
:10DC90004552524F525F4D555445585F554E4C4F6B
:10DCA000434B5F4641494C4544004E52465F455206
:10DCB000524F525F4D555445585F434F4E445F4954
:10DCC0004E49545F4641494C4544004E52465F45DB
:10DCD00052524F525F4D4F44554C455F414C524557
:10DCE0004144595F494E495449414C495A454400C1
:10DCF0004E52465F4552524F525F53544F52414726
:10DD0000455F46554C4C004E52465F4552524F526D
:10DD10005F4150495F4E4F545F494D504C454D4512
:10DD20004E544544004E52465F4552524F525F4654
:10DD30004541545552455F4E4F545F454E41424C0C
:10DD40004544004E52465F4552524F525F494F5F25
:10DD500050454E44494E47004E52465F4552524F41
:10DD6000525F4452565F5457495F4552525F4F5677
:10DD7000455252554E004E52465F4552524F525FE9
:10DD80004452565F5457495F4552525F414E41439A
:10DD90004B004E52465F4552524F525F4452565FBF
:10DDA0005457495F4552525F444E41434B004E52D7
:10DDB000465F4552524F525F424C455F4950535067
:10DDC0005F52585F504B545F5452554E4341544537
:10DDD00044004E52465F4552524F525F424C455F9F
:10DDE000495053505F4348414E4E454C5F414C5261
:10DDF000454144595F455849535453004E52465F7C
:10DE00004552524F525F424C455F495053505F4C10
:10DE1000494E4B5F444953434F4E4E45435445444E
:10DE2000004E52465F4552524F525F424C455F4949
:10DE30005053505F504545525F52454A4543544503
:10DE40004400556E6B6E6F776E206572726F722034
:10DE5000636F6465000000000000000088DA0200C3
:10DE60000100000094DA020002000000B2DA0200B1
:10DE700003000000D3DA020004000000E6DA02002A
:10DE800005000000F7DA0200060000000BDB0200CC
:10DE90000700000023DB0200080000003BDB02005B
:10DEA0000900000053DB02000A0000006CDB0200E6
:10DEB0000B00000084DB02000C0000009BDB020072
:10DEC0000D000000AFDB02000E000000C1DB02000D
:10DED0000F000000D0DB020010000000E4DB0200B5
:10DEE00011000000FBDB0200120000000ADC02004F
:10DEF000130000001FDC02008000000033DC020081
:10DF00008100000054DC02008200000070DC02008E
:10DF1000830000008CDC020084000000AADC020008
:10DF200085000000CBDC020086000000F0DC02006F
:10DF30009000000007DD02009100000025DD0200D6
:10DF40009200000043DD02000082000058DD020064
:10DF50000182000076DD02000282000092DD0200F4
:10DF600000840000AEDD020001840000D2DD02006A
:10DF700002840000FCDD02000384000021DE0200B8
:10DF8000000000000101010000000000636C6F63ED
:10DF90006B00434C4F434B004750494F5445005092
:10DFA00052530055415254005541525445000D41C1
:10DFB00070706C69636174696F6E207374617274E0
:10DFC00065642E0D0A006F757470757400736F664A
:10DFD000746D61780064656E73655F310064656EB1
:10DFE000736500666C617474656E006D61785F7056
:10DFF0006F6F6C696E6732645F3200636F6E76328A
:10E00000645F32006D61785F706F6F6C696E67324C
:10E01000645F3100636F6E7632645F31006D6178EA
:10E020005F706F6F6C696E67326400636F6E76321B
:10E030006400696E7075745F3100000008000000B4
:10E0400006000000050000000700000000000000BE
:10E0500000E0D7010400000014E00200000000000E
:10E06000A4E102006CE1020080E0020054E0020042
:10E07000180000000303010100000101010000007D
:10E080000900000002000000FBDF020000000000A9
:10E0900038EC0200E8EB0200B0E0020084E002008D
:10E0A0003000000003030101000001010100000035
:10E0B00009000000040000002BE002000000000046
:10E0C00008150300DC140300E0E00200B4E00200E5
:10E0D0000C00000003030101000001010100000029
:10E0E0000900000000000000D5DF02000000000071
:10E0F000C41503009815030000E10200E4E00200EB
:10E100000900000001000000DDDF02000000000047
:10E11000241A0300A419030020E1020004E1020014
:10E1200009000000E3DF020032E00200443A04008C
:10E1300004E00200010000000202020202000000EE
:10E14000EBDF0200010000000202020202000000F8
:10E150001DE00200010000000202020202000000B5
:10E16000C6DF0200683A0400CDDF020080E1020051
:10E170009CE1020098E10200A0E102000001080019
:10E18000FC060614E5D8F115DDCEF3E71FE400CB5D
:10E19000EAB9D1DAC7BFFAE00A00000018000000AF
:10E1A00000000000B8E10200DCEB0200D8EB020046
:10E1B000E4EB020000040800190138F1F501DA204F
:10E1C000EAEDFDDF10DEDE0F19F704FAF026F31E8C
:10E1D00029F2EA2BE8E11DEC2D0D141413E40039AB
:10E1E00005EA30EDDD26120915F9E51402A815F14E
:10E1F00027210139132FF3D8DEE303F229E421EBC1
:10E20000FF17C3EA14BEF002FF2DDA3C0300E8D882
:10E21000F0E1E0D221FF190D133AF8CEF7FECADD86
:10E220002EC125C5303030FFF5071E0D370D101AF1
:10E2300025331E02000C26D63CE415000C19FBE029
:10E24000D902D8E1F6C30CD324155902D01815BB56
:10E250000BBA09D5FF3318FBD527E4DC15B6F3D28A
:10E26000D7D0DE13FBCA28F4C001E711DDFAE7E5D9
:10E27000F0FDDC14E0F6F9F9C9EFBD1EE1E5FC0C98
:10E28000C5E1ED1211F4EC2D1BC824F0F0FC163999
:10E29000DF1F1D1706FAF3EFF4DFF8F6E4CCD41C09
:10E2A000ECE325EC02FC0CFBEAEFC1FD0EDD301EB9
:10E2B0001205EB29E2E1F212E7DCD0FBE3E5FDE831
:10E2C000E2C4D422DDC925D9FD10F8252AFAFC04C0
:10E2D000E0D105FC141A1F31E71CF5E0F417E5DB6B
:10E2E0001C07EADDFAC7D624DCF62EEFCD1AFB15A3
:10E2F0001500F01BF8F222D6EA15190FF2FF2535AA
:10E30000EF09F90F1FD019FDECF7D031FCCC1BF051
:10E31000E11EE510062DC30829C7E0FC2810F20114
:10E32000F912E328DEE429D6D6E003ECFAD6D025AC
:10E33000E1CAF2E4F1FFF832EF1AD817F8FBD8215E
:10E340000B0B2AE5FACBE8FAF0E40EE0BC07CF0DA0
:10E35000FD05D317EB0600FBE7DFE6F4F630E0FF40
:10E360002FF015F013172615EA141D14CF3DD3C84E
:10E3700006DAE1E5EC0C67E5EA31FCF3F8D902D8FE
:10E38000E71F4CEE110AE3E6DED6F8F7F5D102D42A
:10E3900011C41732082F292CEAD5D9E735F6FC2A03
:10E3A000D231F527DBC8EB1400E5F01A050F2C3548
:10E3B000112E260EEB4318112623E7F61D032EF32C
:10E3C000010F221F131BF61414FE36FFF524F71459
:10E3D000EE19F11FFCF82D15173821E01DE3DF09B8
:10E3E00015F21326D93603F322D3FCF805184FE6AD
:10E3F000E6361904FAF2F004D60927F4112BCBFC07
:10E40000FD17F1EBCBED3DFA032D12F2F5EB12E621
:10E41000E9EC0BD8F025EE0BD720FDE5FDF8F90669
:10E4200028DF08140333ED2B16DBC2FA33E6252769
:10E43000E4112028EFDDBF1F2BE32BFEEF34101B70
:10E440001A0CF82BE1E627E5EAF0D6F9F8150221D7
:10E4500017C305150D091E0A1600D92523E717E075
:10E460002FDC1907F2C7F324C3E4F6D0F1E0D42E71
:10E4700001F7F0F811EA1DDDE9F619F21D25E8FAB9
:10E4800017AE06FA221C240706C7D509EAF121F7C0
:10E49000D1F2D2FB190CE5ECE8E017F11CE9FE24FF
:10E4A000F9F1D8DA0AEC0B02EB1724FB1038F20C66
:10E4B00027DF1FD94AD52A01080814D70CEAD9F159
:10E4C00040C028AFCBDBE30DF2FFD9FBB4E3C9F1C9
:10E4D0000F2A26B70405B8D139D816D3F8FCF3F1C2
:10E4E000E40AFEF90C0ED611E9D7070CE6070B1863
:10E4F000C72DF108CFDFCF141603E9F5D42500EDC1
:10E5000004D2E7290DD22C16D008FF2F10EF0826D1
:10E51000F4F80CF000370B0FF80F19FC1CE1F00AAF
:10E52000042B38F50710DB1FF7E1F8271F2E282AE8
:10E530003DF6CC0217F3370C0D3015141929250FB1
:10E54000F84D121418EEFBFA14221902D40E04E04E
:10E5500028DBFCE8121628F9E92F12FB17CECEFEB5
:10E56000E8F90EE4D70FD5E3E405BDF8F2F81D1283
:10E57000080805F5FFD5CDD7E6F6040D040DD8ED56
:10E58000F4EDE6EAE4E8DE2BD7AC07FBFF26D33553
:10E590000C26BF1C05CC0FE43408F92611462FBD0C
:10E5A000EBF9CDE710F628DBFFE7D318E4B71BEC57
:10E5B0001D1A0208282DE5E3FCBD120913E9120F0C
:10E5C000F83005C7FD0BD0FE2B09FEE72509CA0C64
:10E5D0000FBF0AD531EF0D2928F3D214F4FDF5F75A
:10E5E0000D012DE9E6FC14D11124C0FD180918F61F
:10E5F000D8CBE426FBEB0109F6F7DB25EE06C324B6
:10E6000008E72AE807EFFCFBFBF1BF1E01FFEE1D48
:10E61000FC08E81011ED0321070B25F10BF4E717B7
:10E6200002EDFA0E03CD261E00161C21172EC6D4AD
:10E63000F5FE1704F5E40EED14EBFFEFFFE5F7DD53
:10E64000FAE2DB2C031DF7FBFCF52C0C050F05FC97
:10E65000FCF5C0F9EEE10FEB150C2BF22E18103083
:10E660001405FAF710241000FBF10E20FDFAFEFD50
:10E670001D1D22103BFA0FF308FE211CEF32163548
:10E68000FCCA07F3F41FFDD5DBC9D4EB2D2816F522
:10E69000E00421D9EAF5CA142EF3152AD7F130DEA9
:10E6A000E2FF0F14BBCB26C2E003E707DE16ECD077
:10E6B000CDD30F2101E6EFFAF7ED0ADE20DC00F002
:10E6C000D6E81FEDD6F0CE29E41918C51224C9F7F3
:10E6D0001ADC0CEBE0FF0FF010F1E0EBCCD6DC1213
:10E6E0002ACFE72EDEC42110EDECF734E6FE0A0F48
:10E6F000F222EC1EFBE22302D9E50F150DF1090C05
:10E70000EDE9DF0514DAFD36EDE121DE0CEEF82E41
:10E71000EA2F0103EB0F0FF2E8EBF715ECDEFC201C
:10E72000E6F11608041F0D232828E531D8EF1FD77E
:10E730001AF8101AED02D01210F903D5F9D6E0E953
:10E74000F1F5FAF91AFC17131FE2F9F004EEBD1EF9
:10E75000E10104F8DEF9051E1CF9CBE216FD1327D2
:10E760001B3022121609F6EE09D6111B0618F927DE
:10E7700010F91ACF09DD08FF1101E60C0C0C140585
:10E780002035E10DFE0514E3240337FCE73710E3E1
:10E790002EF9FD042C2E370DFD0305DEFED4ECDF33
:10E7A000C5DB0DC71D27F229DDEA10FDFFD715FADD
:10E7B000D049ECDDFED7F0E001E53D36E43E12EE57
:10E7C000E1C9E21F2CF5D1D317CCEB30213B2E064B
:10E7D000E3CEEAB8350BC7FFFC0F02E2CBD5FCFD58
:10E7E0000E2B0FF3E1E30D0817FEF8FAFE273F1199
:10E7F000292B3109E916DA2510FA26252CF62CF1F9
:10E80000EFD4CDE227F20520D9043F082BF0EFE743
:10E8100028120B160E082900121A15FB23FE1639B2
:10E82000E1202BE8190FFBF91A1C1C12F1FC01EE78
:10E8300026FE41031223E8FEE4F2EEE307F822F499
:10E840002D1CE324F42119E3231322E52137F9FBDE
:10E850000E091C01E20C1DF9CB20FFE0EB07DACC1E
:10E86000DEE82106F906FAC6F0F6E00D02151713E8
:10E87000D613E50A11E5E8F924CFFC14E6DDF1D062
:10E88000EACE010FF71FB801EFBC3104F614F3050F
:10E89000EE30C3F30FC4F71E3EF323F1FBC9DC1EB9
:10E8A000C7E0FFE9F1FFCF1F0C12CB30F3C80F0117
:10E8B000F213F60ADC2FD1DBF0CDCFFE1FEC11FCFA
:10E8C0000CE2BC14DCFC03D9DDEAE219E4F0FF3110
:10E8D000EBDD230F03EAF5FB0FFBDAD00EEF11039C
:10E8E0001A024302F714BFF329B1E3F4020E380D04
:10E8F0000326F51F19D20214FCD8F4101721EA0BD5
:10E9000018E616E81F041ED6EDFEFD3213E90527B2
:10E91000EFE23719E10CDB0332E50A27F10339F89E
:10E92000CC15E419E42AD9E4F7EBF2F220DEE30A8D
:10E93000DFFA0205F4FA27E40CF60A2A350C02077E
:10E94000F81314EE07D8FFEE4308011D0E102FF048
:10E9500023FD32121712EE12EDDF0EED2C12DC2920
:10E9600000FC2619EAE6DC18EA18D6200FA61311D7
:10E97000FB0A1412FE1DFD16FE0E17F21CD8ECF356
:10E98000FC07173300C80BFEEEDAF01A06EAB536BC
:10E9900023B1131421E41127D9FD1DF5E2CDF7FAB7
:10E9A000F50FF217E4DFCA15D7E332D4F927E61AD8
:10E9B0001D0FFC380DC0FE1E2A0B1504DEE5D3F931
:10E9C000FFF0FB31FB2C2E1AD8F1DBDE01D2E3FB8A
:10E9D000D21114F3FFCBF00026FCF807C33511F673
:10E9E00019FB2B06FB1D0A0FF42E14DAF10613EAAD
:10E9F0001324FB1120313104031803E313040DFA2F
:10EA0000172E0B1E25EA3FE3C24414B30BD2D9D50F
:10EA1000F4E93917C828EEE7F2E1E4D3022021F641
:10EA200002140AF412E4F015FADDF72BD7DB31F803
:10EA3000DCD913FE1B13DA26F8B720E629F63518C1
:10EA400008F0D01E0BD0ED1AF3071D0EFFF3F628C9
:10EA5000E4ED13CADFD609E1F2FAEF052ACF20026E
:10EA6000FA07330EFE0FD20D01F5041CFB032CF246
:10EA7000E9E9FCE2D8E7F9DDDFEAF9E022E3DD02CB
:10EA8000FC180A04E4D01A0227DE081BFBF91DFB60
:10EA9000FD2031FD14F311031BC50D1EF83926EEC0
:10EAA000E617D3CBF4D8FC031B1C0604EB0E17FBB4
:10EAB000DA0106F2CCF0CCDB13123C200927272A1E
:10EAC000F616EEE102010DD039E50645E9304BE1DD
:10EAD000D9FBF2E202FCFC1D0FF432DF18EEFE025D
:10EAE000EEFDEDBDC7F6ECEF1CEA0331150D2EEF80
:10EAF00001DCF7051911E2D3F4EDFE20FE0C30DE47
:10EB0000CAFD0AD5F519E812F825FEE5F5F006F27A
:10EB1000F504E8FAD701E9FBF5D94509F510E0FE5F
:10EB2000CEFDDAFA0606EBE62BEFF13F00302821A6
:10EB30000BFEF6DD12FAF4230A313BEDE1CFE90BCF
:10EB40001FEAF20614E924E7F6162B1AE33804F656
:10EB5000161918F9EE1B15292321F608E71F2322A1
:10EB60000F1BD3E72AEEF61FF42F2AEBE7F7FAFD87
:10EB700004011108F00806040ACAF4FAF7DE08F1E5
:10EB8000CD1CF41FEBD1D1EC22EA1435F62020087D
:10EB900029E914C50316121CEE2B25011EF2FCD325
:10EBA0000402F72F1A0DEAEBF80C02E510221C19EB
:10EBB000F806210128315CDFF221E3C82314E8C301
:10EBC0002CFC211CE5FAEE0705E505D518EF121619
:10EBD000EB0FFCCC2605EEDE08000000030003006E
:10EBE0000C00180000000000FCEB020030EC0200FA
:10EBF0002CEC020034EC0200000108009AF9D42049
:10EC000005F4E4FE24EFE21FB8BBF20C0706C3C311
:10EC10000FE3DDF1FFC0E8FFDFFC22F4B9010A8C4D
:10EC2000E4ECEDF7D2B734EB2514FEBE0B00000088
:10EC300030000000000000004CEC0200D014030083
:10EC4000CC140300D814030000040800F0F6F427E5
:10EC50000C12020BF7070FF4EC06FC0CFFFA04FA97
:10EC600016FDF90302F00CFD0B15FF10E5F415007D
:10EC7000E50207F9FAED13131C14100D16EA060845
:10EC8000F8F703EFF3EA0CFB1210EDF9FDF11E05A6
:10EC900011040CF10BF8E70B0F0B02EC1AEC01E777
:10ECA000DB1EECFBE8F2F3031210EA01FF1AFAE2B2
:10ECB0001B13031009F21906FCF90822FBF2E62FD8
:10ECC000F3FAF7F81013DAF7EBF2EDEA21F401FBAF
:10ECD000061BE301F4F61822E907F828D41BF6DC3A
:10ECE0001B3CF6EC12E6D80DCCE81B1BE5DEE60A71
:10ECF000E401EDEFFB4604DF2D1A0A0020D9E81CE1
:10ED0000EDF112F7E9EFE724F3F90D050F30D30425
:10ED10002F1C09FEF1E3FD07F9E8E40EF1F6F3E03C
:10ED2000EEF4FC040BFA0EE91D15D826E5E4E8F133
:10ED3000F40BDADEE7E605FBD4CCFBEBF21409F7C3
:10ED40002510E2FC000DFF03E9F70FECECFC0AF8DC
:10ED50000812F61507E5F4FD0DF703D8F213FA13C0
:10ED6000D5F11EF50AFBE411FAFF19FA16FBF507B7
:10ED70002919102021FB1A100614E7FFF20BFC21C1
:10ED800001ED0E25061EECF50920E80907FBF4F15C
:10ED9000D0260210051EDF05031EFB0D1218E2D25D
:10EDA0000804E91601E7EAFFD6FA06F5E2EE0EE7F7
:10EDB000E7030608E706FDF5FE23F9F812FA0F153A
:10EDC000F0E0F20FE7E4FC1E110DEEE7F5E0E1F3F1
:10EDD00003000CCE1300121FDAFC0807FB0F0621FC
:10EDE000E61909F5FBF5D1D8EEECE80EF506FB0BBC
:10EDF000F0F908F809F4F2F205EC10EE090CFA113A
:10EE0000FEF0FAF11BDD04FC13231B1B0F18F72780
:10EE100000000224FDE0F60EFEF900FF122419F2B4
:10EE2000FF0DFE0D140A1806FAF6FA130AF3EAF8B3
:10EE3000F2F5FEE42B100F24DE08E5301AE0091984
:10EE4000FCE4E11E0116ECF601EEFBE7F7F8E5182D
:10EE500004DDE2F20FDE0F03FAFBEFEFF4F4E3124E
:10EE6000FB15131BF915FCF5060C06E70E0B03D773
:10EE7000F4F800F0F1F9F423FD08F9FAE9F1F4DB14
:10EE80001CF5EF01010105BFE3CA09CF10E50EF043
:10EE90001625DCF7D5E9E602EBF2F6E0EBFDFEEA3B
:10EEA00002F10A11FD12020408F70129DDFE180320
:10EEB0001C1206F7F0F5FAF2F0FC0AE3261808EF48
:10EEC00008EF14F60E191A08040E0DE3EF000DF00A
:10EED000F6ED170004F4FB04EFDAF907ED0FF81371
:10EEE0000AE9F0F8221711CE0907F7F010FF1317FF
:10EEF000E4DF1CFAE81AF9EC04E603FB190E1DE541
:10EF0000FE14E6DE08DF0E2EED0A0920EE0DF9EF05
:10EF1000F505E7F20FFE160310E31608F5F508F104
:10EF20001112EBF5E60EF501FF1A1CE1F116E90AE4
:10EF3000FE22F3FEFBDD2823E9D81F03CF170F05C0
:10EF40002405E5E7371A19F1FFFB03E6F8C21221A1
:10EF5000E7E723EB091E02EB0012EA100717F8EBB4
:10EF60001F0B12160424F5F9E1DBE412FDE8041985
:10EF700000F81329F3E3EFFCF1000313EEDBF2F0EA
:10EF8000F8FAEDF9120615FC010ED6130805E7EAAA
:10EF90000C04E20CFBD5FFE1ED06EDEB21F90B1BB8
:10EFA000D10E1217EB16D220031A00F91E0402022A
:10EFB0001EF105E9F8EC18EC1407E3E9F8220EF667
:10EFC0000C0AEF1CFFF9000BE80CEB11071EFAE727
:10EFD000E6FA0CF9E9FEE6E6EB0D1D0CDB1F172344
:10EFE0000AF70023EBDFE40AF90003F7F0E30EFB76
:10EFF0000A06FC01F5FEEEEB040C14FF0AECF70424
:10F000001BE9DB180FF311EAF7070A08F00E04F802
:10F01000171EE80CEA0EF60CFF0C14EAF2040517B2
:10F02000FD2B08F1EBD0000C07FCEBDED410130F26
:10F03000E5EF22071306EEFDEB0413E904D80EFEFC
:10F040001CEAFCD8F3F1FDDE0014D800F0F3FF0C4D
:10F05000F4DFF3F71708F8E0E5D3F5090418060024
:10F06000EDF1FCF5EBEC1002FA0007F10EB921000E
:10F0700003100BF4FB111207E1F01923052DF80E14
:10F080001C2623131C0D0A0BDF10F509F5E4FA14F6
:10F0900028E4140A0AE228D5ECE9E2E0F8ED0402DB
:10F0A000E8E322F201FF03E2F4020FE91E1A04D89A
:10F0B0001203DD0BF116ECFCF3F2EE06F008FE0F86
:10F0C0000BE10A0B0A18E8F4E900E109FEF5091260
:10F0D000080BF605D326110CFA0806EA0817E7F420
:10F0E0000907FAF80518F1F4ED0AFF27FE0DF2FA08
:10F0F00009080AFA12090D0C08FC1C13E4F71C336A
:10F100001A0D09FEEE0CECD6FDE60307261A15DDF6
:10F11000F6090F080B0CFEE3D3CBF5071BF2F80A38
:10F12000FAE8E2F70002E60A0A05E61110DD04EF4C
:10F13000ECF91307ED0F05F0E5EC1613EFFBEA0A07
:10F1400015140205EC07010A09E9E902FFF30B07B0
:10F1500015F2F60210EA05F114100D0EEC1A050571
:10F160002412DF10F4E8E7EDEBE50CFAF1EFE8F339
:10F1700001F913F2E8FDF0E7FC11DEF707F002FBFE
:10F18000FBF00FE3CD06E424D60622FE02FA0AECD9
:10F190001119E6F6FFEC1C0FF3FE23F8E000F52A48
:10F1A000DC242FF317F6FF11E8F31FFB00FA16E932
:10F1B000FD1405F50EF815F01A1E0FF0EAE003F93C
:10F1C000F5E105DFFA0407F000F6FDEE0107180F80
:10F1D000131EFBF72210F609040F14E6160C0DFAA5
:10F1E0000921021402F50CFCE901EF220BF9EE04EF
:10F1F000FB1412E9F804EDFDDB0F10E5EEF6F00D5F
:10F200000105F7EB02F6F20BF51EFBE92E040325D0
:10F21000F911DDFCFCE7050EF2DEFF1C1F340201D4
:10F22000F6EBF23B181A10DBFA13B5F6E6F9ECD957
:10F23000DFC3E1F8F8F9E9DD1318DADF0FBDDC28E8
:10F2400016EA3319E4E2EE28E40C1CDFF0DF0AFED4
:10F25000DF160DD71DEBF72AE31105020C18EE148B
:10F260003726E9F5E5F1DC02E60516F623F710236B
:10F27000CDEEEB171B06FE28091819FED9EA00FE91
:10F280001A0AF1D9FADAF9F3E40C280A06FFE919A7
:10F29000E90BFD17F2E206E20705E5DDD8D702F932
:10F2A000F4FB28E7E502ED12020826F1F903EF105E
:10F2B0002318E1ECE403DFF50CE6F8FE1508141062
:10F2C00001E21EFF03D61C08EEFB19E10DF601F565
:10F2D00000F00FF4082015E7080AFE05EAF2E6F64A
:10F2E000ECFDF6CF15EDEC1505F917F40707F4233F
:10F2F00004FC000A200DF90209F9F2F828FE14FFB7
:10F30000FEF60F0911FCE61202F30115FC0C070CC6
:10F31000ED06FB2BDA0B01F70007F0D7EBF103E664
:10F32000F3E50012FB052AFC0D02FF22E411FDFDAE
:10F33000FBF803D9F000F1F30AFB1203141CECFEF6
:10F340001B01E42005E40EE111FA04E404EFFDF6EC
:10F3500000DEF805EFDFE908FDF60E01FBF2130D04
:10F3600001011509F513FC19201E2027F7DA0C11ED
:10F370000AF205D7EC01FB2517EE2CF32B28092404
:10F380002E0A250E0DF9321DE5EC0CE4FF0EF5FBFF
:10F3900004F81CE721130306161417EA0413E7E91F
:10F3A000E1170221EAFCFE01F7F3EF17DEEBF8EEBE
:10F3B00014EBDEE403DC150BBADF19DFFAFAEE0812
:10F3C00022F9E3F41FE21ACDF902DE06EFE3F60DAF
:10F3D000E6D6FAFAEF01F1FFFEFC28112017EBF751
:10F3E000FFF8FDF6FC05F308EBF8131D2C281104BB
:10F3F0000606CA170605EDEE11DCD61EF521D6036A
:10F40000DBFBF81528FBFA12CF15D02DE5E3DD085C
:10F41000EFEAF203F116FF091D02EA0BFAE50321F8
:10F42000F7FEE920FDE2EDF2E719FDF3E90822100D
:10F4300019000026FF0DF2F8EDFDF8EB25F71DEFA2
:10F4400003E7EFE7E4EDE2051907F001F4F30EF846
:10F45000ED0B1EEE0B0BEC030B081806E1ECF0E4D1
:10F46000F3FAF2D7E6DAD3ECF4E3FBE3DFF9D5E91C
:10F47000FDDCEACFE5FD0823D7FF19EE21E2E42EFB
:10F48000F8CEF0FF19E3EEFD0FFFFCF11007092C99
:10F4900016FC1DF612FE233402F00F2432FE1D0F5F
:10F4A0003B491CFCFAE8ED12F4FD10E4EEE50C1407
:10F4B000FF001CF90BF616F50F150116E2F2FC031E
:10F4C00003F3FBF5130FE9221B1BFDF9F9EFFD1FF9
:10F4D0000FFD120FFAE4171915060A070F0E14078D
:10F4E000F4171812F5EBF80D24161A0C0FDA03F8BE
:10F4F000F4FCF6E90702FF15D800120B17FDF00324
:10F50000F11EF4E8E1FD07EBFDFEFBF504F6FDFD61
:10F51000D9F60B0CF5FDFBE7E6050811E1F80FEB5A
:10F52000F4EEFFF305DDE61802DA0605E50812FA47
:10F5300016E8F4DF10EE0A04E30108FFE1FD0EFD1A
:10F5400018EE03F81DEF08F40112FCF0E6FCFEF0E3
:10F550000B23012F11EBEBF8F1FDFFEDFCD917F6B2
:10F56000F3FC071310D812E50315180FDCFA07F6A1
:10F5700005F11C09F5DD10E0F20714F41FDB0FFDA7
:10F58000E9E300D90F1F17E5FC0F0FFD19EA13E29D
:10F59000FEE6FD0E090203E327F5EBECF0FC151D7A
:10F5A000DF1913230003F21120302CFCF8070EFCA6
:10F5B000FBEFF70FFB0D14FBFA1C02E9F4F70AEC62
:10F5C0000A1316ECF20D1C12D3010C10EA0C09D32D
:10F5D00015EAE8E0EEF9F2D8F6FA02E821EDF6F2E3
:10F5E000E2E420D9E1F90C171B0BD60614FC1DF739
:10F5F0001F0CE8ED2BF0210D06F9FD16E02AF80AA4
:10F6000005E5FAF428151CFE161C0E16E8F6FF0C8C
:10F61000F713FB0FD3E601E60EF41CDB0B050DE13F
:10F620000D04FAE00AF300DDFFD90CED1FFC0D1A02
:10F63000FA12E306D4DFFD0102FDD92A00021914F3
:10F64000E2E5170E1E1009F2EF07FDFF0904F6EDC3
:10F650000302DD1EDFFC0200F70AF003E5EE17FAF5
:10F660000D1D0314F2030518FDEB17F5E00E00F174
:10F6700017080E0F01F7EDE1F314FB04EDFC080988
:10F68000EE2713F5EAF3F5012121DD13E2DEEFF8B1
:10F69000DEEA1FEC0110E302F8071205F1E706F8B5
:10F6A0002011F7F102F20004F60612F4F0EB0E0757
:10F6B000FD0D19170F08231DE80014ED160B09E6C0
:10F6C000F6D9D9E1F8FC03F710F5F9000C08EFFFC3
:10F6D000E61E0301F4FEEC25F5E912F0DF071B1529
:10F6E000181DF2FA1AEBEDE2F8E822CDE91C03143A
:10F6F00001F11003F5FAFA07190B0212043EF3E7C1
:10F7000002FEE53E18F1F1FA13F3D607FBCAF52A1B
:10F71000DDECCE00200D08ECFD17F22EFCECFE0B0C
:10F720000C08E215D7E3F9EFF1C2E1FB0E16EDF19B
:10F73000FDE416DF0615F1FAE9FE10F801DFF5FA2F
:10F74000E4F1E715F0E011061524DD1EE5F8E4F21A
:10F75000EF25EFFDFE0CE22A08EE0A0BE9CEE3DC12
:10F76000361DEEEEFC0305F7F70FF8F7EA06D13386
:10F77000F5E60321EB11FFDB2F04E6E8F6FDFC0BB9
:10F78000F3251AF6DCD6081106EE0722E70B011561
:10F790001A1412EC21E0EA04D6E5111DE813EF2259
:10F7A000FCF309FEFC1001DF1D37E5091FDDF6172C
:10F7B000E10002F4FBF21C200411F4F31BE42AF133
:10F7C000F8E90E1B111110FA1D01EEEAF60C18F102
:10F7D000FCD8E60BFFFB21170703F7070107FAFF29
:10F7E00013F1F9ED0AEA2114151B04081AE7FDDAF2
:10F7F000F2D7EDF6D8F6FD0B001809EFF2E60EFE93
:10F80000F809F8F8FDFBF211FCDEFB0A182C14D7FE
:10F81000F504DEF90129F7EAF91307FEE80E17FFF0
:10F82000F3FF012218E30AF300DDE9EDEEF2FA013D
:10F83000FFF7ECF1EFFC1617DFFFF70D22F1FA06E8
:10F84000E7F3F71DF7160F1C2A1405F5002611F132
:10F85000D003FCEE1BF300FA0110F0FC12EAEC21DD
:10F86000FEE50505E5E6F6DD1024F11BE8F0EEF512
:10F87000D10A1FF5D8E6F603E3040F0FD714FBE413
:10F88000243800E600F1FBFFF5062602E10DE90849
:10F89000E30A1C0DF803EE042A25EFEAF6D9F2FE7E
:10F8A000DCEEFB04FD16F709010B0FE616150F152C
:10F8B00005FC01FAFCF21402ED08D510FCF102FF80
:10F8C000EC07F4110ADCF60913F9F4DBED011C1363
:10F8D0000B101D0109F3F6041A091DFF06E4EBEFF6
:10F8E000FD0F1403F6F021FBF8FF2D1CF4060B03AB
:10F8F0001F160B0BFBFC1811F8D716EAE01422EBCD
:10F90000330900FC0D151008FC0303040CF8021267
:10F91000FF07FE1F10260CE703132CEB11F9EBFA7F
:10F9200019161FFDE309120EFD1CF5010BDAE91093
:10F93000F2E2F80AF5EBDC0FF1EFF0DE10EB0AF182
:10F94000BDE008FB01150D0200FEFEF603F2FED934
:10F95000F51709ED04F3221DF0EA1E12EA07110D56
:10F960000FEE120DFF1EF501010202E1EBDDFCFCC2
:10F9700012040905C7E4FCEA06FB0AEB04F216FDD3
:10F98000EE01FDFBE8D4FD0FCCCD1403DC05E8EE61
:10F990000705FDF0190CF6CD02E1EFE814F026FDA5
:10F9A000DADF1EE6EB021E0418F206FD070F05DF84
:10F9B00032F0F4F622FB19FDFFDA0CD51109FBFD3C
:10F9C0000222F51009F6F1F30506EB17F107FF0E19
:10F9D00006EFFA17FE090AFA1801EFF5F2FEFF1416
:10F9E000F2EDF914FB09F913E9000D070B161202E9
:10F9F000F316CA08F4ED0C01FAE8ED19260B12FA19
:10FA0000F9CE08FAE6091BFC240BF1EB10120FE10A
:10FA10000CF0E20E0A1105011DFFE4221BEB0F1191
:10FA2000F809070DF7081A03F306F102FC111AFA98
:10FA3000F5E604E3EF0410FC070DCE1319E510E61C
:10FA40000FF8EA0302DD10F9FFEA01130C2204FCAF
:10FA5000E9F8D5081917FF09FD14F1181EFAEC0989
:10FA6000072500FF1BEEEB23FAE3F5FE04EFF8EAAF
:10FA7000E9E6EA10E80CE1F3EBF0110919F913EAF1
:10FA8000FF15E808F8F0E1E708E8FE16E7E1F20301
:10FA9000011EFBDC1CF7DD010CFCFC2609000F0F2E
:10FAA00017F5EF14EF1205F5FC00E8FB23EED81272
:10FAB000EBD8FB13DCEA150CF9FFE8E3E3211CDECD
:10FAC000EFFFF6FD0BEC090102F8E5FBE8E20806A2
:10FAD0000A00E40B10D91A29D8EE17F0F22BEFFF29
:10FAE000FBE4F3F51B191CFB0416FA08F1D0EBF349
:10FAF000021DE8F0E2E8E5DFEF17F2E0DCFC06F8D3
:10FB000007F013F8FDF7ECE92220FBD9F1FFEB0336
:10FB1000EDF21D05F6FCEEEC0001FAF5FFEF270B08
:10FB2000F7080FF6EA11F7191AEEEA0A28F829EA97
:10FB300026091319032DE9FDFF09EC2430FCF4EB31
:10FB4000DE25FB14EDE8F10E000BF60BF9110FFEAC
:10FB500016FAE5F217E800FC0E10EDF7F0E3FB19DA
:10FB6000E101FE07FE221100EDD5060FED1510E3B1
:10FB70001008D6EA10DDECD5FBEFF415F8FE2B35B6
:10FB8000E6C604FBFE12F4F526D7FCF42EFA20CDCF
:10FB9000F6EEEDF701FA1101180915200D0111011A
:10FBA0000C21070CF7F107F10CE7F7090724F0FC2B
:10FBB000F7F6F5290EF6F8F2E6E4FDE6FD00EFE8CB
:10FBC000F7E9E7F3DD02FDF23019FF23D8DCE601A7
:10FBD00004EA27DFE1EE0AFB11E5FDF4E002E503AC
:10FBE000FD0DF205F7FFEC1F0A00EE08F2FFFCEA3C
:10FBF0001B0D0BF31327061B05E6090F1403F00971
:10FC00000F03FDF81901F1F70EFDFDF8E8FD1706E9
:10FC1000F0F3EEFBFD01EF06001B1C150508E522C5
:10FC2000FA13121FE5E4F80905FB0BCDE61104F702
:10FC3000030302FBEF101128FC1B1F1107EA00ED64
:10FC4000FC1614F3DB0D05EFF819FEE504F60008C9
:10FC5000F1050AEB00F501E8CADB1ED32BFB0917FF
:10FC6000F2E0160808001A08F907E40FF8DFF301BC
:10FC7000E4EA1FB927F3190BF6F51031FE11082C31
:10FC80003200021A03E705F7F1E1F8F912FF0CF56B
:10FC9000CB100F091411101EFC06FD1BDDEEEF1535
:10FCA000F2F5E72D06FEE8FD13D6F6E8EEF20ADAE5
:10FCB00006D5DBDC07E71609000EFCF7FE09FDF4AC
:10FCC00021E0F80C1A1318F4F2ECE8E3F3FBF71B4D
:10FCD000DEE40215E7F001E3FBF6EADD23F0FFF5D1
:10FCE000F3F7F5EF111E231D18FF0214FA0203E8C3
:10FCF000140916F107070B00DFF8FF161223FFF6B1
:10FD0000F10CF30BF5F01CF90008190F16F2E615CB
:10FD100000EDF60E1831041609E011260210FE124D
:10FD20000F07D2FBEDF10AE406FCDD0D03280F00FE
:10FD3000E0FCFD1AD8F517E621FA0EF40A0E17DAE0
:10FD40000109E60AF1021321FA03EFEBDF1A0ED4E0
:10FD50000D0610E2200601EBFBE918E5E9EA1707BA
:10FD60001207FB27EF16180E2FF9FDEA27071BF5E0
:10FD70000708F90615FBF012061908FBD302F2F783
:10FD80000701F0D8140A06CCF8E611E6F7FD0E15C7
:10FD9000F0061C01E81A02F5DDE9F1D52005ECDBDF
:10FDA000170FFAE2FBF2E7F81613F1FAE502EDEAB3
:10FDB000FCECFEE9E5F3E7F600F3041001E0DEF306
:10FDC0000DFC080604FA0B08D41BFE0FEA12040A05
:10FDD000EAFD0511E8CBD8F20104F9EB05E914F6C8
:10FDE000D2000526F30BED290C2300141CF9E9FAC7
:10FDF0000B150EF70A0903F5EA18F41AF4090418AA
:10FE0000F2171713081C2106ECFD08001DF6001A56
:10FE1000F10FFB08FDEDEEF31C16FE19011CF0FCC2
:10FE2000FA07F0E91704F516DDE405271DF212299B
:10FE300017FCFCEE0808D903E80C06EB070EE1F707
:10FE4000FFFFFD11E21316F8F51C0709E5FBED01B4
:10FE500013120FE1D7EE00F3F50325FCED0D14F2BC
:10FE60000D0709E70CE408FAF00BF7FDCFFCF002F0
:10FE700000F2EA0500F720050201FAFE14EBFC1778
:10FE8000F9E313F4E50EF9D120FF03EDF9FF07FBC9
:10FE90001700FE070D21F4E52309FD27EDE4F2022A
:10FEA000060C0013D9E10D02EFFFF3FF04FD081B60
:10FEB000ED041E02FC2310E9F5F9E4F2060124E248
:10FEC000FFF8F91619F2F82BEED80A05F4291BE30E
:10FED000E803EFF401220AE91EF91A1F00F4F3FF08
:10FEE000352B0517F7EAF0FDF32219EAE8E0DF0900
:10FEF00000DE141E1B00E0E122FAFCEB17031EFEDD
:10FF0000ECF10CF5DDFDFA0FF9DD0A18F70CD4E081
:10FF1000F7011201F504FD01E119F409F8E7FEF912
:10FF20000CF8131BFF19F4F9E7F003F3FE09FA08C4
:10FF30001AF9F310F3D70022F7ECE20EED15FEDE0E
:10FF400005F1EE1A0C16EDF0EFFCD5120CF10DFCDC
:10FF5000DAF6F6EF15161B05D9DBF812F917130DB3
:10FF600031F2E3FD07EB1AF50807DCF6E6FE29306F
:10FF70000B1E0809D5E5E5151FE714E3F91007E99D
:10FF8000F4E7FDF903E3FEEDF4FEF2EBF8FA110BF2
:10FF90000BF7F7F3F7F805F90106FA19F0FA03146D
:10FFA000DCF412E4F21311000C00FE09260618E836
:10FFB000052B18020BE2F4EF20FBF2D51BE9E82435
:10FFC000EE1F080104E0002208E1F1FC16E1DFDA8F
:10FFD000E8FEFAF2060A18EDECEFFB0609E9EE0B73
:10FFE00016F9DCF81BDDE904E5D9EFED0D1314E398
:10FFF00014EEEFE5EBF5F3020E02FBF01C020A0B28
:020000023000CC
:10000000060504E2FD0B040A00E510E11FFC26E4EE
:1000100012E8100801082334EDF1060B00F8F7147C
:1000200002F1F6DA2E0F20F81EF202E318F0FE02BB
:10003000E1F102F8EDF5F5DB10F6E4E5131913CD67
:1000400007FAEBF2050AF7FEECF802180C1F02E2C1
:1000500018EB021323FF0207F1FC1811F9E50E2D2E
:10006000EA101421021B0F060DF7FEF128FD1CE318
:1000700010ECECDF07FB1C3104ED04F8EE1615F76D
:10008000FE18F3060C10F8FBFC180BEB2BEA1FFF15
:1000900007E70D15EC1B07F3100508FEFA0AF1F54A
:1000A000EF15F9FAFD20EBF1FE0C0A230C16F9E529
:1000B000F6F4FDE505EDF306001A07ECF9050C086A
:1000C000EDF7E7FD06E4F517F40DE6FBF5ECF71D9B
:1000D000ECF6DF010403EA14060C051B0C1202FE09
:1000E00012F5E50EFD0615EEE4F5E4170EE4F0E575
:1000F0002124E71CE80E10FAF1141FF5E90F07029E
:10010000041D23FDFFD3E5FA1308DFE4E2FC0DDF55
:10011000F50935EEF40AEE1C0C14250805EBF6077C
:100120000CF6FDF116F101FDEEF4D5EBFD0BF00F31
:1001300008FF0B0BF0EBFBF8EFE00EF5F5F008FD18
:10014000F6EAE90A07181303000EFE0CF8DE15158F
:10015000F40A0BDF0A1619FEF90FF9141B1E0B0B1C
:100160001FFCF5F504E4F71901DC10DAE90BE4F201
:10017000E505DB171C17F7110A17FBFA07EAE2FC83
:100180001F24EA120DEAFD06E0FCEB0CDD02F7236A
:10019000E60814EE11F1E2DA26FDEC1AF40FF9F498
:1001A000F1FAEDF0E00B05150C02FF0EFEDF171162
:1001B00004F30FFF11E302160A040C04FC010612FB
:1001C00005F3F2F701E6FFDB0E0DFCF01B0906FF5D
:1001D00005000214EEE7190FF00F13020211C7CF4A
:1001E00003FEFCCF1BF9F611F0F20C18F6F5F01235
:1001F000F1EEFAF8F829050AFD19EA0006D8E70336
:1002000013F506FAFADDF400FDD8F2DDFA05FDE695
:10021000FB02FFE610EF031D010CD70FF9DC1CEC0D
:10022000E505F3E92BE8FF0F01D715E9E31304F621
:10023000E60311F715F525FD092806EDEE14EFFA92
:1002400006ECF1F818DDF234EFEE1C0D12F5F9377B
:1002500003151418F8F7191BE6FE0FDEE4F817ED86
:1002600020F91016280112141E0F090508CC0903E5
:1002700000EC051CEAEDEFD6FFFDF30B01FCFAD212
:1002800009F01411DE101912EDEC040607D200116A
:100290001BCD290516031D0314EFF00814162623A1
:1002A000F0DE13F5FF151D13FEFCD2E217F111006D
:1002B000FAE2EF000CE906F7130BF7ECF70C10F974
:1002C000FD0A0EF3070005E91C0FEFF00DE1FDFE3E
:1002D000FFF0F806DFEAFF0522071CE50A001DE92A
:1002E000FC0511E4F4C51525FEDB2BD9E00406F36B
:1002F000F9E9F2061A11F7F32EEB10F3E9EC02EC30
:10030000130EFF070FEDF4E3E320FAF7161D00FFCD
:100310001713FD0815E0000804F11607EDF303F3C9
:10032000FD19DFFCEF1609F50E020F15FAF1E7CF04
:100330002CFFEBF40C1718FCE701ED03DF0BFE17A5
:10034000FF11061D1705E5D1F502F114FEF00CF9B9
:1003500006FF0AF6FF1C17F7DC0F0502D7D4FA18C0
:10036000F91CFB020B09FA220300F1221114EEFF23
:1003700016F7060517D7DCD304F6F6D6DDF802F338
:10038000EB1511F6DB14132DF73616FC14FFF7DC12
:10039000EF090B06EF08F9C7090816E1E3F8F6EFD5
:1003A000ED1E18EFF1E0EB0F0E150A14FAEEF20E47
:1003B0000AFDEC00F9F90604EEF9F6F911F10AF27A
:1003C00005E2F4D30DFD0214FDFFD926F9E2F4068F
:1003D0000A27F1230FF1DFDE04F5010BF8FB0A0415
:1003E000ED051314EB12E4EAE60310F5FAE8101A2F
:1003F000050F151A010D19F6F4EEE9FB13F9E7EDF7
:100400000FE6E6F4E9FCFBEA0A06DDF5EFFAFBE8A5
:10041000EF120EDDE708F1EBE2F105F509FA1D0F29
:1004200021ED00EA13FA0404080AFE05EC00E914C1
:1004300007FBF70FFA0A0F160BDEF4DA240DF92486
:100440000B1A0C2BFFED102F07F612FF10DB0EE539
:10045000F8001BD30AEA0117FB0D142416190F220A
:100460000730220DF6D01BFE150EF4FFF6080EE93C
:1004700009130009F7F5E315F3FF1304D60F12066D
:10048000060DEF0309DFF6F108EA19EDD8E200DC0A
:10049000D9F6E9CA1BE4F116F41202F60904F8F5DC
:1004A000FFE9E1DF1AE61500E3E3C4F4180CE7F214
:1004B000E80106FC26FAFB13F006EB06FDDCE91466
:1004C00001E5E0EE011214F81305140FF7EFF9112E
:1004D000F5EB030BF0EDF904E4E0F8E702EEEADFF8
:1004E00010F300FAFE0516E5010A02020F070608DE
:1004F000DBF0F7F7F8EFEDF71420D712F6F1F6EF8F
:10050000FBF71309F7FCF000E5FCF90B22011008DA
:10051000EEE202F7011704F400F2FBDC1CE31FE13A
:10052000FEE0F0E7FA17130CFFEE0B3AFA1BF201AC
:100530000807FFF90103E9080B05F302EF11E4F0E6
:1005400006E8F5F112EFEAE9E412F914FE03F51DED
:10055000F62715FA0BD5FA13CCD41EFBF0151CF5B3
:10056000F807F3EA251D06F9FD10080EE21300F75F
:10057000001BF61DEBFAEAEF0CF91805FEFD01E48D
:100580000DFDFAF6F1FDFBF014F3E4F701DEEDFDED
:10059000F4EFEAF2DF09FFEDF609E7E0F03B02E9EC
:1005A0000419E82E23E70415F30DD610F4E518021C
:1005B000ECFCE4FF24F91C07F9DFF81D141F0EF210
:1005C00016EBEDF30BF21DDFF3E0D90DF5F706F5B1
:1005D000D2ED1F18190A09DB0AF4E90DF1E9F4D28A
:1005E00011F0F2F4FAF107FBF5F0F201D5F90EFF84
:1005F00021F7EFE1F80203D2F8F8EDF72214EE1B31
:10060000C9DC0120F51D1D011DEBF6EBFD0705F012
:10061000F4E0DFF1F11AE30101ECE81EE7F2E7DEB6
:10062000FF0B10FA1701E9EFE9EDF4F219FC0FEFF7
:10063000DAFAEB180F240C0B0801000A062004DB81
:10064000EBF7100FEF1004FC09F704F1E51502F2C7
:10065000FB0B03FD19ECEE0603F7EEF7F3D80105EB
:10066000031906F6FEF7100AF210210A0016F80C1C
:10067000201916F9FB2A181FF1E31C09FEEDEE1CE8
:100680002CE309ED1A060EDFF4D800ECFEF5F20DAE
:1006900009F210050306F4E9FB07FAE204F1F0F4AD
:1006A000FE0301DEEAFA040DEAE0180411EB021B76
:1006B000330320FF191A17DE1CEFFEE71C13172364
:1006C000EF050B31D61413FF1CEB07D0041006F115
:1006D0001CE9FBEDF41A091A1C0CFB32F517090E84
:1006E000010513EC21EFFD0820EE0903DCE90212FD
:1006F0001E2809F3F3E1FA0AF30B26E5DAF5F01503
:1007000001FE1AF3FF0C14E9FDE1EB0DFE0211CB23
:100710000508EAF6080AEA18E5080726E90CE0FEEB
:1007200010F3F4FA07F8E9F3F2FBF516F8DCD83029
:10073000FEFEE924EAF9F7E908F3080129F70C12AB
:10074000F60801F308F0F10F12FBFF050F0C0B0484
:100750001D15F70515E925F9162FE7FE1207F6F224
:100760000AF3F02521E2F7F7E3E908EA2203FEF7AE
:10077000FC08E5060B01E9140210ECF6EE16E70A98
:10078000D60204F600E703F500EEE907F0EA0E0BE7
:1007900001FEF808F430250A0D0D060C26FBF618AC
:1007A00019FBF00928E604F50FE1E706F300041A47
:1007B000E400EB1FF6F2FE07E0F607DBF3EB04CEF6
:1007C000FEE7DBD5EBF8281CDAF3FDF8E4ED1118B1
:1007D0001AE80DE821EAFACB15F0E2E6FD0326134C
:1007E000FB1C1AFD0CEE141413E61CF31EE524FE8C
:1007F00014FA0CDCF6030A16F7F922FFD91B2103C1
:100800001FF100E6081DFBF2F601F7D900F91EF80A
:10081000F6E01F23F6FFF3122C091601230219D963
:1008200006F8F7F60004E7EB0F13F7E402F6FF0E05
:10083000EA11150104F8EEF5F8141D0608DD181785
:1008400016F9FEF7E50509E301100CF608F40F1799
:10085000F80002E014D6F008EC04F300D4FF21D134
:10086000010AECD2F511F806FCE61B150103FCF1B8
:100870000104F1F806E612121909EE0001F2121D48
:1008800009EB05EC03F60BDBF8D8EEE8EFFE170EEC
:10089000F5E90BEEEAE0FEF7F2F8F8EEEFD3EF043D
:1008A000100706F102211216E412FD1D072A121884
:1008B0001A472C190525F1F2E4FCFAFA21F7101574
:1008C000F4F3EB001303040800FC05F007FFF00C41
:1008D000FF22FB1F0308E0F0F5F6E1FDE6EC02F96C
:1008E000EAECF001FAEBDBFADE1720F4F9FFED1E7B
:1008F00014E0F31302F91CFAF8DDF6F91BFC1217E9
:10090000E9010D1ACF131CEE1CEC0CFD1807F2F3D5
:10091000E1E4E6E2F8F9E603E4F305020A03FBFB8F
:100920000EE6F5EFE305F8F708F30CEBF10EF70A26
:10093000F1EE11FC05FCE22813CFF204F4FA0CD519
:10094000F40DDCD7201D03300F17213B102D0FDFD6
:100950001E13EBF5211BF50001110617FEFA170215
:100960000DF6E9FBFE1619F706F9F2E7EAE909F6D2
:10097000030F0DF502E92D18E1E922D5D319F2F1A3
:100980001DE4ED022BF510F8F9F9DCE1101A00EB8B
:1009900015F8EE3525F7E6FAFE1CFA18F3FEE3111A
:1009A000E2F9F5ECFAE9E9D5030DFC11FCF3FF09D6
:1009B0001211DEECDDE901E3F1F5FDF91FBB1A2FA1
:1009C00002EA15FCF91F0B190107FA08100221F3BE
:1009D000F6FBE7FEFFFAEFFFF4230AE81CFBEC2925
:1009E000F7F4081AF723F9111E0CF71400E1EA09CD
:1009F000271611F21213170DDC19EF1EEB19023630
:100A00001C21EE12F3FAFFEEF6E002DB2B1FF8E6F4
:100A100001140B00FDE4EC2FE50BE41CF0D0FD000D
:100A2000FDFA01D9FD07FFE507FE11F1F21CE8EE22
:100A300014F9FD04DBF8DE05E80FEACA07E5FE0558
:100A4000E3110C11E91B01EDFE13F3F10E0DE10BA7
:100A500017EE0406FB0B06F004F3DA01E9ECF5FFF0
:100A6000EEDEE2EE02FD2423EDEC15F5E6EF10F4E8
:100A7000E9F8FF13120C1A141D2707EF10FBFF2BC8
:100A8000F606F6EFF5FFEB0DF7F91D0A0807F30779
:100A900012170114FC110FFC051B09120CF51504AB
:100AA000E7F60611F20DEE1609F902011D04020621
:100AB000FC07FD27E804F7060EFEEF01FBF302F248
:100AC00012FE13FC11FEF812F9FAFC02F5FBF6FA1D
:100AD000F80FEAE7140BE7F10C05EAF40104CDF195
:100AE00027FFD9FE0EF20A00FFFC08070419E11CDB
:100AF000F10D0F0418F620150CF22429E323F71446
:100B000031EBCFF4260C13F919EFE3EBF2CAEA0D3F
:100B1000F8071716FF1BFBEF01090BFA10FDE8E2BF
:100B20001416FA000909E7FF10F4E6EA00FCFE10CB
:100B3000C811070FF91FEBFDFE1CF4030AF7E8E9E3
:100B4000F1FC03DCFD04EF05F0FB0706EDF7E81D03
:100B5000E0F8F512E8FCF9FA0310EBCC1D050B03E5
:100B6000F80AF011FD010406112AEB0611190CFA1E
:100B70000A15F3F71810E5FBE1EFFD1B0AF9F40283
:100B8000E4EEE7FBF5B8081DD2BF11D1F81F12FD46
:100B9000F70ED6203005FAEF1F220FF70FF001F104
:100BA00007F221D0161E02FAEEFDFF172333FFECE9
:100BB00009100E1022F61D00FCE3FFFB08FF0307DF
:100BC000FF1D08071C0128F52BF4E30F01E5FE0BC0
:100BD0001518E8FDF3D8D90EFBD40509E5F3E9DCD7
:100BE000140AF50B07E8E604E4F51AE10EE0FAF75B
:100BF000FEE11107E51E0FF523320BE309FCF8E0D7
:100C00000D18F8F7FBE2E9FAE2041419D61BF6F422
:100C1000051D0B19241CFFEE24FC1110D5121CC459
:100C2000031504D2E9F5ECF5D9F80B08FA2BF91FF6
:100C30000B0D0210E70BFFD61317D7F70409FA01C3
:100C400011F5F2FD0E0B11010E190A04F5FC00C896
:100C50000019EDF4150605EFE9F9E9F3FBE3DE030E
:100C600019ECE9F5260FF704EEEFE907E2EAEB1FCE
:100C7000F1151703EBFEDFEEFC12DEFAE8080BF8C5
:100C8000FCFA190CD3F5F72402291A05DDDC0F0351
:100C9000251E12F3E9F10911D8FA1CEEEC170C022B
:100CA00009121506F221F0F42218F2EAEB0E160CE6
:100CB00007EFF2E5F5F60EEBFDF4F1F91EF5ECFCAD
:100CC000F4E60B02EDE90503FEFCF8FC00E4030486
:100CD0000618E819E9D90DEEE6F010E818EF01055D
:100CE000D9FF0A0FF60D13FA041C040010151802A0
:100CF00013E50A15050B1F1D030DEF0AEEEE07F8AD
:100D0000E6E50FFA1523EDE5E9DCE53730F0FCE325
:100D10001405F316ECE9FA0AFFF9E413E11618FEDC
:100D200001FBF536040AF908F2EEE503F0F3F205EB
:100D300016DCF4EDF4021BF6F00819F8E2021605D1
:100D4000220204FFF9F0EFC31600FE09FECEFE25D5
:100D5000ECDE0EDDEC03FA02EEE6F11528001F0BC7
:100D6000191106FFDEE0E0E7110515E5F612F6F0D1
:100D7000CCF3F21A071AEB27F0140BF9F9E10EFB8A
:100D8000D9E8FD05EB0811EF221114ED1E0E00E16C
:100D9000F81A04ECE8E60829CAE007F9FB0816E1AE
:100DA0000B080CFB0AFF1AD71800F70B0611E6F226
:100DB000100AE3F914E3FEEEFCF918EEE3F113F385
:100DC000E1E517F21FE4F8FFD6FC1003EA1104E294
:100DD000071712F8281FF20101F7FF0003DC222990
:100DE000090BF033F3F80DFFF8EEEFE721FC24F6E2
:100DF00008EF14E92C10131909091F16FC111BF830
:100E00001BF2F4E403EAFFE2101A0E08E90411FEF3
:100E1000D9020B17F5EFF5F40A0ADAFE0B06F0DB40
:100E2000EBF5E2E41100E1E00113EA2814D9DDF169
:100E30000BF204F8D8FDF6FEE1F8F6E3E9E92D0837
:100E4000CEF717E608090E262AEAEBEC290E1BEE70
:100E50001BF5E9FFF00AEEF12116E72518020E094D
:100E6000D8241A08F8FBE10BE1011C2603F2E0E6A6
:100E70001F06E513EA09F7FBD61407FBD3FAE224B1
:100E8000E8F1170EF011E50A2620FA0F0C1302F70D
:100E9000FBF220F8DEF8E0FCF7EE25040F14F6F97B
:100EA000090BE3F710FCE8FFD8EAEC0A03E7F01AB5
:100EB000F611EFF00223FDDDF1F2F90512F4E70F70
:100EC000EE01FBF90DE70EF60BFEF60C0FEEFCF44F
:100ED0000CF0E8031C09EA13EA01120CE2EE1120FF
:100EE00004FD121C0EFDEAEC071BE534EDECEFE40B
:100EF0001714E9D1D7E603F8FBFD14E2F6F80AFB74
:100F00000D1BF427FC0E13F31BF0F407FEFA191463
:100F1000DEF209080A051B1E190C072118FCFFE563
:100F200019161113FC03F8F6EF1511FA1A17052418
:100F3000F4DAF524E60513EB0219C6E81B0CEDF90B
:100F400009DCFCF1062701E00FF9F71C0912FDE8A6
:100F500006FAC8FEFBF5FB1A0814E4FFF1270EF7AA
:100F6000E4D5F304FE1A03E3E10B0AEEF5F3EDF228
:100F7000F7E70102D8CAEF10190809100D15F6FCA1
:100F8000DBF5111C0E1DE7FF0E100C050D01DCDE5C
:100F9000112CF8EF11E2EE11CC1C0E00E7E9100B5A
:100FA000FD152113091A01E70A15F6FB021314DED9
:100FB000E8FF09DBF9E804E1EEEA130405EE110CA1
:100FC000EF01031ADF1D060711FDD1F518F125D930
:100FD00022F5F9E208D81A0EF4E112FEF71E180EF7
:100FE00013131AE7ED1812F002EE11F8FCF10D0CD4
:100FF000F90816EEFEE617F9F6141F0B18F2FE1D9F
:1010000000FA0DF2FFF5031405021BEF14F815FDAD
:10101000051C04000F01EEEDF9EDE10A04040F0DCB
:10102000EED319FCF21105E2010BFFE913EEE1F931
:10103000F1FE0912D809FE10DDEBED080EF0DE120C
:10104000080CEEFF12E315EF2101E7E5E72210029D
:10105000D4010C0A1502FB262105D4F4F7D709EBBD
:10106000E708EFFAE805F3FDE300F927F1011104C1
:10107000EDFEDBE803F306E216090AF7F4E0E9FB0C
:1010800006FEDC1C01E9F2F80EECF1E3DCEEE2E92D
:10109000F80601E014DB0D071CFF131509F8EBF44B
:1010A000F1F4000DF71304DA16DF0909EF27DEEB80
:1010B000001CF5E809F5FB16E7FE050BDCF5EB0572
:1010C000E5FC05FFF526EB0C1220FE20EC03F307F0
:1010D00019FEECFAF20C01F5EC08FF0C040EF4DB3F
:1010E0000902E51A1C0DFCFDF81E0616FEF4051893
:1010F000F0FF12190404030303F720D6F2E6F30EFF
:101100000903D9FE1CDE180304F3E90C21EEF215E5
:10111000EEE315FAED1511F2FBE8FDF8252412E8CF
:10112000FBE911F1D60E10FDF426DBF700F8E71B02
:101130000DEA1500E9F2F1D6E0E30BD6ED0F14FC51
:10114000CCF110DA000C180BFCDBEA0821FA0AD209
:101150002518F6FCFDC6F71112E30FDAFE1313F3A0
:10116000E7ED13182204F70EFB270810FBF11525F5
:101170000208270E0600FB16F00B001A271626DEC3
:1011800029FFE2E407F0FCF118F113DDE7F3FE1F9D
:10119000ED150F04FB1AF4EF08F215EE0B0D01E04C
:1011A0000FF70BDE060AF605F404F60A0D0BF80D30
:1011B000F4E915F018FA00E4E6E3FFF5EC051E0C7F
:1011C0000710F6F103F90AFAFCEE0B051C1BEBFA0B
:1011D000DAECF11C161D0FEEE314F7FD0B0DF4FE17
:1011E0000D080C030602DF0FDFECE30DF0F60B0336
:1011F000F5EDE9FB0AEDEFE7E502ECFDEF0AEFFBA9
:101200001022FA23FF0BF8EF0BF6F01DF2180BF08B
:10121000DEFAF900DC1CF90D270ADE1401F403FEE6
:10122000F7E216E1D613DCD4D9E1FBDEEB2215237D
:10123000271F141203F1F41326E7EFE101D7FFF0A3
:101240000BD508C4E9480606F003EB4208FBE51598
:10125000F6D8D70BFED9F1EDE701F3E1F12C22002E
:1012600013261130E309F2E9F4F014E5EFDAF9049A
:10127000FFE60A0311FB06FE0C05FC05EE0C15EC5F
:10128000FFF4F3D1EBDB00F6E8D4F5FEFDF515092C
:1012900002001411D915F1E4091715D603F20EFB5B
:1012A000EF1014100F07FD18DCE321FCDF0F101402
:1012B0001BFDEDF1F30E1308FD040B111F091F16A2
:1012C000FCFD2100F41D1F041E100FF3FD0FF3E6BB
:1012D00012E5FCFD00D7F2D5E2D9F4FFEA16FED6FE
:1012E000F525F2050F2EF313FAFB131A09D9FCDAD0
:1012F000CFD0FEF8060DFCFCE70C0808F512EBE772
:1013000010EE00FDE7D40E0CF8FE11D1F51601FD2C
:10131000E0F6F217150510F9030BFEF3E736EF07B9
:10132000D7EBF21D1413F4FF151AE619EC0117F1AF
:10133000E709E9F8EF0A2620D6DE17FCF1F008F1FC
:1013400013F1DCDC26FE0ACFF208F8FF1CF00221C4
:10135000EBEEFE20D01110F939FDF1E5FCFAE9DBE6
:10136000E503F8FEDA15E7FE1205EC20F8E90114B2
:1013700020FAEF14F50B1AD5FF140DFB0E022A0705
:10138000E5FA23F8000E0E1B2C15E0EB09FA14D534
:1013900023F1F8F1FFD40A26F6E22506F429FBE34F
:1013A000FB2403F60AF5E7F310E909F1F3E7F6DFAA
:1013B0000E1DF505F5F9F3E9190F1503E3F3F5F43F
:1013C000FA07190110E8F51106D3F9EBF40EFD0345
:1013D0000410E9E316EEFFE105F0FD17EA08DE0C64
:1013E0001002F4F211060EF9D91DFE07F1FFD6FE28
:1013F0000D0EFF120AEF0C0F00FD11040A0308F78F
:10140000190E08FB13041B0AEE12020BE7F0FD1F76
:10141000021306FA0D001916F91016ED2518F3132C
:10142000140216F80AD2EF0ADDE6FAE702FA0AF623
:10143000FD0E020F150FFCE6EE110B03F10416EF83
:10144000E710F21311FCE6F5FF00FD0C1101F11C91
:10145000F3E60010FBEFF4FAFDEA20CB02F4FF1BE9
:10146000DE03EFFAFAFA190F1FFBE8FC16D4100D91
:10147000F5F3FBE7F71CF618F00A2C082B1F2607DC
:101480002B2D03F8E205150C183DE009F1F9E50EE6
:10149000ECEB0CE2DFF700F301F5DFF3FBF8F4010E
:1014A0002E2C03F20404E7FAE9FED2FDF1E4F2F394
:1014B000D0EAFCF40EF9F8E8D4FCFC100E1A02F69F
:1014C0000B18EFEB170C06F306F1ED1C08000000FB
:1014D000030003001800300000000000F0140300B7
:1014E00000150300FC1403000415030000010800AC
:1014F000EC0D5C16FD53AFFCF3FDF6F00B000000A5
:101500000C000000000000001C1503008C150300F7
:101510008815030094150300000408002B31253FB3
:10152000184AD9E60756291438F6C0FC07B2264AED
:101530001CF033FFAEA9F2E6E73DBBED44C9ED4236
:101540000ADEAA3A29DC41EA50073810E1E127D542
:10155000F5B4E6FB42F2F72B04E04C02B8BA202DBA
:10156000202CEF1F4CFE204055C40515A0E8AFC34A
:101570002D45FD0E374552D4B953F0BE31371FE229
:10158000112EFD100713504808000000030003004F
:1015900001000C0000000000AC150300BC150300A6
:1015A000B8150300C015030000010800E52DB115B2
:1015B00024ED09E82ED600000B0000000A00000010
:1015C00000000000D81503009C19030098190300BF
:1015D000A019030000020800C9432FED322F0FD7D6
:1015E0001C230DBDF5FCCA060EF30A41C50AC5CA87
:1015F000EDDDFD1025B92EE72AC2BDE4111AC73072
:10160000F0E43E2030F136EBDD0EEAF72D0F20CC72
:101610003416CAFCFD0FC6FF37CA3AA7E5D9C1BBCD
:10162000D81FFEC32934CB0AF6390CD22BF12BEF8D
:10163000BCDE16A7E71202D8C3CBEE33C9F908F017
:10164000D5BE50192B1817CF2C010738E53C1FAC1D
:10165000D415DAD0E3D835390BABD8DBD8BF10FDC1
:101660002122EB3D1D38CE021C1D060F0AE90A0897
:10167000FDD408F008EAD42D1E2F332E2716F72CA0
:10168000F5254325EB0B08C3C619E3DC293D0FF60E
:10169000DCBCE9FBF533B310BFCDCF342925052BD6
:1016A0001D34F22F3BFCE9193209E12ABABF2FD2CF
:1016B000C70EEA0BB210EAC62A363A381AB70BCF71
:1016C000DD181AF313073312FFD5D9261422C1B738
:1016D000EE2C192C220BCAD139F1162F2B2AB9B5B1
:1016E000D81CD4D7E8E62FF305F92DAF0AD239EE8E
:1016F000DB323A14E9F52C17AED41010A618BEDC74
:101700003A2B26CFCF362BEE2EF2C52EEC2B4206EF
:10171000D8E1241134ECBAC3E3C4DA153A2C00E65C
:10172000EBD318C6D519BFEBC9BFF2E817CFF5E563
:101730003CAAB8FE00EDAA2D16E03A23290DC2EF0F
:101740002B1107CDD9D4F731A735112C112A19C285
:10175000072DF31CE1CF33312EEB2FF4213C38233E
:10176000C2DAB311CC122DA127DDA83537C301246D
:10177000160F45CE29A4F320B40EE72EDA0DD11DA5
:10178000F1DA211E1DD500CD2FE2FCEF0D3CF4E374
:101790000C0A26F636F6E5EFFDD8D243E4023932DC
:1017A000BCE02A082832D617F5C1AD2A30DBED2877
:1017B000020C2DD033F2A4032A1A10C4AD1FF5D1A8
:1017C000C720B8CAEA1FF6EEFAE224BFC115E8FF47
:1017D0003710F6AF1E1DE5D1112A0218290EF03080
:1017E0000B22D3133A2ED9D4BAC147FDA92537CF3E
:1017F000E82AAAFDE3E71F1CC034D4D4DDC1B8C178
:10180000E6032808D10DD2422D2AC7E4C12529E4D8
:10181000EFD9D3C1DA25AF01CEF7372F980B04B536
:10182000D626CC2BFF32C32B142FD2E0FAD840CFD0
:10183000E020EFDE24ADC7F2D6D2D4E8F1CEEF251A
:10184000DFA7B8EFCD1B11D3F7D3311EF5D3C72FC8
:1018500007D24B233907D0C5FC2925E33BB133E53B
:10186000C8DC25101DD7FC15EE100BBD02EA1C21AB
:10187000FF23FAC3D410EB1F281721C107E2093355
:101880002328DCECC5DBB4D32923E3D3C31FBBE798
:101890002FEED5170312F20B35E117AF25ECCE165C
:1018A000F1E1D4192DD622A81D03FBE8E5D80021CB
:1018B000F6CDEF2937AD25EF22DB34CCF529DFE477
:1018C00020D213353BB10C051C1DBE2BDE1AFDE9E1
:1018D000E7BFF2F3030ED247D601D11EDC10153359
:1018E0002718F0E3D0FD1926D4B907E2E93736C846
:1018F0001004DF14DB0DD4181D1BFFB40DF1E7DD60
:10190000DA38FC19261B220EFB12EDABBB16180BA6
:101910001F11D0E0BF2EF5DC0FE1DBEDEF062E2B23
:1019200037D6C63BE821331B1CD7242118C6F8370D
:10193000F31CFE341FDFF6D8C803E2F8F609BA102C
:1019400026CE22B725DE2746D8F6EAD2D504CB2903
:1019500030DE0ED138190CF225F405C82708F6D070
:10196000280927CB303CD025EE1D142BD5F703CB0F
:10197000E60833EBEC33FB43012BDCE902CF35D334
:10198000D9292FE41403102DE1F3B911B4F2E13099
:10199000EAEDFBE0E626CBE40800000060000A0068
:1019A00000000000B81903001C1A0300181A0300F5
:1019B000201A03000001080013E3E21CF1EF060601
:1019C000082304EF0CE4EF0CF312EAFD1118FAF50A
:1019D000EAFBF5111DEE1830E8F4A5E41FBA082261
:1019E000F6F327FE1629F12616DD1F07F53A11F248
:1019F000202DF4EC20F2F4F4FDE51B00EFFFF223C0
:101A000020E7ED0FE8D23EEEE9EC2E13FEEAEF28D8
:101A1000FF231F223EAAFCF20B0000006000000022
:101A200000000000381A03003C3A0400383A040071
:101A3000403A04000002080020E904E7FF0511090C
:101A40000BEF1F07F7F7FD1C080337F4FB0409ED44
:101A50000CFC1A00ECF40FE631F0F5FDFBF2F6F2A7
:101A6000FFF73BEC080E0E0700FBF8F50904F6F74C
:101A7000EB080C0700FFEBF805050CF8121605F053
:101A80000BFFDC08F10EFB03F6FAFAF90AFFF30F7D
:101A9000F804FAF4F2F9ECF605F813FFF1F1F60A9E
:101AA000F7FC06F802F60F032FF31E07EE09EBE131
:101AB00027FD1AF61015EFFEE5F6070C09FFF109F0
:101AC0003AFA10FF05E6070419FE1DFBFC0C10F3A3
:101AD00002E8F00B030CFFFC19FB1CFF0D11FFF5D6
:101AE00008ECFEF9F2F10DFAE3FD10FD08100F0706
:101AF000F70F2AFBFA1210071DF4FEEA09ECEE07B5
:101B0000F5000DEB01F9E9EDED0D1AFCF4091407F0
:101B100016FF1808EF0AF1F80DF5FAF301F3FAEDE4
:101B20000B073C0408E8FEDD15F1EEE8EAEFF10CE6
:101B30000BF20C07F8F00DFDFC00ED050DF80207A7
:101B4000F300150409F812F6FBFEEDFB02EBFE00B4
:101B5000040D190E03FBF4EDF2F8F9F001E8EB07C0
:101B600025F4FE0007E4FAEE170919F005F1FBF57C
:101B7000ECEDFEF6EA0FF3EF0C1403ECFAE8F9F3E0
:101B800004030BECF7090403F60AF803151004002C
:101B9000F4F00603F71C0C0304FC05F71016F11F04
:101BA000FAEAF6ECFD020FF115EBFD0CF9FDEBF195
:101BB000F2F23A01000A04E9DC0C10F50526FFFAFE
:101BC000F2F7FBF1111DEEFBF80101F50608FDFA35
:101BD0000DFE05FB02EE02FF150925EB08050800C6
:101BE00005F521ECF90BEC0D0CFD0DEA0F0EFBF0E9
:101BF00003F30607EF1102021109E6EC03F80903EB
:101C0000F20DEFF006F0050FF2F5100DEDFF1319D0
:101C100019071DFDF60312F10F0409EF110411F667
:101C2000FCE9FAF2F514051512000802FB13FF0B8C
:101C30001B09EEEA01F9E71D0E0DFA11ECDBF90DB7
:101C4000EFFB04F9000E00F3FFF40AFC00EFF7F7D6
:101C5000FBE522F90906EEE8ED0006EBFDFFF2F3E5
:101C60000D02FFF1FA1D03ED1BF207F8FC27F7FF49
:101C7000F9F4120BE9F0150807FA03E6FB1A03154D
:101C800006FA02F3ED04F5FB02EA07FBF5EAFF0BA7
:101C900001FEE4FF00F9FB180DE61206FD07EB1943
:101CA0001BF7F910FBF102EE25EBF5F512FEF20938
:101CB000000EF912F8150402E0FEF9F1ED0A07082A
:101CC000F40E13E4EEF00E0AF2F5F7EA070103FF53
:101CD00010FCFF02F6E3FE1D0100FD03F4EBF6F538
:101CE000151403ED0C0AEC11E8F90CEBED07ED0708
:101CF000F90B0507F90F01FB03E8F305F724ED04E1
:101D00000F08F107EDFEFD31F1FD13FCE8F3F4F7E8
:101D10000FF3E309FAF40C18040507EEFF0F09E4CA
:101D200001EB0F0BFC03ED0025F5FCF80AFBED1CA5
:101D300008F805EFEC1301FC12EB0AFAF8F50402BF
:101D4000030A0101EBFCF40C04FF46E4F30310DF8B
:101D5000F5EDFEF500FAF204E9EDF2F9EFF803070C
:101D600028111D0EF80DF3231C051E0600F309FFB4
:101D7000F70209E30D0912ECE5010406F70C04145F
:101D800006F227E305070E11FC05EEF6FE0DEE0642
:101D9000FAF7F00E1000EB060E03DF0307E60B1B4D
:101DA000FE00E4090AFEF20D01110510EDF6F5063C
:101DB0001509090012E905F8FBEFF0FEF8180C0A06
:101DC000F1031C08EB00FA01E30104F8F30EFAE654
:101DD00000E8FE0B02DC06F60EF71803F103000321
:101DE00027F4E3EDF0DE03110A0CDAEC131BF3F336
:101DF000E1E7FFF6F910ED0C0CF705F608F00E061A
:101E0000E8FA0909EFFC060EF9EA000601F80601F6
:101E10000EED1FF0F715EEDE04EEF9F40BF4F316F9
:101E2000F9E81508FC0EF90508F80C00F5EC04FAC1
:101E3000F8F004EFF80A111EF100130606FAED138C
:101E4000F3F01313F0F71001F006FCEE00140A0B88
:101E5000EEFCF80EF80EED10F3EDF3FBEAF8E916E0
:101E60000BEEEAFFF3FFEF1DE9EA1DFFF6EE0208B5
:101E7000F2E7FEF104130C0E1E0E070D04DF00F650
:101E8000F6E9F2EDEDFF0401F4FD0303F814FA03A3
:101E9000CCF10AFF0410F71A1FF91106FEEE0E002E
:101EA000F00AFAEB041EEEFC21FEF808EFDAF5F476
:101EB000030C0DF20AEDF901EF0C18FEF511F6F026
:101EC0000DFEFDF2FB23EDDEFC0AFAF4F41EF40134
:101ED00006EEE80CFAF512ED09F1E801EA0BE7FF6E
:101EE000FAF713EB10070609F8EF020A0B03EB17DA
:101EF000E5E6F90DFDFCED001EF6FC07E7FD061218
:101F0000E1080201FE04FBDD2BE70A0FEEEB0FF305
:101F1000FDFA0210F2DBF60405EEEFF60CFEEFD64A
:101F2000EBE5FA0AF40FF41719E81BFCF60CEB00CA
:101F3000050F1BF30FEA12DEFD051CE8070800F68B
:101F4000F2FE0FF90AF60E1006F3FAFC0E07F41073
:101F5000F501EB06F5EBEDFA19FA0AEF13FEE704CB
:101F60000B0D03EC070CF1F3EBED0511FCF9F7D8C1
:101F70000DFA0F02101DEB03F7FAFAE911FBEC134F
:101F800009E70BE9F9F90B010AF7F007FF12F6155B
:101F9000F8F90CE5EAEFF7062CE5FD0D04F5F4F48D
:101FA00014E50807F705EE19FAF41309EB19F31015
:101FB000F40203FAF901FAE90DFF1007F6F2F2FF55
:101FC0001BE60D0309F8F1FC220D0F0D0F0AE916AF
:101FD000FBECF7F40CECF6030EFAF9F909040A1A13
:101FE000EC08040B0CF305F309FC150602F2F506E8
:101FF000030015120EF9EFF5F2FE040C0907E90BC8
:10200000F208050D0F22F1F7E5F3FDFCED1906FDD1
:1020100012EAFBF2EE1907D622E1F50304FD0304F0
:1020200005EBFE02F6E3FC0AE8052011EFEBF3F8FE
:10203000F30CF6F2111C0C14FA00EFF3EE0EF8E6B6
:10204000060D010BEE00EE1EF10820F8040B0CE764
:10205000F4FCEAF801F5EF0105FDEB0E0A15031893
:102060000AFCF6EEEF01F11A120814F0FA0508FE68
:1020700000EE0BED11F404F6F6081B0DF8F9F3046D
:102080000904DFE9F005F204F4E8F50AF3F8EFF1EA
:10209000F6F004F80301FB1DFE1411050EEE020C10
:1020A000F709FDF2F4E7EF0C13F20E080F130F0817
:1020B000010AF9EC13FFEA14F309EFFCF4EEF1FD69
:1020C000EC05FCE8F20AF5FBECF9F9ECF7F8F203A1
:1020D0000AE8D7E6FA1000EDF8F908FBF303F7F881
:1020E0000EE9EE13F0E7F9F1FFF4F2080EFF0F0E20
:1020F00011EBECE9E8FEEEFAF5E2F9F3FE22F3105B
:1021000010FEF20DFF0FF209FE0CF309EF000D09AE
:10211000FAF6F5F60E19100F0E0A090AF7E5F3FCA8
:1021200004EDEA140AF2040C150CFBE6EEEDEF01E7
:102130001BF518F9EEDEFFFE0D0EF5F8F3F2F600D2
:102140001806F8040E0AFA08ED050400FB14F9EA73
:10215000FE09090DE8FB07FF0C0FF3F008F2F3127C
:102160000E0915E9F5FB0F1AFFF9171300FB10E52F
:1021700016F20F0410FE080506EDE7FF02F2F1EF7C
:1021800018FCF107F9000D1CF70616F702FBF7FA29
:102190000BEDF2EEFD00E811EBFB00F60FF90DF789
:1021A00001EF120DE9F7FB02FEEA1E030102100A1D
:1021B0000A11F409E7DBFE0610FFFDFC071C01FF16
:1021C000FA0EF200FE04F205010306E8F0FF101714
:1021D000ED00DBFA010111F900EC0BF615FB08F03C
:1021E0000BFEE7F8ECE0F12100F406F2F80F07FD32
:1021F0000AEAFE0AEEFBE9F0E4E91BEE0E10F00439
:10220000EF06FA0BFBF0EA0107F815030FE9040EDD
:10221000FFE60AF8EDFFF6F6F1F0FD12F9EEFDF338
:10222000F70717010608070116100210FCDCF30A75
:10223000180206F5F5ED05E90F040FFBF11B0A097D
:1022400003FE13F200EC08FD0BF8FDF1F1EDFE21A9
:102250000B0209F409F6FE0207FA00E7FD0EF81C6E
:1022600011F7030008FFECFE10EE03F0F80CF8F78E
:1022700013F206F8EC17EC1409F40206FBFAFA0A5A
:102280000F0B150FFDCA04F406F1020AF901FFF85D
:1022900013F2020B180200F5290A0E0405DA10F2F7
:1022A00000FB1B1208000BF5F9E808EC070FFEE431
:1022B0002EE211100FB8F6F80C0C0002ED0A09FC22
:1022C0000AF70CF702CD09F9FBF70C04FEFE15E93D
:1022D000F50B19EDF1130C0AE9EC140B0C0FEBE400
:1022E000FC0AF3E7FC0712E909EDEF0814D90D1514
:1022F000F902F6FE040CEF2B0EED10F40B0CF800B7
:1023000005EC17F5F4F10CDFF1F51D0512F900EFFE
:10231000F009F0F10FF20CF21EFDF505FAC007F915
:10232000EBFE2108EFE30E01F4F4F4FF0B0D0A2598
:10233000EF050C02FC1107FF08F3F4F5EAF2ED0CCF
:102340001C000B1011E408FFFC0D170BF8E8F40853
:10235000F8F9ED0E13F301210C12FFEBF6F3021462
:102360001804060A0717FEDC03F803020403FEF64E
:10237000160B04F30C101316F2F7F3F5F10612071F
:102380000AF11400F904F0F50C0106FAF31D130E1E
:10239000F403F809FF0DEFEA25071201F2F4EF113B
:1023A000170C08EB12140D0709000110ED11F2DDF6
:1023B000100F04F3040A011FFB050209F3EAED0CF8
:1023C000220306F8120606F3090B19FE0AF40AFBAB
:1023D0000A07F80AF5130B1B03F8FDF9E925F2F4D7
:1023E0000204F7F910EBEC02F0FA0E13050A0EE9FD
:1023F00016FC00FB11F8F0FD0B09F0E8FFFE0F05DD
:1024000016FE0AEAF618F4F0E5080C0DEFECF20DF2
:1024100005EEF006F2FE1010F8F3EDEBEE0CFCF911
:10242000FF000614FA0F00060011F40BFE15EA2156
:10243000F7030712EA06E9ED12F5ECF102130D10AD
:102440001906F4E8F5F412030FF20EE9ECF7FB16A7
:102450000DEBEF05031CFF16FFF517EAF4D80AEFA2
:10246000F2FA13000A0F020D01F702F0FB090E0049
:102470000E0A16F9EEFAF9E901080112E90EFADD81
:10248000FE02EEE80914EB171705EE000DF4EAFB67
:1024900008F0EF10FA1CEFE518FB0DFB0BEBFDF459
:1024A000FDFFF205FDEE0215F2FF03FD06FEFEFB49
:1024B00008F1EF0F07EAEF120DE803EC100907FB34
:1024C000FE0FF5EC080FEDF8F6EBE710F71A06E053
:1024D0000CF0FDEC0D030501050014EEF5EFFEF028
:1024E0000C0909ED1622FBFF13F70DF708F5FACFDB
:1024F000F70B00FE12131114F3FA0AF0FF09EFD4E0
:10250000DF040B01F4F2F8EDE9FBF1F4070AFA1726
:10251000110DE70B0C200E17F8FBECF60A16F4FB76
:10252000EF10E60CF70A12F4F31303F809EEED08C6
:1025300012F4FF0111EE05F610FEFBF7FB0BFC0C8D
:10254000F80FF1F80B000BEC10F80A06FCF2FCE3B4
:10255000F9FA0FEFFEE6FCEA00020C090809F70A97
:102560001B14F9EC0812E70822FDF7E202F90B1F31
:10257000D7FCEC07F214F007EF0CFF08F6EC13FEA3
:10258000DEF5FDECF2FBF913DFF50807F5F00CF2D0
:102590000CF6F9F70B0DF9EEF2FDEA0FFC090EF25D
:1025A00011EDF50D020A11E30EFA0A0512F01124DD
:1025B000F3EEDF0D040FF80F18F8FDF10BF3FFF544
:1025C0001FFE0F101404F1E0010407ED120EEFF5E9
:1025D000171305EF0DFB0AE0F0080AEAFC09EADE32
:1025E000E807EE0C15F3EEF6FDF924FCF016F01AF0
:1025F00021020B0D111EFD2AFB12F4FF020BE9193B
:10260000000303F2F4E9F9EBE7F810EB10F5FFD162
:10261000DCF1F6F20409EB06E509F509F3FF0F1406
:10262000EE11EDFEFA0FEE180BEA0102F918FC1993
:1026300019F2EEFF0402F7FB0C050114E306DF05B7
:102640000BEB0B010003F7F3F9E40EF1FA0EDBF8E4
:1026500012DB0414F4F4FE02EC05FD0A17F0041476
:1026600009D50FF31AFDF0FA0A0604F6F9F1F90E8E
:102670001209F1F0F207F9E3F2F9EEF70AFF0A1591
:10268000EF05121C0301F619FD01051607120820BB
:10269000F70701F30503F20AF906EFFA0313E8ED71
:1026A000EAF6EADE0E02F202F9FBFBD4DBD809F20D
:1026B000FEF1ECE0080F07080108E90DF6F4071237
:1026C000F0F1FC010F0812FFECEBF1E9ECE1D9F6B7
:1026D000EB0A0FF81202071F0ADBFF06EEF205FDF8
:1026E00009DFFEF618120E04F61B00E6E70CFD02E9
:1026F000FEF0F110FF05020AF7FDFFFFF706F9EB08
:10270000F4E4120D130B0DEB0DFCF6FD0AFE0207AF
:10271000EF04F0040CFD1AF2EFFBF404FB001903C4
:10272000F5FC0EE2201D15ECFDE5FCFAF5EDFD04CF
:102730000EFBF806F50E18ECEC12ECDCF6DF09F7F0
:10274000EE0DF7021002EF0F02F40C22FDF8FCF27E
:10275000EC09F501070619F5EE00ECFA0D0FFC0483
:102760000DFAFCF3E714010006F400030DEB05F28B
:10277000F324F6F418F017FE05F712000B1107F317
:10278000F0FEFBFD000CFDF305000E080806F91035
:102790000903FD0F12F91611E9ECEE1004FE11E722
:1027A000F3E4F51305081FEE07F5FF1735C51CEA1E
:1027B000F3F7FEF2170EF6F40145EEF502DAFEE449
:1027C000F8170C08EF001002FD0E08130505010CA8
:1027D00010EBE90A0CF3F7FA06FFED08F417FB011A
:1027E000000A0FF902FBFCF80D020DFAFA06F8F5E3
:1027F000EFE2F21211FD0110EEF6ED02F8ED08EB3A
:10280000FC1101FE182116E6F2FDF40221F91BF578
:10281000ECE10D1431060F0B0B060BEA0F0DF41B48
:10282000EAFFF8F2060801F2EC0AEEF50D0D1308C6
:1028300000FEF31908F82504FF0FFE21E0FDEE1459
:102840000C09F2FE110E07FE0D0A0506FBE40DFD54
:10285000FEE7ECF8F9EDF90A0205FF1B07F4EBE8D7
:10286000F9F3F7230CEF1D09FD04FDF5F7C8250F5B
:10287000EE08ED1913FB1707F42A0F1813DF11FFE9
:10288000FC1DFE0509FC1F000AFF05F81AFDF6F203
:10289000F8F208FC11F2EAF80C340015F7F20CFC1F
:1028A000081FFDF915E60FFB0B12F01616FB1F0BA8
:1028B0000F0A07EF23F002FC0D3206F5F9EDF4FAEA
:1028C000F6F2020500130C07FA05F02B23F0FCF0DA
:1028D000F9061002E30B0CEBF809F81406F30D03EC
:1028E000E7FD001B10E6190206090100FEEE02F7E3
:1028F0000500FEF70B04131F0215FEF81BED161161
:10290000F004F6FF0FEF0919F8170AEA0BF82D0E7D
:1029100012FE0D021B0612E8F4FC04F717161D1632
:10292000F7F8F32415F5270206F2F908210806F452
:10293000F602060803F21BECFFEEFFF0040904F5B3
:102940000703EF1A0B06E60E09FD0CCEE90D04E9AC
:102950000000000C1607FFF3EB02F31D01F1030466
:102960000FF6F3EF28F9FFDF090A00FAF90C0D0959
:1029700007060B15F7050BE4F50AEF17E3F9E9E88D
:10298000FA0203E7F70714F803FF0E18E4080FEF45
:102990000508041FF4F6FB01FA030CEC09FBF6EF43
:1029A000E6E5EBF913F0FAF9FE1114EBF21205DA91
:1029B000FCE7FFF517EF1B0DEFF9FF1F16F6FAF412
:1029C000EC0BF3E5EC29F1E2FEEB10EBF802FDEF86
:1029D000FE04F2FBFC3604FE0A01F3E4EC0EF603FF
:1029E000F9F60F1A0BE30118130511FD230303F089
:1029F0000A0D0116F6F815FDFA00EEE2EF080305E0
:102A0000F80EFD01F6010102F51504F516FAF408B9
:102A10000611EAE808FA0404EF1007F9FC1E090D94
:102A200001EE03EE05F5FC0B04F9EFFE0FF9E50DE1
:102A3000EEFFFA1306EC090E00FEFD0E0510DF0C8A
:102A4000ECE5E8EE17100CF61018EFFFEF2501EBA0
:102A5000EEFF050713EB0E10F806ECF802F90C0276
:102A60000FE9F5FBEAFAE52405FDF0F7E3040FE7CB
:102A7000EFF9FE2E07EEFBFCFBE0FF0027D41CEE77
:102A8000F8E3EFEDFD0407F7EB0EFEEEE8050BEEC5
:102A9000F4120307FA241C00F81A0AF4FDF90B03D8
:102AA000EF32ED03D7FB08060A010E12000D18F8ED
:102AB00005F5F5ED1CE6ECF9F1FBFFF3EC040DED8B
:102AC0000DEFF114F7EFF616F5EB0A06E3FE0A0731
:102AD000F2050318EA0E31D7F3E5EA1106F3FA001E
:102AE0000A10FCE131E1EE14FCEA0A22FFF4F7E2FD
:102AF000F1FFFFF312E917E9E801EF06FD1AEE1105
:102B00000A05FBF0F2FE160B060DFE0BCB2118F3A7
:102B1000FE06E8F60DED1DF40AF70AE3040A091DA6
:102B200001EF0F0B12E1010609F3F2091FF0F9059D
:102B3000EDF9E80FFE000219EEE90FF416D4F310D8
:102B4000E70D0D14E50E2EFAF3E70C05FCED05F983
:102B5000EBECFD06ECE9030DFF0CFE0DF2F2111893
:102B60000A1207F9F80901E50F040BF7F80B0F0437
:102B7000F225FEF0FB12FE06F013F40A0A0112FC25
:102B80000307F31B010100E2F500E8F5F701F00D82
:102B9000F5140AF5E306F7F7FE140BF9F30A000F34
:102BA000EAF6F7010E0B2404F502E8F90412F1012C
:102BB000F30CEAEBFAF50616EF0D06F71C13F7F126
:102BC000FCFE010FF0FE15E2FA0A0116F9E2031607
:102BD0000D0409140FD9010803F1EC14F30FFDE9FA
:102BE00003FDEE06FE0FF506FA17ED0BFE1D2E0097
:102BF000F109FA0A15F5FD120719100910FEFE0574
:102C0000FE19E70616E8FF060DFDFF090F141A0A64
:102C10001409FF0803E80C0BFAF90DF4E1F2140CA7
:102C2000EAF1030DDD13FB25F4FB0C171C1AF8FF6A
:102C3000F5F00A0403F019170A01FBFC081CEB1F4E
:102C4000FBF2F219F3F7E70F0C03F80718F705FC8E
:102C5000F5F5FFF309F7F911FEFF05FE0A09F20584
:102C6000EFED01E0131909DD03EB01F71BFB14EF96
:102C700007F007F4F92001F009000EF20FF30BF74B
:102C8000030C0D11F9FE0719ECE410F50DEA102400
:102C9000F8F6F1030712FF06F2DE010A11D2F80C72
:102CA000F6F3FDE80820000201F1F6DF080BFC193D
:102CB00004F8FCF214FBFCED0E14FA0E120CF720D3
:102CC00008FBFA19F9F9EB0D130A0FFEF7F5F4EE0C
:102CD0000B03FAFDE308F7FBF5EF070213E1F30D31
:102CE000FFFFFBFA180AFB14FA020319FAFA0C1296
:102CF000FF0701FBF1170212FA020013F20AEBF1CF
:102D00000A00F6EDFCFA13120CEAEC040FE9F102EA
:102D10000FF404E916F8E7EF03F3E8070200FCF00C
:102D2000EE1C01FE1FFB00F50813F5F3E80F08E9A0
:102D30000BFEF0FBDFFB0AEBF5F5EBF0FBFA06040C
:102D400001E20B0006F7F012F400040408EAFDFFAC
:102D5000FE12E91508FBEC08F6F0F10B00FD0F037D
:102D6000EC0CF716DBFD14EFF0120EE8E1F01001A9
:102D7000EF120AECFA13030B091102000C12FEFD0C
:102D8000E903F70DEEF0E21608FA07180A0BF0F95E
:102D90000821051EF6F6001AE8F1FBF602F9FA0220
:102DA000F6010419F419F60EEA1AEDEEE0EC07FB51
:102DB00001E7F3FB19E701140DFDEE14E80AE3FF48
:102DC00003F601EAF8E90EE81208FB10081508F608
:102DD00007FD0709F4FF18D00D0DEFFEFD10F30BF2
:102DE000F011001CE114F4FFF21600F706FFF20CDC
:102DF000E7010C19F9080F021110050CFDFEF0098E
:102E00000DF206FCF60002140CEAF311F80BDE16C4
:102E100001EEEB0408F7F9EC0511FB07F5021711B9
:102E20000AF3F814F4F8F8050E0B05FD111513FF5D
:102E3000FA020CF00DF2FAF4FC06F808E9F80004C6
:102E4000EBF8FFF9F902D12CF5F909EF15F4DAF6F0
:102E5000060EFDE2F5F11CEBEAF71000DA1014E6BD
:102E6000F0F6F312EF1AFCF00FEFEFF612EF0BEEA5
:102E7000FDFC0A12F100F70AFB13F9EAD707CC2A86
:102E8000F4021119E50BE6F5F108F2100BF1F3FE6F
:102E90000B1CF9E9EB0F0F020C050B0BDD0EFC1DF3
:102EA000E8F20906081CF5040D10FD0DEA17FA12E8
:102EB000E813F700EC40FBF50DF7E91CF518FE15DB
:102EC000E9FE002B1224DD0AF71CF8F8F410DE26C8
:102ED000F5F2FAFBF50D0601F113F502E40BE9201A
:102EE000FD060D1AF1FEF3F40DE905F9E416F831CB
:102EF0000713081001FEDE16F7F8EFF1F7170101CE
:102F0000F312F10BFFF3F017F7020E1BDF01CF28CE
:102F1000FF04FC1DFCFA0D01020110F1F811E0EABA
:102F2000020F0DE0FF07F30C11EDFEFCEE0EE705BE
:102F3000F71FF0EBFC0BECF60A03080708F006FBA2
:102F40000300F912171AF4030AEFF8FE0F0DF1ED62
:102F5000F90F101E0AFFFBEFEFFA0B00E3E11BEB8A
:102F60000D0EFDF30D0600FE11E2F1EBF7E9F6059B
:102F7000EAE5EC1F0AF2040EF50708E60FF70F0664
:102F800000F6F6F9132106FC1012F5E8040C0DF911
:102F9000FB0BFEF606F204FFF40F0CFDECF402EE60
:102FA000F6ECF20AF2FE0F111105F9F3FDEDFEF356
:102FB0000806011AFAF9F315FA12FD100A04061DA3
:102FC00009F80B08F3F9FF00EF11FFEC000CF71103
:102FD0001408030609F4082710F4F0FB1310F1F3AA
:102FE000EB07FE0A0207E8EEF4FAF2F3FA03EDF952
:102FF000F2E9EB09FAF1F803F801F3FDF30108F93E
:10300000F90DF8FAF2EF06090A04FCEDF312F8E6FE
:10301000080BF7FBF6FCF306FAF2F9EBEA0E03FCF9
:10302000F3E5EC030AE100EB11F6F30D07FA09DF13
:103030000EF2FE00FA0B021301000318101417FB26
:103040000BF5FDF1F80B050AFB1B080000230FEB45
:103050000008F4F10FFB03F80104040504F6F71768
:10306000F119EF02F21AFCF4F5F1FB09FA05EA1086
:10307000EF11F3FB0501F601F70C0DFCFA02FF124C
:1030800008F0F305FDFA0112FBEE08FBEB09EF0B6C
:103090000200F5F61803092710EE020CEE0FFE08E9
:1030A0000BECECE9F2F1F9D80413F1F5081114FE78
:1030B000FC01F7FF06FF12EFF00CF005091BF4F11D
:1030C000F5F8E9FBFBFF161A0B0904110DF60A06C9
:1030D000EDEF110DFFFBF2030313E80AEEFBEAF537
:1030E00004EA0BFAE7E0F9191301F0EAFA06F5D958
:1030F00000FEF6F6EA250607F9EBFCFA24FDEAF5F0
:10310000F7E6F31313F3F915F4ECFB0C0CF909FCD7
:10311000F90D101CEBE50CF3ED0FFD1BF3EDF413B3
:10312000FCF00318E5FB04100E1309F20712F3E795
:10313000F502F6FB091209FDF200FC0E0D090A1852
:10314000EC050B18FF07F80F0E0604FD0C07EA0B41
:10315000F4F1F3190EFC061009081018F3F7100823
:10316000FEF204E414D8FD1E091C09EC190CF8D772
:10317000FCCA04F8E6BEFE1204120F22F014DF1E91
:10318000F9FFED0BE7030300EC0FF1EDFC01160373
:10319000F408EE1222E7EE1206F8F416FEECE6163C
:1031A000EFED1024FFF1DD0612140BFEF9EEEFE651
:1031B000FD08F505F3F00AED11FDFE22EE03FBEA32
:1031C000FDE9ED2400FDF1F506D4E9170CCDF3017E
:1031D0000415F60B0302FCFE0124F003F6EF070CC6
:1031E0001011EB26E6ED020DF30B10DFFDE5F10704
:1031F000F5D6FEF00DC510C7E9FBF5FDE40E25EF91
:103200000F17F4F7EA01E5F80311EC250AF7E908CE
:103210000BEE0D00FF05FEF7ECFF04FFFF00F0FDD5
:1032200005E9010BF1E4FA15F50811D912EB17F8CD
:10323000EBD0EF04FFDB0016FDF70FEC0E09FFF1FA
:10324000E1F1EA01FDF1FE0404EA05FCEDF603F804
:10325000FCFBF4F3F9021502DF0AF902FFF204DBCA
:10326000EFF0DB0620E31DE0E50CFFFE0308FA0AA1
:103270000DF814FAF3F1F60CFF08F5F00AF3160254
:10328000EBF5F8FC0600F6E40BEDF400F8F8E9E7DE
:103290000CF8F617F8F313E7F9F0F709FEFB1FED4A
:1032A000F7F0F7D913FAF905EC11DE0005042E0842
:1032B0000315E8FDFBEE061B1006EA0111E910F903
:1032C000E5E8F1F5180803040101E9071D050DFA09
:1032D00004E60102FBFC05F213F9E51200F2140109
:1032E000140CF201F2F40CF71B04FF0A05070AFDA7
:1032F000F60CE102FC00ED06F8EF06EA1D10011ED7
:1033000003FEFCEB12F3030C0306F214131AFDEC9C
:10331000F3F412E3F30BF403FA06E10BF105F622E2
:1033200000FBD8FC09F70FF5E00D21FC16FC100995
:1033300000F0FEF9F4F00C070C14050AFA01160669
:103340000401E8ED1A0401031B0AF416020DED0155
:10335000FB02EA12080FE7F81A13F3140D0FF60632
:1033600015211CFA12F304FBEE1706F50B01ECF223
:10337000E306230D0DEA0EFBEC09F809D0FAF0ED97
:10338000100BECF7010E0CFD0F12FF1F0DFEEA05EE
:10339000F6E6E50018F003FB12F7F7FE03FB02FF69
:1033A0000A05FA07F9F305090011FBEF213611FBB5
:1033B000FEF6F4F6FCF8FCE7FFF3EFF71BF41C0550
:1033C0000B0603E405150BF50DE8F608FA0209F4FF
:1033D00009E40A0FFC01ED1C1BF6F9DDFE0506EE03
:1033E0000E1DF3F1F1E01503EFF11BEDF1F6F70817
:1033F0001017FFED10F5E2FDFBF81E07180405F0AD
:10340000E6FB02F005EEFA04FF04E5EF15EC05FD1E
:10341000E0F9E6FC0612ECF5F5ECEE18F5EEE9F64F
:103420001302040DEA0DFFF604F3FEF3FEE800F7C5
:1034300007EFEAF7F3EEF707D6080B0C00111CE9CB
:10344000FCFE0D050A07E427FADDFBF1F5160BF289
:10345000FD03D21BF5FEE70B1B000300F50400FC87
:103460000DFFDEED06F8F80FF0050AF322F112FE6B
:1034700015FC03FAF50417E8E0FEFA0E1B11F2043E
:10348000E0FB04F8FFFE2EFAE2021006230BE9F43B
:10349000FE07FDE81CF8EF06D9E5F210121006DB76
:1034A00009E207FC1A30F0F1E20310090FF5E6E338
:1034B000ED1DE9060EEBEDFAF016FBF135FAEFF82B
:1034C000E3F012F1270502E3F6E0E3F1F5F705ED8D
:1034D000EDF4FDECFAF82AEC0503F9EAF5F4FE0147
:1034E000F108F5FF160C2000EEEAE6EA0BFDFAE221
:1034F000FDFEE7EFFA10070FE4FFF2F4000512ED0E
:10350000F40B0507FB04DFFA0BE9F0DD010111FB09
:1035100002F8F4D40FFAF0FCEFE6ECDEF8060C0546
:103520000A0BF0E7F7F0372109EE0B0F060A020845
:10353000EFF2E3021AEAFFF7F9FEF6020F0FE812C4
:10354000000507FB0DF4070310F4D2020DEEFC0595
:10355000072308F701F30AF91400F2EBFCF3F81162
:103560000108F32003EE0FE80203F7030A09031230
:10357000F301EE04F016F5160803F901F7FB0D153B
:10358000EFF2F6FA000A01000D0914F803E1F4F174
:1035900015EEFD09E203E300F71CF6020CF5ECE37F
:1035A00003FB0A0C1804E9F3FA08EAFDFDF8F5E656
:1035B0000D190021FE0E06EBF60CFE04040DE310BF
:1035C000FDF9F1EBF2F60C100E09E9EDE2F1020C57
:1035D000FA2CFFFAE5F5EC06F50CF6F8070D08FFF6
:1035E000EBEA06021826E206FC2AE503E71FF102D1
:1035F00006030C12EE0301DCF8EEFBF721FC1506C6
:103600001A1AEA0D02040EFEF1002D13FB0CF7F35B
:10361000F10904F7F2E5EF10FB050813F90BFBF8CD
:10362000FCE4E900050108FF1B00F41016FAF9FCA0
:103630000300FC1A06ECF3F7FEF9000CFFF90C0688
:10364000081910F9E4F5ECF5ED0617F9EAF71A0C8C
:10365000FC1FF8F40AEB16FAEA16F3F60B00F8EC86
:103660001BEF171000F00AEEF6F8E51DECF6ED0082
:10367000FBFF0B0CF1F2F6FBE71C000C0721ECEB57
:10368000F70A18EFF6FA14061CF11E0A160C1306B8
:10369000231B11F3FC16F7E6EB1A05F9F115F615E5
:1036A000080A1101FDF002DEE6EBF0F70DF718064F
:1036B000FA121CF50B0A110D19FE06F50E02162062
:1036C00009EDE50D2602DF0007FEF80FF0FB12F210
:1036D000E407F806F8F5EE260A01F3D91B130203F6
:1036E000DD1506111A1000E705E8EB100D1D06EDBB
:1036F0000CE2F7E9FB0DED190503E320EBFC0316E3
:10370000F7E40DFEE7F2F034F81F00E7040915F1C5
:1037100005F704F4E10F0C130B080D0401EEEA1B8E
:1037200018E80305FAEF09FAF604FA050616010788
:103730000008E030EE08D3F9FE0BF81F1A22ED1056
:10374000FCEA0D05F6021B0CE505240C0110F9013D
:103750000B080FEBF72FE31DEE0BF1F21A0A0CEC3E
:10376000EE07EFE2F8F215FF210800E50907DF3266
:10377000001BFCDFF1F6F5F8ED03F7F4F40821F691
:10378000EB211B01F207100107F3F5FBF3FFF20237
:103790000310FB00FE010AF1D2F9DEF4FC12FD1267
:1037A000F2F108FAFF1AF815FD06EF24E4ECEFF148
:1037B000FBFBFADD132509EFF6F6E9091FEA13F022
:1037C000E207F719073225010418EC05F804220A6C
:1037D000ED0E08F4230AF1FB0B0BF3E7E2F317F904
:1037E00012FAF306FEFA0600E7FFE8E80A192F18B6
:1037F000E504E50BFAE6E711FF080DF30C06F1FC12
:10380000EF190FF0F90C1B1011FBFB06F710E90381
:10381000020A00F0F0E9F019FB110803ED13E1F4DE
:10382000F50FF203FB160FED050B060FFCEA22EE77
:103830000E16020D15E71107F80CFF02F3FD11ED4E
:10384000F8FD18090B1ED9171D0D050C1C0101FFF1
:10385000ECF50A0816F80DF00B1F0511FF14060110
:10386000D1E2FCFD0112F015F6F3FC02FB0627F392
:1038700000FFFB15E8031615F70D0B07EC0D06000E
:103880001910F2F608FAF6F816F1F2151308FE0A06
:10389000FB04FC04EBFFF602FCDBF9051106DE0E6F
:1038A000ECF318E5F0FCF10608EEF817020AFB0746
:1038B0000C07F400F60C02EBFF241E14FE07E511C2
:1038C0000F13E90EF910F80124F30C08EC11070EA0
:1038D000F11004E614E9EFF8F9FA0B1D0A12EC0AEC
:1038E00011F51319FB0F050BECF51504F00CE50AA7
:1038F0000212FC0BE608E7EF15EB01F80F13F8FADC
:103900001019FC1413F8E3F2E9EAFF0E09050208A6
:1039100008EF03F2FAF631F10000ED0C0607FFE9BB
:10392000EC0A0209FA23E403F7F607D908FC1309A5
:10393000F5E6FCF12305EAFAEBFD14EB0A08230C8B
:10394000EFE60E0202E415FB0B0DF90BEA1301FD85
:10395000ECF612FCFDECFEEE0B000105F80AEE00A1
:10396000FBF511F5EB0F04121313F3FE10EBFF122E
:10397000050207041006FF09F804E9E7FF04F2E96D
:1039800011090B0CF700F9D4060BF0FCF001F9FE5D
:1039900016280301F304D900F5E40E14FDEF11FA23
:1039A0001D19EBF6F10A05E70714EC08E011EA032C
:1039B000F11113F4F5FE100F05190E11E305E40ED5
:1039C000000F09E5ED03F00018131202060210EBD8
:1039D00002EF0EEE170F012805F506FDFA0EF501B0
:1039E000E5070FEDEFFBFE02F3150E0B17F303FCDB
:1039F000F907FEEA010BF30FF2F012ECEFF5F81302
:103A00001AED0915FA0B1802F6DAFD0E0813EE018D
:103A10000104090716EF0AED0F02F903170102FE70
:103A2000EBFC0617ED00EDE3F7F913D80A090DFDDD
:103A30000DF4F2E2190B0818120E02F9F5E917F36A
:103A400006FDEC1803100104FCFAFE0DF60B22F142
:103A5000140D0ED1FFF4210BFAF0FCF3041A130F2E
:103A6000FFF911170018F1F303EF02F509FA24F832
:103A700011EEFD0CF411FA110709F4FFDB1DF70438
:103A8000DEF4DA14ED1A080FFB1AF5F4FE1303E660
:103A9000FC0D10FBED0D16ECF2FC0A18F215F811F6
:103AA00015000B1CF50AFF0AFF1EF8FEF1F2FA01E1
:103AB000DA0FEA1FD52804FFF10B08FDF117EA1A07
:103AC000E913EF0FED05EB10EC0ADEF8EF11051D21
:103AD00013F8011CED04F60BFC06E901FDFDF40DE5
:103AE000070FFB03F211060105E40F0CE61BECE5E2
:103AF0002124F2FFF7E5F4FC0913F108FD02FD04AF
:103B0000E71A0F20F30DE2190FF3F11313FDF2FD85
:103B100001220F05F9F3E805FCF4F0E7DB120C03D2
:103B2000FB05E0FAE11A08FE020EF606F7FEE5E2F2
:103B300011150C13E7F0EBFDFEE8FB06FE12F5FE97
:103B4000DBF91C04FA07F2EEF4FC0FE013F313F8B0
:103B50000F20FC03EEF2F01810F2150F1AE7F60E24
:103B6000161207F1D237FE06EFF000090CEFF4FF52
:103B7000FAE1001816F4FA1404EE1503F3FBF70A41
:103B800016F7FA04F5F0E610F90AE9F9E6F5EC1291
:103B9000FBEFF4F90D14F917EF1403E90DFE08FA21
:103BA000F501E61200F9EA0EEEE9E8201C04EEFE4B
:103BB0002806FF0710FFF7F806FDFC020D07E1F7E6
:103BC000FAF807EF13EEF30B0302130308FDFB0CE7
:103BD0000E012016FF19EBF410FA0515FDF102098C
:103BE000E8FE1225E807061D0EE8DFF206010FE2E7
:103BF000F0F9F50E13F406110701EEF10F14F200BF
:103C0000EAFB0DEA0E0D17E0F9EB17F80EFF22F8AC
:103C1000E4E4ED1C18DCEFF80BFD05F900E6E9081B
:103C2000EC2E09EEFB1F0B05FE05F7FA13F8F7F96A
:103C3000FCEBD8F200EC1EF2F5F30C0316F3D9F10D
:103C4000E1EDFAFE0EECFEF3EFDE1BF0F3E11CF407
:103C50000FFFF101F5111113CFEE11F821DC15F969
:103C6000150E15F4ED1019F2F810EBF408F607F440
:103C7000FEE007DF25F004EB150CD0C7F90A06CAF1
:103C80002103F60104FAF60D01EF1505FCF302EF2E
:103C90000E02F5FFE8EAF4E300E2040BF4E109F0B8
:103CA0000BFC180718FAF2FA0AF00CDDFFFA0BE920
:103CB000F707FDF20E0013FF0802170EF205FEF9DA
:103CC000111A03FB0EF914FD06FFF81803F40A1D80
:103CD000F3D7110F1ECAD8120211EFFC0602FB0A1D
:103CE000FB110E091C1607E2130AEB0FEC18D11892
:103CF000EFF113D8E1FF0EE204EA0C06FEEAE50359
:103D000000FBF101EA20F5F906FBFAF629FF09119B
:103D1000FD120500040016100EEFF90827D1FAE293
:103D2000FFF405EDF6F3F1F2FDF10518F8DBF00F05
:103D300009060FEA1FEF1BEE0FFB04E7F5FC0AD3A1
:103D400011EBF40BF4FFED0015D70610F8DBEA0BCE
:103D5000F51411D402F9FADEEF0501E518F807DED3
:103D6000020E000819040CF60BF2F9F200DA1AE858
:103D70001613F30A1C0607EEFEE8F600EDF3F00555
:103D80000A1A10E504FE04F304F0FDF813EBFC1727
:103D9000FAE8FE332AFD13F919FD0F0D04F5FBFFB8
:103DA00002FA0CFB0701E31418080718E60402F1F5
:103DB000F402F5FEE811F1FE03F2FE0BEEF30DF74F
:103DC000010206F707F4F8FC05FFFDF00D1A0321C8
:103DD0000503FC11EB0EF90F0C12EAFDE7E3E81006
:103DE000FCF4FFFBE202F2F20708FC0FFAE50DFD1E
:103DF0000EE902F2FF1C0BEC0DEEF73014EFF8DCCD
:103E000014ED03ECE607FA0309EFEAF719F3FFF9FB
:103E100005020A12F2ED17000A1610E605D602F4A2
:103E200012FA1EFC1819E8EF01FBF70F0B10041132
:103E3000F71309F91002EBED0E130A09EDFE0A1C47
:103E400007F1FE010700FCECFA0815F5EBF0020E95
:103E50001DFF0B09F6EFF0120E0D180504F8F2EB3A
:103E60001EFD0BFE08EB0ECCFCF80AF30A03F2E68B
:103E700004FB13FB0118F904FCEBFFF908F9F9E95D
:103E80000F11FC05FCFCFD2BF302F412F5FCFA1AF1
:103E9000F5ED0404F2FCF7020B1000FE0AE70BF349
:103EA0000CF11207F608EB081A062105F4F70DCB02
:103EB000160AF91302F5FFD30EFB0A08F912E9F40A
:103EC0000AF21C02F9D511E708F82EFBFF0806FDDF
:103ED00018FE1007F3FCEC10050F00EF0608140D98
:103EE000020DFA080AEAEDE914EDFEE9050509FEFE
:103EF0000F080EF70402EFFC010CF20F10FBFC0B95
:103F0000F2F9F305F3EDEFF514EAF2FB0800070A06
:103F1000030FEB01F7FEE7E61006F3FE0BF908F4DA
:103F200001FD0E10FBD808DC1814F60AECDDE513D1
:103F3000F606F3F4FA000B0009F0F3F70BE20A13AC
:103F4000F80DFA07F200080AEFEF01FBFE05FE1379
:103F5000FC141900F715EE08FB0BFEEB0E06071319
:103F60000F0916F7FFEFE80619FD0CF611DC11FC3E
:103F7000EF0B0DF5F202030218100AF6FFE80DFD33
:103F8000FBEA0E0FF9140CF613F702F1FD02050B14
:103F900002F6FBF2F6EEEC0BF9EBFB010407090469
:103FA0001603F4EFFA0DEBF6F70BFDEBF5F6F2F274
:103FB000F40A0B0F070BF7E9F00E03F103F405DC2D
:103FC000F10F08FCFF07F60DF909020F06F5F508D9
:103FD0000BED050CEFF3F91CFAF8FFEDF41F0702E7
:103FE000FB120F0EFDFB0EF805050E01FF0EF8107B
:103FF0000CF709090F16F50307F0EAF7EC0B0CF6BE
:10400000EDF9FB03F9F6061D00F818FB0605EEE7CF
:10401000F3EF210508EAEEF1E9F50D01010908FACF
:10402000020FF10A0AFDFF0CE407E8F7131C12ED7A
:10403000F9E8E1EF00F2F0040E150FED07E20806D3
:10404000F1081305080F060DE5FCFAF306F6EFF983
:1040500006FF14ED0F0507DE07E712FFEEED0E0A6F
:10406000EEF5F8F5EB0BF404F2F7FA0AFAE0070FB5
:10407000EFEAEC0DEE0509FAE40EEB0EFA05FADFB5
:1040800006FD00EAFDF7FBE3080FF7030AFC0BFA55
:10409000E2EAFE0713FB0512060C02F4FFF6F8FC39
:1040A0000C0EF211EEE50303E6FEFC08F903060B25
:1040B000E9FFF8EFEBFFFDFDFA00F60FF4E313095B
:1040C000E6F51BEFFD0A14080708FF04F3F511F0ED
:1040D0000DFADDF1EBFB09F4110219EBEEECF9023C
:1040E000F3E9F904F8F90FF307F51BF7F9F900F014
:1040F000EFF106FAF2170912F507E5F103F6FE06ED
:10410000F603ED0F09F507EEF1F6F70C0609FD09C8
:10411000070513EBFB10032F00EFEAE9F2F306EDBE
:104120000D02F0ECFDFD07E1F311FBEE0B1EF812A2
:10413000FDE9FDFE110F0AE80611F30DEBE302CFD6
:10414000F5F6FD09F8F3FB1EF9FC32F50E1803BB7A
:10415000090022F0F1150800FB030C03EC11F2F842
:10416000F600FE06FFC1140A08F11112EFF0FFD5A8
:104170000FFE0AEDF8F20EF7FCF7050EEC24F91726
:104180000F0212EFF716FFE20C0207F707FEF60028
:10419000F4E9F3F5FAF5101800F112FC0A01FF0832
:1041A000F6EEEFEC0EF6F7EFFB0C0C1208160DF91D
:1041B000FDF5EEF505E203E7F8E8FFF40218001359
:1041C000ED0707F1F617FFE602E8000001F513F12D
:1041D00005F406FC0206FE0707F1FDF009FFF8FAF8
:1041E00019F800ED00E0F405FB03FE07FBE2031203
:1041F000EC0209E8FB160910090F09F0ED0A05C3E6
:10420000ED0A05FF031101F90507FB0C03EEFB1C8A
:10421000F2F7FEED00FEFEE0E0080908F307FE07F6
:10422000D6FC03FB05EB0C0B02F10DFBEFFCFADDFA
:10423000FAE9F3F8E911040D13E907F10CF9F109B2
:10424000020F140DFD0DF5E30EFF01F6EA1AE80565
:104250001509F0FA0214F4F3F009F3060D02F5085B
:104260000AEBF1EE0609F328F4ED1102050EFCDF6E
:10427000F602030B03050914FFFC05F4F1C7F9F678
:10428000ED0EF6ECECFE0EE6F111EEF3F01D12FA77
:10429000F507F9E9F021FEF80C01F2F8F4FDECEB7A
:1042A0000A0B0AF20721E51B46F909F4F0E60404BB
:1042B000F5001705F4F306F4DFEA090E0AF601F734
:1042C000F50E1F120D0008F510F10109EC14EAECCF
:1042D000FAF7ECF9EAFFF3E9030FFD0712D7EF084D
:1042E000D50819F6F3DEED1CF7EF1306F0F10BDC41
:1042F000ED0803F7EBEDE61505EE0DF60108ECF51C
:104300000EEF08FFEBF704D50E0501FF000310EBDD
:10431000F9F014F3EDF3FBE7FCE92305FA1400EFE1
:10432000FB0DFFFBF20AF9F506FC0EFCF5E5FBEFD1
:1043300012111BF203EDE7FF0B090FF9F3FCF50275
:104340000D01F5E8F4F603F916FDECE80207FEF3BB
:104350000CEC15F2ED04F9E910EC1900F0DD0B1E80
:10436000F3FFF404F5F90500031216F5E90B0B034E
:104370001EEEF7E9EC1B030DFD0FF90FF3F00FF440
:104380001BF70D1609E3FCDCEE0D160BF3EDF3E362
:1043900012FCF6F906F3FB06F4FD08F40BD503173F
:1043A000E601F5EFF717EEEBF4FDF8EB15ED07DDA1
:1043B000FBF0F511F310F70CF30F10F60001EFF01E
:1043C00013F9E1F4EEE606E212E9EA110DFBF61745
:1043D000F406DAEC12F511F2F2FCF50E0308EBEB41
:1043E000F310EC02F00BFCF6E7FD01FFF203F0EB3B
:1043F00005001A07F9F4010BFAF301EAFA040908B7
:104400000601F200FCFE11FAEBFFFF03050AEDF6D0
:1044100013F8260E04EBF41514FFF2F60BF3F70B6A
:104420001DFC1600010A08F4E91405ED140AFEE06B
:104430001E04F2FEF1EB0E05FA091010F20B050C4A
:10444000ECFEF101F7E5EAFAF806090A0DF404FCBE
:10445000F002F50BF9EC020711EEF80315F8F8027B
:10446000E90FEA120F0213E6EEFFEA020AFAF10080
:10447000FEFFFDF2EAEEF8F8FF07F2FFF304F0D8D2
:1044800006040E110EFA0B10FFFFF0F206ED11EF0D
:10449000EA0702FBFA0F01EBFD0F1310F1F313E82B
:1044A000FCE8F909FA0707F8FF0A170B0301F5FE04
:1044B000FA11FDF9FEFAF61306ED03030110E9F017
:1044C00015F908FF00FA0FFAF10C040FF706F103D3
:1044D0002E08FE0E08F6F721FB0C15EEFE0FF1ED8F
:1044E00009FFF903F7F314F91C00FEEBEB0108F9DF
:1044F000F0F705F1EDE7EE13EB13FAEFEEEEF11343
:10450000EFF2EBF4F405F50814F305F0F9FC0FE015
:10451000F907F9EEEEF9FC0606EE0904F5090406C2
:10452000FC0FFC081302F805030BEB07F009F62358
:10453000080BF3FEEF0FFCD517ECF9FBF1F4F505D2
:10454000FD0800FD0BFD091CFB0A16E907F9ED103B
:1045500013E8F4EDF4FEE60BE60905070AF804009B
:10456000F7F1F0E80F03F505090A1CF3F10E08EF67
:104570001AF60FFC0508FAF50DFAFFF40A04F0F834
:10458000050E0E0700F20415FAE900F1E5EDED065F
:1045900003F8F7F90809FF0F03E9070D02F1070314
:1045A000E9062209E9F4F7FE1EEBF4F4EFF5F0F268
:1045B0001E0003050BFEF60F0BFF1C1101E5F91D94
:1045C00008080FEEF4F80FFFE90EF41104F7F60EE9
:1045D0000601DF05E7EFFFF10A03F400EEFA0DF53F
:1045E0003907E30BFE0A0FFAF9FA06EDEDF0ECF6E7
:1045F000EFEDE6F1F6F7FFF2F1F80CF2EB0410EB59
:10460000F20512F60B03FCF4100510E8F7FDF7F2C3
:1046100000050DFE0BE0021407FA170DF0F8EA078B
:10462000FC00E7F50EEAEC0A001024EAEE030F1096
:1046300001EE0C0A0910FBFE03FC11F408170DF340
:1046400013081AF706EE030F0405E811ED03F5FC55
:10465000F1F429F211F40BEEFEF1F90D0EF4EA0873
:1046600011FE0CFFF1E2EF0300130EF5FBFAF80167
:10467000ECF5F7EA0005E9F8111017FA03030BED62
:1046800017101AEA0DFF1306F407100206090AF5BF
:104690001FF9F8FD13020A061BED120F011115EAAE
:1046A0000FF3EDFCF91102EA10F4F4E80BEB0F0E36
:1046B00034F600FDF9F1F41519FAF9F90CEF08EAEE
:1046C00006051A04FA13F3F11A05290DEF16F6F38D
:1046D000FF030307F601FEDF141038F11402EE01A8
:1046E00008F5FD060207F4F71F1004F00EEDF713AE
:1046F000E9FFF408EF1F01231BFEF511ECF1F1E2D5
:10470000030AF9F8F0E7FFF809FC0C02FF0CEEFDD4
:10471000FDFBFCF8F4F902FB1CF8EBF308FD0B08B9
:1047200019F005F60809F5D9FD03F30103FD050BA2
:10473000E1F808EFF014F3FDF10EF90503EE0C04B7
:10474000090FF70E06FC140A09F8FE03FD050C0814
:104750000412E5070606070617FAFB0DFD0012ED29
:1047600006FBF7000CE0081302EEFB09FB0CE90165
:10477000FFED09FA0017F6DB0600DCF2FC0104107D
:10478000E803E809F10E02E5DFF21B04F906020F67
:10479000F40B12EAF2E60EF60D04F20708EA141220
:1047A000FFFB0006F1F70FFDFDEF140D0901F1FF0E
:1047B000FC11DB0906120900260E09ED0EEDF3FAD5
:1047C00003FCE2FFF80111180E10E9FDECECF3FC1C
:1047D000F608FDF9F2010C20F1F5000008F3ED07F1
:1047E00019F316FD02F9F4FEF3F8261101FFF50C9A
:1047F0002C06F6ED0CFFFCEDFC03E6ECF5F5F5F808
:10480000FF06FD110D08F7F1290CFFECFC0B0DF074
:10481000220CF40FFE18F017F8EFF6EAF3FF0A1374
:10482000E8F51C11FAF0FA10FA04F00FF003F4DDC9
:10483000E2EE1D0010FD031D1404ECE90006EFF686
:1048400021EDFB0E1115F4EE3AECFD14F911EF0019
:104850000809FE13ED05EA1036EEFCEF0917EF022A
:10486000ED08EF06FF04FE03E6EB0BF905F5041176
:1048700008FD30ED001EF319F5F821ECF91E021EBB
:10488000F0F2DD0FFE02FCF812FB05FA05FE0A0647
:10489000F1FC12F8E719F310190EF41202F7000DEB
:1048A00012FD0200050AFAEF02FA2901EBF9EB0604
:1048B0000912EEFBEF060B0E09F7E7FBE91406F30E
:1048C000EFFC081208F1FF0A01FA02EB06001319C7
:1048D0001D0414080405EB003E02F603F31C0C044F
:1048E000FFEE03EDF710FEF6070026F2EE1712E9D1
:1048F000E2F902F7F70AF2F5E8F42EED0A0A0F08DA
:10490000FFFA1AECF309FB102C00F7130F010E1736
:1049100012FBE3FFF70101F8FF001207EE03150D8C
:10492000EFFC13050C0EFE020811FBEEFA1100EE6F
:1049300016F24C0AFFF9FC17F2050E07FFFB0D12E9
:104940000A0BEB0E081A0F090A0E15F2F60BFFFD03
:10495000ECF41204EE16F6FF15F0FA06050AEA1852
:10496000FDFEECFBEFF2F6FE00FC02EFFF0102227F
:104970000AF20BE8F8FEF5F70AF5F2051520F0F853
:10498000241005F4FC16F9FF13F0F7ED0806F80DF6
:104990000E0C2BFAF4FB071C17EDF1050E0DFEFAB9
:1049A000E3072909ED05EC1CF6EE150BF401070DE4
:1049B000031107F2F125F310E30D0507F9FA0918C1
:1049C000020803EC03F20002FC1305FCF7F81418CC
:1049D0000CFDEB1300FAF804ECEE1C05FA0810FDD0
:1049E000010907F6ED25FD04FE12061311140BD480
:1049F000F2F004F2ECD80AE1F4F500030AF2F2084E
:104A000022001DF20C0C0317090300F405020F1A13
:104A10000903F4021436FB1028EDF8F80D26FF0CFC
:104A200017F20511F60B12F900FAEE0A0AF0EFE59B
:104A3000050F01E8FCE0FB08E92FFBE6D2F8040BC8
:104A400008FD06F9F313EE0907EAEE480D1ED9FE3C
:104A500009EC0F0F0D03ECFBFBF0FDE60811F70D61
:104A60001102EEE91E2A022FFA0E020905F7E91DCE
:104A70000CE9F716EEF211000F1716E101FE0C0E0D
:104A800002E4EFF91907F80BF906F1E1F40C170D40
:104A900001E209F915EE090606F70A12FE1B0501E7
:104AA00008EE0E081203101C07101708FF0F122142
:104AB00005F6EF0A0DFFE125FEE005EA170BFD0FF5
:104AC000F80BFCF8080E1919FB24F2220114D9F98D
:104AD000FB09FDDCFB101917FD131416FC0AF4F199
:104AE000F3F5F2F1F507070806EDED13F30CF906FF
:104AF0000DE601F6F3FB0018060E03F301FE18F0B5
:104B0000F50011F7FEFEF8F103FDEB100AF4F015C5
:104B10000CFD07050916F302FD15EF0FF0FC00F27E
:104B2000FD0FF51E04160516EB2AECEDD7F405F380
:104B3000EBEFFAEEF8F908120A06EB05FB06F5F2C0
:104B4000E91109F816F40523EDF4F41412040BEE40
:104B500012EFF5090807F619F1F607E3E5FB091965
:104B6000F71FF814E605EDFA0F1BEE0A160500E72D
:104B7000F5F4EC0207D9EEFB000E10171A390015F8
:104B80000B15FB02DBEE19190F03FB0A03EFF0EB29
:104B9000EF04F511080A0D01F71A11EAEEF70EF904
:104BA000EF0B0CF00DFD120EEB0903FE23EF140FBB
:104BB0000AE9F520FE14D80DEAED050523E61409EF
:104BC000F7FF0CEFF4061D13F70C0706EC10EAFED6
:104BD000FB10ED07F306E60BF811FE0DEAEFFA1EE7
:104BE000ED07FB11E9F2FA16FA1FED09DDDC01FA17
:104BF000EDFDFEF8F8ED0912EA070E040AEEFFF2E9
:104C0000FCF5091BF908FBF110FB0BF6FAF618F09E
:104C1000F6EC0A06E410DD180EEFEEF3EBE7EC021B
:104C200003F4FD17FBDE0CF4E9130A10FF0016F67F
:104C3000FC090FF3EB003305F3F406FD2021FD0E14
:104C400003FEEE0EF1F2EEFEFB0AEB0FFCEEEF20A0
:104C50000CF2FCFFF41B011CF403F21F100C0C03FC
:104C6000FCF2050304F1FFE2FF1BF5E834FA1B1127
:104C7000F6060317FFF6F4FAEAF1FCF922070C072F
:104C8000FCF8FE0D1E14091FF4EAECE5172411FAD6
:104C9000F0F1FF011E0703EDF6F2050B08EB131C04
:104CA000EFF702FB10170F2B03F5EEE72503F513C3
:104CB000FEE7EB0B1707F302F211F0FF18FE1905E0
:104CC000EA0E0C060F0D0A0215EAF516FD011BE7A8
:104CD000FE12010008181910FE0B0606F518FCFB61
:104CE00004F0E9E517FFFAF6EF0402FF18F8090AE5
:104CF000FB02EDE7F819E914EE01FAF33A0517FEA5
:104D0000ECF6FEF30E0DE2EFFD0604EA0A191A2D89
:104D1000EDE0F5E0021FF5F408EEFFEA0915F91CD5
:104D2000F2F4FC03090E0E0DF313F212240D00F73A
:104D3000EDF410FDF9FB18FB0FFAEB14EE28E32558
:104D4000ECEB0EDC05FC0D07ECE7FF290C0EF02365
:104D500006ECF61C0CFEF60C0BF8EC0017F9081428
:104D6000F8FCFADB180E08F5F600F4100821F10E35
:104D700004EF120EF8FB03EE0DDE0C10F9F9F2153C
:104D8000F4F5121016131D1F09EF00F3060A010DAA
:104D9000EAFF06F40BF20AF2050800DFF806F9F361
:104DA00013FE00F6EB0C19F110ED08FDF500FFEF16
:104DB000FAEAE9F926110EF8EBF3F4F604F720010C
:104DC0000BDD0E2000EDEB1EF0EC0907FA0BF91CD1
:104DD000EEECF8F7000019EAF9F6F502F31A030809
:104DE000F42DFBDDFF220C080C14F9D1FAFC0EF0B7
:104DF000FC050DE610F619FA1016071CE7FB1D1846
:104E000001E8F7F5EFF50B17FFFEFFF408FC0105CD
:104E10000B000E060A13ECF7ECD911F214EDEBE3DC
:104E2000F1DF0608FEE5E304FB02FA00F70BFF0BD7
:104E30000022EC00F7FF05F8030406F5E114E9FE93
:104E40000DFAFD11E6FEF5EBFBF4EC0FEEFBE901CC
:104E50000E0A0B02F1E1FAFF09F3FBEA071507FD61
:104E600003F308F40EFBE6FEF8F0F8FD060D0D1452
:104E700014F701FD290011FFF806EBF5120D10FFE4
:104E80000CF7EFF70F1F0E0101F8F5112AFE12E4DF
:104E9000F2DF0FFA0DF4260EEC1804FDEF1B1DECEB
:104EA000F9F4F8FEE1EBF2F213140A030F15F6F130
:104EB00005E80AEC1AF7F814FB0D0D0506030A1FA6
:104EC000F116ECFB1AFEFB0B0A120DF8F6F2F8F3E2
:104ED00004060CF4F6F63EDD1105F5F22502050791
:104EE000101302041602E9E506F611FB13FC19146F
:104EF0000016031D05F5F7F9F0E6EE06FBFC0C0BBA
:104F0000FA051107FD0621120802FE0BD719191A1E
:104F1000EEF6F60106F8FAFBEB07FB14EC090D1BA5
:104F2000ECFCEAF6150B05020CFFF716190CE4EF82
:104F3000F2F4F71BFFFDE41DF8100E2F07DCE71558
:104F4000FAEB0BF7110615FCFC0AF7F1F10F13F958
:104F50000A120D0EEC05EAF2EFF5130DFF0402F252
:104F60000A0AF701061F110F0D11FFF0F6DEFB0410
:104F700001FC000DF9F9F5FB05F200F7F3FF070757
:104F8000F1FE131A0E0C15FFF607EAF500E81305FB
:104F90000105F60500FD13F8F61A0F0A1310EC16BA
:104FA000101213FBFA2A13DAF3EDEE0E0F09080FB5
:104FB000F10511071C20FBFB111911FB1618F21645
:104FC000FA051023F3EA11FAF10AEA0BEB080E0CCA
:104FD000F019F9F31A2C08EC0EFA0B040C0A2B0446
:104FE00001E508010B06FFF6FFE802170019270785
:104FF00014EA0515F502F2F7FE05FEE6F217FFF7D3
:10500000EC0403EE1FEDF81A0DEAFBF1F5F50DDEE9
:10501000F9FB110FFDFCF311F7FC06ED0C1103FB7E
:10502000FA050118FB00E0060BF60A27E906011154
:10503000F405EBFC2617FA0CEFF6FCE4FB020A0B76
:10504000080B03FDFD0512F71020ED03F704EBF745
:1050500011050EFA04190001FAFAF6F608FD0EFB26
:1050600007FF11FBF50717121217081D0A09040A9A
:105070000203F909E9EDF2E2F6EBF610030A011476
:1050800008FD05F9FCF4190902F108EFF4F4020C2B
:10509000FB0705E9F8F0010FF70B01F2F0160F0519
:1050A000F5081304F11CF303F7F1EFE2F0FF1B1412
:1050B0000AE711F8F0ED011110F00608E6E803E246
:1050C000ECE415F10A05F018F9F5F2F1FEF5F70E2A
:1050D0000609FBDC06FDF9FF0713F7EA0811EF14D8
:1050E000FD01F702FC19EFF60A08FEEBF3F3FEEB05
:1050F000FE05FCF609FD02F2F101FA0A0DF2FA08CA
:10510000071B1008F2F1F4E709FB011518100CF366
:10511000FD04F300FFFA041B11FF0BF6F9FFF30186
:10512000102800FFF5ECF104F60AEC150F1E09F447
:10513000090B100CFA1200EEF5F3EB19F6F1010071
:10514000F50CF005FAF0FD07FF11FCFD00F1EBEBAB
:10515000F3F90803EEF9F10311F5F8080DF20DFD6E
:105160000EF7E9F5E8EFF810F01409FB1000E80A73
:10517000F51DFAF4FCFAF6F2010C11F7FBE90BF15C
:10518000EC070C0A13F6DAED02FC0403F8E90AF660
:10519000ED18E90905DCFAF7EBFFEC0AF60200F37B
:1051A000F31305F5FDEFE5090B0F010712F513EBFE
:1051B0000506ED00F4EA0D0912180FFEFDF5F1E603
:1051C0000B1CF2FBFFFC150F09FB03F8FA0008F6B5
:1051D0000DFC11E914F910FBF9000713D6F0EB09E7
:1051E00009F7F705DBFFF202E802FB03090EF4F70B
:1051F0000B0DF3EAE10BE408ED01EC1A0E00FCE301
:10520000F5EFF10D14000713E9EDF70F0AE1F001D6
:105210000CF0F8FAEE1E03F7FE1713FAF8090A1459
:105220000DF8FA070707EAF0EC0604FF03EB221972
:10523000F8F208F7FD160DFD090000F908020EF35B
:105240000BFC0809FAF5E1FAFBF3FA02F10FFF1D76
:10525000F30B0808F8EA1B17E90B14EFF80805F63A
:10526000F000EA0A1A07FA050300F3F00C06FA1335
:1052700008170CFC020EFE00EEFB0CF8E7FBF1F544
:10528000FFF51306E6F8EDE914EB110F06FEE50154
:1052900007140803FBDE00EF10010916D406F00E18
:1052A00008EC14090100F50F0512FAF008FACE0116
:1052B000EA050C11F307EA00FA1501030420F1FBDB
:1052C000F91BFE10DAE705FFEE1AEAF9E3FAF70434
:1052D000F8FB07EEFA0517F8EAFCF0F3E8FDDC1737
:1052E00015EC08FF060CFC04EF0206F708F1F210BB
:1052F000EA06EC10E7E9F7D411060404001A11F3EA
:10530000FA15EBEB0B0BF5120AF305FF0509E4F8B0
:10531000F10A1409E0F200021015F6FCC9090A01AD
:105320000E05EE0CD6F21B0FF8DFF810F81B01F497
:10533000FBF800FDF5050E1AFF06EF020AFEEDE888
:1053400009FB0EEDF002FEEF06F20D0DFBFEFBF485
:105350000C0EF8E906E708EAF30AFA0BEA1D07F271
:105360001300F5FFF9F5F203FC1CFCE9060009E562
:10537000F421F9FDEE0806D508F907F4E2F9E0D2C8
:10538000F0EE0C03F0FA09EF02F9FAFA14F407F060
:10539000050EFCFBEF0DF0E90CEF07120618ED000F
:1053A0000617FD16070A06F0ED0C0F09030D0AFBA0
:1053B00002FFEC17E30F04EEF713FDFAE9FA07E634
:1053C000F3FAEEFEF801F2DE0D1B0705F1F30D0610
:1053D00003F707180AF100E200F8EC19F9E10D08EB
:1053E00000FD0E21FC0CEE02FA04071CF8F3F7FA9C
:1053F000FF04FEFCE113FD19EDF5FE07120A0BF8A0
:10540000091BF30C04FB16FBEDFCEAEEED19F308A7
:10541000FB1D10EEF5F8F6E50DEC0EFC0D00FDF0B1
:105420000A0DF10705D5F105F7E900FB071912F0A0
:10543000F6EBFD05F800DF2501EB11F1EFF70EF3B8
:10544000F7F108FBCB120BE80DEC0502E4F7160AA6
:10545000FBFC04F715080FFA100E0AFDDC21FE15FF
:10546000EC01F411F8F60F04120F070C0B0D03F802
:10547000121104F1FA0CF507F70A0212F9FEEB21FA
:1054800002FBF9060514FDECF01A09EF0313F2F222
:1054900007EB0D05FF0DE4FDF4E8F512D00F08143D
:1054A00000F5FB1B041506E2F10E051301FEED01EC
:1054B000080BEFF8EF03F116FEF8EBF10605EC032D
:1054C0000817F4F5E8FBF709FF090F0BEB2000EADA
:1054D0000A09050DDD03E5EC11F7040D060204F4DD
:1054E000EB0AEE03170DFFF5FF06EFF8EEFAFAF000
:1054F000040AFB0101EFEE02F7F9FEDBFF11D10D0B
:10550000F8010BF604EAEBE0EBF4FA100201F808FC
:105510000A02EBEDFDD808070D10F6EEFE10FD0EA9
:105520000DF70711000614FCF509121606F21DEF1F
:1055300008F1FAEEF805D115F0FD030DFDF6E5FFD3
:10554000F400F1F402E90CF1E800F7EBFC0EEF00D7
:10555000F4FEE9ECE10EF117FEFBF7EBEFF9E8EFF3
:10556000FE09EB13FF22F8110C110E0DE3F5F6F610
:105570000B09F6F229E8F3F7F80603E8FCF4FBF56B
:105580000D06F2FFE3E201F601E2F2F5F0F9FFF9B0
:10559000F2FA09281611EFD70FEEFC081308ECFEFB
:1055A0000BF20BFAF405DCF712101107EEF51FF100
:1055B00010DF0FDBF8F4D7EE12EEF00FF101EE077B
:1055C000FEFBFA0E07EBF3ECF3FDF2132D0E08F0E1
:1055D00011061010F4E2FFF90BE2081CE307D5FDF9
:1055E000F8FFF3EDFBFCE1EB0703010FFB07160DE2
:1055F0000E11F6FD1EF5180908F6F7DFEE1305FF8C
:1056000002060A0FF0FCDD01F005110CF70AE003B9
:1056100012E8F010D8E60701F80AEF00F4E4080FEA
:10562000FBFFF2EE0DF9E3F40814F1EF15FD0702AC
:105630001521FC0B27F1F104F8FBF306F811F61223
:10564000ED1306FEF80415F3F1FE1B0BFD12F7E651
:10565000EA0DF10BFBF3FA0E2FFFF70CF6E00A1040
:1056600003030FF712E10BFB2403E905FCEAFB003F
:105670000E15080A0C00FD030F00EF02F1F00C0BF1
:1056800015FFE805060BF8F4E5F2EF14FA03140928
:105690000308101CF8E607F709FD110FF7E3FAF508
:1056A000EEEA09F9FE1000FB1FFB03DE020422D71D
:1056B00004F90A040F0EF3D8FE18F113FFFFF602E7
:1056C00016E7FCEF0ADB15F8E90EFBFDECFFF7F43B
:1056D000EF17FD0CF6100815F60F2AF30A02F8D89A
:1056E000DF0C0DF1151019F9DC041012EA0918D7B6
:1056F000F9191AEF0CFE0CF90C0AF7F50CF50C0170
:10570000FB0E0A051AE704F3FAFFE41705FA06DCB4
:105710001AFB0AFA17F410F80BF41EEE04FEEBF372
:105720000FF018F11C11DCF61EE7D8FFF1EB0A129E
:105730000801090BDAFE05F20E05FA04FAF7040E69
:105740000106FFF40BEF03F8F0F2030E0713F0036A
:105750001C10030FF20401EDEFFA0F11FF1D15FEEF
:10576000F90AF6F406ED0B12F8F800141AFBF2ED44
:105770000A1D0803F3E3FBF2F60D0CF7EC1301EC42
:105780000514F6E8EE04FFEB0E121E1BF50701FBF5
:105790000AF41905F807EA0F0B111A07F8F2E8D412
:1057A0000F0013E70F0106F22ADE14FAE8BE13FB1E
:1057B00000F60DF3FB13E7FEF308260513D60CD510
:1057C000F1EDEEFE031408FD0B02F30F000DFE04D5
:1057D00005E8F901F0090B04EA110F08E919E4FAE8
:1057E0000A0A030C030D08FA0EFAE50AE60605FBA1
:1057F000FE01F8E4F3E3FF0B1FF5F4F3E90717FCF0
:10580000DF12F9161DEEFE0BF0FF101F16F5F8DF84
:1058100016E6021AEEE0FFEEF2F90BF207FBF7EBE9
:10582000081109F807F4FF12F50DFE01F2F9EE0E6A
:105830000D07120BF8060AFE1811F91221F6F1DE17
:105840000F012303E80EED08EEF10C00F2FD01F864
:10585000F7F50C0B1E0100EFE0FC141615F5FA0627
:10586000F70F13F107EB04E61E160CE2E1DF11E679
:10587000DCEF181F091008E5FEF61B20F81201FBEB
:10588000EBEFE81304F900ECEDFF03F60200061657
:10589000F7EFEE060DD9021A09FBEC08D4090BF15B
:1058A00002D8D8ED041A13F2F50107FA00EA0F0244
:1058B000E60DEB1917D7E9120A100B0606EC0BF9E7
:1058C000FB170701F309160DF4FEF30B03F013F5B4
:1058D000E601FF0E00E7F8F0FC03FC10FD12F500F6
:1058E000FE16100D0F06EA0C0109FE0CFC04FBFB72
:1058F000EB050005EEFFF0F4111FF81000E2FFFECB
:10590000F8FA1500DD0008FEF70BEB12EB0BEFF3D6
:10591000120DE401EF03EE0C020FECFC0E0E01EC95
:1059200004EDF1FCF90701E5F613F005EB0000FCCE
:10593000F9F4F2FEF2F5FCFEDB0410010D020F009B
:10594000EBF6E9FCFF12F90BF605FFE7FD0F0B0A7A
:105950000F0BF812FD09F70601F0ECF806FE05F64C
:10596000FBED11121BCD09ECFCF5EFE3040302097A
:10597000EBF7120B14100E12F1101208EAFBF300F1
:10598000FF1623070B0614F0E3080CFDF31C0C169E
:10599000FC1107F4F61B04FDEA01F3100DFDFC0BEE
:1059A0000AFAF7020E070A08E9E40FF5EF16D6F730
:1059B000071114F325F22DE5FBFC02EFEB010E12AB
:1059C000F8090FFF171509F8F513F4FC0C2004EF84
:1059D000F80E240418F903F3F50D150114F5091355
:1059E000FFFAF2F5F5F31222F4060B0D17F6020F8B
:1059F00007F1E818F10D050EE5EFF6F1EF051D01D1
:105A0000E303EF0AF4020D0414F203FA13F8F7119A
:105A100009FBF1050B100805F40EF2FA15090DF05B
:105A2000130320EA08EAF1EAF3F51106FC0C1FFF64
:105A3000FEFD2C2002E4F3E9F6000700F001ECF48F
:105A400009FD0F090BF00C01ED0F0EF5EF05F1EF5D
:105A5000081612F513E410030501110FF809000BE5
:105A6000FC0D0B1B0BFF060D0C0709F6FDFAEEF5FE
:105A700016F5FEF4160F241007ECFAEC16EA02FDF8
:105A8000FAF3F6FCF42016EBEFFDF5EA171FFBF72F
:105A9000FC030E02230A01FA130B060DFFFA130989
:105AA000011AF100E517F8F21EF80A1617E1FBE8F3
:105AB000FE0B0E02E40AF71FFF150D0AFC03FA069F
:105AC000F30900EE08E704280DF91D0409F311E5B8
:105AD0000FF4FFD00216140EEC000DEB0D05FC27A1
:105AE000FA0BFC0AEACF0204ED0514FEFE1210F8D0
:105AF0000BF817E810F6F71505F50A06FA240A0F51
:105B000022E4FDD9F8F22C0E11FFF2F0F3EB21F8AC
:105B1000EED7E5DDF915F626F818F0DFEFF51A1DDA
:105B2000FDE3E10000F4FA160DECF3E3030207F9DC
:105B30000EF6160EEDFB06010607190EFCFCEE191B
:105B4000FE0FECFD13F315F5090D0E1717FCF40C01
:105B5000FEDE11D9F80BEC19EB1D07F91CEDF2066E
:105B6000102006F4E8EA01031409E9F106EDF61B3A
:105B70001709E70508F8090BF10D12180DF8FDF0EB
:105B80000B06EE0003EC0F11FFFAFD0004EDF91611
:105B9000F90C0A05F70AF106051FF00700F2ED01FE
:105BA0000C071AF3EE00F7EB0CFE1E081007FCFCC6
:105BB000FAF2F7EDFE13FA08DFFA03F10DF7EDE65E
:105BC00008E11FF107F7F4E622EADD230EEDFC0100
:105BD00002FBFDFF12F820DDF506EB0902F20503DA
:105BE000F5F3F5F000FA0515E2EAF1FF0D05F3E82B
:105BF0001BF5FAFA01F70F1DE520E2FC16D1FE05B0
:105C00000F1AE7F40DEF0114ED0C26FFFDF81CEB65
:105C10002020F1DC06F102370DFEEE1619E0180B1C
:105C2000E90BF40A03221A0E0C100B27FDF8F3D12E
:105C3000EC04E8FEF0E707E605F6E4E807FFF317F3
:105C40000DF200FA000700FCF015FAF1FDFCF6FE7B
:105C5000F2EFFC17E40E110CF2F502FCFFF501F077
:105C600014CC01ECFA22DE2208E0EAFB04F9E61982
:105C7000F71905F00107E6F014FF05EE0EFE150317
:105C800009F9D9F70904F10BF2F0051708050DE938
:105C9000021AFB0C150717F2E306F1FFE90812F8E8
:105CA000FEEBEAEEE3050908F1F908E81406021232
:105CB0000BF2FE0AF2F6DBE20812F5191DE02104F0
:105CC00000FAF4F40E0CE00DEDEE0CECFCFA06F923
:105CD000F30BFAFCE903E62302FAF0E6FE0302FF07
:105CE000FDEE03151F0011ECFDFE1906ED01F70A8C
:105CF000F812050E06F606FBFD0CECDDEE080213AD
:105D0000ED0820FC180004F103FAF007F11703F383
:105D1000170DE80108F4DFFB17E5EB0702FAF011B5
:105D2000FFFDFF11EEF513EAFCF3EDFA061DEE0A96
:105D3000E7F3F3E7DC1FFBFF0F06F5F3F6EFEEFEEC
:105D400019F8F91AF0E9DD0206120AFD0EEFFD134B
:105D5000F30DF3F5F3FBFF0B171119200915FFFFE6
:105D6000080A0112E20FEF05F70216DFFA14EB0E34
:105D70000915F5F7EC08F906FDD6F2080F0BE61148
:105D80000DFE001903F1E81BFDFBEBF9F6E40A1424
:105D9000160308FE06221100EAEB0B0A0417F909A4
:105DA000ED090C0C18F70CFC17E720F7F801FEF1D1
:105DB00009E4F310F1F30A0AFDEC0A0F0DE80A12E8
:105DC00009FDEFF100F801071013070101D9FE09E1
:105DD000F5E3F3F8EA140D13FD0EF0FF16FE16F6C8
:105DE000F8CAECF8EF3BFBFA0B16F9FCF8F706F8EB
:105DF000191217000FF708E8050C0615FA08100528
:105E0000F40304F6E20B1801FBD916080502FB03A4
:105E100003FA01F4FEF9EA1B0608DAF70CFB01208D
:105E20000805F31F04E3F9E40207EB04F809F5267B
:105E3000ECFFFFD300210A0EFFFFF4F6FE0008F688
:105E4000100811130A15101A10F1EC21FBF8F2FEDC
:105E5000F0F106D5F804240A210FE5FAF90913FD3B
:105E600023E802E7F6EFE607DEF8E4FAEE14111D88
:105E7000F70DF0F00D100F1402FAF5FC1400FE0AF5
:105E800009DC33F81607ED0C1706FA1602F300EBDF
:105E900018EE0204FAF505F5FEDF04F9010B08120D
:105EA000E91B0BF90700FCEE0E15FAFA06F30F09D1
:105EB0000FCBFAFB1421FCFCFAE711FD17070500D4
:105EC00002F2250310E926051E09F8E212F212007B
:105ED0000AF10B1033FF0203080A03EBFA1318163A
:105EE0001EF1F6E8F302F9FE16FC07FFF4110DFDB2
:105EF000F9100822F7F0FCF911ED23F9F91BF5F57B
:105F00000AF707F9F9110B1AF70714E6F10322094A
:105F100012001DFFE50CEC04FEE10AF5EF10121A69
:105F200020E2F6E90F26FB12FE07F818F210021025
:105F300004201807FEDAFBF1F6F5F30AFAFEF60480
:105F4000FBFCE702E00E170D20EF03EB00F8E22C5C
:105F500001EDE2150300FCFEE614EEEBE32414FD74
:105F600001FB0C0800EFE4F0F302F80BD910F40881
:105F7000D90902F6E92B17ECFC0602F60FF7F2FA44
:105F8000E91B0F06FCF7FDFA0504020215F10317E1
:105F9000FDFB19F1FDF1081420E4100C1CE605FCD2
:105FA000E7FCF7E70CFA07EDFC1010E2D707FDE677
:105FB0000C082119010917E0EFFE11FEF226FEF28E
:105FC000E2F9F5EE04F000FBF80BF60A0D15F8FD0A
:105FD000F8F5FC1017FE17F4EE04ED0114F414FFAD
:105FE00018FA03F4E122F92715F50FEEF7F2E3F2C0
:105FF00002F7EB0A0317FDFFE21FF7F9FCEEFF03C0
:10600000FE07041AE8FC0714F8060408DC2D050B4B
:10601000F400250CE503F709F007F1F8FBFCF1F1BA
:1060200024FFE9FF14EA011EF9F512F903F2ECEE80
:10603000EB210EED11ECED35EEFD050905111CFF10
:10604000FBE70E13ED24F2EE0DECF0F3E53DEE016F
:1060500014F4F80D0FFC100C07F0F300CD27060325
:1060600006010C130F0EEFF6EF0712E40EFEE71D0C
:1060700005EDF4F4F009EA2E02F110E0F81ED92D36
:10608000EB0210FEFC00F1F9FDFCFF0EF40914F226
:10609000040BF10B08EEEFFCFA0B0D02F30DF4E824
:1060A000FBF1FFFFCF0A0711F30AFFF607081506F9
:1060B0000106E6F1EC070A04020CF315050D01F4E4
:1060C0000C29E6F51FDAFF1DDF1007E80EE9120FB5
:1060D000EEFA32FBF804F1FFF1E0FF1DF93104F4B0
:1060E000EF0CF9FAE509160AF9F349D40F1007097C
:1060F000FB02E702FC091508F605EEE2FEECEF14E0
:106100000FE111FEEF20E31009D213000107F2E7BF
:106110000E03FF15F917F402DB0008190E1315F42E
:10612000ED1606000FFA04F7FAFA16E90EFEFFF96B
:10613000E2F5E3D8FDFF0C37E505E418EAE5FAFDE2
:1061400015070704F3F4FD06E7E90CED0105F40675
:10615000EE0201F4E8E10808F6E3101AF52B10F757
:10616000F00CE60C16D6FF05FA12FCFF19EAE50161
:1061700003F0F608EA19EFF005F912FF16F5FB0037
:1061800008F1E709FE27F419DF1D11FD051FFE0DBB
:10619000000609CFEE02072DF5EEF8030E06F50511
:1061A000FC1EFFEFFAFEF51F08082004EB13F9228E
:1061B000F604F301F816F8F8161AEB0BF5F6FAFBED
:1061C0001FED080AFE1C0E0819EC0BFCEFE6F80C9C
:1061D00000F016FB17020905EC0D0AFEF8F7F212A3
:1061E000F314F0EEF2FC040FE70616F6EE07EEFAF3
:1061F00004E8090BFB04ED01EB04F71DEA05ECE5EF
:1062000015F70CE7F4F60019EC01060F08F7FA0091
:10621000EEF1F2F4EE0307EBFC0706190C22FAFA92
:1062200012FA011FFB040905FFF3F412EB0809FB46
:106230000DFCF21AE7050F04FBF405011208EBFD53
:10624000FDF70C140BE7F00F06FF07050BF513ED38
:106250001CFEFA09F60408FBE6E6010D05E311FC55
:1062600024F7F4F9F9ECFAEFFCFC1CE8F502F00075
:10627000200C180D0E000C0A020A08EBF6F2F105CC
:10628000020406FC08E2000B10FD1CF0F80A0EEEFA
:1062900021F5F8FD12E109E714F4EB180CF1F8FB15
:1062A00003EB19F109F6040A0B0C0617F808FFF8BE
:1062B000F71AF71714F011041CF91D18FA0CFEE96F
:1062C000020EF90403EBEF000DFCEF10FB0AF701DF
:1062D0001FF710F80806FC0A0D13FB07EB1913EE65
:1062E000020012120DF8EA0113FFF1F6FF19F5EBA7
:1062F000090B0FFBF9EB0EF3F211F813F7E6F304B9
:106300000C15F2F3FFFCF006070B0D10070EF2F16F
:10631000F10F0FF613EDF816DEF6EAF5F10FEE0CBD
:10632000FC23E6DDF30111E1D6170C1100FBFD148F
:1063300003FA101A0A0A13FFEB0FFAF3FCFE0E0E13
:1063400008FAF0F90FF9EFE8111DF307F4FE090E52
:1063500005EAE9F9FC04FAFA16F8FBE6F709FEFC8F
:106360000001EB180D0AF504FE070105F8FF0F0008
:10637000FA06EF080E110901F6F2EC00120DFCE42A
:10638000FC1601FEF708FDF8FF12F6F9FDE70FF223
:106390000CF504120AF5F3F401FEFE0E120D0DF1D8
:1063A0001AFFECF6F8F4150FCDF91301FC31F3EFF9
:1063B0000502EC0A0AF4F5F51E1D08010CE8FA0ABC
:1063C000130407E6030EFDEE0AF105F513FFF7F1DE
:1063D00013FBFF060112F7FEEFF6E8F8F50D0EECE1
:1063E000ECE7E5EF06FAF50405F60106090E0C18D0
:1063F00003F7EF0EF60EEBF408E91116EB0F0F0E94
:106400000A1C1B0AE9F6FAF7180CFD0CF600F9F95C
:10641000E0FEF0F906F9E9F6F4F5FAF70D0AF90AE3
:10642000E80F010EF411FE1306FA020507E8EB026D
:10643000E8EFED06EE06EBECFC141D06120DF6EF90
:10644000EB11D80012F9F2080F091400F30013E958
:1064500005FAF6040D12EBE228FB040FF0F6F6EE57
:10646000F519F313121414001AE40FF609EA0D10CB
:106470001DF8EEFA0C120EF416F0DB0FF70306020D
:1064800004F70623F405EBD2FC0EFDF5FAF612FD37
:10649000140C0210FE09ED1BE00B1B17EB0516EAAE
:1064A0001A16060D120412E9F3E618E6F9DE08F5ED
:1064B000FAF3F8F80A02EE07FE0102EB0AE602160A
:1064C000110906EAF7F1F80112EA0103FD05100AC5
:1064D0001B10F7FAFDF90DE9100F03F604FB0CFC95
:1064E0000E110E02EE05F0EEFFFF11F4FB1307EAAA
:1064F0000F0D1B07040203F5F5F121FCF5FE13E176
:1065000004FCE2D00801FC2505EC04F301FBFDF0DE
:10651000090F300CFC050DE715F71400F103FB0221
:10652000F3E9141F0CF0EEDE02F40D0E0508F6FC84
:10653000FE0714F30C0810EE1216D61AFEE80F032D
:10654000000106FC12100AEBFD10F12AEAFCF22011
:10655000FA020CFCFB0606E813F7F7070AF8061820
:10656000DC3611ED02E6F9F610FDE51CF6FA0DE554
:1065700002F5FA0D0D0BF70E09F60CF111F5EEFC14
:106580000D08E4120B190C0DF8FDFBF5ECF4EA18FC
:1065900003070AEAF60DEEED00221EFEFDF2EDEE17
:1065A000FBF2FDE10BF8FC0612EBF6F0EAE8FA105C
:1065B000ED12F8100617EFE6F7F80CFBEDF9FA13F9
:1065C00026E00410F3FDF1EAFFF60CEA01F11302F4
:1065D0002420EBE7FDE8FA15F9F908F601E60511C4
:1065E000F3120EF50BF50CF8F20E05F0F71907E0B3
:1065F0002203F8FDF4F0EBFCFEFA040CFEEFF31AB4
:1066000020F007ED01EBEA00E60F151407EFF6F0B6
:10661000F3FC031003FAFB020CF0180314190E0824
:10662000FAF4FAE1F120E9F5F016F81606FA12F993
:10663000FA10F5EA0BFD0C06F10A11040D0101EE4A
:10664000ED0DFC07F103F80313FBFE0BF5EA08FB65
:10665000041908FBFFFCEF0C14F6ECF1EDE40C0E52
:106660000C1100F1EDF90E030EDAF8E3FFFB110552
:1066700016F517000B0CFCEDDF2D07FA0114010ACB
:106680000BFD0F18EB13F60F23F8E6FFEC08F715D8
:1066900022F0FC11F705EAE7FB1102ED0BF30719F5
:1066A0002C01020C01E804E5F22FFCF2EB0B0C0FBD
:1066B0000BDF1B06ED09F1090912100DEEF6FDFCCA
:1066C0000A1703FEEBE2F51B11EDF311141204EBB4
:1066D000EC0EFA05F7000820FDF7F61804F50B1A82
:1066E000E50212FCFCE514070BFEFB16F7FB06DACD
:1066F0000121F3EDFDEFFF20FCFBED0AFF06010396
:10670000FD07DF02111E0C281112151A01ECFE11F3
:10671000FDFCEE0BEF16FFF4FE070BFDF4FF090F77
:106720000C0DFCFBFEF9ED0BF31CFD0DEB000BF368
:106730000AFCFE0CEA04FB06121801FCFC1BEC042C
:1067400007FF061103F70A01ED0D11150308EB0B06
:10675000010BF9FFEB05EDFE002104F413F90F0224
:10676000F5FEFD150BF212F9FBFCF811EA0EF40D23
:10677000FBEE15FEEC040E0804F31608EEF3F70B1F
:10678000030F0B1EEE13F8FBF3EEFEF5EC12130AEB
:10679000F4F415EE00F7F003140529100BE107FEE1
:1067A000F008EDF400EDFC1A00ECFC04F60C150307
:1067B0002303FC1313F00EF40A0FEDFA0D0503F199
:1067C000F315F90EF802F1F1F1FE1E10F9E60DE1F4
:1067D00016F9F4F8ECE9FFFCF5FFFCFFEE0002DF30
:1067E0000FED131A020FEC0912FAF91DECE905FD81
:1067F0000F0C09FD0EFAEB0B1C1A051613EEFD0A21
:10680000FD0F05F90F06F109E7FB041BF40E0CFD63
:10681000DEFDE8FCF1FAFCF5010C060B09EA0A15AD
:106820000FF2041406E00D0705FD0B26EB1F01D047
:10683000EA0A15FF0DD2FDFFF1F81A0AF00404E18F
:10684000F7250507FBE7F8F8EEF218140AF10BFB41
:106850000CEC2BF7FDFFFA03EB0FF40305F6ECFE4F
:10686000EFE9EEF80CFBF0FEF31EFA0CF5EFF2E0A8
:10687000120D0B07000610E4E7FAE119FE130BF7FF
:10688000041116F7F806F2FDF405FEEC041A13FEE7
:106890000D0BE8F7F71AEA1CFA10E7ECEBF8EB0936
:1068A000FAF4E1FB1206ED17F516EBFA1205EDED21
:1068B000E6EA11E8EF1209E8F2F7ED0FF7140C1908
:1068C00006EF21F4EB05F8ECDFFA110E0EFEF4E30F
:1068D000FA0005D9F6D90FF512F90EFAF9E2060316
:1068E000F008E010F2F90918000702F7FDF5FD02C3
:1068F000E91007EC03FFF917E8EFF804EFED0410D7
:106900000305E5E8EFF3F910F1F0F41F04070914AB
:10691000FFF0FDEFEF0D0FDAF51CF80DEE020DE4C0
:10692000070408FC12ECF6FE13F80FEAEDF1050C73
:1069300010FEF1EE01E3FB1BF8F50D09F4FDF4FC8C
:10694000F4002EF8FBF8EADCDCFE0EECF41A000191
:10695000F6F50FE004F0E9FEF2090205100C0B0653
:10696000F4FCF8FEF00804EDF2FB0E0810F610211E
:106970000AF00AE7FF11EFFBF516ED01EDFCF10C53
:10698000FC1409F1F1050BD8E3021A0AEF0311F523
:10699000E4FAF4E6F6E7020EFAE51BF20C0AF00060
:1069A000F6FEFCFB00210DF20907FDFF13F614F9BA
:1069B000E9FB15F609EAFAFFF803F502F50F0410F2
:1069C000DE0CF704ED13060CE6F1130EF1FEFFEDFD
:1069D000F216F010F508FE17FEF609FC0BED05FAAD
:1069E0001EFFFA15F1F3F8F00108FBF8F403F921A2
:1069F000FEFDED0EE90DEB0FEEE404FDFF08FFF5E3
:106A0000F9DC12170824F9EAE706EBFB0918F4028F
:106A1000110209EDFDEAECF6EE04FD07EDFC01FCC8
:106A2000F1F5F214F50EEDEA09F612EEF0FB07E6C9
:106A3000250AE00913ED0E1812ED160CEFF0F20224
:106A4000FF1002FBEBF9FAF409F7F0FAFEE0F7E7C2
:106A5000E10B0BF5F7E90EE8DDE3ED0AEB23FEFBB6
:106A6000F61A1BF10C10E9F9E60AF902F00CFAEC3F
:106A7000DB08FD0E1305F8F4EFF9EA08EF10FAFD54
:106A8000FD11E000ECF4F0E8F7E60504F9F402FC8F
:106A90000D1401F00812FBE405FFE8F013E00519FE
:106AA000F8FC1FF1F91CEEE2F0F21C0E09F50008EB
:106AB00012120AF704010F060AFBEA09F9F7001699
:106AC0001311E321F011EE0F0FF50C0FED1F121350
:106AD000F30FE4FB0F09F1FD03F21EF70F10F3EFC4
:106AE000F4F01400FA09ECF0FEEFFF01F3F9F10401
:106AF000290103FF03EDF002FAF1E80B1017F2F998
:106B000006FA0513F80A05031FEAF9FCF908F90962
:106B1000110B0CE5FAFE11EEEC18F608FBF20C1066
:106B20000C0CFD0DF21712F40102F61BF31E150EEC
:106B30000F0BE9F50213F903F5FEEB19130CF7F847
:106B4000F9FA1007050512F6FE0715DCF00AF4E362
:106B5000F201F616EFFCFB091501FB14F3EE10FF32
:106B6000B81215E4FF12FE110FF0E8F8F7F006F581
:106B70002215E51205F20700FFF6F30F0E08F802E2
:106B800001EDE4FBF9FF01FAECF4F7F40425FCFA5B
:106B9000F6F600F912000F00E50CF8010F1008F6E8
:106BA000FDEEF3F9F5F2FD03020DE9F50C04130A0D
:106BB0000EE9000612080C0E14160508F70BF9F77B
:106BC000050C05FE0004F6FF13E5EEFF0E11071C91
:106BD000F31300F2FB0EFC0810070B0D1010101140
:106BE0000B09F311EFF115DEE9EF2BE8140906FDAF
:106BF00027F10F10F4E50DFBF9F216F5E909F50C94
:106C0000E70B23EDF9EEFAF935E2EF02EBF3060BB1
:106C100027E5FED7EADFEC0506080EE60EF2FB06D6
:106C2000EEFB2510041DFBDEF6F2E6E8F3FA07F1B1
:106C3000080337F6090605EE0808F709FEE4FC1715
:106C400003F5EE0E05D0FDF823F21604F3FE07005F
:106C5000F2F40109110504043BFA010C15EBF1E211
:106C6000010F14070F1513FD150420010210FFD5A5
:106C700012E414F3FDE912E3FE112EE2FD10F2D24C
:106C800014F2EA050B10030A1D0A1EFAEA04EB01CE
:106C9000EF11FD09F11507FE0CF7FE130DD610F4E8
:106CA0000BF8EE02080AF108FF032602FF04EFDEEC
:106CB000FEFA1512EDCEFDF004FF0C12EB10FD11E3
:106CC000E11025FFEB14ECF8120C1509EF110E1A68
:106CD000131ADADBF6CDEB021F0B11F9FDE80E0FEC
:106CE00012EEFCF6FB011000F706E4F110FB030CBA
:106CF000F50B02030D12F1DC0D141B06F0F301D6A7
:106D0000FFF4F605F51804F82203E3FA0508ECF899
:106D1000F4F6F7ECF215080C0B17030609E603FB73
:106D2000F902FAF00C090E131DFAD515F809061030
:106D300002FD140BF6E2EFDC0BF727FFFAEF07F08A
:106D4000FD03EDEFF0F4E9F02705FC14F5E6071676
:106D5000F9F10D0410E6F0E02D0A090A11E4FFE252
:106D6000F42506F814E8F50C081D21FEFEF513F6CF
:106D7000FDDEFBEFEC0A0FED0B09FB08F105FC0E45
:106D80000BE40F06F715F2F633F4E2060EE5F4FA1B
:106D9000FDF622110C0BFB080DF2100AFFEF12108A
:106DA000FAE51D000EF40CF2F213EFF9F6F71313E7
:106DB000020F38FF0B060FF0F9071611F4E30C125F
:106DC000E1FE1BF8FA14F303ECE906F5F9040106F9
:106DD000E3F20F03FBFA0B0822F1E81AF70411E1C2
:106DE00015FC1BF50704F9F01BEED50501F70109A9
:106DF000F81805FEFCF904F7F201FD0E0CE506CFCC
:106E0000F91C0C03F30FFC1112F42705EF00FD1819
:106E10001F150EF60B02FFEB07EDFE1100EAFCFE5C
:106E2000F40AF2FAFBFE15E8F8F9E501ED05F2EBDC
:106E300002ED17080EFE01F21CE8F7EA0229F7F648
:106E4000EBF1F6FB02EEEBFE01E90CFCFE01F82A89
:106E5000E608EE04EDFDEE15E0FEFE070EF7020B70
:106E6000FB160210F3CAF4F6F0FEF70AF9FF05F874
:106E70000704ED02EAF4FA0B04EEEAFC11F101EB6F
:106E8000060D1301F3FFFA04F509F5F6FAF6FBF81F
:106E9000EDE807FDE5F0E70A03EBEE10140B00F553
:106EA000E7EFEC0DFCF5FEE41802EFF8ECFAFDCF8D
:106EB000F4EFF708E8F6FBF6E9F9F600F40BEB0758
:106EC000F40B05FFFDE9EE06100715E8EF01F72FBB
:106ED00019FFEEFDFC1C0CEAF70EEE100AFC09FE91
:106EE0000811E4EE1108E6F014FC01F00119E5FBCD
:106EF000E005EAE910EBFFE0FAFCFDF5F6FAFE0426
:106F0000F4090508080204E2FA0D04F1011F071450
:106F1000F8EAF10909F9F0F5FEF105FD02E51CF4C6
:106F200001F6ECFEFB0A16EB101003090D24F51117
:106F3000FF09DF0CF30314E6F2FEF9100DFFF6FC77
:106F4000FAF4FAF70AF2FFF11CF3F401F4FB070775
:106F5000060EF6EC0BE80302180EEB0FFD19FAFA19
:106F600011ED100FFF1A03F2F90CFFEA0C070EFBEC
:106F7000ECED14FDFAEFE4F8F905EF06FAD9EBFEB3
:106F80000EF5030AF003E9F8EA08E806F310F7043F
:106F9000F4EDECEEFBF01AF81CEAE10CF2120FE350
:106FA000F311F411E6071104390EF6020DCF0108B2
:106FB00007EB120A17F20B20D40A02FFF1E3F0E408
:106FC00013F2F211F70CFCF21904FCFAF11116F8A5
:106FD000F9FBF4E9F5F7FAFB0A0EF8ED042D09EDDB
:106FE000021118F2F02C07FD090D20EB0A1B09FC19
:106FF000F9010011011704F1E70E08F9EF02F81A80
:10700000E213F9ECF1040207F50DDE00E80E09E4E5
:107010000213EFF520E0170309EB05FFF70309F36F
:107020000BF5F5090C13FB09FEF5F3F80507FBF06A
:10703000FBF5F10017FF01F5E011FB060CCDF11097
:1070400009EB0309100E100E07FF01F4EEF701F033
:10705000F8E9DFF411ED09DF02EE071202F90DF590
:107060000A0EE4EEEAF300E8F0EEE3F5DCE4ECE22D
:10707000F9E8F911030C011CE70BDB0E05E7DBFD5A
:10708000FB030509FEFBE5E1E6120CFC0004EC0D38
:10709000EDEDF3EAE5020523E905E90406F7E1F57C
:1070A0000604E71108FE07F4D9F80501F4EC05F928
:1070B000DFFFEAF1FADC0E10E2FF00F6E8CE02E5AF
:1070C000F213F9F6FFDDF8F0F8FDE1ECECEED3FD9C
:1070D000EAF813FE1BF9FBEC0B0FDFF500FAF407DF
:1070E000EDF7E9EDDEF7FDE8F6F2F6FAFDDBE8058F
:1070F000E7090EE60DFE07F1F4F3F1E9D5DDFADB61
:10710000FEF21C010FE5F50C0AFFDDEDECE60BF7D6
:10711000F1F4FCFFFFEEF01FF0F605F90BFB04F1B4
:10712000EC0DFCE9FAF802DAECF0020E05DD050ED2
:1071300009F4041007F6E7EB0403F809140C18141B
:1071400002FEFCE803F0F2E6FE000AFFFAF9150F72
:107150000EEBEC0CFDF9E1E7030AED03FD020F0471
:10716000F81128FEDFF9DDE9F006EF04FCFE10FB64
:1071700015F1110203071500F4FFFFFAFBF10A01F4
:10718000F0EED607EAF602EB0DE60608FB0A020966
:10719000ECFF0905080603E4170F150EEE07F9FDCD
:1071A0001509F108F9F115E702F2170F1F1E08097A
:1071B000F0FC02FAF8E213FF1308FAF70BF1F1E919
:1071C000FA04110F01FCF4101BF301ECFEF718DBBD
:1071D000DEF6F9020C21F1EBEBEE010B0004FCF9F9
:1071E00005EC0B0A04FA090600ECEFF30AECF1D8FF
:1071F000F8EAE9F4EE09E4E9060CEEE8F518FDE931
:10720000FE03EC01121B15FCE80519E90BF115F55D
:10721000FFE9EEF20CF81601F2F8F0EB0EFC00E1DB
:10722000FD0D08FA05E8F9081410E7F20108FB085B
:10723000F70CF704F00E01FA12ECF907F71CFD1336
:10724000EF0E02EC15E010EAE6FE0C03F301010B71
:10725000000E01EBF81101EFF8EAF709F109FD045E
:1072600011FCFAF8F7EAFB22F90A05EC1BEFF5F836
:107270000611E3FB01ECF6FDFD05E7EC0CD200E5A1
:10728000FCF9F7F004F504FEF7FF0DFCFFEEFC0639
:10729000E2F20AF4EDEDFAE9F00407EFFC0314065C
:1072A0001BFAF5FF1115E9EBD00901F210D218E431
:1072B000FBF8EF09FBE408ED1AFDFCF4DFF6EB0B3D
:1072C00007E90CFEF9EF0B031606000AF800040E9E
:1072D0000303DFF7041008EF13EC0BEE02081207AC
:1072E000080520E8F7CC0007F4EDF514FCF3EE03F5
:1072F000F6EA0C08F7F72AE81009E2021F0E03F677
:10730000ECFE07F11AE71DE5F00EF7FC0C03EFE9C0
:10731000FA0711F91CFD15F8FAFE02F5F308FCE175
:10732000F1F91610F2F2FCF0FDE70AF3F4F90902A4
:10733000F702D0EF02111A07EE0F1AF3E9EE04007C
:107340000506FBFEFEFCFBECF10F0507140A001D11
:107350001F06F11206FC150AEFFE19FFE2FEFAF90C
:10736000F5EBF7F8E91D0CE616EBDF11FD202FE336
:10737000F300FBF00A0BF4F6DA05010FFD00EBE574
:10738000F80EF5F5F2F1D706F20105E80AF00CFC6B
:10739000ED0EFB05ED01EAF2EAF6E7EBEBEB0F0B86
:1073A0000C0201F91718EDF3FAFE0813EE000C03B6
:1073B000DF0D070DF9EF0505FBF713F7FEF60800E3
:1073C000F3F0E4F814C3FFF00FF9EEFA06F9E40D58
:1073D000E1EEF6FFFDDD060403E9EFFDF511E1FA4C
:1073E000EE0E000AF6FEFCF1F70BF20DFBEBE5E307
:1073F000F910E9FFF0060CE8E409080FF0F3F622B3
:10740000F5FEFE13E6E405E20807DBF414F00506DA
:10741000F40EFEF702020F15F1EAFCE7FB07FF038B
:10742000EE0400080500FC1CF60AFA1005FBDAF869
:10743000FDECF708E8EEFCFDFD0FF10B0D0A1B1249
:10744000010700FE060BF30702EDF012F60116DF4E
:107450000B1106EE0505F203030BF00AEE0DFEFD1F
:10746000F9070F0702DB03F4F0F10BFF100CFFED3F
:10747000F301F6F9170DFE15020FED060D0DFD0FC8
:107480000D00F4EC03F7FCEF1805E502F6FDFE0431
:10749000FD0C01FEF50211F81CF60F05E90BFAFBD5
:1074A000F005131307FF0BF405EE0B03EA03F5F1E8
:1074B000F905FFF5030CF4EBF900FC0605F7001ADB
:1074C00008EDF902F61C020119EA17F61A1202E297
:1074D0001A051203E81017F2F2FC0FF8FD01090774
:1074E000FB0BE40910F5092303EC0E0D21FA15F549
:1074F000EE11FB12FE00F2FF10FA1DFEF900200152
:1075000005F8E703F9FD12F500EA140BF2F3DDF7D5
:10751000F7EF10ECF5EEF6050BFC07FB00F413019A
:1075200013FAFB092FF4130413EB2BEAF80CF211F6
:1075300004FC020A0805F119EC0FF9F9FB02F50742
:107540000A090AFE140F13120009F80FED0B26F1B9
:10755000080E1C0FFB0F1B0F13060D0CED1718F078
:1075600000EF050113F9F8FBFB0C17EF0BFE13ED11
:107570000E0904FC0BF7090A08EDF9FB161213E2D9
:107580000CFE110F07F50700FC0AF0F2051308F7CF
:10759000160E0208F61B03EC120BF1EC13FA19E7B6
:1075A000DCFEFB081A241C16FEF4E701180B17FB7F
:1075B000EB0412F41601F412F205F71009060301A8
:1075C000ECEA18F3FE08010117EBF1ED0A2CEA09C9
:1075D000FAF5080E04E804E8F5EDF8052221FFF4B9
:1075E0000A10FA0627EAE509030A0407F014001452
:1075F000FAFEF906FC02FBFAF4F814ECF5F00D0BB8
:1076000037F9EDFBFCEB0802FB0715091BE7051139
:10761000EFE914F8E2F1FF0AFBF5EB000014F7EFD5
:10762000E6F50BEDF2070F1BEB0611F01300161237
:10763000FB0914FA00F316021E060A0F0608EBE710
:10764000F3F1FCED041802F0F60B06F70CEEEB1F5D
:1076500003F70511F02702F0FB051AFD0D12FBFDE3
:1076600000FF0E0A2A1209ED04EF1C03E0E60FF1F9
:107670000BFA0DFD11FF0E1004010AE91DE604F5D9
:10768000EEF602041AF3240101EF00F8FB11020ADE
:10769000EA06E8EE1A16F2DFDC00FEEF301411F015
:1076A000F302F30505060B0201070D01ED0E0103C0
:1076B000C9F1040828001EF40709D9F717F72A10A2
:1076C000FC07E9002E05141605F0E90C0E2121FF38
:1076D000FFF6F2FEFF01FE00EF09050902FBF9F2D9
:1076E000F9F50B0A1AE8FCECF10F04EA23FBEB0EA8
:1076F00011080C11F807FB0B1008EAFDF2FDF40C61
:1077000008ECDFEE050CFF0118FAED0D02120EFB7E
:107710000C0DFCF319060BFEF80B0FEF30FA25F4F5
:107720000F02F1081D2013F2150D13FFE808F40DE8
:10773000E9F8F5F8052E06EB15EFFDF4FEF2090564
:1077400011F5EAFE19E3EF08E1FA240E0411F0F155
:107750000FE80CF009F1FF15300413FA02F80903E1
:1077600002ED060B1C2201E5FE07040E0E00000FC1
:107770001B030E10ECEA0F15F9F8EE0418E723FED0
:10778000E4FDE90FFA0FF908E40FF3EE16FE0E021E
:1077900008EBFFF6EE1015FCEAF215FC1B01EFFDFD
:1077A000060713F4160E2A19000B0305FF0C0B0332
:1077B0000A00E8F4191F00121D00EEF12517EEDE95
:1077C0000EFCF3EAF7161416FEFC070A1003EF038B
:1077D000DE06CF10EE05EF30E8F1EC12FC09F20BFB
:1077E00002FE2AFA04030F0312F3FAFA090417E758
:1077F00005FEFFF9FE000DFC0EEC0109021911FA5D
:1078000011FD08FFF61D1A0321F20DF8F5CFE51A58
:107810000810F00415CEF6FE0E08EFF0F520F2F594
:1078200014F626F81FF0F005F40804100FFFE0FC32
:10783000FEE90CF9EEFE0EB906EE0E0FFFF604F4AB
:107840000F14F9FB26DCF90514FB0DF21FE004F21E
:10785000170A1508010CED071BFB071419C7FE04D6
:107860000512FAFDEF08F2F5F4FB1AEB120518EA1F
:1078700015FA1D030E0927F708F11EF2FF1916C6A7
:107880000EF4F0FAED19E5F91704FC130DFBFEF800
:10789000F8F80914FEFF030B0B15F2F22208120F81
:1078A00022092F0B0311EEF70FF70502F90F1CF059
:1078B00022110B020AFFF6F2F10803EC13FBFB1591
:1078C000DDF81207021AF907F3EC15FEF01B18FB9E
:1078D0000C1410FE161A38ED0DF1F0F2FDEDF9154D
:1078E000270C0B16E90C02FDECF21B121F0346E9F4
:1078F000EC0F15091E15FB001811EFEAE70F2AF827
:107900001CFFF00922E81D060B0EE5F525EBF6FE3F
:1079100010010F00FA12ED1607080E0AF500FDFB24
:10792000F4F2EFE917F8F70D04FF1CFCFE02DC0B84
:10793000120929F208190F1104ED1FEEF6F9F5F0FE
:10794000F5E9F8EBFFF7010B100912F807FD000B42
:10795000060C101606F521141E0B0413F3DD1B276D
:10796000F1100412F31CF211F5EA220F01F4D2F324
:10797000400FEF08E6EBFFF70F07FB0D1210240E88
:1079800025F512FC2CF7040F0301F51201E9F007AD
:10799000F8EDFFF8EAF73EE71C11F40CFAFBFFF7ED
:1079A000F009FEEBF9062F1406F91AF3FBF2DCDE00
:1079B000FAEBF7F5FF14F913E4FB0A06240EF612AE
:1079C00001EFDC1310DB08FC1504020ADEE5190BDD
:1079D0000AF7F2F9161814FDFE08E304F90E320D49
:1079E0000F04F5141A0918150FF4F1F80FF2FE0C34
:1079F00018F419FEECEBD0F607EE05EA180BFFFBC6
:107A0000F3EC0C111D0304E6EBFD050CF80108FB7B
:107A100016F103FF02F70BF92CEDF90712EAF20851
:107A20000604FEEADED50D120CF514F6D7FFE4FDD0
:107A30000A0EFD08F4F71405E0F7210213FDF1E941
:107A4000EAF804EF17E5F0091107DAF510131AFD4B
:107A5000F20EFC06F5121CF60B111DEEFD03E505FA
:107A600007F0F1ED031E0C100C03E808130111F4EC
:107A7000030DFEF0D4F2FD01E1FE1BFEFC0909F44A
:107A800007E90BF8F9FADFE505031AF500FCEB0B43
:107A90000EED17E9FB08EC0FFDF4F5F4F50FEB0420
:107AA000130FF201E4F82006F20FE5FE0C1B142779
:107AB000F408DE06FEE814FE29062A0CDEECE905D1
:107AC000E0FEFA020F29FCF009F3EEEF130BFAD4F3
:107AD0001FFE19F5E8E003F5EBFAE7EDF918FCFCF9
:107AE000EF11240700E9E4FE1AF7FC00E6E111F8C3
:107AF000F90817FAEB0C031CEAE900FE1C1811F652
:107B0000F8FF0AF5FA03F304EDFDF8F9F8EF0B02BC
:107B1000070BE9010BF309F2FB12E6F12115F01056
:107B2000E7FFEF10F50E0B11F1EFE90AFF00E80B8C
:107B300001F007F604F0FB0DECF9EF10220EFCF259
:107B40000F09F3F21207040B0EFEF0EC1016E9EC2D
:107B500012F4FEFB10F1DD10EAFA170606EBDB1556
:107B6000DF02E9F318080D12F0EE00000003000038
:107B700016F7EE11FBFEE410F5F21305EC05F11219
:107B8000E810000E03F0001CFEF50AFB0908FFFFD9
:107B90000BEBEF040A09EFFE05E9FE090E051109DA
:107BA0000B12EFEB1206F3F7EBFEFC080D0CF919C4
:107BB00000F3E8FBF3F5FCEC4AED06FA0514F408D3
:107BC000FA01FBF2EE01EA0D0A0BEDF0E3E30EE839
:107BD00004EB0A06F40A02F7E903F70C14EEF216B6
:107BE000F4FADAF202D20AEBFDFDFBE811F5F0F24D
:107BF000F6EEF2FDEDE0D419FF110F0D030AFA0BBA
:107C000021F019E9E9FDF01E0D0F01F0E8F4DE198D
:107C1000D8FCEC06FB09E9FA0FFD0AFC0AE711FEA5
:107C2000F906E90BF2010AFFFAF20901F8FCEC1877
:107C3000F5F526FBED12EE090D12FE09FDFBEC2E0B
:107C400001EFFF11160EF8FDF7FCF70EFF110E07FE
:107C5000EEEEFDFBFFFC040F0EF003FFF506F8034C
:107C600011E908F6EBFA07073804F9EFF421FE01F1
:107C7000EF07080CF909001029ED0006FBFEF7F6E6
:107C8000000902171111F8F70DF5FDFD1201FFFDB6
:107C900019EC09F1EAF5E0F8160825FA20F712FDCB
:107CA0001BF5FA00EEFF001B23FE0304F003FA04A9
:107CB0002CF010EFE1F0FFF245ED130CF60DF8F7A4
:107CC00009F3E7F3F107F5F105F93107F108FBFCDA
:107CD000FC0F180F120F0A02F30313F5100AF9F440
:107CE00028FFFD0709FCFCF913ED0708FBF3040D61
:107CF00011EEFEEAF2F008043307050EE200F61E6C
:107D0000060CFC02F10BDBEF211007F3EE1A060D57
:107D1000F6FE28F0E7F2F6DE19F503F4FBF8FDFDB8
:107D2000FF0611ECF1FB04132203FDF7F9F4F9004F
:107D300010FF1CF2FC05FE11FDF1F7F0FC160F0020
:107D400006ED2FF5F8E1DFE60108D904E5E0F206DB
:107D500018F6F3F6F2EA11F9121016FCE7FFFAF73B
:107D6000C4ED09FA0106FFFF0CFFD3F8EFEF12088C
:107D70000F020BFFF7F9000219F5F50AFBEAF7F617
:107D8000130B00F7D70AEAFE0A0E1105E8FAFCF811
:107D9000FF081908F7F4E1F3E60D0AEEF0FD0AED2D
:107DA000EDF70FEBEFEEF9D702F31308E6D512DB90
:107DB000FA120307E50EF3F20B0C0B08F8EED8F5F8
:107DC00021F1D2EFF8F50C23120215ED01D213F4D4
:107DD000F0FF0BFB12EDE5E50608FF1109F603EBDA
:107DE000E3EF20F6ED0AE1ECE3172EFBE9E6DAE437
:107DF0001FFE04F3EAEFE904F3E8F40AF4F3F115E3
:107E000014FDFDEA02F0EEF90E04050CEB0D08F688
:107E10001FFCD6ECE9EA330210F61210F4030AE96B
:107E2000FB0AF0E9182701FC04F9FBF7FA060CF14C
:107E3000E61005F109FFDE1AFB03FCFAE80AF9195E
:107E400012F7F4EEF3F91D0306FC0009F002F91C29
:107E5000F9FD06F4EE0CEFFF100B17FC0109010D04
:107E60001F02FBF5F909F40F180216F5E9F20C06EA
:107E700002E91CF4F5F1060A060C08EEF10CECE937
:107E8000F8FEF702F3F0FB162003EFF1E006FAF735
:107E90002AFB06EBECFFD6040B0703F7F1E4DE1533
:107EA0000512F3E904F6DD0419FD12FD001105FDCC
:107EB000F50AF8E8E2EEE6F210FD0E12010AF60D00
:107EC000F814FCF4E4FDFDB6F10C0EF20C02F7F62A
:107ED000EDED0F0C1FE61320F1FBFF11F908FCFE7E
:107EE00018ED06F50E14EBDC150F08FD0604E8226C
:107EF000000503EB0B0BEF0005F518E9EBE91704A0
:107F0000150BFC0F020903F415FC10F8250CFC1AE4
:107F10000BFF0B0DFDE0F00610F8F9FDFFFDFDEE87
:107F200004EA15FCFF17EE01F00AF701F31404EF61
:107F3000FEFE0C00E4FD28F017F8F6EE08171CDD35
:107F4000EDF51AEB0600E814FAF316F7FDFBE90964
:107F5000F5FE0111FA01F3E61406140F0F1103FFE9
:107F60000D0F16021C19F9111BF60B0FF0D4F4E7D4
:107F70001BEF15EE0AFDFCEAF5140FF113FE0710D6
:107F8000F3F2100B1DFC0DE90801F2FF0A05FDEFED
:107F9000F4FA11FFFFE3F5F4FEFC040B1C151606C2
:107FA000F00CF7FB0F0DE5E907EC02F006FEF5FD1E
:107FB0002C0A1DEA13F9E0EA000108FDF812160088
:107FC0001D0716FF0E090425DD0824F20EF219190B
:107FD0002003020414F9F2F4F4F02A0CF90AFC0A62
:107FE00013FA07FB0C1609F0F80B050200280E1A0D
:107FF00003F304F407061BF818F0FA04FA1F08D577
:108000000AF3150EF5F204050B0609F4EED30DFA8A
:10801000EB12DAF2110019E81A0D00071602FBE262
:10802000F0120A060CF205EF070FF211DFD7070C6A
:1080300008011DEA001313FDF7F3F508F7F6E5FF55
:10804000E111F9F2EC02E5ECF915F10EFB190E1451
:10805000EF000FFBE9FBF707FBFEF400F9DDE7DBC0
:10806000010BFB01E21706100D0D0BEF0323F028A7
:108070000B11FB1523EEFAF2FE0ADBEFE8E8DE1245
:10808000F01203FD07F5FBF1FC10F2F4E6FD08C168
:10809000FCFF0403D9F4DFF3FF00FBF50526FEF334
:1080A000F2EBF3EE0007050EFEF9E006E70FEAFB40
:1080B000FAF7FCF40DF4FA0EF6F5EF0F06DFEAC757
:1080C000F60820F5F2E20CECFE0A1310D8E8151DB4
:1080D00013F4FA12F816F8FB09FAFEF9EE3100DF94
:1080E000F3EDEBEC00FC08E3FF071BF2E8FDF6DE26
:1080F0000AEC0FF3D8C5DED60B09F30001FE04002D
:10810000ECEE0A09F8F4FF0505FFF6EEE2080201BD
:10811000EFFCEF03EFED0312F71110041615EEF963
:10812000E4F012EFFB040C02FAFDEEFA1603FF0D69
:108130000B0EE013021409F6FF081007E4F1F83102
:1081400006F618FEF62209FEFDF5F40DF8FF0C0701
:1081500008EB14F7FF0DF8E4FF0C04010FF807D843
:1081600004EE08ED0E02FBFF04F30D0102F505E736
:108170000B0514EF07EAEFF2E501F7F0D7EDF8FC95
:10818000F50A23E9EA1116E5F801F9F90FF5EBFF15
:108190000EEB00F3D1F606F1F60218F4E314E3F661
:1081A000F6F10701F9F502E4FB05F3F0D7DBFCF08B
:1081B000E9ED090EF7E7E70DE60D070CE6F2F2E54B
:1081C0000E0702EE12EFD90BF7EA12EAE70FFF1CD7
:1081D000FAF2F411EF0AF3020808EF09E719ED0FBC
:1081E000F4EAFEF1F0DEED15FC0DF2F5F60A1B08DF
:1081F000FDF3F9080D19E8FDFAF7FBF2F8E012F9C2
:10820000F6FAFB00FD0DEE05F8EA10FFE6150A068A
:1082100015F91308FD0EE7FE01F811EFF810F4FE52
:10822000E504F0F1FBF2EC04F203F3FEE2FDF2FEF2
:108230000301FD0DF009FD1900E8F2070A03F1FC46
:10824000FBF7FC0DE3040EFBF5ECF300FE00100A57
:10825000E800EB11FA0402E315F412FEE3F8EE0570
:10826000F8FBFD04F9EEFE000CED0B08E30BEAE869
:1082700001EBEC01E5FBFB09F4FE02EC0EF8130444
:10828000F7E9F0040803F103F5F1FA06EAF9E6F379
:10829000F30D1BF303FBFA06E704FD10EE19EAF2F7
:1082A0000C0A010D15D91504FC0005FF10F1DFFEC5
:1082B000EE08F90E09F3FB0109F5EA130407D900EA
:1082C000F7EE0503F20A0013EFEDFF12DCFE0006E5
:1082D0000300EB0406FF09030DF400F5EDF412FCB6
:1082E000F607F10BFCF8DF1412EE06F90CFD14E0B2
:1082F00015021CFD1503FCDDFA05ECEB13E3FC0491
:10830000F3FDFCF6F71AF8FD1BFAFC08F9FA130A5C
:1083100007FC18EA010D01EFF1F6000EF21B0D0348
:10832000DE0AFB13D702FD0A0807FCEFE8EE0AF9A4
:10833000E909FDFCF20C0E0DF60814030DFDEBFF30
:10834000F80F02060709F506E8F2F5F4F406F32043
:10835000E8091DF6F7CCEF13F2EFF60DF3F7E5059C
:10836000DBEEEEF7D1FEFEF0E0F50612E007F304D7
:10837000060A0A0D021C18E90502FBEFF3F3E8D028
:1083800010FFF4120CECF4F812F9EA0513EBE80A0A
:10839000EA0CFC02F70803F3FDF602F6FB12F40701
:1083A000F5EEE2EED5F20112E7F80501EF2C030538
:1083B000E1FC0F08EEFD25DA0D080EFFEFF711CCFA
:1083C000DEEBEEEBF019FB12F00805F501F5FA0E05
:1083D000F5F5EDFAF6F301F604FAEF0409D801EF2A
:1083E00007EFF7F9DF0606FDED14F107DEF905F2F8
:1083F000F801040308F9EE0B030FF60B0E08D51174
:10840000D30B06040A1903F5040D05F802EA00115E
:1084100010FA0F08F7D50CFDDD09EFF20D1203037A
:10842000FEF10BF9D8E71900F7F71AEEEFF8DCF2D6
:10843000F9F212F7E9120FEA06FAFC06FB1202FC47
:10844000F1090C0E15E011EB06F300F51E05091CF1
:10845000F4FDFAFDE1FEF310FFFEFF0C22FC0DDD42
:108460000C0E02F9ED02F3F2E608030AEFE4F61C43
:10847000091005EC140818E11B0D0809DF0B04F0C6
:10848000FB021601F7160B0302F210F80FE00800CA
:10849000FE0AF8F608ED2804DD0CF40DF90FF2E4FD
:1084A000FAF6FD031404E1E3040A1510050418E2CA
:1084B000FB06FC02002215F7F5070AFE120AF8EE89
:1084C00008F715F4FAFCF3FAFB100BEEEFFC02FCD4
:1084D00000F9EF0910FC0401070AFC0615FFF4F887
:1084E0000D04FEF0E30A1BF6FBF4F2051A10FA0D78
:1084F00007FBEF03F8F1FD0B03EE0B12E41303D5BA
:1085000001FAF7FEECFDE3001B130BF0F5EEEB04B4
:10851000FAECED0EEC08EFF40BFBFFFE090C09F78B
:10852000F8FBF80EFDEC0900F2ECF71106E8D61A9C
:10853000E71015FE06EC14E809F3F612EF08071130
:1085400005F9F7FC0602E7F1090F12EBF7FD0AFB4C
:10855000F903E5F8E8E4F8092501F6021500F91633
:10856000E3FEFEEE05230805FBFD06090FF3DF061B
:10857000050601FCF711F6F011070BFB0BE6F7EF10
:1085800006F90EFAFCF6FAFA08FCF40003FB001DEB
:10859000F4000113FE090BEC11FD0DF3EEDFF6EF15
:1085A000F60A1EF9100F0C0209F5170BE2F5EEEFB3
:1085B000FFF91712F912F3E6EAF7180CEB1C02F2B6
:1085C000F011170E0BFFEB10E1FE130C04F1F5FE9A
:1085D000FBF80FEDE8F20809FFEEEC03F6ED1D0ED7
:1085E000190218E8ED060D0DFD02E7F1F4080B0B7A
:1085F000FA0F0213F220FA0806FC180CEE11E60E30
:10860000F9FF1700DFFEFA0DF5FD0211F60403175E
:108610000B0203F1140107E7FE0BF9FCF4E6F9F293
:10862000F311F4F4FA06F6EAFD04FB0B120DF4164E
:10863000F8ED0F0716FEF1F3F7F1FDE908F202E796
:1086400003F6E9DBF61B080BFBEC05F706E9F20184
:10865000110E03EDFF05F5EEE8100C0518F7F6FF17
:10866000F5E706E61D08FD15F608F5EC1207F6120B
:10867000041724F90A01ED05EAFDECD917FD0C15E4
:10868000F2E40FEF1903E90D02EDF7EBE70F08F93C
:108690000E0D00FD06EE0BF50905DFE5EAEDFB1416
:1086A000FC0D01E9F7EFF5F51616F7EBE9F6070E05
:1086B0000AEDEE0628EEE41706E2ED0412EC1609C8
:1086C000F011F2EA0AFBF90411DDEBF1EFF02014EE
:1086D0000802EAE9F310091015F00BEBFC04FAFFAD
:1086E000110103E8FD11EAE3F7F80BDEECF6EE0604
:1086F000F50BF6FFF3ED0211E7EE10FCF6031003A5
:10870000F7151304F4FCEDF818F0E907FE02E6FB98
:10871000F40920111109ECFCFEF709FF16F302130E
:10872000F100D4FEF40504FFF20712FA0D0FDD107C
:10873000060AF10F1F1CFDF2FA06EDF204F5DFF454
:108740001913F40EF5FA240205EFF002E9F816F613
:10875000F0F7F008120F24050FEBFC09FAF807EE0A
:1087600008090AF9F000E30F0EFFECF3FB1501080E
:108770000E05180C0AF1CE06E9F3F6E936062801D3
:1087800004150101D20E062015F8EC07E60BEF0FD9
:108790000F04FB0EEA10200617F5F6FCD10316FFB6
:1087A0000AD80205F90AF7E03819E5E8200F170F93
:1087B000ED00E8120BF208230103FAF703FE0F1C89
:1087C0002807F01EDA02141011E90A0A05F0010068
:1087D0001DE90015F7F6FCFA0103EEE8E5020713C0
:1087E0000F170D0214F6FE1519F005FC181AE9050D
:1087F000030AF518FEFA1D0DECFD03F824F1E5F26D
:108800000C14F0F502FD081C220502ECDF0B09FD3B
:10881000F6F9DAF9201B23ED0DFBF70CFAFE041331
:10882000160825FAEDF9F7F410FB04F9F3F3150433
:108830000CEEFBED1A1716F2DA2AF0F612F6010F1B
:108840001BFE15F3FA1613161512F8F81B07202154
:10885000F210DD08EF0C2E1213F607EADC0AFA1C00
:1088600012F7010ADF10FFDD0DFEFB0815270F0BC5
:1088700001EFF7F4F00C03170304020817F21229B2
:1088800000FB100413F9ED27F426020B1FF8FEF885
:10889000F31412FB12F6120E0814EF03141601174C
:1088A0000409E1020E080AF5EEF8060125F2FFF3CD
:1088B00006F3FAFD1A0C1B0A07FA14F207F7060A68
:1088C000F807FAFAFFFA0C06E90D0FDB1EF0200597
:1088D0000EE4F4F6F1F31027F0F8F1F0F60CF715CA
:1088E0000410F41908F8FDF8FC12E7F9F5FD1B195E
:1088F000F9F4F513FFF11802E3D4DFFE2114061199
:10890000141913F41EF803F40023DFE90EFA2E0401
:1089100002FC0AF1160CE30EF30DE911F4FFF3F576
:10892000FF05F50A0811080901F905EF1DF30C1000
:10893000F0FFF0FE0AFF260B05EBFC0FDDE90AF164
:1089400006E60112FEFE1ADFFB11EE07FBF9021A22
:10895000F2F3E5F802F7010CFB0004DF0405001157
:10896000FDF50D0BCA100D080A01FFF201F8F41411
:108970000EFBFC18030F04FDFBEFDFF91C081CF5D0
:10898000EE00F5FF180AFA10051612F70BE21EF5B5
:1089900005EEF2E31C0106FFF60702F4041903F6E4
:1089A000F603F90CE600FA0208E60F09F80CFF14CA
:1089B000FAE50AF401FED51F06EB1EFFFFEE0406E2
:1089C000F0FE0DDB09EEFC1311EF0BF4E001E9F50D
:1089D000F7F4F7EFF1D822FF02ED10DB0607F608F7
:1089E000F6F9EF00EE040FF811EA0FFC09E916F1B1
:1089F000FD05FBDFF7090F07F7F10EE4E2F8E3F5F9
:108A0000100303EFE9E90CE9EFE91EED0E07E0EDD5
:108A1000FE04070402F9D90813FE22F208F3FAFA59
:108A200012FD0DE8F4F312F8FA060509E015F1E875
:108A300018E2EFFDE40716F6FD00E7FDF50D1B0853
:108A4000131204F2F4FAE711F70001F20AF0F31737
:108A50000D0A0BDFE0F1EC01F5F208E1050304FE7D
:108A6000F90AE6FDE503E6E1F3ED10F90AEC241856
:108A70002002F30FFF0214FC03001B0FF20E010192
:108A8000F3E000FF0A15BCF0F1FF1CEBFFF0DBF692
:108A900015F0FC09F5BD0009FB1F09F703FA0A09E7
:108AA000FEF9ED0617EB011702EA050DF8F416FAC8
:108AB000F109FBF307F3E9F7070509F9F015060BD0
:108AC000E60AFA06021504DBF8F80F0D01150FFC93
:108AD000F2021D1CFE0BD1FBF8FC0701EF09E1F6C9
:108AE000000A18E1F137F0F20BEFE2F600FA150791
:108AF00019F21600E30AF713FFDCF3152105180D30
:108B00001C1D1204F70BEA10EB0B0D0510FFE11A08
:108B100024F917DC06FDE3F1FCED0F050F18F50B4A
:108B20000509F208D7F1030EECED0F06F12604FD5E
:108B30000207ED01190806FEF917040FEA0E1A17CD
:108B400013E6EFFE0911D6EAED160A00181500111A
:108B5000020C0AEF02011906F9EE1F080A2507F4B4
:108B6000F30013EE0B1EE4150902F7FAF3FDF3DD33
:108B7000090205F61009F6FB04FCFF12F4D5EA150C
:108B8000F1F408FE100501280D1EF207F1F912F4A8
:108B900000F30E090DFDF41DD0F5FDF81110F7F4EA
:108BA000E2F419EB15FF090908EF00F40B0906F8C8
:108BB0000AF200FBFADF13FBFA07DEEF01FB0420E9
:108BC000F7EBE6171E1CEDF207FBED0AFB1BF0EDC1
:108BD000DC00F3F203FB0FED08EBDEF502F7FF0B11
:108BE000F20F0BF611FD05EFF905F50514E4111A66
:108BF000E910FAEBFC0013F8F511F4EAEFFC20178A
:108C0000FE0FF8F800F1E40500F3EA0DF8EF1F009D
:108C1000EEEEF4FDF61A0F14F1F7F0FE060CFE0B63
:108C2000D8E402E91B04F2F621E6EAF313F2ED16AA
:108C3000FF0509FD020AF1F6EBEB1404FCE6EFE791
:108C4000DAEEFDE506011700F009F007DA01FA088F
:108C5000FB04F2E4F51CFBF1FD070EF80B0706130D
:108C6000DCF4EFE6090004250BFEEFFD0FECECFA57
:108C700011EFFDF7FAF4000DFCE51B14FA0D0F1BC4
:108C8000FBF10EE3100C03E9E810FAE9F2000FE93A
:108C9000F4E113FCFF0AFBF1E3FF13DEF8FFFE171C
:108CA0000A0A06E013DDF811EAF30102DBF11A0B00
:108CB00015F2ECF006E2F71106F918FAF3F3FCFBF3
:108CC000FBF00B04FEE6080D09FA0902040B001183
:108CD000F91419120D0D0EEA0502F60C0006011426
:108CE00011FB14140CF0E40B010C08E4200D10FE31
:108CF0000DFA10F3FEF4FE0EFEEEF5EE10F1F3E5C4
:108D0000FE0303F4ECFE0716F6F6FCED13FEFD146D
:108D10000CE3F3FEFB0FEA05FDFAF41612F0F4F68D
:108D2000FDF5FDE7E7F808FEFB0DF7F304F8D0F4D6
:108D3000F11012E416F70D240BE8EEFBF9F9FA1620
:108D40000CE2FEE6ED200AE9FC11F80401160CEA3B
:108D5000F9F614E215F40707F00F1CE6F0FA09EC37
:108D6000F609000A13E80406ECE624FDFA0618F7F3
:108D7000FE03F5FBF3080EF3131C12E204FF0907D0
:108D8000ED04FBFFF8FCFFFEEDF3FD0614EB10E82D
:108D9000FAEDF7FA0A1DFEEA000807FAFAF603FBF5
:108DA000FF1028FEF3F504F9000712DA2012F51B74
:108DB0000DEDF5E906020914F30C13EEFB051FE5B2
:108DC000FE07ED0A16F2F907E816E7F4F3EFE515EA
:108DD00004F50E05FD0FE4F1F717ED04F0F21407AA
:108DE0001D05DCFF1FE9EB0DDA01F20113F2E2EBE6
:108DF00011101C010EFEFB0CFDDFEBF201FD00F675
:108E000015F6FFEDF907F1EF25130415E8FE0B0445
:108E10000AFD0FEA011E01FFE503FA0A05F5F9F95B
:108E2000E7F6FE0606EFFE0403FCF6DDF8E1ED01D1
:108E30001AFA030D0D1A0210FF09F5042914E9F9B5
:108E4000E5F4FD0613F6F5F2EFE5E9FCFB08120583
:108E5000F80A1CE9F20AF611EC1902E8FAF0F91A1C
:108E600012F8FFF7F7FF0112FCFF1A10031BE2F9DB
:108E7000E3D8FFF0F8FE0F05FEEF1EEEFFEB0D024C
:108E8000FCE9121302DFFDE8191100FE0AEEFD0FE6
:108E900014E6FD011DFADBF6F80A03FCFBE00FE81F
:108EA00010F501EAFE13F6F5E3F5170C0DF2E7E312
:108EB000030AFFE82ED1F8FDEDF6030608FCF9F8E9
:108EC0000414FAE7EFCC18EA0B0612F206DC21FBD9
:108ED0000D0DE7051AF3F315FD0506E80E0F21F059
:108EE000110DF41217FFFFEB0B151906ED0A18FE12
:108EF0000BFDF4F8F7F900F1FDE50001FFFBFA1DA9
:108F0000FB19F30EF2F007DFEFF106F81912FDEA94
:108F1000060901180FFC0BFE0E07FFF509D8FEF13C
:108F200011EEEDEFDEEAF50814EB14EF04EFFC0CA4
:108F3000F31600FCF9E7120604FC09FBF011090A1C
:108F4000F4F608FDF104FD0D100106F5F3FEFF0F28
:108F50001905F1F0E7F21A11FCE70D091414FB08EA
:108F60001EF617FB0EF0E8FBE6FF06F1E61B061403
:108F7000030A0915E60D13F70D151604EEF714E3B1
:108F800010F8F0060CF4FAF305E305050E00F4FB07
:108F9000F2EDFFEFFD09F005FAF700080A09F30901
:108FA0000209040DDB0FEB1703DD0811EE1AF4FCC8
:108FB0001FFE08F40819041009FB17F40006FA064E
:108FC0000AFEFAE5E7F7E9F70A00F2FEFCEE0219FD
:108FD000EDF90000EAEBE1FE05E8EFF50BF1040A1C
:108FE000051305140DEA1C080EF515F6EE0305062B
:108FF000111805EC030D060103FA14FA03FDF80637
:10900000CB161AF1F91A10FC15F2E91203E1F71761
:1090100015E1090AF9EE1415E30D0505FF16ED0D2E
:10902000160F07F20F010A0EEFF5E809FBF6F0FF45
:1090300001000207EE0D12F2F6FA17DAF6F906064B
:1090400005FCE6ED1A1116FCF600FFEF20F2FCF12C
:10905000100500D9F9F5F2FBF2FC13FD2B170D09F1
:10906000ED12EBED0017ED0D0DFBE704F2F510FA34
:1090700018EC1DF3FFED10FA16E919F2F2E71810DB
:10908000F0FBE906E410F60C0DE1F209F00EFEEF3C
:109090001A0601FD0AF90E01F9F111EE0BFDFDF6BC
:1090A000E90E2105FA0DF9FF0DE70ADD06F70C17A9
:1090B00011EBF90C0608E20C0612E4F9FCF8FC0FBF
:1090C000EA141AEAF2DF11150304FFF0EA1EF0EECB
:1090D000FBFFFA0E040A0DED0AFAF511F8FFE7108E
:1090E000F7FD0309011DDD0114022B22E3E616083A
:1090F000F00901F0EEF2ED1FFDED07F7F8FB1AE4C1
:109100002D0608FCF3FC0B010BF2DE00E20FF7F971
:1091100007E9F1F60006E6000FECFF17F718FDE788
:1091200012F5F9FDF405050FFDFB09E6F10B001D35
:109130000BF604EFE8130C0AF3FB0DF20EFB000133
:109140001013F709F2F60BF80EF5F2F9EE03DBFC5B
:1091500008F408F6EFFF10130501060707F904F2FB
:10916000DDFD0AEF0810F7021C10FCF803FF0209EE
:1091700000FC09050E0BFB07F41FEFFD01FCFBEAE9
:1091800028EB0F0E00EDF3231A0C0BE0FEF7160A86
:1091900008EE180D110911E622DCF10BF729F80091
:1091A000E906F6FBE705FFC4E80B06DE0600FD1145
:1091B000EE091C14FEEB01F1081408FE02F0E5FFB5
:1091C000F9E1F411271407D710F7140F231802EC54
:1091D000F3EDFC09F408FBDA141D09FBEEE1F3D80A
:1091E000F6F5F906F6FDEADB0FFAE0F9F5F41526D7
:1091F000FCDD01DE1326F920FA070612F101F8FD65
:109200000E0B1B04EBF9FCFC0DDA0413F610FDDD6C
:1092100011F80A02F4F8FF131FD7060BFB1503FE23
:10922000FDD8EDF42520E409FCFCF2FBF0F6E70F95
:10923000FAD5F0011A26FAFEE00707F21B1502061E
:10924000F916EFEDE50A00FEFEEDFE0EF31F14E148
:1092500008F90606ED0DE311FDF5FFFCEE00F2FC4A
:10926000F4E9E40BF5F9001409EEDEFFFDF8020F56
:10927000FF01F309EB0600FD1308F505F4EFE9FF24
:1092800014F2F7EC060A06FBEC0CF5E8F916FC16EE
:10929000F4EDE4FCE4F3F1F3E90AEF07EDFEEA0094
:1092A0000101E408E922FA121200F50416F1C824BB
:1092B000FC0A0CFFF8FB1BEB0FEAF3F9FFF1E409E2
:1092C0000502FAF0F500EB11E505FD19121C070582
:1092D000EC0B0603F809FEF1F7EDFF02FD090CFAAD
:1092E000EF0FF50AFA0DFE000CF8F6F00211EBF3A1
:1092F00013EEF3EF030BDAF7010910F00BFE1D0577
:109300001604FE02FCF705FF03090D0B070C08E627
:10931000FFEEF30606100609FB121B070BF41408F8
:10932000FD191FEF1538FC0917180800280B01FF5D
:10933000EFFE010B0603E706030DEDEDFDF1040D55
:10934000F2EEE2F20AF8DE1203061400121A02F834
:1093500013F70DF31F05040AF5F817F0FEFAF6FDF2
:10936000F0FA1C1015ED0F160D0309F1EE1CFD03AC
:1093700008EA020FF6EA11EFF0F2F10DF51606F722
:1093800016F30AEC01EAEBF72307F4FDEEE00BE637
:1093900004FE11EE0B0EE9EEF9F9F106FB0E0EE3F9
:1093A000E50709F3E80718EE0F0FF70C17FBF90EA6
:1093B000FE0CFE00160210F517E4FEFEC9FDE705DF
:1093C000FEF2F9FF0C10FAF6E4F2FDED11160413AB
:1093D00009F0F4FE1AFF0205F80BDCF31205F203A4
:1093E000ECEEFF180D0803F6FDE810FA1FEFFB0482
:1093F000DB04F712FF130CFFFEF2F908E815FE0E6E
:10940000F3100BEBDB24E4EB13F909FFF90CEC0A86
:10941000FDEFFC0F0515DD2819F803F806EB090C24
:1094200001ED0510FAE7010DEBF810F0E5FEF60A84
:10943000E4F2FAE4FC05EBF91FFC070BE41CF5FB76
:10944000FF0313F6F50B0B0D0D02F00C05F1EE14F6
:10945000FDF6F0F91202E822F7F01101F5FFFDF731
:10946000030000EDE7F60AFAF20405F2E8F9FF0658
:10947000FCEBFAFF12FAF3FC04FBF413E104F7012E
:109480000BECEEFCE316EF05F7FB0A02EBF6F2F746
:10949000EB0EFD11E624FEEA0FF20CF4E70BDB07FE
:1094A000350103EC03EEE32C12FBEA12D5EA0D18AA
:1094B000F7F102F8E2070717EFF00C01D6EAF4041F
:1094C00005FBEFFCF205FCF80706FBFDF9FAE6F4F4
:1094D0000D05F3EDF80202FDF4FCF7F1E7FC05FDE4
:1094E0000B07F60FD907DCF9E90BEDF7DD05F610F0
:1094F000F8030602EA0EE328E70DF812DEF3EAFAB3
:1095000009ED03FF02F822FF01FDE908FFFAD71D6C
:10951000FF11E9F9F902050505ECF6F2E0F1FA0BA5
:10952000010117EE0806D81207F5E9E8E2200E0A55
:10953000F0F0F4F4F805E90414F0FB06EF02FA0584
:10954000FB090CF30A07090EF916ECEC07F7EF23F9
:109550000604E70D05FCEE0DE6FFE9F8FB10E21F3F
:10956000030F01F3EC1A08EC0107FC00E91BFCF700
:10957000EAEFE9E6F00F0AF8F103F8F2F3EE1EE283
:10958000F206040BF219D51FF508F412F3F60B05D9
:10959000FF0BF41404FCF60F0F04FAF4EDFA120BAF
:1095A000F10CF60CFB080712F8F006F3E50622FEB4
:1095B000FEF4000FF20205F30BFE0100FDE8FFFFD1
:1095C0000608F4EDF9FF0A03F2F8E5F10DF10101E7
:1095D0001AF8FDEFDAFEFA0D00F6FEF8020B0D1692
:1095E00000FDE8FAE0F80507DF02ECF9FAFEE6FE16
:1095F00002F9FBEB0F0BEC070FF503F10EE0D019AE
:10960000010BF5ED1ED3F4F1FEF607EF09E817FCA8
:1096100001FEFB000EF8E605EFEB020FF4F8F51380
:1096200033F6FB051207180501EC0B0B02F0F2EF05
:1096300003F3F6F7120FEC04F1F0090516E8E8D48D
:109640000EFEEF0E0702FC09F7FB0FFD02D3F10639
:10965000E7F201EEF9F8F7EF14EAE8F0E4EF020FB1
:109660000E0202EC0AF61CFAECF2F90200E810FB1A
:10967000EE0D15F7F121CE1514FC08FCFB030B02CF
:10968000F60802EEFA00EA1A0BE710F4F6F7FDFE10
:1096900011F2F204F6EEF6F212F11312F813FE18BC
:1096A00009EC000203ED00F405F20FF2CDFFF0EE3D
:1096B000061203EA13FC0AEF0FFDFE08FDEEF4F9B3
:1096C000050A08F900EEF8110DE9ECF4FDF30AF7CC
:1096D00006F7280010F7EF07F20A12F60214EB095A
:1096E000FAEBF5EFE40109FBFB09F90E0714F0ECC6
:1096F0000E040BF8F0081816F7F7FEE91423EFFD37
:109700000FFB1FED0805E234DEF6F908DF00F60670
:109710002206FD020B0EFB1D030C100B09E5F015D4
:109720000202F2F9021CF9FD060A04F6FC03080D18
:1097300008F9EBEFF0F7E92809F4E8EEE3F8FDF8B3
:10974000E2E815FA01F20606E8ECF40408030FFB60
:1097500009111902F700150202FAF007DF060400EA
:10976000FF05FE0906E9F80EEBFB20EBFFF0FD0319
:109770000711FF0ADDE30A16F1111212F91AEF04BC
:1097800000EB07FAE100FF010013F20D07FD03F7FC
:10979000F3F6F303FA030003FFFDFEFDDAFCF30E1C
:1097A000EF00F4E80A0DF5FAF6F0FD051018E8E010
:1097B000020109F5E3E6F517F0FA14ECED08F9FFFC
:1097C0000E0F1BF5E5D8ECD517EAFA0EEDF9E2EC31
:1097D000FBF207EDD4F0E4F3EA031BF10F0FEC0109
:1097E000F9020E120A13ED16FEF01410D90EDBF773
:1097F0000EFE01E70A16F40CF200F310F309EE175F
:10980000FA0F1BFFE90ADF1410F5F301F20FEB0367
:10981000F01109F521F528FCDDE80811F7EAFF1938
:109820000EF4F407F303F8FC10EE09FA1801EF0B3D
:109830000211F310DEF0F8F1F0030807FBF7F10472
:1098400007EDEEE9EB0AFEEB270F21EB02F8EFEA5A
:10985000F5FFE9FAF8F200FA0DF2F50EECEFF1FA85
:10986000F6F912FC0F0C08F30E052AF6F8EDF7E7EF
:10987000E6F70EEFEE1410E4F6F0F6F10018EF2420
:109880000E0807F1F2FE11FA1DF4EA0EFD04E908D4
:10989000F0F0EB0EF6110E1717ECF8FE0AF1F60CCD
:1098A00015ED0D00FBF4FB0A0806F3FD1705F71193
:1098B00004F5FD0D16F714E306FAFC11F61214EE8A
:1098C000E90316F40701FBE21EE916FC03FA10EFA8
:1098D000FE1011EEF70619E20EFCF30D090C0B0059
:1098E00005080F0A070DFC0AF1ECE1F502FEFD1078
:1098F000EAFFEF04F402000EFB0D05EA1EE61EF27D
:10990000FE0C01ECE8F0F1FEE9FB231513F1F8027F
:10991000E31021ECF9152EF1FE0106F4FD0DFCFC1F
:10992000140CEC0AF5091404FEEF32EFF0E922EA18
:1099300011FAEBF70CF0161C09F21BECF4FA1A08FA
:10994000FDF9FBF006E012EA19EBFBF71CFE11F83B
:10995000F7F6E5F2EF0CF201F00EEBF70F0A000F4D
:109960000BF40CF4FBE608E10111FC0DEEF5140F0D
:10997000FAECFCEE170D0F14F6FFFFFDF708FC01E3
:1099800010EEEAF509E8FCE706F51AF5FE0A0DFB0C
:10999000FC0E0A0508F0081014EDE9F00A0DF80AAB
:1099A00000F3DD111211FAF3F9F3E80208051012C1
:1099B000150B0FF6E9FA02E1F611FAEB050AF701C9
:1099C0001A05F4EDFD10110D11F5FAE70BF50B0278
:1099D0000D1223F2E80C1EF606E801F7ECF2ED0793
:1099E0001302FD13170F0EEB1C07FCEDE9E002E973
:1099F0000E050BECEBFE0C111503F4FC02F0F2E289
:109A000001E9080307210C111BF8F30FFC00050DF9
:109A10000EF6F108FC0815E712FDF70FF203FE023F
:109A2000FA0CEE0909F508E61B0204FA0BF60A0F18
:109A3000FFEE14F7F20A1BF00F02FEFC0B12FE11F0
:109A40001AEAF30DF7090515F0EE02F5FFEBF7E85A
:109A5000000D070A12FCD504070205F6040E00FDEE
:109A6000EE000CEA041BFEFD0B1525F705FD1104A5
:109A70000C11F10C02FAFAECEB051109EEF9050DE7
:109A800002FD17EBF90F12FDFFF5F2F0FC04050FD4
:109A90000DF317110601E8020DF7EE0FDEE8FE17D1
:109AA000DEF50701F1190410EC0CFDF4EC02FC03E7
:109AB00008FC140DD1060A00EBEE05F5F1FC09F9DE
:109AC00001F228FE04FFF6FD16FAE8E6F4E0E9FAF2
:109AD000F1F2E9FDE0110CF5F005FA0C0E0AF010B8
:109AE000F8FF1AECECF8FB00F8F6E80C0B0FF5F8B1
:109AF00007F8F4E8FAFDF9F7E0F40EEBFE010CFDCF
:109B0000FB100FEFDF0CDDEEF507FDF9F9F7EB05C4
:109B10002CFE0FF4FBFD05FCF9F1180DEAF9FF002E
:109B200026FBFC10FFE90315F1F2E6FA0D04141709
:109B3000000BE80203030C08FDED070A01FDFCFF22
:109B4000F3EF0C0C1207031121EB25EA001A1AD4CB
:109B50000FF2F9F90711F502EE011BEEFCDD040B23
:109B60001F0DEBFEF72109062703FAEF12ECF3FEB7
:109B70000E120D120602F3010202FEF50E080D137D
:109B80000007F40C090C0502F00D01F1E81913F3BC
:109B9000FA040F0511F210F70011F013030914F77E
:109BA000FCEB1CF6FBFB0D01FC0911031503F70A86
:109BB000EEFBF803F203F9FF1612D307EEE9EC0609
:109BC00005F7140604ED08F5E20B001112FF0C0C6A
:109BD0000405E9F203F3ED0F0AF90E0EFD0DFEEA9E
:109BE00002090FEBEBF303DA1010E80F0009010E86
:109BF000EA130209EC00120F10EA06FC17EA0DF74F
:109C000030F4EDF62EDB08FE06F3FDED0109030846
:109C1000D4F0EFFBFF040706FE0E0E03151308F643
:109C20000DEAF608021E16F411050D021409F4EDF2
:109C3000FD07E0F51E0EFAFCFFF3E611F3FBF32639
:109C4000DB0C08F4FD06FA07EB0402FF0E05FC0E20
:109C500001FF1211EFE5F50CDB11E50CE40408F748
:109C6000FE06F7FC1E00F309FCECEFF4FA0D070604
:109C7000EA1000ECFCFDFE11040AF0F512FCEEF80F
:109C80000A0C14F61C051A10ED0BF1150EFAF0FE75
:109C9000F4FCE8FFF30A110EFF04FD0903F6F2FBE2
:109CA0002DF8FD0E07E912F2F507DF03100EEA1199
:109CB000020CFD0F12EF12EB06FDF80CFAED0AECA8
:109CC00014F1FAFD06E6F4F701F81F0E0905F1009C
:109CD000F0F0FBF809FBEFF3FF0E09EC0607F2EEDC
:109CE000FFFEFC1511F30A09F11507040EF20E012F
:109CF00010FF10091AF7FFFCF7FEFCF9190C09FC1C
:109D000009F8E50D051CFEE3F4F418FA071501ED5A
:109D100006E9F90407E9FBFD10F6F3130C120AFD3E
:109D2000EDF2FD0C0FF51402EFF7F7F7190200073B
:109D3000FB0501051E03FA0FF6FFE0160AFD0E0FE4
:109D400012EA07030FF1F0EAFA10121214FC01EC08
:109D5000EC0D05FC0EF80D0405F80D04FAE911F2FE
:109D60000011FD0EFF03F4FAEC03F4ED00F1150A07
:109D7000F5F50C121B0410FF1E06FAF1F2000DFCA3
:109D8000EB0F12F91C0DFA0EF708141407F5F60F75
:109D9000EDED0C0011F6FF02EB0E12F2120CF1F9D0
:109DA000E2EB140015EBF9F61B0209F3EFE516FFE1
:109DB000F1F5FD11EBD4FDF5F0071CFE0C0008FCDD
:109DC000F9E72CED0412F2F318FF15F6251FF80041
:109DD000FDFA160F11FA080109F80CEF02F2EA0B6E
:109DE000FBF806EBF7EAF1F413FBF51006F312EBC0
:109DF0001B03F9FEF91AFD0104FBF2ED01F70FFB5D
:109E00000EFD0811F1E002FE000A0AFF02F0EDFD6E
:109E100013EFF7F1FCF708F1F1F50A0E07FB150156
:109E200003F6FB080A12ECF81E10EDF9FFEF06F43A
:109E3000F7F6F6F92707EFE5140BFBFB09E9F40841
:109E4000F9EA02F910F207F90CEF2A1709060DFDDD
:109E500008F00321F505EDFC07E80CF507DD0D071B
:109E6000E3E4FAF0EFDCFAE110EC000311F0F6EDB8
:109E7000FAF60E1A090EFBF217E8020B13E7EDF9DA
:109E80001816F7FD0BF103021115F30BEEF4F6F7BC
:109E9000F80C0FFDF50414E313F8F6F40403ECE9F1
:109EA000FDDF02EA0CE515E7F21D02EC0EEFF6F11C
:109EB000ECF3030FEE04F7E0FF04090300F9EB09EC
:109EC00013E4F4ECFCF0ED0EFEF32502070DEAF1CD
:109ED000031C1907FDEA08F716210902EBFFF6F546
:109EE00011F902F6F6FAF3E40F10FEFEF0070D0A80
:109EF00017EFE90200ED0CDD1005FE04FE05F20A85
:109F00000AFA05EB0813FDF21004050CFF01FA1123
:109F10000FEC04F2030909E5F8EC03D608FBEAF2BA
:109F2000FBDCECF8020700FF15FE07FBEAF5F11079
:109F30000BF4F5EE07FDF10E00090219F9171117E0
:109F4000EF09F5F800F90AE10A23EDE801F503EC61
:109F500000EA0BE5EAF9F7E9131CF5F00203EBE47C
:109F6000210800040C16ED100A14EA0FF410F8F999
:109F70000FF201FF01100107DFDBF4020BDDEE0A37
:109F80000219E209E90B01F222F90002F80705EED5
:109F900013F2F0F8130405EF1210E9F1F40AFA05D0
:109FA000FDF6EAECED16E906CDF0080EF700070C19
:109FB00008EC190FFE11F8F9DBD6FF0510E7F0F4F5
:109FC0000D2108DEFF1E0003F6080901EE16ECF96C
:109FD000FE0210180F150602220506FE0E1501F2EC
:109FE000F4F8F503FF0205060304F41CFBFAF70777
:109FF0001B15F7F50D22EE13EBEC0C0FFEF5F60931
:10A00000FEFD09F801E3F106F70003E0F5F813F3AC
:10A01000EEF7F4DB04E8FCD51004FFE6F717FBFDD0
:10A020000E18F821070D050B171BF8FDFD02F7F8B8
:10A03000EAFCF6F20CF7ECF9E4E31DF501C0F211CD
:10A04000160BF1EFEF15FAECEEEC0AED100DF0FB4C
:10A050000FFD04C7EB0BF1C0FC0BFBF3001909105B
:10A060000117FDF2FB0A0D03F2E6F3FF01F802E629
:10A0700013130DE7F100E911EEEBEBF1F4F3F6DF6A
:10A0800000EEFF1A0208EA05EFE5F40401D9ED0C31
:10A09000FDF9F3FBFDFDF914DEE4030DECF90EEF21
:10A0A00008031AE6FCFCF504FEDAE6060600FA13DD
:10A0B000ECE4F9FF0703FC00F1F0FDF60DF7EA040C
:10A0C00010FAF610F8E512EBF9E5F2F90A0D12F1C3
:10A0D0001910F10AF808EC1FECE4E915FD0AF40682
:10A0E00001E3E3ECF2E401E1F8E905F10DE8F9013F
:10A0F0000C0517F106F5F7E700EF1B0804EEFB0768
:10A10000E0ECEE191413FF09EFFE0EE7FFE5FCF695
:10A1100002FC07F7F005F6F1F4FF10E2FB1105F37E
:10A12000FF1002E8030E01ECFBF611F80706081514
:10A130000A05FAE3FCF512EC280CF1EE0EDB0DF744
:10A14000F807F60FF5FAEFE80BF0F4E8E90807D79F
:10A150000C0DFFFEEA1AF7E7F809F20113F2050207
:10A1600008F7F5061000EE1EE40714FDEFE4F0F525
:10A17000F3EFFD04EBE3EA050F0AFAF9F0F501F657
:10A18000F1FEE1E6EA0E0BD51B1AEB070EF21113F6
:10A1900004E8EFFDEBEB12FBFAFBE700090EF9FE1A
:10A1A000F018E5F912EF12F2F701EC2B00F20B1F99
:10A1B000E1ED18060FE8081114EAEFF1EB13F7F9D7
:10A1C000F90DF41C0E04FF020500E7F614FAF90E6F
:10A1D00019F3EAEBECECFE1214F1FF050B02F8F5B3
:10A1E000F1FEE501F1FB02EEEF04FBF5F018F20ED3
:10A1F000F1F20605F4F4EFFF1D00FEF8F600ECE7BF
:10A200001515100C04031204F100F927F9F7F225D3
:10A21000FFEB0CFD0C13040803E0F70709FBF5F551
:10A22000F113ED0CF7FFFAF60912F7E70A15ECE562
:10A23000F20DEEF20B18EFE818FE22EB0E16ED0011
:10A24000E8EDF906FC22EAF1FCFE07120B00EE082D
:10A25000F818EE120CF803F0F0F5F905FC03111DE7
:10A26000080721140511ED091B0901E1050BEEF9A1
:10A27000DB07FE0EEAE9FEFEF5E9EE07EFF5EF0D6E
:10A2800000ECFAFD060AF80D1A0BF2F2F3FEFB08D9
:10A2900007F8F805F8EBF9FB00FDF604EDE00A001D
:10A2A0000F0FEF12F5F4F6FA19C8EEE5ECCB041631
:10A2B0000AEE1B010BF6EBEC0B1014F1F9F804DAC3
:10A2C0000D080BFA06100EE4130EEC0113EBFDFD66
:10A2D000FE0DF5CFF20405ED0602FBF305E5F402F1
:10A2E00001FE0F17F0FAF120EA12E405040B0BE26D
:10A2F000F113020BEB070B11EEFA00040BF2FCD981
:10A30000E004E5F9F6F1F3FD21F7F7EE05E90FF4C6
:10A31000F004EB07F600EA030507EEEBE9F3ECF9CE
:10A3200019F60C0B0A08EB11FEFB0408EFE9030811
:10A3300003F6EFDDF21510FAF5FB01FD09F813063F
:10A340000C0B00EC130F0A06020D100EEDFD0107B9
:10A35000F1E9E8E9F206EAFB0507FD10F5ED021A5E
:10A360001000F8E5F504EFF6240AFFE5F01AF4D939
:10A3700008E907F408E7FD0A0BE101FAF8E6EDF257
:10A38000E6E6F30904E012F4EDEEEE01FE05EBEE75
:10A390000DFBF210FEE812F7F5FCFBF507E9F9FEFC
:10A3A0000EF3DB05EBF0FBF805FB0104EBFEFCFE16
:10A3B00001E5E600FEE310050910F91AEA0801E0DC
:10A3C000F9EEEBF0FEF306ED0BF81100FAF7EA07F1
:10A3D0000F0BF400FEDA01F3E9FF1508F8ECFFFAC1
:10A3E0000EFC11DE0713130914F0F7E9FEE712F86B
:10A3F000F8F615E8F8F3FFED240102ED0EF304F48E
:10A40000E7EDFC0A0610FADF04FDEAF80712EF0494
:10A4100019180603EDEF0202EF1307030FF9F2E933
:10A4200017EEFE0DEEE5EA0F08161211F1FC0CFC1A
:10A43000F5F205FC08E3F0FDEFEE1419F30A0BF159
:10A4400016FEE801F5E10006FE0C10F111FC0BED23
:10A4500012F01A0BF3EC0BED0FF908F811F8EBED15
:10A46000F9E8E7ED110AEF14FAF83617FCE909FCF0
:10A4700005082200F7090D1AFDF2F4E701F8EDE5F1
:10A48000E90D0BFCEC01F809191EFFFBF71C130882
:10A49000EC0FEF0D0DFC040213EFF9FCF4FF04F1D7
:10A4A00013FA0A150CF9F7FE0B03FAE7040EF0F1A4
:10A4B00001FF0E180CFFEF19FDF7F2E7F8FBF00FA4
:10A4C000F80710F60BF5F0E8F6F501F41205F6E6DC
:10A4D0001214F2160EEAFE221719F1F6EF0FF70921
:10A4E000F9FB00F20106F5090F06F50213EFFE1065
:10A4F000FEEDF712FBFFE9F718F50AF6F90CFAFF83
:10A50000EF0AF404F4FC06F409FB0F09EAF600F183
:10A510000DF92B0EFE010B1307F910F507FB0611C1
:10A5200014FEFFFD0D02EB1410FA28210DF7F20ABC
:10A530002113DAE5F5FDEF0C0AF6FE070FF808F334
:10A540001FF805110B0D070FF9EA10020E0AEBFBBD
:10A550000E19FF01FFF1F01F00F1DC04100E100ACC
:10A56000EDFBF508F5F4F6EDF8EC0B180911EF0B1F
:10A57000001AF4EB0D0FF30817F7E4EDF5ECFFF715
:10A58000F8F50E14F8ECFA1807E12007F5F8FD03CA
:10A59000FA04F700F1FC0B1AF2F3E8EF07F602FCFD
:10A5A000EC09121A0CF7F11906E7E7E312F6F4F6D4
:10A5B000FDF1F6EFEB09ECF4E302EB030E08F41502
:10A5C000F104ECF0FBF00DF41916FC0313F9FFF3A2
:10A5D000F807F1FA01F706F00AEEFCF200040AECC3
:10A5E00015231A0BF504F10220F70EDFEAE5F4E774
:10A5F000F3071E0103F1ED14F2070DE511130EF53B
:10A60000E7F212EFFE0AFBEEF1F9FA11EDDE0204B9
:10A61000180425F6EA0E10141809030AF6F5FCFED4
:10A62000090CF9FA08EE02EF0E0F1C07F3F0000117
:10A63000F307EF090BFB12E70F070DF2FA0AF20A14
:10A640000EF4EDFD0906E9E8180E1009F9EA13EA1F
:10A65000FD0CF6080CFCF4E5F0ED00F505F3ED005B
:10A6600004F905FEF3DC0B17FDFCFFEBFB09F7001B
:10A6700005F9FA03F1F40AEFEAEDE5F613E60A004C
:10A68000FEEA1106F8D6ECF7E9F617F10E12000B08
:10A69000FDEBF4F401FCEEF4040AF2F90AF502F71A
:10A6A000070A1509F91BEBE5ECF00BFF08F507F2BB
:10A6B000F6F712F20BF2070DFAFC0FDF0ED6F9E5F2
:10A6C0001F0C03E8FFF8F0FE0AFFF1FA0EE6EEF1C8
:10A6D000F4F8E7EFF40E0CFF0DE90904F5E212F7C8
:10A6E000F4FC030BF80302DB03E6E515FBE0EB15D6
:10A6F00000FCF711EC0DFD03E9F5040BF7F201E79F
:10A7000004FFEC01EAE4ECE4EEF719E8050705D7ED
:10A71000F819FFEEF00905F505020DF3F3E5EDE795
:10A720001801EE02F901F5F8FF03F5FDED12F8103E
:10A73000041ADEF0050FFBEFF91C07F60817F8F214
:10A74000FA1A01F80600091127E12A1D0BF5EA168D
:10A75000F50BE703091D08F21B2AEFF3F3FD0910BF
:10A76000CFC21813F6DE0B030BFEF2E31003ED0E5F
:10A770002E12FE000616EFF4FB0CFF010C03F6018F
:10A78000FE0B01F90911F50FEDE8FF1D0711F0F6B9
:10A79000FB00F502F40A0319F4DD10130FEAFBFCC9
:10A7A0001F07FBFF03FD0AF21017FCDC0D1A13F65E
:10A7B000F704DFE70311FF0420FFDF09EB0507EBD8
:10A7C0000FFC05F10B07F40E0E1608F8F3F3F3096E
:10A7D000F3DC0803EFFAEC19E5DF0E061016F1FDC5
:10A7E00009091814F310120DFDEF0BF913FEFA1DF1
:10A7F000172EFEFDED17F31809F605180FF304F9EF
:10A8000037FF0D19F4010EF6F01EFB14FC150EF5C2
:10A81000EB07CBEEF924FE092400F40D0D080DF230
:10A8200001CF102D0B28F8060803F1FAEEF90B06FC
:10A830001002000A0000FD281F12E00106FDED21B4
:10A840001809FF07ED171308071E0BF90E0906126A
:10A85000EE090F0E05FEFD030F0221071117051F5C
:10A86000F00802FAFF0506FA0D15F6160E0906F3B2
:10A8700008131314F3FE0A021F1BFA1C0EFDF32427
:10A88000FBF5F1F9080908FF0911F5F1FB12EF04D6
:10A8900005F21007F2050B1F16030418EB04130F43
:10A8A000270012290206F80DF10B0B1E0DFEE9011F
:10A8B0002F27061013030108FB03130908050EF7E1
:10A8C00010F1020F05E3FFFC080CFF0EEE09FE007D
:10A8D000220AF0FDF6F009FCFB0700F4F60DEBF59B
:10A8E000F4EDF9090AFA0415F40FEDF408EFF20893
:10A8F00012EEFD180EFAF90D09001B11FA190C09D8
:10A90000DAEF0BF8041500F6F00F02EEFB080BE689
:10A91000FBFA0500000B02F21C0B23FF0E10FC13C8
:10A9200002FDE6FA0FFBF00D1019F6EFF901FA043B
:10A9300013FA271AFC0EEF100D172C210D141221FB
:10A94000FE0FFEFF031103E71D000810041FFBE9C3
:10A9500004EE151700FF030D03281F13EA11EA0F79
:10A9600018102014F5E3FE152110170F0CFCF52E1E
:10A97000EE0FFC04F33808FC13FF02000FEA0CF69C
:10A980001C250E140A0112F607FC01FCF70EF7F461
:10A9900007EF120A071414E1190CFBEE0B19EBE494
:10A9A00007F622ECEBF10EF715FAF90009EDF11FAD
:10A9B000070F1918F6F5F70F1D110C0BF0E0F4E86E
:10A9C000EF15FAFFF0EE1001DFF4EDF4EF16FBE205
:10A9D0000AF4110608F9F001130901F413F00EF35B
:10A9E0001812FAFE080FF2EF0720FDF013F9FA042F
:10A9F00003FB130DFFE70EF6F60D0EF102F6EE194E
:10AA00001F0D060313E3FDDD0EFE0FEC1200FBFA33
:10AA10001D190AF2EEF10503110C1005F02907F5D6
:10AA2000ED05F916FFFEF3F60DED0509F0EEF8F36E
:10AA3000EC19F7F80DF8F6FD1EF5EC02F3F6F1EF60
:10AA4000F5EC11F7EB020A0301E926FCDEF50A1129
:10AA500010FAF105F20400EEFDF009001302EF0216
:10AA6000DEFB020406EFE4F80005E30AFCECEB0869
:10AA7000FB0CF60AEAFFEA1C0CEF10EBF9FE090EDC
:10AA800007FEF2020BEFE7EDF9F4F208F21301FF13
:10AA9000F50AFC0F05F4FDF3E7FEF5F2F6FEF2FD14
:10AAA000F8FD0210F1E6F4170CFFFAF2E902F30CDC
:10AAB00014120CFCEEDEFB0FF213FEF70CFCDCF3C1
:10AAC000FC071E042703EE0A061310FEE70900F731
:10AAD000F30605F3D905EC001BEA040DF9F1EBEEE2
:10AAE00004FB0210E4FCE2FBF409F0EEFA07EA0CC6
:10AAF0000DF30CFCF20CFA112BF0E7F90407F6EB5E
:10AB000010FCFBFCF505F10208F605F6F909140343
:10AB1000FEF2E90B0AFBFA0D120E0BE919F9130606
:10AB2000FEF90BF70A090808010B01FFFFF1090301
:10AB3000F1F1010B11FE181611F3EF06FC09F713E2
:10AB4000EAF8000307FB17E114EDF01BF8FF0E060F
:10AB5000E9080B1612F804EDF7FBEC07ED06FAE432
:10AB6000011508F503FDF80B0A00F0F1110AF8FFD2
:10AB7000EBF1FCF0E800EF11EAF0EEF321D525F659
:10AB80000205E3FBF3FEFC2107080607F50E0BF5B3
:10AB9000FBF002FAF2F713F01C08F6F3E6041AF5DC
:10ABA0000807090AFE0604F5DCF1F5FF15240F0F6E
:10ABB000FCEE09F619F817FEFFF4E0F70928FB0E82
:10ABC0001012EBF9F504FFF8F80DF7F810F019EC96
:10ABD0000DFFFFF8F4FEFEEF1305E1F8F802F303B2
:10ABE000EFEF06F705D0130428E507FA0BE907F99C
:10ABF0001AF317F9FCE808E903E913131F1EEE091D
:10AC0000FB06DEFA0A03F90813F0F3F30801EF0874
:10AC1000F9FDE90D2203FEE1FDED12F5FF0722E843
:10AC20001D0E04F60D06EFF4FDFAF3F10EF9FD0C1E
:10AC300009FBDFF81BFE0207EA0EEDEA1F07FE091B
:10AC4000FFF60EEAF6EA1503FB02F1FF080308F728
:10AC500000F308110C00F6E5F2F0EB12FEF9F6F441
:10AC6000F2F5F4FA061204FBECF20007ED03090713
:10AC7000F9EB19F5F5F40CF3E1EBFDEE1424DE101D
:10AC8000F105EFF50A1012190414110E060C06EE68
:10AC9000F20008E50AF3EEF4FFFDF5050A1202FAE8
:10ACA000E706F010112A26E9E70104F7FCFBE604A9
:10ACB000FF040EF3E6E711E503FFF30CF4340EF0A6
:10ACC00000F709050214FCFEEB11EA08F7F202E6B0
:10ACD000FDFAFCF1FE1AFD07F7FF14050CE9F7FE7B
:10ACE000FDF5FD0E1E180EF7DA0E00FA0EFC060634
:10ACF000EE04F0FAFE071C0CE80908F8EF171AF347
:10AD0000FFFDE2F9F10CFDD3FEF8F2F6FF0B12069F
:10AD1000F20104EE0101E3EAFFFBE6FC01EB0C07A4
:10AD2000FF0E041601F91C21D3FAF9FF0BE1F20A18
:10AD3000FBEC0313EAF30B14220E1004000715F8C2
:10AD40000605D70FE207FBF7110900F414EEF5052D
:10AD5000FFF9FAE7ECFAEE09DEF9E5EDDDEAF5F8E0
:10AD6000450F01EB2228011BE9EF260F07F2FF1424
:10AD7000F901FAF9EFF3F1F6F105F5060FFE130606
:10AD8000FDF2FE1308F0E8EAF407F00D03E9FB0515
:10AD9000E402FBF101EEECE61311E805E209071607
:10ADA000050CF1FDFAF1EBF6FA08DFF4E5E9F6112E
:10ADB000FDFC100FD61BED16EE02F80508FE01FB98
:10ADC000E2E92314F0020B1AEF11EAFDFDF1FB0397
:10ADD00019F50EF611EAF5F218F9010AF401FBFA79
:10ADE0000902E307E11FF9E70A0AE0F0EADDFE07DE
:10ADF000FAE7E8FEFD0401010EF7F1EB020AF2F9B1
:10AE000006EB05FF20F8060DF3FBF3ED13F6F6094C
:10AE1000F80AF70A0DEDF319EAF70416EFE700EB6D
:10AE2000F9FAE9E8E913FE1A16EF1D1301180BF4FD
:10AE300000EEFAF5F10CFA06FBF911EF170B0C080E
:10AE40001A00090B141AFEFDF60314031AFE000B78
:10AE5000F5FFE909F0ED0711FA0BFBF8E00009072F
:10AE6000F61100F000FFFBF8FF03E7FC0CEC02FC1E
:10AE7000DFE9EFF3E415F2FEEDF8EAFC0221161229
:10AE800006E7180CEDFCE513F00B02F30901F0F9ED
:10AE9000F4F911F4FFEE131401F1EAFF0A0DEC0EC0
:10AEA0000401F2EE1904FAFBEDF7EA0DEA0A0B02CF
:10AEB00008F91510FC0010090DFCFFEEFDF6ECFE84
:10AEC0000AE7FAFC1702FAE800E5FEF8F805F1EEE9
:10AED0000D09E6FFF5050B2C06050C0ADE0FFF0D2C
:10AEE000FCF3F7F82310EFFEF2100DE003F7F7057F
:10AEF0000DF90E07EA1DF506F314FEF6010209022C
:10AF0000E70B0D19F414CE0FF50EF300EAE5EB1B79
:10AF1000F0F6150AE70DE601090506FD0411F7FF35
:10AF200003EF0AF70BFC00070617FD01F618FAEB12
:10AF30000211FD1305FCE0E3F70F0C120428F8F6EC
:10AF4000FE0D18F4EC13F30811FF11FCF2EEF504FA
:10AF50000817E90B1906F2F9FE1104F6EFFD180BBC
:10AF6000FB03F0F5F3FC0F2D060CE906FCEC0BEBF4
:10AF700006F519EDFAF90CF8FCF9F212EDEDFD13F6
:10AF8000FE0E1113ED03F00EFD01F5EEEB04F910CA
:10AF9000010C0A12FDDB0D0AFC10FBFD000108008C
:10AFA000FDFAF0002A03F1DF000AEC03E2ECE514FD
:10AFB00003EDE6081C03E105FE10F2EC10FB05F4BE
:10AFC000FA101C1B12181DFFF3ECEDEBEC1D160A1A
:10AFD000FB0A05F81A1DE8ECF3F711E806E31B106D
:10AFE000E8FF0C05F0ECEEFF1400000407F2201659
:10AFF000F00DFE14FA0DFCED03F4FCF4110E01EA61
:10B00000FDEF08ED06ECEF19100CF4FAF0DFF9078C
:10B010001710FB0BE9E8EFF7F51CFE02F800EEE96C
:10B020000711FFF4FEF80AFE00EC0BF311EBF51329
:10B0300014F505FB040A11F7EDF9FE13F707FCF30D
:10B04000110C03F218FBF9EA0EEF160B0D24312553
:10B05000EF04FBF31E0B000F2203EC0505FAF2F6DA
:10B0600000FBECF415F715030E080C1104162E293D
:10B07000F50B17FFF1EA25F4F2EDF5FADEF7F7FB31
:10B080000104DE0FE701060C160A07F7020FDBE2E8
:10B0900005FB15FAEADAF7F61412FB07171DF7F2AB
:10B0A000E8FDF1FF130B0E141CF0EFEA18FCF90C8D
:10B0B000E1E4FE00FE023A2A11040804F3E6DFD9B7
:10B0C000FD0FFCE9FFE72706F808FEFA0501081660
:10B0D00007E800040F180C10FAFB0A051625F90EF4
:10B0E0000E0019FD12EDFAE0EE050E031102E6D88E
:10B0F00012EAF9010AD704FB0DE50B03FAF3171561
:10B100000013F9FB030301F80A0F10021209F210F1
:10B11000F0FEFCE702FD260B1703F1EE0E0BFB0819
:10B12000EC040AF80A0DEE01F30401FE0A083037B8
:10B13000FBFEFE132D23E608FDFA02EE07FF162F95
:10B14000F709F0EA320F1108FFEEFFEAFBFF0AFEF3
:10B15000100AFCFA060C15F6F6F7F10912EA0AE4F1
:10B16000EE08160CFCEE090006E3F1FB0FF7FCF805
:10B170001000040310F208FCFD19E60604060C1189
:10B18000140605091AFF0BF817011FF7EDE80A016D
:10B1900001ECE8F220FFF8F707FE11F1120EF8F4C7
:10B1A0001F090A0B06DFF00A00ED031420F7F9046B
:10B1B00013FAF6FCFD000106EF09F0FC05F9F1EDCC
:10B1C0000809090CF0FE0AFFF806F3F4FEFFED0F84
:10B1D00000F0EC0BF707160BFF1015F5F809191224
:10B1E000111FFFE1F612FEF80003FB0100E9141045
:10B1F00003F103EF0B0228FFF7F40207F112FBFC47
:10B20000E6F423020C091B01E4FDF4F7EC160EFF33
:10B21000FEFB07EDFF16081BF2EC05F1FC09F80830
:10B2200017F604EA10E908FBEF00EE0CF7F4FAEC6D
:10B23000ECEEFDFD0C1B0F170F0C0A0DED0528069B
:10B2400012E6FDFAFCF4F6EEFB0615FE10FD0A12FE
:10B2500009E9F1FD190DEB08F50300E5E60CF0F73F
:10B26000F71212F8F3FAFD1CEEE7FEF3FD1E1B0FBA
:10B27000F80B09EF0AFA05EE0610F315FE0ADCEBEF
:10B280000707FA1604F00F10EBEC01F6FE031301AA
:10B29000F30CF41705F50F131B13FDF40B0DED0262
:10B2A000EF0D03FDEFEE080D01131107F2FA12FD89
:10B2B0000AFE1104E5F70601F3000DF3F3E7FEFEC5
:10B2C000FF0504F90901E9F81217F6072009DDF96D
:10B2D000EC03F1EEF7E3D5FBEDF6FD0B02FA09F115
:10B2E000011003E505EAFEFBE7FD15F9F017F7D8B5
:10B2F000010817F40F14ED0E06F0E805E4F9FCE779
:10B30000FB060412F8F5E4E1FAFCF20105FAF3DFBA
:10B3100003F8DD0C071FFA1AFE13EA042007FCF3FA
:10B3200017F5F80C210A04E8EE080DFFFD11FFDD0A
:10B330001513ECEF07E1F3E8FF00F7020001F20953
:10B34000F10EFF061509E9FFF80EFDEF1CEF3A2D8F
:10B35000F014F50002050209F40300ED19151005BB
:10B360000E03F9F0FCF3F82509FBEEF11E1101EADA
:10B37000EAFBE6F50637E9180C0C1B1410EBF9F59F
:10B380000FF402EFE5F5FFF01DFE1109F3ECF3F900
:10B3900002F30CEE1B0103FD1B15F1FDE8FD0AFA9B
:10B3A000F8EFF9EEFC12F1FCF5EF01F90D1D11E9D2
:10B3B000F80800EFFEFDF10020ECF6F11FF2F4F7C3
:10B3C0001819F7F820050DEEE1131313EFF8141810
:10B3D00014F3060D03E0FEF405EA0F01ECDF0C07A1
:10B3E00007EA01FA14151B34F800F5FA0BF4FF0E06
:10B3F0000E0902FAF4000A011307080BF8F6070B0E
:10B400000A06E8121B1AF116E5F0F40A051D0717E3
:10B41000F912FCED0201F3021CEBF2E4F816F60A55
:10B420001AE8E8F71107FA2008F80F030A19E8F2FA
:10B43000FB10EB031210092A030BF9050E10FCFC9C
:10B44000FCECF1EAFD00EFF0DAFEFD090214FB1658
:10B450001501F0E403F1120AE71AF0010E2F0F06AE
:10B46000FCF207FBEFF3F5F70F17E8FE10F42301EA
:10B470000DFEEC001C1D19040807CAEF1105153D4F
:10B48000FBF0F7F206010BF5F70D03070A1CECF3CE
:10B49000EF0AFD0EE8F4EC170E090403250E02FD79
:10B4A0001BF02418202CF209F0F3EBECFAEFF51E58
:10B4B00016F4080E1111EFFF000A18F714EDF80347
:10B4C0000A0904FD13F5F00E08EBFD1AF503F50C5F
:10B4D000F4010909FE031712F2000DF50C26030C06
:10B4E00003E6FFFEF6F4E6F50406EB10FFED05F6C5
:10B4F000F1080CF310E70D0F06FAF400120708FC30
:10B50000E60C03FCFD070EE0D8EE14EA031000F78A
:10B51000FBF00D04060310F50CE90BF2FA18071105
:10B52000F204EDF3EF08040BEC02210906FB06FF21
:10B530000DFFEF010B19030118F8F9FB0DF20010D4
:10B5400013120AEF13010C041306FCF7F508FCFEB6
:10B55000EAF50DE909ECF6EEFD0AF3F60D1AFFEC3B
:10B560001BF7F6FB171A070B0503FBF50F051C2548
:10B57000F10DF400193AFC0BFCEAF9F40DF208EBBA
:10B580000D05E7F30B1B0104EFFAF4041C1B02F496
:10B59000191103F50821FE0AFCF8E907F82304FD58
:10B5A000FCE5F6F00BF129FA180EFDEC1CFE07FC89
:10B5B000070504F90DF6FBF00AF9010C23FB14F85A
:10B5C0000FEAFDEE0AF9060EFAF40BEF0BED04F2AA
:10B5D000F6EEF3FD08181201040B0CEAF1EF05106A
:10B5E00009FB1003FDF21FF30BFD10F60D1C0CF010
:10B5F000FD0305F4031101180410F5FA0CF60E040E
:10B6000005F4090A1008FD20020001ED1FF4FDF702
:10B61000EC0C0A0B1612110AE410FB0AEB090EF3EC
:10B62000EBEFFCF0151BEFFFFFF706E90F11F3F34B
:10B63000F3070AF0F4F90C0DE1EE01E50A04E80B5A
:10B64000F40CEE0308F312EFF909D016EAFD11FE2F
:10B6500006F7E80904F9F40D09FC06FC1DFC1304C7
:10B66000150EEA0900030412FB130EFF050A02EF90
:10B6700010F608FAF4EE1600F208FC0403ECF5F3F9
:10B68000FE10F002FDEB0A050D050E09FAF208099D
:10B69000FBFE1402F705FBF3041AF2020CFD0F1176
:10B6A0001E08EDF0FA0C01F1F61214040AE9F1F8A3
:10B6B000FDF5F5F8FE16000E151001EC0305E90482
:10B6C0000B0800E609F509F0060ED8FDF4EB0401BD
:10B6D000EFD309F8F1F0EC0A0C0FD8F6F7F807F8F9
:10B6E00003FB050B0AFEEE0B06E7011C011217080F
:10B6F000FAFA0BFA11F5090BEB05F80BF408F11047
:10B7000003FD180709ECF401F8FBE50F12E906FB4D
:10B71000060F030D0902FB0919161A0D00EA18F5A8
:10B72000FAF6FF0EFDFA0C0EF8FE0FEC1312F4FA07
:10B73000160C17110E060E100E16ECFEFBFDF10C8A
:10B7400009091CF100EB0A0F01020711FDEF18F4C3
:10B750001A2011FE13FC0B0600EAFD110A060BEF7E
:10B76000EEFC0BF5EF0F0CF7EB130908080018F2CD
:10B77000091F020919F8F5FC0AF0FA0B13F90E0774
:10B78000EDFC171614F6040DF11AEF1AF2FB0CEF8C
:10B79000FBF2060AFC130EFEE9F4F60FF8FDFF12A9
:10B7A000EC11F0FDFDFA170D3623131B2705F8FAEF
:10B7B0000D0CDDF90DEE00EB112EFD1610EF15FA54
:10B7C000040F03F6FD060002F400F31001F308F184
:10B7D000F6E7F2EFEBF001F3DBFAF50CDEED20F526
:10B7E000E910F6F9F90600FAF4F9EFFD0F0DFBF296
:10B7F000DCF90503F514F4EE2309EDF00112EEF285
:10B8000000F8000CEDE908ED15F20B17E60C040248
:10B810001D18EA05160D0EF711F20C09E310120DB2
:10B82000F8FB02F91A1303F4E7130AF818F7FF0AF2
:10B8300011F7191410FD0F0F13EC032E0203F6136A
:10B84000EB1EF900EDEF23050E12F70112F413F4CD
:10B8500018FAFFF2EA0BFBF7F7001005DE061610E8
:10B86000FC06131B16F609FDF73921F4270CFAF72D
:10B8700001F3FB10F701350C121FF61B030A20FF22
:10B8800023F8FE1CF6EA01F70709FAF8FDF1F606BF
:10B89000111FE3F6ED10F903031402FF1DED10155F
:10B8A00013EF2612F314F512221C111B0CEAF6F406
:10B8B000F4330DFD0300FF13182306120409F40CE2
:10B8C0001D18E9FDF50EECEBF700EA32E9FB0A0082
:10B8D0000005F539F3010DEAF804F1F7E8F107EE98
:10B8E000271AFDFC14F80EFC0B12090DFB0C0BFAC9
:10B8F0000A121A00E706E8FE1117242E04F1E406E6
:10B90000FF20E9000FEFF8FBF7021815E8010A1411
:10B9100002F7EDEF0213EE06051C0F18F903F00510
:10B9200009F52D2F0C0A09F51B31E1EBF9FF100386
:10B93000EAF8FB08F0EE1EFB0311F2F3F50B23F619
:10B940000A0804FDFE0DE9F407F3E1F0EFEE040E42
:10B95000020510F111FF04ED12F8F6F9F802ED01FD
:10B96000F72DEF0AFDF00BF704F302F5E40A010EE0
:10B970000CE9F7EDF2EBF8F30EE9FE0705EDF31233
:10B98000F802ECF10BE904EE10FF030601F20809DE
:10B99000FA03EDE8EEFA04FBE7060F02EC0D0FF6F2
:10B9A000F40B16F5F1EAFE0FFAF5E5F7E802FFED04
:10B9B0000001F2FF000EFAF60E21FF04140DECEE6A
:10B9C000FCFA0BF9F9ECFEE70FE5170D12F900F997
:10B9D000FC02FF110CFC0B05F3FAF1F9FCECE91287
:10B9E00005EA19FC0EFE0010EEF6FDEFED04F1EE97
:10B9F000F5E8F60AF8EAFCEC07F2F3EFF50F0CF5C0
:10BA00000C09F203F609F000F617F71208FDF0E949
:10BA1000F7EDF6EC0FF21FFF010401F5F6F118EE59
:10BA2000291B03F9F3F3010DEEE5FFEB01EBF60D36
:10BA3000E10F0D27F9FE09E8F60B0916FBFA1204CF
:10BA40000308EF09250703EBF80A021407FE02F7C3
:10BA5000E2FBED160309F1FFFAF41D1C0406110ABE
:10BA6000FFF40012FAFEFB0E16160617F2F21E0F76
:10BA70000708FBEF0E0809EF1DEB1A0405FE10F591
:10BA8000F20206EFE20DF4F00C09F60CEB0DEDF707
:10BA9000FE060B0808F3020307EB00070AFEFCF49E
:10BAA000F6F40F11FBF6F6F215F1FA06050403F2AF
:10BAB0001B01F5FDF2ECF2ED0C1109F1F4FF0DEBB9
:10BAC000F40502E50713E404010CF2FF12020CF284
:10BAD000FDF72CFC0FED0C05FDF30503E9F8E2F38F
:10BAE0002135DCE82605F00402FA112209F119E7F4
:10BAF00004FE17E8E90EF0F0F0D90712DEE9FE09BE
:10BB00000CDD10C401F3E8F6F80709ED12F8EE13A6
:10BB10001CCE05DBD5FACFFAEB1110F00C00EAFED3
:10BB2000FFFAF1FAF3F50B0C0FF703EC0FFDFD062E
:10BB3000EA16EEE90BF00903061D04F31E090802DC
:10BB4000FDED19280A0BF1F7FE0BECFE15EDFBEEEF
:10BB500022D025E0F50DF0F60A14FCECFE0B0208ED
:10BB6000042B221406030105CF0804CE20EBE210BB
:10BB7000EC0C15E60904EAEB13FD242F100618F56A
:10BB80000811FDEEF508010D0FF11AF70BFBED01A1
:10BB9000EEE4FCF624E90AF8FCFAF907ED1007ECEC
:10BBA0000D1105EF110E12F7ED08F6F0F1F31D0D72
:10BBB0001E010F02F60C01F31927FB0D01FD130402
:10BBC00032F1100E1FF90F0BF40318161B070709AB
:10BBD00013200D18F60C160813E60E2810FBFA02B7
:10BBE0000B171BEBFC09F80725FD2D2708EA03FDC1
:10BBF0000DF0ECE6160B11FE152CED0214F7EEFB22
:10BC0000F705090E0E0A00EB00EB0506000C18E91B
:10BC1000E4FA01DE0A08DA0409ED09FF1508ED0F60
:10BC200001FFEB09EC0AFA1207F200370A0E160CB4
:10BC3000F010181F0609050B0E1617F017FADE0292
:10BC40000EFEE5EDE806180D000A06150DF109EAED
:10BC500017F41002E8F9E307E9F50DFB1EF615F3FA
:10BC6000FE09FAFE0CF8F60FFE0C1621F1F2FCE8C4
:10BC7000FF08FB25110E0A060AF101010904F70766
:10BC8000EE07F3F50A10D7E8F020EEFFF6FC10EE11
:10BC900003FE0EF1F50914F6FC29FC0DED1602F772
:10BCA000FD041E0CF5EDF411041CF6E2EFF5EAFCC0
:10BCB0000403FC3A09F3DFF8EEF4FF0E060007F187
:10BCC00012FD1F09FBF3E4FBFCF4060CF003FEFE7F
:10BCD0000309F8E80BF60E111B16FDE5F9F2FE0C50
:10BCE000FA01E5FEFFF613F2EFF4F4E7FDEC0C0FBA
:10BCF000F5E709F116F9140FF7F50D050EF3F9053F
:10BD00000FF10A1F130EFEFF23F204FC0F10F6ECD6
:10BD1000000EFE320DEDF8FCF7F11411F505000BE5
:10BD200000EF05F4FFEE070E0CE90F1207F1F50E18
:10BD30001DF60409E0F404F4EF1A09090CF9F607FA
:10BD40000625FF08EEFAF8F00AFBED100E0D10F9CB
:10BD5000EAF102F7EF0D09F90814EC040AF4140AE9
:10BD600014010404F2FCF2EF120602FB0E0C06EDC5
:10BD70000AFFF8EB0002FA02F9E31509F5FCF812E4
:10BD8000F3F50D1B06EDF808F50901F400FAF2F2DF
:10BD900001020714050215EE1A050309E2EC0FEB88
:10BDA000FBFDEBE921FDF4F8F6F3F40F100B280688
:10BDB000060FF10906FDE81001100D0B19F1170827
:10BDC00010DE0707F707E0100202FF2017EFF60862
:10BDD000070724FFE1F20A10ECF9FEFDF60212EF6C
:10BDE0000BC0F318F007F5EF0914FFFE0504FD0E74
:10BDF000FF0FEC06F4050F02FCF9EFEEECEB09ED9A
:10BE00000AF818F6FAEDFEFC0DF516EDE81303F04E
:10BE1000F9F2EF1609FFE70001060A041904FC1104
:10BE2000F211010606E6F6E80B0A0AFE0CFDE6EB47
:10BE30000EED11E0E70AF5000A011006EC07FCEC34
:10BE400013F7FEE509EAFD0CFD1005FFE6060210FA
:10BE5000FDF900E81913E0EE00FA110CFAEBE5F534
:10BE6000EFEAEA00FF10F6F6F8240308E60EF00900
:10BE70000410EA1807F1FFF1FFFB0DE3F8FC0DF1E8
:10BE800008D00B07F50B0A100D01F30B0201040695
:10BE9000FEEF15030CEEF8F50CEA0AEA10000D0FA0
:10BEA000FCDF0AFB070108EA0701EFEC09F217F5CE
:10BEB000F2B70FECECF004EFF0F004FCDF0B21F133
:10BEC00016E202F40F0D0005F9E4F8D808F7FA0FAE
:10BED000F2E6FC10100320FAF806FED104F5ED0E90
:10BEE00012E203E8060D00F912F7FAFA0A021AEF55
:10BEF000E804FD12EDFB0E0003E1F5F3EEF1FC1397
:10BF000016E800F4FA0E0103ECE81AF2110613EE3B
:10BF10001DED08F51CEF09EF12DA03EA0FFD06F339
:10BF2000EBF904F2F6F3E506FFEEECE9F9F913009C
:10BF3000ED0717ED0513F0FDF111E81910FFFD0EE7
:10BF4000FEFAF302EF06040DF41605271300DEF6E1
:10BF5000F2F0011EFAFE190CF71BEC0BF101F50CC7
:10BF60000DF9060A05F6160606131803E4EA10EAA8
:10BF7000EF040F04D80B050CED090708F9080705B5
:10BF8000E10DED09F90E14FCE204EAEB15020AEFEB
:10BF900012F10C01F6FBFCF5EE01E60C030410F0C7
:10BFA000F30614F7FCEE05FAEC0DEDFEEE00290E9B
:10BFB000EF0F0605F4F01D05EDF5FEEAFA06F000B8
:10BFC000E51F0810E6FDECEA09F7EE0EEDF800FEBD
:10BFD000FDF9DF2501F1FB00080E0308FBF8FBF576
:10BFE000FE04FAE012E8F7F206F30407FA0CECECB0
:10BFF000FC080201E0F7F411FC23040904EF03122A
:10C00000F12BF3DEF3F6E91115F2180B0C02E5F152
:10C01000F2E4E609010214ECF2F1F00D0307FCF47E
:10C02000170202FF250AE510FB19FB06E7F9270AAC
:10C03000EC1EFFF4F8EEE012EDF506FAEF0009FD54
:10C04000F4E1F4F5E6091C0EFCEE01FF0D02E6FE3C
:10C050000904F61BFCEB0E032CE1F6EBF5080106D8
:10C060000D1FF809EB0914EBFE17F90F06070A0A72
:10C0700006F90BF9F506F505FCFEF3E60204090FD7
:10C08000FEF2F4FBF7F6F8FCF4E3F1F808F509FE2C
:10C09000F40DF5F2F2F3FE10F50BF4F2EF0EF414DA
:10C0A000F80AF7F506F228FBF700EBDFFE10FFF3C6
:10C0B000ECF4F3F7E6EFF201F80D0C161203071398
:10C0C000061BE2E0110AE110F6F405E2FCF9F203C6
:10C0D000E5E4FB07F002150EF1F9FD03FCF216EBA7
:10C0E000F506EB00FC08FCFEFB0823F30EF41DFC38
:10C0F000EFFD03F40DF0FF04F518F9DCECEF08F4A4
:10C1000023FCED03310504FD0DFA0D1E0005F1EFD2
:10C11000F5F8E9080FFC03EBFC03EDECDFFD060A84
:10C1200008EA11EDED010001FDF9E819EFF0F6EB79
:10C13000FAFD00DEEB0DE5130F110110EBF2F4F147
:10C140000916F6FB101308F0DFED0CF5EFFE11EC0D
:10C15000F40EE1ED170AF80DE5E5FF01E90601032C
:10C16000EC2F0B1B0CF1EE0DDDF3FE2A04FEE904AF
:10C1700004030C0D0D1302EA13FDEBF70EF2151478
:10C18000FEE5120EFFF4100EF7FA0E09FBEDFEF4B9
:10C190001BFA19EC0FF607F9ECFCFE021202FDEA9D
:10C1A000FBF608F5FC11F011EEF0FB0E0C020AFE96
:10C1B000FAF9F6FA01F0F3140DF1FC0AFFEFFCF8BE
:10C1C000111007F51CFAFA071501F2FF050503F334
:10C1D0000BF0FBEC160F18040AF5F1DD0EEDF9F18A
:10C1E00007E7F7F903FEF8F3020AFE04FD101A113F
:10C1F000F307F2151D04100E12F606060DF4F307F0
:10C20000FB02F304FEF12A1018F513F6FD0109F004
:10C21000F70E0C03FC040FF6EEFCFF09E507F6F53C
:10C2200011FAE40401F70809F00CF70D07F00B0A06
:10C230000907F012020801FA050703F3EC191006CA
:10C2400006FEF01502E40D02F901E21FF30A07FCF5
:10C250000A03E71BEB010E071007EBF0FBE70BEF00
:10C26000030CF505001D15FDFC0AEC09FD1DFE166D
:10C270001303EB0FEDF607FA0D09F411F9ED0CF3CA
:10C28000EA09F216F0F402DE0C17150F09FCFBEEBA
:10C29000FE0306080B07EDFC0405F015F30D120D67
:10C2A000F8F1E71706FDF201F8FCD11C0AF5F40FCE
:10C2B000E604F411F214F81501080FF1FDEBEEF8A5
:10C2C000E8F00B04FAF5FD08F5FFE9FF0A0F13008B
:10C2D00008210A09010AF5EFEE03F0F405FFEE0F5D
:10C2E000F112050E10F408F105E5E812F30C0E0743
:10C2F0000AF802F1F0FE120AED0422EE01FD09EB4C
:10C30000F210FBEDF4F6FBF90C05E303F01AFBE980
:10C31000F404F6110E190502F4FCF8040A05EAF615
:10C32000F30105F6E7150000E9080A1902F6FF1601
:10C33000F5030BEE0E020EF5FB0FF41B09FDEF07E4
:10C3400006EDEBEA10F3EAFAEE17000EEEFC0C092C
:10C3500005071AE90FF0F4F1EFFC02F20A0BFD0DEC
:10C360000114F40BEC07EB0BEFFB0914EBE7F40FF4
:10C370000B19ED1E0D0F01FF06F7ECF7EA0508E5B6
:10C380000EFD03FDF4E0ED0E0D16091412F50E037B
:10C390000D0F01F7EBEBF8F7FA06070BFF100CF99E
:10C3A0000D1B09F7F5FBF508330D08EBF3FE11093A
:10C3B0001D02FE14F7E6F3F6DDE3F320F0FFF507C8
:10C3C000070E0FF912E3FDE703F61E0802EC00E08A
:10C3D000FD130C05FEF4070C0418FF18FFCDEFF752
:10C3E000EE1D0E06FFE5EED31506FC160BF9EDF07B
:10C3F000151015EEF902ECEDE5010A09110E0D011B
:10C40000F7F3E2EAF2E512F3F5150D08F9EDF9EBB1
:10C41000280F080002FD0D02040316050CED13F2AF
:10C420001519061D0FEEECEA131111FEF2EBEDF1FA
:10C43000FFEBF9E9F4FD04E4F0FDF311070400DF7C
:10C440000A0E15010FE7EC0E16F0FA12FBD3EBE61D
:10C45000F2F8E2D607FD11F6F6060808EDE0F9FC61
:10C46000F3FE0A1201EE10FDDCE8160315FEF804D7
:10C47000FDF000FA0508EBFA01F7FB05ED1101F6F6
:10C4800005FBE40F04EC07D5F3FEF8F603070705F8
:10C49000FA13060AF9F2FBDC0606FCF4F3E607FDE4
:10C4A000F602F9F8FB0F06EEEEE9040312E405E8E4
:10C4B0001008FEF4EF01EAEB05F3F9EC11180AF0AD
:10C4C000F5F4DE1B13F6F2DDEFF1F20513D10013E4
:10C4D000F01415FA0FD9EBEFECF2F5EDFDEFF1FCEE
:10C4E00006DD02F2F123EDF516100AFEEBF6FBE78E
:10C4F000EEF8EBFCEEE8ECE4E5F701FC0804F8F2FA
:10C5000005EB0BF2F5DB0AE30EE8F91010F710DE8D
:10C51000F01002F108DE03DDFDF7E8F00EF509E0AA
:10C52000F90DFAEDF7EA04E616EBF50DF30509E867
:10C53000E909F2ECF6D9170EEA170C0AED0F02FC26
:10C54000051FE2E40FFDF6FAE4EDDB0F12E60D281D
:10C55000F90CECE406E70BFEE5E6F2E8F4FAF7087E
:10C56000E9FCF1F0EBFA0EEFEDF8F303EF00FA0758
:10C570000F04E8F7FB050200F1EAEFF510FFFB02FC
:10C580000C0DEC0C04090D30F5F710EBFCF9FA0872
:10C5900000EFF9EBF507EDFFF2200700FCF10EF6D6
:10C5A000070FE7F10FFA01F8F8F1FBFC020D10F0AC
:10C5B0001A18FD0811E8E80407F2F9E40013F3EB98
:10C5C000FB050225F607EA19F6FEF1EAEFF314F58A
:10C5D000FF2D07FA08F6050EF014E7F709F0FD0C39
:10C5E000F212E5E102FFF800F90DFAE7F8EFF5EFD6
:10C5F00008F9130BF1E9070EED090920F8EC0C011D
:10C6000010FA0200FB1BF5F806F7EFF9F205EC0C47
:10C61000F10311190C1D03F226F3091709050FF791
:10C6200022F116F713100B1CF919EAFAED1307F5AE
:10C63000F51E11F3F3FAF5121116050BFBFF01F9C4
:10C640000A29F4F9F007EB07FDEEF603F9F612F20A
:10C6500014200213FFFF0D1502090C010518FE0B33
:10C66000EF09FB1F120BF9FF1EF204ED05F50B0598
:10C670000BFC01F707F5EF010BF7F1F00E0BFDE1F5
:10C68000ECEE04121011F60200EF100DEC18F1257B
:10C690002012F9EFF8F0EE0A0C0014F4020B01116D
:10C6A000FFEE0B08FBE4011204FDFAF8FA0A06EDAE
:10C6B000F0EF100610EB1103F5ECF111FDEFFAF7B6
:10C6C000E2E1FAF9FF04F5EBE6EE0211EB04F10208
:10C6D0000AF018F1EFF30D06FBE4EDF50E1300DFA1
:10C6E000F1E8F609EFF80914FAEBF5E408EAFD1EA3
:10C6F000FAF912020FF6ED0A1C0AFCFA09FFECFB2C
:10C700000500F3FEFA16F605D5F4E90FFB21F1EC6E
:10C71000F0D9FEFC0AF2F6EC0511EAEB0A1706E086
:10C720000F03F5F000090619E3070E11EB06EEE919
:10C730000E16F90A08FD0E1DF417F102F5FEECE9DC
:10C74000F9FDFFF1F401F9E50400F0040706FB0828
:10C75000FEE101EFEF0CFFF4D4F71800FCFFF0E965
:10C76000EEFA1FF1EF03EC010C3602DD0C0606FFBA
:10C77000190B0CE713DF10F1041B02F40E17FAF883
:10C78000EAF2DBCE1010F3F70C09F801120B08E007
:10C7900009DBF1EDE7FD0716E3EF13FCFF10F7F3FC
:10C7A00007F1F7FDF200FA07101CE506EAF50905A6
:10C7B00007F004FCF719E704FA1111EA030705056D
:10C7C000F1E605071300F81400F513F10F14FBE46C
:10C7D000EFFD05FD15FBEAE010FFDBCFFBF0EEFE01
:10C7E0000908E7F609F3FE050BDDE4E40F1E03F983
:10C7F000F8E300FA1103FCF1F21509FBF0E4FBFB8E
:10C80000F310F3E2F2F00DFD18FDF70BEF06FB0558
:10C81000F11910F0F42A0CECD3F415EEEA12F10A37
:10C82000E9FBFB08F2F30C1415060E140BF6F6E701
:10C83000D9FB11F4FF0B13FEF40E0C03F1F8FBF21D
:10C8400008FD0A0B0901FEF50E15E7F914FF08E7CC
:10C85000F0100605F510F9E70DFA0804F3FE05F8E7
:10C860000D11DFC5F7DEECEAE6FDF9F603E0EFF1C6
:10C870001820F505F2DD0DFFFB03F6F70B18040891
:10C8800010EF07E8FBFF0AFEECE90F1EF70804DED5
:10C8900005F7FB03FD011108EB08F4060BE9FF06A1
:10C8A000000E000B0AFEFAEDF7F813F4F9FA06EDA4
:10C8B0000110E1DE07F4EBE81728090708FF00067E
:10C8C000F1F3E4EFFCF6FFE4F3EBF8F2FBFCEFFE30
:10C8D000CFE9EDFE0EFCF6EA0605E9EDECFDFAE126
:10C8E000FA080AF5F4FB0BFCD9D9FDF10D06F80A9C
:10C8F000FE14F4EEFAF1FA0D0AE8E8ED0105F0F3A2
:10C90000F908020AFB03030104EFEF080EEE020828
:10C9100001FAFBEBEB03F0E2EF1506F404DDF1F2B4
:10C92000E4001B16EDFDF1E3F4EFF6E00D0D11F060
:10C93000DC0700FAFAEA05081AFC130C0AF9EF12F0
:10C94000F6FFF6E5F6E7FE021C05E7EFF00F01053E
:10C9500002FB0D16F0E805FA0CED221B100CF3ECAF
:10C96000ECE707FDED07FBE9F5F2FE1C0EECF2E14A
:10C97000060007F4FB0F0E12FE1E040E040F08F44F
:10C9800013FEE40EF8F208020C12F30D0A0B000677
:10C99000E709291E020DEFF4FD04150A00E2F7FB7A
:10C9A0000A181D1FE90E00E0E9DD0413F216F2F18A
:10C9B000F402F5F6FB0102F60E01EB03FA17061876
:10C9C0000C0C01F710270EE10A11E9E302FA0D142D
:10C9D000000B09C20807F2F50E1BFA04F7F10A076B
:10C9E000F013FFE6F30912EDF90B020EF20AFAFD5D
:10C9F000EAF6000EFBFA02EDFAF3FE0E0BE6FAE79A
:10CA00000AFDFAF203FA13FC11FA0108EE12130EF2
:10CA1000FE0CEEE4040EEFF8160FE5E606E0EF017B
:10CA2000FD190CF9F01F0DEFFE08EF06EE0D0DE7F6
:10CA3000E3E610F1F3EFFEFD050801FEE815EEDB7D
:10CA4000F0FFE807FEFDEBFE01F0E3FC0505EC015D
:10CA5000F1E2FEED1011F702FCF506F5F70C0EF20F
:10CA60000917F5F302F10A10E3E31411E90EF6D306
:10CA700012E6070BF7F5EA14ECFEF51105050D1E9D
:10CA800012251A2C091A0E0AFC040D0A09F4F403E3
:10CA9000FDF51AFA010B08020027F204F4DCEC168B
:10CAA0000403FAEBF7F3EA02EC04FC260BF4F40FB0
:10CAB000040BF105070FFD0DE5F51C0F0C06F5EE57
:10CAC0001F20F9E7FC00F9F8142B0B18EEE7F2FD34
:10CAD000120F1BFE080CFD04F508F1F4EDFC160C1A
:10CAE00009F31001F01EED1601F20702F816F11B12
:10CAF000F81404F8FEEF07D30F1C1AF8E813F80631
:10CB00000BF2F1EC061511FF0EECF0F70504060729
:10CB1000FD11FBE60A11FFF0041206F3F8F2F8F734
:10CB20001A29FA0708E91302EFEEFDFFEC0F0A17C6
:10CB30002017E90B10F4FBEC07FE00020BE90814C8
:10CB40001007F60A0FD804E6F8F803FF1420FAFBE2
:10CB50001A1DEA07EFFDF4E0E602010210E413FCFF
:10CB6000E2010F27F1EC090106EBDF0FFCE604F30D
:10CB7000F3FAF418EEF7EB06F500312B0ED4ECE2E5
:10CB8000210806FEF9E6F0EE291D001CF208EF0070
:10CB90000402FD1EFF0207F007F805FC10140FF851
:10CBA000F80DF61A01EC08F4FC06261D0A0B0A1A09
:10CBB00002031CFBF51111F3D5F9011D13EB13FB57
:10CBC000001B02FFFAE2F8F7F711FEEFEB04FBF4AB
:10CBD00005ED082105F604052B220B06FA05FEF9E2
:10CBE0000AFCD404EAE6FB04F921011DF4F108FA79
:10CBF000E5EF05FDF8F9ECED1403F60BFFE4FCEFAF
:10CC0000F2FF011AFD0EF8E713FBE8F4F3F4F3F179
:10CC10000A14FC0604D7F90FF0E8101DFB0305FF0A
:10CC2000EF1DDBDA1005FCF304E6FEFDFBEEF10779
:10CC30000D0FE213E9F710F0F7102A1C05DDE5F9F6
:10CC4000FF1AF0040DE606DFD60BF0FEEECEF21270
:10CC5000010707010909EEEBE70C01FAEE03F1EC1D
:10CC60000CF01111F0F3EBEB0C07E7FAEE0907E714
:10CC7000F3FFF401F3E3F2C90312F60D1115F6D533
:10CC80000302040006F5F9E8FD240A09FFF407D0C1
:10CC90000D1411140CEA12F00EFA070AF8D711EE6F
:10CCA000F8EA00FB09F202050906E21008FAEBE8CF
:10CCB000D0FC0204EB10EBE21BF20FF313E0FDFBE0
:10CCC00014F807F90C03F905FE0B140D01DB0D092F
:10CCD000DD041F1E11E7F81BEE111C06F5F701F02D
:10CCE00001E90E1708F6FB0110050022F2F5FA1211
:10CCF0001204ED07F8FD0EF500F5F92508EBF5D661
:10CD000009031D0F03000BF5FF020DFA1324EEE9D2
:10CD100015F1F9FF0F11F7E10701190DF7DCF4CF59
:10CD2000100EFE00F2DBF0EBF109E1EAF2FE0EFD7F
:10CD3000E6FFED04F7EFFFD907F5E908E90801ED93
:10CD40000C180C1303DC06F4EB081E0BEEDAF9EA00
:10CD5000F90019F707EF0AD7FCF1051DFEF10301F1
:10CD6000F9EBF8000F0D0701FE04FA05F7CF0A12E0
:10CD7000E0EAF40B093BEDF206FD1815FDF907F1A9
:10CD8000E407FE070D0A0FE8F7F80100F8E9EE0ADC
:10CD90000BED1018EFFC1321FB0D07F9FF0007FF47
:10CDA00006F3FF07F8F7FE030AFFDA02F4E4F4F7EC
:10CDB00013F813EC0705F0D8FF0AF209F4FD12F698
:10CDC000EEF90E14FB0E081CE4DB0D0EECFDEFFD7E
:10CDD000FF19170011200FF51F141A2807F60DFF71
:10CDE00008FDF9F514F10A0CF90F11F60C09F02AF7
:10CDF00003D3EEF70E2009160DFB0C0C0BE4F0ED3F
:10CE00000B1106F9F0E5FA11EEEE26FCEBF1EEEC73
:10CE10001AFFE60E03DBEE01E2F4ECEE14E5F80196
:10CE2000EEE4FEFD0FFF05E1FBDC12F807E3ECFE8C
:10CE3000E4E1130004F6EDD92BF0F513EAD3051263
:10CE400013040BFA12E0FC07E9F5380E07FAEDF6C9
:10CE5000F60EF208FFE610ECEBEDF2FC03EDF5E761
:10CE6000FCF8F2061A05FCC813000503F0E70102FE
:10CE7000E9F3F100F60B0FE20F04020DF3E519F7E9
:10CE8000EBF5FFEE15FDF90510FDD30F1AFAFF0FB4
:10CE9000F2FBF5080B040DFBE1ECEEF01EEA0AE9EB
:10CEA000F0FBF8092CF70DFD230CF20BF6F727E841
:10CEB0000EF60C07EDDF0FD9E9FCD8F60313FC05DD
:10CEC0000D01FA0E19F106E2F9EB2EFD1DEEF1E867
:10CED0000AE7FB0FEAF319170D0408F2F601F3D481
:10CEE0001FFDFE06F701140EFFEAFD00ED090CEE32
:10CEF000E8EA020FFDF3080714EC1D13E9E9EEF46C
:10CF00000707E6F0F1F2F607110911E9EDF215EF66
:10CF100011FDF7EC150D1EFD13FF1814080CF71A80
:10CF200015060E120D131AF31F03120106060A0846
:10CF30000BF4F2F6040305F808FFEFFBFC0B04F812
:10CF4000FC020609020914F113E90109F3F0FA0ED3
:10CF50000708EF0D0AF71A1A14F7E00B02F4000F96
:10CF6000190E190BECF202F1180309F609E1080396
:10CF7000CBF604060EFCF401F60D100B2E0C02018C
:10CF80001203EFF4D9E9F6F50BED12F1F101DEE051
:10CF90001B00FCF2FAF4FA0406FDEF11FAE8FDFFBB
:10CFA000F506EE0019E30B1DFCFA0D00FB1E0FEB5E
:10CFB000FAF317F61810FD05E6EB0703F81911EC64
:10CFC0000604EDEB0DF00B150AF41301F2070DFA50
:10CFD00019FDF307FBFA002012030BE9F0FB1EE931
:10CFE0001712FCEE020109EC06ECFC09DCE4F8FC8B
:10CFF000E9EC001317EBF4060CEC0406FD0F0F0828
:10D00000F50F0AF0160616F40A0BFD0B04F3F5E70C
:10D010000EFD0900291508ED0911F706F3F91105B0
:10D0200006FFFEEEF4F6FFF006FE00FDE8EAFEF372
:10D03000E500EA05FB11251AE5EC0EFD181714F2C0
:10D04000160F090FE6ECFC18F2F319011C1E17EA83
:10D05000FFFDFDF1081C0CF7F9040700EF00FCF1DF
:10D06000F4ED1212FAE507000CF600F3EDFA14F7EE
:10D0700002FA05EA0213DEE5EDF7E9F2002605ED16
:10D08000E707E109260D1106DD08F7F3291103F280
:10D0900007FE03070F04F40FECFD1003FF0F01E080
:10D0A0001E11F500212335FD0006EDF700FE180ADC
:10D0B000DD0507F40A06FAFEE706E60CDEFDF610CB
:10D0C000DA0FF2F234091F05F9ECDCFD0B02F10F67
:10D0D000EC12F10A1F0708E505070A0A1208F0EC2E
:10D0E000FBEDF5F61021182CE00CE1111F1616EAE5
:10D0F000FDF2E012FC042F120401DAF6FD070A1516
:10D10000F5000EFE1C15FA12E6EDFEFD040B2719C4
:10D110000B07F313230AEC03F1FDE1061F062F0FA3
:10D12000F002E6EEFB161C05FFEB0BE823060AFAFD
:10D13000FD00F6F816F0E7F7FFF608ED1FF0EDE258
:10D140001C1102F20D07F7FB12F11305040C14C9B0
:10D1500012EDF9F4F8F803FAF1FE0EF0FCFBF10918
:10D160001FEE10F114D7EE08E5EEF60F08131FFBC3
:10D1700011F60DEFEFFF18FF02F303F41709021C7D
:10D18000F5F1F8F0FA0D15DDFB0307F90F1400F8BF
:10D19000FC1200090905EA1008FDE8FA0AFCE9F2A8
:10D1A000FB09021004DC0D011207200CF01AFAFC36
:10D1B000FA0EF6F805F4F9EAF901E3070B14010E8B
:10D1C000E5F314E9EF0D0407EF02E9FA07180B0580
:10D1D000F40E00FD060BE802F0EAF1EC180B01FD7D
:10D1E00010FAFEEA19EBF20E06EEF60C080215181C
:10D1F000E9E9F3EFF81410FF14FB0508021F08DC3F
:10D20000070EDCF508051919EF040C04F10304FD01
:10D21000EC0E070115F723FDE213FB0C13000F0BB7
:10D22000FDFB07F1F7F510FEFDF9FBEFFDEDFCF955
:10D230000510ECE9F7EDF7FDFE0C0E13F8161105DD
:10D24000F3F6E8FAFBF7FDF5F90113F4F6FC18E53F
:10D25000EDF4F402020617E300F9EB050809F3FD0B
:10D2600008F7FA030802E40CEE10F8F4001D0A11A6
:10D27000E10FE90F1CE70E09FA0E06131FE1200B60
:10D2800006F508F70A15FDE4DF0D09EF0902070BA3
:10D29000E704F701FCFC01F1FDEFFC0112F31B0EAA
:10D2A000FB010702F71C0005DDF3F8EC280BF50580
:10D2B000EB01FEE91C1DF406ECEDF50C08191DF45C
:10D2C000EE0B14F7FEED1D0D01EFEDECEAEFEDF2C4
:10D2D00000F1E1F60AE8170816090FF600EF090158
:10D2E000EEF806FA2CFEFA100B04E70E0B0606F712
:10D2F000F10DF9F402000B20F5FFF20919F010E32B
:10D3000004FBFDF604FBFEDF12FF0CF911F524F718
:10D31000F80F0CFE191AF4F6F6FCFDFFF4F20AFE03
:10D32000F8E802091D09FEF71504F5F21AF309F4ED
:10D3300007030CF5F90A22F6E7FE1F050C110B0294
:10D34000F60FF5F814130DE7F7FC13F6F609E6EA05
:10D350000B011FF40E0C1311F509EDEF16E50D1678
:10D360001BF3FFFE10F1240203EF11F9F6060D2165
:10D37000E8FAFCEEEE00FAF4E102E90C13031D03F7
:10D38000EF0E1113020BFAEAE1E904ED06FCFEF8D8
:10D3900005F3F30BFBF2EFF4FEFAF4F02CF615169E
:10D3A0001006FD05150906E50B09F3F1FFEA040473
:10D3B000D7F8F1F220132112FAECF9ED2604F3FF6D
:10D3C000F21001EBFA20F2F0F1F6EBECF8D8200EB7
:10D3D000E9EFE5031C220410F10AF20B07E7FD0B4D
:10D3E000F60F0CEA0FF9FEF7FCF804F40A0BFA0C3E
:10D3F0001BF807EB03FD22FEFE0EF2070C030BDD0C
:10D40000FBF7D81301F21A28020EFB10F6071DFBDA
:10D4100010F409EFE3E709280EF4EBECFAEB08EB64
:10D42000FAFFFF1115170F0B090FFC0905FD12E399
:10D4300010FDF800F0F015FEFDEFF1EBFBFD1924F7
:10D440000F0E190305E2E50E14FBFFEF0715190F88
:10D45000F710E8EBF1120E0016FDF202F00EF4FBED
:10D4600015002106070BFB02F0050CEE160A1C0B3B
:10D47000FA0009F3FB0CFEEF12F8FC00FBE905DEF5
:10D48000F6FDF312ECFF00F4F6FBEF0D0F06210B97
:10D49000F3FCEF07F6FC0CED03080FF20102F907AD
:10D4A000EA0818FB30080D131413EE0D0A0E10E7EE
:10D4B0000EFF14FEF210F61CF304F5EE04EA04ED80
:10D4C000FA110B050AFB091BFAEE0C0DD9FBFDFF47
:10D4D00022EEEEFAF7F4112D0CF915FBFEFBF70323
:10D4E0001300F109FBF6E6E416F305100CFDF2EB70
:10D4F00002FE110805FB12FF0AE90103D80BF41024
:10D500000F02FFFDEEF3040218F519051F14EEF1EA
:10D51000E502EA0A0C0C181BF104FF0B0811F213C8
:10D52000FE02F60F24160310150F0C010C24FB2528
:10D530000712FC0401050EDFEE05F103F00CF20604
:10D54000FAF4E004080301250BEAFBF3E1F6F1012C
:10D55000FDF5FCF1101107FAF300DB0BFA0D09F0F1
:10D5600004E80CF4FA1BEF0610FBD9ED09091B16B1
:10D57000FA110E02090D15FB0AEAF3EE0E070F056C
:10D5800003FA06F00DF8FD0A11F51E0408ED0BFB79
:10D5900017F1FB13D70AF50FFCFD02F1F2160CF19F
:10D5A000EF1303EAF3E6080031F7F713EA0602F097
:10D5B0001AF80309F1EBEC0A11FF0EF7E7DEEA1A9D
:10D5C000170CF90302F8070AFEEA100CFBF7FEED50
:10D5D0000700FD14F20014FB0D06E7FCE906100C31
:10D5E000F40012F91F12E2F1060715F107F4040323
:10D5F000E8E914F606FA00FE0E0A0F00F60B0D0F0E
:10D6000007F1FEEE2B10F107EFF116FBEE0CFE0614
:10D610000BEDF3FB0BEBF7170FF807FAEC05140013
:10D6200003F60D12F5E6EEF7F30D02F7FDF601FE37
:10D6300006130F0C1319031621F000F1E3010C047B
:10D6400013F5F0030FFD150DFB13120F0EF3E6009B
:10D650000913EF01D3F00FE401FF0205FA000807F8
:10D66000FB1309F6F4F2F305FAF7E3EDEF041915ED
:10D670000CF103F8E2F0F50AF801EB040506F2F408
:10D68000FEEF2706FF0AE5FD0E090AECFEF90C0F76
:10D690001CF7ED10031211180303F30226F104E442
:10D6A0001003E7ECFBE306F514F1FAF1F5EEE90BF4
:10D6B000F703F7051B0D10F911ED24EA13F6D40E4C
:10D6C000EBF0140E0512F0FCFD030DF8D9121A0848
:10D6D000010CE8F80F0D1103F30D0205F0EA05F453
:10D6E00013EF0C0EF60508F60813EB04010B0FE21E
:10D6F000F104FE02F8F4DEFB08EF09ED00F703E6A3
:10D70000061314120AE91414FBF9E6F90A030CEDE6
:10D7100019F10BEAE305F903F7F9FB0FFE12F90A19
:10D72000120613F4F80B0EF81909160BFEFCE2EBC7
:10D7300004070306DCDFF3EA1D08F6ECF611E5EC5E
:10D74000E6FEEEF8180814EFF3FB010DEB0B1625BF
:10D75000F111EA120B11F8E6FCFB160608F7FFF1CF
:10D7600035F303ECE9F812F307030EFEF5FD12FAA8
:10D77000ECF124F81B2104F00B0EF9050F12030C39
:10D78000DFFC16FFF8FE05FCFDF70102F5F11AEFCC
:10D79000F7F3191305F80FFB1209FEFCEDFFFDF777
:10D7A000F4130CF30405E8DF1C0001F3FD0B0DED91
:10D7B000FDFDE11206EFF5EFFDFDEA09010C02099E
:10D7C0001CECFFE7FA0A0B0DFF0DF9070604101217
:10D7D00006FAE20CF2FC06DFE50C13F00700E00CA1
:10D7E00004131CF60E13D3FE0DF3F4F9FFF0280812
:10D7F00008F40EF4FA0B130EFE0315FFFBF80DFCF4
:10D8000033FAED14D8051109D2F10B101B1D0403D6
:10D81000F4FFF40704FCEBF3FAF7FBF6FA02FDF66B
:10D8200009030AF4F7161816F0FAFFEA0519D2F3FD
:10D8300009EDD30FFF112A3313EDF70BF60807029A
:10D84000F6F8070D150003E5E71204041B1FF81393
:10D8500012FE03F0F504110DD8ECDEF622331707A3
:10D86000F1080FFAE00CE9F7140A02E6FBF01C22BB
:10D87000FB0BF2FD01102B260008C613E2FC150974
:10D880000A0DFAE90704FB04ECFCFD000D180CF886
:10D89000E9EFE9FE0DE60FEFEC10FFF7040B1103C3
:10D8A00007162000EE19CEFD0804D6F704FBFF0A88
:10D8B0001A030FFAE8ED130B1107F60D0614EEE844
:10D8C000FEF313F5DCF4130A0AECF6ED01E4E90CBF
:10D8D000F40BE7F32404E4F906FBFCFD0427F01342
:10D8E000F3060A09E9040C1111F7F5ED10181C15DF
:10D8F00009F4F610F114F6EC13FC1A0DF7031709EE
:10D900000FFD0FFCEE130F1DE0FFFA0B29FDE30BDB
:10D910001FF3F007D8E4F20513EFF80318F6F70643
:10D92000FDF9EC120510F4FEE60C10FCF20CF8E91F
:10D930000D10EDF0FB000206F3F2FA12ECE107F72E
:10D94000EFFF1011FF06F0F0E91105E912F8F3F905
:10D95000FEF203030310FD02FDED1309001D05FD9A
:10D9600028F00902D6ED16F5F4ED040BFEE1F012F5
:10D970000FF513F2E323F512F3F506F4E900FF15B2
:10D980001CF00102D82B020CE7030C100827E70853
:10D99000DAFFF3ED101A020617F5FAF505FAF20FA1
:10D9A00008F6FD05F5E5053DFE0F09130B0E05F222
:10D9B000F4FDFD130725091B05F9FB0307EEEB1921
:10D9C000F709FC0CFCF60DF001F41010E6F2F4136C
:10D9D00007060305F0EBEE111609181209FBFC0708
:10D9E000FD0C15EAEA020B0AF3F011F9DAFFDEE3A7
:10D9F0001805191003E809EF01FC0B0FEDFB0714E4
:10DA0000FDF9F6ECE605EA13FAF3F3EBE4F6191B7D
:10DA100016F3ED120816F2110AF20DFFEC08E50DEF
:10DA20001BFA100BFE11E206180FF510EA1C03DAC0
:10DA30001BEE11FC030404FA2A0FEB0EEEF6F0F8CD
:10DA4000F90308EAFCF3EFF4E7FA0EEDF616F5EB4E
:10DA5000F9E70CFC04F9E5FCEC0BFEFD26F7FB00F6
:10DA6000EBEF12F127F6F9F909E6E5EEF00AF9F025
:10DA7000EDE7F103F8F6EEF6F60EFA0517040F0BD4
:10DA8000F508F6030D140207FA03E1FBEEFD20F0A2
:10DA900005EAFD0007F1FF05FEF31CF9EFFA0A1392
:10DAA000EB08E41018FEEFF5F4F8F30B02F0001E9B
:10DAB00013F011F4FFF5E40305EFE5FE0410151D66
:10DAC0000402E3FFF917F21EFDF432E8EAFBDFFB84
:10DAD000F80100FCD9F1EBFAF60411F4E8EE1501B7
:10DAE0000AF3E500EB1911FB0D12FEE9FA0F07EF3F
:10DAF00000EEFDE70DFB141611FC04FDC40013EA53
:10DB0000EAF8F9F3E0FC04FEF7FC0BFBFEF9E50E86
:10DB1000F1FDFD0D0F030718EBF4FBFA060507E90D
:10DB2000FAF103091E1D0CF9200E0C0A0D01ED057A
:10DB3000F6FD0B0DFF0B0A0AFEEFFC08F2F60A07D2
:10DB4000FA0BE40A18EC0DF50BF000F0EE100AF1F8
:10DB500003F5F9060C04FC09090F09FFFF08021779
:10DB600008130C0AE6F5F601FDEAEEEBF5F71A0FDD
:10DB70000907F0090D13EE0C17F8FCF034070FEC51
:10DB800000F006FFE000EFFA0AE51410FC0602FCC4
:10DB900013F2F0F605F710F8F5F612EFF6EB20FAAF
:10DBA000F80E100BEE0AF8F524FE070B4ADE07F11B
:10DBB000FCF309F9F5FE0F10100D1DE6E7FA0D064E
:10DBC000F806070ED80007F515FA13EBF2F30A0171
:10DBD000F1EB05F0EA08E7F1F8F2ECFFE50A15F8D9
:10DBE00009F8F0FF050611F306EFF8071211FDFA28
:10DBF000E009061802E9F5FC00F70D01230BE1F836
:10DC0000FBF501FCE922091303F9F309FCEBFAF334
:10DC1000E3F6FCF237EF23010CF606FF0E06FC02DA
:10DC200006FCEF09EEEDE714001208F40812070DE8
:10DC30000501F8F314F50DE80719F9122627F8FC89
:10DC400012FA00E90BFD06F2FD07F801FFE10DED08
:10DC5000F5FF0E08F8041A29F8F01109D5FB13F6A0
:10DC6000FFF60F0C0C00FD0819F40BF1000513F67C
:10DC7000FD0F1B010903050006F61EF51B030AF63E
:10DC8000EF01F5F92501EDF305F7140D14FD01FB86
:10DC9000FFF402FE1AE8ECF810FCEE0C2501FD146E
:10DCA000FD16ECF80BEF0B20010DFDEC00FDF8EF7D
:10DCB0000B0CE3FE14F412FD19F3F6FF13EE0C0047
:10DCC000000EFAE9F61909FBF0F205F619FB04E774
:10DCD000D0F1F0FCFDF70AF5EFEDEDFAFAF2F008FD
:10DCE0000F1603F617F316F2F212F0F101F6F5FC37
:10DCF000EC02E802FA03181808F4F6090AEEF8F440
:10DD0000FEF51807150D1AD40201DC05060A2C06CB
:10DD100002F90DF01603F40BFF0F0E0C12011105A2
:10DD200006EE23F111F10B0507FFF7FB2B05EE0AB9
:10DD3000F20B19FEFC04FCE8DC06260CFB051025A2
:10DD4000EFECEDFAF80E12001EFFF8F1EAFB0813F3
:10DD50001407F40B0811030DF8E915E804F404FAAC
:10DD60001A06F3FFE72C16F2F8F5FEEF0804FF0A97
:10DD700015050E090BEE0715E50C16FB08000BF553
:10DD800008EB05FC0BF12227FB0C151208F605EA3F
:10DD90000EE502F900FA07F50806EF11DF18050392
:10DDA000E9FF13F6FFE4FB05E6031713091217DA80
:10DDB000E70EF6EFF2F003F20004FDFE0903040C97
:10DDC000E40F11E80906E807D7EBECFD0FE91100B5
:10DDD000DA020611F4240A1802050A040A270307C6
:10DDE00005EA1EFBE0F811ECFCECFDF9FF2207F957
:10DDF000160A05E8FAFBFB0606F00EE7F410E2103F
:10DE0000FCED0AF5E80AFCF6F6F505EEFC17E7ED81
:10DE10000DFA06F60E09F80BFC0906E60DF8FB02F2
:10DE20000DF6EF06E3D513FFE7FFF0EFF201051F54
:10DE300001FE0508EAE429FAF4FA0EECF8F6EF1709
:10DE400004FC0CF5FC03071DF8EFFA100E11E5EBCE
:10DE5000F10BE907FC02FBF913E600FF0109080BCF
:10DE6000E5E905E9F0FA0909E2021A031AFF2110AF
:10DE700017EF05F907020017F1EEFC040909051474
:10DE8000010FEC0A0AF8C90111EE1AFF06FC08E2BC
:10DE9000F8EE01FDFB08FCF90801F4EBF0091CF6B3
:10DEA00013EDF011060CF0FEE70902130B121AF045
:10DEB00006EBFFF919F1EA04F2FBFE0AF9EB04198B
:10DEC000F9E9F6EB0B17072D1CF81600FCF006FF1E
:10DED000FBF02A120815F7F2130B03001EFB0200D9
:10DEE000FB0EF0F115F1F50FF90001FDFEE70DF75E
:10DEF000F5E5F50DE9EF160115FC100B2BF61010EA
:10DF000002F8FA0FEF1007FA07110BF81530F3F1CA
:10DF1000EE0B03E4070DFCFF0AFD0CF016F5EB0811
:10DF200011020F0A0C04F6FC070EFBEBECFFEF05E9
:10DF300002FEF30AFE0E020FF2EFFCFAE9E810000F
:10DF4000F5FB11F2F213FDE9FEF90CE71710E908F1
:10DF500023FD230E081CFB1418F9EE04EA1C06F836
:10DF6000FBF704091112F813E90B1403F3D917078F
:10DF7000FBF20E0711070C0AEEE91EEEFD1AFCF18A
:10DF8000020B43F6001BF63518FE180402E7F504F1
:10DF9000F31120F01B1712EA0907F30E0527020BF5
:10DFA000ED0210FB310718EC0FE41D100C040A1CE5
:10DFB0000A0FEC06F40D20F9EDF10EF9F108EB1063
:10DFC0000DF613EA151E0411F30BEFFDE00BF2FC46
:10DFD000F7F4F3E6130B0EEC0D0910F901F809FC48
:10DFE0000AFB050A04F7091314E724110D16FF11A3
:10DFF0000410F10918F70B0EEA000BFC08001017CB
:10E0000005F303FE0FE8F6F709F60901F1EE150432
:10E01000110502FBE101F8F70AF91301FF0701FC02
:10E02000DEEFFA08F70AF3FCE80403F80B0DFB0F28
:10E030001716FCFDEE060F0E0EF5D9080E03ED17B0
:10E040001C0415F9FF18080507FFF407E5ECE505C2
:10E0500019FD07EE0FF8FFEE2A0E08E5EE0C0F048F
:10E06000EE1A04F923DA140AFBF10FF5E70AF0FCC3
:10E07000F1031AEA050BE7F802FE16011EFCF80090
:10E08000230BEBEAFFF2EEFF1305F2F0F3FBFCFECD
:10E09000F70C01F80413000E19041000F2E3F60067
:10E0A000EC040905F5EA05F81FF4FAEAEC011C0690
:10E0B000FE100811FEFAF8DC071020EA16FDFF0832
:10E0C000000313EEF4F70F0C23F105EF0113E7FC47
:10E0D00010170CEB0D14ED15F405F905F1E2FF0E28
:10E0E000F3F8010E06041205FD130D090C0D04F4DE
:10E0F00028E706EC1E0A16F22B05F4EE02EE0C07DA
:10E10000260AE8FFEEFC19FE00070A10FDFDEE02EC
:10E11000EFF0F206F4EC0BD3F00FEAF012F911E194
:10E120002FF9FE0C12FE0AEB0F03F60F0808DCF1C4
:10E13000F8000B12F20F1AE0F40F010BF90AEAECE7
:10E14000E307D80E10E30EEF1DEAEA06FEFD0EF41B
:10E15000F50209FD03131A0E1C08F305FD010AEE72
:10E1600018F618F70B15FB170B0BE301FD0820EC55
:10E17000F9FCE90E10F702EB090403EF0B0407F1B9
:10E18000F90A0D0E080BEE0904F9F9F10F00EF1171
:10E190002EE914F60E0318EF06FC190AF604F7111F
:10E1A000FCEFD7F6F518FDFD0A13F512062D0B034B
:10E1B000FAF2EF0F131A060021EB0409ECE8F1FE66
:10E1C00018FEF3E90406F20204080A03EFFE0C0548
:10E1D0000C090FF01213EEFAE217FC03050EF31F01
:10E1E0000803EC09111AFE04FCFBF7F50412E9E33D
:10E1F000020C06EAF006FFE5090AFBEBF511101424
:10E2000016F6FCEC0EE8EC1013F01AFF01F500ED29
:10E21000FFFA04ED0A13F6FC06F7F800EC06FAF232
:10E220001BEFEDFAF310F8FEEFF211FBE6FFF1F150
:10E2300000E9051114F8FA0CF8070AFD0DF5FCF6D3
:10E2400009EF09F4F115F515E8EB1A050109E310DA
:10E25000170902EB04FC10EA03E810EDECEFF6FC02
:10E26000120001021CFC0B0C0FFFE30FFEF218E181
:10E27000011103041007120301F3FD0CFF09010C47
:10E280000EF8E7F2030702060A0FFC000708021463
:10E2900009EDFC02EF06F8DEFD0000FEE81BEF02D0
:10E2A000F2F8F8FF08F6EAFE17F706F9EF16E5F4BC
:10E2B0000EF2EC1310331116FFF017EC0B14ED11E6
:10E2C000F00A1DEB11FF112DF701F307E601EA1328
:10E2D000F400F2EDF409F50D1A0FFE07FBF5EF441B
:10E2E000F409EFE8EF19FC1B15EA030103050D190A
:10E2F000E5ECF60AF5180AEAFCE813F71301F8F959
:10E30000FAF915EDE91CF91EF903F0EA0FF4072CF0
:10E31000FD0001F80214F9D60C0E0EEDDF141114F5
:10E32000FEF617FD03E7FF16EB06F5F00402ECF42A
:10E33000F5FD1200FDECFC010C1010F70000E600EA
:10E34000CBFBFA0D1EFC04EB0AFCD6F61610F7F117
:10E350000A131305FBFEEFFFE3EFFAE806F0F4FE05
:10E360003609000503EA20E9F6F1FE0DF70B16F079
:10E37000E2EA1A01E3FBEF0BEA0B0AF900121816A6
:10E38000F70F17F8F5F10BF50401DCFF0918F3FDA1
:10E39000F201FDF801020D060A13E910F421FDF067
:10E3A000EDED0407F7EF09FDF8FD1904F3F20D0890
:10E3B000D9F511F1ECED0F1710F8F00A0D051CFE60
:10E3C000DFFA0807F603EC10F20EFE09EA1A0AEC6F
:10E3D0001DF00301FFF806100FF7FB041714EE06FB
:10E3E000E20923EAF212EC030C0AD0F6EC0817E972
:10E3F000E1F9090D0815FCFEEFE9FFEB060EEF0948
:10E400001C0BF701E3FBF4F603EB10EF1216EAF72F
:10E41000CDE80902071B1601F8EFFFFDFDEA080031
:10E4200026020803FE01F103060E3A0FF806DEF19C
:10E43000060DD014EC040912F812F6FA06140A04B8
:10E44000E819150301F2070BE9EA09EB111005F0D1
:10E45000FC0606101113FF02DB03DCF3260F04F6A3
:10E46000F8F81CEBF6F3FFEE01F1EFEFFC0100050D
:10E47000DDFAD102F7161C0EFBFACAF20C041F0CCF
:10E48000F3EC131302E314F7DCEDE4FF19F7FAEFF2
:10E490000D0BF6EE090A1DFCECFDE8EA0E01FEF09C
:10E4A000F5FE20F7F80F100C11F2D209000006FC5F
:10E4B00010ECFF09EC13F5001006F70FF603E7F474
:10E4C000F001E1F9D4EC080D00F41C01FDF5000F9A
:10E4D000D5000B0006150CFBF30BEDF3F1FBF9F582
:10E4E00009090BFA0002FA11FBFEF8120DE801F916
:10E4F000190DE10F01E0EBF40EEEE2F3EAFB0FEF92
:10E500001303F6F507EB10FF0DF418FCF307E90011
:10E510002B09F601F7F3E90EF1FCE30A0BFA060208
:10E52000F40E05FA0DF30D06EBF119F0F2EAFBFE1D
:10E53000E6F4D219EDEA0710F6EED6080804FEFF5D
:10E54000F50C12FD1106F0EADCFA0612F010F3F3F6
:10E550000A0B01ED0AF2F4F9F3EFE6EBFC1BFC0405
:10E56000F9F6DF0409FAEEF1F50D11EFF5FE12FFF1
:10E570001711E910FE09FC04110A040EE7F909F469
:10E580001612EFEC13F3FBF1F9FC1CED02F906FD9A
:10E5900005FEE604131B01F8F0F4F7F2FEFDF40E9D
:10E5A00003ECF9FADFFEFBFD1DEEEFF6F008FDF8D7
:10E5B0000DEEEB07FAF80A07F2F1F402F103E4FEBC
:10E5C0000B11DE0C080900F32F0A02F2260BFA00E9
:10E5D000F8F5FBFED610FD00F008EFEEF2F70FF4B1
:10E5E000EFEAF1FEE8F30803060016EBF501FBFA8B
:10E5F00034FE00F108131B06FF01E309FFEBE40101
:10E6000016F405F1FC03E0EF00EFFDFC000AF2F365
:10E61000F3FF0E0AE201FE11DCFAFA0DDCE10B0F4A
:10E6200012EA1BF8F6FAEDF8FC0000ECFD0CF9F428
:10E6300014F0FB0913F0E602E90114F2221E22098C
:10E6400005F616ECE901F9F90FF8EEF319FC0202F0
:10E6500010EEEE0F01F2011010F8F9F3F4E20706E4
:10E66000F6EEF0F5D5FAEFF6F3FBF70615F8141D04
:10E670000EEC12F01AFBF9FD0A11F4F6F0010C078A
:10E68000EC0FECEF00EE01F5EF130E01EB0B0B07B7
:10E6900008F8F3FF14F311F8F30E0DEEFD0FDCF0A4
:10E6A000F404F807FBEE0317FB0B0605F6FDF40771
:10E6B000EDF915070FFBF40DEEF2F917ECF70EE884
:10E6C00005FF13FBDF0B0B1F00F8EEE40117190A1F
:10E6D00003F501E8271B0AF5EEECFBF60BF7030543
:10E6E0000BF6F8FD16160CFE07F1F1D409F5050836
:10E6F00009F5EE1808F501EAF5F50306FD08FB0F2C
:10E70000F60DFBFF111AEBFF0AFD00FD110F00FDD6
:10E71000110AF7120212F11B02F8EE07F5FEE601EC
:10E72000FCEF0407F30ADDFDFE0D1219D91D131DC0
:10E73000EF06081DE0020500F7ECF203FD060514E4
:10E74000EAF502E40311EAF2EF09EFFBFE06051B0E
:10E75000F4EB0400F0FFE0EC060DF2F7160100F216
:10E76000EB11EE04EA0EF600FE0DED090E1203EBBE
:10E770000D0AF80707F00AFCF5F60213D4F8E7ECE7
:10E78000F7F6F2031913FEEF0D00F10113EC1CE98B
:10E7900000080603E10FFCEDF7FD04000D0AF6DEAC
:10E7A0000A0DFF091102E50FEF100806D1D304F19D
:10E7B000F2ECEDFBEF0FF31B0C05FE0BF2D8FEFFA6
:10E7C000F5F010240207E90FFFEA0BF8F5FC000D45
:10E7D000F6F5E8FFF8050BFB0607E7FF092DEAFF52
:10E7E000F20FF1FA1324EA02EB0112FC0F081319DD
:10E7F000FE0911FAFE26EA0704EB03FCE5E31A1C06
:10E80000EE02EBF2E9FD0F02FB100D0800F6100A14
:10E81000FCF4FC06E00EFC0510EF030D0F15EC0BED
:10E82000F1F305E70F0A0C0B050BF20F130BF0FFCA
:10E8300003F00513F8EAE6E009140401EBEDFAFC35
:10E84000EDFD0A0C04000F16EFFCF302F4EADB0402
:10E85000FE0B0610E00AF1FD0E03F01110FBEAF5C5
:10E86000F8FA0BF30D140FFC15FFEE02FADAE7FECF
:10E87000F919F4050FFF020EF200FD0605F1FBF198
:10E880000411F3F3F503E5E2FD0E08EEFE0511FEBB
:10E89000FBFD120EDCF518FDF1F0F209F2E9E5EEF0
:10E8A000100FEF19EFEDE302F20B0CEDD7DF1518A7
:10E8B00002FC0B0810E2FCEBFB100FEEE8CA0BF0B9
:10E8C000F7120EFDE1EC12F20FEA00FA02EEFAFB8B
:10E8D000FCF3120EF30FC6F20817F201FF0E0FE75A
:10E8E000EC0A1121E5ECF3040E01F306FCEC0FF445
:10E8F000EA07F207EFF0E1F2F9F3FDEAE3D5E7ED1D
:10E90000F80DF909F9EC1421FA07F307F9FAF50003
:10E91000F2DF0907F419FBE5020D070EE9FCE5F04B
:10E920000AE50A0D0708D2E1F8E0ECEDF8EE0AEF8F
:10E9300005F4EAE8EFF2EBD9FE10F5FDFDF3E82768
:10E940001406FFF4151809FDE6F1F1FBF7FCFD09CB
:10E95000F906040417030D0AF4F709F91A02F40979
:10E96000FB1D10ECCA0403EB0DF303F71102F0FCDE
:10E9700013EEF100F7F7010EFDFB03F70702E401C8
:10E980000CE7FD0213000A1BE904EDEAFA03F51097
:10E99000F5EDF700F9EF17030706EFF0F904FAEDCC
:10E9A000EC03FFFEED1B12FC0DEC00FE0BF612FC5F
:10E9B000FE0AFD16FBF3F3FFEBFA0DFFF9F81CF16D
:10E9C000FEFDEADD080F0A13F61106F421E60C102D
:10E9D000FBE700F51A09F00F0F0513FAF7150C13F2
:10E9E000F2F0F6FB12F6FD07E9FD0C10F71503D760
:10E9F000EDEEF50E06FB1601F7FDF2F403080E042A
:10EA0000EC00E9FA030AFDEAFDFDF6F7F1EB1BF372
:10EA1000060E0F0BEDEEF919FA0C10FFEE0E1210A8
:10EA2000EE0E10062207E802EF0EECF806151804A9
:10EA300010EFF30E0410FDE9FDFEF3F1E9FEFCE535
:10EA4000031C0F15F1EE10141104FC1401FAF61159
:10EA500011F3F11CFBF9FFF30B01101419E3F70498
:10EA6000FE08F1ED010008FB1605ED1812EEF5FBAE
:10EA700010DB06ED12F9FEF9F9F50BFDEE05FCFCD5
:10EA8000FA07FBF50410F70812EEF60702FC07FD83
:10EA900005FB030914130BFEF5FC0B080D13E60E22
:10EAA000EDF6F8FE07010BE6FEE8FB0BF209F806AF
:10EAB000030DF607F4E608FD01FAF803EBEE06F2A3
:10EAC000030FE4F2F9E9160DF3FFF6F30DFCFBF288
:10EAD000F81309F8FA0D0103120807DFEA10F6022D
:10EAE00003020703D2E21F13FFE902E407FBEFF979
:10EAF00007FBEE0E20EC0EF30EE4FCFF1A0C10EBFD
:10EB000003F50907260B2A11FDF2EEDFF8EE0EF0F1
:10EB10001306FF1814E9FD100E0203EDEAEA2001C6
:10EB2000F8DC1203E7FA0CFCF700F113EC0E021A02
:10EB3000E717FF050101001F08F8FFF6F8E10DFADD
:10EB4000EBF70CF30F19FF03020EF40FDD12201781
:10EB5000F8FCF3FBFEFCEB0EF5FA1003F5E80AF403
:10EB600002E411F4FCFDE6F70E16111C0D0F15085A
:10EB7000F202FA080DFAF7F50318F1F9F014E8E2D9
:10EB800003EC022109FD0D0C05EF13061118120705
:10EB9000FFE1160C0908F8DE05F0FAF903E1EDEEE5
:10EBA0000A1311EAF91C2F05E8EEF7F20411040923
:10EBB000ECFAE5F0EEF7EA03FC0611FA02FBF013BB
:10EBC000F4F30FF0EAE5F0FA0F09F4FAF305EBF0CD
:10EBD0000214E810D4EF0FFE0FEC13FD161BE6E94C
:10EBE00001FA09000FEF19F4050B0DE6FFF9D8EC57
:10EBF00010EB02F408E40D0CFBF2FCF2F2EC08134B
:10EC0000EBFAF1001603E6F00FE310FCFD0309F246
:10EC1000FDFD06F50E070802ECFCEE08F1FB05030E
:10EC2000F40EF101E907FD23FEED080D0506EC0ADF
:10EC3000F70810F503E6ED0FEE0114FAF80905E9FF
:10EC400002FEEEEEFF0D0912F8F70B09E715F502CB
:10EC5000EE03EC0A050FFCF80EECF30AFA060F0EB1
:10EC6000F7F11001EFFEE70B0AEF0218F8EEE1EC06
:10EC7000F2EF0DF90E25EDE2EFEFF10702090310B7
:10EC8000F106F30703FF0FFCF814F302F70315076F
:10EC9000EBF1EFFE1014070DF4FAF7E8FBF90500AD
:10ECA00010F610E4F0FFE5F2EBF70FFBFF13E910AD
:10ECB0000001ECF9FFFCEDEBF709FE050E1D172531
:10ECC00000E9ECE90006FBF608E7F0E310F0EA04DF
:10ECD0000BED01F8F3EEF7E3EB06F3F8EB0A11EBBB
:10ECE000FD0114E9DF00FFFCECE8F4F911FC22FC63
:10ECF000F5F006E6F813F013EFFCE9F3100200DD7F
:10ED00000115010FFA1819080C0207EDEC0007F6BF
:10ED10000300010CFD1EE6F705F907FD0205F0FCF6
:10ED200009FDFBF7E2E10DFA07F613FDEDEFDFFB5E
:10ED3000FDF5EBF7FFEFF61B0CF0060B0BF4F40BF5
:10ED4000F803FAF5DEE9F9E71704FFFD08031305F8
:10ED5000FC130C07FAE9120610F7EE08F7F40A0B99
:10ED6000F3E509F006FDFFF2F6EBED020BFB0EF307
:10ED7000F0EC010202EA11F7F6F3E9F2F7F1020012
:10ED8000F50FF2ED0DEB18E709F10510130EF90080
:10ED90000EF604E71E0101220211F0EE05F6070847
:10EDA00004F1FB020B2A1C1EE8FA130CF2EB09110A
:10EDB00002F700F410FDF309081607EC101C031706
:10EDC0000605F9F5F6F7FCFEFCFC05F7F40DE5F693
:10EDD000020EFDEE04F8FCFC110105000712EA0A20
:10EDE000EAFE11071902F0F3F8110E19EE04F113FF
:10EDF000EC09ED15FA05FC11FEF2EC1110E7F5F542
:10EE000003F2F4F6EE19FEF5120FEFFD12E8FD0520
:10EE10000DE1F0F1EEF0FEF6F5110F0BEB0AF6E165
:10EE2000F3F00BFA031DEA140806F203F9160EF2CA
:10EE3000F7FAF90D0BEC0B0402FD030709EDF7F5EA
:10EE4000EFE912F5EDF00720F6F1ED0F07ECFAFA15
:10EE5000FEF8F413F6FAF0ED0DFCF3110D08EC01D9
:10EE600000EFEEE412FEF207F717140BE5F9FCF7DA
:10EE7000F21309F50CEE070CF1EE040BF70F0D176A
:10EE800013F8F4F008F7F6FAF70513FE0AF5F2F6B0
:10EE900012DCF800FB05E210F211F3EC1215092761
:10EEA000F40D13E61A06FC0206FDF407040F0FFB2F
:10EEB000F50EF6E90B0F1209F7EE19E30C201AFB19
:10EEC0000EE90300040D171B0BE40719F9080009EC
:10EED000070EEEFAFF19F610FA03EB0C04F0191303
:10EEE000F9E8FFF50CFE07F007E7F50814F9141A26
:10EEF00004EF060700F9FC0700F7FDEE1721FFFD00
:10EF0000F6F4EAFDE9FF051603DFFB0616EF14062B
:10EF10001206F6030A0101E9EAF502F00C06070DF4
:10EF20000DEE03F309FDF41A13F4F30FF3040B17BA
:10EF3000EA07FEFA1A15030CEE090308050D0FF394
:10EF400008E013FBEDF6FB18F90F090A01F603DAE6
:10EF5000E5F80B010705EB0709F40FFBF8D90F10D3
:10EF600001EB0DF0FA3702E30F0E00F5F4DEFF239C
:10EF7000EF0EF6E5EDF6FB0AEBF5070219F2F404E5
:10EF8000F90811020811FF12160CF4F40C140119FF
:10EF900013E614F5F6FA14181007EFF0091E0B111A
:10EFA000F4030A09F8F5F51EF70FF40AF0EFFFFC79
:10EFB000FF0E1204072503110703EE081915051BA0
:10EFC000F6FE120BEE040D0D001402E9F60FEF062B
:10EFD00012F0FEFA1505260DFCF6EDED0307F1150E
:10EFE000E9F7F4EFF5FD03E80CFEEE05110116FC60
:10EFF000F40DFBFD0200000EF2F1E8F3F6FFFD0058
:10F000000D11FAFBEAF50D07E2E9EFF4EEFCEAE791
:10F0100011FD03F81EE11104EDF401F901FAED0907
:10F02000F6F9FE0EFA1C13F704FE060CF1050412A5
:10F03000F90A13F9EB0DF5DE0CF90A11ECF1F122E6
:10F04000100A050615F614F60F0D01101C0101FF3C
:10F05000FBF9120E04F3EDEF0B0B130FF5DF0AEBC8
:10F06000EC120618FC17FB1CF8F70FF50A0CE2E28D
:10F07000FAF20EDAF70017F3E80DF9EF191DFBE7C6
:10F080001314FF19EBF30D0505FD0EF407FB15FB3B
:10F09000EC0900FFFA191BF310F8F6F00801FD0067
:10F0A000F7FCEEEEF9E906FC00ED0203FBFC26E3BB
:10F0B000F205FDF509EAF90EEBFB03EE0BF604F59C
:10F0C000EE03EFFA140A0EEB05FAFAFF07060EFC40
:10F0D000F1E8EBFA14FD1B0EF7E612FA1AF2F6FA53
:10F0E000FA00F0EEF4FD0011071B0C01FB0B0E0EF5
:10F0F0000817F5EC0FEFEB0CEFE9FFFDE4EC15EF73
:10F10000EFF0EEED0B16F9FCE00902170DDEEB1344
:10F1100000FB09FDFD09FEF7F6FF0A06F1FDF7FE0B
:10F12000EFF609F416FB0F0A00EC1100FDEA06FAEF
:10F130000402060A00E114ED040C040304EF040ABF
:10F14000EF16FCECED080F14F9FCEF1320E8F400C7
:10F15000F0DF06FF0307F7E7ED1707FB12DC0400FB
:10F16000F00B04F2EAE7E305FDF7E9F11611F7DF2A
:10F1700009F207FD00030611F319101105FEF9F05D
:10F180000B0A03072BF8F4E505EE0007F1F614F679
:10F190001209000BF0DE1E000D0AF7FB02E8F40F67
:10F1A000FDFC07FBE91012F4F214F9FAFFEF030C6F
:10F1B000F6EC1802E9F4EBFE05EA0FFFE5000504A2
:10F1C0000CFDF4F9F80804F5F10005F40106FD065C
:10F1D0000EEF0E04FF130A0C0FE8F1ED0FDD02EB4A
:10F1E00003F1F00D14E501F701F80E04F8DEF1105B
:10F1F00006021404EC18E3050307090BF6FE07EBFF
:10F20000EC0AECF9160A19FA0109EF09E7E70A0D09
:10F21000EF0F0C0C0AFBE4E9F6F0080329F0F3E722
:10F22000F30DEFF70C0D1302F3EFEF03F4FBDDF634
:10F23000ED0301F91D0CF708FFF51BFB0CFD0F1783
:10F24000050D050C07E6F1F7EF06E4FCFBFE13F3F2
:10F2500014E8000DEFEC001404EFF6E9F2031CFED5
:10F2600016E805F5F1F6F302FBECF9F9080C0A07CC
:10F270000AEC08F8EB0EEEED05E718F3E60010F1E6
:10F28000FEF712EE180AF2F91F0C12E606F409FD59
:10F29000F7101401EBFCFD0C19F012E8E908F6D5A3
:10F2A00019EEF00C0AE81CE712F5F800F4010DDE87
:10F2B000FD06FFF71A00DCF607F81BF70C070BF446
:10F2C00000F5ED0803F0F6FA0E0A13F111EFFEFF58
:10F2D000EFFFFBEAFFFFFE1A0206F501F80AE80954
:10F2E00003E81902EF0F0511FEF804F5041EF5EC12
:10F2F00009F10DFCEB0A0AF413F708F7F3EB0E0023
:10F300000A0EF6FEF3FFF70900F321081012FC00C5
:10F310000D0617ED0108EDF70801F70EFBE403EF0A
:10F320000806F71DE9FD0AE4EEF900FA08E800FF17
:10F330001A10FCF7EFF7E7FEE8010DEA0317F10FEB
:10F34000F5EC02F112F1EDF30FF4F60EFB10000AEA
:10F35000EAF2EB0A00F9F7F908F9FCFD08FCFF10E6
:10F36000FBF5F50DF40BF202EEF010FE01ED0BE2F1
:10F37000FFE700E80CE6FEED15011DF2E7EEFEE703
:10F38000EF18E3FCE4040BF2F610F50004070505A2
:10F39000F305EF01F8DF17E1F9F01CF3F608FEE3DF
:10F3A00019FFE602FF021008E2E9FAF11BE9F7F59E
:10F3B000F009FDFA061A0706F810F7FE08FE0FDA44
:10F3C000EBF10008FB220CFF02FA18EA10F4F0FC43
:10F3D000EE09F5F3F901F018040200FE04080CE54B
:10F3E00010060206F7FBFFF1EFEDF7EA09FE011543
:10F3F0001EFC0A1001E800F9F7050DFF09E0120DE7
:10F4000007FB0EECEFF11C0A07EEF80B02FAF2FB19
:10F41000F607260116D6E50211ED28F0FB07F804E1
:10F420000EF2EA030017040E10FA0810F4EC0CEECA
:10F4300015FAEFF302F6F8E8150C0F0EF606F807CA
:10F440000602F300F1F6F8F300E7030E0B0A0FF8DB
:10F45000EAFB15F711FE0F0D18E7EB0EFF03F5F6AB
:10F4600006FFF704080BFDF1F4F4F6F614E3F513C8
:10F47000F90D0B070F12E5FCF60406F6F3E30BECAF
:10F48000050A120EFBF6FCFD04F9F4FE020C10183E
:10F49000080CFDF5EBFCFE08D81710EF0ECBF2F3CD
:10F4A000E9050206EBFCDEEC0B09FC0CF2F4F5F8C6
:10F4B00001F01304EF0908F1F5040FFB11DCF4125D
:10F4C0001B0300EA04EF0EED18EDDE0CFA04EFEB7F
:10F4D0001B0026FB2108FAE70BF5140E080411F8AF
:10F4E000031A0FFC09F3F0F5EDF9160909FAF30315
:10F4F000F8F811FAFDFE16E2F2081412F6020CE218
:10F50000FEEB0EF713E310FB000D321302070EFCA7
:10F510001A0618010FF602F6FD11031008F9F5FF9F
:10F5200015F8F7F304F9EFE30804FAE6FF02050320
:10F530000509F6F705F8ECEBF7EEF50EF208E01525
:10F54000F40E020FF7FB250A11EFE5F8170503F497
:10F550000FF9FCFEFA0D14F900FB040C1CEBF9F694
:10F560000EF4F4FAF30033E507FCEF05F80EE7F3C9
:10F570000CEEF5070D0313F208EC04F30AFC0DE2A0
:10F58000F7F1ECFFFB1000EF01F1ECE30A170A19A9
:10F59000040707F7071A0BF3010901F0F80432FF1B
:10F5A00002F7FB0B04EA08F01404FBF7080719DC68
:10F5B000FC02190B13F707120BEAF4EA02F1160723
:10F5C0000404FBF4FC24F6E8F9EC0DEEFF040E0451
:10F5D000F8F406EDD52B080C030E07F7F40D12E531
:10F5E000E60C0AEE08E71DFFEF02E0F9F30430ED48
:10F5F000FAFE130118F0F508050AEB09F3EDF1FB2B
:10F60000F9EAFFEFE50DF60C0C00E908FCEF061532
:10F61000FFEBF9FA00E60AFBFAF1FAECF41110013B
:10F62000EF081007020F09ED0E0903F200E8FD0BC9
:10F63000110D12ED0A0704EDEE140DFFF7FEF502B1
:10F640000E0EF100F51703F40E07ED02E70AF709B5
:10F650000A1111110DFDFEEE0B07FE07F0EFF4EAA3
:10F6600010FB220D0E08E20F020C0209F4EF0CE26F
:10F6700001EB01031BFCF2F2E803FAF50C02030FA5
:10F68000EEF204EE10F80D14EC10E7F205080F117D
:10F6900004EEF103E03A13F106F30CFEF40208EA7B
:10F6A00015F90BFE0AF711FEFBEE0AF0FEFEE90863
:10F6B000E7F306EA12FE170C20E7F306FC12FEF64B
:10F6C0000AF4EBF30C00121EF713F3F80402FFFC2C
:10F6D000FF09D30B02F4FE10F905F3F1060221F243
:10F6E000F80D0C0FFEE30A10F703F2E50612FFF621
:10F6F000EFFBDCF5F8EF0E09E9EEF9E920F3FBE1A9
:10F70000E106DFED1EF51B071BE9F3F60F0013EF13
:10F71000D7F3EDF2100C1011EC01DA03F1030E0631
:10F72000E8FDF8E90CFDF808FD0DFFE609FF1814E7
:10F730000DEF0A0700F51318D7F5F10BFF020302CE
:10F7400006E819E618F1F707FCF1F8EB0CF91300DD
:10F75000F909E9FC0E110C0E14F5040B12E7160F53
:10F7600013EE09F7DBE90CE90D0ADFE9EB121E15D0
:10F77000F0F4F90D18F4F4012311FCF9E216E3E2B8
:10F780001601FF05EF1BF409120B02FAF61A140B0F
:10F7900004FFEAE7110604FA0BEB16F5EDDE0CF6B2
:10F7A0002315EFF9E8F7FF1EF9F90D060D1812F809
:10F7B0001914EFF800001F00230AEB0DE4090309F8
:10F7C000D909E503E5CBDFE6DCF429080302FF09EC
:10F7D0000AF30E040DE3E6031706F90EF4F702F739
:10F7E00002110EE80718F90D0A090AF8F408F3EDFA
:10F7F00012FDE80C1AE7FB0B27F515F3DDFAF60C02
:10F80000F8E90F06F40CF6FAFCFE10E9F9FFE71B25
:10F81000F600EBF5F3FE0F1615E719F2FCF1F41004
:10F8200004FC16EB04F0EF18EF0411EB011DCFF709
:10F83000FB060F00F6E3F9EF00FFF30209F812ED03
:10F84000F70C0202DAFF191114F90F02EAF9FF04AA
:10F8500000E5180801EFF111101E11EDEB08F70D8E
:10F8600001070311F5DE07E9FF0BF911E6F0E6C722
:10F8700002F708EEFE01E3EF1105FAEFFB1005FFBA
:10F88000EF06F8EFFC1A16EF07ED04FFF807100378
:10F890001C04EFFDFB1CFAFB07120AF7E6E608FC66
:10F8A000FA0214F2F70B02F11AF2F704D30E21EE6A
:10F8B000ED0713F60706E4E8EEF016E91506F20682
:10F8C000F0FDF3100BF31004F7F0ED1110FEF4E867
:10F8D000DB10E3F428E8240C140CEEEEF6E7F70551
:10F8E000E90104EEFC09EB110606ED071001000228
:10F8F000F2EFFA0D0222FE120D11E300ECEDF8E634
:10F90000ED01F908E804FDF305EDF8000606E9F459
:10F91000FA010F06FC1BE5F2EA03F00F17FC05E401
:10F92000F7F4EEF5F4E81715F1E80BEFF4E5EEF473
:10F93000EB12FCF929F30AFFF1FC09100012E600B2
:10F94000171116F401EC0FE4F106F60BEEFA16FEB1
:10F9500004F21006FAEDFBEE030E0BE9F3F5FEF9E7
:10F960000AF907050B12EB0907F6E9FD06FD16FE7D
:10F970000AED00EAFF0C04F3FC04FB0713FA28036A
:10F98000FAFF10EEF704F5FAFBF5F3F6010A110C95
:10F99000FCF5EFFBF0F8001EEBF3F6F60008F908B3
:10F9A00007070AEDEB2B1310E8F8FEF113EBFAEA68
:10F9B000DEF60AF707FA01FE0CFEFF10FA061A152A
:10F9C000EB0AFCE9EBF01E04FB0DFDF5D31700FA82
:10F9D000F60AEF16F7EA0403F201FFEE01FB111538
:10F9E000D9FE14FD1FEEDE061BEDFEF6EE19F60D38
:10F9F00003F0F105E909FF11EC05E10825F1FE111D
:10FA0000FD0813FC2D0EE30AD4E9F10A07F7F515FA
:10FA10000E0EF10C020016FE0A090810EF0DF9F99E
:10FA2000F20CFBF7E608F6F60A06EF0F090C1B01CD
:10FA3000E3ECD41111E41DF6F114091027F01109BB
:10FA40000AF5FDF7FB0DFEFE02F1200DF0E9D506EB
:10FA5000FC05E307F6FE22E8EDF910F4FA0910F3CD
:10FA6000E10B130017180509100F090604080AEC2A
:10FA7000FB17F0E6F70B0B0AF408E6FF06081C1864
:10FA8000F5FDF5F70F12F7ECEC0E100B0D16DFF489
:10FA900008060B1101F1DFDFF3FAF5FEF11DFA059F
:10FAA0000206160B1212FBF5FEE9EE0811EA04F944
:10FAB000E4E9DAE90E191EF102F4F5FF0F0101196C
:10FAC00006EBE6FBFD0FF418E807E8F0FB20F20E6A
:10FAD00008F40FFDFC13F8F9EE06FE0CF4EF151216
:10FAE000E608FEF401F8F610F4F903FD100B031715
:10FAF0000DEA04E7F11A1605F206F506FFF512ED18
:10FB000004EF0206EE020A130C09FE030201090FBC
:10FB1000E500E7F103041A17E20AECEF11011313F1
:10FB2000DAF401FF081406F9F10F01E91D0C021EB9
:10FB300019E705E6E207FBF715F2EF0707F400FD0A
:10FB4000F3F820FD23E9ED170402FC0CF90913D6A4
:10FB5000F8EA0B0F0E08E00208F4FDFA0CD5F617D0
:10FB600009E8EBF2E6341BFDFA1BF6F4F3F708089C
:10FB7000F40DFF1802C907FE040BF303F4F5E9299D
:10FB80000AEE04EEEC16EFFC06F3EDE9D426F5FBE5
:10FB900014FAF0F2070AF30C0BF9EEEB03FF04077B
:10FBA0000CFB030F02F100FEED0CDCFDF2D9FC0EA4
:10FBB000FDFCFEFD0F0BF505FEE5EFEE09FB210157
:10FBC00010F30EF4F602ED01F3F918160202DD143B
:10FBD000FE00210EEF13FD38FBECFBEFED10E5FA14
:10FBE000E9F5E4030A081201EF0F060A00F60DF426
:10FBF000160D11EA24D8EFFDFE0FFEF5D21009F420
:10FC0000060DF9FCDCF419E909FDF5FC2AF9F5EB20
:10FC1000EF04F3F224E02FF30F03F2E8F8EAF51C07
:10FC2000FBE604F6F30418FF1605FA09ECF6EB0FF1
:10FC300007FFE801E70D34C201ED200B0FF9FE22AA
:10FC4000F70000FC31CAE716FA03FD0B2ED5E8F3E6
:10FC5000FEE709F8F0F902EDDD05F0F844CC1B04ED
:10FC600025F313FCE802F0ED01EDFC13081616DD98
:10FC7000ED08FEF719EB2BDA0F0BF608F8FA3FC385
:10FC80000F090AF504F8FCF91104091618F2F40A30
:10FC90000FF5F0F2E7102BF80504150FFCF4F40E45
:10FCA00006F8EDF90DF52B051211FBFE0D0A0BE41C
:10FCB000F20212E9F9F8E5F9FEF3090EFD1B030D56
:10FCC000F8FB040DBE350B0F1000DEFBF502F51836
:10FCD000E6FCE1F503030821D00A0DEC30FDF1024A
:10FCE00007090EEF01F6F2FDE504C60004FD27FD4D
:10FCF000180D14EDEBF712FC1DF801FBF4FA2109C5
:10FD0000F7EB09010320F6F3F0110E0E32FBD10DD3
:10FD1000F1051D09F915090BFF0AE8031803F1EBBA
:10FD200001040309FB110D10020FF4091D06FC115B
:10FD3000F30CD9EF16FE25E80AEC0605E70D0EE0F8
:10FD4000130CFD12E8FD070607FDFAF9FAF6031990
:10FD50000FFB021421FB05FDFDFFF9FB3205070037
:10FD600008FC0200CC0AF2F6F202F30F08FD01E6ED
:10FD7000DE07080122F300FFF000EFFCFAFEDF00CF
:10FD8000F61017042A0EFCEE17EB080F0DF61702FB
:10FD9000F114E2FD16D714FAF30DFBFA22F2FD1767
:10FDA00012E3F4EEFE0DFAF50CFDFF13070D19F842
:10FDB000F4100F05F30407FE0EFADEF1E41BEA1758
:10FDC000ED01EFEF11070FFAEA13FF071FDF080538
:10FDD000FDEAEF00F208FD1515E9E00E000B0C0A34
:10FDE00000EF0EFA12080A09FC07110D10030AEBC6
:10FDF000E2000D080508EE02F60D120EEEFEF3F11C
:10FE0000F6FDE00CFA0209100702E2FA0109060306
:10FE10000DF206FBF30D0EFCCF05F2FE19DDF40B1F
:10FE20000BE903F31EF3E706F9EB1FE8FB05FB0FF5
:10FE3000F10310FE1FE1EDFBF9FE090AF00E0C07BD
:10FE40000B15ED11E304F1F1F1F411FA16EEFD08D2
:10FE50000EF2FEFA0405F7EB1209F214FDE9FBFCC1
:10FE6000F8050821CFFFE500F905020505FCEDFCCA
:10FE7000F9F20AF60BF90D0DF7080D130CF1DF0D71
:10FE8000F6070FF4F702F9EFEB02F817FAEC0FE4BC
:10FE9000F60D12FCFD0B0FF601F7F5F2F210020A57
:10FEA000EAFF05F1F7F7F9F2EDF904FAE3F0F907E3
:10FEB000F50204FB0FEBE4E7FCFE00030DFF13F07B
:10FEC000F8F8EF0301E703E60CFAEF13E9FF14F586
:10FED000E9F5EBEC04F0F7EFE80B11FF050A0DFC78
:10FEE0000508E90B01EE00ED0F0FFC04160607FDF7
:10FEF000FCF0F6FAF3E602FEF0180AE8F4F0F2136A
:10FF0000F2EF0CEDFDE2FE01EEF4F6F905FDF4EA88
:10FF1000FA0708F2F6F3FC0E07E810EDFFF8010708
:10FF2000021A0BFE0506FDEC0B00F1F8F8FFFEF1DE
:10FF3000F60C060309F10707FCE603EEFCF616F6DD
:10FF4000EEF3FFF2E50DF2F50DF4EBE20BEE181017
:10FF5000FCE202F0F41118EFF1F4FF160BFB0CF9C0
:10FF6000F6EDF7090AEF15ED0B0EF71CE2E7FE0AB6
:10FF70000D05FAFFF805150CF7F2E9E9FD0D0C0A7D
:10FF8000F7F70FFD130BE4FEF60107FA05FDFC0A77
:10FF90000FFD01F30F1807FB09EEFF1306EAECEF64
:10FFA000F91C0FE001DE12F5F9ECFC13F1FB0F0A6E
:10FFB000ED0BF6F7F50113F2F8FF0DE812F8F9135F
:10FFC000EDE8FE071BF9ECF7F0FC02FE12F1F3F886
:10FFD000FEF2F1F50BEC0308FB01080103F0EFFF63
:10FFE000F1F10102FEFBF001EE0701F50E0A05F644
:10FFF000F50DF0EE0F0A0A1EF800ED0CE21EF60CED
:020000024000BC
:1000000007FB05E7190E09F10AF416EFF502F904EA
:10001000FFED0D00F1230F0A010DEBFEFCF01107BF
:100020000A05F3F80FFAFAF2FD05F3E21EF8F60EF0
:10003000FBF70BE8ED03ED08EF12F7ECFC15FBF511
:10004000FBFFF7FA0CFA020B11ECF2F1011B000FA7
:10005000FF0D0BE8E20DDF0806FD0118FBF4F1F1DE
:10006000E8020CEA020F180DFC02FAE1D91605F1BC
:10007000ECFEF7F2E60F06080B040C11E4F6EAEECC
:10008000FF07EAEAF709CEF1ECFAE9EBF1F00FEA43
:100090000CE0F210E606FC01F608F1FFE0000AF4BD
:1000A00003FD0F14F41B0B0AF7FFEBF5DD08F40D4D
:1000B000FC10F106010BF0EA0EEDEF07DD01F6FD95
:1000C000E80E0A04EA100A23F5FFF2FB0F0EEEE336
:1000D000ED0B13E006F3F81411EF07EC0604110E14
:1000E0000404FBFAEDF41213F5060EF711F202F513
:1000F000071B11F70D1BF408FDF8F4EED9EDF91A02
:10010000EFFA0505FA16EE07F517FEFAF6F5F7FA17
:10011000FF02FAF90B0CF5F50AF8F2F4FE02E70417
:10012000F9FB0702F108D9FA15E604FFFD0EEC030E
:10013000EA060DFCEDF8F7E7FC06F30E10E5030FF9
:100140000005E9011103EF0115F509F8FE05EBF8CB
:1001500007E60AF6EBECE2F21303080BE7E9FF1AF5
:10016000F2FFF5F5E7EBE006ECFFF5EFEA0902F741
:10017000F2E91005FB13F014FC00E9EDF8F7EB0EC3
:10018000E8FE0A1603F1EE1500FC090AF3F202027A
:10019000EDF6FDF70013E5F8000E03F0160BF7106F
:1001A00009F9F4080607F7110A18F0000300E90C32
:1001B000F10A12FBEE0401EC09F508EC07F4F9F280
:1001C0000C05F11206EA00F20BED0712F50C07E937
:1001D0000AFEEAF1450FF11FF01103070804F8FECB
:1001E000E9070B1704FC0BF806E818081C04E2F4F6
:1001F00001F603F0F6ECFAFEF204FC15FAE2F9F867
:1002000011F4FEEA16EFFA040CF3FB0C0EFA0900E7
:10021000EAF40613EF1520F20617F10C12E50EF9B9
:10022000F2F6F10206F0F9E9EAE70EF3FE080DEF47
:100230000BF5FB21FDEB01EBEDF70A10070A0EECC5
:100240000EEB0C0E0E1115080F0FF8F0FA13F5FB5C
:1002500008E7F1ED1109F90E0EF2EEFE10E7F4EFEA
:100260000001FD0CFEFB2AE412EF08051ADC00F485
:100270000500EC17140C0011F6F711FF07020C1023
:100280000EE9EAEBF2F50CE3EFF8F9F3F206F1020E
:10029000EA1DEDE82404E7EFF2F0120107EC061086
:1002A000040E0E03EFF1F5ECF000EBF91A13F5076D
:1002B000EBF7F300E7F11BF20BEEF10F060802E893
:1002C0000CEEF60FE6ED1703F40300F807F7F70C52
:1002D000ECEBFAFCFFF2080CF712F8F8DFFCF0F494
:1002E0001000EA0EDB08F20BEEE2E9F5050CE4FA89
:1002F000F20406120CF6F8EE10F90F0E0B0FE6D50D
:10030000FCF1EF0301F7EB0E131EEF10F4E6EC081F
:10031000F00BF6FDF011F7EDEE0BFB11EAF1F8EF43
:10032000EAFFFF040DEDEBF40BF8ED0BFAED050918
:100330000906FF24F50315030D0502F9F603F90B71
:100340000FECE8FB1404F507EBF807EA0C15170DA2
:10035000EAE4040BF30FF0FEF8E9F70305FA0D13D6
:10036000ECF3F50EF101FA2000F1F2082F01060C72
:10037000EF07000A130A0CEFFC09F0F61BFB020A58
:100380000BFD05170FEFE6030908EDEBFD1CFC0361
:10039000EF09FEF4F211EA00F0F80901DFF00FF1C5
:1003A0000C050D0407F91226F40DEDFAF5F3010121
:1003B0000AE6FAF8FAF9E0160C09E901F9EA09EA9D
:1003C000E9F5FA1503E7F40CE80AE709020C140151
:1003D000EEE506E4E1050614FCF30ED6EEF4F5EEC8
:1003E000FC100C0A0711F508FF020A05E60AD803FB
:1003F000EEFE0F1E0717110908061311071809064C
:1004000005E200F9E504EC071211FFF4001A011EE1
:100410000211EEF603F1F815EE0707FE0304F80FDC
:10042000ED24F90811FB0011FB14EB15F520F8F091
:100430000DE9F309CFF2EEF9FDF4E809F3F4030F47
:10044000FAF9131203F50CFD0CFCE9FF0B10091669
:10045000F309F01007FCF4FEF3F4FAF71313EFF4CA
:1004600011EBECEEE4FAD012F5FCF2011309E60907
:10047000F9EE12DD0C0C03FE0F0DF80606FB0C1254
:10048000EAED0FF2F3EFE8F1F703EBDFF402010519
:10049000EB0704061D100F1004DBFDEAE5F1001C5C
:1004A00000E300FF02FCF8EF0202F2F70B16050969
:1004B00007E8F5F82316FDFDF10BF40726FB10F70E
:1004C000EAE6090C1017E908EBED06F30CEFE10979
:1004D000FEF6FC0408FAF0FCF5F00D09F0F5FEFB61
:1004E000E80DED000EF71DFB08EF17040EFE0727C1
:1004F000F4E8040EFB1201F4FBF1FCE91512F8F12B
:10050000F705EFF8170C0201EBEEE903EDEFF90F39
:10051000060C0B0006F9F7E30D0309E610E8040CDE
:10052000FBF5EBE90BF2FF0C10E1F5E7E3F4F8DD86
:10053000F6F807E5F70614F4ED070BE3FDFCF6E328
:10054000ECE40A05120105FBEDE902F1FB16F706E2
:10055000F50A0406F500F10BF9FAEC0EEBF7FC10C6
:10056000FCEEF2F0EA09F607F405F302F5F9EE0CF9
:10057000F40AF9FE0FFE0405FD08F4F209FAF3FF90
:10058000F504110A0FF504FDEEEF00F40AFF060072
:10059000020FEC0705EB0BF810E7E909F9FB08106F
:1005A000F512EC0229110703EFF20E0C090FFCF310
:1005B000EEFCE9FE0615EAE4100700F5F20014FC73
:1005C0000F030BEFFDF4000805FEFEE91D0807ED23
:1005D000FAF7EFEDEAFB0AED0D0DFCEE10E907F37B
:1005E0000A17F400FBFD18FDF7080C0F1A07FFF4BB
:1005F000FD11EFF6EE03180BF708FEF4F2F7060113
:10060000030D1106E7EE03ED12FCF007F6FA01FE0A
:10061000F11005FC171313010AF80BED1AFCFC0C82
:100620000107F307050902E6F902010B09F0EB04E3
:10063000FA0AFE07DEE4F402F5E9F5E2110EE90D2F
:10064000F0100C0B03ED03F9EBF4EEF00B0EF20AD5
:10065000F6FBFCF4080CF702FEF7EFF810F401FBD0
:10066000F605F7EAEEF3FDFC0CFAEEEFE2F70E0406
:10067000F3F51111EAEC02EAEF210FFD070B160763
:1006800008FC14FFFCE91FF30DFB09150B110F0704
:1006900000140201F1F607ED0D05FF0321FF130D14
:1006A000F7F8F4F3120E14FCE9140A06000418FC1F
:1006B000F207111320021B1500F5F414F3FD0FEEE1
:1006C000ED09FCFA29EB080B12FB051500000502E9
:1006D000F401EAFC0D00F8EC0005F2030F0E1BFA22
:1006E0000AFEF4FB0CEC0D08101101EFF1FB0D07F5
:1006F000EE06090802FE0A09080CF7F6E6F0F7070D
:10070000011A0CF8F3E7040D060CFE10EA0317E7D4
:10071000F2FB0701FD01130801160F1111FBF30293
:10072000020AFEFD34E9EFF1F9110CE918EFFDFEC4
:10073000EB13F7FA09EAF8EEE9EFECF001F11E0825
:10074000F6FAEFF80008FEF1F00CEEDF0CE8EEF040
:10075000FC0FF5FC0F081512ECFCE907ECFF14196F
:1007600012F5020304F3F003FBE60208EC040FF8B1
:100770000AE5EE0BF6FF0113E90C040B060817035C
:100780000C0AFD0505F51D120CE808061AFB02020D
:1007900002EBFBED0D0C0A0A09EA1002FE070EFF40
:1007A0000E0FF11111181C0510F207E906171706B4
:1007B000131AFB0F12FD03FE0D03F3F203E8ECF036
:1007C000F6EE0FF0F9EA021E030710E53319FCFA02
:1007D000E7EB15EF0AF61C20E91603FE14F81119D1
:1007E000E9F2020110180F101305F9020023FDFDB4
:1007F000FEF5FAEDDAE60306EEF8FC0D0AFB08F169
:10080000EB0DFB1507030C00FB010E0BF9FEEFEBE4
:10081000F10E12FCD60C1505F30A04FC0DE4FF11D1
:10082000E90706EE1602F6F110060EF010EF19F7C2
:10083000110715F10C01EC08FE04021804EBFE1E72
:1008400002F911F502110DF8F6FDF8EBE3001402C0
:10085000FC0EFDEB0EF80BFFFF011015DC1307F883
:10086000F8E3FF01F8050A240D050EF3FF02F1E796
:10087000EAF90BF71204DB06F0EC14F400F8F1FED1
:10088000FEE9F9EF09071211EFFFF601EF030CF58E
:10089000ED0008F50D070BEBEA0505FB18EDF50972
:1008A00009E50609EBF9FE1805E80BECF912ECF086
:1008B000F50EFEFAFB081410F004EB081A06EEF42D
:1008C000000F06FF34FF15F2EFFEE8EEF5F9061B08
:1008D000F91207181D0E26F80A110CF110F31CE589
:1008E0000507F20CF4F40AF2081302050CEE040BEF
:1008F000EBF3011701E504FAFFEE040007EC100921
:10090000EFFF17F8F4FC19FA0110EC08EA1619F5D4
:100910000213FEEDF3ECF60111100613E80E23FEB0
:10092000F400080F01EBF8F4ED080E0CF9F2000FDB
:1009300006EDF611F601FFF3EBFC01F4FA06E8F31D
:1009400011F9FBEE05EA08E9EF0BFBEBF90A04FFEE
:1009500008FFFB0713ED170F10E303F6E70F1B0B60
:10096000FE0211E80BF3FE0F011006E51CFFDBF29F
:1009700008EC0A08D7210C0CF60E0F0201FF16F83E
:1009800001EDF1F014E9FEFC1005F50DFDEE03EEAE
:10099000F708EE02E0112EFBF9EAF509E8FBFBEEA1
:1009A000F4000F14E8FC0FFE12EF05EEF5FEEAFF6F
:1009B000F3FE03F5EDE20A0D080CEFF61CF019FB4F
:1009C000FAF905F9F40703F104D7EE1FD50611066D
:1009D000F91BF0FA080408F5EDF903181CF117FFEC
:1009E0001703F418110011071412EE0207EE010F9D
:1009F0000EE7EBDBE1FACF02F1F718FEF6E903F5BB
:100A0000F013F2290A0B1BEB05E80013070C08EBA7
:100A1000F9E307F8150801EE000907FCE805050CE5
:100A20000B06FC00E90704E8F6F1EC0906F1EF0714
:100A3000ECDDFBF3FA0505FD0DFB040607F6F00FF0
:100A4000ECEF0FF717EB16F5F60F1307260BE9FA85
:100A5000EAE901F622FCFBF5EFF3EDF7200B0EECD3
:100A60000D0EEB010D011DDC0FF3EBFBF005280C67
:100A7000FF0EFE141B11F316F5F9F8FDFCF10BEE59
:100A80000D0100FC0C09E708050603FE15F1FA212B
:100A9000FF060C1006130506120D020C2803141095
:100AA000071005FB07F923EBFC08F2EEF8022AF326
:100AB000ED13FAF1F6F517FB0B0B0EF50204050921
:100AC00010EDE9FB19FC24DD11EF09F014EEF20240
:100AD000F10004F50E0D0F07FBF60912FD0CFFF4F3
:100AE000060313F11AF301EEFE08F109FC1008FFEA
:100AF0000E0406FD050705E0EC060E0DF7EFF01AF3
:100B00000602140A01EEEF13080002FFEF0B1EEFBE
:100B1000ECF90CFCFEF7130C060AE91200FD0EECD2
:100B2000FA15F60715C708EEEE10F60106F805EE01
:100B3000F60C0DF80707EBE805F8EAFFECFD06F602
:100B4000F0EDF405F5F80D0C01F70707F9F5F2FEE5
:100B500005FCEEFB0B19F8E5ECF4F312F201EE05DF
:100B6000FA0A05F510DFEE06F10AFAEFEEE6FF00ED
:100B70000DFAF9F0F12808080007F007300708EF30
:100B8000F1F4F7FA0B0EFB03F7FC07F80DF9F6008A
:100B900001FA010A03011A0602E912FBEE10080F1E
:100BA000EB06F8F61410FEF30F0C06F9EB16FF0C2B
:100BB000F10C08070FF5F9DB03F40D10E719E7F264
:100BC000FAEF090D011FFCF8F1ECF4120FEF120916
:100BD000EC0BEC0E0D03F7F603F9F0E915F609EF4F
:100BE000F601EBFF180D10E90CF2F3ECEFF7F2F160
:100BF00010F502EC15EE15F913F5EF00F9FF0DF6FF
:100C000003EF00FA1D11ED060FFF0C07F81BF8F4B7
:100C100002FBFD0313F531F6F6F81201F70315F6A2
:100C200002ECEEF9F104020EED0D09EEFEF401FD09
:100C300012F209EC01F30207FEF112EA1BFDF316B2
:100C40000DF4FCEFFA0BEE0F110211FBE6061DE4AA
:100C500001100B0E0DFD28FAF7EE0203F0130DF252
:100C6000040606EEEB0BFEE9F0EAF200D6351BF4C3
:100C70001007EEF0EDF2F2F0F803F3FEE223110EAE
:100C8000F3FA070F0F1BFA16F3F0FE0B0A040B0121
:100C900001FDF9001407FE0401F0FD04EC09F81A47
:100CA00008FBFEF20B0DFF0B06FA1103E516051308
:100CB00007F31408F20D0D0B0EEEECEBE8300F0A03
:100CC0000D04F5F3141B1300FDFF0EFF0501E615DF
:100CD0000EFC07082E22142210FFF01304140CF24D
:100CE000F9F51206F61C0A14EAF3FAF6120E05F9E3
:100CF000EA030A06130D2AE9F80E0C02D72AF409B2
:100D00000AFCEB02F80A0903EC050CF30D1611ECD2
:100D1000080A0812130AE7F80EFB0213111707F26C
:100D2000061008EA0FFCF1140EEE12EA21FF04FE91
:100D30000D0F08091406FF240D1214EA13DA0FED43
:100D40000B00F70113FCE61F12F0F603F91C2EB698
:100D50000FF7F103FC0220F0F1EA0309EF020C089F
:100D60000702ECF707F3EAFA0C0CF0FC0FF11FF2A4
:100D7000F2001108FA0F0DF6F3FCF3F30216DE0091
:100D8000F5F30807FB2112DBEF00FE0E020CE5FB7A
:100D9000FEF70CF4090FF70411ECE90A01EEFD115E
:100DA000F808FF1301E8F70B01F500100408E91338
:100DB000F210000F0FF21C15F0F401FCF105EB111D
:100DC000E9F206F619071DE2070104EB202B12F5E4
:100DD0000FF9FD121E0700FE08FCF40A19F2F307D2
:100DE000F1040FEFF0F2E70A11F3EE0F2403F4FF22
:100DF000F1FCEE0FF301100600EDEFEDF8F207ED58
:100E000008FCF1F50A05F11CEEFA10EFFD02E40E04
:100E1000F8ECFCFBF90E29FEFCF7F9FA05031510B6
:100E2000FAF9ECEF071BF70305F709F90DF002F8E3
:100E3000EEFDF512090D0A1CF4FCFDF0FCFE160F88
:100E400005F6F9FD16FC0EE8EBF80B01F21B150791
:100E5000EC040F0411FB0DF4EF0AF112100BF50076
:100E6000F10510FE0EFDFBFB05FEEE10FF0000116C
:100E700009FB0006F4FF05FF020CEB100EF5F8F07D
:100E8000E9F1F6F51705F800FDFFF60CF51DEF0585
:100E90000D050DF10E100518F21010EB16F60C08EA
:100EA0001012F7EDF715FB03F5070BFEF0E00A0E45
:100EB000EEEAFC000BF503030103F3EAEDF8FCFD99
:100EC000FC1100EDFB1117D4FBEA0A0B0112070815
:100ED0000402EC1313F0DF090AF9040BFEF4E8F046
:100EE0000504F6F60B2F09EDF8EAF1FB020FE8FC1A
:100EF0000C07FCFEF317E4E501F0F002FDF203023B
:100F0000FE0DF4F1EBFF0FDAF40800F72CEF01F51A
:100F100007F8F2F2EAE9FDE6E9F2EEF013F81AF763
:100F2000F0FA03F1EB12F316F7FFED02F6F501DE2E
:100F300009EBF60027E63CF10E01070FFA0BF2F37E
:100F4000F301ED03F2F8FC0DEC0D06EA09F4F703EA
:100F500004FEF2FEDDE300F607F5EFED19F21610E0
:100F60000DF00AFF0A17FCE6F0EBEFFCFDFBEFDCEF
:100F70000310F6FBFB15080410FDEDFD040EFB2924
:100F8000F110F7ECFC0DDCFAF4F8F4EC1C040C079F
:100F9000F40DFBF712EFE41E0BF2030D16EC21F338
:100FA00000F7FF091906F812FFFC11131D08FFFCDA
:100FB0000D11F309030DFFFFF60A111216050BFFC1
:100FC0000501FAFA00080808F3FF0605F503090D04
:100FD0000B09FEFFE516F40EEC09F50CFB01F02DF4
:100FE0001201FE02FA19F7FBFD0B10030700F500D2
:100FF0001006FDF6ECF42BD7FF0D0804280B2BF39D
:101000000C0806F5050A011CFEFF0409010311FB8B
:101010000D03EDF40010F8F8FB09EF0815150F0D9E
:10102000ED07FA001AFB1F0DF3F4101022DA1B086B
:10103000FB09ECF0F4030013FE08FE01F8F9100DB3
:101040000211F9F100D5F70E0907FAFFF6EFF3E602
:10105000FFE9F503EDEDF80501FC0A08DFFA1413CA
:10106000FC0EEF0222E3DB0BF11211F3FBEBEAE7DC
:1010700012EEEA062BFEFFEFEE0A0802110C010148
:10108000F5010F01011A041C0B0A010EF20D18F3F1
:10109000F107F6F6FAFBFF1AF8F2FCFFFC0AED0185
:1010A0000AF4F30927E7EDEF00F6FA11FFF515DA78
:1010B000F109E80B0201FF0E04EA06001116171DE4
:1010C0000EFEF0120511EE060DFDEEECDDDDF51362
:1010D00006090FFDF3F7ED02E907F909F4FCEBED62
:1010E0000FEDF6F90CD5EBF506FBEE0D1AF6EBF865
:1010F00011F60EF8050EEC17F801F1010307EE08E2
:10110000F4070AEEF20A0906EE001012F608FAFFDA
:101110000FFC0AF3EEFDF51EEEEE030EE7F9F816EE
:10112000020E0C05D7EC141BECF3E9EDEAF2D8063D
:101130000AF703EFEDF3EC040D0907F115010705BC
:1011400001F611F71B03F417F4F6EFF8E807FA02BB
:10115000ED0709ED0609EF05FC13EF050806030D81
:10116000010DF1E9F10DF500FB01FF11E603F3F2CA
:10117000EEF902FA14EBFAE9F5F614F808F6F4EDD4
:10118000EE100FF604F1F609F5F00AFA0115FFE684
:101190000608F0EEDF080E030F0EEE0DE1EF02F988
:1011A00002ECF807150B24EBEBF9EAF3D615F4F88B
:1011B0000800EA05E8FE08FD07FBF1120CFA09F544
:1011C000F30011F10B0BD902120BF40BFE0C120100
:1011D000EB09F2FF07F1D91AFAFF01ED1EF30DF04A
:1011E000EB06F5F3F9F3120EE8EAEC0FFB0EF2EC66
:1011F000F4EE05FE1DF5EE1405EDE909EFF7E7E065
:10120000EEEC01F5DDEE040402F3F408FB03000B41
:10121000EDEB10F9EFFDDDF400FC05F20409EFFB46
:10122000F7F30CF0240514110303EDEF0CEFEEF8C7
:101230000CEEF5F3E7F1EDE8F2F5F807F209FCFE44
:10124000F2FF06F2F50E21E5EFF3060205EEFF0DC3
:101250000B070BF4EC12EE020CF9F2F0F70DFE198D
:1012600010F200F001E0ED0FEF0D0DE9030DE706C0
:101270001205EE0DE806EE12F6F3FDFA04E223E89D
:1012800005F902090AF514EBECF2F007EAFB07098D
:101290000C041105E9D413F71309EAF103CD1F017A
:1012A000130F130B0E05FCF61001ED13210307FCC1
:1012B000FD0AEBEF2EC0F4DE0E01F2FE14F70EE491
:1012C00011F4F4FB0AE5100104FCFEEDFAE61DF64C
:1012D000EFF7FEF60D111EFAEFF805EEEAF02DE13C
:1012E000070704F60DF21205FC0605F00AEF330CB1
:1012F00005FCFD0C01030CF8F512F4011BF2F7F3E9
:10130000F6E9EBF70EEF22E51503EDF7FF020EF21B
:10131000F6FB14EFE9EE0AFF11FAED081DE8DA0812
:101320000B0EF60906EB15EAF90C13F8EFF40BECCB
:101330000EF714F12C09F9F0F3E9EB05F00EF4F2D5
:1013400004F4FAFE05FC1AF51311EC0629EBED0383
:101350001105011306EFEA0C0DEC0B00EE05F1EBA5
:10136000EB0700EF1CED070008E813EEF6F6EDF2D0
:10137000FD11001504E50719F51107ECFEF3F6E67B
:10138000EB0BFCEF0F21E30909EAF8FA13070CFD58
:10139000EF0F02F601FEEB0B11F0EDF7F403FAF696
:1013A00006EE0B0207E607EB010213ECEA03F9EE87
:1013B000E9F5140D0AE90504FAF3ECED0EDF201A45
:1013C000E813E9100900F1EF0908EE00FDFEF2054F
:1013D0000B06FF09ED1719ED0809F9F81E23F4F0C3
:1013E000F9FFF00CFB06D9EFEFEFF2FF050418F858
:1013F0000FEBEDF100E8F5FEF5EEF4F7001108044F
:10140000F3FCF312EA05FDEC0002F30509F8DF0A2C
:10141000F80B0D010701111BF4EBE9F0F4FB080ECA
:10142000EC02F8EAF2F2E90FF1030601E9F7E4143D
:1014300004EE08F3F904F7EE0407EEFC070408FFD6
:101440000AF012F106E2F7060BFB100D0AFFFF127D
:10145000010E07F9F4FD091407F3FDF7F3E6F70DA4
:1014600000FBEEEAEE11050D04EC01F00718EEF2B8
:10147000EAED05FA0C14150B0612FBFBE4EC09E986
:1014800002E9EEF6F412121007FCFF13090B181113
:10149000F7FA0F021D0507EA05F8EB1201E514FB48
:1014A00008F9020FE8FEF9F70DEBF90BFC0703EC66
:1014B000F21304FFE9E91602F908F20F0F171218E8
:1014C000F60615FFF81919EB0EF510F10919E503E9
:1014D000FD08EFECF8E60AEF11FE040EF201FB0D39
:1014E0000DFBEF12F920FCE601FD14F1F50A13F0F3
:1014F00008F3E9EF0A07FFFF060B0C000C0800E0F9
:1015000005F105EEDFFEFD050EF0EF10FDF4121AF9
:10151000F1FEEDEAEA06FFFB03FEEFFE1702F3031E
:101520001103FEEAF1FEFE18030B120AFFFBE00FA7
:10153000F414EBF500E308F105EE040F0617080CB0
:101540000F09ECFBF4F603F6EFFEFD091105090C9B
:1015500004FC0FFB22FEFBE407F20B09D81712066E
:101560000A05F9FA04EAFA061500F0F211F9030285
:101570000A010DFDD71C0D04FE11ECFDE918030353
:101580000A13F10DEC1812FE00FDF7030305FFED41
:10159000F2060B0005F1EBE91200F6FC0FF0F8EE95
:1015A000F8EFFFECF20803F50606F4FEF30E0B1459
:1015B000FDF8ED0FED191317EBEC07ED11F60DFD2E
:1015C0000A0FEFF713E813FEF70200FCE713EE0F24
:1015D00011EDEEEFE6F5F9ECF408FCF4F9010EEB91
:1015E000FAFA150902070AFF06FE080CDF1D00F9CA
:1015F000F30005FAED0C10FEF40EFE120CFAFDF0ED
:10160000F8FB11FBF9F60FF0F8EF0EF305FE14FEF0
:1016100010F90A040D0308F5EA080412FF0DF90F8A
:101620000BF0F800F719F8F70A11FE0EE60DF812A4
:101630000E0FEFF3E7FA0D13F31C17F50907FA186D
:10164000F8EFFEEE06FCF0FCFFFCD60711FF100BD6
:101650000FDD19F314FA130D0401FD0AEA00FC066C
:10166000F2F009F7FD03EE0E0721FEE9E50CF70E97
:10167000EE0BF3EF08F5F9F2FF0DF10CF3EFF2F7D3
:101680000AF80BFFEA06EA18F3030CE5FDFBFD057B
:101690000DE91EEFEB06F41607D504F808FA0F0063
:1016A000FDF20DE8FB11FD00D90AFDE6FF0EFBF08F
:1016B0001214F0F9F0F0E713F9021409FB0E11050A
:1016C000F6FCFEF9FDF1F8F3DF120903ED060E0E4C
:1016D000EA0812FCEC0AF7020BF8E6F01004FAF143
:1016E0000DEF09E9F6EFE7F402FFF1F407F80DFA60
:1016F000FDF6FCF2FA0BF1DFF5DDF60BEAFFF20284
:10170000EE04F606F90E0611F502FFF5ED12031DC3
:101710000A0AFDFEEBFD090207EA07120DEBE909D3
:101720000FF207F70EDAFDD6EC0211E4F3F6E6F954
:1017300002FB020BEB170C02E316FE08ECFAE601C3
:10174000F00F1006F20D0BFAF3F71A05F1050A0671
:10175000FBFC05EEF1FB0FEA07ECFE18F507EAEFDC
:10176000F20FEEEC0AF8F309E5FFE7F3EC0FEBEE0E
:1017700013EFE6F7F71805162A0EF904EBD7FC0E5F
:10178000F314F6E50619EF0AFBFB022507F40EE851
:10179000FEF809FA0100F701ECFAFDFC0B07121B39
:1017A00009F507060E16F406B21709EF0107EB114B
:1017B0000502F807F4FD12050007E410F713FEE632
:1017C000E70EF102E9F3FBEA0DFB120411F0080F3A
:1017D000071102080DF900FD04170308F1FA02F5DC
:1017E000090F0116040EF7FF062104EFF6FEFF04B1
:1017F000150315030F03FC05F2F2F9FD0A0FEC06C1
:101800002AF1FA06F5F9F2F90B11F90F0E040B1291
:10181000F0FE1BEFEDF2F1EFFA0712F5FAF9F00422
:1018200000090E130104F40A07F0FB01091409F280
:10183000F005ECEFFBF309FB30F709F6F9D00F10D8
:101840000306DF11EA0709F1EF05ED09FCF108F2E3
:10185000ECF92008F7EE04DE03F0F5F8FD0BFE07C7
:10186000E80E01FA081CFCF0D10FF3F9FC370F0168
:10187000F0F11305F3050C10E90DEE26F5000F004D
:10188000F9FB05E2FD05EF1F09FDF71AF8F9F11064
:1018900002E604FEF20CF1F7EF280C02EF1213122D
:1018A000F30523FFF4E8F7F20CFA05FA10010EFA3B
:1018B000040D01FBF11EEBEDE418F80AFA3510F601
:1018C0001AE0F8EB0418FA04F812080703110B09E0
:1018D00022E6FCF6020BFD1A0E06FBF91000FC20B6
:1018E000FF01F6EB0908091CFB0CF9F10107F508EB
:1018F0001B0E130810EEF9F1FDFDF9E8F214F809DA
:10190000F503FD22EBF509F214F823F613FCF711A9
:101910001DF10807EE0B0DF509E90809ED1306ECBA
:10192000F20C05F30CFA0A081309ED0A080908106D
:1019300002FE03F305F80108FCD2152102050EE6AC
:10194000E60E0B0BFCFF061004FAED0EF6F902C3CF
:101950000A04040705F6F4F4EE11080B00FB0CFD75
:1019600002CBD211EC14F80915081AE3160AF70590
:10197000FD2103FD09F30CE20302010B0DFAE9FE60
:1019800006F50D02EFF202DDFAFE071AF00EFF1265
:10199000F50AF60EFCE50E0C19EFF1100CE4F3FC61
:1019A000EEF604F7EE0404040CF2C81301EA0B018E
:1019B000FA03F6EE08FCFF00E1FFF600E8F8E8F8AD
:1019C00014E5F40AFE1A050700EDFDEDEC1BF30625
:1019D00030CE0F0000F201F518F7F2FCE9E903EB55
:1019E000FF1C0D1DF4E202EC1A070501EF0AEC10D2
:1019F000FF1B0C0DF0040CF400F2FF0FEEF3FEF4ED
:101A00000EDEF605F3250C1BF506F9F9F3F9ED02E8
:101A1000041508E0090703E609E601EBEE0FF9F902
:101A2000DD0102E0F128EBFBF0061BF2FBFCFF00FE
:101A3000EDE616FEFA070010F3E2050DE818ED06D4
:101A400012DE07F00FF7F1E721FCF309F20C060EA6
:101A500007F006EBF413FA13030FFF0B05EDF2F397
:101A6000F5EC08CB14030E090FF1EA100FFEF2009B
:101A7000F4121F080A080703DB1E08F2E4D208F07C
:101A8000FCECEF0D010FEA0611040102FDFCF1F47C
:101A90003FE5FA0C000C00111CE4FD07EEF30CF41A
:101AA000F3EFEAFBF116F31B2BE9050CFDF7FB0343
:101AB0000A0C0CF10E0B02F8FBF903FAEF0BFB100A
:101AC00001F80BFFFD0B04E9D808FDFAE8FEFA0A5D
:101AD00006ECEA28FF02F8CFF625071C0CFDFAEE0B
:101AE000E3FDE7F70421E70900FDFF11F801FC1809
:101AF0000012EB13F3EE04E6F8FE0A0710E3FFE82A
:101B000004F8F00D01FCF0D01EF0F1F0F40AEBFB4C
:101B1000EB05FB09ECD3FED6EF09F108E91101E46E
:101B2000EEE8F2120EFAEE04F0F70BFCFEF10CFDFB
:101B300002072D01F8FCF1F6F403FF0CFC100BFC7E
:101B400009F5F20A0CFFE81A0011F9F3100BF80579
:101B5000EAFF0224E9D409DF1506F3FE14FD0D1394
:101B6000FDF4FCFAF525EDEE19F700F80B0FFDDAA0
:101B7000FD1CFB070202EAEA12E51300F2FF06155C
:101B80002FF40217040708FA0800EE11EBF0EFF447
:101B90001C0DF20710E4F6113CF50EEDEB160019E2
:101BA000FBEA1110ECF9FFF7FE09FE1BF200EDE96C
:101BB0002210FA18FB12F0EC06DDFC18FA11EA0705
:101BC000F118EB03EEFDF707FCF217EA01FBF5371E
:101BD00013F70CF1FD250412F7FC03F713EF0920AE
:101BE00009051EFCFA0C05E424F50F01F7EF0021AE
:101BF000EF061BF1EFF40EFBFFED27FBEF0E0400E9
:101C000013151CF1041BFF06F408160CEAE606ED9A
:101C1000E6F7F005EC1C0FE01C0523EBF90CEDE6F4
:101C200026F71EE0F0FBFC1804EEF6EB0CE7ED21C6
:101C3000EAFA23FF1018EE17FAF8FFD5EA09E50DC6
:101C400003D9000FF8F40E0100DB12F1FBFEF7FDE3
:101C5000F2070007F70C0210FF04130B0DE7FA0D53
:101C6000E2F9E116E7F2F8E90BF1DFDBF80BF91125
:101C7000FB02FEF6FB070AFD0C0F0614E9F4F3F075
:101C80000CFDFDF9FF01FBF205F02504EA1DED0254
:101C90001413120DEBF2090CE6EFEB0A0509000A2A
:101CA00013EDF611F0EE110601EBFC000813FFE254
:101CB00006EBD5E90D0AE91F0BFD2417100A0F04E6
:101CC000FC0709F5EAEB0AF8EA09090713FC111603
:101CD000EC03EC070DF0F105F1E2F40FF831FF022F
:101CE000F5E31801FCE4FF0802F3051E04010EE60B
:101CF0001C04FD1008FC0C020F17FEEFF1F9021690
:101D0000FFF90E0EF601F613F114020A0CE0F907C2
:101D10000410DFC6F1100628E911F6DDE9E9060F27
:101D2000FFEEF51204DB08FE06FAF8DAFBFE0911F5
:101D3000FCEDE000F60106DA0B0BDBF6FB01F90A1D
:101D4000E1E308EC0AFCFA05F80CFBE9F2FAEBFB1C
:101D50000DE2050002F6F50A08FE1613F8FCEFFE88
:101D60000111FDF8E9060F020801F0E9FEED02FDA0
:101D700002ECEA0811EBF3F604E3E5E70CFDEAFBFD
:101D800008F90BD90EEB062817F90807F2EBF20D4C
:101D9000ED0A0B12F915FF05DA17F7FAF2FB11EC51
:101DA0001A0A16E3F60BF809FD19E80304EFF30825
:101DB000F70FF9F81304EB0509101205EBFD05E721
:101DC000ED06F811EDF800EF18DD06190320000309
:101DD000FFFB031BF8FDF4040D071D0D0CF0FC0ABE
:101DE000090F130507CFEA12220E01E803F80105D7
:101DF000FFFFF9F1FD06F70BF803FA06ECEF00F62A
:101E000007010AE900EAFC13E3FE07FC0DFAEFFC08
:101E100001DAECFD021BF2F816F9E5050CFA03ED08
:101E2000F7FE06F0EBF90915040B0A0AFDE6EEFDD4
:101E3000F304FD0D09EEE4F00C0DE00EFD1511F6B6
:101E40000D151507FBEF00F205F611F3FD1DEE165B
:101E50000701E7FE00F4EBECF50F01FF000700FFC0
:101E6000F5FDFD06F9E104E9E8F4EBF50D070E0FC9
:101E7000EF040514F60C080E0F1F0E0B1400F7DD0F
:101E8000200BF2EBE4EE0DFB0B03FCEE0A030B0B55
:101E900000FB12E9F8FAEF0A11EA0714F7E7F6F384
:101EA000F50E1CEA08ED1107F303F5EEFB0AEBF95A
:101EB00006EA06FEF1DBEC05F9201A0FF3F0F0DA82
:101EC00006E12017F4F3F4DF1717201DF1FC06DEFE
:101ED00024FC1714FEF6F700010B24F2F6F40A03B3
:101EE000111AEB0AF9F4F5EAFD0D1AECFBF3F7020F
:101EF00022E500040E11FA17EF05E71CFBFF0C109A
:101F000004161102FC0212E50E13170D1412ECE177
:101F1000FA150212FAF6F1FD13E7EB1FF0E2FDF9F4
:101F2000F709EB1FEFEBF10611051DF505FAF2FBC2
:101F300016D50D13F0FEFBFE0D021711070C150947
:101F4000F2F3F8F5F30FF4131EECDEC7EFF8FC2BF9
:101F50000B0A1314EF090306E5D9EF07EE0EF4118F
:101F6000EC2AE5E308DAEDF1F5EB0CF5FE1B01EDEB
:101F7000DBE5EB13EC2309E1F9F6FFD9ED05F7FCFE
:101F800026FF17ECFBF9F1F70127FBEF17FDF80629
:101F9000EAF5EB1407F210FE2A05F301060313F12C
:101FA000F6E4F7F8071BF20FECEAFA01022209E067
:101FB0000AF00A1EFC17EDF2F30DF207FFFD02F91D
:101FC000EDEB0BF3F12113F70FFF0CF8F20B0B1EE7
:101FD00008FD12F40AE8FBFCFA14FA0009F8FEF115
:101FE000060603E011F410F0F2EAEFDA130B12FA2E
:101FF000EDF1EDE8101BF3150805E70AFB0611FAF1
:10200000EACBEEFBF010F601FAF4ECF0FCF7FF027D
:10201000FFF0F51CFB01FEF8F8DFF10908060BF7ED
:10202000000800FFFDF2FB0912F4F612FAFF081097
:1020300007F4E0EDECFF010010DB041DEE1704EDEA
:1020400008C7F61611040B16E2E5E8F40DEF0203DB
:10205000F50A0C0912FF020ADFDE0DF908ED020F86
:102060000DFC0A03F403FEF40ADF09FBF1F7FE0698
:1020700000DAF7D1F6FB11F20A14DAF9F1F51104DE
:1020800006E4071BFA18F018041010EB13F7EE190A
:10209000000AEEFAF01207F50CEFEDFC100813F74A
:1020A00003E1EA01F4FBF5FAFB240EC7EAF30EE9BB
:1020B000ECDB0EFE0B180B0EFFEF11EF00EEF1FD47
:1020C000F9F004DCED09F213F218FC10070710EB2D
:1020D000F6D1F2F50601FF080BE3F701FBF2110759
:1020E000FE0414EDF91D0B0A0B0A0214F6FAEFEDCB
:1020F000FC040507F1F7EE05F7E2E9DEFB2507FA38
:10210000D9010419071306E6030BF005F9F5FF1DC5
:10211000FF0B050B04F5F5FEE8DA08E91203F80AEF
:10212000110DE914FF100E18E9EDE016F60303F6A1
:102130000AE3EFE30BF306ED0A020ADAF425F402F0
:10214000F40B0715101106FC11D60FF00AF8EAEB94
:102150000AFE11DF0AE908100DF20BD50A1A02F087
:10216000F7110AF40609EDFC1AE0F2F6E7EE102A80
:10217000CF23FDEC0FFFF413FE04FFFFF210F6FF78
:10218000E1F601F6EAF0030C13D9061106F5EEFDAF
:102190000707FFEC0012F4E6DBFB1500130202F068
:1021A0000801F8F30412F4000A08EF1001F8040320
:1021B000E70618E50515FD1111E50BED0F1606EE06
:1021C000041F04F3FA1503F4E11517FBF30A0B04DB
:1021D000F60C0E0C0316040901E70F08000FFAF5C0
:1021E000F2FC11E10805F807F9F80DFCF20E0DFA02
:1021F000F413E418FFFE0201FD0C03F10F16032F88
:102200000010FBF00FE61312130AFAE2F316EF09BF
:102210000BDF01F313FBF417F91CF5EFF10A03EEE2
:10222000DC10F7FC1603FA130302F30B11EF0F2A6D
:10223000DA240EF3ECFFFF0212E2030BE30618F8B8
:102240001E01FE10090FF5FDFFF806E30A01EFE994
:10225000F5F8EDF3EE0B081DF91C07F7070704115D
:1022600012F829F91116F3100D030C020CF712F7EE
:10227000EDF4EF08040ADBFF03FD2718FA13FF153E
:10228000F7F6E4090B05EFE6170A14FF010313073D
:1022900002FCFF0B071106F40804FFF70E13EC0213
:1022A00016F617052113F9080FF829DBE200ED1ED9
:1022B000E8FEFADFEC05FE1BEF01091305F700E667
:1022C000FFF402F71913F60F06F503F1E608F6FD21
:1022D000F1F91D09FDF2FFFAF3060F0BFA00E3F521
:1022E000FC081F17F60A0FEA1C17F40521E9E3039F
:1022F0000C110416FE130B04EBDE11FAEC271F126F
:10230000F600FBF9EBF80DFBFDFBF9F70FF30A09FB
:102310000504020A08FAF20505FA0C0A250D02F96D
:1023200018E902020D1B12ECEA06F5F205FF09FEA0
:102330000C1718EF10F7FCEDF20C11F1E3F1191185
:10234000ED0F091D15F7120FFCE6141FF5F81A0220
:10235000FF0316FB04F3FFFA070015FBEA0C141544
:10236000E6F7EAE8FA00EA080800F60CDE19EAF9EE
:10237000FB16F2EFEFE1CB202427020519FC06FB48
:10238000E8040FEEEB060A040500DEF2EC0DE3F5BF
:1023900013FA0F23081B0FFCF0FF0CFDF30E0303D1
:1023A000F2FDEE14E30216ECF02AFBF006D7F8007B
:1023B0001DFA03F012FEF61402FFF11BDA16E4F91F
:1023C000F1E50B0FF1EBF805130DEFEFFEF40F1134
:1023D000040BE807060C1011E8000F22140C17FE7E
:1023E000F608ECF7F2050DF004FEFF02F40CEE1314
:1023F000EF1B0F17130104F0DA0CF5F8F9ED02F7F3
:10240000F50601FDE415F3FDFF0CF5130217F317B4
:10241000073329150AF309F804FE0F0902EC21F627
:10242000EB10E9EE00F6F810F3F60114F2F701F7FD
:10243000F015E6F204F4E4120E0FE3EDED18FC0AD9
:1024400006EDF4FDEB060EF1F805F7FA110B0603A5
:10245000F8F50F34F512FBF7EFE1E8F9ED19E7FBBA
:10246000F5EDE1EFDD1507ECFCF6E9F7D1F20E0929
:10247000E50EF2FE16050401F2F92022F9DBD7047D
:10248000E2FBEEE213F9FC220DEF11FFF2130C0F49
:10249000F315FFF71F1210FED60610E402E3EBF966
:1024A0000FD707EF1BFB13090BF1051905EFF41606
:1024B000E9070302E7E30A0BE010EB01E7F709FB8A
:1024C000E3E20211F522FDF1E5080D090E0ADEDA5C
:1024D000F7E919041D07E52FEB1CF5F41A0DF90EA9
:1024E000E7F5EDF60301F502F9FE2EFDF9FBF41A0E
:1024F000FDFE04101B101D20161309EDD402FE2B47
:10250000FBFFFE18EEFF19F90C0B0A0F0A14210A43
:10251000142000E8FFF61AF9E2F0F617F8F00A1CAA
:102520000D1FE90BFF09F802112C0C131C0D000004
:10253000170FF6F4EF18DBF103DCFFF1EF0914FDE0
:1025400015F4FD060CF712E91BFD2DD607FFF50665
:10255000EB031AF70AF006090915FC16070B0A1215
:102560000CB90820F127EBED110AFAE91A06080068
:1025700022F91908FE01FBE51109E70D16F511F620
:102580000301F7F200FEF0FAF71719FBF5F601EF79
:10259000F210020B09F4F8E228E1E11ADAF4F6EAA3
:1025A00010FB07090D1D17F60203041205EEF0E7F4
:1025B00015F602FB11F0F10403FE0225F7E501FA1E
:1025C000F60AF9E51714F0F719F51A00EAEBF2012B
:1025D000E8DB0A19E102F90019F809F11701EC101A
:1025E000FDDDFB1EE303F5F90611F90EF7FF11EC13
:1025F000F704F818F3F8150D0D020EEF0A11E5FCBB
:10260000FEEEF9FE03020804F7030BE8010605F8E5
:102610000E1AF6D6050F08FE1D24FEF91E00FD0059
:10262000EFFEFC0003FC21F115E709FAEB07F105C9
:1026300001F30132E915E70F0C11F5F50AF7ED0387
:10264000F7E1F8030B00F51306070CE4F8F8D30ADA
:1026500000000FF708F40BFBFF15F000F8111EFB4C
:10266000FFE715EEF0FE0EF60C14FB14FFF6F9036F
:10267000F40B0FF9F807FAE6F5E0120AF0F1090594
:10268000F60FE6FB1612F80BF8FEEC05F0F5EDEE92
:10269000FD080FF61A0FF1021D0A01FFFEEEFDEE16
:1026A000FE13F7FEFAE9FA0F05D6E013F2EA0C0D75
:1026B000041109FD16F5FD0503F5FBF40D04D9FB26
:1026C0000A041D08EC1421F9EE0FEF02FF0403FBCE
:1026D0001910F7E2F914F4F208EF1501FD09F9FBFE
:1026E00006191C03FF061403E4FC0DFCF5F3DEFAE7
:1026F0000705F7F8ED0F1BE00309130424F1DF0CC5
:1027000001FA14E307F60BF71807F1E3020CEF15D3
:10271000090708F10BD70905FD0315EB0109FFDED9
:10272000F4F907F8EF16FA090EF5F1FBF9F607F2DE
:10273000EA090E24FC06F509FED905FDE30111F3B3
:10274000EE160E0A0B02ED11091AEF171001FDFE2D
:10275000FCEFF90408F2FDE4FAF1FC0DE80511F4D0
:10276000F01EF2F2E923EAF917010505EA181FD570
:10277000161308F2F6F50DEEF5F1EC060818EC2448
:10278000F90D19F40EF5021F07050F04F10EF302FF
:1027900025110A182102E5EDFA0A0DE20721FAFCDB
:1027A0000B25EF12360E08E1E30403FB0C08EF0DD6
:1027B000E7011D19F1FDF9FA01FD130F1E250310A4
:1027C000F6F10EDAFDEAE3F514ECF300FDDF08277D
:1027D000E2EEE911F310FB0D111605F60119E61EE4
:1027E000020AF9EF0A17FAEEEBF40CE9021FEB0FFD
:1027F0000D0A2AFEF30319D5F8141B070B1B1D0B3A
:102800000017E8FBEC08041BF922F10F0A06DD189B
:10281000F9091B13EE000FD8FFFF191EE7FC19FA88
:102820002104001129011E190CF900F40601F91008
:102830001405EBF7E00C17000F040403F3F20A0D84
:10284000EDF5EF21F0F2F50402E5FEE3EF22F0F101
:10285000E8F40917EC140CF2ECED0F1FF004120E63
:10286000200409F006F414170AFDFBD0050FEDFC57
:10287000EDFFF4E5F606ED0F122AFE05FDFC110052
:10288000110A22FBFC1200EBE20BFB070E140EFCFC
:10289000090FF30A0906190DF0F009FE0203F9E425
:1028A000EBFBFF0C021407F6FBF11A14FD051FF6F3
:1028B00005EFE1FA13FEFF081710FB0B07021610D5
:1028C000070DF214FC0AFBEB00E7FBE3EDEEFCF175
:1028D0000300FAEFEBDCEEE3FE06F8EE091EF5105E
:1028E000120B02111D0AFC170F11F8191907140B0E
:1028F000FF06F0220CF40FFAF50105F406041A099C
:1029000009E80021F3EEFA0FF50101E70CFDEAF604
:10291000F70F02EB0011130C06E6FCEFF4F20CF8D3
:1029200001E900190DF8090CFEE4E5EF03F5F904DF
:1029300010020C04FC0702F00E0DFCEEF200F40491
:1029400001EC1800F2FA1D0BE7F6FDFF07FB0DE6A0
:10295000FAF1031AF7EEFA0C09F8EE1AE9ED0DF8A0
:10296000F715E418100A07F7F9FAF805140420DC43
:1029700002F4FCF208DE00E80C0207FC02FC1E0672
:10298000EDFD08150BF7FC120A06F5E7FBFBF2005C
:102990000821FD1602EA1CFADCFF04FAEAE503F955
:1029A00003FBFFFAFFFFF7FF170AEC1AE5D6FFEF6C
:1029B000FDDB0A03F3DBF101F70E0306070207F460
:1029C000F5F6F70CFBFC03F4E00BE30F081EE2291D
:1029D000EDEEF3100AE8131FEBE203F605F3190519
:1029E0000403091329CA0413F80B08FCECFCF7FCD8
:1029F000FBEFFC16030B0407FA09FBF7F2FD06E3F5
:102A000017141B011D061310ECF90FF6F4E00DEE80
:102A10001FF4FFF2FB120DE4F40716EFE51810E8BF
:102A200010FAFAF40A090400F00E1BE30C07F8E9A7
:102A30000DE80EFD0609F1EAFEF904ED0EE50EEED5
:102A4000FCFF1CFE11050510E8E5110C07F4EA185F
:102A5000F51008D911F2FCFCF5FF0F0EFDEAFCF7AA
:102A6000DF1BF0EC10FE13E9FD0217F2040C15FC5D
:102A70000BFCF0ED05FC07F7FC0A22F6FAD7FBDEAB
:102A800016F91506FCF5E2EDF015F0F70800040460
:102A90000200DFF6F808FE1400F11E0FEEDDFCDE8A
:102AA000FF091103F7000D2804F8F7F80012DFF012
:102AB0000FFA06ED05C8E9EA1C10FA0302ECE6DE9F
:102AC000E4EEFCF2F3FAF5EEEDE61EFDFDED10FE90
:102AD00003FE0B1018060D0F101321FFF7110D0A3E
:102AE0000012FE00FD0105E802EDFE250FE01F1BB0
:102AF000F7F603180F1BDCFB0F0EFB0B03F00710A0
:102B000006F705F6FBF00CFA0909FCFDEC0C12F6D1
:102B1000F70010F619DE0FEBF2F21504E9D2F5F129
:102B2000E7EF1B1EE1DB1A04F7020619FDFCF1FEBC
:102B3000FC19F81A01060FF8100BDAEC0BFCED1378
:102B400007F400080CF70DF61C0DF6E21A1A00FF48
:102B5000E7FEED05F4FFE6FCF6E30702F504EFFA05
:102B6000FF09FEEEFAE8F8FDF903EAF0FB171AFC9C
:102B700007E7FDFDECFEFC06FF0FDD011309131452
:102B8000F808D5FA1208F00B0B26E4F91D20E9F637
:102B900001F40606F81811F2FD1104ED20FDEA1A01
:102BA000ED00F105FEF51709DFDB0802E910ECE3A3
:102BB000F7F70426F80D0C0305FEF41B07EFF1EB05
:102BC000170DE90107140123F9FFF103FD0909FFBE
:102BD000EA0E0114FEFB032AE62FE4071220EBFAAB
:102BE00006E82AF9F1E2F9F0F4F41D0DF00C1FFAF1
:102BF00020040BF2E7EF0DEEF50CDDF30D1807F6F0
:102C00000FFC1508EC14FAF30613110311DF131D62
:102C10000C0CFA07FBF4E4EBF5E8EDFD06F6FCF12D
:102C2000EB04ECFAFBF61207F9F9F30C0E00EDFCDD
:102C3000F615220517F903E3FFEDF40EF8F70D1270
:102C400005EDE00301EA03000106E2ED1CD70A0BE3
:102C500009EEF410E10205FB2911F0EC21E3070F66
:102C6000E7F8FCF809FCF507FE0EF5EDF5F90AF6B4
:102C7000F1E80004F3E113EE01081BE5FF0A0BD4B1
:102C80000CFAE1FBFB01FE02E805FD0209FCF50B75
:102C9000E313FF0A000A13FCFAFDF41D0C16090CDD
:102CA000EFDFF6F80FEF01D8F50401FA0118E5ECB3
:102CB0000AF2DF11EBE9F01DEEFEDB0306FAFB1171
:102CC0000A140EF4F916EDF408F90704FD09F0DB17
:102CD000FAF207F5F81205E0F1F00A04FCE5020E3D
:102CE0000A09F4FEFA0DFC06FEF40C10F3080AA81B
:102CF000F3091C070301EE00070804000E0AF8FCA4
:102D0000F60E04FBEE020ADD27F1E10603DAED1907
:102D100002F30313F7E2EFF809E417F9EE1EEC0BE8
:102D2000EC03FB0611EEF0F607F0FD0A05E6DCF316
:102D3000FCEC02D8F000020202170EFC19FCEEF8BF
:102D4000E10F0216FD0F07EBEFFAE7EFFB0402F7C6
:102D5000130DF8E11720FFF613FD07EDE1EC08FB7A
:102D6000150311FB032600F8FA0BE5FCE2FBF00665
:102D70001004090904F81213F20207F00E15120BE1
:102D80000FF3EB0BF8F8F804FB03F91417FBECF363
:102D900010EB00ECE91305E40D06030B04FD08FB42
:102DA000EC1702DC100AF6E700F1E4FAE7FDFBE2BB
:102DB00013EFFFFD02F2FD17ECEFFEFB0204FDFC3A
:102DC000FEF502D8EFF0E4FB021F0C08EEFBEDED80
:102DD00008E6E8EDF4F1EDE5FE151902081AECDA63
:102DE000EE03F1EFF1EB03F0EAF0FBE6EC0BF3009E
:102DF000F8F101FAE9FC0E0A0BFEFE0FFF0BEDFCE9
:102E0000F3FFFFFFFBE708EF0408E4000017F3EB14
:102E1000EDDD08F60505F0F3FFE8FF0BE6F6EA093D
:102E20000C10F1F7ED00EAFEEAFD11FAE92407269D
:102E30001BFB0810DCEE00F3F80FE9F4E41BF8E6E6
:102E400001060802DD0BF4100FFAFE09EA0B0B3441
:102E500008F60FEA08FCE9151E06FEF7160AEE1141
:102E600006FD24FE08EB061B08F51FED04F10CFE21
:102E7000FD01E9E9F3EE12FA18EDF8E3F008FFF9C5
:102E8000E6F601FCE8FAEEE503FB03FEEEF8F0F6E9
:102E90000205EBF3F3E9E6E5120E0FF5EAF8FAEABC
:102EA000F4020F01F4FBE7F1010E3AEBEB11D90943
:102EB000DD0B191EE60B0027F9F311F102EC0B09EB
:102EC000130D1BFEFD0714FC18F10A04F913E61E8E
:102ED00001090EF5EB02FEE4071706F3F203F40115
:102EE00008F9F60105F1F511FD0AF2F0F6F403FF19
:102EF00008EB0BE4F3040FF30C0503E7FB1E1DECDA
:102F00000707EDFCFB08FEF1060B07FCF309050DB6
:102F100011E6171408091A05FF0AF6F21E0B06F847
:102F20002114FC0C0E20150D20020500182BE80FB3
:102F30001610F1F110F2090213F7F8080603FFED7D
:102F400008F204E21209F5FFFD1AF401EF181B0064
:102F5000F10708E70DF10E0C0412FBF9F80F01DD83
:102F60000F0310131606050F06070806F906F00EE4
:102F7000EDEFFF001AF6071E130F09FA000DF8FE19
:102F800013F1F5091614FE0A06F8EF07FC1D04F20A
:102F900009F7FDF50313F3F2E80CF305EF12FA015C
:102FA0001904F81405FE070DF705F1042903020AB8
:102FB00025062CF5FDE4FF08DC00F80504E2081402
:102FC000060705090C0E0D06FCDDF704E7F1080401
:102FD00008F30CED160BFEF212FE16F9F0FCFBFCEA
:102FE000F6151FFAF101111BE9F60008F20F08F7B8
:102FF00021EB150504F90704FCF4150FFE060F0C70
:1030000008E7FE08020FF60CFD060D0AF8FDF8F5BC
:103010001CFF06F604F8EE0AF2ED2CEF07FD06FDA4
:10302000E5F3FE0F1703F1FB19E5F706121FF2FA9D
:1030300005EAF30505F51B00FAF41FF80D1015E875
:10304000F4EAF60805150CF0F3FBFC0320FDFD2067
:10305000150308F806FBF31004ED14EF01F81AFF4E
:10306000FEF0FAFDF4FE0D12DC0E0107F4E00AFC9E
:10307000F1EB11E70509040FF3F4EDE31FCA0D0EA0
:103080000FF80FFE1BDF06F21F09F00916F5FF0B04
:1030900008FBECDDFD05EAEDD9F7170808FEE2FFB5
:1030A00022042105F7F30FFDEC140D00FDFBE9E60A
:1030B000F1EB0B14F4D9DFECFBEC05ED1DDEF1EDCB
:1030C00006EF1E01EAEDE500060AF0E9FCE90DF65F
:1030D00024F52E07FFEBFB0C0EFB10100FF708E694
:1030E000EA1A0808F802FA02FB08F707FDF1F000F7
:1030F00008EB1505F8F3E305E2F800FC0BD4090D25
:10310000FFE60909FBF5FAD0F5F517EC09FAFB0A19
:103110001DEDEE0C070A01FEECF707FCF0FFFCEBDF
:10312000FBFA0BEFE8040EE7F8F1F6E604F2E30A27
:10313000F5F106E1F8FB10E82B0B2100F615F2F390
:10314000FDFBE3E207F902E1EEFE0CFC07F10629C4
:10315000ED0B1BF6E807E2FDE7E9F1FBE1EF08FC08
:1031600037F5FF020C3D05E7F91612F608FE0534A7
:10317000E300F9E1E80AF210E6E1F8E2E7DDFCF944
:10318000F4F81BFC03F10EFD1304E8E0EB0202FB74
:10319000EBE5FDFAFFFF08FFFCEEF1F3F51DF8EF9C
:1031A000070F0AFFF212F8E0070FD70702060E0515
:1031B000FF1608F719E623FFE8FCE2EB0DDFF8EA5B
:1031C000FA091314F3E1020CF2F90E08F8D70DF91D
:1031D000FFE4F2FE0A0AF9FD27F5F9FCF0FC09F715
:1031E000FAF5F1F10528FBF40609E90403EDF2F91B
:1031F000CFE60508F7E300031F000A0ADD1D1119D9
:1032000001E812ECFCECF00007FCE61108F8F1F123
:1032100003F52109F305262212FAF5FC1EDA041142
:1032200016100FED2BFAF9D9FAFBFCFDEF091CF98A
:1032300014FAE50C01071EE20BF71BFA08FCF60F67
:10324000151C10F709FF1C07FAEDEA05EAF8041C43
:10325000141219061C0B011605E309F302EA14F611
:1032600004F10E00F3FE09E206F90AF3ECDE0404B1
:10327000F3F8FEF51300F1E509EFFE0419001B0158
:10328000F4FD0EF7F2010B18FFFFF109E0D6F7EDA0
:1032900015FEEEE5F4D90DED0514090206091E111F
:1032A000E2F4EE10F606F2FFF9030E1725111A02EA
:1032B0000BFDFFF6FEEF06140DFD04F5E7F6F7250E
:1032C00012FF1403DDF5EF00F8F7ECEDF10AEC095D
:1032D0001703EDFC080D3200F709E6FAE1FE02F0F3
:1032E0001AEBFAFD0AF4050800ED04E9F00713EB08
:1032F000FAF0090E0FEF2E0BEEE70FEEF1110DFDB8
:10330000E5F5D4F0FAE7101922FF0902F214FE11D4
:1033100001EEF1F225F5010206ECF5FD0EF60EFBCD
:10332000F908F706060DEAED0FFDFEFB0BFE021590
:103330001C041215F4151C0CEB07FF07060DFC000E
:10334000FF0900F70410EB05040B05F30BF3E50888
:103350000CF3EBF3FFFF04F614FA15E9EF1211FD7D
:1033600004FC1304E3F709EE10F0F8EA000221F977
:10337000F0FB01F10D05F50122E8F9EEF3F70B0280
:103380000CFCEF0EEFFEF8FE11FAE3FD0CF3050D59
:10339000E7FBE3ED0908F0E315EC0C02D508F6FDB8
:1033A0003CFCDE060C0808F20BF8E8F504F50B0906
:1033B000FDEBFEF814DCE6F937F013190607EEF41E
:1033C000E00AFB0E090B19111DEB29E3111607F595
:1033D00022EA0D070100F5FD11EDFFF10209F0EA07
:1033E0000DFF0AFCE805ECFC0A0F1EF2F2FE1806BF
:1033F000EFF414E9F7ECEE062BF2FF0612F5D8FC19
:10340000FCEDEF09F9FE0DDF0F15F8F2EFF61AF8F3
:103410001405FAF116181FFFF40BF8F5EE0FF70379
:1034200013FD1AED02F9CEE900FD22F0F3F50B14BD
:10343000F6EA1BF8FE0DECF0FFF1F8F3EE01EDFDFE
:103440001F0800F30807EBEE0E061D180E13FC16FE
:10345000F3F4FBE20EF2E800FDE8F7EEF807FD01F9
:10346000F608070F12FA15F815061AEFF3171309E5
:103470001602170E08ECF3F4ECE90F1AF6F50B1F21
:10348000E5E50BE706F9FCE50A050AE613FFF3029A
:103490000102E5F5F7E6F4F01CEDFBF6EB24FF0383
:1034A0001AE5F406FBFB14030BFF14F7F41C0C11D4
:1034B0000DF228F5E908F5F2F900ECDF0001FF064E
:1034C0000B04FE0401FFECFF0C021BF70414F1FBDC
:1034D000EAE4FE08EB0A07EE0AEBF4FBEFF3F60171
:1034E0001DFC0BE2FD00FAFA0CF4FB060711EBE6FB
:1034F000F4F2F6E311FD0AE7FEEBFA08F5FBF5EC52
:10350000F401E8EFF002FCE80E03081508F718F4E0
:10351000FBE825F315EBF8050BFFF6EE0E1107F3AC
:1035200006FFEF020B0214EFEB1419F1F212F6088A
:10353000FEE80223F70219F9FEF0FEE40609FB1B80
:1035400009FD01F617F9FDF5FDF4FE021AF3EB0291
:10355000FEF7EFECEE020800F4F9F6E600FB0309D3
:103560000CF112E303F9FDFCFF0208F5ECE618117B
:10357000FB03F9010609170305E8F906ED04FAE86B
:1035800013FA00050AF6D8E7F2090D0E10FE03EF54
:10359000DBFF0204EFF815EF0BF30A15F314FE142A
:1035A0000F0406F2070CEB07F0F5F5E8FC08091428
:1035B0000E0000E207150F0D01ED01F0F008F6EA2C
:1035C0000CEEF6EFFEF60AEE0C0C02ED100DF2ED2D
:1035D000E504E700F1110DEE00E9FD1D170BFC10ED
:1035E000F5F91EF60A10FAEC17EAFB0C030C12139D
:1035F0000F040FFCEC19FD09F10AFA0100DD0618B1
:1036000002FE15EEFEF5EEF3E5EEFBFB09190FF0F9
:1036100011F8EB00F5ECE5E11BE8EAF1FBF2F1044F
:1036200019EA1FF0120207EE0402E6EE1E06FEFA89
:10363000F8FEF5F4F2020BF5FA1102FEE40718E4C5
:1036400014E80EEAEBFAE908FCF419E1FDF5EF15D0
:10365000F0F1ED11EC05151503FBEE061E1305F256
:10366000FFE708FA0F0815FE19F503F2F510EEEA68
:10367000F50212F90C1305FD03FE0F041212FF19D7
:10368000080D24E609160AF6FEFAFFF41BECE8F929
:1036900010EF13EBFEF304FD0FEB09E4F71FFA063E
:1036A000EF0D0411E1FD11FE1C150408070B10EDD0
:1036B000F2ED040A1624FC1AFD07EFFCF10C270DAD
:1036C00033E4FDF11D270AF007FD01081A130F1C52
:1036D000000602F1FA1A0609F5FD11070A07E418B7
:1036E00008F9FBEFE8F8F71BE21BF7011616DA15ED
:1036F0001EFCEE0E1DFC1AF413E5F4E2EEFFF20CD4
:10370000FDEF1307ECF20B15EFF4FFFE02FA110EBA
:10371000E0F8FD11151307DFF2F0EC03FB0A03FBE1
:10372000FEE406FE13ED021312FD11EAFAFAF606A4
:10373000100504FBF01311F915F51DE9F1F305FC73
:10374000FCF805FAE5F9FAED24FF0FF6F704EA1A9A
:10375000FAF62100FCFDEA0A04080B0BEC0AFA0455
:10376000FFF31302080B170D18F308E7F4040BE737
:103770000A0FF6EC060501F20CF41F14F4071FFC07
:1037800003FA0903FEFAF902FBF807EC1CE7F71A43
:103790001706FE09F0ECF2FDEBFEF4EFFB12041548
:1037A000F309F9F907FD11FB15E70305181100F9F5
:1037B000FD011AFF090120EE13E9F8F3080A060CCF
:1037C000F80E00FAE803F6F906F90EE5F60E0C0617
:1037D00003EA08FE0F1005EFF6EE01E30600ECF534
:1037E00003EFEAFFFAF9D202F9F3FDF2F5FBF6FA7C
:1037F000001104F7FD13EF0AFCFC0DFF0BF40405A8
:103800001D15E909E426F3F5E41EFF000B01EE00A7
:1038100009F5F9F5F21B16EDF5080AEEF2F80800C5
:103820000CFDE8FBFA0EFD070DFAE0E4F7F2E7F80D
:103830000CFC01FFF60C00F914F31DE700F1251351
:103840001EE40BF4E7EC15E1011AFA08E7FE08099B
:10385000F60315F601120A10EB080E0D0A0DFE1202
:1038600012DEFBE5F5FA04FC0010F8FEF7F303F6B0
:103870000B09F7FB0706FEFBF3EEF2160F01030D33
:10388000F801FCF1F50D09FFFD070F080FF800F135
:1038900027FF06FC12FF0B0014F30D0D10EEFEFDCA
:1038A000170EEE0BEF02EE0FFEF5FCFF070BE9FD26
:1038B000F2FBF907DF0AF5FDF4090BF7FA0905FC3D
:1038C000F30DFD11EF08EC090EE0F8FE02EC011417
:1038D00019FEF404F2000AF0D70A13FDE507F5F427
:1038E000F40C0AF9FDF710FC10F0E6000D0DF8FFDE
:1038F000F8EA04EC19E7EAEE07F207F603DD08EB55
:10390000E909EAE7120AF8FF041D160701071CF48B
:10391000F4E81408FD0615EF18050014EFF2FAFD9F
:10392000FEE7FBED11F4E90DF9F30315F70FFE0BBC
:10393000F6040F16DEE2EEEA1FF0130F04F2E412B3
:10394000F3EF04E608090B0F0FF31005E8060F0864
:1039500026FE0A0412EBF3FDD4111AEDF506EDFD77
:1039600016FF1D0207F0080E21FFEE02F3140AF9FC
:10397000D11007F7E6E114EAFB0810020CDFFE188D
:10398000EB0F0DFFFFE2111108100407EEE2121D0C
:103990000D11DE0B1012FBFD050A0C0C1306EFE9EE
:1039A0001CF4E1EF0A0403F606F901E7F0E6F8F586
:1039B000E6EDF40802D8F6CF12E7F9EFFE0801F3BE
:1039C000F3F71DF5F609FEFE190CF5E8F9FE0705FB
:1039D0001B0B0BEDFB200E020401070006D3060BA8
:1039E000F3F7FC0A14F0F807DB0A02FBF9FEF51402
:1039F00010EB14EFE121E60607EB00F0F50AEFDC2F
:103A0000EB01F90C01F6080E01F5E701F7F6360BAC
:103A100003F5FE1016FFEE0EF8FDF504F5E50EF2C7
:103A20000409FB0704EDE8FBEFF61CFFF2E7FC11CD
:103A30000E0C0CF2F40C0FE708000000000360000D
:103A400000000000C83800205C3A0400583A040026
:103A5000643A040000030800070000001C001C007A
:103A60000100000000000000D83B0020803A040064
:103A70007C3A0400843A04000001080007000000BA
:103A80000A000000000000005465726D696E616CF0
:103A900000525454005345474745520073645F62D7
:103AA0006C655F6761705F646174615F6C656E67B0
:103AB00074685F7570646174652829202872657167
:103AC0007565737429206F6E20636F6E6E65637405
:103AD000696F6E20307825782072657475726E6516
:103AE000642025732E0054686520726571756573B6
:103AF0007465642054582F5258207061636B65744C
:103B0000206C656E67746820697320746F6F206C19
:103B10006F6E672062792025752F2575206F63747D
:103B20006574732E005468652072657175657374D1
:103B3000656420636F6D62696E6174696F6E206F7A
:103B40006620545820616E64205258207061636B67
:103B50006574206C656E6774687320697320746F78
:103B60006F206C6F6E67206279202575206D696308
:103B7000726F7365636F6E64732E0073645F626C43
:103B8000655F67617474735F65786368616E6765AC
:103B90005F6D74755F7265706C7928292072657429
:103BA00075726E65642025732E0073645F626C65A8
:103BB0005F67617474635F65786368616E67655F92
:103BC0006D74755F726571756573742829207265EF
:103BD0007475726E65642025732E006E72665F6266
:103BE0006C655F6761747400626C655F6E7573000D
:103BF0006E72665F736468000CD802001CD8020005
:103C0000080000006E72665F7364685F626C650036
:103C1000CCD7020004D80200080000006E72665F74
:103C20007364685F736F6300C4D70200CCD702006F
:103C3000080000000A4552524F5221204E6F206565
:103C40006E6F756768206D656D6F727920626C6F3D
:103C5000636B20666F7220706172616C6C656C20A2
:103C6000627566666572732C20706C656173652081
:103C7000696E6372656173652074686520274E4EB6
:103C80004F4D5F424C4F434B5F4E554D2720696E61
:103C900020276E6E6F6D5F706F72742E68270A003A
:103CA000256420004572726F723A20616464656415
:103CB0002061204E554C4C206C617965722C20633C
:103CC0006F756C64206265206E6F206D656D6F721C
:103CD00079207768696C65206372656174696E67C5
:103CE000206C617965722E0A0023252D336420250E
:103CF0002D313073202D200023252D336420252DD8
:103D000033732F00252D3673202D2000252D387379
:103D1000202D20002020202020202020202D2000C9
:103D200028002534642C0029202000202020202079
:103D30002020200025376420002536646B200025D4
:103D400033642E253032644D20002533642E253017
:103D50003264472000282536642C2536642C25360D
:103D60006429004D656D6F727920636F73742062F2
:103D700079206561636820626C6F636B3A0A20008A
:103D8000626C6B5F25643A25642020000A204D6533
:103D90006D6F727920636F7374206279206E657421
:103DA000776F726B20627566666572733A20256460
:103DB0002062797465730A004572726F723A204E00
:103DC000554C4C206F626A6563742E0A004E4E6F2C
:103DD0004D2076657273696F6E2025642E25642EE2
:103DE00025640A00546F2064697361626C65206CFD
:103DF0006F67732C20706C6561736520766F6964E2
:103E000020746865206D6172636F20274E4E4F4DA0
:103E10005F4C4F47282E2E2E292720696E20276EB3
:103E20006E6F6D5F706F72742E68272E0A0044618A
:103E3000746120666F726D61743A204368616E6EC2
:103E4000656C206C6173742028485743290A00531D
:103E50007461727420636F6D70696C696E67206D38
:103E60006F64656C2E2E2E0A004C617965722823D2
:103E700029202020202020202020416374697661A1
:103E800074696F6E202020206F75747075742073B4
:103E900068617065202020206F7073284D41432990
:103EA0002020206D656D28696E2C206F75742C2084
:103EB000627566292020202020206D656D20626CAF
:103EC0006B206C69666574696D650A002D2D2D2D5A
:103ED0002D2D2D2D2D2D2D2D2D2D2D2D2D2D2D2D12
:103EE0002D2D2D2D2D2D2D2D2D2D2D2D2D2D2D2D02
:103EF0002D2D2D2D2D2D2D2D2D2D2D2D2D2D2D2DF2
:103F00002D2D2D2D2D2D2D2D2D2D2D2D2D2D2D2DE1
:103F10002D2D2D2D2D2D2D2D2D2D2D2D2D2D2D2DD1
:103F20002D2D2D2D2D2D2D2D2D2D2D2D2D0A0057E7
:103F300041524E494E473A20746865206C61737453
:103F4000206C617965722027257327206973206EA4
:103F50006F7420746865204F7574707574204C619F
:103F60007965722C20706C65617365206368656388
:103F70006B206361726566756C6C792E0A00455220
:103F8000524F523A204E6F20656E6F756768206DF4
:103F9000656D6F727920666F72206E6574776F72CF
:103FA0006B206275666665722C2072657175697228
:103FB00065642025642062797465730A0020546F5B
:103FC00074616C206D656D6F7279206F63637570BD
:103FD0006965643A2025642062797465730A004536
:103FE00072726F723A20232564202573206C6179E8
:103FF00065722072657475726E206572726F7220C0
:10400000636F64653A25640A004572726F723A20E4
:1040100043616C6C6261636B2072657475726E20B3
:104020006572726F7220636F64652025642061740D
:1040300020232564202573206C617965720A00575E
:1040400041524E494E473A206D6F64656C2076654B
:104050007273696F6E2025642E25642E256420649A
:104060006F73656E2774206D61746368206E6E6F68
:104070006D2076657273696F6E210A004D6F6465FD
:104080006C2076657273696F6E3A2025642E256404
:104090002E25640A00556E6B6E6F776E0052654C6C
:1040A00055000000004C6B7952654C550041647618
:1040B00052654C550054616E48000000005369671A
:1040C0006D6F69640048726454616E4800487264A0
:1040D0005369676400556E6B6E6F776E0053696D40
:1040E000706C65000047525500000000004C5354AE
:1040F0004D00000000556E6B6E6F776E0000000083
:1041000000426173650000000000000000496E700D
:104110007574000000000000004F75747075740025
:104120000000000000436F6E763244000000000083
:104130000044575F436F6E763244000000436F6E59
:1041400076324454727370000042617463684E6F3B
:10415000726D00000044656E736500000000000091
:10416000005A65726F506164000000000043726F76
:104170007070696E6700000000524E4E0000000033
:10418000000000000041637469766174696F6E001D
:104190000052654C5500000000000000004C6561B5
:1041A0006B795F52654C5500004164765F52654CF7
:1041B00055000000005369676D6F696400000000DE
:1041C0000054616E680000000000000000536F663C
:1041D000746D617800000000004D6178506F6F6C65
:1041E0000000000000474C5F4D6178506F6F6C001D
:1041F00000417667506F6F6C0000000000474C5F15
:10420000417667506F6F6C000053756D506F6F6C27
:104210000000000000474C5F53756D506F6F6C00DD
:1042200000557053616D706C6500000000466C6154
:104230007474656E000000000052657368617065FB
:1042400000000000004C616D62646100000000002D
:1042500000436F6E636174000000000000416464FD
:104260000000000000000000005375620000000024
:1042700000000000004D756C74000000000000009C
:10428000004552524F523A2074656E736F7220741B
:10429000797065206E6F74207370656369666965F7
:1042A000640A000043000000504F534958000000CA
:1042B0002020202020202020206828282828202096
:1042C00020202020202020202020202020202020EE
:1042D00048101010101010101010101010101010A6
:1042E0008484848484848484848410101010101046
:1042F000108181818181810101010101010101019F
:104300000101010101010101010101101010101052
:10431000108282828282820202020202020202026F
:104320000202020202020202020202101010102017
:104330000007032004170201085710408000000006
:10434000A4420400A8430400BC44040053756E005A
:104350004D6F6E00547565005765640054687500B4
:104360004672690053617400000000004A616E00EB
:10437000466562004D617200417072004D617900C6
:104380004A756E004A756C00417567005365700090
:104390004F6374004E6F76004465630000000000B8
:1043A000414D00504D000000E0440400DC44040096
:1043B000DC440400DC440400DC440400DC4404006D
:1043C000DC440400DC440400DC440400DC4404005D
:1043D000FFFFFFFFFFFFFFFFFFFFFFFFFFFF0000EB
:1043E0001C4404004C430400584404006C43040083
:1043F000A043040000440400B04404000C44040042
:10440000256D2F25642F25790000000025612025CA
:1044100062202565202554202559000053756E64BF
:104420006179004D6F6E64617900547565736461E4
:1044300079005765646E65736461790054687572BC
:1044400073646179004672696461790053617475BF
:1044500072646179000000004A616E7561727900D2
:104460004665627275617279004D617263680041E0
:104470007072696C004D6179004A756E65004A750D
:104480006C79004175677573740053657074656D60
:10449000626572004F63746F626572004E6F76657D
:1044A0006D62657200446563656D6265720000004F
:1044B00025483A254D3A25530000000069CD0200F9
:1044C00085CD020091CD02009DCD0200B9CD020044
:1044D000C5CD0200D1CD0200DFCD020000000000FA
:1044E0002E000000303132333435363738396162CE
:1044F000636465663031323334353637383941429A
:0B45000043444546286E756C6C290092
:10450C0000000000FF00000000100140110004003A
:10451C0000000000002000400000000000200040CF
:10452C00000000000090D003140000000000000008
:10453C00000000000000000000000000000000006F
:10454C00302B002000000000303800200100040057
:10455C004043040040430400404304004043040033
:08456C00404304002C41002033
:0400000320007375F1
:00000001FF
