:020000022000DC
:1070000000000420757302005D7302005F730200CC
:1070100061730200637302006573020000000000E8
:107020000000000000000000000000006773020084
:1070300069730200000000006B7302006D730200B0
:10704000E58902006F7302001D8C02006F7302005D
:107050006F7302006F7302009D8A02006F7302005B
:107060006F7302006F7302006F7302006F73020090
:107070006F7302006F7302006F7302006F73020080
:107080006F730200DD7E02006F7302006F730200F7
:107090006F7302006F7302000D9402006F730200A1
:1070A0006F7302006F7302006F7302006F73020050
:1070B0006F7302006F730200000000000000000008
:1070C0006F7302006F7302006F7302006F73020030
:1070D0006F7302006F7302006F7302006F73020020
:1070E0006F7302006F7302006F73020000000000F4
:1070F000000000006F730200000000006F730200C8
:10710000000000000000000000000000000000007F
:10711000000000000000000000000000000000006F
:10712000000000000000000000000000000000005F
:10713000000000000000000000000000000000004F
:10714000000000000000000000000000000000003F
:10715000000000000000000000000000000000002F
:10716000000000000000000000000000000000001F
:10717000000000000000000000000000000000000F
:1071800000000000000000000000000000000000FF
:1071900000000000000000000000000000000000EF
:1071A00000000000000000000000000000000000DF
:1071B00000000000000000000000000000000000CF
:1071C00000000000000000000000000000000000BF
:1071D00000000000000000000000000000000000AF
:1071E000000000000000000000000000000000009F
:1071F000000000000000000000000000000000008F
:10720000354936480A1A02D0072291438D4634493F
:1072100034480A1A06D00722914381F309880222D2
:1072200082F3148830483149314A00F044F831483B
:107230003149324A00F03FF831483249324A00F0D1
:107240003AF832483249334A00F035F83248334987
:10725000334A00F030F833483349344A00F02BF811
:1072600033483449344A00F026F83448344900227F
:1072700000F02CF833483449002200F027F8334856
:107280003349091A082902DB002202604160314AB1
:1072900090471F481F49884205D00268043003B454
:1072A000904703BCF7E700208646EC46002000210B
:1072B000294A9047FEE7884207D0521A05D0037842
:1072C00001300B700131013AF9D17047884202D088
:1072D00002700130FAE770470000042000E003204C
:1072E000000004200000042060A50200E82A00201D
:1072F00050980220D0730200D073020018A0020040
:1073000060A50200E82A0020E82A0020F4A002007C
:10731000F4A00200F4A00200F4A00200F4A0020015
:10732000F4A00200F4A00200F4A002005FA5020095
:10733000C812050050980220509802205098022050
:1073400000A0022000A0022000A0022000A0022035
:1073500000C002209D730200B98E0200FEE7FEE726
:10736000FEE7FEE7FEE7FEE7FEE7FEE7FEE7FEE7F5
:1073700000F002B8FFF7FCBF0F484FF00701884349
:1073800085460E4880470E48016841F4700101604F
:10739000BFF34F8FBFF36F8FFFF732BF09480A4922
:1073A0000A4A884207D0521A05D0037801300B7080
:1073B0000131013AF9D170470000042049860200EA
:1073C00088ED00E0F4A00200E82A0020E82A00206E
:1073D0007047000007B5044B0093044A402300F0B7
:1073E00030F803B05DF804FBF173020051980220FD
:1073F0002DE9F84388461446B2B10F4B0F4E0325D2
:10740000002743F00109224608EB0701002001F0A4
:107410004DFE0744241A48B933782BB14FF47A4013
:10742000C847013D02D13570BDE8F88301233370B0
:10743000002CE8D1F8E700BF00A10200509802201C
:107440007047F0B595B01D46164608460C4601F04B
:1074500091F81A9B0D93CDE9086500252B4608226B
:1074600005A920460A958DF82C500C9501F09FF83F
:10747000079B0293069B03939DF814308DF81150DF
:1074800003F00302012A1DD1BDF81420059DC3F3AA
:10749000C203C2F383168DF81030B20008230EA980
:1074A000204601F084F8C5F3952508AB00933246D9
:1074B00002AB0EA9284600F0D1FA204601F05EF892
:1074C00015B0F0BD022AF8D1BDF81650C3F3C203BF
:1074D000C5F389158DF810300827082D2E4628BFD2
:1074E00008263B4632460EA9204601F060F8AD1B47
:1074F00008AB02AA31460EA8374400F013FB002D5A
:10750000EBD1DAE7037813F0040216D003F003039B
:10751000012B03D0022B09D0012070470A68008894
:107520000232C0F3831002440A60F5E70B68428818
:10753000023303EB92130B60EEE710467047000036
:107540002DE9F04F87B000230446861C0DF107009B
:107550000F4615468DF8073000F070FC404A516820
:107560003960936803F580735B1A924602F21C47F8
:1075700002F5836902F21448B3421AD30020002DA9
:1075800069D004F00F039B0143F0050363F30F0080
:10759000DAF80430DAB203321E444AF822009DF8C9
:1075A0000700CAF8046000F06DFC012007B0BDE8D8
:1075B000F08F0121384600F020FD484600F035FDEF
:1075C000404600F032FDDAF808000290C0B2033005
:1075D0000AEB800002A9FFF795FF029B30BBDAB2ED
:1075E0000AEB8202D16803919A1C0133DBB20AEBE9
:1075F00083030292D3F80CB001F00303012B22D0D5
:10760000022B15D08346404600F012FD10B1029BBC
:10761000CAF808305946384600F0EFFCDAF808306E
:10762000DAF8042003F580739B1AA5E7D8B2CEE7F9
:10763000BDF80E30C3F3891303334FEA1B4B02EB43
:1076400093030293DFE7BDF80C30C3F383134FEAD3
:107650001B4B1344F5E7A40544F0060098E700BF70
:107660006499022030B50A4C71B10A4A0A49121BCA
:10767000D20800239A4201D1002030BD31F82350B6
:10768000854202D00133F5E7034654F83300F4E7AE
:1076900064A00200E4A00200E82A0020094B01399E
:1076A00003EBC000032909D8DFE801F00A02040651
:1076B0000420704700797047407970470020704778
:1076C0000220704764A0020070470000034BD3E91A
:1076D0000130C31A58425841704700BF64990220D4
:1076E0002DE9F04186B0FFF7F1FF0546002840F094
:1076F000E680744CC4F81804BFF34F8FA36802935C
:10770000DBB2033304EB830002A9FFF7FBFE029B0D
:1077100018B1D4F81824002A55D0DAB2991C0133D4
:1077200004EB8202DBB204EB8303D268DB680493D0
:1077300002F00303022B039202914FD1BDF80E30E9
:107740006148C3F38917502F3E4628BF502666F381
:107750008F1306F10801ADF80E3000F0DCFE05468F
:10776000002800F0978000F005FF002303A90822FD
:10777000284600F012FF0299CB43DBB20133C9B2B5
:107780000331B6EB830F4FEA830804EB810122D962
:1077900008234246A6EB0806284600F0FEFEF6B295
:1077A0004A4908F108033246284600F0F6FE029BDB
:1077B000033703EB97070297D4F81834002B41D115
:1077C000D4F8106451E062689A4299D8A2602846C1
:1077D00006B0BDE8F08108233246E5E7012B59D118
:1077E000BDF80C303848C3F38311062928BF0621A1
:1077F00061F3891302318900ADF80C3000F08BFE83
:107800000546002846D000F0B5FE0023082203A953
:10781000284600F0C2FE0026BDF80C20C2F38312F9
:10782000B300964203F10803C6D202994A1CC9B2BA
:107830000331029204EB81010422284600F0ADFEE0
:107840000136E9E7284600F099FEFFF73FFF80F098
:107850000100C5B2BBE7F3685B7923B13368294601
:107860001B6830469847F3681E68002EF3D12846FF
:1078700000F084FE0DF107008DF8076000F0DEFADD
:10788000D4F818340BB9029BA3609DF8070000F0F0
:10789000F9FADAE7D4F8104454B90D4B0D480E4903
:1078A000C01AC008000440F0020000F05FF8CCE706
:1078B000236820469B689847E3681C68ECE700252E
:1078C00085E700BF6499022050A002007099022051
:1078D00064A002008CA0020024A102002DE9F3475D
:1078E00004460E46924601A9012218469946FFF722
:1078F00027FE1C4F10B3019D4FF00008AA1CC8457D
:1079000008EB020125D11848002100F047FB80F365
:107910001000000440EA1440E4006B1C04F038043A
:10792000DBB2EDB244F0010407EB8303033544EA14
:10793000881444EA8624D86047F825403B781BB178
:10794000FFF7CEFE0028FBD1FFF7BEFE02B0BDE878
:10795000F087C9B207EB81015AF82830CB6008F1F3
:107960000108CCE764990220809D022000231A467A
:10797000FFF7B4BF084A38B50123D2F8104413709A
:107980001D4604B938BDE3685D71236820465B6815
:107990009847E3681C68F4E76499022007B503463A
:1079A0000846197A052911D05B7A2BB1094A0A4990
:1079B000019000F089FB01980849019000F084FBD8
:1079C000019803B05DF804EB00F073BB002AF8D017
:1079D000F2E700BF39A102003EA102005EA1020051
:1079E00030B5C38885B004460D4633B1144A0092C1
:1079F0001449154A284600F067FB217A05291DD055
:107A0000637A4BB1A088FFF749FE104B104953F839
:107A10002020284600F058FB227A0E4BA08853F80D
:107A2000222003920021FFF71DFE039A0A49034614
:107A3000284605B0BDE8304000F046BB05B030BD7B
:107A400039A1020049A1020041A10200C8A102001F
:107A50003EA10200ECA1020061A102002DE9F04369
:107A600085B01F460C9D002395F80C902B7306469D
:107A70000C46904629463846FFF7B2FFB8F1060F8C
:107A800009D8DFE808F00412181F283340003146F7
:107A9000284600F019FB002229463846FFF77EFFF2
:107AA00085F80C9005B0BDE8F08322683146284681
:107AB00000F00AFBEFE7D4E900233146284600F046
:107AC00003FBE8E7A36800933146D4E90023284686
:107AD00000F0FAFADFE7E3680193A3680093314608
:107AE000D4E90023284600F0EFFAD4E72369029393
:107AF000E3680193A36800933146D4E90023284644
:107B000000F0E2FAC7E76369039323690293E3682D
:107B10000193A36800933146D4E90023284600F07E
:107B2000D3FAB8E708292DE9F74F80460E461746E5
:107B30001C463CD8002593F80C901D73194610463E
:107B4000FFF74EFFDFF888A0DFF888B0AE4231D9EA
:107B500018F805205946204600F0B6FA0135082DE0
:107B6000F4D11949194DDFF870A0204600F0ACFAA5
:107B70004FF0000B5E4522D918F80B207E2A05D85D
:107B80001046019201F068FE019A00B92E2251467A
:107B9000204600F099FA0BF1010BBBF1080FE9D177
:107BA000012221463846FFF7F9FE84F80C9003B015
:107BB000BDE8F08F5146204600F086FACEE7294610
:107BC000204600F081FAE6E775A1020073A10200E9
:107BD00071A102006BA1020077A102001FB5002174
:107BE000039001AA44F20100CDE9011100F004F86C
:107BF00005B05DF804FB000010B572B6FFF7BAFEE1
:107C0000FFF76EFD0028FBD1104B114C1149E41A0F
:107C1000E408240444F00100FFF7A8FE0E4B1B68A3
:107C2000DB0700D500BE0D4944F00200FFF79EFEC1
:107C3000BFF34F8F0A490B4BCA6802F4E06213434B
:107C4000CB60BFF34F8F00BFFDE700BF64A0020011
:107C50008CA002000BA20200F0ED00E017A20200CF
:107C600000ED00E00400FA0510B58468C26883885E
:107C7000121B934208D3C26813400268D154C368F0
:107C80000133C360002010BD0420FCE78268C36894
:107C90009A420AD08268838813400268D35C0B70D2
:107CA000836801338360002070470520704700001F
:107CB00008B50B4800F0FCF80A4B0B49D3E9002348
:107CC0001218D1E9000143F100038B4208BF824240
:107CD00003D212F1807243F100031046194608BD29
:107CE000F02A0020889D0220A09D022037B505467D
:107CF0000C460A4801A900F0FBF860B10570446029
:107D000001A9064800F01EF918B1054800F0D4F8A2
:107D1000002003B030BD0420FBE700BF909D02208F
:107D2000F02A0020F7B5054600240DF1070017469C
:107D30000E468DF8074000F081F8D5E902230133A3
:107D400008BFB2F1FF3F07D1FFF7B2FF801941F141
:107D50000001C5E9020101249DF8070000F092F836
:107D60004CB12B69AF6103B12E6129460020FFF7AA
:107D7000BDFF03B0F0BD2046FBE737B50546002444
:107D80000DF107008DF8074000F058F8D5E90223FF
:107D900001330FBFB2F1FF3F4FF0FF324FF0FF331F
:107DA000C5E9022318BF01249DF8070000F06AF816
:107DB0002CB129460120FFF799FF03B030BD2046C2
:107DC000FBE700000648074A03780749D35C012215
:107DD00013B1043000F09ABF0C3000F03DBF00BF7B
:107DE000F82A0020E89D0220B89D022010B5014627
:107DF0000E48FFF739FF0446A8B90D480D4A03782D
:107E0000D35C63B1043000F0C9FF60B90A49074888
:107E1000FFF73CFF38B9BDE81040FFF7D3BF0C3087
:107E200000F060FFF1E7204610BD00BFA89D0220D2
:107E3000F82A0020E89D0220B89D022070B5EFF3DB
:107E4000108672B60C4A946801239CB993600B4B60
:107E50000B4DD3F8801029401160C3F88050D3F83F
:107E6000841051604FF0FF32C3F88420047006B9CB
:107E700062B670BD0370FAE7BC9D022000E100E02D
:107E8000FC06FFBD084B9A6810B55AB150B9EFF324
:107E9000108172B6054A1C6814605C685460986072
:107EA00001B962B610BD00BFBC9D022000E100E038
:107EB0000368D3F80405704790F90430002B09DB00
:107EC0005A09012103F01F0301FA03F3403202496A
:107ED00041F82230704700BF00E100E0024B034A46
:107EE0001B681068184700BFD09D0220C89D022063
:107EF00037B550E8013F9DB2C48925448489A54225
:107F000028BF2D1B0489A54202BFBFF32F8F00227B
:107F100007E0C5EA030540E80154002CE9D14FF021
:107F200001028DF803200193019B9DF803200B6053
:107F300002F0FF0322B10B880068184403B030BD83
:107F40001846FBE70A884B889A4209D150E8012F6E
:107F5000C2EA024240E80123002BF7D1012070471A
:107F60000020704701F01F024B090121914000EBF6
:107F7000830000F01EB801F01F0301229A404B0954
:107F800000EB8300D14300F02CB84B0901F01F0136
:107F900050F82300C84000F00100704710B50346B8
:107FA00053E8000F0A4643E8002494F0000FF7D18D
:107FB00010BD10B5034653E8002F42EA010043E824
:107FC000000494F0000FF6D110BD10B5034653E83D
:107FD000000F00EA010243E8002494F0000FF6D1FC
:107FE00010BD10B5034653E8002F02EA010043E834
:107FF000000494F0000FF6D110BD10B5034653E80D
:10800000002F02EB010043E8000494F0000FF6D1CA
:1080100010BD10B5034653E8002FA2EB010043E862
:10802000000494F0000FF6D110BD0121FFF7C1BF8D
:108030000021FFF7CABF37B5054600240DF1070040
:108040008DF80740FFF7FAFE2A686B6811689942BD
:108050000ED9481E106011F8014CEB68298A01FB0B
:108060000434AB6811791B1ADBB2994238BF137123
:108070009DF80700FFF706FF204603B030BD37B577
:10808000054600230DF107000C468DF80730FFF779
:10809000D5FE2A681368591C1160E968641A298A98
:1080A000B4FBF1F41C709DF80700FFF7EBFE03B082
:1080B00030BD826810B504462AB143690168006981
:1080C00098470023A36010BD0EB403B5039921B1F6
:1080D00004AB01AA019300F077F802B05DF804EB5D
:1080E00003B070470A2938B504460D4602D10D2168
:1080F000FFF7F8FFA3682268591CA160D554D4E9A2
:1081000001329A4204D32046BDE83840FFF7D1BF80
:1081100038BD00002DE9F84F9846DDE90A431546C1
:1081200082460F460A464FF00109AA420FD2C145C6
:1081300038BFC14613F0010B01D16CB900240126F0
:10814000B8F1010F1BD908F1FF386E43F8E709F1C8
:108150000109B2FBF5F2E8E79B070ED5B8F1000F75
:108160000CBF30262026A145E9D2013C31465046BD
:10817000FFF7B8FF002CF6D1E0E72026F3E7B7FBC6
:10818000F6F39D42E1D9DFF83C80B7FBF6F35046A9
:1081900018F8031006FB1377FFF7A4FF3346AB4232
:1081A000B6FBF5F6F1D2BBF1000F02D00CB1A14540
:1081B00001D3BDE8F88F20215046013CFFF792FF24
:1081C000F4E700BF2EA202002DE9F74F054617463F
:1081D0008846002900F0428118F8011B49B92B7B21
:1081E000002B00F03B81284603B0BDE8F04FFFF7BD
:1081F00060BF252940F0B780002698F800302D2B6D
:10820000424608F1010823D0302B24D02B2B25D057
:1082100000242A2B02F1010123D13B681A1D1B689F
:108220003A601C440A4613782E2B26D101324FF0B7
:10823000000A104610F8011BA1F1300CBCF1090F27
:108240001DD80A2303FB0A13A3F1300A0246F0E704
:1082500046F00106D1E746F00206CEE746F00406F6
:10826000CBE711F8013CA3F130000928DBD80A2242
:1082700002FB0434303C0A46CBE74FF0000A12F808
:10828000011B01F0FB0068289046F8D0782909D836
:108290006F290CD8632962D022D8252963D05829A8
:1082A00000F0888098F80030002B95D197E770395E
:1082B0000829F7D801A353F821F000BF3784020042
:1082C000A5820200A5820200C5830200A5820200E9
:1082D000A3830200A5820200A5820200B5830200EA
:1082E000642901D06929DDD13A68D2F80090111DC6
:1082F00089EAE9723960A2EBE9724FF0010B092AB1
:1083000035DCD34538BFD3462CB1B9F1000F01DBC2
:10831000720700D5013CB30702D5BAF1000F03D0B4
:10832000F00701D44CBB0024B9F1000F2DDAC9F1DC
:1083300000092D212846FFF7D5FE06F00302022A88
:1083400004D1BAF1000F01D11CBB0024CDE90046D5
:1083500053460A2249462846FFF7DCFEA2E73B685F
:108360001A1D19783A602846FFF7BCFE9AE70A23DF
:108370000BF1010BB2FBF3F2C1E7A345D4D22021EC
:108380002846013CFFF7AEFECCE77107D5D52B217F
:10839000D0E7A345DAD230212846013CFFF7A2FE00
:1083A000D2E73968CDE900460A1D3A6053460A22F1
:1083B0000968D0E739680A1D3A60CDE9004653469E
:1083C0001022F5E73B681A1D3A6016F00106D3F853
:1083D000009028D1B9F1000F03D0484601F0CFFA40
:1083E0000646B44200D904BB09F1FF3919F8011F50
:1083F00000293FF457AF2846FFF774FEF6E72846FA
:108400000136FFF76FFE19F806100029F7D1A642D2
:10841000BFF448AF002C3FF445AF20212846013C73
:10842000FFF760FEF3E70026EDE720212846013C38
:10843000FFF758FED5E73B681A1D3A603021284601
:108440001C68FFF74FFE78212846FFF74BFE0022FD
:108450000823CDE90032214610227CE703B0BDE8B5
:10846000F08F00BF2DE9F84FB0F806A04579D2F89B
:1084700000B09DF828900AFB05F5043D88460BEBFB
:108480000301A94203F1040488BFA5EB030BB4FB6D
:10849000FAF607460AFB1644C2F800B04EB9AAEB3A
:1084A00004055D4528BF5D46BBF1000F04D1BDE862
:1084B000F88F3F68013EF1E7043408EB06003C44C6
:1084C0002A46B9F1000F0DD02146ABEB050B01F0A8
:1084D000FAF9DA452E443F6855464FF0000428BFAC
:1084E0005D46E1E701462046EFE7F8B546790146EB
:1084F000721E0546002393422D6803D30024A64232
:1085000002D8F8BD0133F6E70F682846FFF7B7FD3C
:1085100001343946F3E72DE9F843068ACD1C0746B6
:10852000FFF789FD043E35440446B5FBF6F5F0B18E
:108530004FF48073EDB28380C680013D07608146B1
:108540004FF00008A84512D23846FFF774FD0646E2
:1085500048B163790133637108F10108C9F800007B
:1085600007608146EEE72046FFF7BFFF344620460E
:10857000BDE8F88301210430FFF73FBD10B50121AC
:1085800004460430FFF745FD10F0FF0F04D12046EC
:10859000BDE81040FFF7A9BF10BD1FB50392002230
:1085A000009203AAFFF75EFF05B05DF804FB1FB55C
:1085B00003920122009203AAFFF754FF05B05DF871
:1085C00004FB0B684A684360934208BF00230160C4
:1085D00008BF43607047436843B1026891685268BE
:1085E0000B449342436004BF00234360704710B5BF
:1085F0000446C0B2FFF7FAFB204610BD034B1868D3
:10860000A0F1080358425841704700BF30010010E4
:10861000064B1B68082B06D1054B1B68052B02D89F
:10862000044AD05C70470020704700BF3001001042
:108630003401001056A20200024AD2F80034002B86
:10864000FBD0704700E0014010B5FFF7D7FF40B105
:108650004FF080430022C3F80C21C3F81021C3F867
:108660003825FFF7CBFF002846D04FF08052614BF2
:10867000D2F80414C3F82015D2F80814C3F824154E
:10868000D2F80C14C3F82815D2F81014C3F82C151E
:10869000D2F81414C3F83015D2F81814C3F83415EE
:1086A000D2F81C14C3F84015D2F82014C3F84415AE
:1086B000D2F82414C3F84815D2F82814C3F84C157E
:1086C000D2F82C14C3F85015D2F83014C3F854154E
:1086D000D2F83414C3F86015D2F83814C3F864150E
:1086E000D2F83C14C3F86815D2F84014C3F86C15DE
:1086F000D2F84424C3F87025FFF78AFF10B13E4B2F
:108700003E4A1A60FFF784FF18B13D4BFB22C3F8C5
:108710001825FFF77DFF48B13A493B4B0A681B68B3
:1087200022F00F0203F00F0313430B60FFF770FFFB
:1087300018B1364B4FF400721A60FFF75FFF48B173
:108740004FF08043D3F80024D20744BF6FF00102FA
:10875000C3F800242E4AD2F8883043F47003C2F8DC
:108760008830BFF34F8FBFF36F8F2A4B1B68082BE6
:108770000ED1294B1B68052B02D8284AD35C3BB18C
:108780004FF01023D3F808224FF08043C3F8582548
:108790004FF01023D3F80022002A03DBD3F8043271
:1087A000002B22DA1E490123C1F80435FFF744FFEC
:1087B0004FF010201224C0F80042FFF73DFFC0F830
:1087C0000442FFF739FF0023C1F80435FFF734FFF7
:1087D000BFF34F8F0E49134BCA6802F4E062134394
:1087E000CB60BFF34F8F00BFFDE70F4B0F4A1A60FE
:1087F00010BD00BF00C000408C56004048810300FF
:1088000000F00040E40E0040580200104096024084
:1088100000ED00E0300100103401001050A2020011
:1088200000E001400400FA050C2B00200090D0036A
:1088300038B5074C051E04F1080318BF1C46236811
:108840002BB11A6822605B6828469847F7E738BD65
:10885000DC9D022020B9054B01225A70FFF7E8BFCA
:10886000012802D1014A9070F8E77047D49D022098
:1088700020B9034B01225A70FFF7DABF704700BFDF
:10888000D49D022038B50E4C2378B3B90D486360EF
:10889000A3602361E36000F073F8054600F09CFDDF
:1088A00008B900F079F801232370074BD3F800349E
:1088B0000BB10123A370284638BD8525F5E700BF1D
:1088C000D49D0220558802000000014037B50D4CB0
:1088D00000230DF107008DF80730FFF7AFFAE368CA
:1088E000013BE360E36833B9074BD3F8005415B993
:1088F00000F064F8A5709DF80700FFF7C3FA03B015
:1089000030BD00BFD49D022000000140012813B5F6
:108910000CD0032820D038B9124B0122C3F8802094
:10892000BFF34F8FBFF36F8F02B010BD0E4C00230B
:108930000DF107008DF80730FFF780FA23780BB9A7
:10894000FFF7A0FFE3689DF807000133E360012310
:10895000A370FFF797FAE7E700F01EF8FFF7B6FFFE
:10896000E2E700BF00E100E0D49D022000F180407A
:10897000002382B0036003680193019B02B070473B
:10898000044A137923B90121106091801846704779
:1089900085207047EC9D0220074B1A68D20704D44B
:1089A000C02283F8002301221A604FF08043012285
:1089B000C3F81825704700BF00E100E04FF0804287
:1089C00008B50223C2F808334FF48270FFF7CEFFD8
:1089D000034B01211960D2F81834DB03FBD408BD26
:1089E0000C000040124B1B6810B573B14FF480703F
:1089F000FFF7BCFF4FF080430122C3F808230D4B63
:108A0000587910B95A711B6898470B4B1B6873B1A2
:108A10004FF48270FFF7AAFF4FF080430222C3F8A1
:108A20000823044BBDE810401B680120184710BD07
:108A300000010040EC9D02200401004000F1804054
:108A400000F5C040002382B0036003680193019BDE
:108A500002B0704703681F2B83BF03F01F0303603E
:108A600001484FF0A04070470003005007B5019047
:108A700001A8FFF7EFFF019B00EB8300D0F8003760
:108A800023F44033C0F80037D0F8003743EA0141FF
:108A9000C0F8001703B05DF804FB00002DE9FF47A4
:108AA0000024CDE90244584D4FF48072012102F1B7
:108AB000804303F5C04390B21B68012B06D1D5F863
:108AC00004330B4202D0FFF7B9FF0C430432B2F576
:108AD000907F4FEA4101EAD14C4B1B68012B11D129
:108AE0004FF4BE70FFF7AAFF4FF0A04344F00044DC
:108AF000D3F820250292C3F82025D3F8202803922A
:108B0000C3F8202814F0FF0F1AD0414F002501268A
:108B1000344210D0AB0003F1804303F5C043D3F8D7
:108B20001005D3F8101557F8253023B1C1F30141D2
:108B3000C0F3052098470135082D4FEA4606E7D1D6
:108B4000002C59DA324D334C334E4FF000080127D8
:108B500016F9013B5A1C3CD0C3F3C20104A80144DE
:108B60005FFA83F911F8081C03F03F0203F00703D2
:108B700007FA03F319422CD001A80192FFF76AFF0C
:108B8000019B03F5E07350F82330C3F3014ABAF1B7
:108B9000020F10460CBF03210221FFF767FF01A857
:108BA0000192FFF757FF019B07FA03F3C0F8203546
:108BB000AB1893F9303055F8233053B14FEA99117F
:108BC000032904D0BAF1020F19D1012901D11046AD
:108BD000984708F10108B8F1040FB9D14FF0A0434C
:108BE000D3F820250292C3F82025D4F8203503932A
:108BF000C4F820351343A7D104B0BDE8F087BAF11B
:108C0000030FE6D10229E1E7006000407C610040EB
:108C1000F49D022000030050549E0220014B1B686B
:108C2000184700BF609E02200023435082B0435883
:108C30000193019B02B070470A4610B54FF48E7144
:108C4000FFF7F2FF136A9168C95C136A013313627C
:108C5000C0F81C1510BD00002DE9F047204F90F81A
:108C600004904FF02C0808FB097405466669002E35
:108C700034D162610068A16026624FF48E7184F87D
:108C80002860FFF7D1FF2868012383602146FFF7A2
:108C9000D3FF6368A0468BB92868D4F814A0236A70
:108CA0009A4511D82A68D2F81C31002BFBD0012339
:108CB000D3602C2303FB097300225A613046BDE8C0
:108CC000F08794F828303BB9D0F81C31002BF8D04D
:108CD0004146FFF7B1FFE2E70F26EAE71126EDE78D
:108CE000689E02200379044A2C2101FB0323586962
:108CF000003818BF01207047689E022000234350AF
:108D000082B043580193019B02B0704701F0604369
:108D1000B3F1005F2DE9F041064638D11E4B0779CB
:108D2000242505FB073598466C69002C31D16A6112
:108D30000068A9604FF49071FFF7E0FF4FF4AC7149
:108D40003068FFF7DBFF33686A69A968C3F8441528
:108D5000C3F8482501229A606A68AAB9D3F820218D
:108D6000D3F858411AB9002CF8D00F2407E0002C92
:108D7000FBD10122DA60D3F85821002AFBD024234A
:108D800003FB078700237B612046BDE8F0811024A8
:108D9000FAE71124F8E700BF949E02200379044A01
:108DA000242101FB03235869003818BF01207047B4
:108DB000949E0220032811D8012A0AD101290FD13B
:108DC00000F10E02D2B20D4B00EB40001A5400200D
:108DD00070470129F7D0022904D049B10720704714
:108DE0000022F8E7054B00EB400018444270EEE724
:108DF000024B00EB400018448270E8E7B89E022066
:108E000008B5012202210020FFF7D4FF08B107288E
:108E100010D1072202210120FFF7CCFF08B107285B
:108E200008D100210A220846FFF7C4FF10B1072825
:108E300008BF002008BD00000388102B10B502D029
:108E4000112B1ED010BD1A4C2168B1B90122084661
:108E5000FFF7B0FF08B1072824D107220221012023
:108E6000FFF7A8FF08B107281CD104220221002027
:108E7000FFF7A0FF08B1072814D12368013323604E
:108E8000E0E70B4A1368013B1360002BDAD1FFF7D0
:108E9000B7FF0028D6D0074B1B68002BD2D0BDE807
:108EA00010401847034B1B68002BE6D09847E4E7B7
:108EB000C89E0220C49E022070B5ADF5812DB8B0C9
:108EC0004FF4C46200210DF5986000F025FD802369
:108ED0004FF08012ADF85636CDF85826ADF89636DC
:108EE000ADF8C436CDF8CC26ADF8D236ADF8DC36C8
:108EF000ADF80637CDF80C27CDF81027ADF81437AC
:108F0000CDF84C27ADF85037CDF88427ADF8883729
:108F1000ADF8BA37CDF8F027ADF82838CDF82C28C1
:108F2000ADF85E38ADF86038CDF8CC28ADF8D23861
:108F3000ADF80239ADF80439CDF83829ADF83E392D
:108F4000ADF84039ADF87639ADF8A639CDF8AC2991
:108F5000ADF8DE39ADF8143AADF84C3AADF8523A06
:108F6000ADF8843AADF8883A204B0BAA03F110050E
:108F700018685968144603C40833AB422246F7D137
:108F80001868206010AB0493194B02930DF52E6402
:108F900007231422CDE900321649039464234FF4C9
:108FA00044720DF5986000F0B2FA2046642100F09A
:108FB0007FFA10AB049306AB03930F4B02930F2180
:108FC0000223CDE9003120460C490D4E0A236422CC
:108FD00000F09DFA0BAC002534F9021B3046013538
:108FE00000F040FC0A2DF7D1FEE700BF88A2020086
:108FF000102B0020D82B0020589002206C900220CB
:109000007EA202000369C1688B429DBF8268D218AC
:1090100002F1FF3203F1FF3394BF501A581A704720
:109020002DE9F843D0E902940546A9EB040840680D
:10903000904520440F46144404D900F044FCEC60F1
:10904000BDE8F8834246A4EB090400F03CFC6868E4
:10905000224607EB0801F0E72DE9F843C56806460C
:10906000894617464FF000083469B3687068A54216
:1090700028BFE418013C621B5C1BBC4228BF3C4675
:10908000944228BF144649462844224600F01BFC5F
:10909000B3682544AB4208BF00253F1BA044A14450
:1090A000F560E1D14046BDE8F8830000F8B5184C02
:1090B000182300FB033503FB00402544C46A012C40
:1090C0000F4616460FD0022C1AD0F4B92846FFF7E7
:1090D00099FF864205D8324639462846FFF7A0FF59
:1090E00034462046F8BD2846FFF78CFF86423446BA
:1090F00028BF0446224639462846FFF791FFF0E78D
:109100002846BDE8F840FFF7A7BF0024E9E700BF05
:10911000CC9E0220034B1A8882420CBF18460020C6
:10912000704700BF609F0220024B9B6903B1184744
:10913000704700BF449F022037B50B46497A0F4A5B
:1091400071B9D2E901141D7A0246002D18BF2146DB
:109150005868FEF7E7FD08B1FFF7E6FF03B030BD42
:10916000002119725369002BF8D00122ADF80600D6
:109170008DF8042001A89847F0E700BF449F022023
:109180004B8802889A4213D842889A4210D380882A
:109190008A8840F2F313984294BF031AC31A934289
:1091A00006D800F2F310904234BF0020012070472F
:1091B000002070470388122B70B5014659D004D89F
:1091C000102B1ED0112B44D070BD502BFCD12F4B37
:1091D000C288DB899A42F7D1038A022BF4D18688B0
:1091E0003046FFF797FF05460028EDD001F1120049
:1091F00000F0EEF838BB6868FEF7BFFD0028E3D04A
:1092000009E0C37B012BDFD14FF6FF70FFF782FF30
:10921000054620B90420BDE87040FFF785BF1C4A11
:109220008E880680002303721368C0F80A305368E2
:10923000C0F80E3010310A30FFF7A2FF134B6872EE
:10924000DB89002BC0D129463046BDE87040FFF7CE
:1092500073BF8088FFF75EFF04460028B4D04068E3
:10926000FEF78BFD08B1FFF75FFF4FF6FF7323801A
:10927000AAE786883046FFF74DFF05460028A3D0B1
:1092800008310A30FFF77CFF6872DCE7449F022058
:10929000749F02200AB1FEF765BEFEF76CBE73B57F
:1092A0000191019C06466CB100252C46294601A877
:1092B000FEF76BFE18B106EB440301349D800135C7
:1092C000142DF3D13046346002B070BD2DE9F04763
:1092D00003888488103B8CB005460A2B1FD8DFE832
:1092E00003F0063F1E1E1E1E1E1E1E604400314E51
:1092F000B368DB43009371686846FEF772FE00991D
:1093000001A8FFF7CCFF0DF108094FF00008019B01
:10931000984507D3132C13D90420FEF75FFC0CB03B
:10932000BDE8F08739F802AB00270137514606EB5C
:109330008700FEF720FE1E2FF7D108F10108E6E7AF
:109340001D482146FEF70EFE1C482146FEF70AFE88
:10935000EB7B022BE3D11A482146FEF703FEDEE742
:1093600015482146FEF707FED9E7027A15483F2A3D
:109370004FEA1215214694BF00220122FFF78AFF0F
:10938000022D94BF002201220F482146FFF782FFE1
:10939000012D0E4894BF002201222146FFF77AFFDB
:1093A000BDE7037A002BBAD1427A0648C2F3C00265
:1093B0002146F3E77C9F0220849F0220809F0220A9
:1093C000889F0220949F0220909F02208C9F022061
:1093D000007800F001007047014B1878704700BF1B
:1093E000F89F022007B508496846FFF7EAF8019B95
:1093F00013B903B05DF804FBD3E900209047684639
:10940000FFF7E9F8F3E700BFBCA20200FFF7EABFED
:1094100061DF704730B5114DADF5017D4FF4FA7441
:109420000DF1020103A8ADF80240FFF7F1FF70B99A
:10943000294601A8FFF7C5F8029B002BF0D003A82E
:10944000D3E90021904701A8FFF7C5F8F4E7052804
:1094500001D0FEF7C3FB0DF5017D30BDD4A20200A3
:10946000024B1B780BB1FFF7D5BF7047F99F022065
:109470004BDF70471FB50D4C01A8FFF7F9FF70B91E
:10948000214602A8FFF79DF8039B002BF4D001981A
:10949000D3E90021904702A8FFF79DF8F4E70528DB
:1094A00001D0FEF79BFB04B010BD00BFECA2020090
:1094B0002DE9F3414E0804460D4600EB86060027D1
:1094C000B4420AD1EB0705D5B4F90030002BBCBF7C
:1094D0000023238002B0BDE8F08104220DEB0200DE
:1094E000214600F0F0F9019A02F0802304F104080B
:1094F0004FEAF333D7FA13F322EA03030422204698
:109500000DEB02010193444600F0DDF9D8E72DE9A7
:10951000F04F8FB00D460993BDF860300393BDF84E
:1095200064300093099B02929B08009A07930123E1
:1095300093405B0801931A9B059003F108081B9B5D
:1095400003F10809029B5B0800EB83021B010A93ED
:10955000079B08920693069B23BB079A1B9B03EB72
:10956000C2081A9B03EBC2030493029B9E084FEAB6
:10957000430B099B03F0030308EB43030693059B8E
:1095800005EBC60903EBC606029B03F0030206EBDC
:1095900042030293069B984540F08B8000200FB059
:1095A000BDE8F08F039A38F9083C38F9067C38F9A1
:1095B000046C38F9024C9340019A03EB020B039BB5
:1095C0009F40039B9E40039B9C40059B1744164471
:1095D0001444AA46089A934235D10A9B1D44029B23
:1095E000DB0710D5B2F900302A4632F8081B13FB0E
:1095F00001BB698813FB0177A98813FB0166E98821
:10960000154613FB0144009B4BFA03F303F30F03CE
:1096100029F8083C009B1F411E411C41069B07F393
:109620000F07013B9BB229F8067C06F30F0604F3F3
:109630000F0429F8046C29F8024C069308F1080875
:1096400009F1080987E7194604220DA8049300F0E0
:109650003AF9049B04330B9304220D9B0493514667
:109660000DA800F030F90D9A049B23FB02BB0422E5
:109670000AEB02010DA800F026F90D9A049B23FBCA
:10968000027704220AF108010DA800F01CF90D9AD6
:10969000049B23FB026604220AF10C010DA800F0D2
:1096A00012F90AF1100A0D9A049B23FB02440B9B4A
:1096B00090E7049BDDF814A033F9024B0493039B5D
:1096C0009C40019B2F461C444F454A460CD13346D3
:1096D000029999422DD1009B5D441C41D94404F369
:1096E0000F0428F8024B55E7394604220DA800F074
:1096F000EAF80D9B0793042251460DA800F0E3F809
:109700000D9A079B22FB03440422B9180DA800F010
:10971000DAF804220D9B07930AEB02010DA800F072
:10972000D2F808370D9A079B0AF1080A22FB034476
:10973000CAE733F8020B32F8021B10FB0144C7E7FB
:109740007F2805D8034B185C034B5B5C18407047BF
:109750000020704704A3020084A30200A0F161036B
:10976000192B98BF20387047A0F14103192B98BFDF
:10977000203070477F2805D8034B185C034B5B5C97
:10978000184070470020704704A3020084A3020021
:10979000A0F16103192B98BF20387047A0F1410355
:1097A000192B98BF203070477F299ABF0170012084
:1097B0006FF02E0070475AB10A787F2A0AD800B19C
:1097C0000260002119605960501A18BF01207047CB
:1097D000002070476FF02E00704738B504460846E9
:1097E000A26842B1236861685D1C8D4208BF0020F9
:1097F0008B4208D2D054E3682BB121686268914251
:1098000001D22146984723680133236038BD70B5E3
:109810004C1E09D41646C5B229463046FFF7DDFF77
:10982000013CB4F1FF3FF7D170BD10F0100F08D12B
:1098300008B510F4007F14BF30202020FFF7E7FFA9
:1098400008BD704708B5034B5B689B681B68984769
:1098500008BD00BF3C98022008B50921FFF7F2FFC0
:1098600008BD00000FB410B586B008AB53F8044B28
:109870000593002303936FF000430293084B049376
:1098800000F0C8FB059A214601A800F0A9F804469B
:1098900000F0C1FB204606B0BDE8104004B07047A0
:1098A000EF850200037853B159B10144034613F820
:1098B000012F12B18B42FAD10B46181A704703469A
:1098C000FBE70346F9E7844640EA010313F0030F80
:1098D00018D18446202A0BD32DE9F007B1E8F80708
:1098E000A0E8F807A2F12002202AF7D2BDE8F0078D
:1098F000042A07D351F8043B40F8043BA2F10402C8
:10990000042AF7D2002A05D011F8013B00F8013BE8
:10991000013AF9D1604670478446002A2DD010F0F4
:10992000030F04D000F8011B013A26D0F7E7C9B2B3
:1099300041EA012141EA0141202A12D3A2F1200289
:109940002DE9F0030B460C460D460E460F468846A1
:109950008946A0E8FA03203AFBD2BDE8F0032032A2
:109960000BD0042A05D340F8041B043A05D0042A7E
:10997000F9D200F8011B013AFBD16046704700F1B3
:10998000010110F0030F11D010F8012B002A23D091
:1099900010F0030F0AD010F8012B002A1CD010F091
:1099A000030F03D010F8012B002A15D02DE9700009
:1099B0004FF001324FF0803350F8044BA4EB020516
:1099C00025EA04051D4000D1F6E7A0F1040070BCB3
:1099D00010F8012B002AFBD1A0EB0100704700001A
:1099E0002DE9F04F89B007460392002303600C462F
:1099F00014F8011B002900F0FA82DFF814B5E9E23F
:109A0000002507E05E2868D145F4805501E045F067
:109A100040051C46234613F8010B3028F2D81F28B6
:109A200037D9A0F12002102A33D801A151F822F031
:109A30000F9A0200939A0200939A0200759A02000C
:109A4000939A0200939A0200939A02007B9A020072
:109A5000939A0200939A0200939A0200819A02005C
:109A6000939A0200879A0200939A0200939A020046
:109A70008D9A020045F08005CBE745F40045C8E724
:109A800045F02005C5E745F01005C2E745F400752F
:109A9000BFE72A2821D1039A111D0391D2F800A013
:109AA000BAF1000FBCBFCAF1000A45F010051878E2
:109AB000A31C2AEAEA7A2E2826D00021742847D04F
:109AC0007A2845D06C2800F0A8804C2800F0AB80A4
:109AD000682800F0B8801C463DE0A0F13002D2B208
:109AE000092A88BF4FF0000AE3D84FF0000A0AEBBA
:109AF0008A0A303800EB4A0A13F8010BA0F1300251
:109B0000D2B2092AF3D9D4E718782A280AD1039ABD
:109B1000111D03911168587802330029CEDB45F4FA
:109B20008075CBE70133A0F13002D2B2092A88BF99
:109B30000021F4D8002101EB8101303800EB410114
:109B400013F8010BA0F13002D2B2092AF3D9E4E7ED
:109B50001C4614F8010B002800F05582A0F12503E3
:109B6000DBB2532B62D8A0F12503532B5ED8DFE87C
:109B700013F076005D005D005D005D005D005D003E
:109B80005D005D005D005D005D005D005D005D00ED
:109B90005D005D005D005D005D005D005D005D00DD
:109BA0005D005D005D005D005D005D005D005D00CD
:109BB0005D005D005D005D005D005D005D005D00BD
:109BC0005D005D005D005D005D005D005D005D00AD
:109BD0005D005D005D005D00EB005D005D005D000F
:109BE0005D005D005D005D005D005D005D007B006F
:109BF00020015D005D005D005D0020015D005D00F5
:109C00005D005D0095000E01D1005D005D00A600C5
:109C10005D0019015D005D00ED001C4614F8010BAC
:109C200045F0010597E745F001051C46B44B1E6859
:109C3000002E00F0CC8103AB0193009153462A46DD
:109C40003946B047C3E11878682803D05C1C45F05A
:109C5000040580E745F008059C1C58787BE7252122
:109C60003846FFF7BAFDB2E1039B1A1D03921E7836
:109C70000AF1FF3A3A4651462846FFF7D6FD3146EB
:109C80003846FFF7AAFDA94619F0100F00F09F8192
:109C90003A4651462020FFF7BAFD98E115F0080F2B
:109CA00006D03A68039B191D03911B681A708EE158
:109CB000039B1A1D03921B683A681A6087E1039B95
:109CC0001A1D0392D3F800808E4BB8F1000F08BF25
:109CD0009846464625F4007915F4807F15D0404615
:109CE000FFF7E0FD0546AAEB050A3A46514648460D
:109CF000FFF79BFD002DC7D0454416F8011B3846E1
:109D0000FFF76BFDB542F8D1BEE74046FFF737FEDF
:109D10000546E8E7039B1A1D03921B6815F0800FA8
:109D20000CBF0026232645F4807508211A46002B17
:109D300000F0298105AB4FF0000805F4005CA64651
:109D400060468C460146D1E045F4005515F0800F81
:109D50001BD043F2780643F25803782818BF1E46FA
:109D600015F4807F01D025F4007515F4804F32D0B2
:109D7000039B1A1D03921B6815F0040F1FD01BB222
:109D8000002B20DA5B422D262DE00026E8E715F0B7
:109D9000800F0CBF0026302615F4807FE5D025F417
:109DA0000075E2E715F4807F07D025F400750026E2
:109DB000DBE745F480450026D7E70026D5E715F018
:109DC000080FDDD0DBB215F0200F60D115F0400F89
:109DD00018BF202607E0039B1A1D03921B6815F08D
:109DE000040F4FD09BB215F4807F14BF25F400758B
:109DF00001215838202800F2AE8001A252F820F04C
:109E00002D9D0200579F0200579F0200579F02009E
:109E1000579F0200579F0200579F0200579F020062
:109E2000579F0200579F0200579F0200579F020052
:109E3000BB9E0200579F0200579F0200579F0200DF
:109E4000579F0200BB9E0200579F0200579F0200CF
:109E5000579F0200579F0200579F0200939E0200E7
:109E60002D9D0200579F0200579F0200579F02003E
:109E7000579F0200BB9E0200579F0200579F02009F
:109E80002D9D020015F0080FADD0DBB2ABE72B26FD
:109E9000A9E71A464FF00008002B5ED005A84FF046
:109EA000000803F00703303300F8013B08F1010814
:109EB000D2081346002AF4D14FE018464FF00008AC
:109EC000002B4AD04FF0000805F4004E4FF02C094B
:109ED00073468E4619462FE002F00F000A4C205CB4
:109EE00003F8010B08F10108120906D00029F3D08C
:109EF00002F00F00054C205CF2E7744661462CE04E
:109F0000FC9F022058A5020038A5020048A50200C7
:109F1000CDCCCCCC08AB03EB080CABFB0032D208A9
:109F200002EB8203A0EB430330330CF80C3C08F146
:109F3000010809280DD910460029EBD008F00303C9
:109F4000032BE7D108AB434403F80C9C08F101084C
:109F5000E0E7714601E04FF00008A1EB080121EABB
:109F6000E179AAEB090AAAEB080AFF2E0ED9AAF199
:109F7000020AC6F307213846FFF72FFCF1B2384634
:109F8000FFF72BFC04E04FF00008E6E7002E3DD180
:109F90003A4651462846FFF748FC3A4649463020A3
:109FA000FFF735FCB8F1000F0EDD0DF1140908F1D3
:109FB000FF38C84498F8001046463846FFF70DFCB5
:109FC000C14508F1FF38F5D115F0100F09D114F88B
:109FD000011B61B125293FF413AD3846FFF7FDFBA6
:109FE000F5E73A4651462020FFF711FCEFE7BB6842
:109FF0002BB13A6879688A423CBF0021995438688D
:10A0000009B0BDE8F08F4FF0FF30F9E70AF1FF3AF1
:08A01000B4E700BF7047704780
:08A01800718802000000000045
:10A02000CD92020000000000398E02000000000006
:08A03000B591020000000000E0
:08A038000D8902000000000088
:10A04000619402000000000075940200000000000E
:10A05000949802205C990220649902209C98022026
:04A0600018000000E4
:10A0640062A202000000000068A2020000000000DA
:10A074006FA202000000000073A2020000000000B2
:10A0840078A202000000000035A1020000000303D2
:10A0940000A202000000000024A202000000000050
:10A0A400A9A20200000000005CA20200000000005F
:10A0B4009CA2020000000303B1A2020000000303FB
:10A0C400C8A2020000000303E0A202000000030390
:10A0D4003EA202000000000047A2020000000000AF
:10A0E40008A102000000000014A10200E82A0020D8
:10A0F4000000000000000000000000000338FDD84C
:10A1040070470000D573020041740200D17302004D
:10A114007274745F6C6F675F6261636B656E640019
:10A124004261636B656E647320666C757368656405
:10A1340000617070001B5B306D002573001B5B3188
:10A144003B33316D0025734C6F67732064726F70FD
:10A15400706564202825642925730D0A003C257345
:10A164003E2025733A20002025303278002020201C
:10A17400007C002563001B5B313B33306D001B5BAF
:10A18400313B33326D001B5B313B33336D001B5B62
:10A19400313B33346D001B5B313B33356D001B5B4E
:10A1A400313B33366D001B5B313B33376D007761D8
:10A1B400726E696E6700696E666F006465627567CA
:10A1C4000000000039A102007AA1020041A10200AE
:10A1D40082A102008AA1020092A102009AA10200B7
:10A1E400A2A10200AAA102000000000011A2020024
:10A1F400B2A10200BAA10200BFA102006170705FA7
:10A20400627574746F6E00466174616C206572725D
:10A214006F720053797374656D2072657365740091
:10A224006170705F74696D6572003031323334353A
:10A23400363738394142434445467077725F6D671B
:10A244006D7400736F72746C6973740000000000A5
:10A254000101010000000000636C6F636B00434C5C
:10A264004F434B004750494F5445005052530055FB
:10A274004152540055415254450025642D2D2D253D
:10A28400640A0D00F3FFFAFF03000500F7FFECFF7B
:10A29400E6FF1700F6FF05006E72665F626C655F8D
:10A2A4006761747400626C655F6E7573006E7266CC
:10A2B4005F7364680000000040A0020050A0020028
:10A2C400080000006E72665F7364685F626C65000C
:10A2D40020A0020038A00200080000006E72665F31
:10A2E4007364685F736F630018A0020020A002000B
:10A2F4000800000043000000504F5349580000007C
:10A3040020202020202020202068282828282020E1
:10A314002020202020202020202020202020202039
:10A3240048101010101010101010101010101010F1
:10A334008484848484848484848410101010101091
:10A3440010818181818181010101010101010101EA
:10A35400010101010101010101010110101010109E
:10A3640010828282828282020202020202020202BB
:10A374000202020202020202020202101010102063
:10A384000007032004170201085710408000000052
:10A39400F8A20200FCA3020010A5020053756E008F
:10A3A4004D6F6E0054756500576564005468750000
:10A3B4004672690053617400000000004A616E0037
:10A3C400466562004D617200417072004D61790012
:10A3D4004A756E004A756C004175670053657000DC
:10A3E4004F6374004E6F7600446563000000000004
:10A3F400414D00504D00000034A5020030A502007C
:10A4040030A5020030A5020030A5020030A50200EC
:10A4140030A5020030A5020030A5020030A50200DC
:10A42400FFFFFFFFFFFFFFFFFFFFFFFFFFFF000036
:10A4340070A40200A0A30200ACA40200C0A3020006
:10A44400F4A3020054A4020004A5020060A40200C4
:10A45400256D2F25642F2579000000002561202516
:10A4640062202565202554202559000053756E640B
:10A474006179004D6F6E6461790054756573646130
:10A4840079005765646E6573646179005468757208
:10A49400736461790046726964617900536174750B
:10A4A40072646179000000004A616E75617279001E
:10A4B4004665627275617279004D6172636800412C
:10A4C4007072696C004D6179004A756E65004A7559
:10A4D4006C79004175677573740053657074656DAC
:10A4E400626572004F63746F626572004E6F7665C9
:10A4F4006D62657200446563656D6265720000009B
:10A5040025483A254D3A25530000000041970200A2
:10A514005D97020069970200759702009197020007
:10A524009D970200A9970200B7970200000000005F
:10A534002E00000030313233343536373839616219
:10A5440063646566303132333435363738394142E5
:0BA5540043444546286E756C6C2900DE
:10A5600000000000FF000000001001401100040086
:10A57000000000000020004000000000002000401B
:10A58000000000000090D00307014EFAF405DE0F32
:10A590000EFBC5F91B0D8702A103B31BB10352FECD
:10A5A0004DFF0E0D18046F04BB048D01EFFB8A03F1
:10A5B00080F88615F00A580572019513D5094500F3
:10A5C00093FC86FE670151FC6EFF6B0E65FCF30980
:10A5D0005FFE23027B0B75F7CB09A90C650DE80F15
:10A5E00066FFD912560082F55C0A590431FD5D06FA
:10A5F00043FE4B0F380F4CFEE701B4FB71FB7E06A8
:10A600005A0550F6DC040B013A04EEF9A612EB01F0
:10A610000F099E109DFB89FD9A0CA60323FC820363
:10A6200098F9AB037F066FFA15FE58089DFCE80603
:10A630007FFC73064E08CFFDB9FC370CFDFEBB0650
:10A6400015067AF230FD390BE7F62AFB5BFECCFDEE
:10A65000EF088B043A00D8F9DA0668FD72F8CEF5F7
:10A660002103EE02E0F584059A01F003F1FD9A0959
:10A670007306D6044C032203B3F7E308B5F7D509F4
:10A68000EDF984F7E5FFCBF84CF76303FB072C0AE1
:10A6900042037AFBFCF628FCB7F16CF6C6F392F99C
:10A6A000FBEA5CF52B09ACFF35F73EFA1BF6ADF77C
:10A6B0006CF9E8F302F69CF978040F03B9F6ADF5EE
:10A6C000F504630A83F59CFECCFFE105A7EDB1F626
:10A6D0004AEE3600A7032FFEB8E264F6FBF608F850
:10A6E0008BFC3E03AC01FC04BBFE90EEBFEDC9F554
:10A6F00078009A08AF06C9013303F807E3F96BF74E
:10A70000D3016F0821010E033801BFF82FF5930F15
:10A710007EF6AA048B10EA101D044617A00D89FBD3
:10A7200071FD2BFA2DFEEDEF830C0603470562FF4A
:10A730003907D7F996065D06ADFC58FADE021C080B
:10A7400077FB6BFC8D0968090503BAEF7FF33B01CA
:10A75000A5FB4A05DC089E0B5301D1058203180DA9
:10A7600011116409ECF94D06BAFDE9FCD5068AFC25
:10A77000370486F978F625ECA4EC46F517FC31127F
:10A78000C20B6B037DFF1A0043FE0EFDC5033DFFA8
:10A790003F0DAEFFBDFCDCFB52FF480539066E08DD
:10A7A00010084EF29A1014FE72FEAFE97DFBEC0A1F
:10A7B00091069D0F9D0279018704E8022E04CA04C8
:10A7C000670821130B0A30025901FEFBE6F437F249
:10A7D000EAF0150C120265FE240557F4D9FEB0F616
:10A7E000FDFE6B0FD6FE0E00DD0A92034208CA067C
:10A7F00069F9390592FACC0948FC57FE1A02E5FDC1
:10A80000010579F60B03A4F33A010707A7F970FBDA
:10A8100008FD63F2E90E38FAD6FD930478091101B8
:10A82000A507CB04A0FA5FFB9CFE4105940A53F8F0
:10A8300056F894FBFAF507F74CFF37FD59FD44FD38
:10A8400094F9C318C10AC7062BF68CF22C0C5906D2
:10A850007DFF350DC6040F059400E6FB6BFD8AF9FC
:10A86000E200CCFCD7066BF715FFAEF164F8A2FE50
:10A870002FF9A301460DAA0DCEF1D6056AFA86FA84
:10A8800026FEE8F2ECFE440D93FBBD01BD1246032B
:10A89000B2FB6F03E2F24EF9A5FC59E34DEBB2F3C4
:10A8A0003AF1FDFF1DF8F1FFAC052C00BFFF2011B0
:10A8B000D7FF0AF901FAA5EC86F436F59AF570F699
:10A8C00094FD7C043504AE02E70E700638FFB5F443
:10A8D00011EC35DF61EDC0F099FF370789FB860B7E
:10A8E000D1069C09200D9E0C1E166112441127EB07
:10A8F0005D027AFDA2FD78ED36FAAA0AB70781FB60
:10A90000980BF40524060D061703FFFCEBFB510D15
:10A91000DD04AE02B210750B030F1A0ABC0501FF6D
:10A92000A8076BFB93F68BEC9CFAAAFC7FF5D2F49C
:10A93000BA0826013E0461FF610EACFDA811BA0EF3
:10A94000D31C5A24530B170E3607AB0CC4FE6D12E2
:10A9500067FB14FE38F9E6F7B5FA1AF32D02AD01DC
:10A9600047FE700794F2550445FA2700210CF10BBD
:10A97000290DE2109C13741BAC10F11A011F811BEE
:10A980000A0A5B13900696FC52FD56053505A9F69A
:10A990002E028008F11BB60DE7FDFF0438F14D03D0
:10A9A00016F646030D0CEBFBF708A8FFD915821924
:10A9B000850FF50BCB14EE1551123D06A9057BFF53
:10A9C000BCFA5202F4FEF1F761FEC40B03196802EF
:10A9D000BAF56105BF03970793F41EF7E606A7F7DC
:10A9E0000CF9BB012FFD7C1939170A0CCB00DE08CE
:10A9F0008500360FB70CB0F565FEA9FA450A52F688
:10AA0000BE0A2E1A8D10820D2EFB63FB6809EA1A0E
:10AA10007B0300FF71FD45066DF4E1EC17F29D0428
:10AA20007AFD41101EF044F8FDF8B6FD1504FA0356
:10AA30001DFA0B06F4F864F546F4B6FEDBF9B90B23
:10AA4000F6F50F024AF5B422AE05DE0939171DFDF1
:10AA500011EBB0E52FEBC8EFDBEC98F70CFE03F33E
:10AA6000FFFD03F709FCED01BD0B4A0B7302580E05
:10AA70009B02FEFD9BF7C9FD5EFECFF0EAFE44128D
:10AA8000E90D4E13F0083904A3F87AF11DEE5DEFDD
:10AA900071EADAF7A1EC9AF1500284057EFC020219
:10AAA000FB0AB915B808AF0E6602AB053818690283
:10AAB000CCFD56059B089712CF05070F8E042DFC81
:10AAC00074F356F0F9EAECEF76E842FF13F764F31B
:10AAD000E3F53FF78005DD07B6FFA917AA0BE112E2
:10AAE000E502A7018A08BBF7310545FF14064A09AC
:10AAF000C70C46FFB1F4E0F0C103D8F3A70252FD42
:10AB0000DB02F8F68CFC9AF5A4F186EE9BF795F043
:10AB1000E7F9A8FC9805001421FFA3FC04FA65FEE0
:10AB2000DDF80BFA92FA4903D90F6EF79CEFBAEDF4
:10AB30000D05DC045D01E70260068901420674FD33
:10AB40008FFC2DF088FB1DF80B028A09380C560784
:10AB5000441138FC06F135F71D0212F7480DED09D6
:10AB600003F5ABE281EF510425FF9103D1004608C4
:10AB7000D6F2E8F94A0678F660F2FCFC46F766F190
:10AB80002EFD8D0F96117C1BD70E67053CF19109A8
:10AB9000B2FFF30821034A1063153B05A90149FCE4
:10ABA0001D032A040508890AB00011F9E2FFADF778
:10ABB000940A830110FC7B0BDC0BD012E00C842682
:10ABC0005E10F5090CF58BFDC906500A2C0601F242
:10ABD0008BFF2A13FB0925057B0B7E08620B2106E0
:10ABE0001809BB0C76057605EB058E11EE0CBCFA48
:10ABF0008F1136045CF71DF8A1F413FAA5FE69F86D
:10AC0000A200580341062EFCE41331180615CD139B
:10AC1000EC02B514B50BD60C560A5D05951AB2FFB9
:10AC200097019312590526EF07115503E0F7CD065A
:10AC3000A71190FC88F9EB09FEFA5C01BF06F4F756
:10AC400066048BFA97FD000A8209990360FBD00421
:10AC50008B0B45F5940D7DFCABF7ADF6E10D661061
:10AC6000AB05A5FE74F61FF3EE089704DAF98D071D
:10AC7000F8F90F0059F83B03A8060FFFACF6840A59
:10AC80007D0319FF1309D704890AF901940984FB8C
:10AC9000FBFE82FC260299FFEDFBFC092204A400C6
:10ACA000B803B4FF13F862FD7EFA6202CAF99D0090
:10ACB00027076A01FCFF2200A309C3F9A9F59DF249
:10ACC000E6FA8204ED0B8D019DF2D8E7E7F6D40792
:10ACD000DB04C401440956FBC0F77EFE5A06E206B7
:10ACE000CE0319048509F5072D0096FD13014AFFCF
:10ACF000FD00D3FECBE783F218E70A0E6612D405F7
:10AD000021F302F6140D5012811002032BFD78EE90
:10AD100052EEDC0301033C017DFF410689015E0A1E
:10AD2000E6012DF68CEBB8F76CE7C3F4C1F6EBE85F
:10AD30005AFEB902F8FB08F57DFF630C2C0D8BF36E
:10AD40009604840ABFF14CE323FA6D0953106D0396
:10AD5000E6F773FBA100DCFA98EF4C0258E995E99D
:10AD6000A8E09ADDBAECF009DFF87D005105E0FFBC
:10AD7000CAF3A4EEB6F045E844EB19E7EFEF47FB62
:10AD8000C00820098A060C0CBDF5570617F944FEC9
:10AD900029F106087BF476FC37FE9D026307370B2A
:10ADA000F303A105CAF5C7F3B803D8FF26FC57077C
:10ADB0004A06EFF890F704FDF10B66177A0D65FF70
:10ADC0007AFBEB09840EDA0002FB11FFDEF92EFBA1
:10ADD000BD00C8089F031CFA270AC00C8F1AF41480
:10ADE000DE133612FC2719258A278D24030D8D1AB0
:10ADF000081B541EBF074CF2F0F9DCFC0EF835F7C7
:10AE0000A9EF6AF2D0F92DFCBBF92604B7FA63F278
:10AE10003B12FD0A2B271D237D2D0020682D2124A8
:10AE2000DC2D661BD40E79032EFA68056D0B4110DC
:10AE300096012507C6F88D0467F620F96EFDE2F647
:10AE4000E4EF2BF705F6FE05D40D810972183E17C5
:10AE50009A2B2F213F14221A840C1E063207F9EE7A
:10AE6000F0F5C8FE600A1C0DC1F7C1FCC50B410717
:10AE7000D8F2E1F1B2FF32E150F43204E90308FE06
:10AE8000FEFE00015AFE49F9D7FCDBFB2CF4C2F8A8
:10AE900070EEFAFF7707FFF446EF6AEDF1E857FF2F
:10AEA00039F680051107BB05C1E7BB0E66EED0F38E
:10AEB000DC0587FFC4EF3BF8CBEB2CF73CE3E5D791
:10AEC000CAE0F6DB60EB1FE57EF12DFA8BF228F489
:10AED000D9EC0EF24EFFC705C6F65BF1C20BD1EB03
:10AEE0007FE80AEE4CEB73E9810144FB69F2C1ECA7
:10AEF000C9EE04DFADED65DD45DB5CE0DFEE9EF124
:10AF000060F1450173F8F9FD31FCC0F904168CF8C5
:10AF1000C9F7C7F2E90F81F609EF45EFB0E861ED37
:10AF20007EF6FCFC26F47AE895DC45E8C7F92DFAB4
:10AF300078FA5FF635029CFCBCF5D2FD7BF611F386
:10AF4000C7EA4E00130970086FFF19FC27FC5FFE6B
:10AF50006BF688DEB6F28405C1FA7CFD14F209F1C5
:10AF60000DF1FC1292188A11A2FBBAF9AC032FF66C
:10AF70001DF80DF84FDDD7D8A0F0CA054F03C70F55
:10AF8000E80F37FF8000A9EB26F627E9B2FA18FC94
:10AF9000ECF189FACFFC71FBA6042F11A115A40EC8
:10AFA00042FC370002FB38F4F8F68BEEC7E3F5EE0F
:10AFB000AEF64CFFBE023509680BD4FB02EF4AEB3C
:10AFC00035EE28F6B109910B36088D03A2F5730012
:10AFD0007B066806B90AE5FCB9FA57F8CAFB65F9B9
:10AFE000E4EAC1CE52D35EE9D401D9042B01CBF2FD
:10AFF0000AF6A00AFFFCE5F809088DFC3602841168
:10B000002B064107090461025EFF090C5CFBE6099F
:10B01000E8FF0B0AD7F7A5F649D796C34ED58CECB7
:10B020009CF491ED1EFA53F217F79B0D8E027D0FE3
:10B030007CF9D2EDDC00E30E320F4FFBB00A6BFD62
:10B040000A04E40DBF06E60E6914BD09B60F62F5E9
:10B050005EE21EC5A7CFB6E0A6FB18F48604B4F6E0
:10B0600073090E0471F6F0E7FAFC470156028E07E9
:10B070003C0140FE4C007A02A7F955F5200E9B06D4
:10B080003E0E5813741429097FF607D310DE16DB21
:10B09000D0EF04016D06EBFA13065507E4FD19EF36
:10B0A000CDE75BFED30569FB7FFC66F80CFA92E8FE
:10B0B00039FABEF5BCFCA40051038C0FE21ADD077F
:10B0C0009BF3E5DD82E39FD801F50FFDC207FCEE9F
:10B0D000BF05B0FF91F8C7EB36EE020053FC3CFF12
:10B0E0006CFA6BEE13ED30F3C3F5E801B001D50156
:10B0F000BA0CB213B706251025F6F8DDB3E9BCE9A2
:10B10000F8EA38FC810812059A059AF858F3D9F83C
:10B1100003EF6BF6B1FED40294F8FE029801ADF491
:10B1200017026604C30CD6FEE105840DB4FD690563
:10B1300059F8D6F6E8E05EED1DEB40EF1DFDB806D0
:10B140006A05ABF85AE8B7FE7CFA72E79AFB7A0216
:10B15000D3FD0000EE05DA0BDE07EEFF38FD23EF2E
:10B16000B4FAAEF615EA20FA6CFAC80167F516FAD9
:10B1700014F77CF169E4F4FAE908EEFCB7F8081377
:10B18000C00E4A08BA032908AFFD840A580332FDED
:10B19000640148039AFD20FFCBF20DEA1FF0A7EFF0
:10B1A0001902E3F927FBE7035FFC21E5AFE449FE61
:10B1B0009504C9FEF706B811DA0FE1111319451A03
:10B1C00064051413CF00330B9B033F078F01A800C6
:10B1D0007BFA46FAF1EEE0EE4DF79AF510FE45F5F2
:10B1E000C0F887F9A6EE01FB01FCCEF5A401FD0134
:10B1F000AC063D167E14C814D6155923570ED91027
:10B200002E1902043CF7AAFFFA031011600A070A7C
:10B210001AF22E02461B2D224914E0F86DF5290979
:10B22000620062FA6A042BF964FE5606E5FB6B10B5
:10B23000B61BC82A0D3BEF308029232CF41BFB10D2
:10B24000FE34CF206C1EB115371971139F0F6A0A97
:10B250006CF8AF03B3FDE8FACB04BF043106B3F7D3
:10B260008E01D8F42E007EFAE7FE2608B40AAD104F
:10B270001B08A20A4B1D750B9005A8EDEAFBDC012B
:10B2800033F9C2043D0396FDE805C1F950044303B8
:10B29000FC08D802730A84FAA2025EFA8C093E0402
:10B2A00065FCCB0968F89AF8CA049705AC0552F614
:10B2B0009B07C8FF54FD6301400AE3FA89FB4BFE7C
:10B2C000BB09E30631F7F1FF230835F8FFF55C020F
:10B2D0003BFEBD0AD80C5B044A12BA1636052B0C8D
:10B2E0001B0E8D288516D21041183516EF0DEA0D6C
:10B2F000C71A2E177215C800430742030409070A2C
:10B300009DF5C5F9A6064B001A0BE5022913B314E7
:10B310009C0D7FF5B401CFFD7F04A1F9B20EA315FA
:10B32000FF0DAE10261ECB1FA50E140D7114C619ED
:10B330001D0190074904F3FC49FBD7FEC5F90E092E
:10B34000EE03BFFDD803230D840583F515015CFED4
:10B3500087FE650A5C135E0F3C0C7907F6140E2419
:10B360005619851F120F9108F5051A07A50D73F6DA
:10B37000C3FFF0F79AEED9F777001AF0BAEC00FDA8
:10B38000EDEFA1F70DFC4D019B0046FAA2FDB50EB5
:10B39000F718040EA81393183C1D20163E116E12C8
:10B3A000690C641CEA090AF660FD9F0037028F00F1
:10B3B0000DEF75F8BDF384FA48F87AFE890708089E
:10B3C000EFF10FFBED05C80DF50E28259E140620A4
:10B3D0006825031C21146613601E300E6210B5FC34
:10B3E00023FB5A073DFB4DE30EFD60F5F300AFFE76
:10B3F000BB065BF784FE45F9C300B001CF0EF31B1B
:10B400001820211CC225581FE929FD163317CF0F1C
:10B41000A41A621D701D7AF7E10467F047FAEBDEAB
:10B42000DAEFE2F533F3A2FDA6FF6404E4040104BD
:10B4300038020606DC14C0091510EF126F1A211528
:10B440006D0C6401CBFE78EF4DEDD6F85C194CFF26
:10B450004103E20A2F0528F8E6DFEEF4E000DEF80B
:10B460004E03F1FDC7F8D305A1FEFDF911F6DEF09C
:10B4700004F7CBE9A9DF56DE72EF13E430CF80DBAF
:10B48000BEDC43EC7305B3FCD3076AFF2CF96EE90D
:10B49000300422F655F8B703DA07BE02F0FF77F959
:10B4A000F602A7EBBADD63CF27B29BA674A3EF9A8F
:10B4B00023B10BACF0B64FC1D6DA4CF138006A00BC
:10B4C000550AC906F9F4D5FD8805CD050FFFDD0342
:10B4D0004E0AAE0273F4B404BEFAEFF3A6E10CD642
:10B4E000C7C208C428C66DBBBCB6FAB0A9AFE7C1D5
:10B4F000DED48DE15D07F802ECFF4B08BB017AEE6C
:10B500002801CD07720BE7F908FABA052400D8F82C
:10B5100013FDD90113F061EEC701CE07130039EC1A
:10B520004CEBC6E84BD60CD1AFDEE6EC7405EE076B
:10B53000990429060113AF090D008D02C10EA5FC67
:10B54000A00541013100EE0E64060CF79AFAA10243
:10B5500074124B190523A71A5E10E804B6F3D1F054
:10B560005AF4FBF7950AECFA3DFC45024910A11D7F
:10B5700041142EF5B7FFF60EE5F918002F05030864
:10B58000CFFD640A6D03C60FBA0B6F0F9417721DBF
:10B59000A20C440C2B075A0EA6FCA2E396FB1EF845
:10B5A0002F0427FB95FF940ED00101E96606740273
:10B5B000DAF757F6E70B6709A6FA09F9EEFCA906D0
:10B5C000EE14E001AA0AF418561CDA072603CC0C84
:10B5D000D90CC9FBE4F362F7B602F40C58FFDFF2B2
:10B5E00043E5320195FB9306D6FCE5F57F00EAF3CF
:10B5F000A9F71C06BF06DCFC8AFFF901E80C6F0DF9
:10B600004B0CFA0D41087808D013FA07B7F8BF01C0
:10B61000BDF9F4FFC4017A0227EFF7066FEF68F473
:10B62000D0EC51F041F2ACFF74FF4C0B300CABFF8F
:10B630007F0193FE3D03430D57068E01F50E2F0843
:10B640004D108B06CBE915FA7201E4F82DEDF10EE1
:10B65000B9F971FE40FABFF4C0026A0052FA0FFD58
:10B6600066030BFBDAF976F70A04EE00D10BDF086C
:10B67000960A2506CE0B5000750399FBB0F079F8B9
:10B68000370832F232EE900C5109670F6F013EF924
:10B690009801D8F804FFE5017F0834031C0349072B
:10B6A00080FC5204660332FAE1057D093BFB260764
:10B6B000080E0406C2F53FEE79F8C6F95707C31124
:10B6C000571EEA0377FC8BFAEC00E7F449F95B07B5
:10B6D0004D0467F4CEFB7DFE39FDF30500F820F93B
:10B6E0001A0A57FBA4F6AB02A1196E0DCCEE1DEEA3
:10B6F00001031BF3D9FF360B0E159005830097F756
:10B700002EFF900A39072806D000F80255FE6A0479
:10B7100098FB05FA320497FDB2034A01D70AF807ED
:10B72000E80DFB113CF0A00C2BFAF1F6CAE511076D
:10B730002C0E020B72053C01F7F0AE01BE03590856
:10B7400088092110760635095E0C9AF8D0FE5E0253
:10B7500008018BFE7605D403E5F3590F8F044EF9EB
:10B760005F01ACFB75E854FE31055CF547ED80FAEE
:10B77000F0F9AE05DFFE79FD3A019C03C4092A0207
:10B78000C7FD4E025FFB82FB0D02C8F32900F802E1
:10B79000CCF3C307D806A3045AFCEBFB610609F5FA
:10B7A000F2F6EB09B9FFB6F07802A9FE320D0608F1
:10B7B0005FFFBCFCD5015101D004FAFEC8F20BFDBD
:10B7C000440521F29FF98E001E045FFDF50EC6F8B8
:10B7D00053F8C5F770F2510D880A800E48084A03E5
:10B7E0006E0B6B10AF0350F7BB0CDEFF5F076403FB
:10B7F0006DF60CF6BEFD61FA0D026AE71EECDBE1A8
:10B80000C7F0A0F048023FF680F5A5FE6FF9300FB3
:10B81000D60998F95C0C4C030B14A825A215CF0B84
:10B820002D15150C4B1191131E0ABD0449104E190C
:10B8300075115007E503900AE30D8D02A4FEB0F7E1
:10B840002707E805D60202010705ECFD06025E0A9D
:10B85000A90187FC93F79607A0FE3E0F520E3C17F6
:10B86000ABFC460C1001C20B910BE90AAC0D41096F
:10B870002B00EEF5B5F8EE0657FF19FFCF00EBF8F9
:10B88000FCF8A8058DF762012EF8A00CAB02050CA0
:10B89000060EFD0762F92D02ED00D10AD7F98102EB
:10B8A000A1FBF3FCE1F75402E6FB75F5CF03F9FFCA
:10B8B000D4FCEBFD73FE4AFE15F94AFEAF072C03DC
:10B8C000290604F7BBFEEAFE1FF670F412099AF689
:10B8D0003705CD04AF017BFF7A079AFCFC0020F905
:10B8E000BDF8A3F8EDF7C5FC74FE41FC9E03BDF75F
:10B8F0000A0085F63CFBA7F5BAF779006E000B004D
:10B9000064E8C9D819FEE4007600E204A3FC1A003A
:10B91000CD04B3F981EF80EDD2037E0AFE02560911
:10B92000BC006D09510815FF6FFB44F3D7EFB7E971
:10B930006BE6BFEF3FEBE7E286E5D8E098EB7DF6FC
:10B9400060096D0DDE02F30416FB6E039BF486F6B0
:10B9500086001EFF5F02430929081F0058F9DA0A12
:10B960003BFAD9FC05EF4BEB75E59EE7E4D45CE6CA
:10B97000A8F22AE421EF29FDF2FE58044B145909DC
:10B9800056111F00B1FB71EDDFFCEF03B9FA4E0554
:10B99000F30066043AFB8A0C88F361F393EA51F1F1
:10B9A000B4E83DE2D6F840FE57E3A7F2EBF2FD041F
:10B9B0000AFC600185075107C400DC06250E6323DD
:10B9C0008218CB0BB6FF55F2DEF7E2F9BEF9680438
:10B9D000A1E92AE627F582FF32065F0615F4C7F7CC
:10B9E000FEF7BDFA9AE932EBDDF390F89102B5F774
:10B9F000B002960009120B04551B57089CFD9309D1
:10BA000021FC5503331663069CF484FAAAF2ACFABF
:10BA1000F0FECC0BA3FC69033BED43FBB60268F2DE
:10BA2000F6F382F2AAF4E4FB6CFF5F0FBA0331F580
:10BA30007C0A1B0CDD047A0A900597FC8B0EF6F548
:10BA400007F3B9F94C0A1DFA22010E0E6602ACFE8C
:10BA5000890865FD93012906ECFC3F0DD80BB5FC68
:10BA6000D313880156F71DEE9B07B5F922FD960CFE
:10BA70006408A8037EF580FCB0F8A703CEFE060498
:10BA8000E4026B0A7C0CD405210BCEFBFD03500FA6
:10BA9000670547044B0C69022B06210666058CF7E7
:10BAA000BD068AFF58F75B0EF3F814FC590151F6F6
:10BAB0008F0BC5F7A900E302CE0D8C0D5A0CE514CF
:10BAC000460AF507680220FF70FE9B0843FF3AFC18
:10BAD0009703F0F541F623FAB1F422FE1DF2FC13B0
:10BAE000D4FF2FFBADF315033006AEFC72039407B1
:10BAF00098FC9C07A7097D0D9B14CE05EEF7EFF28D
:10BB0000C4EAAFF631FB2CF8F5F6B1FC57F562F953
:10BB1000FAF2C00C5BF9000BAAF508F5AEF7A8F332
:10BB200044FB0D0A5402C2028205690278FB79FBCC
:10BB300050FA2BF7FBF6EEFE7FFC84F9B3F07AF1B6
:10BB4000AAF651F285FB4200AFF3C4034EF81D087C
:10BB50004BF47EF264FD8AFC1B0AAAFF1A0C9AFDC4
:10BB6000F4FA60FF73077FF7D0E74EEBC9055BF986
:10BB70008FF975FAB1035BFF5DFF04F84005CE1243
:10BB800054F44DFE1FEB10F4B2FCAF0826F0B3FAEC
:10BB90008A10140CD9002FF5DBF43AF572F01BF77C
:10BBA0001DF088024D0914FC4D03B7F979FCB80764
:10BBB0001FFD6F02BF023804710B11F570E7F3F639
:10BBC0003A098AFD65042505CC187FFEE208740356
:10BBD00030F9F0FBDE0B80EE69025A03A4122F024B
:10BBE0003311980AE107F107070C630C0607B80147
:10BBF0003007B7CBFCD744FA83FC6E0251ECA6F6B3
:10BC0000DA037A164E11BC12F611AD18BE213E05AC
:10BC1000AF004A086F0EC00D0804CC094BFF2A077D
:10BC2000C1092212A50D890025F20DDF9A014EE807
:10BC3000F8F2E7F8A7FD01E7EC01E81264126311DE
:10BC4000E72DE32A19242728B31DE807C601F8FFCA
:10BC500028F933FEFE10C0056404FA08B406960203
:10BC600070FBD3E3DCEBD8E86002FAFDF2045DE49C
:10BC7000DFF1D7F92815EA21131B5E173720141BB3
:10BC8000C917D8134600580EAEFB01140A141B0046
:10BC900095F682FB03FE3CF968F18AEEC6E2E2F11A
:10BCA0004601F2006A0416E926F254F193FE29FCDB
:10BCB00000EFE9F17B02DF05E0F214EDCEFD3BFE83
:10BCC000F910C2032C0157078308430041FCF3011C
:10BCD0004CF2DAE7FEE557F9EBFDDFF45912B6E373
:10BCE00067E5A5E55CE3FDDD54E0CCDC66C844E037
:10BCF0000BD309D7BBF15FF7E60545FAA7F7A4FF19
:10BD0000DE003BFF44EBB7EA4BF10E04A9F8E10873
:10BD10001CFEE7FC17067FF72AE3CBEE2AE68BD75B
:10BD200011D7B7D091BEDDC29ECDA9DBACE98FF4AF
:10BD30003902C4FC4405C70210FD13FEF4FC45F7AC
:10BD4000C6FC9C2417EA550A1EF8360021111DF482
:10BD5000E7F946FF0EFA8DE43AD7E6D7E8EACFE0F6
:10BD600017F6FDF8E0FAA708D00071F454F63DF498
:10BD7000F0FD28F5E8F9F0034819E41076FD2902F2
:10BD80001EFCA8000800F8FBF6083BEEB5F7A3E898
:10BD90001BFAC3EA37FDCE0625FC14FF710995FB9B
:10BDA000DE025CF591F8C8FC0EF8E0FF2EF66200AA
:10BDB000D2184A081B1264020C093BFF430AA7046D
:10BDC000B204D4FB28F7640351FD52FFED092A04A5
:10BDD000780B480C1011C9FADEFEEFF094F5DDF196
:10BDE000CDFA95FB740289091821560AB40930016D
:10BDF000D3F719031AFD920F1C0331047115C20009
:10BE000070F45608E4026C06A606290CE507D60471
:10BE10007BFE9906CF00F203B1087517AD0CC1097E
:10BE2000571A0B02440139F963FD39FE3803EB0957
:10BE30001B0F7719351CC716B60A1106C80DA8FCCA
:10BE40009B12880C2F0DD0FE26054A088613E91B8D
:10BE5000742029158025F31496284EFB6EFA8AFF6C
:10BE600087096EFD30FA98FB300E5A250B294616CD
:10BE70008B0D630B16238A1EE517991F6723722DFE
:10BE800043260F2422114013E630AF20D7119A0524
:10BE900028FABEFAC8083900E1F811F8E2F9DC0620
:10BEA00032FD2FFE3513C111280B0E0A6F19EB0C52
:10BEB0008511A1129B16AB0C9B11DD0E8A0E6D0233
:10BEC000790400001E0B5CF6CF0676F6BC028A01F0
:10BED000C20141074F02FDF785F67409B409D5F98F
:10BEE000B9FE370822093101180495FBAE0CEE01AA
:10BEF0001AF66305C5FEB2FE48F6E10060F723F9C5
:10BF000086FFAA0285044002C3F76AFD2F064CF89B
:10BF10005EF57AFA2CFBEFF8E0FE02FD94F7E500FF
:10BF20002AFCC1F877099A0C190A7C020CFE26FE3D
:10BF300085F1EAF4B5F74F032CFF49FD6E02D5F801
:10BF4000EF060CF96EF8CF09590B1901FCFCC3F68A
:10BF50009AF73BF8FDF6AC069E0D9211C30EA313A3
:10BF6000E10B0BF60FF687F4F7F61E08D603A7F4DD
:10BF700013F617F7060837FBA20584068C08E1FFC5
:10BF80001CEF97EDA7FBC8F1C50550FC8E04DA0A3B
:10BF9000E0139214E9148D144A14E6FF0EFD81ECAF
:10BFA00082F671F2A1F98AFC9203060490ECB1F6D4
:10BFB0005204AB08BF021004F0FA66EF3901EA112F
:10BFC0007E0F020578092A0A7519231F17174E14C8
:10BFD0005E16880AE30A9502100315F5BDEF26EAFE
:10BFE00049E67FE003FBAEF857032000A607A7F45D
:10BFF00090EC23F850F25FF264F392FC71F09CEA4B
:10C0000043FD6E09EB09CD18F316F70FDA0F690936
:10C0100012F90B0452FE95FB78F1E6DC9EF151EC2F
:10C0200004FA02F642E547046EFA93F493FA8AEAB8
:10C03000BFF074EA19FCD5FA35EC75FDEF08470A34
:10C04000E9105A18DE14AC0B95FCD20CFB0318EF68
:10C05000E7D77ED79AF139F67AF8CAFAF2EDC8F640
:10C06000CCFAB4E8B3F99CFD63EDD0FC9AED6CEE2C
:10C0700079E598EB91F797040E16F910D2219414F4
:10C0800032134814B21042FFE5E986E7F1EB620B88
:10C090000C11E10291EF38FB59F46DF18BF16BF665
:10C0A0001DFC43F4D8F231F02EF1F0ED1508D70A5B
:10C0B0003D099A16D31C3D10B709140CD60888F513
:10C0C000A9F2ABD924FDCCF5DCF4C80148F0450257
:10C0D00053F2B7EA56FBCCFD2BF1B5F4A0EF2FF0ED
:10C0E00095E7EDF78DF65B06C6094601E213BA1730
:10C0F0006E02CE0E620D2705ADFC4AE296E405FF06
:10C10000FAF725FBEDFC2F0063F14EEFABEC83EF6C
:10C1100033FCD8FD6DFE70FA3C019CEA5500C6FB6D
:10C1200031FD64FF1CF6D90D6309A00F091C6114D1
:10C1300042F17AEB5BF4F50CDFFE56110206CA04FD
:10C1400061ED37EF24F2BFF5980175F926FA900AF0
:10C1500057EB05EEDAF13BF85FFBEEF42602ED0358
:10C16000A01D710A3A1E7C0C94FDB3F0EBF5A9FCFE
:10C17000BFF7970019F818F9130B8FF2D0F731F0C9
:10C180008DF912032DFB9E0028F709ECF0FEC40385
:10C1900070063B0040079A09660B3905C20667FD29
:10C1A000A20254E2A8EA12FA3D11DE0083FD46091C
:10C1B000280A40018406B1FCAB069AFF62F7F5FE3F
:10C1C000E3EA9DF4F00B650DA8057FF4FB01F40B89
:10C1D0008903A3038EFE14F7A1F6E3E912F2050327
:10C1E0008DF85FF5C5FFF4014B0ABA0265F96E0ED2
:10C1F000B5FF80019101E9FF73FCB30E040E4BFE05
:10C2000016FD6BF86BFEF4FED90739101B095DFAB9
:10C21000CBFD47F0F51F23FC19F69DFBBDF0470051
:10C220004E122B1636FFC101C0081E063FF862FAF7
:10C230007EF6BDFDD00012FBF304D3018CF91CF295
:10C2400036FE3AFDA6F77DFFFBFFEEE9FB13321148
:10C25000DD09D9002F0FDAF09706CC065A03E9F969
:10C2600096F9FF0D9CF8CA05E1FEF803B902D90161
:10C27000B4F979F930EEC9EE69F0FBEE0AFE47F643
:10C2800080FE2CEEC7158110E9F649F847FA77FED3
:10C29000690C3B01EA021AFA5E0255FB1FFD68F7C2
:10C2A00088F68F037AF3D4F996F9A6F4EDF282FAC0
:10C2B0001CF186ED49F3FEFAB1FE130E9C148702C1
:10C2C000AA07FB0E5C000400E1F5BAF8A7F0A1F69E
:10C2D000EC0890FA04FEF5FD50F5ED01E9FFDAF502
:10C2E000C4F9A9F547F66FF47EF93DFE43FEECFB79
:10C2F000090B3D0AEB0C27156102BD130101BB02BE
:10C3000027F757F62CF5E002BFFB1C0CE4F9BDF84B
:10C31000A1FF640AA0058E0219FCDB01B904E5F453
:10C32000F8F9E1FDFE158E1386F80F118909AEFFAD
:10C330003E061C098AFE2003D110AAFE9C0601FCC1
:10C34000BB065200FC070DFCB20BE4016F105A064D
:10C35000B60C2B07B10FC70E0E02390CF80AC60D2A
:10C360003F168A183D12280176FF69152711DF2C28
:10C37000741456008E0F6301BBFDB209630A58F7AF
:10C380001EFCCF09390DBF03BAFEFBF82CFCE906F1
:10C3900008FCBA002B00A4034709F011711DDFFE51
:10C3A00044071C0B6D173025E3090B0B5D1C4F0C6C
:10C3B000D107A20B8703DE05D2FC590FCC00FD008C
:10C3C000A402DCFE5204C0F336F755024D021D08EC
:10C3D0003C000B0729FF420663FB9AFA7F024303E6
:10C3E0006BEA04013FFD310412054809050B6C0896
:10C3F000C40F9A11830A5BFA070509FB9D0050FEE2
:10C400001CF482F7B6065CF5780181FEDF1079F73F
:10C4100025FCB2F6EFF4DBF453F24CEF2BEAB6FF57
:10C42000D5FC5809B5FFA2FBF500F3F822F29C09F0
:10C430009AFA9410F9F930F7BEEB29F8F802D00215
:10C4400073FE470ADF029E015005AB05880FEFFB24
:10C45000B5EA3DF8A7F6BEF21E08870184E37BF437
:10C460002AFE5AF032FD2AEEEE02C4F327EDFAFE60
:10C470007B0BA2FD28FE2C0222FDF5F922FADD0538
:10C4800063024CFFB5F8DE0DF40D4B059406900ADF
:10C49000BBFF0AFBECFCCFF507F700015A0ABD13FE
:10C4A000CF1155F340FB9F05DB08710C15F98C0388
:10C4B00013F59BF484025603ADF8C7FFE0FFAB020F
:10C4C00060ED51E514FACC0AAC01EE0A4AFED1FF48
:10C4D00032FE7E0AA4FA3C0617FD690D7E0D9F030D
:10C4E0002C08D306EEFF80F837FD4207DF0685F7FC
:10C4F0005C06D20357FFAD09B0FF07001C08E3FD3F
:10C50000980609FA90FF0DF6590470FB56006EFB71
:10C51000910841F99CFFD5F8B9FA76008AF592099D
:10C520003708EC0274FD7F0A9CF5BC03A800650582
:10C53000CFF7D5F98A007DFE8FF85BFB83FA0901FE
:10C54000A9FBC0EDFF084B0DEF00DAF3C10098F432
:10C550003205FEFCF304FFF7C3FCACFAF00063FF06
:10C5600082028AF83BFFA0FC0EF617FA04039BF93F
:10C5700036F971F9E20305EFB3F7D70651F7260351
:10C5800067088400C00ED0116F084005A1F35C0F4E
:10C5900000F7D7FCFDF7F7F608FBBFFF8E0E82060B
:10C5A000D2FF28F8F30ADE0517189E0D1312C9FCF6
:10C5B000A70D17FC9BFEE90516FB10F841F1C2F12F
:10C5C00089FE41EF07FAAC01350BECF9E2F296FC7B
:10C5D000E2FE6D09320D330534116CFEBF1579147E
:10C5E000DC18DC0E5D1A4F11BD13AE10D41A6D1A93
:10C5F0007806E406DDFF200764FE7DFA90F741022D
:10C600004B02A700E2059A08EB020B010C11FCFE9D
:10C61000F503D20F300FAEFF04F618FC4D065B1683
:10C620006B1A8F08B703790D410EC3063F008DFECC
:10C630001A03C9FEBDF39F0319027E0CDE134D02DF
:10C640002904A2FE7B081E053F018FFBFDFA460A66
:10C65000770FD807E20E3916420F7B0A200AF90A33
:10C6600088FF6D07A503600304FD25FC72FC0C0721
:10C67000970B8511D304560294F993FF50F30CF0F5
:10C68000F2F7FEF4C2FFAD052511A8FDC30386FC39
:10C690007304EBFAB80B680BABF47DF885F713FC69
:10C6A00011069AF7A6F79B0778F5021020071B00E2
:10C6B000D20577F07CEC59F4B8F53E025B14001318
:10C6C0009B0701087B020A06E9FC9708BFFD4800AA
:10C6D0002DFD23EF4FF1EAF604EF16013F0601FDB1
:10C6E0002DF95D045C076B04A9ED6AEFE0F68306A3
:10C6F00001F89E0F900AAE05BE179205510101FD8B
:10C7000088FF22FCDCFC83FAE30229F033FF0AFDF8
:10C71000E0F9C5FA0B053701F808F111D80D2A0820
:10C7200093EF3AF43DE363F88BF883016A062A0B32
:10C73000BD06A0F7350A79F94604AB09C410480BC9
:10C740009F004002E1FCAC0A77FF49FDE1F26DF188
:10C75000BBEF12FE201701023DF172EA40D823FD23
:10C76000D110E00A6602B3F6C4FB50EDE6F6BD0A4E
:10C77000F90FB3150C1C770E430E5305F70C42F955
:10C780004DF809F24ADBE4EB3EFC4904890EC20C89
:10C790009F0518EBACEB03F9DCF94F07DDFAAC00B1
:10C7A00021F9BEFC59F54909C80B4B17E71A650E6C
:10C7B000430CB003F3FADBFBFAF618F7EFE714F0DB
:10C7C000B1E22300700975F849FDD4F585F16DEFEC
:10C7D00012EDABF88DEB390064F276F34FF52E0EC7
:10C7E00037098515C0094D11B10CD3FEA105C6FE50
:10C7F00014FEA8EABCF689F174F395F412FEA407BE
:10C800004B058F018BEDC7F38DE842D863F0B9E794
:10C8100075FAD2F511EE3AEEB50221101317120790
:10C82000E10BAC044EF25DFAB1F67AFE21F123FA87
:10C83000EDF42DF070FACDF237FB2D0B9FFFBEEB20
:10C840009CE602E0A3E7BEDF9BEA5AF822ED2CF05B
:10C850006AF5AF007B160CF746FB79EE42F708F855
:10C8600048F901F5ABF74CFB9A00840332F999FDC6
:10C8700078EEBC09C2085FFA3FE950EBBEDB34EA50
:10C880002AE0A9EC74E63ADB26E9A104BBFB62FBD3
:10C8900030F445FD3209BAFC08F873F60FF80CFEC7
:10C8A000C9F99C02FAFA8F0077F8B903C60C6B112C
:10C8B000850055FC70FA2CEDDBE63EE359DD03DE26
:10C8C000BBE238F3EE0165F49DF546FE06FEE70196
:10C8D000D4FB1D004B0062F45EFEFDE963EF7D15A5
:10C8E000B4F81709D302CC16330D7D16D30846F7DA
:10C8F0006AF385EA1CEECEEE38EBA3FBE404A00954
:10C90000D703E9044CFF00116E033C0741051209EF
:10C91000C40BEB09A2FBF40091F9AFFB7CF8D20742
:10C920006C1131109A05F1FE6EFAC0F569F9C1F883
:10C93000BEF41DFFACF8F607C8170F050D01A30DD7
:10C940001607C6FE7D0DA6FD050EC40B32FDA10522
:10C950004402D7FA92080407B018920FA714200BCC
:10C96000D30831F9AB017C0109F9A50525F648FC8E
:10C97000E0069518EC155315D3141D0A0407B308E7
:10C9800002FE5C0ADFF96A0BED0A9BF8C70EBA10CB
:10C990005C143316D112821ACB0BC30943123EFF2B
:10C9A0005A0B190B87FE970B7CFEA70A77105210C3
:10C9B0009F0F0B0CE60CB7FD06FADE0C6FF33C077D
:10C9C0001E01FD08A905C309870FF40FE216CA0767
:10C9D0008F06B10A620E880E7BFD52F68DFC44FE76
:10C9E00027F83C02DCFD6B059D0E5917490F6AFEC6
:10C9F000E4FCB7F3DFFC7106A800E1F6B9FFED1522
:10CA0000C50C7CFAFB02F0F4790BA107810ECE0174
:10CA100014007FFEDDFB75F40BFF910057109802A8
:10CA2000AE0DA8096B01B01253FA1DFBD601D5F863
:10CA30000D0670FC02000304F9EEBAF214FCBEFA13
:10CA400089027DFA5FFC9008FF0568F148EE260137
:10CA5000C3FD47FF980CD7002C09D1F93C086E1193
:10CA600007EF29F3EDFC00FDAAF813F956065EFC6A
:10CA7000EBEF73FD670057FDB0F99DFE7BFFA5F658
:10CA800083FD8D0F3D1280FF60104107170919FBD0
:10CA9000D705F7FCCF00CA0ADC05D908BF010DFF96
:10CAA000BD06A1FA2B0439FAC0024EEDEDF1F301F7
:10CAB0000DFB91040B0ABE00E1F8A9F874FE3202E6
:10CAC000B60AF206C40389E42E015D1A891254FFE6
:10CAD0002D0CADF83CFB2BFD190153F7510298FBCF
:10CAE0004F048A06DFFF53F6CEEB68F4C9E6F2F88E
:10CAF0009AF1E0ED2D06B10692FEA8F0BFF0FDEA36
:10CB000092E38BEF660624F442FB4CFD4B0647FD97
:10CB1000AEF66F08A603F10717F63CFD48FBFD04CF
:10CB2000C40808F7A8073EF85004FE045C0DB5F7EA
:10CB300084F8CCF5E002A1FD78F8F1FD01FE640473
:10CB400095FC900404FE1EFC60FFD104E808AC04D0
:10CB5000D6FDC50BEE060C16A2024E074804EC11DA
:10CB6000B3049F0400046906A70A4F09B804310BF7
:10CB70002513F10C5D0AFE0CE6059AF865FAD3FF61
:10CB8000830744FD67FB2A084704F5FD4B189E10F8
:10CB9000C422822CBF2A9D12620DC712661914147A
:10CBA00053136A15D20AFE0F2E1F83219909C71548
:10CBB000850A81FC6E002205AFF9F4011C142308DC
:10CBC0005F10B50423057BF771EFC600A500D2F80E
:10CBD0008A099A05AAF627FEEE0235FFFE0ABE0074
:10CBE0009EFF30FF460EDCFB99027003BB098CFEF2
:10CBF0003B0954F7880560F669FA970AF50FC9F4FE
:10CC00007D02F50451FEEFFB5209E00372FEB8F815
:10CC1000ADF1CCFFF300E3090CFDB0FA8EF00C0887
:10CC2000B6FDFE0242F4CBF5C80447FB6B02A0043C
:10CC30009B0134102C136409230EE3FEFB06F7035B
:10CC40005D0DE6FE7E0186F9430371F9A30382FDC3
:10CC5000BDF92802C6FD8A124A07C1FB65FD3E00E8
:10CC600067FC3A02F5F7890860FC190AA400CC07B2
:10CC7000A7F56FF0BFFF6F03A4F51A020600A6F92F
:10CC8000DC0213FEDAF97A0716F7F6F700FA13FC5E
:10CC9000FF12B1097406E9FCD8079B0CBE060E040E
:10CCA00060F4FDF7FBF9EEF66FF5B2FDFD0819FD36
:10CCB00011FA3BFC0D0314F6850393018F0721FA4B
:10CCC000740A120CDC07E8ECDDFCE1FF3405CE0150
:10CCD000E1020B167BF89EFCBBF1E6F344FB66FD1C
:10CCE000BF00380843094F1542FB5D04740B55FD26
:10CCF0002E0177059AFCFE07EA0A70F133FAAEF2CC
:10CD0000C5F9DE03D7F4C90946F7DC0E5E0F710AD8
:10CD1000C5E8C0F69EF64A01E109E4F8BA0BCC0476
:10CD2000FD064FFB580317FE34027B0E12FF14ED75
:10CD30003FEDD9F4ADF608E585FC6EFFEC06541422
:10CD400092FC7D05930192E967EFA3F4A8EA95FCB4
:10CD5000BAF94BFF5306C003EBF00EF5C502011103
:10CD600063FE03038BF0E0F8A8F5A6F9EDE968F798
:10CD70001FFA020D171035069AFE780BEFF977DED1
:10CD800076DC36E664E60FEBEDEC53EE16F6D5E80E
:10CD900066DEDAED540379F938FDBAECEBEC0CF30E
:10CDA0006EE0F6F2AFEAE5FD7EF8CD035EF34515E1
:10CDB0009600B9F229EF0FEB56E443D9B7D863D602
:10CDC00082E7A1E0B6DB8AE7E0DAD4E439FD2101AD
:10CDD000B3FCD8F057E691EA5FF2DCEF6DFB3AFE68
:10CDE0007AFBF91A8718F312B0FE810055F7F0E8C4
:10CDF00039DB36DBECD469DB46E90CE05BE9CDEDF1
:10CE000060FDCD036512700722F5C6F53DF631EEE3
:10CE1000450523028A0861FEB8134F15BD1DF216A1
:10CE200055FFA6FEB2F97AFB4DEA43D7A0ED8BEA97
:10CE300013F585F050FA4306AE1ABD1E9219AB06E3
:10CE4000C8FECCF2A504A4FB3A0CF301B3179B1265
:10CE50003201F309BC219B113BFC6C01EEF9030587
:10CE60003203B9FE24F4E5F97D04E5075C09331AC1
:10CE70007E22351D871D1E027B00F004D604AFFB09
:10CE800078F7B8F9B1FD97048606FF0ED90AF116B6
:10CE9000F805BAFC8601FAF96FF9AC06D11B100C43
:10CEA000590D8D1C1118EC14331E94181F0A880597
:10CEB000720D460AF909A10940FAED1124029E10EB
:10CEC000A5014F20B316BC0FEC07AEF69CFE430045
:10CED000F60B0C14E21C51199108C614330F080DFF
:10CEE00015159D138010F00AB502B50E210653F5F5
:10CEF00079FF8DFF4F0A45052E06361C261C751B33
:10CF000055F983F55BEFCA097604C013440CA115EB
:10CF10001413550CDA041A06E30FD70C4A0228073B
:10CF200059FEF4048F07E0066E058B0E6F01A60B09
:10CF3000811B46301022700BEAF88DF15B0316FF5F
:10CF40001F0A100E7604C111F0FD5A108E0D8B0CC5
:10CF50002D011E072CFD9C07610651082605C309FB
:10CF600051150F05DA011B14260CF0283A1AE816A1
:10CF70007FFE8EE70509110E1F02250A11045A06CD
:10CF8000470971FBA8FCEF03211348FFB10B07040D
:10CF900073093C065E02DC008C1155076C055404D5
:10CFA0007CFDF608ED11C0031FFB8100CE135D0769
:10CFB000A111B3097103B700F3001908B7FB2E04E0
:10CFC000DAFFA2097DFFA7FBDDF7A4026105C0051A
:10CFD0005903C905E406BEFDD40A14097E14C50030
:10CFE00045FA0FF8BE03CCFE2E0CAA1788FF01F5F8
:10CFF00044F8C6FB0404ABF4C3F8CDF8A4F9590116
:10D000009302FBF9CBEC0809C80AF8FBFCED18F217
:10D01000DDF5FD0475004EF8B5F684F54311C4F254
:10D02000D6034AFE26F97DF0D3E2EFFB95FAA1FD87
:10D030000C0A69FE3502AA04290244F719F779F6A9
:10D04000CD04340122FE51FAB0EDCBF6630B7FF62E
:10D050009BFB07081FFE4EEB78EDB8FBFDE0ADD95A
:10D0600057DCC7EC45ECFFF885F0ADF934FAD0F8A1
:10D070002BF8FEF5E6F006F8CBE77DE2C2EB94F084
:10D080008CF33F013106A8FED40819FA43FC0700CF
:10D090005907B7FAB6E973EEAFFD5CFB20F256F71D
:10D0A00069F4FDF0FFE4F0E817E91CEDD2DB0BE7D3
:10D0B000AEF2F5EDC4F653F7A0FBCA071005BBF5B9
:10D0C0006507CEF6B40977FF9BF295ED60F4670132
:10D0D0004F094A02BC08E30DAFECEFF9BAF489EC52
:10D0E00082E090E62AE9FEEE7EEC96EC64EB58F4E2
:10D0F000540107048000FBFC75FB1704E1FF3C05AD
:10D10000A204CDFCA5F94104F2FD8800AA0627037C
:10D110007FF78501D1F365FF8C0330F73D016DFB8F
:10D12000D10006EE27FA8BF91B062E089BFA36086B
:10D13000E006B208F8008EF6DDFD4B03D0FFA3FF3A
:10D140000CF69E03E502C9F95BFC25F398073D0147
:10D15000C20052FEDAF5DAFD86F8F2FF9605F30911
:10D16000B307310322FA2E0717F7F8FB00FDD908A1
:10D170001A06B2FACA00FFFA3FFE19FFFDFF60F07F
:10D18000A7E8C7EAFE000AFF3914910FBFFD07EEBA
:10D19000DAF498FDD5F8FF05DA033D05A9029FF5FD
:10D1A0009DF947FE6A0900FEB8FA0EFEFD00E4FA9A
:10D1B0008504C413B81572111310D8FAF4FD44F89D
:10D1C0009BFF3CF9C9014CF27EFBB5FC74FC1800D6
:10D1D000A30B8708640839098AF7DF00CD098106A7
:10D1E000ED01A1012C0CCE18701A07112B0D000AAD
:10D1F0007F0743F6B5F5E5EF72EB52F3C9E37DF136
:10D200003CEEA0EF9A0892FB6B0F4A089706BEFC13
:10D21000CB039EFE3F0C2A11370ABFF8ED026007D0
:10D220004B0A0304E4037603C90E6F0751EA2BF39C
:10D230003CE6A0E652EF04E44CF3D5FD45030901BA
:10D24000D20714F90E08FCFC6FFEA001FB03E40CEE
:10D25000631AC805ACF632FD820B2802A004A513A0
:10D260005412E2088D085408CDF071E10DE560EC30
:10D27000CADC50F43BEC5DF7DBF43C017708FB10B3
:10D2800058022B00CD11802769105008CD11AC1623
:10D29000B70BA10F2412C5024C13D30F040F841136
:10D2A000180417FCB8EE9AE335DCEBF769F136E6C3
:10D2B000B6F650F0B5F2BCFB6D0A281B38226C2480
:10D2C000FE1DA9129D14FD067F128418F50AB511E2
:10D2D000C90BCD141915570F500A8303A6F93AE666
:10D2E00073F131E921ED49DFD8F9A9F667EDF1F3E2
:10D2F000D8036424C60D2307D8218803F8088606BE
:10D3000017084E099F1010124A1313166C15C00A05
:10D31000D109F4FCC7041CF878E406E6C8EA9AF2DE
:10D320006DF239F2AD0953020410331FB710E10F4B
:10D33000DA01AA08DE038AFDC307810BD7048A033A
:10D340001D02E907AE0232090710860C410850F5AC
:10D3500053F393E7B1F4EDE599E6B3FF9E0B550562
:10D3600050134B01F90E620FB1FA0F0D640617044A
:10D3700023FAF7FD39E676EFF4E89AF3AC023100D0
:10D380008D03F20B39125AFB9FE55DDA10E7B3F813
:10D39000C1FAC9F804F47C08A5062C07FE024DFB6F
:10D3A00032FAE9F6A4F95AE724E623DBC3E08DFB61
:10D3B000CAECE8FB1F04E0FB6F09190B4B195E0573
:10D3C000DAE9DFE077F293F986FF990503DE4EF1A3
:10D3D000D30BF5FA15F25C00AEEC39F2ADDF4DCBB4
:10D3E00058D198D5A0ED04F8C8FE01FBC4FF77FC26
:10D3F000F3082909AE0BD2FB5AE891EA8BEA82F5D1
:10D400004CFD19100504DBE3F3F937FFBC0EFDEF0B
:10D410005FE3C7D16ED721D307DD6BE56AFFD10982
:10D4200018FA6A04E2017600160641030D0582EB44
:10D4300005DD7EF0B9F9EE02B517F6221A12C6061E
:10D440007B029B04730AEFFC29F50EDA22E9EDFB5F
:10D450009FF60B0E490FD30FEE0460163005C4097A
:10D46000C30B170A62085EFBCCF19B00F100AC1500
:10D470006E08B30A6922010708F9790672F802FCFE
:10D4800023EAF6E791FBE4FA2EF9540E800CB90C6E
:10D490001001B51099FE8518EF039C0E35F87FF743
:10D4A000F0018E1135185C1954186E0F610EA71219
:10D4B000A201BC002511E3F9E1F388F90202250974
:10D4C0000301E80B16111102EF0F0B055406240A95
:10D4D000CB047F0361F77F01B9FF1613D617B00E97
:10D4E000A11D8216181AE210A4090D10131BAE0319
:10D4F0008F07F7015E0090F780FD510607F06DF68B
:10D50000F7FC5405340440F9470486FBC6F33BF5A9
:10D51000F002880715020D0A590958188B180518CA
:10D52000150966125D10320981FFE8F9FF059DF1CA
:10D5300005F1D1E741FA71F91BFD7EFD95F4D100AB
:10D54000CB0AB60458017EF661FC2FFBD205BC1055
:10D55000DD01C204F119671595003C15B306710091
:10D56000D1F1A2FED1ED45F0DCEED7EA4005D10CB9
:10D570008D0A2BF95301380BECFFBAFC20FFD3F5D1
:10D5800087F95704B606E50B19F2B2F7EB18EEFE71
:10D5900006FE6B0AC902710AC3FEADF60EF15CE429
:10D5A00017E9E0F83CFE81072FF8DC0170007AF6FD
:10D5B00056F056EA3BFD99F7FFF196054B056EF9DB
:10D5C0000CF74CF4FC002BF512FBA40C8113831216
:10D5D0004D0648F4F5F514F3A0F38EF242FBECF59A
:10D5E0007FF24203230762049105F4EA49F101FA4C
:10D5F00064FB13001406B70719EA6B01D20AF1FDA8
:10D60000CA0169F78809600AF6099E0C0AFC070539
:10D61000CCEC19EF50F90EF617FE88FF9B00D300F3
:10D620006A0173FC66FD3AFD16FCC502CE0110EEE0
:10D6300070E560F912F6FBFFAA01B1075F11AC05B6
:10D64000D007C00CD10E68077CFB320667F830FBB0
:10D650009903060424094F013FF14FFEA7FFCD03B4
:10D66000A1FDB2FCBFF1E2F3F2EA0BF2A8F4A007CD
:10D67000A004EBF8680CFF00CB26D5222909AB10DB
:10D6800008FABF0102F439088804150C5A0DB002DB
:10D690001007E1FF7FF8ACFC5DFB6B085BF95EF403
:10D6A0007AFA570A160E52FD4FFFF7F910020F02D1
:10D6B000141972150411EC09CC070D0557050E0756
:10D6C000DE12E20E7C0F780B43120E0961F5BAF7F9
:10D6D00006F670FC66F41FE894ECE1FC14052FFAE2
:10D6E000B1068EFCEDF6A507B0FA9DFBCCFE151138
:10D6F000A20CD7162309CF0DF30F101B9D21EC04AC
:10D700005D05E906470DB8091D101CF704EF4DFA39
:10D7100019F684FC40FB5EF776F59C002FF939077B
:10D72000BB00C20F3C0CA0121C0C850A9D0E7E1A79
:10D730009811FA1A910C820F3D040A0E9BFA01F916
:10D740006EF9EEF55CF31E0691F62E058D020608C5
:10D750007CF9E906F5F65FFAB0F84E08660551F86F
:10D76000C806F5F76A0AE5FCB7F9B1010609CF0961
:10D770003E0AECF6FEF64607740104031505DBFDD0
:10D78000A4FFDC06C301C7F8AC0233FC840AA1FC89
:10D7900078FA8DFDA0EDF6EDFEEC9EF0B2F20FF8FA
:10D7A000F4F2D0F302E850EE1EFE14F032FA87F2E3
:10D7B000EBF1F9FE120112EFEEF8E9FEF0FEAFFD1B
:10D7C000EE03510715F87DF939027FFE4AFA28FD6C
:10D7D00074EFBCE017DC08E247E818D78BE382E679
:10D7E0003EEE7505F4FEDB06B40196FA24F713FC51
:10D7F000BF03EAF92809BE099509BA08C5F8FCF97A
:10D80000A2FDEAF5E5EF88E619DE2DE362E549DFE2
:10D8100024E285E4C4E3BCEA95FA8F046A02560563
:10D820004402FE07AFF96AF155F878F1B6F539050B
:10D8300080F8F00763076C0321043AE3A6E553F58B
:10D84000D9DEB5DEADEDF7F372EE8CE703EF51EB09
:10D850004500BBF53208C3FAFAFB700314FFFCFA6B
:10D860007319BE0B660946FEA1FF65FE43F55EF324
:10D870000AF7A4FA750027F15BF9EDF8F7F3B00D9C
:10D88000770CB700BFF131EE44F1B8FA0CF0BDF2FD
:10D8900019FA3EF6B2039AEF77FE9B013618060E90
:10D8A0006BF6B101EF185008BAFE3803CE0A8EF5B8
:10D8B0004007BD0B720BA5029C03C70D710A36FF12
:10D8C000980C690EAC088402CFFC75FD5AFFF0FB82
:10D8D0000801B11CCD18050AE6FACB0DBF17980454
:10D8E00040F5BE043E09B7F85A0D6903DE0F2F0557
:10D8F0005B092409AE0B2114620888153207860CD7
:10D90000A102FDF53DFFAC02A90F7B114D194BFDA6
:10D91000BCF0DEFF7A0B4EFA2AE72900AC0E850A2E
:10D920002D05E414610C7AFD140366FEF9090E0856
:10D93000990D88128A1BB0021FFC5EFF88FA6F07E0
:10D94000EA10230F88090C05B501910B12FEBDFDED
:10D9500080FBAC06970B53FE7D126F11730A2A05EC
:10D96000CE055801C80CB10E3112AE14210908F6CB
:10D97000FFF3790E1C0B5D046F0DAF1DEB120C1045
:10D9800007052BFBB5FAE007190ECC0ACE16560B8D
:10D99000901A1F166D0D660148FC69F373070C0A97
:10D9A0005DFC85F737092FFD5702A703EA0AA0F8A7
:10D9B00030FF7E0C020B1A042A0BCDFE2E11D80765
:10D9C000B30EC60F10141B080B15B816E510160E73
:10D9D0003906D5006AF50DFDD1063E08820695FB95
:10D9E000E7FFADFB64FA03FF72FDE704820E000A55
:10D9F0004B0AF20045068012140B76098A0FD617DF
:10DA0000241320FF5102D8091D0274F685EB020190
:10DA100014EEA700E6FCBF05AEF8A8044BF2C0FA6E
:10DA2000F3EF9D038C132206360397FBF20CF607E7
:10DA30003A0E570C1BFFA30F6B029806BC03421350
:10DA4000AC0FEB063AEF11F465FA85F71500B7064F
:10DA5000E60B67FA04FEF0EC9BF7EBF877FE62F456
:10DA6000F2096F0EFE11B0FD8413A500A40A271160
:10DA7000AE0AD1FF4E0693146909CE0922FCBEF806
:10DA80008CEB31FA950F53FF1CF99001CCF5520342
:10DA9000DC074BE505EBA4ED3203150075F102FD43
:10DAA000BA02C3038504A8F144FA00018405A10564
:10DAB000E50A1F0B08FF260400FA02FFC20734FB29
:10DAC0004CFD3CF7DDFB2701E602C7EEA40F19EB86
:10DAD000BF065F065AF5DA00B4F1A0F21AF643FE6B
:10DAE00078FB6CFB0E093EFC360744111EFFDCFB85
:10DAF00021FCC8044D0C4809C80015067FFE18FE1D
:10DB000069F6F1E020F895F20300990318FEBC05D0
:10DB100029EBDEECDFF66EEDCCF7E9FE800031FBA1
:10DB2000FEF97B0A4002B1033CFFD708C7F6C5F3F4
:10DB3000A303DEFBA10077FC9FF240E22A02B9F4C6
:10DB400066132EFEAF015300AC018DFD3DFE05ECCA
:10DB50005EF248EBB4EFB6FB86F7E5FEA8EC32FECA
:10DB60006504D5054FF88CF8D8FB990198F127FD8D
:10DB700043F6D4D7160ED3FA0803300C6E0A2AF6F1
:10DB800054024AFC7BFFBAE781F9FCE9F8E8EAEFC6
:10DB900049F396E806ED370142F7E4FDFD07F00092
:10DBA0006A0694F662F5E5F553F9DFF3DAEC8CF3E7
:10DBB000F704B80BCE04EE033204760D4CF974EE84
:10DBC00037FA38EFECE3A0FA9FF65EFED5F5DC02FB
:10DBD0006104020B3CF3550D81F86B0084FC1E03BD
:10DBE000D5F8D80F5BEB5AFCD8020E09C2FE1CEF29
:10DBF0007EF98700350D1EF810FD2EEAB7E3D6F545
:10DC0000A8F48CF790F7EBF6F4FE36FB5BF47EF2AB
:10DC1000B2F40F06E001B0F8130AA3FCCFF0B0FF96
:10DC2000A7FB1FF655F16800A3046BFACC02260986
:10DC3000BBFDE0F08AFBFFEBA4F81EF5EFF3AEFDB1
:10DC40002CFB2D0EACFAE6FBD3F273FBCC02A51035
:10DC50001E0F9A04ADFFA8F8930614099A01140741
:10DC60008E0EB60B460F190A95061E00F10653F7E5
:10DC7000FBFE2901860292FF250C840547053EF034
:10DC80000E01EDEF4A073F1561082A00C704F5FBB6
:10DC900048F6A509840CC9107B12A01890115B1CD2
:10DCA000DD040A119A14B511F315670E53167A069E
:10DCB000051B6400FCFF1D07A1FA08FBD3105417D5
:10DCC000C8F98EE90BF081F9C1F88CFE6A00551293
:10DCD000350EC226661DF6150518B418D02AE91CA3
:10DCE000A3119111DB18BD107E2A3C222A1E782830
:10DCF000040E3E1F231D6520142320FA1DFE400044
:10DD000012097D0920FB91068D06C707280A5A1EB5
:10DD1000AC1E4D1B8C325C28C928D034E330771DF3
:10DD2000D32485295D23302C712DEA1AF727C619D3
:10DD3000FE0014006CFA81FCFE02AFF5AD04ADF8F4
:10DD40004BFD4FFF7610AF10AE0BB30D110E8710C9
:10DD5000DE1BA81B4016081870077517F9130B0D6A
:10DD600006FEC4FEF110540557047FFF0E07FCFEAB
:10DD7000FBF8A1F8EA0923F621F62CFFB8FD08FC10
:10DD800082063C074305950004F4AAFA840D20009E
:10DD90001AFC170865F6F1FAD4FBB604E8FD97F80B
:10DDA00084F8DBFB28FB9DFD86FDB40578098DFE1C
:10DDB0005C05D90165F15AF061F9F9F1B40041F05F
:10DDC0002AF266F4A6FCF7E846F2E0E9E0E521F580
:10DDD0009EEC05F8000255F79F01C1FD68FDE008C3
:10DDE00033F9F0F9AF0129F28AF243FFAFF3CBF92F
:10DDF0009EFB20F3BEF0D0EFC60166E612ED6BF697
:10DE000097F848ED9EEA94D457E740D9FAE311EC2D
:10DE1000BAFF230DB9F63808C2002409E402C1F3A1
:10DE200032066BEDD1E1F9D5F5CFC3E493F3A4014C
:10DE300065FAF1DA1CF516F37FF4BAEA2FE37BEC0E
:10DE4000C9FF2DFC8FF283E53AF099FE34F8000506
:10DE50003CF77CFC40EED601A5F65BEFB8E145EA65
:10DE6000ECE2FBDD27D718F0F2F205FD6EF735F78F
:10DE700006EB33F64DFA8BECF7EF25FCCCE709E522
:10DE8000BFFA0A01ABFE54F2650731FF0CE47200E1
:10DE9000B6F5F5EB6ED91FEAC5EBFBEB88CF44EE88
:10DEA0008EE71AE75DF2D8F814F0EEE756EB1BE3C5
:10DEB000DEE3DCEA90F234FE89F923E805F3DBF2D5
:10DEC000A6FFC9EBED0096FB7CEF21FC5BF090EE2A
:10DED000FFECD4F72BEE30F297FDA5EED1F1D0F4A4
:10DEE000F2F5D3F6D2F2FBED45E5F2F90DFF39EF8D
:10DEF0008BFA78F13010DFF3E5FADCF6B30F6C083B
:10DF000073EC72F331F7CBFA21FB59F002FC3605C2
:10DF100014F6EDFFDBF73BF710F764FA43FCD4FE91
:10DF2000DDF779FDE70D0900DD08B106F90A03F612
:10DF3000F7F0C514B0046204C5F385EA40F1FAEFC6
:10DF4000D5FE3E03AF00700C9C044E0AEF07E104BF
:10DF5000B004940E1B072AFBE506891052039A0DA4
:10DF60000F0EEC1385F197FA221611193A0489FD68
:10DF700072EBFFF468FEBFF7200446FAB901B8114E
:10DF8000E819CD0F3F1B781B6815BC131214D40879
:10DF9000280E0207890B9DFE2916D2075F0F3E103F
:10DFA000430BFFFF92FF73EF59E36EFB94024601B0
:10DFB0000302E90218140F1F4121B616B70C0A23F9
:10DFC000B711870A5519CB12F5115C03E7FC00FD68
:10DFD000D6060A242911E4FA560569EEC314B6ECF4
:10DFE0001BF5D6F7080682FF0B098715090CF51CEF
:10DFF0007D1C340DED09360EDC01E703F00D820DBA
:10E00000EAFDCAFCC4FBF30550095111D300F1F23B
:10E010007CF9070B2E15F401CDFBF4F022FA3A142B
:10E02000D913DE0F290AA0125F0BBF05A6016609EE
:10E030003A0C42052409BB0743F798EB2AF559E649
:10E04000EEF90623371F1311BC02A6FB241377F346
:10E050005EF461F3CDF9C70FDB0C750F950D470C1E
:10E06000CC0B24069AFA3200C0140D13A4FBD3F192
:10E07000E9F757F211E77EE3DAF7FF11B71E4D0B10
:10E08000410016FEC40D68FADA14C50920FC8A0B9B
:10E09000DF043A022903CF01D9F3D5FEEDEFD70013
:10E0A000470A1B1321FDE4FC4C011EEA5DF219F83E
:10E0B0003CFFF2F8EA20000D4506BF06F2F74B0DD3
:10E0C00094171F061D0AF3FEF1FC79FDC5FC2D0611
:10E0D0008E0122F644F078157C057D15BA0558F9B5
:10E0E000F4F14202FE00BBFABEFB0D006B1BCC102C
:10E0F0002A03A8F8EDF1EE09D6108F167D1235032C
:10E10000EA0C5E0038FF38FC400CC6F843052409D1
:10E11000C916CE120FFC2D03F0031B168F0E270E0F
:10E12000D00379FB8C193B12AFF9A8EFF3FBF10890
:10E13000FD0B200CFD15DC0A551220043C0D0714C4
:10E14000C1FDCA04F901241C2E09F104F30AA0FB45
:10E150008802090CE1014EF814FAE7FF7B0A60FB24
:10E160006C0C5100AA0B7800E00C4D16ED12920ECB
:10E1700008FC4F0A640930044FF775FF1A04C20CFB
:10E18000AD076401ADFE63F94106370497FA7F08D5
:10E1900097048AFD8F0EA014BCFA1101AA024D0843
:10E1A000940FF30DEC0333F82B03FDF4C8FB2DF3B0
:10E1B00074FC61FF70062B0274F9A8F9D4FA19FDFA
:10E1C0008EF4E2F522ECF3009601AEFAB001E2ED36
:10E1D00002052EF8E30BA20073035DF394FD4FECF0
:10E1E00088FBDDFD05EBC4EC1EF0DCE90EF2C5F3A7
:10E1F000E9F09302AFFCAFFF17F6EBF82CF2CFF487
:10E2000079122008480711FF0EFEE8F41114EFF50B
:10E21000671210F35AE768E806F4D5FA71F50EF5BF
:10E22000BAE8CFEA16E9B6F571FEAFF438F466FB4A
:10E23000A702A9FEC0F4C301D6FFB6096AFD80FBA0
:10E240004CF671FC240B3AFE22013CF1F2E9D8F9BC
:10E250000FF4F2F72A010BF38DFE9FECE9EC9DE43D
:10E26000ABFCA8F2F9EC7DF897F484044CEC78FA56
:10E270009F0C34174E0BA503870077F67CF71F0918
:10E280000BF33DFE94055009FCFFDDF76E02BC0365
:10E2900042F9F4F3ADF6CEF2C6F6E6F674F93FF8BD
:10E2A000A8F61AF6BBEEBFFDEA1CC2190E1594FEC5
:10E2B0007BFF94FDD30347071CFD52F58DF8A7F7AC
:10E2C000A302C9F8DF0742F619F3BCF93FEB24EBD0
:10E2D000FF03D50F56F9E401EC019C073712E21257
:10E2E0005116C3083A0412F861F990046B04E70A66
:10E2F0003F1F1A0744FCA7EF5FEEDEFCE3FC81083A
:10E300003EF30505FCF2B0FD120CB301681183FD6C
:10E31000C60D1C161E2F8027D92206162102720058
:10E3200080FA7206320335FD32FD9FFD04010BFCBD
:10E33000CCF62F062E05320178022A0A580D6D0FF1
:10E34000B60EB80131FFD50B950D3012230AE0F857
:10E35000FFF22403CC094F0A5D075F03EE07E8FBD9
:10E360007401DC0A6FFAE8056FF65F0BDD1AA4147E
:10E37000B80AA816560C02FD1E0AB007F0025FFB91
:10E3800015FFF00D880897088E0027073AF7D5FF8C
:10E3900045FB7809E6FE54043F082CF80E0854F7B4
:10E3A000FFF5F80591074AFA7A098007DFFD810039
:10E3B000CA0060F8AD05A5F868F60A015DFE16FA18
:10E3C00077F78D031C0A30052E03B504EFFD2800F6
:10E3D00065000E016CFACEFB79FCE10087FC1BFCAA
:10E3E000BDEBEEF92C0DDF0E45FB5203D9F010F01A
:10E3F0001FF47602F4F6F8FE930547FBA604FAF83C
:10E4000035097709C6092BFF76F2F1F8CF03ADFC89
:10E410005BF010F3A2E4A6EB9AD68D02A2FE2216C0
:10E42000631A70161D1CA30089FFCDFD6EF45903FD
:10E43000BCFD07053709A5F69FF92FF7A5FB2700B7
:10E44000F609980078F238EC65EFB2FD4F0397E1DA
:10E45000E9F19BF190F5C3119D0DF10257FE78068D
:10E46000CC0E3116CD0B0A0E9C1155F96103130920
:10E47000CC04BCFAE704900FA506660BAE037AFD48
:10E48000FCFF8A06A7FEF00E79045E036001B30567
:10E49000550643F6330CF70D3B00571126140116B1
:10E4A0003116A01C6D1173F83DFFE6066BFD19F7E0
:10E4B00069EB070F241053051E00EE004EFD710A94
:10E4C000E0FC270543FFA50EBD08A50D680D9909C1
:10E4D000A814540FF507C70340071217BD13EEFD2C
:10E4E00052FC97F501084A0043FFD609FA031201CE
:10E4F000AC0FC0F98504EB0DD202E80666017C0280
:10E5000010FE5806E911380E05148C05A2FC9F0276
:10E510008F005719C61C5E0882FA33F13403AFFB33
:10E5200019FAC6F41003430B4503730A6E0A620C12
:10E5300020FBDBFAB7F72C04170265F84FFBCA0083
:10E54000EEFE62FEF1EF77F1F4EE5726D709BC0339
:10E550005EFB79121BF014F54EF1D2F9F8FDB2FA18
:10E56000AFFD6C057D014B031005CD01E60594025E
:10E57000E1F161F8DDE366D972E471DF21DFF0E6F5
:10E5800030ED9106230507008E0E760E9EF709F1F9
:10E590002604D7F44200BF038B008105FF08EF1269
:10E5A000F40FC40553004A069FE328E0EAED68D360
:10E5B000FDD07EEAF9E1F0E305F12202BB0575FA30
:10E5C0005C1443023E023FFAEC0B27FAC507B90D73
:10E5D0007A077014B7FDEC0C290DFE0EA10539FD6C
:10E5E000B8EB77FD88F9D9F307F3A3F905F537E51B
:10E5F000C3E815FA86001E081806E114B21502F4E5
:10E60000F6107F0B990A68100507100A2814860D6A
:10E610003D0BF0FFD801480FDFFCDC0BEE00300AA9
:10E620008FFC67FE84F8F3FA06EE61F3010C570DD8
:10E63000540C5B126D1135029F237011C8FEC60584
:10E64000FC13C704F902E803C70C870692FF4BFFCF
:10E65000270E790BC50EBB12F813C209060E24F261
:10E6600007E460F247000CFEE804E21279176D0837
:10E670009019D70F53FE56F4EB054306ED0867F9E2
:10E6800091FED9F3710AE60A9B08250074F6F1F8A9
:10E69000930E191289FFCAF6E0E2CEF43902070898
:10E6A000D204F10D0214721DC404E602D5EE55E049
:10E6B00077E74CECC3F1D9E620E6B8F60C0AE301A3
:10E6C0004802E8FC63FC9F02610D74FEE2067503DC
:10E6D000BBF61AFBB702FFFA790B76FC800BCF0270
:10E6E0006BFCAD0323EB8CD3C0E3F2E0E4E9DEEE98
:10E6F000F3E402EA25F953048A051EF6800BF6FFBF
:10E70000E4044408520BC80AD404DDFA62FADC07B8
:10E7100092FEE80113FDB90141F9EDEE75EBF2E36C
:10E720007ED0D1C65ECF30DEDAE4E3DF65F3D80D0C
:10E73000D7FE51FB28FDBFFAE401B2F80AF802F750
:10E74000F4F94CE5A7FBD4F995037EF95FF49D0934
:10E7500079F38AF27FEC3FD78FE936D798C30CBFA5
:10E7600021C34FD222F98C0EDA0C200744086EF137
:10E77000CFEBD4FCCDF387F8D8F2D0E66AFD960251
:10E78000F0FA6DF643077A027F06B5FA1FF33FE30E
:10E7900089F12AE692E7FDCCA1B99CD3A4073D18E4
:10E7A0009F075BFCE7FDF0FE9B03EF01FAEF3EFAEB
:10E7B0004BFE21EAC9EDBEF0DE078D07A101CA02BA
:10E7C000310097F006F20FF6FE01FDFF8E031FEFFA
:10E7D0005DDFA5E66416BB1F161F030C87FE05FE52
:10E7E000EE059B041CF5B0032A0EEA0B12EDE2F2D3
:10E7F0001CFE9D00390C4607FD0388F3A10A6C023C
:10E8000052173712D0FA860AAEF2D8F70E114C28FA
:10E810002116D319A416ED0619F9BAFD690D2B03BB
:10E820000B0D9C189F0009FA1804C0F6BCF1CF0B21
:10E830009408DC02FA11210BBE103D05A50CE6F888
:10E8400026F4F4F95A170218631A2B06A60FA70B21
:10E85000CB08A41185F744F88201F702BC02BB0083
:10E8600093F62404E4E65DF9EF039B11E407C50188
:10E870006B06DB047BFC18F0A9F33C0716FF6E194E
:10E880002606D4078B113702B40A78FE41EEAAEDB2
:10E8900018EE98ED03FD35FB86FAD8FE78F5D6EE36
:10E8A000190C69F83EF1EAF294FDC40258026BF2C9
:10E8B000B7F99607F50B740F740D170ECDF7D9073E
:10E8C00025FDC5F5EEE2A2EDE0E42AEC5D030208C9
:10E8D0004907E809C20A04FEC4F038FFE7EAEB0082
:10E8E0004BED94F4FBF1E4FD4108FCFA2700F7043A
:10E8F000C311E315B6F8BEF48803EBF9E1F9B7E00C
:10E900007EEB81FCBD084CFE7405F106A8001F0AD1
:10E910003AF2D4F2DBFEA0FC78F9CAEFD6ED1A0782
:10E92000B10F91FFBB0A6B1E8D08C4FC92009701CA
:10E93000EB0B031AC61A8603A4F88D0078FC67FC5B
:10E940003008A8F6760392061100ADF946F5F208F4
:10E950003921A000C3052A069C146A1B9412FC27C7
:10E96000F91DE1FFF90BF41244143914E311A70067
:10E970009704D0FA36FB02FAB8FC010037FD7006A6
:10E9800089FC6704A30E2B053208E1195116AF0F5D
:10E990009919D01F731232082206281C640B140424
:10E9A000F60D84FCCF06620096F5B3016706D6F635
:10E9B000A706B40472FB8BFA2B053E054CFB020341
:10E9C000EBF589F7D402D502F709210D45F884FE4D
:10E9D0005A02F3FD15060E06EC07F2000300710360
:10E9E0002001AB00AC05F007C103B8FAA40620046F
:10E9F00063F73FF85E0093FE19FF1D09D91C8A0BCF
:10EA0000210F8E0E36069801CA0285084707611449
:10EA1000B018BB08E7FF380EE9F934FE5D0140FC91
:10EA2000800955092AFF790DF3141F02B407F90E66
:10EA3000F50231F87FFA14F661ED74DEF7F020F19B
:10EA40008FF443F60D013CEB83F34C0E6C15420141
:10EA500027F8AFF4C300AEF65CFFBA0733F8450CF5
:10EA60001102EAFB24FECAF548FC4703D0EA3DEC5C
:10EA700025E5DCFE4501DFFB32F4BA00AF0448FABD
:10EA8000DFED930790096A08DC01F1EDEF0187F5EE
:10EA900044FB25079BF26CEB460AA1EA68F748F7AE
:10EAA000F4FFCAFF63F9EFF0AEFC2609C208E2FFEB
:10EAB0005DFF3701F2F8A1F8A805D0007F0E5300E2
:10EAC0003AFE1B0610115E0E05FD5E06B1F27FEAEE
:10EAD0008F02CDFFC7FB37FD5418DA097F07BA084C
:10EAE0005A0AE810B10940012EFFBE0C12099F021C
:10EAF000B5FB98F35BECC0EB9BFEC70E7111D9021E
:10EB000059025AED1B0F38FFCF063EF52CFF0C01C2
:10EB10002F0DAFFF19FDA708610B8D0720083E12CE
:10EB2000A7105607D8FBE7000505C80417FC150A0F
:10EB30006CF558FF96FEFB0726FDC1F4041B8E0AF8
:10EB400047ED86F41F0B0FFBEAF921109908910C91
:10EB5000D205B50E87F9CA0166093C045B0E61FE59
:10EB6000B7072E080B015A041F08390389F26A0AF5
:10EB700058FBF2EF0806830FA6FEC7FADB05A107D4
:10EB8000E50B6A05290620143403BF07B9070508F9
:10EB900098033BFCBA0DB4072B0AE602D40569F7CB
:10EBA000630AE109C1091FF932013BF9CB00660193
:10EBB000A500D404A50E840D2B051A0DE7025204FE
:10EBC0008A015DF9280160F36CFFE0048301CD0741
:10EBD000E70A310EA4FF85FA9BFEF602AA008C0418
:10EBE000A504E9FEA0FE1FF1D60E24089306040D2D
:10EBF000F5FFA5154907240CFAF53104EEFBD2F810
:10EC0000BF01C5009B08BBFFD80C7D05F30496042B
:10EC100052F6CAF1C2E3E10A2E06B4FB3CFFC1EC96
:10EC200074FE14036714081153154A068F071A005F
:10EC300044027603220340F3B205440126044BFD4F
:10EC4000F30CA30FA3090A04B60238F38CF8CCF036
:10EC50000A04E6F9C5F864032E005A06220C910F47
:10EC60007406B5FB8AF3B7053AFE4FFC75F97F05CC
:10EC700038014808AFFDAB05D0004F17BA0DC116DB
:10EC80000512F7EC19EE8EF733F79C07B6F422075E
:10EC9000301F98194609CA0F1A10FB008509E1F3C5
:10ECA000EDF55FFD2DF9CB061400BDFF680AA00449
:10ECB000F408CE137114931DFDFEA6F8E6DEACEF4A
:10ECC000C903B606A9E77B0AA710941BF90CDA174B
:10ECD000AE13CDFFFE0B860593FDE6077106130507
:10ECE000B3FC1204520A2406C214870F7D14A8FD37
:10ECF0001700EA0487E0D7EA23F51CFC09EEB7F712
:10ED0000CFFB2E0A960C3B153F0AB5FADD03F9013D
:10ED1000230178F84FF65F075EF75001C905200719
:10ED2000F3132B05E20AD80069F7D5F78DF191EAC4
:10ED3000620CE3FDD8F418FBA008BC0731094E09AA
:10ED40008C16A60F5D158E04BDFAE7EF23073E046F
:10ED5000EC090413F80F9608460A1FF3F3F42D0389
:10ED600050F564F929E70EF90C0343F0FAF128E5B0
:10ED70007CF46201340BE504C6124805740A2301D1
:10ED80006104C80767FE40FC0DFC560CAA02BBF6E6
:10ED90000E080DF186F8EBFF02EFC8E984E701FFEA
:10EDA000440344F3C8F49BDDA6FA34F7E8093B05B5
:10EDB000D7111F13100F460CDDFB1DF4ABF77101CB
:10EDC00071F9EF0267002A06F400E4F46AFFC7E76E
:10EDD00067F736E11DF96FF39A005CF3E30087FEF5
:10EDE0006EF3E7FF72024FFCD306CAFBD511000396
:10EDF00053FED4F614F6F8F603F5B1009DF4BCF911
:10EE00001B07FB0476F52BF32FEFC5E4DFE69AF83A
:10EE1000C8095D0AAC0395F687FD55042EF1B5FFD0
:10EE200005FCA3F49F02350540F54CFEE6FECEF44A
:10EE300062F3DEF1C6FA69F8C200CEF68FFA15ED7C
:10EE4000B1EE88F259F64004B8FD4EF958E9D0E920
:10EE500041FE7B05610623FCDF01A9074201650D28
:10EE6000CE03D2F7E5F38AFE31FB61F4F7F846F002
:10EE700067F419F5FCF13DF4F0F2B9FB6EF0AF0A5E
:10EE80007EFAF5FE59FE9BFDF601E1F57B00AFFE33
:10EE90009406380E8600990A6A0335074C0B360132
:10EEA000E7FA3E03BBF317FC53F758F13BFDB1FA09
:10EEB00042FE7FF8D9EF7705F5F869FE03FC2003E1
:10EEC000E2F332F2FFF9EC00E205E8F830F982F5FE
:10EED00030F8540A71FA27FD1B013900A700FEFA29
:10EEE0001FFC5B030B0853F9760BF70791EF2EFD20
:10EEF0001FF743F9ABFBFCF6DCF9720F0206400189
:10EF0000B40305F95201C0F649086608A4FD9B0741
:10EF100010106E007BF7B9F85707CAF7DCF2AF0E96
:10EF2000BCE5F0F2E002E5FC39F618F83AF8BA135D
:10EF3000E70E71060E04CC0176F8F4021807020BF6
:10EF4000C7EB39F6550EF0FE260A750580F98701E4
:10EF500062FC4F0000FDC2F01FE2D2FE3801260421
:10EF6000D4F8FFF5F602EEFEB3058D168707471DB0
:10EF7000F61E35129213AE0047114807121A4701C8
:10EF800005042008E0FC82FBF80AB91E4614F417B9
:10EF9000410B8F0761F8670504FB2908F3FBA40404
:10EFA0002EF0BEEE840A5609F7FDA809F911D8091A
:10EFB00040FD2700C910410651066A104C07EA0FB0
:10EFC000811306195C0CE600C708CEF872043D0AEE
:10EFD00082FF17046500680076040EF8C1071FFA67
:10EFE00066003BFEEAFB590332FAA0FC4E074A00DA
:10EFF0001D0100FA09064406F20715F7670803F732
:10F00000F3FF1903E4066E03CFFE7209E80630F839
:10F0100014FFADF4230103FCF6022AEF9AF276F610
:10F02000C6F64CFFD7FD94FE15FD06F969FD61F8A3
:10F030001FE84CF753F132F24A0ABCFCAAFBAF08B6
:10F040009A03B8FF04F7E9F686FCC8FD9BF2C6F701
:10F050007FFA80FAB6FF1BF7F30185FA83F4000408
:10F0600029F3CDFCC5EB4CE084E4A0EA14DEE1F426
:10F07000F304B5046D082909C6F893081A139DFF17
:10F0800091FE360214F151FC17FB88081708BB01EA
:10F09000C513B30BC9FC330A42F9D103E3F04DF9B0
:10F0A000A5F679EE28EAA8E6D4EE49FB48F1460039
:10F0B000C900EDF84C0756051DEFDBF8AD14E2FE74
:10F0C0004B10430EB31BB813E10C5015D50D48027D
:10F0D00018048CFF09FD6DFBBDF853F789F6C1E5F7
:10F0E0004BF58C08D003C0FA5F09B6FAB50B2213B2
:10F0F000EFF84B05200C47013302BBFD31FC02FE4B
:10F10000BA0F10117C036211990D500F3CFA0900DF
:10F11000E8073D00680CAD0576F4B7FDDEED0CF2B6
:10F1200044F74F086FFB9E07E4FB07017D0C990431
:10F130002F00E1EE09F3A7F722044B0926FD4B0946
:10F1400062018EF83CF8DBFAD105C7FE24019B056D
:10F150002EFD52F6DAED9AF0BD023CFDC5F6040034
:10F160002F1B76116B067E0315EFCFF007F882FD9B
:10F17000F8EB7903190A2309A1000F02F4FCF6F653
:10F1800049F5CAF1210198F97EF325F0BAF21EEC97
:10F190005717CAF2DCFF080FD909EA0D8A01E3FF0D
:10F1A00056FAF5ECE4E8B4F3B9F60C1276089C05CF
:10F1B000F30D2D038F039E048DF26FFD8AF1A2F0F3
:10F1C0003DE633F031F4BFF25EEEFAF30107ECFEF8
:10F1D000A0058D06680172FBA0FA14F85AE5B6E4A2
:10F1E0003507D40FB007870A8604AB0DCC0D1E0B74
:10F1F0003AF5ACFC6BF0CBFB83EFB3EBA0084CF71C
:10F20000B6F2CE063B030300E504E2FA69FBAFEE7B
:10F210009CF7EDF0ACEFF2F72C0B2D08E60444FB65
:10F2200041099608430A37FF5AFFA4ED82FFC5F053
:10F230008EF675F055033B003D01220561F42B0469
:10F24000B0FA1CFD60F85EF8B0FAA1ECA0EFCDF1C9
:10F25000480CAC0B860DAF0A4200EEF7AC026F080B
:10F260001BF892E8E8F129FBA6119116B40D4804A9
:10F27000E2FFC80524F7AE0528F7B6EE1DF4DDFE63
:10F28000ABF5E8ED87FBD9058A1FF30F55FE630543
:10F290007708F8FECC00FC0407F5FBFE87FDD606D8
:10F2A0007D1519025E0AEBFFB4069CF779FB1BFD86
:10F2B000A7EDEBEFDCF482F064FC29F95FF68D0A30
:10F2C000E81FE718D80132086DFD770700FB85FAC3
:10F2D00088F9AF062C03AD049F078C05FB0FA70729
:10F2E00047FAA40743FD5DFDD7F641FC20F7FA017C
:10F2F000AE0086F9AC02E610FD0949058605080056
:10F300003F086DFC92FF46F711F43EF44BF6C1FB4B
:10F31000E3045105C41341060701D0FE8B0F8DF3A2
:10F32000590647F976015D07DBFF8FFBBFF7AA059A
:10F3300017F98F11130AE40E9F0FE8F1FDF115FF85
:10F3400043072307D6085DFFCF005A010712AA0C16
:10F3500046FAA2FC080F7205F1F9F3F7A7F6E3FCF1
:10F36000FC06780BF3F9B5FC9CF96E0DEB11B707B1
:10F37000E5F8FC04F3033D09FCFFB00EBBFB4AFCBF
:10F3800077099614F61901116905341306215804FA
:10F390006B0619FC850BD40C1DFFC80C71040B0502
:10F3A0002CFC6F09C60BB002ABFB6F029A0553FD34
:10F3B0002303260C210C2801C0FD35F937182A112A
:10F3C00025EE78080D126D161111D313DE01B40C61
:10F3D000EE056D0766FA8AF59A025EFB6EFC8406FE
:10F3E0009DFCF3F509FD6FFA7B0AB0FF93057603E8
:10F3F000C006BC012807D90E3602D0FCFBF452151A
:10F40000460D730EC50F45125806B0021B062F0697
:10F4100016FC760625092CFB0A080E0038F3C8FFF7
:10F4200012045D036F0B2B0285F733FC4517200D8B
:10F4300044034B0FDCFA7A0F7A0C9C05D9062C1189
:10F440001405680ACE0386F9410565F64BFD0605ED
:10F45000FFFC310A240DF6FADD0F6D0989017E17D4
:10F46000910451FD57099801E2FD43149C256F2535
:10F470005DFC74F7D4087602210202F5AEF24DF974
:10F480005CFE98FCF6FC50F8FDFDE608C10147055E
:10F49000A10EDB027214B10407FF3900F11539FC2B
:10F4A00052FD72043617DA1244064C03FF14A80406
:10F4B00012F80303BAF4D901A8FB64F58BF515041F
:10F4C0004AF0B0013CFF4408181239065D0D64FE95
:10F4D000B60EFDF308F84EF75D0AE9044807601719
:10F4E000E4010305BD042D035A082C107710FF1208
:10F4F000070EDB09AEFC9AFD3908D9FFA308880086
:10F500001412740EB405D3FCB3F8A0003AF4C3FB94
:10F510007C0898F83B0A1A0BECF628EDBFFC1E0499
:10F52000D602FF086B00B60F0C011C07F314A603EC
:10F530001A04F4EE6AFFD41107047C084C047CF32F
:10F54000CF045702D005BAF9E4077BF9F902E6F9CE
:10F55000C5E7CCFBCA0142ED920153FB8A00BEEE27
:10F560008EFB19EB0AF1B6E144EEBBF771FDE1F950
:10F570006DFE65FD3901140FDA0081F7A20BEAFC7C
:10F58000E3FD0A0102F859FE84EE3AF228F511E291
:10F590006DE11FDEE0E543EEC6D111D04FCB74D450
:10F5A000C6E943F7FEF8DCFAA5E487D075E353F427
:10F5B00098FBB408AF00D500AC08520673FE52F7B2
:10F5C00060FF2D0199FF8EFD40F26FF223F266F786
:10F5D0009FE989E6BBEEDEFDB3F88AF2B9EFBFFF23
:10F5E00067F7D0F4ADF70303F107BC0679015908BA
:10F5F00073FA7BFF8E04DFFF2208F308C1FB75FB63
:10F60000B9F58702D3F759F7DA07E0FE9C0359FFF3
:10F610003EFE2800F3F86DFE760A2B06A4F92D04B1
:10F62000C4F603019EF8CAFBE60411062BFCD300C6
:10F630006907F2FD0D0A44052CF8F8FBCDF4DF0153
:10F6400053010BF93E0641FC6DE62EF277F08BEC90
:10F6500099FC8702DF011BFBE206E4FB480127FC63
:10F660004007ADF91E0340F8B7F61002E6F5CBFEF1
:10F67000E7FA5CF895F017F159EE2105DCF15FED42
:10F6800019F61DF4A1F14F00CBEE95FA8BEF4EF772
:10F6900042F84EFDF4FEA6FD9009C509D30004FC16
:10F6A0008EF109FD7BFCF70681EAE7E324E5BFEE76
:10F6B000D6F03EE683E6ECE6B7E64002650BCAF913
:10F6C000C8F449FEECFF78EF87F01405F001110152
:10F6D00099FD96FD55000801B9F4F8E528F1D9EE39
:10F6E00087DBF4E581E615E647E860F5EDEA0BFC1B
:10F6F000D4F3C9003803CFFE1DF4CF0112FE24FC61
:10F70000EB01680873F87DF2C2F9FC0156FCDF05D5
:10F7100005031B13430201F547F960F3AEE92CF82A
:10F72000E7065FFB44FD4AFEADF60BF4CAF4F209AE
:10F730008D0140FA95FA2BF4FFF645F67BF751FF61
:10F7400093F770EA1203AEFE340AA2F9D0F7DFF2A3
:10F75000E6EAF0ECAFF21C0A4D0A9C00A2FD1F0184
:10F760003CEFF00194F6440385FCBFFF6407D00A28
:10F77000D40C3AFB16127904D006AEFCF2FDB00CA4
:10F78000C0FD42F9B1FCE5FB5CEE42F2AA09170D9F
:10F79000711C4A06B50587EE19F73FFE44032F0397
:10F7A0001008C2FAB004E1213E1183FF3A1527F296
:10F7B00075EC0DF9FBF60D0356040AFA3DFF3F0DFB
:10F7C0007500AEFC5BF66E0F750D940A150680FB96
:10F7D0009BF6F4FDFF059BFBC1F7D50342015D0ECF
:10F7E000751BF033AA1644FC3A05520E69F228F450
:10F7F000EAF9C4F1ABFF0BFBFEFA86FC23F9D11248
:10F80000E8173013DDFF93FD2EF6B701F3FEBB07BB
:10F81000BEFC49141C114716B82A3431AA21951090
:10F820007B01A702BB016AFBBAE960E4A3EA79F8AD
:10F83000E7EF28F6ECF6220E0F0557095BFD4200B4
:10F84000CDFDD00331077C07D4FE4711680F881225
:10F85000E326B22CA50C460B190BDEF67702CDFB86
:10F86000A1F9A6F161E3D6E1F2FAE2F10BF7E110BA
:10F87000960BBC02D2061C00CA0768F668F039F77E
:10F8800024012DFD6C13CE16831BD70F4624560E74
:10F8900083FFEF043F0B06092CEC07E741E779F4FF
:10F8A0006EF939F77BFB4518E516B10B0A013915DE
:10F8B000F0082EF52EF89DE3F2FE0A068BF6B70C43
:10F8C000E119CD156F08D90EC8FB84F6BD1108FBF0
:10F8D0006CECACF1D0F5B0F5C0F9F2127F05EF0297
:10F8E000080A2CFE180E5B150605D70187E62EEDDB
:10F8F000C6FA87FED3FB82FFAEFDBE0FBB025F04DC
:10F90000000893FE8B053EF4AAE90DEFC1F79B03B7
:10F91000B7FF850D6A082F015EF9F109E524751915
:10F9200022039300B8F5B6F7DCF484F57DF557F9BA
:10F93000A10FC200B6F21504D20DACFE7DEBEFFBB9
:10F940004104EAFF30016DFDD903460A29F54CF068
:10F95000CB032C121C1DF5121007AD01D1F177F568
:10F96000B7F9EDF8C5FFED0E6DF7EEECF9E729FFFD
:10F970003000EBFA74FDFC08F8016407E1F6C5EF0E
:10F9800076F9DDFA35F536EB9B0AE4186519AB1606
:10F99000EAF408EA20ECE7FC77FFFAF754F699FC62
:10F9A0007AE7C5E509EF76E66C04F6F5E0F61EF7B2
:10F9B000B0082D045BFAEDF661FF53F73FF96701DC
:10F9C0006CFD6D11B41812095EF222EBF5F3C9015A
:10F9D000AEF911F5A0F60AF05200160322082DE147
:10F9E0001C099CF6FDEC63EA10FA2900BD035300E4
:10F9F00059F88AEF92FA5F08C60D0D12DA13580013
:10FA000072D80AD780EEEAF1330988F065F054EA3B
:10FA100030FBC7080D0E030AE0FF2E09F6F77BED59
:10FA2000C3FC3DF79CF9FAFB3AFD0BF64AEDB90031
:10FA3000A9FA271305FCBAF591EA34E635F48EFCF1
:10FA4000BDF382F1D8D844DFE3F8DC0D730165071C
:10FA500030058002A6E743DB25E7E5F932F5DBF761
:10FA600083EF62F1C705D20B510B230E3D0566F9FA
:10FA7000C2F52BF0BAFBB6F986E925EB77F5E8ED90
:10FA8000CFFC63041F0C8403BFFFBFF77BED7ADB61
:10FA900071F475FCF1F6F3F90BF475F3A8069D14F7
:10FAA000271C680C48F707F544F06CE975EAE0EEAE
:10FAB00093EB8CF2E9EA79FA2CEA3CF73CFB8DFEF9
:10FAC0002A04F5F9FDF230F019F45BF616FD8A0E02
:10FAD00023F3BD04170F8118241270056101B5EDE1
:10FAE00034EA3CF850D4B9D704EF76EE53F8DAF99B
:10FAF0004D008D015808A5FF1800780A3BF1FFF072
:10FB000012F26E026508C2003DFDCDFDFC0AAD0F8C
:10FB1000681969079DFF70FD50F2D9E631C83DD9DB
:10FB200054D5BBEBC3FCEAFDE8F93CF8570E0A06D6
:10FB300044073406DC024EF6ABFE4C054A03AB0725
:10FB40006E035B03850BE410C90B1B05DF05E5F5B0
:10FB50003AD5D4CB95CEADE85CF28AF74E073601A4
:10FB60003506A3087B0E92025EFF82FDB3F39B0E67
:10FB7000A007B6FA85EA15FF65011701A0FE5F0729
:10FB8000FEFA5E09F90928F23AE465C91BDA56EE75
:10FB900033ECB1FFEEF5C008C30E73FE0B06E509AA
:10FBA00090F689FDC3042F0448F2F8FA1E007AFA91
:10FBB00030FB6EFD47F685F665F45F0146FE3DF8C5
:10FBC000C3EFD1FE97EBB3029F0793F1E3FE101052
:10FBD000D5FB12FD740A080538044B057E00AFF70B
:10FBE000A1066F0058F61D0521065EFB6300DDFDD2
:10FBF0009AF2F2F9D9F63D0375FA4BEEA3F137F418
:10FC000048F669F93DF8EBF88EFD7A06C3F991FEE6
:10FC1000FC06050A63071B04EFFD0709E1FA53FD23
:10FC2000DDF501FDA4FE80F7D7F581F2AFFF790481
:10FC3000B5F7A3FFD0F8E0FD54F7E504B0FFE7FE09
:10FC4000180098F94A08BFFFCB065DF7DCF64201C1
:10FC50001FF9CD028CEE03EAC5F7BEED0B078BF959
:10FC6000FD063306B8070CEFE8F6A7F64CF3B0F044
:10FC7000C2FBE8F86BF5FAF51EFC7F0109F8660A8D
:10FC80008B02500019FE9700320A2FF507F14CEB5A
:10FC90004BE4AFE129EB89E09ADBF9F171E769FB0D
:10FCA000BC0327F420F0FBFB12FDD0FD93F313F708
:10FCB00054EE02FD13037708750885FC14FEF40961
:10FCC0006607E5FE14EDB6FADAF781F496F4FFF272
:10FCD000DAE19CDD36E9C5F987F8CCFA3EFD350559
:10FCE000050891089DF14E04790B10FC12010BF7E9
:10FCF00062F65FFB11021F08BCF7C6F051EFB20DB0
:10FD000091002AF9F1F2C5F68AF375F6ACE728F806
:10FD100003F52F0616111F04C6020F0249035112E4
:10FD2000FD236F0345FD8D06C104FE0947F0000B5E
:10FD300067EF11F781F51F00E7EE13F591FCC30B98
:10FD400041099D0AE200680B70F9F40807015B079E
:10FD5000460445FE33FC5906BF09080E62FC6AFDE5
:10FD60008FFA6AF7981129EB37E6C0FF8302BA07CA
:10FD70009609F6F9D10CD60C120B280D93053FFF0E
:10FD80007C04C7FF1004D3F74FFA74FC3D027EFEDB
:10FD900085FD000D5C09FA03700110FE5800AAEF02
:10FDA00070DBCB00D0FB29FBD80F8F034609180C62
:10FDB000A212D903B604F5FF25FD8809C5F9CD04C3
:10FDC00013F47AEB65F394EE13027A0808080D0138
:10FDD000A1030FF7A90A66E580F36409D20A60F867
:10FDE00041112D031D083500BCF86D008E015C0625
:10FDF0000FFFAB0355FB08F769F9C00432FF9DFA0A
:10FE0000D50A6811A9078AF47B0272F5D6FE74FB45
:10FE100050EF52055C067805D0013CFD2C1091FF97
:10FE200055FB10EE3003E6066804A711C50150FD2E
:10FE30001BFFA8FB06F7BFF1DA098D05B70AB10170
:10FE400008FDFFFD45FF54FB3DF48606BE179419DF
:10FE50003E111412B20B630934F3ECEA7BEF750127
:10FE6000AB023F1365097EF63104F503770163EDBC
:10FE700076F16410E705A0FF7E04B1F36EF89BF302
:10FE800044F2AE05AE1A9714471209FE170B53FF42
:10FE90009CF11EF4E2022F0616030118A1FD410891
:10FEA000BCFF2A04E5015EEF4EE86A02870793F97A
:10FEB0001A097FFAF1F4B8FC770C8D035313380557
:10FEC0006505FBF45B015D0146F5690011021BF35A
:10FED000BEF64D038D03B607E0159901D10CBB02A8
:10FEE0001FF7B6F71701A6F20F00EAF80CF899FC15
:10FEF0002419B913D1FD4809F60280FC6D0864F499
:10FF00003C06D5F166F003F5C8FEB00A7A032E0868
:10FF1000930B6D09290AB5FF75ED40FB04F378F0EA
:10FF20004100820304F45F0C6114B511861088133C
:10FF3000C502BBFB91FF8FFAEAF68A02C3F6CAE755
:10FF400023EE290151083A12510E031033116711A3
:10FF5000F2FC81E9AAFBB2F989091DF917E9440508
:10FF60000A26FF02550C6D000D09370287FDF6F9D0
:10FF700016F293F16FEBBCE0BDFCFA0531037E177E
:10FF8000360D0A0ADE07570614FE11F2420410F07D
:10FF9000C9F1060493021FFFAA12261865FE800409
:10FFA000DCFF26FB810188F59CFDB6E3E8EA68E307
:10FFB000C2EB2E06D108DC151B1728F46CF8D90605
:10FFC000D8F74BF5EB011C014401E10606F551F6AB
:10FFD0008407C6076D0626F8B3F839072BF84500E5
:10FFE000AEF878F3EBDE87E86903EF04A21D790F22
:10FFF000960DB20233FBD6FC1FF258FA00104A06E7
:020000023000CC
:1000000026F460EF78F748FBB901F8FF28039A045B
:100010006C0616F8180A22FD42FC58E5E3E433F9B1
:100020008D0047166814730707062FF0ADFAD8E95C
:100030004AF5F3F6AE034F0D7DFB2AF2C9004507E2
:10004000A70A740A5BF9E80370F997FABAFB0C0C7B
:10005000FFFC24E7B1EC3408EB03EB096A14EEFE75
:10006000BD038FF76EF1CFF297035007F6037A01C5
:10007000A0FBBF0661FA5311B804B410150120E8C3
:1000800034FA3300C0FC35F453F764FB52F52F0308
:10009000C80F51163C0AE0FD63ECB5E8CEF96600E6
:1000A0001E152E16C40A19FB8FF52201BDF7C603D3
:1000B00052067C0F77FB3AE7DEE780F4B6F00EF3EA
:1000C00039FFC9FBE4F2700EFC16A705ECFF340201
:1000D00026EF1A0005FF6608EA1CA707CC10FBFBF9
:1000E0002CF986FC8CEF52017E033CFBAEEA0DEB53
:1000F0000CEF92F110FBA2ECC3FF2FFDC3034203F0
:10010000B505CB129E04D90142F5C2022C06851218
:10011000F80E7A03850B9C084DFD1FFF8AF43C09FD
:100120004FFA6F0399EBD3E99EF6D1F50B038308E1
:10013000B0F99CF7340BEE0B720C4FFE41088EF6B3
:10014000E700FA0C8D053A149E13E4029C024D015F
:1001500014022002720C480C5FFC6F054F00D2F0B5
:100160002DF65FF50FF12001D7049A03A204A20136
:10017000F50A210373FE8E0AD014C00B7105F01727
:10018000F9026BF415FC41F7A5021C00AD02DAFE82
:10019000B008DD00860EFDFF10EED6007A0067FB8A
:1001A000B6EEF6FA57F185F38DF9700737FF76084A
:1001B0001D09C1104EFEB0001F0085031CF581F61D
:1001C00046FD60FE60F75BF940FC9D11D4086207B4
:1001D0007EFD9A0B64098FFFE0FB3009AE044D12DF
:1001E000381176113FFF90FC080F9F11290F9913CA
:1001F000E10421FE45011DFA5809F402D50575F602
:10020000CBF68CFFF507170F9E09C0F929ED7DFA93
:1002100009FD35F3FBFFF6077FF7BCF25B0C2010FE
:10022000F70E27F9C806E6F7F501A0F6A6FF73FF5B
:100230001D07160A310A1A06E6F66809FFFEF1FFE5
:10024000F2F88D05030479F81AFEF1FEC5FAFAFBFF
:1002500088070D08B5FAE30251FFB40520F9C9F784
:10026000DD038AFF80007FF908FDCE030302350419
:100270000DF7B3FD45EEFFF67DF9C9EB70F13BF3E9
:10028000ECFDA2E853FCC6F4D3FB4CF926F7E9F2E7
:10029000A4F47FFB98F9DE02D505450A46FA51FB26
:1002A000DE01E503960402FD5C07CDF73AF8C2E8EB
:1002B000F4E629E8E5EC19EED6E8EFD8E2E1CDEA7C
:1002C00075EC81F649FB3A0961086CFD19F46DF192
:1002D00029F74A08D1FBBDF72E0368034AFE1DFB30
:1002E000C509ADF574E8BDD5A6DF62E1DED260DCFC
:1002F000C9DD2CDE93E988F9A5FC450621121DF91C
:1003000036F7D7010AF8690BAC0207E820F9A1FE1D
:10031000DB099E0A3A0DAF0FD30E1CFFA1F5F7EBD8
:10032000F7E7D5DE6DECFEFDD5F45BF206FB50F48D
:1003300045FE550C0C055908EF0EEB0860171E0C16
:100340006300D5FE08FD50FB93FC9CF950127BFB2B
:1003500048FCE50FB31165018BEFE2F31CFCD700FD
:10036000C20155F5470278FF55FCA10744F7B5F8DF
:100370006CFAB0F6950D93F24E04EF0738F5FE01D6
:10038000BF01E205DD0E450087044AFC7FFEB8FD93
:1003900066FFF3F68D0C4A0BB20A36021D04CFFC41
:1003A000C5012CFC04023FF51F0185FA4CF727FD1F
:1003B000B6FCB6F5F4F80DF72907AFF52F053F03A6
:1003C0002DF42F0A0204E700130D8300C906CA0AA0
:1003D000D60305FF12FC86FDA30955FC5FF754F810
:1003E000ADFF60FA5EFD7F0094F69007D10EECEF52
:1003F0007802A9EAEB09440C07F70DFF79094A00D6
:100400007DFEC4F95F08AB035C079EFF9E02640299
:10041000570BD90533034D04BA0008063E062DF9E3
:100420001D18532AEF0A61095A02F1F5E50B570B23
:10043000850C6BFBAD061409350460FE210015F434
:1004400043F803F534013D0B7A0C8F10180389062D
:10045000AA065102460D3406D01B961E3A053BF4FF
:1004600046F473FAC404E613FA02F6024AFF9BFD4F
:100470002C062EFC8FFBDDF199EB9AE712E12502A9
:10048000F5F762027C031AF94A03D004C8121F1858
:100490005027412462093CF03EF9EBF0D5F97DF19B
:1004A000CCFF9205580A5DFDA60AC5079CFA5CF2CE
:1004B000B8F821F5CCF204F7D302140592034BF7F8
:1004C00009113109C61F381DCC236328DD1A0FFD21
:1004D000CDF7F4FB38F811EE59FDD3FF4806F110C3
:1004E00038075BFCBD0C8106FEF3BC090708E20976
:1004F000EDF66AFB5BF878F93A149C106717C81E92
:10050000E80D8A1BC20399EB1D0B420383F63AE800
:10051000FD02FD08E50D3906FA0E5A18E4095D12D0
:10052000BE0A9106B404FC042903930372FBFAFF8C
:10053000600E6DFFCE0FB90E0BFE52EC40F592EF40
:10054000DBF9EAFB1DECD6DE7EEF3B006A0DE10B2A
:10055000341F8C2BEE157319570CF70D85100907F6
:100560008111460923FE6304D3FBF805CD0B52FC31
:10057000ADFE4FDB5AE290FA1509CD03380A96EE2C
:10058000FBF60BEFBDF2CB0708167C27D72FBA2757
:100590008420861E600EEE0C250E3D00E0060AFC4F
:1005A00016F4220C3C10FB0472E463DC96FA09F0AA
:1005B00063F6C40F80FEF5F069E6F8D0E1D7F6E403
:1005C000E1ED1C0D351252157D21261F471A7A14B4
:1005D0003205D40730FDD6FBA6EDBE03AEF8B7F862
:1005E000C3EC8DED58E431F128FD070B630D42F2A9
:1005F00004E67DD2DAC2DBCE44C9C3E565FB74FCF8
:100600009C0DD614EC020B10A90322FCD9EF7AF151
:10061000B8F4AF0890F8D8F8A3F0F1F37CF83AF703
:10062000F8F979037CF553E7A8E64BE3EEDBB7C4B2
:100630005FB21EB5F6CB09E452EAABF489FDA2061F
:10064000CAFBBEF30CEC4BF758F494F696F465ED48
:100650002CF06AE872055CF46D0276ECD4FE13FDB2
:1006600093EDC1ED9ADCC0DE79D300D0AFDDDFD5EC
:10067000FCD71EEAF5F6CCF7AB067BEF00F9F0FBF2
:1006800057FAC807A8F193F54EEB5D015DF359F7F2
:10069000ABF6C0FC0C031D0C7409350817F723FBDF
:1006A000D1F3C3FBE4E9FAF508E6CBF80FFF02FC4F
:1006B0000301F50607F4FEFF92FDC7F7000B18FCD7
:1006C000A1F70302E4F25E057C01770C880DC708F0
:1006D0001E1B8624D818C91E2A101D110E12080AC6
:1006E00060F4EEF953FEAA071500AB0018F889FC78
:1006F000B3F48800D4FDB30096051503A5FA94FA67
:10070000C105E9070DFE83059B18AE255C0D6A1C2B
:10071000581408148915C10516F8BCFBFC00D70550
:1007200077FCACFCED02ADF8F2F9B9F5C5F26B055A
:10073000840ABCF9F9043DF920F6D103E312700DE7
:10074000E7160A1959126B0B741CC9102A0DB9004F
:10075000BBFE5E0B75F8F5FB220393EE15F17FEF00
:10076000E0FE9DF88FF7BCFB4DF37705EE06050321
:1007700094F98A087A04C512D40E4D126DFF1F1029
:10078000C7072A11521C3B08ED03B80079EFE1EBD3
:100790007CED52F583F929EB6AFCBCFD7CFF1F134D
:1007A00074F6E7FAE3FC89FE3D086F07F4FE58F0A3
:1007B00047FA271CB104180C850B500EEA0E5D0B8E
:1007C000FAFABFFE95F63AF044F90FF273040AF90B
:1007D000D7032A153B10DB0E5DF9110636047408A9
:1007E000120590FAEB00C300560F23142717AA0036
:1007F0002D0238043300A0F667130C07AA0AD708A5
:1008000005036A0AF705F3F4D70EF01125FBDE069F
:10081000F20BC0FCE4FC78FA1303F5FF17F9590258
:10082000E5F60FF566FEC006860619F83EF0DAFA20
:10083000E1FD78F8F8029F1071054202F3095908AA
:10084000E60795F31CFAA0FA6CFA6D001EF7D703C1
:1008500072FD51051AFE78FDBEFB1DFB31F7040940
:10086000CC0824FB53027203AD0BC20E9D121EF87E
:100870005008F8FC8E02A6F64BFB35F69E08960251
:1008800059F8EE03C0F528F9CFF63DF6E407A9F7CD
:10089000980880045702980826120D102602400876
:1008A0006B152B0D090F620A7A19DD05F210CE07C0
:1008B000E60B62FC8402EEFEC0F7BEF7E3F5CDFC6A
:1008C00000F87B094305150A93FACA04FC0E0E09C9
:1008D0000C1BF8177F1BA41AEE0E2C0CD6048213E7
:1008E0001420CD20D82AEB1AF014280AE60CDF02D7
:1008F000770D270BCBF7D80156F64302A804D1FF9A
:10090000720173FFFA07BC09310A39247312A90571
:10091000B51A0411790A1D119201DB095D15101534
:100920005F052107C5F60508C004FB05690634FC10
:10093000820733FC860814EF57FEDF0B7CF7FC07B9
:1009400096090119B30EBE170E06A1095D0D4A05E1
:10095000730B3311560FFB1BAF02ED0A23F8C2FDD8
:1009600076FF1A12BB0EB6F635F99E07920AB40648
:100970005101A9FBB405A305DDEDECFD15FC09074C
:10098000F4FE34FD37F60EFF650C18FC59086206BC
:10099000F60920097B0F60FBD000910D710DD7F88F
:1009A0000305830D97EE65035500EAF1E2FAEAFFCD
:1009B000D8F02BF6F0F972059CF833FF3DF3F0FC0C
:1009C000D0004BF85DFAD5FD8A07B3FBD006E106EF
:1009D000B1066C1356FF8A01F9FB980B9AF3B2F239
:1009E000EB0BEFEE4AEFD0041203A4F0FB010FF57E
:1009F000DD00DEFC47F3D40006EF1CF6DAFA05F35F
:100A00009EFA13073B0369F68F00450760003D021D
:100A100056F6D4043AF9CDF8780BF3FC6AF612F3E3
:100A200089F056F0C2FD5BFB49F671069EF728FC83
:100A300043FC9EF696F9B80C960E3F091A10890AE7
:100A4000841290070002FF0B11F7D50853084D0CD4
:100A50006802ADFDC8F6E2F445FB7EFC1EF484F7A7
:100A60001EF44AF856F922FABCF9C30673099F0925
:100A700017138002470A121B63138F21B0179EF7CA
:100A80004DF6CAFC11F82C082406560034050F0058
:100A90001108C9FDA4F39BFB0BF7F3F1F8FB91FBE5
:100AA000410054016CFABB019A160B122105AE12DB
:100AB00084060C11920AE2F590FF58F878EA960045
:100AC0001D13E10342039007D3F2A6F710FBD600F3
:100AD000DCF0C2FE4FFC94FE45FF77F35607EF0BA8
:100AE000C10053065BF51BF80F10361B600B0407A3
:100AF000840828FA78F5E604830070FAB004D6FC7E
:100B00005A0337074DFCF8F962FBD504DEFC8CF57F
:100B100019F022FDBBF0E1048BF3CCF68FE818E06E
:100B2000C2F9C50BEA111510D70C8AF9F4F81103B4
:100B3000BDF7CC0202FC8304FAF8D7071CFF68F962
:100B4000DCFBEDFA73FE3CF01AF895F28501D4F760
:100B500075FB93E4B7E3ABE068FB620B2D0F8F0EE0
:100B6000240AFBF1C4FD810B24FF62F42A057E01F7
:100B7000F005BCFCE6EF5E0444FE060EDB05A104B6
:100B8000C40254F0B1F730E7B9ECA7E882F0EADF2D
:100B9000BBFA2E00870DC80F6FFBD5FF180B83061D
:100BA00028F646EFFB0318F91FFA7701D0EF6F0420
:100BB000EA003517901D4F00A7F74EE780F850EA7E
:100BC000A7DB36ED8AF04EE72D01BE0E80000F0147
:100BD000FC093E02D5092B1ADFFE54FA95F6F8FD02
:100BE00046F7F7F894F545089211811E4619E90970
:100BF0003F03D0F844F8F1F67EF3EFFA3AF5D4F972
:100C00000F006B138B057CFE68FEBE013CFB1219C6
:100C10004EFEF9FF8CF0E4F377EB42EF6E07E00B4A
:100C20006906CD15EB03D00100FB30FAA8F628FBCE
:100C300054F8FFF211F11CF02DFB120B68030514A0
:100C4000640391FC46EFAB08110F5FF0AAFE18FD9C
:100C5000A1F082F33F0E7906C30E9F1187F9F602C9
:100C600099FE72FDB2FC04FB23F99DF10D04A5F57C
:100C700070FADF11EBFD37117B02BA02E10767035F
:100C80000F0EB4F62DEF28F01D0089F9C0074600BD
:100C9000660210111F093304790F9A1441040804E5
:100CA000390595031D12160BB202E91DD31B8F12D5
:100CB000D3F67EF4E810140E4204B904F602D2F919
:100CC00055F6C5FD59030803380A75016D10D70C98
:100CD000BC093C0E2E107F181D0925165613770FE0
:100CE000E0032918EB118FF860051C0F3E05930FE8
:100CF000D8130B0016051400D2004804ADF7520AB1
:100D0000D6FEE309A110741A71114816FB1CEF0AF4
:100D1000E8178B0AED1EA414E80BFC14BD128D0815
:100D200033093BFF8105EB0A671074001F040C03B5
:100D3000FE02C4056CF8C405DC103B160E15A304B6
:100D4000840FB50E5B0BDD12A011B115C2000D149E
:100D500086FCFD12CB0454F7A8FA8A056B15970E92
:100D60009913FFFC5FF7BDE89F0069017A0822FC38
:100D7000300D34039B03A30D1003A411AC0A5305DB
:100D8000890E2E01B60862096A075F0DE118DA00C4
:100D900005058A044EF9430867ED3DF38AF2DDED5F
:100DA00058F176FCBA018D08AB0D0B056C0CBCFF3D
:100DB0008F0F3B0247106C02550189FBD304F8FDED
:100DC0004F04D302BF0C6D047000CBF763F6ED0245
:100DD00045E17FF793F872E9EDFD18FBE7F610FAAD
:100DE000B80E5A097DFC66FF93FEAC137106E3F959
:100DF0006CF48EEEE40245F96202EC0065058CF8B5
:100E00007206E9F6970989FB2AFF04F4B6F749EB65
:100E1000B40535FFF3FC52FC24FC7BFD46EF24EACD
:100E20000500EAFBBAEE22F942FD0BF3BB08BA0853
:100E300085F510035C012F0A23F6B6089E03FA011C
:100E4000B7F85AF85FFAF5FA290BEAFE51F95C0790
:100E5000940426FC67020AF5DD013FEAACEB54FB83
:100E6000FDEE6C02F4FF4409E908CCFD12FF7406A4
:100E7000480734F84001ABF7DE0441040105C2FC29
:100E8000FFFA6D05C8014BF73EFE34F52808190B33
:100E9000C40481FFB3062CFD860052085C00F208F2
:100EA000FDFEE4F723062FFDDCFA1705760431FC7E
:100EB000740AC80A7C0482148E087AF7E3FF27F3C9
:100EC000C7F652F6AC0269FFFEF98CF64D087A05BA
:100ED00033EFF4ED540E58FF16FAA2FD8502D4F656
:100EE000A100900138FA5701450129F696137600C2
:100EF000CE0FEF172119D407A8098E1BD811281E71
:100F0000260DCF0CF809B50E2C1394F993FEC8F6F4
:100F100098F9041017FBB00119FAB1F904054C1641
:100F20000714A809E40F0F170C1D110C18155C1AF3
:100F3000D90CB204341243206B08800BB2126F0933
:100F4000B20982FD02ED28F0A8F2F1FDA9FDB3047B
:100F500075F69D05110E5712AE0E05123E14710066
:100F6000AA107D0D6611ED1623FDF705480ECC0F76
:100F70005F1353055410BE0D79FFF8FC3CEF7FFA68
:100F80009C008D15B0058CF54B016108F7195417BD
:100F9000D60EA0138608230BD1EF7803F0FBBCF923
:100FA000F7FE8FF70FFB040D3110A80728FB3EFE5C
:100FB000850869FFD7014703BB0416FD61FC2502C4
:100FC0007C0A110F14FE5B10221629112D092EFB2D
:100FD00009F1F7F96CF549F44FF4F4F3CE033D044D
:100FE0007B0639F336F6CC07F4FEB7FEC3ED44F4C6
:100FF000950334133C0A63082B09400DBEF71BF818
:10100000930DA603D4FA0102D701F901CBF112FE28
:1010100090031BFAAFFF3EFC84FCCEF354F3DC00DC
:10102000F2F156F40CFDF3ED50F3B0F1AF072400EC
:1010300025FBEF0B0402CD0A45023F0460F248F99C
:101040005BEEE6F0440184F101F5B90C4108D4FCF3
:10105000C9F504F447FC4DFEB70111FA21F917F761
:10106000C3EB000E5D1FF6183FFDE4FC13072610CE
:10107000B20210FAE40AD1FD32FA6EEFBEEC4DF284
:101080009EFE940E45056114EC13D7048BF6A3FD68
:10109000F2F818024BFE34F2E7FC9C187D1881FB35
:1010A000BEFA5704D3FF6B181A11DCF54B05020882
:1010B00070F1A9FB35FB91FB5D00D018A5088F04EA
:1010C0003F018FF69AF3FFFCD905BA040F00F4F63E
:1010D000E3FC320DB805E0FF890026FEDCFA1C189F
:1010E0006A0B10FD78F428EF1EF183E715ED78F216
:1010F00032F9A4055B12B40461F78DF560FEA4F922
:101100001CFE71EDDCE6A9ED6CE642FEC40EA30701
:10111000F903D4FC3DFE85041E0DF3FB72EF01FEC6
:101120009CED64F4B4FAEBFABB0DE0020C0BFC008E
:10113000EAF63904DFFA1F0BD8F7A3FA78DF0AE0E2
:10114000F1EFA4FC5B0D2100AB07FDF954FAF7FDAC
:1011500047F4E0FBB4FA65F6ADF332FD22FB4DF83F
:1011600086118A07061AD3066CFCF0FD4B02D30ADF
:1011700034114EF7A2E991E9C4F72FF1CD13BCFF6A
:101180006F07B5F9EC028FF4FCEE88E874FFB7EB5B
:101190001FFE46F31DF077EDF3FCD4056E13E60E4B
:1011A000C402A402C102F1FBBDFABD0154F7ECF682
:1011B0005DFABAF4D50BE9ED860D5B064E0B7D02A8
:1011C0000EFE48F77EFC4EF5A6FB74EEABEA2DE76B
:1011D0007BFAB5173619E700120869F6E6F49CFEAB
:1011E000E3FB3A0532FCF0EAEE0DA214950A490938
:1011F0006DFDA3FB061833059AFD390556F674F705
:10120000E5F5A0F463DCEFEB15ED1419731DBCF9E3
:1012100059F430EE6200700CB705821F490DF3FCE3
:101220005E16781A4B11A60E9FF9C912611290151D
:10123000730B7D14DD044C05020412E7B1EBA8EE3C
:101240001D036115EF15DD053B033F07C8050318B6
:10125000A711F5130C14F6012F048F003310CC08DE
:101260009EF8FA15DC017F25A41571149F0AFE0E65
:10127000A305D3FE39F40EFB0301530CC513470D30
:10128000CA0ECA08EE0831083FFE56094B03F70A9A
:10129000520D191406FA2E0BDFF8EAFDE1F47D1465
:1012A00071145E0A3104810033F9DF0821FC9B01CF
:1012B000D2FAD80D8C1724150A1BF51E421546FECE
:1012C00099037E09DB0A7D127407CA16350EE60BF8
:1012D0008701CE0039F9F215080ADF098609741072
:1012E0008D08D8044BFDCA0CD6FFF702F60A831A04
:1012F000F71BA51C161CF800C00BDC0358081610C1
:101300005C0022012213D1FF610CC0FAD80218053B
:101310002CFFE6FEACF79A030603EAFC0CFEB002D3
:10132000760667014505920E810B6C153613F7079B
:10133000DA087FF7B004A10F0E06DAF6F6FFCEFA50
:1013400021023B01570A8006D7088FF931F0AEFB26
:101350006502C601FAFA100CADF573FA10017712A6
:1013600097012603AA0831111A118A022BFFEAF508
:101370005AFC1BFB040D8706D2004BFE9601AD1EE6
:1013800041081D00C7EFA2FC32019100F301EDFD01
:10139000F5060A082C09B00CB90D16100D059111AF
:1013A000DB099AF5B8FAF608AF0ACA05A206ECF806
:1013B0009AFD530A3D03C704AD02F1F7D4FF1A03A7
:1013C000FF08EF0D24016A045B01640AFF0F41F678
:1013D000D4FBB406280AE1FEB30418025A027BF2D9
:1013E00052F6E40B2F006EFBCCF89DFAE5FB09F6F4
:1013F0007FFADD016A0BA7039916AB10230BAF032D
:10140000B809470364EFA2FC9BF370014404310662
:10141000EBFC76EBA4FD85F044F84FF50E082002B6
:1014200045F75F03EDFD5101BE063BF680EECBF0C4
:1014300076FACDE2E7FC4102DEEE0FE814DE40F280
:1014400024F285F7CEF93CF810F2E4DDFFE5D8F69A
:10145000AD0252FE2DF61E0538FE45057C01C1FD8C
:10146000240B450AC8FD9B090608A3F7C3E5E0EA7B
:10147000DAF8C4E964DD41F53CFB81039C003BF6EE
:1014800090FAA8F60EF9F2F544078FF57C00C5FE38
:1014900041091C0083F911FE34FBA80062FF6102C0
:1014A000F503C50156FC1A025FF28AF05FFA06FDE9
:1014B0000A089CF82EFA0DFC1602AEFF2805CE088D
:1014C0004209030231F8F3023B059E08BF0198FE72
:1014D000DAF420FB7AFDCAFC51F078F090FCEAF6D1
:1014E0001DEF3FFA54FC27F02BE9F8EBBFF6EEF7BF
:1014F00058F58901E6FA08F3FA001E05E9FA310009
:1015000010FE2AFFF2F6F8F1C6FBA50062F798E597
:101510009EEDE1DC40E4BED155F2B3F29B005AFAF5
:10152000BAECEFFCC6F327FD770536082D02C0ECB8
:10153000CEFB16FE39F827F9FD063603C4F8FCEF9A
:10154000E1ED010243FBF1F2F8E14EEF2BE161E73F
:10155000B4E6E6F2A0F222ED84F9F0ECE7EDF4F661
:101560000DF57AFC1F14D3168CFA02F1DEE9FB06A6
:101570003600FCF91DFA97F395FC0A0197F59D03D7
:1015800086F19EEF9AFC540375062E092AFBFDFB9B
:10159000680896FF29FEC704C00BF70799098F0E4C
:1015A00085014A0FE3F9770FB103C8FFDCFC85EE34
:1015B00058FAB2F085FF1611C50EF30FA0F97E0F91
:1015C0008712780820FF60032B043EFF36F6C30322
:1015D000A3092F03E6F91709B3062B0CC709AB03C0
:1015E000770567F21600B7FF55FAA8FE86FD870B50
:1015F000C40C99052AFF25019008A607740B920DCB
:10160000B0082B01CE030E07A207E603A007CE0CFD
:101610009AFF2D0321FC010A3A0197F050FC49FE84
:10162000280641FD0C02D0F73B040B0E7E0644FB5E
:101630005403220503F5900367FAEF08D00B6612F6
:101640003B0071050A0EFF18E7067901400140F7DB
:1016500015ECB8EF19068B10FB0100086C09F60CAD
:101660002A0CDE05A00992F9DDFF970539FBD404A9
:10167000A606A0FF290CC90105FF5704610FEE0360
:101680006E082E023F0C8F0089FE5BF901F75C07A4
:10169000CAFD19064104C8F887F587FCEE00DD0392
:1016A000100AA30166FFB0FBDFF3F1F65FF7DC1071
:1016B000E901C708610BCE0808072C0AF3FFA2FA5C
:1016C00004F763FD52FC4FEBE40957FC2407B40513
:1016D0008E0052FD63053E0B62026D08C80200FBDE
:1016E0005CF6A7F3EC04B00D8C048705680CC2F916
:1016F00098F88DEAF4ECA602C60768F9CE11A102AB
:10170000A3FF9E08D7FBD702260F7308B5117C06EE
:10171000BB10950BB607AC043E02F9F82AF9DCFDC4
:10172000E40BC20A1EFC5BF249FEA6EC8EF522FB1E
:10173000EE0115050F11EA0A8D0E641029F4D40587
:10174000920C820175FB270D5803C50518FA7A091A
:1017500055023B099C0641023203E30A710C18044E
:1017600069F1B9EA59F1D5EBB1EF7C06270C7902A2
:10177000720E680ABAFDE90A400CEE03A7060107DB
:1017800096F97C0017FACC0F8517E61008033C0881
:101790009C0C35109314EEFEBED86AEEA0EAADFBA9
:1017A0000B02180AF5F69A128AFFCC007AFCE3FDC8
:1017B00081FF7C016801FF06D2FFED054C046E102D
:1017C0009F13C90E5403530F2910CCFF26F451EE7A
:1017D00077CB4BF7BDEC83FF49F9B3FC83F3F414EB
:1017E0009A068FED54000206FA090005AF00570271
:1017F000B00F5207F703DC13F1059D1122116D0F95
:101800003FF873F36BF8DDEA37D056F39FFB28F906
:101810007D0BB4F492ECF3EF39ECD3F0F80AB61781
:10182000B70E840C9F058202C0115A07F4105704AA
:101830000814E20D180B4206690090FFB4F716E792
:10184000FBDBF7EE9FEDF5DD75FFC2F746FDFBEF25
:101850009EF040FA6800F200C2174B112F0C0212E2
:1018600026FF7609DE09350A1E0104FA5D03B7FA80
:101870009BFCBF0205F7B1F02EFAD3E430F8FDEF80
:1018800046FEE4F3ADF7CBF0C3EC99F7570581F6CC
:10189000CEFFF00E0B067A083002A81261FF2E0868
:1018A000E3FCCEF48003C8FCE2F980F655ED4DE38D
:1018B000E0FB6AEA6EFFF9F0660732ECD0023B0209
:1018C00001F70CFBF8FF77FE48FC10FA8509D5F903
:1018D000F3FC92FD0CFD53FEE2FBEDF14BF2A5F89B
:1018E0006BFBF3F23AF53EFA7DF49BDB88E6AAFB4C
:1018F0001FFD47EDC3F7B9F514ED4EF8DFFEAE0856
:10190000B7FF7CFC3BF235F324EE560196F41A0047
:10191000B3F92CFC02FA19F5D10053FAA0F48BF7B5
:10192000A3FAD0E0B7EC34F18B03F2F4E500C3EC9A
:101930007DF270FB3DFD4E0A6FFF37F79A01A4FB65
:10194000E5032B0606FAD706C904C0F5DBFD0CFB40
:101950005AFF9308F5F918FE60F497E431ED8B0512
:10196000DCFCF5FE3401FCFC2202DBF58F025703A0
:101970003EFF9404FC07760492FBE2FBAAFE860677
:10198000E60139F732F404004BF91EFFB0063B02C2
:10199000D8EFBBF7C6E161FDAAF52E010EFF92EC70
:1019A000000858FC13FF040AC4036B09C90197F728
:1019B000E300F3FFC8093F0B350B80F83909BC057C
:1019C000470D9002BD02AFF70BF1C40304F2DEFC39
:1019D00003FEC201E1FE67E89CF6730298027B10E9
:1019E0003A0BD905AA0A040E7D0680F9B50043FA20
:1019F000000127FBD9F78100CA065807A1FDE5F4CD
:101A000092E3EA0277F787F8B6F97E019A0678F84A
:101A100035FCD9F8540291F6B2008FF49808AB095E
:101A200087F61402F70C820F17FC19FBE8FB18E885
:101A3000B0FE0B02F9F57CF076EEC304190354F600
:101A4000AAF59904C803A704A20F65080611300976
:101A500075179C090AFCFBF13DF752F9A8FEA1FAA3
:101A60002FF5E1F3BFFAA3E32EFE5309B8FD1605E7
:101A7000C3035B0A4CFCD7FC300204F8BAF5EEFE57
:101A800014FBD602AC01D9010600DE0A3FFDA8F422
:101A900000F6ADF9EAFFB5113005BA0EC614DA0A40
:101AA000140C3418FB1C030C35019707B0F9FFFC2C
:101AB00005FE820802FE7B0187FC3AFF6500E40315
:101AC0000D0101FD26FDFEF581FCBFF921F2980410
:101AD00015FDC3F79CF69009F1077F059CF728F6E2
:101AE00068F617F6F1021307E80609F9E7F73AF97D
:101AF0001AF5BBF668F111F9AEF03CEFA9F145F823
:101B000075FDA9F3560818EAD6EC4EE442F380E6D8
:101B10007BE8FEF90CF6C0F219F737080003C2FBA8
:101B2000F4FB950219F7F4FADEFAF1F663F3D0F05C
:101B3000F3F277ED7CF337EC77F62AEF7CF053E79E
:101B400011F5EEF5BBE41CE44BE532E7FBF2EFEBFD
:101B50004CE49DEA4C0393FC8B063FFC170838FECF
:101B60004B00CFEE51E3B0E32EDF1FDB96EFEFE04B
:101B70002CE601E0ADE191EFFBF5A3EFF9FF09FAE7
:101B8000D8F78E0299FE1BEB9C059AF7CBEDED057D
:101B900077FCAFF9E20E0D135EFC24EB7DE2FFD67D
:101BA000D0DF7CD622DB09E873F0BDF8EAF7E1F775
:101BB0002BFC29F0C0F806F0A1FA4E08EE03F8F865
:101BC000FB0D370D280DA7F8EA08C00832F8730896
:101BD00060EDD1F43FED36F589E9E7F7B0EE2A0183
:101BE0002F13720169FF21F596FD0BF4A4FB23F27C
:101BF00097FD79FE48F05EF915F67A0063F6F40C6D
:101C0000D9FEE8FF72123A072BEE62FA90FF37F125
:101C100090FC990EC608590F1B03A8109E0E390799
:101C2000A913D70A6A113EFD3B018BFEB9F410F2ED
:101C30007BF3F2FDD0F3F7F46B0074FD9E019B0F74
:101C400095E81EE7850556F77CF905093A05CC04A9
:101C5000570C6C081A07150D361BA212FE19AD0E93
:101C60009C04EB036DFAC80408086BF634FD66FBB0
:101C700097FAE10C5EFB9C02E3FA2FF82B0612F5B3
:101C80004904E50812FFC40136086301FB12720320
:101C90008D1229029C0AFA0B07F8B303FA00F2012D
:101CA000A1160D12940243F51F118B0659FCEB018E
:101CB0003EF8BE002C1014F9270CF403EC0E1804A7
:101CC0002302F807CF15B103FF0AC70A3B11D80258
:101CD000B4062F008F00FB045808451C6804BE089A
:101CE000FAFE2B00F3056CF52D00530511F960FA8F
:101CF0000007B306FD012101230A1A06C604AA0F34
:101D00009B10C208780FBAFE6CFED403A80A3D0AE5
:101D10006BF8B40C4EF552079B0CF3F7ED0DAF09C1
:101D20003505E406080CE503F50AC80FD60E97FA48
:101D30006EFEC104BB088C06250984192E0AB10E5B
:101D40009206CBFC78FD6BF4D1F63AFF6508C00033
:101D500022061A0ADC0D5E068800580B2B027E0450
:101D6000990C2EFCEBFD46FB6FFD9AFBC9010607A3
:101D70005F0FB40A2611750DB90482F978075CFF6C
:101D80000EF12DFD310CF60DCEF36B08640E1D091E
:101D9000C7176F038F019809C60E92FF170707F444
:101DA00015FC01F6AB0B1B11790A1E09950C7B057E
:101DB00073089C020C0038F16EE2F3FEE1F598F531
:101DC000A200F80EE41223125C1BB000BA0D600CE6
:101DD000240987F72FFFA8051F0564F9EA04F7FC1B
:101DE0001B081816BF0A0D063E04F0FCC5EFF8E705
:101DF0004AF6D2ECA0E2EFF886F62A099DF2490DE8
:101E0000E514A700BD0A66FF7A12E902350A0A083E
:101E10004207F4FA80003B013200E60A24069DFAEC
:101E2000D204000135FCB6F93FEDBAE2EAFC79F4E0
:101E300053FEE7F953FD6EF342FBA1FE5E033CFE49
:101E4000E8080B056C0A5D05130F790290FF0B0A79
:101E50004B1073131EFA61F5E1064AEFF6F8C4F36E
:101E60007BF54FE3A2FC85EFEC03A4FC6B06B9F60F
:101E7000C6E9E4F200FD67FA7103630CE4F9CE0AE7
:101E8000590B960D6713E308CD0A4D095EFAA1F8C8
:101E90007CF717F6A5016AFACAE498DCFEF7F9EBBD
:101EA0000C173CFEB6FEF8ECCBE20AF37EF26E03B2
:101EB000C602ECF99207CC03DCF21D019D05B105C9
:101EC000C8FC00FC99F8E5021B001D06B8FE79EA83
:101ED0009BD553D4E712B2EBC6F6ED01500613EAD8
:101EE000B6F8B7FAD4F04AF11BF467F229F7FBEF22
:101EF00081F44BF9A605C400AAF86D0090FD62FFBD
:101F00008501E8F14BDC5EDE37DFE3E484F481F049
:101F1000F5073D08E80540ED1BE5D2F3ABF20BEF0A
:101F2000F6ED39E5A0EC61E4D0F3E8FC59F225F2D6
:101F3000C100020264F761024EEFD6F471E73DE59D
:101F4000CAF4BD08CFE429F8F1FD20FDEAF3F3E976
:101F500012EB160235FEBFE9FFE4B4E3B4ED2FE265
:101F6000B8F2D8E343F7FCF70EFB26F88AF6C4FB79
:101F7000BCF43BF6E1EECEEF9A0AC30819E6250859
:101F800025FC06FC56F4CEF1BA0A7403E50012FBF8
:101F9000B10439FA27F507FD8FFEADECF8050BF615
:101FA000A5F5C4FA44F311ED6AF5AA00C3F00A06D8
:101FB0008E00320FECFFDAFB79F6B1042CF67D02CD
:101FC000BEFEA7FB2904E90EDFFB04013A0CE3F790
:101FD000C7FEE9F786FA7802AE0219F43EEE2D014B
:101FE0007D0294F8A001830443028A0359F8F2F6B3
:101FF000DFFD630303063205B31028126507E20B09
:102000007B06AF0AB30199033906190E56099204EB
:10201000C1F5C6F9B0F112FE6A1083001C0D7808F4
:10202000DDF08FF4A3FAB006E40670FEB0F6F30E0E
:102030007909BE0D4B040300BB033710FD0FA51437
:1020400094084B032006B0009AFFA8FBF0063D0859
:102050000111FF09AE0245FE75F5D8FBBCF58EFAFD
:102060008DFBA5F8DC004BFD270CF014840FA0219C
:10207000DF1F6A3355190C06751B562324197D0A78
:10208000D20D110EC31746061D114E139D18BF1613
:10209000D30C9C06AE03FCF58301210AF6F5400241
:1020A000F4F5830C8011591683131811BE11C00268
:1020B000C8146917D426E0134B14871D4A150F2244
:1020C0009A1FD4149A10E30B490460FB48F674FD80
:1020D000BBF6BE00E303F6014900BC0073065FFCDB
:1020E00090F955FF8308B908DA09ED08450581091B
:1020F00098FC5FFB3BF637FAA707BDF9C5FC60F615
:102100004EFB9E0568028804790AFFFE00F7F7F788
:10211000450767FD9F06CF085FFCC4FE110F13083B
:102120008A08600A5EFCFE089F0694F9330787144C
:10213000B6FFD40B9F052A027E035BFEF1FA79F508
:1021400079F63909D6FA42F71F0004F7CCFAA90B41
:1021500018120606810F9000380A9916620BE60BDA
:102160007418240C5915CE1042128A130D0E910BBF
:102170008501630CAC099CF5B8FD810A9609FD1038
:1021800061F4E4FD360F221E692042190607FB01A7
:102190008F17A7181000BA078A0F550FD31306130D
:1021A00002FC97F525FEAC10DBF7F2F509EF090903
:1021B000C40085FB0F02A1097800F9095D0F89FEB3
:1021C0004A134718DB1EED10420C4A09010E680F36
:1021D0005115E011B61123129CFF51FB72F987FDD6
:1021E0001EE9D8FB4904AAFAA8FA9C0777129A17A5
:1021F000A51B71FC5A0179FD57E671E9CBF0D409B2
:1022000088014305FC0234132F0879131202F717D3
:10221000B516560B8A007F076F007404770265F0CD
:102220003F07180881F9D0F2A5F6C1D24BDF55E57A
:10223000ACE8D2F53FFBE20638F85DFE53FF170627
:10224000990826FBF900AC06EFFC7DF541FA3EFB50
:10225000C6F1DC1032F2ED0BB5FB8CEE23F2B9E2E5
:102260000AE23CD3D5E06BEA8CF2F3F3F2F1B5EB82
:102270001CFE5105970D680451058EF8AE0834F622
:102280004EFC2DFF0BFDD5FB97FA190252FCAD0C4D
:1022900011ED94F49CF4CDEDFBF09DE1D2F2A0F2AF
:1022A00073FB37FABDFF70FB6AF1BAFA7801160AC0
:1022B00094093BFF670219044CF82E019A0967FE46
:1022C0008CF6E2FB240AE2071FF851E46AFCDCF218
:1022D0003AE8A7E9B70AFDF9CCFA3304D5FF950629
:1022E0001DFBED02ACFA63FF24036C0BF7FD9BFBB7
:1022F0003108E7F9370387033EEF68090901CBECA2
:102300000EEF91FAE0F08EF7960457F3A10B9503C8
:102310005500C0F8BC018BFDCCFE04FEBF0B0D02C6
:102320003F015BFFF80C870F3207CE056605A2055B
:10233000F3F6B2EAE6094C0AE4E9E6F124E962F8C8
:10234000A501751209FC18FA2F021AFCE1FE3DF5F1
:1023500096F77F0AA716FB0E740EBE04ED05990BC7
:102360003B09F30EC1FC6E03A512AB0A031941032E
:102370003902EDF246EBA6FE530546FF65098809D2
:10238000C9004A0281F520FA02FA420EB310700F1A
:102390006C07F401790A3A138702750EEBF978FCA1
:1023A0005DFE4FF6BCED84FB780C04EC81E7EA029D
:1023B0003C0066FFE9010302F2021A0531F44DE622
:1023C0001CF861031D19F1023B0474F9B505210ED7
:1023D00071FAEEFE9DEE63EBB9D781E3030099FD40
:1023E000110510F7E4EE84FA52E4C2E9AAFE7DF981
:1023F000010D0EF85CF9FCFEA0018412E50E9010B0
:102400001707C7F024F732ECDAF6D0EDF3E876D010
:102410005ADDF2EE9D0B77EFD0FC5C0CAEF33EF78D
:10242000DFEAA1FFC003E3F92E09520934F3ABFE42
:10243000950BAB0D4306280479F8F0F09BFB16FDD5
:102440000FE506DFDADED2D694E11F02BCF18FF68B
:102450008D01EC0665FF16002CF912008E014C026E
:102460008EF7B2F438FA7D02C80FD410A50C01FD26
:1024700035F6AEED12E9ACE5FBEA67E96FDEC5EBD8
:102480008FF1C5F0FBF5F402AE07C310ACF5B10B4C
:1024900036FF77F82C016FF7F5F7C302D7084AFA31
:1024A0000F058E02A100D8F807FB79F176EB10F842
:1024B000A4ED83E3F6DC19F44AFCD8EFD8EFB40CB2
:1024C0000702A9FFD8EF58062DFDFEFB2B0657FB90
:1024D0009D033906F606C10232F53807350643FA80
:1024E00092EF5EF8DAF5ACFF1CFAF6F223F93EF94A
:1024F000F4F82B111DF1BD17E30BB3F528ED58F4DB
:10250000AEF82C0AD606CAFB9DF7BB0555FDD0FBDD
:10251000F2F8D0FD0304A604E10A800692103B0EF7
:10252000A209150A09FF690DAE067D0C40FC700D6D
:10253000500931FE4DF2ECFC59085CFD48050403DE
:10254000720464F68AFE3EFEFAFD4B001E09331348
:102550008F13030C4920210F9F0C0B0B87070B0FC8
:10256000FB155D088EFD84002A00C406710C9E19BF
:1025700095009903FB1CB3100C05480654049BFC02
:102580005EFF50079F15560AEF12A419E01B520C6C
:10259000890BB90F870BB107FC024EFFA4E5A70218
:1025A00022019E05F803250EAE08AB0928040C0B8A
:1025B00019066F028CFBAB018309210CCA059B0A2B
:1025C000A709940B0A187B055212F70A4907D91478
:1025D000A114E402CDF14B0609F77DF93F10341741
:1025E0000DFFA1FBCAEAE8EF8BFEA902FFFBCD07B6
:1025F00077040B0C5B01B804020C2B122711CE0FD1
:102600005B1084FF451A532BDB1787086F0BAAFD5D
:10261000AFF93FFC9BF75205E0F957F876FBDEF285
:10262000F903FA0680F9F2FB9907EBFD66F88C0DC9
:102630002603540CC411080B1613310AC504BC0B35
:10264000DE098911BCFAF0006605500323FF56E944
:102650007EEA05F793FFE70BBC0CA6FB4FFBF8F7F0
:102660006204800B82078AFBA303D7132E0CAD1CD8
:1026700073085009F2FCF2EDBDF5CC0B08FA7DFAB7
:102680001A0168FFF902F80AF71EBA10750BF80074
:102690002A0EC50FFD03190DC70FF013210F630B91
:1026A0009716A11B691B7C09F917620204F8F30154
:1026B0006A0CBFF39DFA26F967022804D305A4FA31
:1026C0005AFBB4EA72E16CF240F152058BEE660AF5
:1026D00035099EF840019A126B00CFEE6803A702FD
:1026E000030102003CFBFDF40E0A59F9950710089E
:1026F00016F60BFB7C0A79FD7206E10644F951F9E6
:102700006DFCA5FA8202FAFBECFE0CFF6AFE87FB69
:10271000DEFF22F78BF657FEC2F5A0F965F74706F4
:10272000E90903023AF722F997FD5A04350204FF3A
:102730004CFFD7FB16EF0EF4F7F503F52EFE54060B
:1027400022FA0BFF8D0206EFFAF36DF5C4E981EB77
:10275000CBEA51FC5AFDA9FD71FEF9FF21015A0A8D
:102760001AFFDC09EF04A20EAF06A9FDB7EF8FFE3A
:10277000BDF2B211BB0D69FA2EFEE3097603A30187
:10278000E7EB91ECE0EF9CEE1FFDC6FC27F313F2A4
:10279000CC0CA60B5408F6F73AFFC5091D0B2E0A00
:1027A00002F264F3B6F171F6B7F87FFE3E018201E2
:1027B00012F59804D80877FD82FF30095C0659FCB1
:1027C000BEE532FDAF00DD02DAFFC3FF51FAD9F9F1
:1027D000FD013E09D6FED4F0B4FD72F99609C30995
:1027E000E3FC13057BFB4DF2D8F4E9015FFB7AFFB4
:1027F000A201EB049D030A02170549FBD114E3FF74
:1028000043FAF502C6F7B4FF1709E0FB4CF20906DC
:10281000A6F4CAF61A05F5F7FBFBCE05D207F2EFD0
:1028200069FE5D0AC3FD1EFB45FA9C0791167617EB
:1028300018164003A40684F70BF50DF1DDDF5FF8F1
:10284000FA03E40562FD9AF768096B067B0005FF51
:102850003E03BBF1DCF5D0FED303ECFD36FC8AF879
:10286000A10A42FB990112090212B9175D0FBCF6C9
:1028700014E6BBEB98DB6CF9FAFDE10020059F063E
:10288000F613C907BB093AFD9DEF0B001EFF9C091B
:10289000750C9B11320D7B01DB00AA013A117D0CF6
:1028A000F1053412D11274FF9CF0AF01E6E2B203DD
:1028B000241569163414FF06D209EB04B7FC17F986
:1028C0006FECDCFCF3030103B4099EF8A71175FC5F
:1028D00014096109A40A5904E80D0A06DCFC7BFB13
:1028E000DDFA5806A6EA48F927FAE8FC9C0FA30689
:1028F0008607070160F83AF725F7BAFD9F079AFAAD
:102900003606FBFEDAF5ACF7ACFE15FD1F0AFE132A
:10291000A517A40A55FE5301A804ECFD21ED45F9C5
:1029200057FBC6FFC504C21457FDDD0A2B0798FFED
:1029300087FD0CF7BDFA7E06FBFE22FBAFEF87DAC0
:1029400077E91F12321A06154A0AA309FB01CA06C3
:102950002CF356EDF6E501048AF7880535FC7D0B6E
:10296000F3F7B40DE60EB601C1F5C0F8EEF7B6F612
:10297000C2FC1CF988D11FC256C6F2F11409111A03
:102980002B1239045B09FE09FCFA6DEF04F07FF2AB
:1029900059050E01800050FF32FF2E00190A7F03F7
:1029A000620106083E03E90AB8F82AFA46D556C677
:1029B000D6CCC6EDA80712FFBE0CD9FE1502CBFA85
:1029C0003C086BF467F3480210014602531182FE83
:1029D000B70354F3BEFEAA06A806AA0F70F4D901E5
:1029E0002F038FEB28E556C875D069F30CFD8DF4E5
:1029F00047F11001AF060C066408ECFE9901521471
:102A00005AF78AFEF1F980FF770CF708E8016110A8
:102A100032050807D5F9C9FC54EF0EEC05ED91DB42
:102A2000BED875F77500F7F9050772FCFCFD8AFA48
:102A3000500A3E10AA1F930D9A0601FFA5096905C9
:102A40001FF67D07D402C6103A11BB0E1F028CF789
:102A5000D4F7B0EBD0E9EAEA09E8C0FA1B03AB000F
:102A6000F8012C068705EBFE960720FDCC13AE027D
:102A70005201F8EF26FFC4FE28066D0CC8088C042E
:102A8000B5103C0F14FA8F0CD0F6D6FAD4E56FF1DE
:102A9000BE05E41A1B111C0D7706D015A00AF5F42B
:102AA0001FFE6917A6203707B008CFEF140E05FEEA
:102AB0007809B30059058508FC0E4E091F08070365
:102AC000A1EE1FF4E8EC2B10BA0EB0158A1CEC1521
:102AD0003B10690FC717A403230513181B20BD2043
:102AE00054063FFBA7F606F44301E306F709DC149E
:102AF0007E0FA30ECA046CE851EB5FEA5C00A307EB
:102B0000E81ADE19CB1D2C12A017321AB8162307AB
:102B10006206160F9F21F10E81FBC7FE9702F50298
:102B20009F10EB0B4D0367117109BC1844089DF20F
:102B30000AEA08ED45026A11DB08F81732135A0059
:102B4000A604860765FF33F914EBDD08BE213909B9
:102B500086F86BFB901026041F12201523061B0D10
:102B6000DE14080E2B0F0E012703DBFA5DF2500274
:102B7000BB0AB40A95FDEC0D14029209B7FC1C03C4
:102B800023F38AFFAE19710663FF8A0E040CD21379
:102B900093121616310FE207880D9502FFFFE40C21
:102BA00072F715F937FD5DF98D07EA0895045EF9AE
:102BB000450D6C0E35FF00FBF50E54F24607FCF890
:102BC000FA044A03EA0617033505440A911BB802C2
:102BD0007F13EE06780A23073907DA012DF290FAFF
:102BE0008206DC02C8F902057AFBBBFE09156DFFFF
:102BF0008C0386F055F9E8F83F09BFFB8DF082FCA5
:102C0000210205FF980DC50B21141706F80D2003AE
:102C1000B30B1208850D4400EDFBBE0584FB88FA5A
:102C20003B00F80045FCFFE806F8800251F95C0221
:102C3000CEF54E08F10CACF01405BF05A50439F82B
:102C4000A00062124707C9038D065000C0F0AD0A0C
:102C500029F57E000CF0DDEADCEECEF17EE60AED31
:102C60008E06CC079F04C2010A05A0FE93F76A10E6
:102C70002A14970BACE31CE6CCE514E067E2F9EA12
:102C80006DDC68D918E048F50EF82DF18FEA0EEFEB
:102C90007EE315EF56DDDCDCE5EC6D034108510900
:102CA0009B0329075C02DDFAB714690D5507530E23
:102CB000B10160EF44ECF2F4BD055CECCFF7C60760
:102CC000F105A6E6DDF408F0CF0753FB67F735FE04
:102CD0002A0C9A04720AF600A6FE90050CFF130A4D
:102CE0001AF832FCFDFB8BE92FF356FC42077F06F6
:102CF00057F8AC0CB40E640BAEFB2408CF09E00609
:102D00007E0235109FFB56085D0A0E06CE066DF951
:102D1000230651FD9109B5051900F4F536000E089A
:102D2000DAFD3801F7FBD6013D0505F810F36FFB1E
:102D300016F8B9FC9FF7CAF70D0A86FB3E085A063B
:102D4000DBFA3A0841F807FA0AF95BF9B2FB100915
:102D500095FE3F035103F3041BFEBBFBC403950127
:102D6000350C6D0A42033F068A0B2601DC06481922
:102D7000710B2E096306D8106202B0F88E08C9F9EB
:102D8000330759FD8CF52B168E0AD3F67C04230DE0
:102D90004B0186ED78E9F1E890E0CFE3CDD796E5F9
:102DA000D2F7B2F9CEF7830772F480FB1204C10F99
:102DB000B206E508190578FAB308CAF6BA03D307CC
:102DC0003411F60517EAAD138AEE83DDCFEC61E12D
:102DD00093FBDFDF00DD46E0E9EDBBFB6BFFB9FFF6
:102DE0008609BC08B505EF03C7F8DD085BFE1EF8D1
:102DF000DAF53505B5FA4A0C490D3C1C3708F402E2
:102E0000E202A1E175E8D4F3FFE94BE332E5F6E431
:102E100081EF1DF7AC011408B40067FB4CFC770B85
:102E20004405B0FE7C0325F4280AF1FC8403F31565
:102E300038195116480A6F0608E592E03EF496E903
:102E40008AD702E042F4D2F2BEF00FEC88F2B4FC72
:102E50007A0759F342025D057FF094EE6F0F220C62
:102E60001409FFFE6BFDB10CAE13B906AF0663F398
:102E7000F2F83DE580ED24EDB1D65EE110EE55F9B6
:102E800077FB9DF3DEFC8E025210800AE807790181
:102E90002DFD9EF5CB0C32F9C807CEF3E4F1A20765
:102EA0007909CB18DFFAD2F8D0E929D704DC8BDF17
:102EB000C0EA6DE5EEFDCFF55308E9125405590857
:102EC0009902ADFE1102250C16F1D3FBA7F95908A2
:102ED0001708ABF295FE3E009D1EE9163AF470E02D
:102EE00053E93FE5F5E8AAEA09E90CE83BF8220ACC
:102EF000A6059112290FA200EC0B4407DE0BF50D7D
:102F0000190E2C091AF4D9FC51EE5BFC0FED5CF4A0
:102F1000081C00063DDE9FF819EC4CE17CF077E2DE
:102F200047F94D0240022F0A0D16AF21AA1B170CBC
:102F30000F1064091A11D90DC808E3F6D5FF6B0A02
:102F4000A1FBD30911FFDFE9730892F9C1F195F1F3
:102F500006F0B3E287F400EE3000EC0A7114BB28EF
:102F60008D24890E4A078F12570DA8049A13321B1D
:102F70005E168016E3128AEDEEF7AD09DDFE02E281
:102F80007B0AFAF275E77BF5E8EA7CDF7BF4B4FBB9
:102F9000A7059221961F15236517C9096E0A5A03C2
:102FA000CDFB300C4E03A10C0F009C0BA9F4FC0DC3
:102FB0006A0902FE2BFA3DECB004BDEB62EB6AF449
:102FC00015E907E7B2073D06B80E41161D2B201B79
:102FD00045FF71F50E063AFA3CE66EEF64F14FE2FA
:102FE00020DF00FE2C11DF0748038F0623FAF8EFDD
:102FF00015126AF720FC910896F831FCA616B91054
:1030000022174A0CDC05B6FE09FB67FE60F0D4F718
:1030100059E2D8E160E026E500D9E5E973FA2DED43
:10302000FAFD6105EFF8210750F91A174900FBF87E
:10303000D40B8CFBC8FFCF1437105E120BFB18ECBF
:10304000B8F4C3F797F715F7B5FE59F3A3EB96E07D
:1030500032F48EED82F397F3D6FA2CFDEAFB35F7C6
:1030600007086E235318580039F505F477027CF7EA
:103070000E05F5FCF0EBFEFBCC000C07ED119CF30C
:10308000A20C5BEFCDD9CCEF88E4C5D82EEDE1FAE8
:103090004F059EFE9AF8FBF8D111561B0B20DAF96A
:1030A000D0F471EE60EF5FEBB0F832F64FF02D0127
:1030B0004512440E670CE406F10759E65ADBAED818
:1030C000C1E49BDCD3EFD51119082A08CDED6AFACB
:1030D000A70D3E26671433021BF1B9F713EC12F467
:1030E00015E47AF30E07EC02B113891D071730FFC0
:1030F000E2F8FACFCECE63E319F637F821057F1256
:10310000B9049B0E6FFB20F7AA12BD0FB70BCE11AF
:10311000421650FDD90B490B7F07EA0F6022E50CE0
:1031200097148514040A3EEF57DF9DCA9FC44CCF05
:1031300067E8B7032AFAB7038EFC20F9B5F7DCE29B
:10314000E8F654071E0A25117912441192011A1447
:10315000BD1C37275D1B7F1271FC18032D047AE319
:103160001CCD6ABBE1CD81E12E04A1124600320ADA
:10317000BCFC370AB7F0F2F178F938FF2E0465008D
:10318000240D000DAD13B80D881BF71F101208F8A1
:1031900074EBD9F954FABADB53C31DBD11DBAAE1B4
:1031A0003A077C09640BFD08D503E9011FFDE90618
:1031B00033039505CDF34205410364035B0EE4013F
:1031C0008E0DE4106FFE55FDF3EF4BF6F0EE5ECB87
:1031D000ACD746CC68D574EBC1FF5701D4102BFE99
:1031E000E208250118F10509D4F557F6EFF271EF61
:1031F0008BF8BC0A88033A01A40930F848F255E874
:10320000AFE944E55CE673DC4BDB58EEBCF5D8F780
:1032100066F8B302BF1650FBF4FAF7F932003EF835
:10322000ABFB910C0CF891F37CFB060700067EFAD1
:1032300088F2FDE513E6D7E0FDEFE7EF2CD8D0D517
:10324000B6F288E4ADFEBAF7B40B90F12705B4FAF4
:1032500070F8DF046FF2D4F1F903AC054DF867F2B2
:1032600070031FFAF1FB55EA5BFCA6EEAEE7BDEB7F
:10327000AEEC0E04A8EF44FC53F4FEEA60F4E0FF69
:10328000100A07FCFF0F0C0820081A06D400D0F71C
:10329000C7FBB10004F71BF92CF860F4C0EFF2F69D
:1032A00085F2D9E8E5F4F1F8D3FDD2FE4AF16302E4
:1032B000DF0561F91FF36C04F1ECA8055306B805AE
:1032C000FDF5B0FFB107940BF0108614EB0C8DF9EF
:1032D00054F80B0D2C027E0A7B134409E519651F77
:1032E000E521AB0FE90EE013E715B803FCF035EE6E
:1032F000ECFE12FA41086C066505CCFBAA051CFA27
:10330000C4FB15E744F6D3F6800141F87F07C312EA
:10331000E704BE04511CC908820A2605420744007E
:1033200024041FFACCFAA2006AFA13FF6EFA1C00FA
:10333000D2F90AFD04F8DAF7010790F5F9F8A809BF
:10334000E304F1F5BE026A0289077902D1079AF611
:1033500090055B0020F846F655FE7909E9037DFEED
:10336000FDF9E2010FFEFC07E3F96CFD8BF641026B
:103370001AF7DBFCC410690C8CFFA30704055E146C
:10338000E3FFF00F0C05AD075BFFA702D605350C78
:10339000D5FDB207E50C7F051AFD63F811FAA5F912
:1033A0000B089B044402160BC203AC031304BD08B4
:1033B000370AC11638253517591583F68E03F201E1
:1033C000C4F58212550B3EFF8E074D0A82FF2B116A
:1033D000FD059FFEA8F67AF71903F308F9FB150718
:1033E000C3126B0C120D6F09D008511E5E10BB2466
:1033F0009621E20F371C761098047502880207099F
:10340000FB102F001FFE10ED1306C813E9FF0AFC86
:10341000660767F7D3ED0D0D920313FBFF00320330
:10342000E6F78A0B7914F817980E7F0BD40F461421
:1034300052078F00B11369FD2201F9FDAF03D3FEDE
:10344000D90ECD0CE70AD5116409C2FE1AEC8C0224
:10345000A3EC66F320EA7003DF081003270FD407FC
:103460004113DC18EF0847094316680F9C14111428
:10347000EE1AD500090FB2F8FF04E10C4415A514AB
:1034800043FBA9FD1603B7FA59FFF4FB6CEF94FD5B
:10349000430AD3FBEB065612A00DA512161BAB1860
:1034A0009A1DDE12C110BE0F8802EF0893FA41F890
:1034B0009C0FB10EA20C56FABAFA6803D403BEF9F7
:1034C00092F67F0233062BFE76007F008E0B110AE8
:1034D0003C06FC0BF0FF8803C80A0F09E40D4B07FC
:1034E00080047B05F704F5F55AF2630AB8FF99F9F1
:1034F000AD00ECECEEF866F8E10BF6F13AFD9EF764
:10350000CF12530B3FFC2DFD5AF791F065F07BE88D
:10351000E9F9DDF34308ECFA2FFEA604F8079AF95F
:1035200066FD2706390B7A16AD04A3FB1C065DFF6A
:1035300078F64AFBC4EE3DFEE9072401A60045FBF0
:1035400091F33AF8FDF129EE90ED99ECEFFAC4FA17
:10355000CC0AF7FC280BB904D911C014E108E6F82D
:1035600042F42EF64AFDD6FD3AFEB2F85102B404FA
:1035700000FC05F9690182F385F3B1FC7EFAF3F2F0
:103580003700CA08EA0CDD08600A76FCA001F0FDED
:103590003D10D313D20ECEF07CFBB002F4EC24012C
:1035A000B80864024001E0FA83FA06F49FF342038C
:1035B000D0012EF7DF075EFC35FC8DFF47076DFE5F
:1035C0003BFEFCFD10F72F0A6C10780A7E141EF6E5
:1035D000C50185F9E3FC9B0262FE38F3DBF6D1F806
:1035E0009E05E6FC4F0B84FE0A02F10DC0FDAAFE0B
:1035F000BBF6C3FD0B033AF61A08BBEE0DF452EC12
:10360000BBFC4BF7F205E8FF480341FE74ED5C1587
:10361000B40CFEF796F54D01D1FF5F05B703E6FB4D
:10362000F601160801F8A6F61FF9CBEE8EFB73F92A
:1036300063F48BF5A0FFA3EDCA0B09EE28FEED079E
:1036400079094E0290F427099DF39EFEDB05D10215
:1036500039082C01EDFC5FF88B08070065FDF7F5D4
:103660001FF810EF1600F0FDDE0C0FF8EC037F00E2
:10367000F9F7D0F21F0417FC8203CB05B5F76F09E9
:1036800008F8710729FFC5F030F54C07ECFE8BFBFD
:1036900024F602FEDBF3B0F281F8E6FCBFF7A8FDEA
:1036A000AF0D2D0B61FA59F37F02E309E90B4B07CC
:1036B0004DF494FC0BFD210AFE11BFF9F0FBDAEC8E
:1036C0000DE5E5FE79FB98F8EEFD13F37700A3FD19
:1036D000A50238076FF848FFF90A4A0726081FF8BD
:1036E00073FC7E0CE5FF6D10E1FFD502000182172F
:1036F0001B05BE09E5015EF0C4F895EDAFF842F692
:1037000081F9BCEBA8F3F4FB79FA69FAE6F9ECF776
:103710006600A7F2CBF2D3EFB9F52E0324FE560EC6
:103720009C010400F3038508D913F8FDED02960906
:103730006CF834FB9EF56CF4CAEFA3F6D9FD8EF756
:103740007D0BD2FBDFF1A70713F99DF5A4FECFFF98
:1037500098F870085BF88604E4F7D110DF130209CB
:10376000C309BD0AD508DB09050BC801C10A3D071D
:1037700055010700A0FCD4008CFB9904A5F259F474
:10378000470071F28604C2F699F58FF8D014F5035C
:103790001502D8077311F0136B15021DC00601FB4B
:1037A0004A0E70182F0E240D110BF40CA2FF74FF9B
:1037B00094FDB6FDA9F695F1A9FE07F5A2FDABFFB4
:1037C00080023304520021F47204FE01EC13D60E81
:1037D0004709C804C4038C02B1010A07DB0DDD0CE4
:1037E000C918BC0A4F0B7801C901680C0F0580F994
:1037F00078F4DBFDB4037C0D26001305E209EC052B
:10380000EF01A8F44411010B7303B6F62A07320640
:10381000E208D20DB8118E19D616761B2112BF15EB
:10382000FB0815139102D804D50694FCD40BFA11A9
:10383000C40F790FA0FED7013EF6B4FBB2FD040F12
:10384000E809C80C2106970A6115610806181811C5
:10385000F8FE9C018B03D012A6071A0FD60BC007E7
:103860004006DE0CF322E6216B1364117E0676F926
:10387000D504970784F43C15740788FDB9068806BB
:10388000B3FF46FAFA0211FA44FCEB058700CF0BAE
:10389000F311381C07171809D2090211B2101203CC
:1038A000CF182B0EE9037D012D09A4F6300851F63F
:1038B000E6F6E1FC4C08B4078BF96FFF1A0397FB9F
:1038C00030FD80FA0603E608610AB5042C0D120BE0
:1038D000700C56053E091E14E21B38FFE8011C0857
:1038E000F9F507FF1AF7AB099404D100260817ED84
:1038F00063F899F4C8FB840F160157F9380069F38F
:10390000D0F669F1D8FF92070D1781187304540699
:10391000EFF672027AFC4FFB8CF72502B80409FF20
:10392000A90444F321FB3605E2F86FFB5602D0FDF3
:103930007404FFFA0AF624FFFEF090FB55FAB0007B
:10394000D0FDD2F9720438FAC6030A0211FAACF8B3
:1039500025F604FB71FC31013F0074FE53FD360473
:1039600052FD68076D002402BDFD6EFF9203B8F69C
:10397000F3F78F02C50115043A03F9FA060ACD09D7
:1039800059F80306A7FDCAFE64FFD3F7960296070F
:1039900068FADC0381FF85054B04B0034EFA3AFE5A
:1039A000B4FAD8185C14E6067CFC6F0AE50A7900C4
:1039B000E605B9F776FFABF7F40915FDFCF597F6C8
:1039C000BFF8CF03C1FB4A0DC70DE401A1F614F205
:1039D00053FA22F5BCF79503130653F34EEB71032C
:1039E0009F0329006402B901EAE9C2EEB5ED5C0B60
:1039F000F9FDACF7ECFCB0056FFE5C0A59093C0D13
:103A0000100007E4ADEAC9F65DEA99F0CEE0A4FA49
:103A1000F6FED8ED24F1F1FA21F0A6E45DF9EC030D
:103A200040FC9CEE8CEE42F590F910FED70949F966
:103A300065FE2F05F2FCDBFAF9F613FA4E0878075B
:103A40001CEEBCEC26012A0367F246F19AEDC1E5B3
:103A5000C7EF50E7D0E868E009EFEFEC82EB83F2C4
:103A60006DF5160FE30EA5F198FD76FA7DFE9DF833
:103A700033FC9C012FF22BEB20028BF755F503FA58
:103A8000C8FD58FCF5ED47E666EFDADF17ED7BFD84
:103A9000290DE30200075EF7D4F509F95E00DA02AA
:103AA000C804C5FDD8048904B9ED350AD3F5C6FDAF
:103AB000E4F92CF1B1EE300335F7E8F575F9E803D8
:103AC00028F1020282FF6316390F7B0D1E0451128A
:103AD0008613D017830AD3F6610667F113FAF5FC53
:103AE0000BE966F9E7EA87F07F06B0079A046AFEF9
:103AF000F60C5F103D12D71982202E1E2923AB171A
:103B0000271C751A9F21CC195415CCFE7B12CEF0C0
:103B1000B1F29C0039F272FD85F125F9DB00A005B8
:103B20001E0C7BFB2EF8BC047A0211148C0D3A2279
:103B30005E290F1D54296C242B2BB120E41608207C
:103B40000B245507DE0E87105901490C18F0FBF5C0
:103B5000B8F04A0158FC0110B5001602BDF6220566
:103B60004AF9D6FE490AC510070D2405590FB414A9
:103B7000E5041305D30E680A9A0A25116A1A9F06EE
:103B8000B404500F8CF041E1DFF5F506480275FBF7
:103B9000E606AF068F0D1DF913F879FA69F513F3F0
:103BA00051EBDBEA90E40EE9F1E65EEF57E49CD7D7
:103BB000A1F3BE1116206CFFA3078DF92A1331F66D
:103BC000C2FAE2F5F4025003FFF83F08430C860AFC
:103BD00097FB8B0168F38CE5F2E7A5D753DCBDDFDB
:103BE00006E1FDDBD2EA52F576F37215E50EB20C72
:103BF000190B5F09F302ABED70F2A9F548F4D10A95
:103C0000ED040B0B2405320D60FD45F64BED3EE94E
:103C100060F0DCE941EA85ED90E0E1E08EF224F429
:103C200052F5DA0AF71C9B0357F87902640BBBF4D0
:103C3000F2F7F2F733FE26FD2803700FBA041903DA
:103C400006FEEF019BF8B003D80326F65DFF66FD84
:103C500078F9DBF16CE685E059FCB301E50B2FFB4D
:103C6000C60CC60A9F1265F8B6EF6FF3EAFC0BF8B4
:103C700099FEDFFD700FE804A2ECA0F1B808220164
:103C8000A4F5CD00FBFC171307F932FBD6E4A8E43A
:103C900025EF83042001EC00EE032706E5F473EB27
:103CA00077FF07FF1FFCA2FCA8F786FB8CFA84F4C1
:103CB00086EBC7FB24F246F07AFED702270947FFBE
:103CC000410B13FE7AE78EEC15E848E7CEF2E0F8F8
:103CD000E00554000CF12EE945E7DFF024F4F4F29E
:103CE00005EA3C00C0F9B4FF88FD2B0099FD96F071
:103CF000B8F65F08D3FEC0F5E2EC92017AFE34E339
:103D000034EBBDF10FF2C4F3A108D8F1EAEDC5F828
:103D10009EEEF2E7E7FED0E8B7FA4FFAA5070EFEEF
:103D20001200B0084D050601FCFD5B0A71F9B103F4
:103D3000820375F7D30ED0ED1F03D5024D0084F931
:103D400025160AFDFBE1D4E9AFF556F38BF7FDF735
:103D50003DF944FE5B02E40C1B0849FD32050D05EC
:103D60005AFD6C04D405FE03FFFE65023AFE22FAFA
:103D70008FFC33FACD195F063405F504DFF4DAF66B
:103D80000AF63DF4BCF98C07760CB609D103B212E1
:103D90008F110A0C45FBF4F8690093FA16FAC30672
:103DA0008503A40AAA00AB062807E5FEA20C540569
:103DB0005DFE82EE4F0192EF4BF202094F01D305F7
:103DC0007E05D5FE8307E910C407A909DFFB31068C
:103DD0003BFF7DFB66066708D1F9C9FDF00C1908A9
:103DE000EE11F713A5F916F7CA03A0FE750C6000D3
:103DF0006F0180050D12E4039F0040FF68F7D8FBB8
:103E00008CFE36FAF5045A001304310174040B05D4
:103E10007402FDFCF5F17900F10444FC22E719FB82
:103E2000280BE4036204CBFAAC03E7FB33060F0272
:103E30006DFEB2F99903120792056B09610E35FE0A
:103E40007EF8F00788FF8105F20176EDC1F88A005F
:103E5000F3F047F803ECA405C8045301A9F873FC78
:103E6000860EFB04D20292F21DF8C1F5BEFB19FDCD
:103E7000260A31FEFDFF1BF95C02D702C50430F7AC
:103E8000B3F76B032DFD020497EEA8EE85EA74F7F5
:103E90006A0323FD0004ECEB5CF1B7F2A6F8EFF245
:103EA0007AF281F9F7FE270A7E01F7046F04781190
:103EB000BC0329048D058612640B0501EDFC11EC91
:103EC0007304BCEC63FF3202B0FFB7090EFB2C0F8A
:103ED00008F729E9D1F267F25703DAFF86F0D50A2D
:103EE0009209CB025D00930B4708970814158E05C5
:103EF0000F0B941715158811A106D308C1FFEFF514
:103F00004D0AFCFB2FFA6404BBED07FCEEEF9705AE
:103F10001A08CD15010B50FDB1015418DE19AB0A7A
:103F2000F60AF4F7E702CA10E60C430EF40B140786
:103F30009007BC009001220713090F0457FB75037B
:103F4000EB0900088011E706F40E7709C70FC30CD0
:103F5000A11F4334DF25B2072A09C205CCF785F338
:103F60000508C9046FFE88FFF0F667038FFD4CF764
:103F7000B604D8033D069CFCF9FF39FAF3066BFB47
:103F8000A8050E066FFA70090F0AA9FFC2037EF694
:103F9000920645075B0480097FFC56034F04ED063B
:103FA0001802BBF6BD0721FEF105FE0622F790F6CA
:103FB0002B0382FD6601C604AA14D006AE0EE802E9
:103FC0001F0444FC06FF11F7F4FDFBFD4E0F951B8B
:103FD000741438029D08220D3DFFF5FD4C01FD05CE
:103FE00021FA35F88BF753FD1DFE150BD00512177E
:103FF000261DFC1710296928F714EF0C9511CC0C1D
:1040000072080A0D5E04050B14096D160811EB1DEC
:10401000BC1116FAA0FCD0F9E8F70A07DFEB6EF244
:10402000A0F359033A140F0C1C0482FFA70C680577
:1040300061FDF8F253020AF99A049DF8DE01B40416
:104040001DF1A1FEAF03CE0CA3055304950331F976
:10405000070837FA42EEADF4CE0A3B131D09F6FC11
:10406000EA0A1F0B84048406A60A43FBD4FFDCEB98
:1040700084FDE4FFDD07A0F773FD10F44CFF4D0451
:10408000F6F75BFDA3F79C018507850667FDDF0555
:10409000270A47FD0DFF4508D4134D11DA07C9FA69
:1040A00008FD0FFB10FB36F8AEF9C20AABFC51EF6E
:1040B0007FEEDEF33CF693FC64F265092FEE6E04AE
:1040C00061FFC5F6B802E4FE6402BBF4FBF69F068E
:1040D000CA07BB02FB087906E8F3CEFD20024D01BA
:1040E0006D0DFC04A4012CED4EF180EEF9F3D6F435
:1040F000AAED2F0D2DF702F9B3FDD4FA54023701C2
:10410000BA03C9FD84FC1A01BCF8D808D5056308B8
:1041100069F38BF788F7BE0CCF06F1F651F89EF0E5
:1041200008FAC0F573F1DEE289F92D0DD5011C0105
:104130000DECEBF96007F7EB7D03E6FFBF0D100513
:10414000F607210984FB22F37EF6D6F4EAFB78EF2A
:1041500007F10BEA75F844F72DF714F292E687DDC4
:1041600043EC8A03C6F6F5F7D2F840F993FBADF8B5
:10417000BBFFEFF5FAFA45FB41FFFCFE8E019CF612
:1041800089F21301ACF5E2ECDAF04DF5910089FA11
:104190001700C0F57EF38AE7A1FB2AE568EA6AF911
:1041A000A3F9470710FECCF730F3130D620902F9AB
:1041B000AD0152F221F01CF5B0F72AF1F2F5AAEBAD
:1041C000B7EBFEF9930175FC77FEA3F427F88CE9B1
:1041D00058EDAAF8DFF95EF5CCFDC7F831F360EBD6
:1041E0001EF7CCFDDB053EFB0604C2F6B1FE5BF01C
:1041F0007FFA58F89AEDE0F739FE39FCECFD4B09EF
:104200002F048EF906FD25FBFEEED302D5E570F4F2
:1042100023F9A7FD66016CEE03F7BE0044F7F3FD3A
:10422000BF10AA0A47F7CBFBECFC43FC66F228EA76
:10423000E601D8FB2004A9FE25F864FFD8FA23FF85
:104240006B013305D4EAE3F8B3035AF971FCCFE804
:10425000F8F53A00EEFD73FBEF02A50A230666FDB2
:10426000B5FFB104B306D009270066FB660B9003C7
:10427000A2FEDF078A00BB0B79130114140719167D
:10428000370142FE37F1F4FD0FFDA9F64F02710C24
:104290002011D506A302F40A35FE8B003F041B1043
:1042A000C4177703570D030D6CFA58038003B70545
:1042B000DB035D0F6218150BD9002FFB5BFEA21B01
:1042C00082F823001E18CA0FDA09870C260F1F0C6C
:1042D0006715A3067810EC05E9056B11DB0450198E
:1042E000E90FD612A30C4BF96E042B1D9C1C68120F
:1042F0003D0D42F10909F4FE5FED6B0768180914E2
:10430000D50B200BADF7F009E70FE104DE084F11E4
:10431000B6138825E9138C0AA20CF413C803680BA2
:10432000870484264414DD04D5079BFEAD0E4CFCA7
:1043300053F99605C60CA609100B1FF9B2052808FB
:104340003DF93206EE0D41130D252E1DA7145A0519
:104350005905DD1A730508114414FC2AA20C63F7F1
:10436000C1F02DF8580117079BFE75040B112B0B9C
:104370003F0A1CF68AF3C5F913FBAC0EB41000100B
:104380008414530E051171106106FC0ED409EE0E53
:104390004F15FA23CA15850E10FE54ED40FAA305F9
:1043A00026FE8D01F501AC07BC02BFE6A1F2AE010D
:1043B00091F5320B561081171D151F1152FCFC0888
:1043C0006E01ABFB13F94808BE03630E9213A6FF00
:1043D000B905ADEE860C8B0BFD08E9FC5DF9E0013B
:1043E000560056EB11FA73EE02F23205E6046B0D3D
:1043F0004F09B8F8B80555FB20F384FFC3FD310918
:10440000740642069624FA08E2059A0FEDF754FC6A
:10441000E7043807BCEEB8039FFA5DFC48FDBBFF1C
:1044200062F4A6F94BFC8FF569F3BEEE57FB58EA30
:10443000FBE2E2FFF2EE22F8CB0217F53BF917F7A9
:10444000460768F6BBF6BF0A64F4DFF670E870FA58
:1044500073FDC403D0FD60F70003AAFA37F997EDA6
:1044600018EB37E7CFEF95EBF2DEB2F6F8FCACF1E4
:10447000E4F65AFC68EC49F730FB2F04EBF3FBED54
:104480001FFC41F186ECCDF3F7F774FDCAF10EF78E
:104490008CF5B8EE91F157ED6BE513F00AE057E9B2
:1044A0002FF5A8FA44FC11FF8EFED6FCAAF1BAF54E
:1044B00065FAD709CF087FE9ADF921FB0AF7D9FAE8
:1044C000B7FE5EF8F8EFF801ABEBEEF6D3EB0AFEC1
:1044D00093F4D6F1DDF712FA6BF661FFA8F9A1FEAD
:1044E000AD0B2E115D012507320986FAC4FCA2F638
:1044F000A605510A3D05FBF8B10190F7C3F7BD10C1
:10450000FF078C062E091EFFF502D1FD55FC63F254
:104510002AFB99F5B6ED7CED9FE7701015114EFB67
:104520000D0790FC220943F98A0D160B6E088A01CB
:104530008A0A9312740952FA790A370AB50CD80A12
:104540002E0A02F34905BB03BDF4DA0774FD980B8C
:10455000A90AA3F5EE02F0FB4EFE5B01CDFB5F0A5C
:1045600042020303E9F8EE094FFDDE04E0082C05E2
:10457000FB0397FD8706A7076BFC28FD690D8A13CF
:104580004514DDFB900AD00025FE98FB8E021E002C
:104590003402640620FBD3F5DA0168FBC001A207F0
:1045A00076055807BC0720033108EFFA2FFC7AFD87
:1045B000ABFB3D0197FB3908780806077007E3025B
:1045C000A0F8E20429076BF76BFEE4F849FDA608A2
:1045D000D1FF3DF76AFB9EF7E2F56FEA1EF0150A80
:1045E000610914FE52F445F4D9F9D70042F65AEFA6
:1045F00067EFADEA07FE8504590758FA710476FDA6
:104600003DF80708F30483002C04F6F87DECCFFC9A
:1046100060E46FF2D9F00BECD4F946F697F38DEF26
:104620001205CCF3F1F55401300540ED72F0C7ED01
:1046300023FA1809EBFC730AD4F696045EF3DB0741
:104640001D0D76EF27FD0907B30EF605B2030A0527
:104650001D0D88FE8802810AB20956FF0AFE97F9ED
:10466000F4FFABFFA5ED01EA2FF6380EAC0CE1F933
:1046700077FA560078047C0B6F02FEF0C6F5EE0563
:10468000180890068AFEEA092DF8EDF3DA01910088
:10469000E7FF560EF9FE880862FB5A0105098905F5
:1046A000BF0AC9043B0B50F186FD7B0810F69F0042
:1046B00026FB5BFF770B3F0AF507EB0DD80154FA99
:1046C000B9F0D8051C02B2FF07041DF8AD00D5FCF7
:1046D00000034EF740FE320888FD2AF700FB18F56C
:1046E000E0005C119E07ED0A77FE201486095E0C3F
:1046F000B8043E06B6FBA1055704F9FDEFF49EF59C
:10470000B3F5D5F0FBFDDC045800C104370F930569
:10471000710C0BF8830DBBFE3B0A56145D0C9A001E
:1047200071FE640E610F1E0B7404090040058901BF
:10473000D40083FCAEF905F72FFE160911088D0091
:1047400070053EFD3E079F0FAD0C54FE6AF86FFFEB
:1047500063143C1217159C08E4E5F4F86905490B4D
:104760003209C00152090AFD050F43069607A40B42
:10477000800CD208C7071D0A38152E016F11370AA1
:10478000EE1C5C0C11FEE308810FD30E890F42EF83
:104790005DFE08FA7DFF6DFC3C03D3030E0ADC12BC
:1047A00038173C14BA0B4903E3FC4B11960851042B
:1047B000C208E4FCAC140E077F090E098A0529FE25
:1047C000E51220090317F210CF03E6EEBE0750FFF3
:1047D000BEF9540067012B0ACD08DD0D89FD2B0AB7
:1047E0001105AD0A9AFEE4FA9E051CFFF60BA1F333
:1047F0008FFDC2FC92035B0065149E0A730D6C066C
:10480000A50725FB3210640107004CF900FAF709EF
:10481000F205D50728F627072A0870FEF910C0060A
:104820000EFF74FECCEFCCFD65FDE4009F0743FC5A
:104830006D0A040E73099407A2FB4A0B6CFFC8F9BA
:1048400081FFA6025F06E8059708960D10FD9E02FF
:10485000380083F8281CE60F810458F493FA04FC0E
:1048600014E4EC06E21CABF308FBDFFB6410B409B4
:104870001001E7FFBAFDD60BF4F8B603E100B90763
:10488000180E6A0507FB4AF6DBEDEAFBEE0EDB0EBF
:10489000FDFE15F1DBF603031603EBF96505F1FAEE
:1048A0009806050CF1189F0158092005660867074E
:1048B0009D0145FA94FD23F83F036BF94402350747
:1048C0003AF133FACA0C68026EFBEEF9B00BE11B49
:1048D0007020D8F3820173EBC3F968083015F0003B
:1048E000EC197B027709CA018DFD75F866EEE1EEE1
:1048F0008AF42FF3DDF8FBF4D7F283F6860CC3FEBF
:104900003A07900E010C2C1C0C181AFF27FD62F8B8
:104910001A02BA049E020808C4062AFEFAFBA6EF91
:1049200047F43BDDBEF1D3E61AE6B9EB6AEEC3F617
:1049300019F111095BFDA5000012180D480DC609FB
:10494000FA1231E09EEC0DF6B7013A050BFA411070
:10495000EB0DC91154FD00F5CEFB4FF098E7E0F8E0
:1049600046FBA7F61AEDEDF57EF39E06C2FA230587
:10497000F400900FA90E98055D0B0BEB1D00A80429
:10498000390C3AFB360030106407790CB603850702
:104990007C01E1F829F9EBF656F0B2F436FB7FFB27
:1049A0004E08760046FFE8FDE10145061714A8020F
:1049B000B6FFC3E8C80E4DFF9CF835129E13F816DB
:1049C00003004F0E6813240666125B0AACF79BFEC9
:1049D00089076D01A403AEF800076AF8AAFC33F654
:1049E0006407B2FDA9FBD5015CF9FEE9D8EF79EEC9
:1049F0007FF7DD0408F93A117910AB02560177010F
:104A0000A90CC9FE3C08C4086702E808D40AEAF900
:104A10001A0182FEA6FA0BFED7F95BFC0E0205F422
:104A20000DEEB1E6D0F38A02D9F3D7FD0DFC47E9CC
:104A30000807E8F77EF7940094FBE3F5BBFFC40595
:104A40003504BBFEC5059BF4F5FCDBF0C4FC86FA1F
:104A5000280396F096088FF7DEF87200A309E00AA3
:104A600021F594051AF68AF3A8FBEDFCE2F77E0324
:104A7000E00620F9EBF67EF63406D2FF5D018607EC
:104A80004D056A01D8F544FD16EFD1FFF6047EFB13
:104A900085F3BCE9B10677026301FD00FB1252FF0A
:104AA000AD09DEFD9E0D9703C6F68CF74B0AF00AA2
:104AB00098FA21F94807AE0078045DFBCDF6600353
:104AC000A6EC6DFF59E8D9ED09FA2AFB03FAD404E4
:104AD0001D0AE7F98905301EAE2833132B1106098C
:104AE00010F7B7074103EB004805040C900F6DF673
:104AF000C2FAC7F8FDF791F784FBF7014A04CBF639
:104B0000CE056BEF76004FFC5DF7310007FF3009F3
:104B1000B324EE189803980D0A03441420060F1CC2
:104B20008D0396FA53FB43004109CEFB5E000CF463
:104B3000FFFC150AED16BB18810DCFF705F7E0FC59
:104B400090FE11FA80F7E202FBE2A0EA08EF98F18A
:104B5000AAF69FFD08F8D4FAADFBA408CAF41A0619
:104B60003D06A5FB2106690D64FFC6E8CDF26DF098
:104B7000C2EC0505A703FFFCE306610268025C08BE
:104B8000E6FC53042A05D7F9E4FE65FAB7050B03E2
:104B9000A0066E1060EF2CEEBE05BA01C4015CFDEC
:104BA000A2FA81F9500238006B06DBFEAEF8BAF7C4
:104BB00019F9C604D7F99AFFAFFF830305046E09FC
:104BC0008F04710192FAABF6A60415074704B1F8F9
:104BD00082FC2501580053F6A3FDFB03FDFD12F6F0
:104BE00030FD1903FBF961035507FD0778FE9FF8B7
:104BF000B7037B0129FC1AF1D7FE10F761F0A0F191
:104C0000F2F70EFBFAF6A4F9FFF73FF5FDFDB3F15D
:104C1000F7EEBCF489054C06AF05BB052F08FAF882
:104C20000C01F102AFF8C5F611F493F777FF74FCAD
:104C300073F310F856ED22FA1F023C122D067B0387
:104C4000A3005C02CA0B1FFB0B01EBFBF5F87BEF2B
:104C500095069509210176062FF87B08C006B6084F
:104C60007C027DF71FFA6DFDC2EF7CF1EDF91DFCB2
:104C70006F017F01BEF87701DA05C1FFA5EDAEE354
:104C8000A6F4A6EF3EE7F9E37BF851F99103F604A9
:104C9000ADFC2FF94E0FBB159C067DFF0E0B40029D
:104CA000D60113FFF30C7E0B330510FF540A210CC1
:104CB000030883015D03FCFD34F7EEF0A7F6FAE785
:104CC00027F660F7240856FE890457FAA2FD910DD5
:104CD0000203C707870DFB038B02DC07A904111928
:104CE000BCFEDAFAA6F84CFBD5079C04B20309F81F
:104CF0006BF128FA45F19CF441F174065DFE0D0755
:104D00009EF73D0C31F8370B7200F20E0B0EC70503
:104D1000070C95FF6C105CFE30FAFE07800A030654
:104D20008EFB260CA80C9209D40266F506FE06F549
:104D3000DBECAEFA1D0158F512FF4C1678F494F531
:104D40007FFEB604900DDAFB9AFD45060BFC60FB76
:104D5000EFF9E103A1FBD1F96004B9088CFECC03A3
:104D6000250C97FBF5F2C8F107F53EF0DAFCCA0313
:104D7000C5EF21FEE00B0CFDA3FDE6FBB7F51C051E
:104D8000ADF480F19AFBE1FD88F35DF7E4F61806D7
:104D9000AFFBA104C7FC9CFFC0FDBCF5BEF3C2F78E
:104DA00007FC8EF13BF124FDF6FF69F5580D9C0DD3
:104DB0003CEF61FD8EF52BF40CFD6AEFBFF6B1E917
:104DC000B0E7CEEAACEF1E08620EC112520FFC072C
:104DD000FDFC01ED9FF23C003D05400053F2C8068A
:104DE00013FE30EE8908BF0904F5E1F347F42DF214
:104DF00024F7A1F1F1E5EEEB2EED7BF0DBED69F8A8
:104E0000B7F59406C40697FEE00655F2E4F2DEF527
:104E100006FC420E6DF73BF69C0160F47FECEDF86A
:104E20005DF251EE69F385E769F109E572EF03FA86
:104E30008AFA7301CEFDBB04A1043A02C603B10C89
:104E4000A110B8F1EAFFAEFDB400AE0410FFF5FE0C
:104E50000CF5FFF08DF352FBE3F3F9E73EF2BAF8FD
:104E60003400FEF844FFFB06CC069508670BDB0216
:104E700084079003AD0EFB09300A91FDB4F638FAB1
:104E8000390343F9BE0C48FBCBFEF3F950F7E3F5C9
:104E9000FCFFD4F8AF07ED07B104F90EBD08C70356
:104EA000910E7C070CFB6BF17AFBE60DD905100720
:104EB0005F0711089BF373F84E0341121C07F104BE
:104EC00041F789FD6DF78509670A140468142A0CF7
:104ED0008413D105800B82FEC014100432090F0622
:104EE000F9FA7E152B0E9E0A53108209BFFD45FE6E
:104EF000C20F8C0E2812920717FC840606FBE007EF
:104F0000BD0F1C0CCA0691009F0AF0018F05990E77
:104F1000D310760A770B5F0C5B0E9A0C0F113E0BC9
:104F2000870117FF83FC48FB0300300AF8091F09BB
:104F30006E00350A21067D0E6D054D0EDFFB47F82C
:104F4000E7F8C4072001B006D40268FE8AFB980B7C
:104F500045FFCE1BAD181F1066055F11A701830129
:104F600016FA8500C1176F041D04ED02F4FE9010BF
:104F700066FFB203C003BF021FF46CF558F7F3EDF0
:104F800032EBDAF63CF8E005F50D4A04F803B1021D
:104F900017F86106ACFD14F581E965F1D60F220220
:104FA000D60413194C043914F1FF62F615F92AFBE3
:104FB000D6ED54E96BE4BADD02D64BE357F17D043C
:104FC000DD069409540D37FDA0F0A1FA66EE66EFF8
:104FD000A1ED56FB3310510308F92009B00B0F0B5C
:104FE000DBFBADF966F8ADFA46FB80F9B4E63FE8C5
:104FF0009CEBAFFBE2F490F11AF459FAD8F8BFF643
:10500000A5059EFB2AF31DF120F44D13950DC90053
:1050100003FDEA1636023E16EEF88FF98AEF7AF0B3
:10502000150137F988002202C205A90D05051800EF
:10503000FCFCC7F8AEFB43F7A6FC53FEE5E242F9E1
:1050400090FF5A114E13A90772F5A203140E431CC8
:105050002C01F6E97AEB81F2C7FDBBF7450738066C
:10506000170496FF7FF7D4F78703CCF532F83500A5
:1050700088F1A0EA3DF143EFE2FE711060F9AD0165
:1050800090F935F71C06540697F9EAEF91F850F5B8
:1050900037F46FF87C01A00B9A0A9EFD61FFD4F8EB
:1050A00020F96CF7F1F56CFC95F2FEEAA5FCBAFF6D
:1050B0007D10A208620F0D00EF060BF8000C7E04B5
:1050C00082059D0BEBF8A0FE6A0B1FFF7F02480DC7
:1050D000BE0AEDF9DFFA94FB5DFEB9F8A6FC12F604
:1050E00064FAF40227F6ED06011FEC13631154FF76
:1050F000C0F5BAFDAAF3DF11F01B5F0EFA0CC5056F
:10510000740882089A07F60E890AB7FB40F9FDF386
:10511000D9FDC2F33DFE0DFD22F92506B10E4D0667
:105120000A106518BB083007A6FE7DF755FD1B0366
:10513000730DFA1B3E1CBC1D9D1F971AFA16810C9D
:105140008E0B700168F3B7F8C4F71D03D8FD01F5A5
:1051500018F6E402B0F93D02C9046B024D0E880452
:10516000C109B509ECFF3502D40F3B15FB0E7A12CD
:105170007C0B120C1C1DAF093E0D81FCA2083905E9
:1051800009010A0BB6FFAF04BD108B0A490CFFFBE7
:10519000810078FBA601D1FD04F6D4FB8AF6AD09A7
:1051A0005EFE5107D4F136FBEAF868FF82027E0208
:1051B0006EF752F788FCA3FB6B048AFC3E0F750B5D
:1051C00053F8C9F8D605A2FB1607B0F750F645FF0D
:1051D000A9F739FEC4FDA906210A8E027FF57B01DD
:1051E000ABFBBBF95FFF4B098004BF0389FFD9FA12
:1051F000C6016CFBB5FBD3F5A4FEB2F54DF7270154
:10520000A2000206D709C6F8DDFCFD00FCF584FF0C
:10521000FF096BFB0512A41033034A13130D03148B
:105220002315510BD50CD01D3B10A8122B19C90EFC
:105230007A18860393090B127B0294085DFDB9006E
:1052400003089C05980629071913BC097212CA0E97
:10525000ED1BE51C4C1C0520CC14390D3A0DD11466
:10526000440271014C0C30050A10B811C6123D03FE
:10527000AF099C06AEFADC0043015E08A80CEE09FB
:10528000D6EF0CF8900D68FD13FB0512EF068509AB
:105290008CF9581088FC15F56E0D6203B8061700DE
:1052A00021E7EEFAB305CF04040992F9D8EE8F0195
:1052B00030FE05FBF50D79E47FFAA20811FFC40961
:1052C0007407C9168506380C8E0D820F350E5CFEEC
:1052D000C30D4D03A0FC0D0A3605FBF792F603F152
:1052E0008BF69CF52603BF0841F73202080612F23E
:1052F000AE0942EC9FF70FF442EF0E01F2FF3BFDC7
:10530000A601370925FFAE00C6077905C7FA1600C2
:105310006FFAC00688F3F6005CF6180D9D0836F7A4
:10532000ABFA84FB9DF4F0F9FEEDBEE9C4F253FC48
:10533000F1F581E8A7047FF71AFC97F7610770FF82
:105340006C06D603CFFC320323F569FFECFB29FC86
:105350006EF6ED01A6FEE402D901D4F91DF7EBFBD0
:105360000BF623E994FB0D02B9F0C1FE5BFEA5002C
:105370004FFDC20317FFD90627FDEA03AF05F9FB6E
:1053800054F71004D90912051EFD65F58CFFF206CD
:10539000651802F76EFC3406ED06FFEFADFA0EFE5F
:1053A000FBFE5102570ABEF652056F0F870B4F0DD9
:1053B000AA0A640EBFF472F90902B802490029F67C
:1053C00094FA8CF88402E7FF58EE87F605F2C312D0
:1053D000180488019A01B3F2ABF7F5F8BF01C1FADE
:1053E0005EF9950FDF0C16072601D20724F1FBFDAD
:1053F0000EFB440A0D02090650F4A0F6BAF4BBFAFB
:105400009FFDE60558F943070200F3FB950526FDCD
:10541000CCFA0504470818FAE802F606DC15480A33
:1054200081F8D9FE1905CCF5E206D4FF3A03C90884
:105430000B0669EA04FF210EC5FEEB0E19004DF7BD
:1054400056FDC10C320AF30FDE066604ADF8A50660
:105450004703510FCE1683078BFECFF49AFF1D0929
:105460005BFBD806D40ED910770527F86D07ECFB47
:105470001CFE4A00E8F1A2F92FF5EC04EF08110F29
:1054800001F8490CC4F74A032D008BFF1A0988F86C
:105490001AF22EFFA2FD170752027309340DCD1226
:1054A000A520A1FDB2F0A2FEB20A4901440036FED9
:1054B0001BEC95F9780297FFDD07CD017903FF0119
:1054C0006B065E0DF8002E0913048CFA3BFEEC040B
:1054D000A9FF54044208EB17D0115A0451092318AC
:1054E0006FFF57FA5A0405FFDADC1B04B20B070002
:1054F000E5FC9C06F7036F0200FEBC124200F200BE
:1055000003F6C806060391F7C3F132009803EE02D2
:10551000D60E8E1FEE1AA5050E010BF9BFF8F5F891
:1055200042EDE7F85C03CA039C081105F90CCC0EA8
:10553000C40CE00E0112800943FC5BF1B7F890F750
:1055400050F19EEBC9FC57F13B0A0D26D2085C15C1
:10555000C0F8BA03DF0493FF2F03C70079F6F209FE
:10556000F8001D130A18830F1618B7112016DEF95C
:10557000B80716FF15F8FBF1E4EBEAF71DFD0D0780
:105580006DFDC51964088216000023F27C02D40068
:10559000ABF570F436FA7E024FF8510EAF104B0B9C
:1055A000A312CC126A0C7B077EFE3EFE51EC38F64D
:1055B000EAFF5BFAAE037EFD2101350F0403671D90
:1055C0000CF65C06FCEE8DF68805DEFBD3F988F15F
:1055D0000B0349F651FB68049AFC240FC0F965F6E9
:1055E00043FBA6F673F834FE5BF84CF456FA140449
:1055F000A915E81B1A08F510580A20F469EE5EF6A2
:105600002FF3B0F3A1F3ADF55CF8AA0674096305B6
:1056100035023F063FF48FFC46FB57F8B203EBFE22
:1056200092FD72034B0FA01165FE161D391ECE0AA6
:10563000BA08E306020943F2C3FFEEEF7BFDE4077D
:1056400043051BFF57098C0913104CFBD1FC3E018D
:105650004BF4A2FF6C03C706BE034E057D0AFF058F
:105660009A072DFE241CA1071B044B0B9B07A81BAC
:10567000C80DC0F8DE0E380F0D0E9A0E050FFD0294
:10568000F909950A83FD6603AA0065FDF3FFBF02D1
:1056900065016E0B060542057AFB53F30D1555099E
:1056A000BD0BB5FE4507FC0EE4098514201BFC115B
:1056B0001E0AB912970B1C0C310C7703C70626FC87
:1056C000FE00F9F2570837F6CD09C3F911040903B2
:1056D00023FAA30423F72A031B083209870421FBBA
:1056E0002BF1AFFBED09BB09FB102712FC0246FBB7
:1056F000B501D80F9FF8980B25067A09610A920820
:105700008505420B421414FBB5F6B705B9F508F64A
:105710002D0326FD17F804F953E59EF056F0A4EF8B
:105720008DEF47FBE4F851FE020D51007F02F102BC
:1057300080FD95EDF0FB12020702A4FAA7F2EEEF4E
:10574000DB0BB4193BFEF8087F0A1606BBFE97F187
:10575000D4E103E6C1EF3FEECAF1DDF2CDF456EB42
:10576000ECF25BF03307DE048502AD0110F027FF99
:10577000F5FA75E3C1DF90E0DBE1CD032701A0FD81
:10578000EDF84A021C0220F985F86DE62DE8E9FEE5
:1057900075F555FAEDEB99005FF8B2EAA7FC83EED8
:1057A00046F308F39AF74EF44AE659F7BF02F601BA
:1057B0008D1120FA96F8B7FF66F978F5D9FE09063B
:1057C000B30742FE83FE9EFB3A08360866EEA2F25D
:1057D0009DFACDFB1BFE8FFCAF0407070F075E0A87
:1057E000430EB4FCB600BC06BCFE70F9D0F94C0404
:1057F000D1071009850024FD4702720992FD21F9A5
:105800007B001709EC06C209EDFA40FAC1F7E20283
:10581000F7F8DFF7FB06F2009AFB2BFC02F682F7A3
:105820009504D706B0FCDE02FC03490732FFD4FB27
:105830007BFE63F603FD89F26AFFE8F119FF21FBA5
:1058400015F494EE210325000EF51CF5DBEFE2EBD9
:1058500036F398EB49016BEF7408BCF7570AE30085
:105860007608250AB502EEF552FCA9F05EE82BE5B4
:105870000DED89E6BAE629E5B3E240ECC4E91FEB99
:10588000C6FFE8FCB80D8D021EFD00ED0EFC9BEF7F
:10589000D8FD34FCD6047DFC97F822F8301475FC52
:1058A000880A12FD37F5C2074200E7EB7EF32FFBB3
:1058B0003EEE4BF7CCEDD002DCFE710766073214EA
:1058C0003116DAFE840516095F0320EF80F8B6056D
:1058D00089FAA4095A15D11CA601BC02B4F49CEFA4
:1058E0006A01ABFC38F6C100BD054BF7ABF701030D
:1058F00073FB3F004EFF7D0790088D0BE5FB61F8C1
:10590000B707050567062EF69D03E00696045404C6
:105910004EF16B0AB6066B112FFFAD0769F192FDD0
:10592000FD04660AEDFF3D079C0B72FB450861FE16
:10593000B901A6FC43FAD0EAF2F6FE08EAFAB9F297
:105940006F08550B1A092F107B08BA06D0FD830586
:10595000A802330919FA9E0B67045500BC04A00D78
:1059600084146307C6076D0756074607A9FC7AFE2D
:10597000B5FFD10506F97BFABDFC4608790D7F0716
:105980002AF730FB7803F3001C0F43F95F01B6F8E8
:10599000A10C95053006BD06B8FAA0FF620A2F06D5
:1059A000150D3CFFDBFA1001E5FA7B03FDF931F13F
:1059B00045E9F81023F2DF0B7AFDB7028C091B10C2
:1059C000C7075C019E089C124101360932093D005F
:1059D000A0F5D5098C04840EE6054810EB084B08A9
:1059E000300C720C7F0EAE11A90A270D1DF0DF03DB
:1059F000FAFFA90214092C0F9402DF0183110A0E89
:105A00000F07A9061709AE0E480BC805B40EE81417
:105A1000900C20119E10E608F4038018081E44150F
:105A2000F3036301FD0103FBBA00890B0C03930F21
:105A3000D10894066312D108240F1416590AD00411
:105A4000C50417024C0B9E0D6711870FDE0A820AF0
:105A5000920E6A1DA01F4D17E6127B05B1087F0547
:105A6000DF14A1136DFB1F0B310E9FFC3207F310E7
:105A70009A06BA084E0EA813D4F9D206F4052CFCE7
:105A8000520264030EFEFA0A76017B17F91EEF0339
:105A900053085A053203B001240385054B02BEF8B2
:105AA00032042D0205FADBF084FDFDF58715850F24
:105AB0003810DDFE720C01059CF881FF3C01E7FB0C
:105AC0004FDF7906DD0A620D28F868051C0E6702B3
:105AD00056F961FCD8FC5BF3C6F217F30BF76FEFD6
:105AE000F3F193F7CB1C5B0BB10CA10E180B46FD29
:105AF0003307CBFCC0EE47DE60DB4EFB940499F12C
:105B000030F62504B50D511085F5C3EF96F88BF3EB
:105B100060F8B5F3BDFA86EB95FD6607CD0DC612AC
:105B20006C107606FA0775FA5EFA14FEECEAC4EB1E
:105B3000C1DA64EAA7FE2FF039FACF0A69F720FD2F
:105B400005F295F5F8F661F8A4F386EB51F42AEF27
:105B500076EE0407F1181C0A8A065C09C8FBCFF927
:105B60008AFBF7009AFD3FF7CDF093DA4EE9ABFFE1
:105B700066087604800ADDFEF90681FABBF950F664
:105B8000A1F6950077FD99ED3C03690FC5FA63F91D
:105B900021FBCD097601C3FE4E04C4F10FF962F07A
:105BA0007EEEECD437F193F3C5042206A6F483020B
:105BB0000903B3F8A80132F50B044F02E5F387FEA1
:105BC000D3F784FD9708CDFBDE0AAEFF0FFAF00B8A
:105BD0008909FFF26CF0EBF3CBF937DAC5FCA3F0DF
:105BE00062019410460C39FBC5F614F9E50DB9FCB9
:105BF0007EF856F48CF84FFCA606C90F0BFD4F0932
:105C0000C80A4D0F87F735F98D0114F3AB0069EC25
:105C100025F6FFE4950C6CF48002EB0E44F8DDF2FF
:105C200014FF0401FFFA41F928FBB1FC09F40FF25B
:105C3000AF004E0A8BF663FD850214051B0A0909A5
:105C4000FBF94BF911F3F8FAB108E20978ED08F223
:105C5000CBFB26F7F0F0ACF19AEA76FB5406F3F6AC
:105C60004BF9F2F9B3FC99F0E4F5D402C4087C02D4
:105C7000DE0150FB43062207BA015EF12708E2FC71
:105C8000E414CC0E3FE837FF29F69D06A6F09CE40D
:105C9000DBF4E901E8FA650183F563FAEDF9FAF15D
:105CA0003B0481FE70029009BCFA2404B70943FC4E
:105CB000DDFF89FDFE075D09EA00D20B3BEB0D011C
:105CC0004CFEA7F9A00184F36CF935FC39097E0379
:105CD000E80769FCBCFA6105660A31FC9807EBF835
:105CE000A50040FCA0FBB604520321F2C9FF7A0DC7
:105CF0006704EBFCAF01A704CCFF17FB50FD0100CC
:105D0000A70C85005E0320FB34F711FF11F9820216
:105D10000BFBE8FEE3FC51FA36FEB80A7DFDC80035
:105D200086FFF2FB090898183E10EE08C7072DF70A
:105D30004CFB7908CB010A069D1008146219B611B4
:105D4000530FDAF7600AC1033F0D360E06F94D0115
:105D5000BA00200C84F4BE026FFF0103DD08360791
:105D60007BF9E0F308FE5604DEFD090AE8F3950727
:105D7000F2095010870C42154E141018B2189F17D4
:105D8000BC203217371AD219DD09B90B2012B22202
:105D9000941900036DFD0D00DE0670F22FFE34FC39
:105DA0007701DC04D30219F4ECF30AF5CC01EA170D
:105DB000F925FE282B1B1110441AA9242327D917D3
:105DC0003117B92BA01FE11F651ED81DD40E2A164E
:105DD0000C16D5048EF8BA0751F6DB0867F7A10850
:105DE000D80180FA3F13DE0765083603A41A3E0384
:105DF000550DE30CC114C3105613720ECC1D1B07B6
:105E00006B02E2186A14A600B7FD4807C007290311
:105E10000FF923F6330514FFDDF97B029505B8046D
:105E2000DA0953032C079BFA52F686F7D8FCD9F50A
:105E3000DF0963088D071DF97D0398F9FC068C09BD
:105E400027F659FEB5FC77FF58F7E2FA38FD7AFEDF
:105E50003CF9F706FEEF42F555F227F812ED38054A
:105E60000007C8FD1701B608C60C610301F3C0F6B0
:105E700086F0ECF288F21A0504F6A2F80B0896FFF9
:105E8000730758F64D082C0CD5013303B6F1D7EC47
:105E9000CCECFDF535E109F52CFF07EA6AE865E58C
:105EA000E9FB5FF9A0FAA3F35BF22BF4F0EC02FE3E
:105EB00012EC6BF891F9D902A1FD9BFE1DF268016D
:105EC0005D06CFF5D5F4AE01A907F8FF2F0639041A
:105ED000A700A2064E107D011604CE03A7FC39F6DA
:105EE0003E0062F112F4FBED02FABE0BE807170167
:105EF0002CFD9702C5EEC80DF2F716E558FC09FD1A
:105F00005007B80513F87A026C0BCB01230A23055E
:105F100008F7D900AFFB11FF25F434FC2DF8D6F5B6
:105F20002F026B0DD11058FA590443F82DE93DFBAF
:105F3000B8F6B700D803E80122096F02A40EE817EB
:105F4000500436161D062F0654F7FDF8CAF53F0219
:105F50008A0236F01E0707F08FFAE50B83027BFA00
:105F60007BF9FA0407001AF032F3CF043F07670603
:105F7000DD17D6049F14920F7206421140073A01B2
:105F80007501E1064CFCE50CD7022B0B150741FC13
:105F9000A2045A007CF912F7DFF7F90AFEFCAC0AFA
:105FA00071E0F3FD2C03970753125F09BE04A508A7
:105FB00019FC20116D09C10146064701F20A560B72
:105FC000180614FF2402700A31040409EEF1C9EF27
:105FD000D30675F7DCF6F5F60EE3F8FB51FFC304C4
:105FE000A414BF11100C01082F09F6069E021B060F
:105FF0005617B4156314AB0E3504E5FF4C140F159A
:106000003A1F920AB5018A124409AB05F5F772F2FC
:1060100091F33203B5090F0296031A04F30A970DA0
:10602000300D3A08F60DB5F64C1048185B09031010
:10603000D8117A0E4702F908FB156F151101A8F562
:10604000990F5BF61801DEFC99FCFEF904028A0642
:106050007A06F10F66048A0135069610DF05FE0800
:10606000BD00C814C10534FC1F02970AC50B8A1B6A
:10607000941CE01BD414260659016A05D5000912A8
:10608000640B0BF5670E8C0F1C144207790A3DFC5C
:1060900084091B0A1706B000520A10173606760448
:1060A000950E190DD916D90DC0183113BB195FFD06
:1060B0006701EEFBDFFDAE0E3D0753019A150E0B97
:1060C00099FAE0F58200C8FBAFFFC813B108910E42
:1060D0007EF9F402570A101AFD062BFC33FB1E0949
:1060E0000402AEF6F514FDFF200881FA6AFC9F1D3C
:1060F0002120B014FD0B410C9EFFD7FE95F65C02EB
:106100009D0AA808A7FD90FEEAEE69024B14F5125D
:10611000D1FC6807BC0F45FAA2F5410474F281E88E
:10612000B2FCDE01F8F6F10AC012A3032102810AD3
:1061300084F7A0EE1B055905D201D3FF5C015FF681
:10614000A6E9E7F3830BEE014E0C7205DB021E0895
:10615000521320F7F5DDEFF41A01E3FF91F429FB68
:10616000460E1414F302D100EFF7CCF67F08FDFAC7
:10617000ABFFDAF102F26DF0DBE7B301F20B930053
:1061800066071903DFFF750BC214ADFAB5EE04E91B
:10619000C1FE5209B60597F7C007B40D75090BFC8F
:1061A000D102F2F6CA045BFDC105C6F94DF3ABF5A9
:1061B000BDEE14FBA2042A047B0F36F988054613B2
:1061C000B30709DA25E67CF4F705EC00B1F4F30E29
:1061D000500F7F0FDEFDE70FAF006DFEFCFB6A0680
:1061E00063041DF07AF53BEEE9FE1E0B0F0603007B
:1061F000CF00FF0368FAE80C2A0247DA49F1030DE1
:10620000D51427FD7A00B8FC0DFC3D0B500ACB04D9
:106210002B06B50E8300DD0026F894FF6FF5DB0139
:106220009CFFC0FFAFF77E0AA2050E021D016C00A5
:10623000D5F331DC51032CF005F5E50F930F9C0BE2
:106240006000B213B7054601A2042DF93AFB63F1D1
:1062500021FC1901A9F3D6FC1FF7A309F7F81D09C2
:1062600060FB71008DF4E8FFD4FB2AE91DF29FF971
:10627000CCFA6D0DB8F9B1FFBA03AB069602B5F7CB
:106280008601B4F7C4F79FFDE306B606EAFD52EFB8
:10629000B0EFFC0165FCEBFADFFB22EA5FF278F479
:1062A00090FD9FFE1DEE67F277FAD2F17BE99BFB32
:1062B0000E04F1F9B500FF0737F816FB37F0C507F4
:1062C000ED024FF0DAFF1FFA24F34DFAD5EA80F819
:1062D000EEF2EEF14503990300F786FEED0E1EF98E
:1062E0006BFAE10589FE09076DF63CF239015103AD
:1062F00095FD3E026F05A80109F97607E10977FFD0
:1063000015054B0571FA43F166F277E5D70767FF8C
:106310003AFF460377113B09F6FA74FC44FE190D67
:106320005F031F05140AEF0D4102AB0B7B0428022B
:1063300041F63D08B1038C05110E8A020A07E9F601
:106340005BF555F5A0F3F50A8C15BB06F3F50906C8
:106350002B0969FA0004DE194A20DE1C4C158F084F
:10636000AD0DC00C6F10A4FB3F0D970FD01221078D
:1063700034FDA7F78BFE78F061F8A9F14002160012
:10638000ADF714E7F6FE5E07ECFB4C07260DB403F1
:1063900003146A0BFC105213A80DDD06F912E5195F
:1063A0001B07D10D260C69FCD40AF40ADAFBC30CD6
:1063B00035FD8905F711900C2412A807D0FD48017E
:1063C00083FFD2031A069DF845079E078FF99B08A5
:1063D000C912BE193F1CB625B62BDA35802ADB134D
:1063E0006225BD2A8A21A92332182418C416F81060
:1063F000430B82FA4D01E1F9C2F5A8FE4602E1FA2B
:106400007907B2FA92FBB00D9AFFDE06430E4E06F4
:106410007B0C3D02B10FF9FFD40BD30DBE03EB0A89
:1064200050003201FD059DFEE8FF56FB3DFF54087C
:106430007F00E9FF1D0AA90874034601B409440A54
:1064400047FF03FFDD0135FA79FE500D4AFC92F655
:106450005AFB460556F93703AAFE8EFD47FB300965
:10646000C8082DF7F507F9FD700423FC6FF8CB037E
:106470007D05AA04850FE715A506BD089E187807B7
:106480003A0BB5098DFE2C1F5C1F33179A0D590965
:10649000D10A58FFA2FFB10F7807F0F923FD790662
:1064A000C7F8E0FA25071A0741171B06E90F0E0D7A
:1064B000C11493F8D0FFF2165E04AC186813F610FE
:1064C000C8153B0F93145B0EE9F36BF13EF06BF0D4
:1064D00037FCACF694027D0178FEC10649078E04B4
:1064E0008909820EA6162E171203EDF83B0452F905
:1064F0003908381CB613D508EE1A4029BA13CE0D48
:106500004DF655F4F0F851FD44F5D1072709800008
:10651000C501E1FB6B09A8038F0B14120D0C410D93
:10652000350C3004E6040AF72B0D3E0FCB0FA51EE9
:10653000F911F816DD01FCEF2BE578EBB6E4BAE1D2
:1065400022EB66EA00F90FF7EFFEEE011F014AE8C1
:1065500008058C106C10E4FBECFF15EFF7ED42EA38
:1065600000033B12501D1D0B73FC1BF8BCF8ECEF35
:10657000D5DFB3EE5CED43EBFAF114FC25F4DB0060
:106580009309E80908FE94FC7E0AF0F4ADF36BF081
:1065900003F942F0ACFD0213A6188B13A5081D0DDC
:1065A000D3FFB4FCB5E707E786E0DBDD3CEA0BE3AD
:1065B000BCF3C2F7FCF820FFD5F9450EDB0217004B
:1065C0002BFAAAE08BE507FD1BEE1BFEDA12051085
:1065D0004C115B0B98FC65FED4F54AED9CE3D9DFCA
:1065E00018DEE7F479E077DFE8E695EFBAFD0A090F
:1065F000F4FFA10870F39AFFE9030AF5D0FE59FCF5
:106600008BF7A704E70AF90657023E058AFE55FBF9
:106610007FE7B6EBB9F3EBFF6CEC36EAA9F232EBAD
:106620007FF807F46E0A7905BE018D05BF0DDA0FFC
:10663000950AD8F330FBD9021904F7037906370914
:10664000E00A68FA8CFEC9F284E541F0EFF916071A
:1066500042FE71FD76F478FEA7F3CEF9ECF710F95F
:10666000F9FBDFFBC512F102A6069AFC890B8FFD30
:1066700037FFF3090103C804C0F51B0928FA98EB9A
:1066800059ED17EE1D00E3FE620EA80713083F0246
:106690005CEE12E747EEF300E507EC0EBF18E503EA
:1066A0002B133D01ADFC4C029A0C061374FFEFFA5C
:1066B0004D009A14A109B1042D0072FEA60041FFFD
:1066C000BD0E140F2915610BCE00CFE8C1F850198B
:1066D000720B070E63063011AC11601326F757FFDB
:1066E000D619D107DDFDC2EE7CFC1E037C129B1681
:1066F00011FE3EFBD60475FF0F083908AFFFC20834
:10670000D91805F7D9079716E40278FAA1114908B4
:10671000EF184813D90E5107580A420F08FDD7F257
:1067200096F15DFB5117F3074BF732FEB302F8F811
:106730001A0EA60BFA10F6122010FCFC2BFD0EEF21
:106740001FFFB80502160C188B08B80C82FD520505
:106750003D1218031C109EF1D2EEC0082C032EFD32
:1067600054FEE6F428049BF38E0BDB0DC30F2A17AF
:10677000E402C00292ED04F3DC05B8F54EFD03F926
:1067800009F057FB3C03EB13B1002E0CF4F46B083B
:106790008CF4DD04571C90FF1EF71201BBF9BE01FB
:1067A0004704490A9C08B60E35F8A90F0AEE6BF6A5
:1067B000B2FF7400B6FC72FC470E860D09FF3D085F
:1067C000C103F90DADFA94F933E77212AE18EF096F
:1067D000EAF530F65AFBBB0A4AFE28FA9D0442FA53
:1067E00001FEB808E7E84AF90AF7E9046EFEAA07CD
:1067F0004305920106F9F1FF6A03C1F9B5F44AEACB
:106800009CFC170A111BFC04B6FB3EFF2E04BFF5CF
:106810004C0E81F78B0737FBB9EF140651E48DD886
:106820005AFD6408770346F958022CEC77F269F4B4
:1068300014EA1FE778F0B1EB31ED7F00AA1560068E
:106840003A03E9116010B2FE5D05DDFB9501CBFF57
:106850005AF3010D77DE6FEE9307FC0427F0E3F3A4
:1068600011FF50FA01FCC0F33CFE64E989F110F01D
:10687000ACF99704F306E1011B012617880ECC073B
:1068800039026BFE0B081102260C050656ED01FAC3
:106890005E0579F690FD8DE76C06D6FCB4FA89F6B4
:1068A00055F7DDF1BAF432F2B209F70F0C134304D5
:1068B00010122F134B1259013E0173F3DAEFADFBA7
:1068C0000D0ACD0A6FF1EBFAF8FD78F861FC36F6A7
:1068D00066FDD3015E058A0A2300B7F09501A5EC99
:1068E00074157F0A100B030F6F08020CD30AFAFF0E
:1068F0004C093A04A9F65BF7E00747FADBE6A7FD87
:1069000097F87DFEDAFEA9F379F3AEFDEE019BF870
:10691000ADF636F4C8E9DDF640F90306A706CD105A
:106920007D11680CF30CD5000C04CCFFADF792017F
:106930002D11EFFCA3F08EFA31F65B0016FCE70593
:10694000BBFC25FC4C0489E843EB6BEBF7DAE6D89B
:106950001BD41CE542F314FFB8156D14E514431461
:106960006BFF61039EF8820596F883F1DEEDB4F9C2
:10697000F6FDCCFC55FAFEF514F532EC8EEFAFFFC8
:10698000060229EFBCE815E0FBCF99D29CE882F023
:10699000520CC50A850B6813140A640161F6B2072C
:1069A000F608E8FAD708A7FB070A19FB37F86EFEC6
:1069B000F5013500270B8B052C0903F25AE944F148
:1069C00007D021DDA8E69FF5011685097C0EF809A0
:1069D000D00F0F07190A46057C1360FB61F71A04F4
:1069E000E804BF0650035EF666FF150AB70EB60E42
:1069F000520B200665FCDC074DF501EE070025FA79
:106A000039123F1FAB16031B120DC507B6106310DA
:106A1000F01698034F0113018DF5C2F61FFF4303D3
:106A2000D40B6F00F811C303AC167211FC1E5F0C7F
:106A3000B40D2A1C6014AEFE331A7D1D8B1F400B53
:106A4000890718108508D5088FF5EEFC22FF55FC44
:106A5000A1081304B6040B04360A62F87CF6F4F6B7
:106A6000770644027EFE230991062AF441F77E0947
:106A7000D7F76600BD01F6FC36FA61F94804A302B7
:106A8000F4F793F995FD250828FF4FF7D400CBFDC7
:106A90006F006C0275F8FAF04FF986FFA5FB4EF413
:106AA000EBF1A0FE0DF395F7C00322F5D2FB1AF42B
:106AB000B4F135059804C200A9F715052BFDEFFECA
:106AC000B707120A8FFFFFFC90F685023EFDC1EF6B
:106AD000A8F5CAF1E5F208F7BCF0C3F6500037FBA1
:106AE000AEF1E005420B8FFB1A006CFB75FA07F75D
:106AF000DCF2E7F2AE0054F7F6FDD300B5F125F174
:106B0000D703F50A3108EB000FFE9A002FEAF6FFD3
:106B1000750F240C5C07C1169202FEF5170077F280
:106B200034003E03B3F115F6140F6C01E7F6420290
:106B300099006AFC9BF1230B3EFF4BFF5BFF12FFAA
:106B400030FD68FC52041914080EED04D204910FB4
:106B50007502E0065009DEFB3EF1B00776F295F2D1
:106B6000100E820526FF8AEEAAFD75FF51F5080B6F
:106B70002A0401FC1BFA060046FBC203A2053413DB
:106B80000007F608E206DB09020B8A0B3804C20094
:106B9000A3F9CCF905FA96FB4CF4CA0785FAC7F6B7
:106BA0006DFA4E11CCFBC4FA58FF56FF2D033CF88A
:106BB0003001D001CE01220C67092A0B2DFFEEFE19
:106BC000ED0274FCA7FD020030027DFAC1FBDA047D
:106BD0007308F7EFFE046BF8ABF69FFDFCFD68F65B
:106BE00076F22FF469ED2DEB60FF15FEEAFCC50986
:106BF00015F5EDFBDD0028F973F7C906C60148FF5E
:106C00002609FEF0670EEA086D087100D0052EFD1A
:106C100077007EF3F8F180FF0CF03DFA1CF63EF3AE
:106C20001EFF67076B01ACFFF4F54CF711012E084E
:106C30003A0207FFE7F8B2FD78003CFC7C1200FE48
:106C4000B103D80B47080FFF76F88BFCCBF495FD0A
:106C500034EEAEE6B5F9BEECEBFA210B5109720346
:106C6000B4F48CFF2FFC26EC64F586FE4FFE56FE36
:106C700072FB88076210A60F20184111FDF9CDFEA6
:106C8000AEF6A8F8B9E90DF4E8F7DFED5EED29EC12
:106C90002B063504510603013D0582057EF562F69B
:106CA000F2F71BEF70015AFA17F9C4F9530F90135A
:106CB0009217300AD5051CF515F12C0262E22FF56A
:106CC000A0F5B5F114F2E0F933FB0A0787F8FC03ED
:106CD00041F8F10A19FC09028FFD68F63400E0F66C
:106CE00007F6A3F0D7FC69F91D001116E919140481
:106CF000BBF41BFBB1FAE0DFA6FD96EA12EF95FAB2
:106D000069F872F5090C64019308E21A2A083A0A34
:106D1000C00D06FE64FD87F75D0001EF3EF5E2F071
:106D2000F8F78F14931037EF5BF6D20601ECC8F634
:106D3000B7F280FF6BFA49F86AF9DCFF22044309D5
:106D40001D19CA0F0A08F9125A0F900E1A0D62F88F
:106D5000F0F846006CEA90F562F736F9B5FE01F4FA
:106D6000C201BD0085FC22FDB5F28AF0C5E758F4EA
:106D70001DE78EECA5016213561E6A1DB0089F0D1B
:106D8000BF018A0228FA630790042F01A1F22FF9AC
:106D9000A7EECCFDC9F43CF5560863FDD4FC44E9EC
:106DA00016F08BE098CFC8CEA5D7C4E533EF7D00B1
:106DB000D518D80C110013079906E50AF9058D03BB
:106DC000DA0A85FAFDFFD3F9F8FB63F8A5F57B0431
:106DD000A4FD0803960728F2F1FD49F04ED69AD695
:106DE000CDBEBBD66FE58AE4AF07AC0C4EF710FC06
:106DF0002707F20426096BF87202DEFDB2FBDBF214
:106E00000FEF00F12C00D8F1A6006E0FCCF92A0587
:106E10001B09FBFA7CEE38D4CDD797C2EEBFD2E384
:106E20006ADFE0FD8DFA3AFD06031C14800863F664
:106E300043F26501CAF7BDF29BF437F5D3F82A0196
:106E4000CEFC0F009CF51E166F04950728006BF210
:106E5000F5ED54DA72D903DFDAE6DDE59BFA5DFB86
:106E6000220D3F0CB5048EFCACF41CEEB3EBE8F342
:106E70007AF03CEF8D0F82F8A2F61CF93EFBC416A7
:106E8000CF10EE144D0CE60804FF4DFA89FB15EF08
:106E90003DF15CF97BFD8D00B0FB3CFCE409F2F6B2
:106EA0007EEDE4E1D2DF64F26BFD13F59FFF4EEB64
:106EB0000CFD78014FF4180DD80FAC12D106431019
:106EC000790AE20B8C0D57F8A1F5F0FEEB0721FFD4
:106ED0005C02FAFFA6FEF6EF7BEFDBE341F145FD36
:106EE000BFF6BCF580FFE4F80600D31092FB22F752
:106EF000C817E2128B0A980DDC14A20C19FE670168
:106F0000E1FB110142FE3E0221F9A4F8CFF092E923
:106F100071F209EC8DE87CEA62F590F75FFBD1F93C
:106F200096FF78F56604D4FF96067AFCCD03B60585
:106F3000E60320062A0CAD09DF098905730429043C
:106F4000B1010CF883E968FA68D8CAE7FEF810F5D1
:106F500000F963F97DF139FF2D0899FB34023E10E9
:106F600056119A0AE9F7BBFA6F0117FF2505CF10F2
:106F700075FFDC09D000C9FFE2F285F7A6F2ECE864
:106F80008FF17DE32AF532F8F9FEB1EE46FB97FC6E
:106F9000D6FB7F01A202130D0807AB05E70A1A060C
:106FA000A0099A05AF0E20094DFF8C09970A47EBFF
:106FB00083EF05EFF1EB0EEDDFE6BCF4F0036900C3
:106FC00045014BF40D07EF066E01F8FA86FEFEFD53
:106FD000ECFF090708046602580C90086C197B0E38
:106FE000A905EEFF89E9B5F39FF24DEF29033EFFB6
:106FF000F501F6FF58098F1859FDD7FD1804E7036E
:10700000CDFD350A020101F9B80B6C0661FD33F6BE
:107010005BE717F3B70217009AEDCCEB0EF222F400
:10702000F5FFB900EAF561FF660B2E0AB90069F5B4
:107030007A09C20431FC8006960012FFCA03C0051B
:107040002EF50BFA49FB18F4C5ECAEFF7BE30F04F9
:1070500026FCD6FB72EFF7F2C7EF0DFCD9F45DF317
:1070600086F20DFE69066105C2FF9DFF270488F5C3
:10707000B9008603B103D70632FA5EFDC0FB8AFA77
:10708000F8054407D0F55209A502EDFD300FFF05C4
:10709000D40002F776069FFED8FF2DFDC6FF5903E8
:1070A00086FAFBFE74FD59FFD30905F6E0FD5D018C
:1070B0009CFC2F05BE153B063A088DFE8E0A341641
:1070C0004410A4FFC905360976096117D2FCF50002
:1070D0000F07BEF9E801F2FF4505250AFA09A005E8
:1070E000BB0762083FFF0600A506CF061DFDAA11DB
:1070F000FF189D1D1320C41721069904A407CF0A69
:107100008E111E037614E20807FE60F66B02500132
:107110003EFFB1FFBEFC40052E045C0117021D10AE
:107120005E0863FF3B044CFF59FB99102C10BF0213
:107130007F0A1B02DDFAED0451FDF00475FE11011A
:107140009AF2B501C9FBECEF87FAA40E6C0DDB04D3
:10715000E1FC10F581EC14FA60E757FA0E075AFAD1
:107160006DF9BAFC5507CB0132FF07FEB5FD7F0272
:10717000D3FA2707E211090700F383FE37F6560515
:10718000490761FF0C0717F886F5CBFEBEF7C1FB78
:10719000B5F68DF04FEF04F90C05B8F31E044FFD62
:1071A000B0FD730170FB96FE99FC7B0B0D0255033D
:1071B000E40A3E144C1410075D000CFE2007E4089E
:1071C0005E084302BA03EDF835FE5FE7A7EC0BED6E
:1071D00009FA5BED19FCFFF7B10240FA04035EF710
:1071E000C0F666FCB9064B036BFCEB0322FF0309F8
:1071F00092F6A80CFE0067FD60FB8DEB5C0261FD62
:10720000F1E6A0E5AFF1DCE094F92DF254EFE2F8FD
:10721000A0FA9DFEDAFDB204850A1BF5E3FD4CF0F1
:107220009CF886038A030DFAB1031A0CEF0DBC0318
:107230008B02FEF048FA30F425E142E1DEEBDFEEAE
:107240008EF867F4A5F91DFF07042B0AF80119F45D
:107250008AFDA804B0F161F988FBEDFBF6EE6AFE49
:10726000F70D5407B2F7ABFE5100FAEEF0FABFFD8E
:10727000A7EC16F0B4EFD7FBE1F001F520057EFD99
:107280001E05500E5C01AB00D5089E09C601F1FF3A
:1072900059F2C9F6F7E4D6E3F201680275FC7EFA0A
:1072A000C1FB690382F59606C303DBF496044CFB2D
:1072B000870670FA310DEFFBFA0865012B0198F88B
:1072C00020F9AF04D4F2B2F869F6AA036EED52F3D6
:1072D000950814117A069DE27BFE8303B5F9C60278
:1072E0002EF93909AF10D409C6057EFA41029FF381
:1072F00035FD20F442F8E8F608F9FEEFE4F405FC69
:107300002EFAA4FCC3F6CF028821DA1A99FDF0F90F
:10731000740718F07AF215055A0133FEF60DAE0720
:10732000F3FEE00131F523FD59EE7B00D3E917E6CA
:10733000BBF5E7EF93007DFE190044083809360FCE
:10734000CE009B10A20E99FB28F61B039DF2CB0BDF
:10735000FAF53B077306400F8C167908370587034B
:10736000E40ED5FEF600A2F216F3DCF5B1F5C30388
:10737000E5FC1906D70A6312F70C0404D81C741A2A
:10738000D1F80BFE9DF6F812E8FDC1FC3CFEE90FBA
:1073900000031519F6111415C8093307FBF50D0183
:1073A000ADFF18F9FE053EF4FA04CCF7D3034B10F9
:1073B00068194718D319C60DAB0BAB0347F0E60F9E
:1073C000720C0D07C6050E061C10EB06DE0D480EEE
:1073D000F60F9CFD45F2EEF5E20B1104BBF412F73B
:1073E00067F808051001B8F1A51E972BC510A11963
:1073F00065FDF9F1A4F4EC06FB0C3915F8088FF6DD
:10740000C700E0FEDD11700C8B0F5E0B7F0BD9FB0C
:10741000BE007DFDF2F71E08430C77083503C70058
:10742000B507681F2118BA17FAF58B0261F3140328
:1074300035029207310412FC670BA30D451CE910BD
:1074400052100DFCC1064A0D5F0FF7FC0908A2019E
:1074500047F8F5053EF8A9F5D606D110C811742BEA
:10746000A2FE89E8FFFC8302C509880A3508ED03FE
:107470001A051318F8209812AFFDE90573020E11D2
:10748000BBFD6F01C0F566F564FE0EFAE3FAF90381
:10749000180454171702E718040466FDF506A4FC47
:1074A000481214020213250DE0006808E919B70D0F
:1074B000E909E909850F81157B0743FFB80DF2073C
:1074C0001F04DA0CD0082C040F041D1C761C1F09A5
:1074D0005FFC5F0C041028102D0D1915740EE007C9
:1074E0005B0A76135E0E4208BCFCB3F915FA0F0B6B
:1074F000D4084E074B03DFFD3D102C02A7091E11D7
:107500005310B91E31157AFF29FBFE022D11E3102D
:10751000E615B716100392FCFC048A0E020AE1F687
:10752000C3032702B3060C02500978024301500A34
:107530005307CD045C137A02E513701F4122D1F981
:1075400071FD8601F405FC15D30A5D12830370FDFD
:1075500051FCBB0597F9580451041004D7FCFDF504
:107560006FFA2806EC08BE0A5F0510040D02DC0D58
:10757000201C530A3418C8F6BA099AF68A01EA0E92
:10758000B9048204ABF5A1EAADFFBFF7D602C3F799
:10759000BFFD95F041F93EFB50FD66FE0DFD4A0032
:1075A00006029C086C04330DBF0F350E540AF70415
:1075B000BC00C4F544F673FB1DF523F3F5F436F473
:1075C000B0F4F2FCA00321F207F8A9F83DF93BFB67
:1075D000C5EFDCE9C6F820FAB60639FBD40C8316F1
:1075E0005A18EE135F07A4F8D705D504710D13F7E9
:1075F00024FE57F65EFD80E955EE78EBE8F158FD84
:10760000E2E802F614F109F8F9F022FF19FDFA0692
:10761000110709F8710B2A1FE117D20A7100AAF9A4
:1076200051F6A0FA89FC6F075910FE0BD306E6FA53
:1076300074FF15ECBA0870180015920996012EFD1A
:107640008A0A3D0AD8051EF4C205B501BDEF5BFCF0
:107650001A080CF85C01CD06A8F6F4066C029B0231
:10766000B5FE74F730FD9B0C63FE640C79FD38FFAA
:10767000BF0922F83B0CFB0A4F0A8FF6C303760BB7
:1076800001F81CF4E1FD94F7CDFB3805340022FC31
:107690006F072901CD05E6F53EFC6BF618F9E1FC14
:1076A0005707090981FF77030EF6E2F7710A41FFD8
:1076B000EEF5C7F84D0AE7FF02FF06F6B1FF96FFA9
:1076C000E4FA44093BF9C80944FF81F7D109EFFC0A
:1076D000FEF6E6061BFEAEFAB4047602EBFA7CFC7C
:1076E00042069BFFB2F5BE08C5051CF7C604430859
:1076F0000C0A210AFCFB2CFFC3027CFA8B001BFD49
:107700006504B9FD15FAFA05CF080CF8E306E1FBAC
:10771000AA09060ABE026609520301F7BEFEB0FEC0
:10772000AA05A6F5C3F875FFCDF9A2F69C06DCFF05
:107730005508D3F723F63D0A87F56A0582F621FB43
:1077400097F9C907CC034F0290F51AF60A0AB0FB65
:107750003B035FFD6E0419028CFFEBFA7DF8E0003D
:1077600098F840016A09DDF759FF12FE650769FACA
:10777000E9F5A0F8F303E6FF8A027F032EFDC8F7C0
:10778000F7F67DF9C9FB850145FD7A067D023907CB
:107790004A0190007A07CB07660614F52A09120100
:1077A000E203B906E2F7350A9108CDFF96FCADF881
:1077B0002E069E023009450BB9FE7E0AB7FA47F93C
:1077C00019FFC80653FDC0F652F933F8EEF9520618
:1077D000F5FED70367052706BF000F001CFE3AFB26
:1077E0007FFC1C08EF074308DF0820FD3D09000966
:1077F0009DFAAD054F0065FA12F9E3FE50F7B0FBB4
:1078000099FD0BFDF7FE92074E08DF0555F704F5CD
:1078100092F9C4020BF70EF637F618FD89FD40F613
:1078200099FEB301DDFCA8FC88050CF473F687F61D
:10783000F7FB0E060700650217FF410025FD40F724
:10784000D300250137F86704DBFC9107D70746060C
:10785000FAF780F794FBBDF5F7F680097F02EAFAA4
:10786000FDF97E0262F7C8FDE6FE66F32C068AF794
:10787000E2F7DDFDD701F7F5A7F648F90601EB04BD
:10788000FC0450FAB9FDE502BEFB8409C4FF27FDE4
:107890001209E1F635068CF73602A2FC93FBF0FCE8
:1078A00039FCACF34F0649FB21FDC5075AF59AF7A1
:1078B00055FFD40346FDEDF86E0A2100F4FC34FCBC
:1078C000C10791F5A1F74900F8017302BBFA09F469
:1078D00071FAF5F5AA06A1004AFDD9017CF84CF72A
:1078E00015FBB4F4B405EFF66DF622FBD30696FB58
:1078F00040FDDBFE17FAE7FDF90801F6ADF84DFB98
:10790000B6FCB908550045FCBEFF680087FDCA05F6
:1079100028F462F15CF7B1FB0DF66308850048FCC2
:10792000770203F1EA06DC0875FA69043A0A91085D
:107930003902DA0520FFF9061AFD61FD2E029DFCD1
:107940007DFDD006F0F6B40322F3C9024400BEFB6D
:1079500022F4B3FD78F728FF84FCE10045014500DF
:10796000C7FDBF0224F7D1F9FBFDAF03AA01ECF577
:10797000EBFFAC04F9FFAD078D0385F710FCFFFBAF
:10798000B7FA0203C6F3B8F3C9008EFC04F25A0436
:10799000DBF67E070F07BAF6C3F973F839036604FE
:1079A000FEFA1E076804A4FC65F41FF82604E2FC36
:1079B000F4F5FCF5BCFEAFFB80F9BB062EF519F51E
:1079C00030FFA7F8AA01A300E1F5DF031EF79DFB36
:1079D00009FEAFF76C052E09C703FA08E40130FE73
:1079E000D2FFD8FBE6F851024DFFD6FE0EFE38FC62
:1079F0002CFF49F82606F60121FCC5009FF475FB13
:107A0000E803AF0231077BF6C1FC0D0399F5AEFC2C
:107A10003EFA9E0592FE0EFFBF004DF14AF3CFFFE6
:107A200043F60BF882FE6503A3FF7902F8FBD0044E
:107A3000BBF640FA9C0598038E05FDFB12005F0023
:107A40006DF88DFAF0FE1DFE0FF63F090CFB4508A0
:107A50005C0108F5E9F4B4F599FB77FAEA053FFA19
:107A60001FFCE80586FB22095B01AE06F2F77BFFEF
:107A7000160177018704270348FFACF7D3F909FE05
:107A8000DE0641FA17051307A303DEF571F2A6FA25
:107A90005AFA5BF991FF11F73A038F01430021F97C
:107AA000AB008D015B084EFE2A0200FC3EF975FC1E
:107AB00099F625FE3D00E1F97AFA98F8FD08FB02F7
:107AC000F5FE590495030AFE00FB3904C50472FF54
:107AD000540373FA08F7DFFE9EF7BDF94CF6DD0498
:107AE000B1FE21F68E05A8F901FEA507BEFEEFF74F
:107AF0003BFECE02C7F8800AA6F8D500EBFF82F75E
:107B000075F44FF83BFAD2FBE8FC58045FFF4400E1
:107B1000E3FBF9FBE9F7E6F653F3E104EF03D1FDEC
:107B2000590527F66EFCDF02C3F516FCBB093FFCC6
:107B300017F339032800AFF7F3FD7606BC042CF9E0
:107B40001FF6DB059FF93EF80D08E6FA6AFCB6F26F
:107B5000B1FD63F892FF7AF8FDF6D6025EFFD5FB21
:107B6000E7F6CCF8D2049301A6FED8F8410178F9E3
:107B70009A07D007B1FE360A04F89E01DFF6040228
:107B80006C05C00720F40006E3FE66F81AFCDFFC73
:107B9000A80206FD5C094FF6CE0075F759009BFF61
:107BA0005900D9F745F9420AA0F974FEBAFCF50369
:107BB0003C02E50414F628FA93FFDEFE290149F69B
:107BC000FCF784FA8EFD0DF63801D9F826FF780807
:107BD0003F010809540AA801C70884073A0553075A
:107BE000B5F847073301D5FB58F750019708B2FFA6
:107BF00063F669F5DCFD02FA1E05980B02081D000C
:107C00004B07FC066302D0FB9EF8D4FFE104EB02B5
:107C100020F6C5068FFEC900EB0932041AF8E1F917
:107C20001FFB9100E0059F0213FD94F6780414FFFA
:107C3000A205A9029806DE05D009EAFC6B006702DE
:107C4000C4FA81FCCFFF2CFE150264FC31004BFA14
:107C5000D7FE4EF7310104F79BFBD7046006A1F570
:107C60001901C8FD2702390456F723F64DFCA40577
:107C70000403CFFACD02D8FBD90488F8500AFFFFDD
:107C8000D00592005D089FFCB501E604B5F968F6E1
:107C900000FC8DFB40FB67051D02420805090CF93D
:107CA000BD04C5F888F91209F0F5BE01C807BFFD8B
:107CB00028FDF00830F9D300AAFF1B06E9F7A7FA60
:107CC00082FCEA041404A7F78BF7CAF6450375F89B
:107CD00078F5B301E0F995F803F69BF9CD021AFEA9
:107CE000E5FB5EF9EBF773FCE1FE32FC66FC1E037C
:107CF000A004CFF408077DF65001760858F8FFFC81
:107D0000BE0552F99903D9FDF9F853FAD004E9FBFD
:107D100054019502E5F7EB097407A902E0F8F506AE
:107D2000E50243089AF7A709BB0955046CF4D9ED9D
:107D3000F7FB28140DFF0802C70135FEB40E15F439
:107D4000A9EA70F08902B8FF8D0517F3ACF7F3F9D3
:107D5000F409BC07ED083BFBBFF88A0413F657FF94
:107D6000D305FEFF82F8B603760E750AA0179A04B3
:107D70008019541321170C0CE60B260D94FC7EFE83
:107D800070FBFDFC79FDACF259FFCAF7E8F60EFC7A
:107D9000650051F52D0755FA7FF28E0D511FC22057
:107DA000740DDC056D179D1BE007F60EC5152A1234
:107DB000C0FE0210850FB90168EE97F01107E1F9D6
:107DC00045FC911D6C1356043E04C9FCB2FEEE172F
:107DD0003AFD4CF599078BF7580A37FCEA07B012C1
:107DE000C406840A9AFCE105B003900CBA05E901C7
:107DF000C9FAB8FE9609500CEFF7261A5B0B8AF801
:107E000038FDA907190552FF5FF62400F30CEF0AAD
:107E100015FE8D0EBCFE73091FFBE814460C480FBF
:107E2000D905FF030A054610D907FF09D302C30885
:107E3000670DDC04970A41028F06270455F7E50910
:107E400027FAF80D4C07700A6C03C50424FCDA14F9
:107E5000B314060D9A17130712102F07730487FF28
:107E600095067BFD77F7F3061AF67C0871055EFE32
:107E70009DFC6AED7DFB58F14307E1124D020306BC
:107E8000CF04DA07DB044101410B3D023A0DEF0B51
:107E9000560A3903AA04CDFE48051C04D801EC0992
:107EA00025FE651193FFCBFB96FFBAF9870B2EF8E1
:107EB000D4092F1801093F0967FFEA05C3F5EAF263
:107EC000DDF99A02C7F97501540E6EFCC3029304E2
:107ED0003FF48806F00389FEC80A3A11CD05FA0579
:107EE0000DF443F183120103FF06020815FB75032D
:107EF000DF0110F382F14CFAD7002D026DED5AEE3E
:107F00001F008F00A8F97EFB10EF9C0F0D0D41079D
:107F1000A60CA8145413BE03BBFD5FEF3CEC63F248
:107F2000CA095400E0FC9DF9450592F279FF16F765
:107F3000C0FA23F640E324E415EF51FEE308F50010
:107F4000E504730C81036B0CDA06450E9D18BC0525
:107F5000FAF046FB0B03BFFEF213EFFCB3079E02E1
:107F60007E0D08F9CAFE95FD35FCBBEB72DB26DE03
:107F700060E6BFFC4001E706D501DEFDB3F92FFE48
:107F8000FB01D6F88A0EE500D60601F569F6A0FFDA
:107F90004616F4FF85F9B700C2F136F547058F03A1
:107FA0004FF21DF420EA78F0AAE652F639EE01F815
:107FB00013FF58083F05A502B2FD66F7D208030972
:107FC0002E0FD1FC47EFFEFC980A3FF560F6E1FF6B
:107FD000DBF125F8E2F620F604FA37F8C3F8DEF50F
:107FE000BEE198E0CBE614FE410A9B02C708BE0141
:107FF000BDF1C4E6180E4907190BD90383EF13F737
:108000006202F0F899ED4EF42ADC0BE819EB10F659
:108010007EF74700F6EC53E9D0DF71E4FCF128FA73
:108020003906D2073AEEDBF60BEFE2E6B20C131399
:10803000E7F9ADFFE7F028FB62F0FF0156DA7EE3D7
:1080400014D462DA67DB2AE2DDE8ABFE80EC09EFEC
:108050000FDF81E727F32905DE00640827F0CDF361
:108060009FFAC2F41315E40245F7ABF2CCFA820D85
:108070007CF4C3E0B9E05EEB2CDD0CE3E9D742E32E
:10808000F6D890E2D8D66AD6CEE57BEE22FBD3F3C3
:1080900017FD32F402FE88FB3301C60D7A0A9A07F7
:1080A0007A0535F9BDED4801A1F083E33AEDF8EA30
:1080B00095EBF5E605E84CDAE4D429CDFBDC69E183
:1080C00041FA5FF577079DFCB1F54903B9FBCAF8A2
:1080D000E606BE0EDD0C630BFEFA1CFF850602FBF6
:1080E00074F884FE0CF8AC09AEF4C4E68FEB74FBB4
:1080F000A904F9FCE3F5D7FBB2080503950E860841
:10810000A200E4FC4CF0D2FF8AFA180ADD1CA7108A
:10811000A2FB3A01DC0C1902F9EF23069E14DC09DC
:10812000FC019DFE11036109B615FC1E7225842019
:108130007319C808EDFF37096CFDF0072AFF980591
:1081400070FAA6FE512BDE08F8036807F010040E43
:108150006FFAB2079D0B1807B81FE50BC00E5E241F
:10816000CB26681EC531811ED322FE042E09BC0712
:108170009A0D77FF5DFDEF280D2647192B1CE9FEB0
:10818000B503A0042D08F1FC540B380D0903521758
:10819000AB24E52B8A19D8256021FE19EA22B916ED
:1081A0004415320C3C166F1641FC8806570D9C177F
:1081B000522F35166C0E03048C031DFB4B0C6F0005
:1081C00076090516CB16FC114E115A21201E5C288B
:1081D00064201B16221DFE0CF8114E17D506021046
:1081E000C9FFE0160821E418CC0E140B030F2C066F
:1081F000190AFC06A7F5D3FECBFD8E0B7A080B06F9
:108200005A182A1A370ACC0CCB0BC40DEB0A2A12C7
:10821000A704B9242A1B8102F9FD3D004B187A04FA
:108220005C12001A7A08A5044A04DD0187FEFA05EB
:1082300015FD4C0730F96500CFE357EC5EF4CAF842
:108240006C0775FCDAFA84F3C5F6E60272F9F00AF7
:108250008002F4F2E10E070BB3057E0AF1005E0A1C
:108260008601A7F81700A40351FC72054A0101E931
:1082700047D5C0E54EEE71E549EB0CF1A6DA4DD0DD
:1082800076D521D02ED9A3D975F474FC0EFF4E00FB
:10829000B30658FE9EFBA7FC87FD4CFEE9084D0A7D
:1082A00030EEF8F5CFF9FDF695ED4DEADCE195E617
:1082B000A6E642EC27E4E6E6CCF2C3F3BFF5A30260
:1082C000D706E10191FD710AC408ABFD7A04C10231
:1082D0000FFBCEF64D0765F9E7FF22099EF9020470
:1082E00055026CFDFEFC4C03A5041BFF78036D06D4
:1082F00017FDDA085CFC4DFD9803BF03EA0003FD9F
:10830000E7F834F70CFE600290F73DF6570168FD80
:10831000D0FA3A06CD0009048EFEC4FF74016DF94F
:10832000C0029603F1FA14F09E09E70793FA3107A9
:108330002A072D0284FFBD097E05E707D6023BFF11
:10834000BA02F1FB1705BC0155025D058505C60A99
:10835000590C2E1CAE15FA1BA7146F01000822FC45
:10836000FFFEDC034D016503D7FC1F04B4036CFF63
:108370009C02B30C60F623FF9CF8C5F8A7F8A7038E
:108380007006A10D76106E0F1D1F912444270E2339
:108390002B1FFC12C015970C62FF7606851047FD57
:1083A0004A03F0F2DBE927F36F0DDB10890E57F774
:1083B000D606F1090DFA9119E1F9B70E8510E31807
:1083C0002813F0195E195E1642077F0BD500B40022
:1083D00067FCA906410E3AFD8705BCFB91F824F61F
:1083E000200881053B1211FB34FF200810078D1572
:1083F000FEF754FB31F3B60523F90EF4830A7FFF31
:10840000AB036B09E90385FE210A7B0C96007E0D08
:10841000090BAA130B03EF0493F70110BE0FF30629
:10842000AAFEC6FCBB136E02A5FB57E608F5D3EE09
:108430004BFF76046E02A816E20A5A13061EE314D6
:108440006C1C551100134E089300B8FFBFFB8AFF48
:10845000BB0A210B50FAFCF3D0FBF30943FBB1F646
:1084600051F5F6E807EAEEF74811E407B304B3095B
:10847000000E541AD2193D16F907B20344F410F352
:1084800035F5B202000376F534F750F2D4F7B302B3
:108490000FF9A3FA23F1D8ECA3F039ED6BF17CF1DD
:1084A000BC091AF72005E309A7059E0C8517A2074A
:1084B000EDFA3607FBFE6E0465F7E4F66305E1F7B7
:1084C000E3F45DF84206C106AE044FEE18FD1DFB55
:1084D0006EF488F14EF95F0B7204F80A95156BFF84
:1084E0004206B5FEEDF901FC6905AA0A5C06250302
:1084F000FAFBA3E83C0F9E0D5514B6094AFDF7F9A7
:1085000058F3B60217ECFDFFFA0431073A12ED08F2
:108510002E08CFFCB1FE05FA0BECA9EFB8EC1DFB61
:108520002FFCBC0E570E6B097DFA7CEFE8039B0015
:1085300074097A141C06E1FF0EF11C0145EF22FAC2
:1085400088FED9FD3BFD06F571FDB8EDCEEFC5FA0D
:10855000D6E8A4E950F33D0504FED10A7C06BB072A
:108560007D0607F4A906FCF4E0EA5EF7C0055DF6B7
:10857000C9FE7F088CFA7306200208096CF0F4FE2D
:1085800067F4F0F06BF125EBB2F247F05006DDFC3A
:1085900082FD1009EE093D05100848F7A1F085F3AA
:1085A00027EBF9E8B8F6C8F6C9FADBF4F9F918FED2
:1085B000DAFF1FF7C8F7C0FAD7F7C0FD86F100F35E
:1085C00002F8AF07C8003EF82F06C10719FCAC003F
:1085D00069032CFD30F4BFE69AF380E5C105E2FCA7
:1085E0008B059704F5F7A7014CE6A4EA5A02F3F1CC
:1085F0006BF40CF490EAADEC1DE9E4F60205AF0A69
:108600007DFDB7FA9303BD0504FC26FBA7F861F3D3
:108610004AEF80F5D00136FBC1F8470777E8E8F26A
:10862000B90346F08E0140F1EBF9BFECF6FA11E91F
:1086300075EEE7FCDAFDE006E70877053D0B4D092E
:10864000DEFC67FB81F993F8CCF8B8EFDB01770328
:1086500056FE15035002690E3C0FBEFADF0306E812
:108660009EF41EEF73044DF46C0057FB53F873F443
:108670008FFB360AD506A7FC7BFA750109F8ABFE1D
:10868000E4F7860B6B018F05F603CA017B03710DBE
:10869000E3FF11017603F0F19CF499EC0DF93CF93C
:1086A0003BFB27FD4CFAF400C3F6140D2602990596
:1086B0004AF38AEF9BEB67E02CF23B17D402C1022E
:1086C0009B05E50599FA410B51FF76057A123911A0
:1086D000280752EF2D0247FC02F3D6FB62FDE804A7
:1086E0005D0095FD3908750258EE0C02CEEB2DE4C5
:1086F000B1F0A00BE30A77091CFB760C00FEF00733
:108700005107DC128D12A5FF4B0F5A0969FF200D8E
:10871000C303C50A880BE205E1FFC605A603B60B35
:108720008BFA9FF285EE9103A1061CF9CA06B807E1
:1087300084FFA9FD4E07BF07D70FB21ACC0318005C
:10874000D806B3020900CF0D9C09F4105CFEAB0300
:108750000107510A0C0898F84CF993FDBAF9320D4B
:108760008A0AEA1119007BFCDDFC210CB511D1024B
:10877000FE0381034E039312BDFC9213FF0AD10343
:10878000C7117A069606DC0C3C08AB0C460A55026B
:108790005400FFF92102AC1CDB0F290835FD8BF5D5
:1087A00060FD36F63E0BD60688FBD2F5320558073B
:1087B0000206B20CC60B990C680277FA7605D4074C
:1087C000E4091F008CFF48FFCD0688FFEC0A8B22CE
:1087D000BC1F5CFBFCFDC80954FA1AF78510D316C0
:1087E000450FDAFEAAF96D0254052FEFA3FA2E0108
:1087F00079F80408150642080B060EF70D05A8FBCC
:10880000A8031B11E216C32CCF2CFB0A37F28B07EF
:10881000D0F94508640068059B03B50267049F0B07
:108820005A055CEF9DFDDD05E60638FF9EFF25023B
:108830007805D104FF06EFFBBF09191DE80DE41A06
:108840000D2F0B04BAFEFCFB8FF5CFFDEC0B2AFBC2
:108850004CF60202510E4E119802A603AF0DCB0B3F
:108860006E056F12660F1310F8118308C1074D1EB5
:10887000EE117D12750C961D590FAB08BD05ED006C
:108880008A0A97F7F204BA05820243F6200CD3FC59
:10889000690C750B8B12251CD210031F012A1918A5
:1088A0007B1C2615E11E1C1E78269D12FA214D19EF
:1088B000FE09D1F2F8FDE8FB71FC030946026DFBED
:1088C00003F2E2F8EAFE67F7F0F88BFEC3F1FB066D
:1088D000FF0957F1A6165912900B81FCDC0E83FCA0
:1088E000380AC512FE0C77FA59FCC2FE18FADF04EA
:1088F000DBFF7E03FAFAE2F939FD7FF5BCFE2EFCC0
:108900008E05CCFDC00165018F0338FCD8FFB2098C
:108910006B08A2F9F4FBA4F9BF00F503BF060EFC37
:108920001904F0FAD903FFFE6DFCA6FF970818079B
:10893000ABF984044A009A07F9FD8EF550FB0E0E40
:108940005F0D900835F5B906C713290E52F4DEEE17
:10895000CDF95AF74A02D1F48106010AB8FFCAFFDD
:108960001204C0F72FFB6E0B870D03FDB2FD45020D
:10897000C803EEF3150459F63DFBD3002FFD310576
:108980008CF49BEEA4EF61D7CEDE7BE15DE4A1EE3B
:108990003E02C7F2E7FB2B094703F1F72BF72C0E3A
:1089A000BB005C00CE049AF92BFE30FCB7EA43F220
:1089B0007BE681EA70ECF7F52305FB0706FE64E42D
:1089C0005BF152084000E9123F0A801446F88C0916
:1089D000A3067C07A2F2C7F4D3001DEF23F754F6D9
:1089E0009DEA9BFCE2EE4CF09DF443F406F3A102F9
:1089F000A50104F8F2EF46E644EFB3EA02F370FC97
:108A0000F3F13A0B980B39F4440244F6BFF957E9F5
:108A1000B1F59AF059EED1F2A8EDE7E80BF418F5AC
:108A20002CF6C6014A016512DD0D3F0A2300F60E41
:108A3000A7F76703AC00DCEC54E258F51EE865E8E4
:108A40008D0517F58FF28EFCF5F81BEB1AF334F455
:108A500038E656F957F941ECD3F595FE8308E0095D
:108A6000FF18C51C4F187507EE06E3FE39FC40EDF4
:108A700003D6BC01D8E916FC79F8E0F593FE06F7B9
:108A8000D8F398FCBCF885F64EF12EF4FEFF03EC0B
:108A9000E4FE6CF5C0F55C086108E51AE01969119F
:108AA000AB08A6101CFD16F7FDF222F731F68FFE7B
:108AB0008F068CFB21F719F972FCE7EF28F043E7EA
:108AC0007800CDF2B1F9B7FA7CF769006FF662FB76
:108AD000B6039A090C137606A3064A0DE7FC310E7D
:108AE000C0080BF200F550FEDEF59CF94EFD26FDA8
:108AF00063F39EF430EB8DF6FCFDD5FEF70D05FD1E
:108B00007AFD4710C7FCCC02FBF39BF8C20749195A
:108B10008E108A0043FF3E091F04C7FFF5F749F195
:108B2000F0FE30F007052AFD9AF3CBE94402450632
:108B30002D069B05DC057107260ACAFACB00CBF788
:108B40009BF6ABF74902CA07D602EC109D0BE51B5A
:108B5000450969F8BCFECB063EFAF908DC0AECEAE6
:108B600004E31EFD2D04B9078400720537FDD50FFF
:108B700013F606036C01F1F145F221FC34FF590AAA
:108B80005E125D19660CEE1ED00E39FD9610830143
:108B9000AE006EF1150E69F65CF85703BEFE7A0161
:108BA0000E030B07520B9BFB3AF793F811ED2CFECB
:108BB000D3F00C032BFE6107B3126011D01C411ED1
:108BC00000085DF03A12F9188F00F1FB290141F518
:108BD000780C3EFE100308FD9B0C4800CB091F02D9
:108BE000C7003CFF6CF4DA0265F936FB32FABB02CF
:108BF000F2070A0C4611E90525005704040A980BF0
:108C000040FC0AF632EE1CFC75FEBBFC4D09DDFE95
:108C10006EF642F00FFF2FFFDFF1E70933FEF80297
:108C2000090764FDAB02D9082D013D10D70908F9E9
:108C3000C40A87FA52262F12C80677027BF136EC57
:108C4000C50AA80B11F9B5F578F203FFED011BFF7A
:108C50005E00F60EA404FFF819FE96F334FBBCFE8A
:108C60007902191030FE3F01E00AD2F68A0ABE05E9
:108C70007902FA03ACF2FAE65209FA0D1C015E021F
:108C800037FF3CFFF90183108403760652F521FE7D
:108C900012F83DFAFEF648F767FBEA0476047FF324
:108CA0005CE82FFE4C10C6093308C5012CE5C8EC62
:108CB000F2FB48F94E04DE023D08E50B0216660A97
:108CC000A301ECF70BF057FFE0FDA3ED91F258E99B
:108CD00024F230F44FF447F9B205670EBF0F440693
:108CE00007149DF488E866E911F93EFF5407A708C8
:108CF0003B129E161C1BDB0C2DF8A5E141FCE7F98D
:108D0000EEF3B1F06AE7FFE8C7F482FC7913D2070B
:108D1000330ED902CAFE7BFA81FE920216F132F0BE
:108D20000003B707BF08EC114117EF11A807D2FEE7
:108D300079F60AF65CF59AFC81FFA1F9D3F2A6F761
:108D40004AFBDCFBD10F850BD604EB0047FB17FE7B
:108D5000D803250DB208CBFE00000E024B07CE0053
:108D6000BF0EB5042E004AF1C9E806EF07F763FA13
:108D70007EF6B601A2F488FC1FEF9AED0EF91D04F1
:108D80003C039609F1FFE5002804D5095A02F70FC4
:108D90008A05250BA40B8506C902740B410A4AFA01
:108DA00068E1B6F64BF8BDFB2A032AFA6CFA27E70E
:108DB0001AE126ECCEF642F527FF4901DC0249F71D
:108DC000380470FB8209A60D330E5C1A9D167812CA
:108DD0001C07AB11D40B1AFD72F5E7FADEF980F827
:108DE00090F317F21BF407F1F5EA98EBEEE9D4E7FC
:108DF00094F676FB4EF40706C0088DF71CF08D0A3A
:108E0000D5F957FD68053B07D81254057310D007F4
:108E10002A089C03F4008AF72AFA79F03DF5AEF4AB
:108E200082E277E8C40520FEAEFE4AFDB4E9B30253
:108E3000090741FD42FCF7ED73F92DF9030007F432
:108E4000C804C300CA0F0F12660A310BB5FCB50681
:108E5000DB0160FDA0FE51FECF00AD0345FFB7FD75
:108E60006A027BFB06F85CFBDC099DFBB5FA43EF6D
:108E700022F056F976FB98FA80F711ED81FBAC02EF
:108E8000AAFE84031A097D0AE80CDDF131FEA90B64
:108E9000C20B0F0F0F0602FB6BFC6A05E20010F617
:108EA0004AFB8B052AFBE906A70A5E07AC092712D5
:108EB000ED08E00A57096A14F4034811CE0EA1091F
:108EC0007E01AFF854009112B4100517E309810038
:108ED0009AF809FC38FA5F087302890434027500B5
:108EE00001FDEAFEEEF9D80E2F0A1809B504CF0BE2
:108EF000FDFDA8FB77112DFE010998FD4510E8093D
:108F00008D04C1FC53F7B400E408F3059FF815F88D
:108F100045005101C6050603CFF831009A0078FDDF
:108F2000D9FEC7FA5AFB69F9350DF5027AFF4FF6FB
:108F3000CBF6D407F40377098300930974FD39FA5B
:108F4000AEF691064DFB2CFB7EF9F6F5CC02110432
:108F5000CEFECC0088004105DC087F1D5B04900A32
:108F60008914700B81FE2905192149144F197011BC
:108F70008C1634FDEEFD9F0E9702DBFCA800B207B5
:108F80004BFCB0FAD60AAB121E13C300E40DE71671
:108F9000A7188517FC1B9520A41598FAC40F12FD7D
:108FA0002D014A12F406330088FDFF0AC8153B1450
:108FB000AA061AFEF8FBFD06C309C600E1EBE4149D
:108FC0002913B8000A026D02EA00421A5A0A6A0717
:108FD000C30D710B510CB305F4FEB609490B44FCEB
:108FE00046F58910730C87129513F6FEBE0176FACA
:108FF0007F033304AAFB51F5C0F716F5DCFF5F07CA
:109000002403D70BB711C00AF0016DFB4C06490BC6
:10901000A104F8124D132710D90A120A7D06B60DC5
:109020009C14C20C05126311D0F98FFDD8F568F7B6
:109030002DE933E226F70F000AF9C60408064701B6
:10904000D7063D0442FDD2F8CF078A020801CB05BE
:109050004B121010890C9AFFC70D6E15552067171B
:1090600047010F0B100433F8E5FCCCEEDBEB5302A9
:10907000EC0BB908DCF580F5FBFA8DFA600063FDB6
:1090800083F17DFA00EA1FF611F5A0F28D02610D61
:109090004208FA17CB05620E9A0767137F0091FE0C
:1090A00047F7D705D1FDA6F59E0F2CFA70FC950168
:1090B00010F86EF8D9F46BEAB4F144F201F36EF7EC
:1090C00052FE65F7F2FE650B8912E91919098C0E3B
:1090D0004A19220A13FE81F97AFE6E0439FF51FE05
:1090E000BDF82FFA830BB2037407B5FD21FEB6F568
:1090F0008AF24FF9E0F1D30593FC630842FE0413B2
:10910000ED07AD01F406980DDD11DB0AA70D1E0B6E
:1091100033FE8F006CF355F65FFB980BFBFD3700B9
:109120003F06ACFA3B06A8EDC2F33000C2FC520188
:10913000E90273FD5AFB50042513001AE817D8EF13
:1091400036134EEFBC03A8019DFCA7FB34FBC60001
:109150009CFA0E0C24FAC40EAB07670EBB0AF1058D
:109160003A0027FED20BA901F607DC057EFA2F0C88
:10917000DC0E1A012C14EAFE1106D4125CF910FF61
:10918000E501AB062E111A07D4037805BF03D4FD01
:10919000DC075A0BBE0A42F67001B9F13607410BE3
:1091A00090FAFFFB4204A00AA11B9F17301A060089
:1091B00027F8B1F8BCFA4302AAF7B3FDB303D5030D
:1091C00017F7F1F3DFFE26FF5C097B0338F60BF39C
:1091D0002EFE7FF79AFCD7F6B0FD88FABCF9050899
:1091E0005B1FE9220709B5E9A3F5E4078803E40A50
:1091F000E4ECB4F8B803DDFC3601D1FBB10403079D
:109200000710C3059E0742FBB0ED8BFBEBFB5F0A2B
:10921000E8FAC5FAB6F694107118E6140412511261
:10922000250393FDC40316FD86ED1DF06AFC6BFA61
:10923000EBEEBBFCA109F71781033400AD05C4F6C2
:1092400026F088FC2CF68BF411EE07FAD0F65A0CB7
:10925000EC0D3710CF0CA713AB075203DB00E90965
:10926000AEF1FBFF91F4AFF796FC66FF3011E50C11
:109270002104101188FB1BF424F478028E0752039A
:10928000B801ABFCF4F313FA1E0E3C1DC601F00549
:1092900047F35DF02A062415DE0122FC1CF564F874
:1092A000E2F9A306B40C500E0010C70A46FB4B04AB
:1092B000D4FA0002BBFBC8FF4E04FFFFCE03660ECC
:1092C00081059D1FC01288047AF774F31D03F00F07
:1092D000000094F9AD0152F7D6F436023818211384
:1092E0001D0C65107FFE9305E4FBA1032705EAF53D
:1092F000030A910550056203E3080608CB0A8A11A8
:10930000A7FCAEEF9AFD26066D0AE207CB07C50162
:10931000C000320D310B6316C21B730D8D00DF07C9
:10932000980C4A01FB079701DAF82A035BF4AD07B2
:1093300072FBABFB87FDDFF7A1F7C003360B980B81
:10934000FE0CF307CDFBAFF28E006202FD17B113E6
:10935000BE043A03FA0694FC6203DBFB28F4EFF642
:1093600037F7A507920569FC22F146FA6B083BF630
:10937000D8FF9AF8B512A307EFF9F5059CF7F009A5
:109380001412FC0E05111B17D50A3A0E6AFD2E08A1
:109390001EF355FB94FAC4ED01FCC4FD8303E3F80E
:1093A000C9F31BF333FC88FEF8FA1F07E610F2F549
:1093B0009F0552FE340034FC5607CB03CB094D17F2
:1093C0007B1790140C077F04310749088D06D4F5EC
:1093D000C3F2D60100FC25F7C6E77F04A415740389
:1093E000B4F2B105D30BFD0ADA0438EEF5F49BF9BB
:1093F000DA06C0FEDB0CF618DC098D0B6AFE2A0CBF
:109400009CFE1E0207054309AEE650E742F92DFA1D
:109410009CF15BFA700CC5FCFD00B6014701B90B6D
:109420005312ED0797F33DFCA6044F031C049B0D5C
:10943000B9F86608AB0EAA067A043AFA4A067CFD29
:109440007EFF4EF8600392FAE7F8ED036AF02CFF16
:10945000A1F647F6EBFC28FF6BE658EDCBE41DF0D8
:109460004E007DF92BFD970623058502520B61FE08
:10947000D20B2B021B01180790061FFB80F22BF367
:10948000FB0193FBD6F81009F60114F600005EFE0E
:1094900017EB8DE6F2E9D4ECCFDC71E1CDEB3CF6D5
:1094A0008FF037F96EF71A01620B3DFF6BFE1B015F
:1094B000CCEF90FB7A0346F619FF6D0942FF7B055E
:1094C0004F0822FC8402D0FAF9FE0DE99EEEEDE68B
:1094D0009EEAB2E719F22CFD8BFE9AFED1EF08F35B
:1094E00022FA75F90AFD11F7A6EDFCF81DF5250421
:1094F0002EFF32FDC7FE5FFBEFFB6EFCA001730980
:1095000047037DFE83F04B025FF972F8F7EEABFE86
:109510002AFD8F079BED52EF4CFA3CF212FFC90275
:10952000C5FB29F886F34A052706C502E108ABFD0D
:10953000E9F8770A8F03F7FF7E04ACF5AA075C0011
:109540004B0283FA2DFE90F9C3FF1BFA3EF726FB70
:109550006A064D07330061F930051CF8B506C5FEF3
:109560000400A8FBDA00EEF9350140032CFD600889
:10957000A605D90991FC11F808080505B20814FBE5
:10958000630153FF1AFCC2F122ED41FF6109B20BE6
:10959000490BD50652FFF9F8CBF9EDFF2609330840
:1095A0009201AC05C30383F6C8F7ABFB63010E0A57
:1095B0005CFDF2EFAFF6530A8E0ACC002B0E62036D
:1095C0003EF6F60236F8A5FE3B0AE90E2B056609C3
:1095D00090F96EFEFCFE1A057D069106E4EB8BEE1B
:1095E0004FFD02183F0B1D15F81101F923056E06FA
:1095F00086FC3B027908670D910761FF0207D400E2
:10960000700ED20A9D01891045071BF2B00660F862
:10961000BC07F90ACBF2FFFD92115A0E83FA35040A
:109620001C00C40E7E05F809910A4510AB09E10A39
:109630009404610BA1FA5E077A156013010ABE0952
:10964000AE07F209D1F920144EFE55FFF8F316EDDE
:1096500054140CF299011A01840105FC5AFFE80127
:109660008CFEDE099C141E0FAFFF110F65066C12F5
:10967000900525FB4008760F77079F0A110D4E03D2
:109680008F01A30694F24AEE3502AA08FFF771F79C
:109690008708C601D603AEFB67F92D079FF8F307CD
:1096A00041054B014601A30E4F12F505F3FA2017B1
:1096B000D90C9E0AB0FEFDFD01011EF2A0F658086D
:1096C000AF000212DBF47FF5A0F865F8CAFCAEF932
:1096D000BCF0C1FD68F0B9F575F68906E6038A08A5
:1096E000480056F8230488030115D8128005D60EC9
:1096F0007408F0E13300AF0C1D05980C27F5B2F7A4
:10970000830202FE0DFA460439046BFA9DF125022C
:109710009604C2FD850AAC027D02A106D8FACAFCF5
:1097200045FD360C62088FF3E6ED69E85012EE0A4B
:10973000A306B30AC4F699FF41F8A1FB0EFA4AF357
:10974000C4F8BBF9ADFEEAEAD9EF71F219F76AFA8B
:10975000BC0FD30375EF0E0004FF5DF3B1ED47F6C8
:109760005102D3018C0282FDA0F75DFBC4FA1C03F9
:109770004DFA38073DF9C3F446F7EEF9DAEE69F928
:1097800055EAB501EFFBBFF3A9FF79FE730663004D
:1097900010FFA8E6E0E991EDF6F1F5FA63F58FFB2D
:1097A00054FCF3FE7DFB58FFD311B91150FAA4FC11
:1097B00086FD50016DF686FC73FAEC0227F6220155
:1097C000B1FFB0FAB8F983F4DAEA18EEE7F150E243
:1097D00092FD4BFF18F9350830F49C018F0FD8111A
:1097E000920A1110D209580A130F590DCCFE08061F
:1097F000B40A000D410186004B106606A00DAE0EA6
:10980000040D2EE474E427F179FCC20749FA5D05E2
:109810001D0AAD04F719CB019D0F2D0C9001B4F773
:10982000A50A6B015DFEAD063AFC280BD20FDD0BDD
:109830004C0636143A0D420F4702A5E4F2DFFBE96D
:109840001CF752FBCAF8EF034D13CF0B7A04080341
:109850002D114A00C3F617FFBB02AB0768F77EFE67
:10986000B10175102110B00FB9193F0EA51630FACD
:1098700067FA3AFF26DC08F330067FFD7FF7B60B68
:10988000E5FFD701A8104206120D96FE7FFD3707AF
:10989000E500C6FA78016107A0FE29090007EA126F
:1098A0001818E50FC316FD0B2DF755FDAAF6C5F6E2
:1098B00076FA52089AFDBDF8E3F6F30D890C2D0BEC
:1098C000D0109B0B86109B093AFF35015303FDF125
:1098D0004501030E151547092C1622FA6100F903FC
:1098E00003FCB10250F3DAF95B0469FF0607CB0011
:1098F0007D06E0037E0D2717001A1C053312E000D9
:109900009E03DC090E008EF8CF060302050E13122B
:10991000C1FC1109ED0F740A01F1D7F660E4C9E545
:109920001DFD37098E0941FBBCFD43021206C00B29
:109930000E10A00DEF0FBCFF0814BFFEC7020602F9
:10994000C0FF4000E0FDAD079202490C1FF133FD5E
:1099500044E936ED53EEC6F227F44FF8ABF6D404E3
:109960008BFE4D0856FDE40E780C37FAACFC0FFD6B
:1099700098066DF0F907B206F8032FFED105D5045D
:10998000B00A15FF03ECDAED62F69AEB47E8F8FC53
:10999000E6F7B6F572EEBEFE38FEB5074E05C40317
:1099A0009DFDB20D67FCFA00F5FF37FF550A31FF48
:1099B00032FBA80A71FD0EF94CFF5607F7EE70FC5A
:1099C000AAE8F9F9B2E7E5020703F2063FFB68F7F8
:1099D000CEEF62F50FEB28F908068406E803AB0327
:1099E000D50926089707811263FAEAFF4AFA64F755
:1099F000B1037AEDBEF59BFB80E0D9ED34F6750935
:109A00008EF383045608160528F52EE6BBF6CFF92B
:109A1000B8FEABFBD501830FC9105E02A30C8E0309
:109A20003E0EDC0070EDDEF364FF90FFE5F970029E
:109A3000C8EDBEEEEE0A76F9DEF737FCE8FD361724
:109A40008EFBF9FA91F1B10435129D0791081C00C3
:109A50009405FDF99406C6FD8CFD02EAD1FC3A0896
:109A6000440425FF130265F204F11FF84B0147FC83
:109A7000040176F712F5EB13F5FE7DFAB0029C0EA9
:109A8000F409A4021E085000C100BBFF460045FABD
:109A900063002AF9DEFAD4F72A074202BAFAF30180
:109AA000A4E716EE43F13B0400FD5DFA9E0643FC7D
:109AB000DFF4D20FD70EECFA69F9780B911984060E
:109AC00012EFA3FE1D0570F31A0249FF2DFABCED3B
:109AD000B3F447FC6600CD008DE7360231F47CF626
:109AE0006EF7A0093D05870AAB059D078C033FF182
:109AF000EFEF13F659F067F8E5F980F768FD1DF10F
:109B00002DF3F7FDC2F6C8E45CFB23F7D1EFA00507
:109B1000BAF773050D08BB0033001A02310748FF7E
:109B2000C7033EFF1FF2F9F07BF56FF06CECCDF34D
:109B300050FBB6EFCBF2B101ADFA84E92BF3FFFB9A
:109B4000180034FF86F0E9EBFAF674060EFD6AFDA4
:109B50006005AA012CFBB2F6B4FBBAF847056D0408
:109B60008408D3F964F7A1F6ECFD6DFA1AF9CAF787
:109B700097FB45FE8F035C0A8D065A0A45FC8D0152
:109B8000B8078CF656FAE4FE630510062803AF000A
:109B90002BF9DF0077F57CF120FB4EF7D8F09BFA2C
:109BA00076F61AF3BCF61EEE9BF4D103FEF923F110
:109BB0004BF7D607CEF184F067005EFFC5FC390095
:109BC0004C00B8FDB60680036CFFB0F594FC13EEB4
:109BD000DBE82DE115E943ED20E68EEEA4F779F9F7
:109BE000E6042604DA022AE472F3DEFAFBF061F0FE
:109BF0001CF521FB68FF96F9D8047C0696FBE2F180
:109C00001FE89AF2DDE839DBFFD0F0EB2BE651EEEE
:109C1000B2EEEFD85FDFDDD757F0DD0A61F148F132
:109C20008BF6BEF0880071F3FBE9B2066CF3D1F657
:109C30000508F803BF08D1F228FB8AF9C9F4A7F098
:109C400094F51CEFBCF5C7EF00F07AF0B3E00BF32E
:109C50004802B00086FBF904B0FA0312A6025001D4
:109C6000FDF891F13EE976F154FBF0F6FCF507EFD3
:109C70002EF7A60D440FBB0410FD5B05C7F9AFFA24
:109C8000E7F5CDEB59FB88F14107A509F500FE0189
:109C9000E2FB18FFBB1245FE82ECE1F7FEE8A5F9F6
:109CA000540830E9240DBF024B08172050123D0B19
:109CB000CD0356FDEB00670776F792F6BCF26CF722
:109CC000C1FD83FC1E0AE80DC8FA471194FF520239
:109CD00082F067FD19FB9DEFC50723FAB1096A09F8
:109CE0000C0B631745151413E006A105EB05A2F64E
:109CF000F4F894F664EA31FDA1006A0E0F02B9127D
:109D0000160AAA02A60105F7DDF729E762F122F992
:109D10001115631343FF2F13141AD211EB11420BC9
:109D2000C5055B1B5C08E9FBB5F20AFA83F9F3FD94
:109D30009E0B7E14FF105D027BFCF2F86FF33E0970
:109D400049027BEF11E0CEEF1C131118B106130C82
:109D500019124B1A0B008207D8017AFFA4062DFFB7
:109D60008DFEA402E7F386FB621B5617210B17003A
:109D7000B4F650F7DBFCC5F5DBF5ACF048EDD404E8
:109D80005A07070E7310D5000E0A73028BFBF503FA
:109D9000C1060EF792FB420616F560F24FDD970101
:109DA000D90D550F020769029DFA500194FB3DED54
:109DB0009AE3A6EB77FA0AF4FE10C10FDA121F0934
:109DC0007C000308750A7F0724FDF50D01FC470898
:109DD00098FBB6E7C9DEB1FB14143A143A0743FF07
:109DE000FCF3A9E919F06AE353D52BE60AF6180546
:109DF00051015313D9089C0EBFFA8DF909F77BFF67
:109E0000350F0508FD058A0A79FF27E1C4CC18F84B
:109E10007419CD0B8F14ABFBF8E8C4FC78FBEAE9AE
:109E2000AEED37FAADFE8500CDF7BF0A180BE6FEA2
:109E300093FDDAF17B0AC10263046B08F107840C1D
:109E4000F0FFB3E2B6E648F2F60FC7140F0AB90006
:109E500029FB520611F90FF044FF1B09D7028A0BA8
:109E6000C006140A182496FE57126A0B93FED303F9
:109E700076FB1CF93C0F2D0AEDFB0EE1D4E99AFCB0
:109E8000DD03B91525081C09CB09CFFBE80C010F30
:109E9000E505530F8B077E001C108CFF6B08AE0589
:109EA000C712260271FC73064AF971082DFFBDFB2B
:109EB000E2EAB4E2F0ED7B0B9E092D135A1665140D
:109EC0007509A70F2F12B7093C062B066707AD0DC2
:109ED0005C0FA7FF11049509A30BE2FF6AFF5D0B5E
:109EE000C6FD1FF623F156E909EF9DEF56F7291637
:109EF000DD17CE149DFEB80E3F0F43089500E9070D
:109F0000CAFF10082C01CFFAE0FDCFF2BA0C7F0592
:109F1000FD182C00E60486F85DEEDFFF4DFED5EF60
:109F200068E067ED580F61134A19410419058EF670
:109F30001105E6F1E4EFD8FA790E3DFE2AF9A3FF08
:109F40004607B408C20B4801D9073605E1F018EE00
:109F5000C5EF87E2DFE27CE51CEBF90041FA7FF90F
:109F600042040DFCFDFACCFD4CE99EF419E418E620
:109F7000810055FC0509E70D3F01160BAD0A54F8A9
:109F800095F7AF03D6E360E534E780E735F567E59D
:109F9000A4F385016905DDFD1EFDC9FB33F70AF257
:109FA0006AF6EFE17DDF50EAA0F6BAEF64036C0ACF
:109FB0004DF61EFD10FC6CEC97F0ADE50CDF9CE659
:109FC00046E538F242013F12AD1116063DFD320D55
:109FD0005C09CC00F2FE93FD53EA29FA74E8A6ED81
:109FE0000103B4F9870A20FD7AFA1FF51CFFE3E8A4
:109FF000C2FA50F008E5CADEE2E9C30304073607F7
:10A00000450CE7FFB308E206CB0B010DCFFCFEF9D0
:10A0100033F999F694011CF5160860061F099D0492
:10A02000EBFDD60858ECA6DC3FFA52F275F0C8F00A
:10A03000710440027F0A5E063907C30744100A0C08
:10A04000A8066FFE7DF54DEB7CEB110230FC8DF820
:10A050005A0F030D191AF2F719F8580484EB83EE1E
:10A06000BCF1E5E855F1820417F7C01127F62AF490
:10A07000B8FBDC017E092403ACFC2A09FAFEA8FA2D
:10A080004FFA620C5AF9D6FE1CFEC915600094F80E
:10A090000B0433F685FFC0083F0373F12BFAC0EDC4
:10A0A00038FEE4FC3FF833FAFCFE5B0334046EFB3D
:10A0B000A3FBF905BA0A950143105A075C0472EE36
:10A0C000DB0C9412BF0A96064FFDAF013DFDC7FBA6
:10A0D0009CFEBDFC6FFE35FCD5F273F3B3F01AFEA7
:10A0E000640596FB42FB840F5807C8FC4D0823EF1C
:10A0F000E2EF68FE4BFC82FB38EB75FDDD053D01B0
:10A10000AAF8A6F72DF9FD01C7E6CAF3A5F305FDE8
:10A11000D600B3F4EFEBAAF882F50A0A39FA19F778
:10A12000D7FA50EEB2FB2F029CF361E586E706F406
:10A130005508BEFB82FF75F847F75FF82B0533081B
:10A1400053FB0B08DE027B022E013AFCDC04A90261
:10A1500089001E18B8FFBEFEE8FEB2131B03A1FB68
:10A16000BCFF8AFA6FFB97FE62F759FDD4022D09F6
:10A170000F04B3FB62FF360526FCDF007008A1F870
:10A18000D6084109280767FEEC007C0526FBA9FCE0
:10A190000501D1F6370ADFF8A6008B030402F109A6
:10A1A0008200DBF732057A02F6FEF1FF620024F648
:10A1B00069FDC90647000504E5097016AF0E5C137A
:10A1C000D6070005D403CC0A83103D092D08F905F4
:10A1D0003901ADFC55FEE108FC0100FBC2F948F76E
:10A1E00010F99A06B7FF3E0FC21749FD6A09180C0D
:10A1F000C00410FD20FECC03A4F89E00BAFFF8FCBA
:10A2000095FFDF0BC70F7508FF0D9D12ED04C11000
:10A2100088FDA508C7F62FFE7AFDB9FDDFFC2F0FDC
:10A2200015FE8002C4F8F5F8D2F755086CFB88F3E8
:10A230003500AE04F1F7E7EE24FF6802D005E31322
:10A24000C307640333020E08C407EFF0930045040C
:10A25000EB0489FAA4FA68F9BC09F202BAF76204BD
:10A2600049069FF64AE932E7C6F571F101EAD8E9F5
:10A27000B3FC49031D14FA0EDB0CA90EEE01C20952
:10A28000D3FC93EC80FEAC0899F8CFFBA3077FEEDC
:10A2900076F8AAED0DF93CF73AFF15EF1CF8C9DF87
:10A2A000F8E5E1EB61F3EEF0F2EFE8FA4507C8FA02
:10A2B0005DFB820632FF00FCA8FBE2FF29FD79FF6F
:10A2C0005B093703DE0749085D0A0E1AC300D10592
:10A2D0001704D7F25AE5C6EA74EC18FF43FE38E3D8
:10A2E00054F7C6FC6DF827FE1E0731FF1001A8F4D5
:10A2F000B6FBE2F307F7450397FD0510970A8E01B9
:10A3000021047D10981D720A72FD31F1850159F505
:10A31000D8F922F682F512FAF8F32002200373FB33
:10A320002BF678FC04F98AF30503BBEDC0F9930022
:10A33000D30EF11243F3E007AB046B176F06600016
:10A3400007010FFC6AFDAC00E208B6FA0F0498FAA8
:10A350007B0B21052F0946F206088505A703880D0A
:10A36000FAFAFBEA3CEF0A0836117A1A860490FEE4
:10A370003B155107B30A150D44FCD1F1D400410A35
:10A380002306BA0C94189511830EE70E5C10860A0A
:10A390006004A7FF90F9F215370BF2F558ECA60B05
:10A3A0003B11E005800B7D04DB0CD6FEA5075E06A5
:10A3B00010092F08AC111C0FD2141B0EFF08980EA9
:10A3C0009A1AF10B3F17890CAE0DBD0CAC18B608EC
:10A3D0006A12E0F9BCEB5FF42F148110AB21A90FD6
:10A3E000C60460F68CF87FFE69FF270F3B0EE51070
:10A3F0004214BF08A20AF401B501240B2A01440B40
:10A4000021116D031306320E2F25CAFD82ED76F75A
:10A4100010FA190884058AFCD0FF62F77202AD02B7
:10A42000B5FF8D194F15541B2907D2FB4B006BF656
:10A4300082FAE600A2086A00DB00F108C212710A83
:10A44000DF1AC8FFA6F512FEA3FEABFB8D11B5FF08
:10A45000B2FEA9F5DC101B02070FBE1CE3126C193B
:10A4600088062FF142E134E543EF68FFA9F5DAF4FD
:10A4700034F7480A010BD90B7F190A01AD0068FEB9
:10A48000300B00FA790D5BFD63E4B005B6108CFE6D
:10A490006E09041A601EBE076FF874DBBEE6B5F4E1
:10A4A00079EFC3F0BBEA2EFF6E02D7FD0E03CE108C
:10A4B000FF137E0B7EEAC1FEB5052E07A005A2FEA6
:10A4C000D1F40403CE0A1514E60FC320DF10CAF935
:10A4D00063E1CFDB42E3E3F7BAEE8DF1B5FCF6EFD3
:10A4E000CBF4B7013606EF0F9E10170AD6EDB6F87B
:10A4F000E9FFE5FDA5FB1400AD057009090D12107B
:10A5000021164714ACFC26DD9FD565E215F617FD34
:10A510000CFAF2ECCFEE3DF2F6F5C9054B056B03F4
:10A52000360583EE7FF5C3F110033E045EF3E4F9D4
:10A530009106F10103F93900960B38038FF9BED764
:10A54000A1E144F0ABFAF1F3DDEFAFEF1CFDB00099
:10A5500080F292F7FC08A008E9044DEB6BF1F80CCF
:10A56000BF040509F90383F5C3F7B9F820FCC00659
:10A57000770EF90DA2F8CBDDC1DC63F2B9ED8BF9F2
:10A5800065FA76021EFDE0F95CEE56FC9DF7F1F2ED
:10A5900074FBE6F364FA1EF104FE581104FFE3E7CE
:10A5A000690213064F0854FAFDFA1C040FEEF6E890
:10A5B0000EF6E9FC65F05FECEFE9F60268F585F967
:10A5C00060F19DF98403E2F74E0B83FDD3E7E2FAD5
:10A5D000D7F9D20247F159E4B608FE0B73045302CF
:10A5E0008E05E202810683F320082EFB97FDF2EE32
:10A5F000B2ECFF066D08BFFBE00045F9D3FE8AEC24
:10A6000029EF19012FF53FFB18FE5EFDEBF5D0F0A9
:10A6100018F34A03390BEC092705A110D012AF0437
:10A6200004000C01DFF5A6F49902D6F86C037BF761
:10A63000D7FAD3F9C7F7A3ECB205C3F3A40900FC1A
:10A64000FFF70005FDF863FF92F93D05DE006800A5
:10A6500072001305960FA8FE99094F1103166107A2
:10A6600092FCA503880DB1FA63FF9E0621EE7DEDF5
:10A6700018F17FFE1D0AD1F71609CAFD470690049E
:10A68000550014F93D04F8FAB504DE10EB06C6F8DF
:10A69000EFFFC803D404AA06EA07AB101004DC03DA
:10A6A00097F83AE9BF0115F98E05B5FAECF37CF796
:10A6B0009AF936FFA10757F51F0980021FFA4EFAD3
:10A6C00091044900810FDFFE69071702E501BFFD14
:10A6D0007604E5070504D204AFF804FCB6048F0A3B
:10A6E000C704E1EDF0F69DFE6508CF06D1FB080436
:10A6F0002B091301970B81FE3403300390EE58FDB4
:10A70000B407950E07110E05FA142F0B3F0FD31A3D
:10A710002F07031A040E9B10E313E8FDD5F842013E
:10A72000690030FFCEFBCFF7F0ECBDF32902DA0170
:10A730004108F6FE2CFF2D06FD08CC120F02420741
:10A740008706D900E5138E131702781236201D06EE
:10A7500078FB8C0829FC70FEF30696087004CBF990
:10A76000CD0B4C00A30257071E082700BD152F096B
:10A77000D60228207D0EFB08E0090C1897048802F9
:10A78000A5F7010E8B152C0578F7A6FE7103E806D8
:10A790008000E2FC60F75A00B205DA0971FD480753
:10A7A0000A074F02400886053FF122021102F8FF16
:10A7B0008F05FD061AFAD6FBE0F822FA23FF11F600
:10A7C0000AFDC4F78D0841F8DC05ACFB85FE0801E5
:10A7D000A6FAFCFA86F85EEB17F974F82E004F0122
:10A7E000E903AAFB89FD610061F9BEFA45ED75FB3D
:10A7F0005AF0BAF28F02A4FC68FB8CFCAEF86AF83F
:10A80000DFFDAD01190079F638FCE5F299FB44FA59
:10A810001AE49BE388E0E6DB20EAB8F2F7F331EED6
:10A8200090F06DFA34FA8B01ADFD79F02BEFFBEB74
:10A83000C3EC6607F3F9CA03DB042A08B4FE53F934
:10A84000E70125FF67ECFDFB67F757EBBBE163E131
:10A85000B2E4EDE8C1FB12EF30009401C3F8F40656
:10A86000570999FE1907CFFB0EEF9D034504B4FA73
:10A8700085FEBEFB95FEAEED24F3B3EC96FF4507D7
:10A88000A1E713F62CEBE8FF91FE870265F942047D
:10A89000ECFDEDF80CF21C028DF9CFF78300830379
:10A8A000EC0A621297006CFB0CFF02009CED00F4B6
:10A8B00032F867F14902DC02AB08B90609006C0303
:10A8C0008002CBEE24FE2EFE82F817F79000DEFD0C
:10A8D00097F548036F0C2A0206F9B20DBF02E2F4A5
:10A8E000B209E102C5F206FC5509C412A9F977F5CF
:10A8F0005C079408F4FFF7009FFFB4F411ED9D028C
:10A9000040EF4BF922FA5FF8C7FD1FF1D20884FE31
:10A9100078057A0EEDFD6AFEA007120651110D03AF
:10A92000AAF93D1C080B57FC0F1622198614E1F8F2
:10A9300026F28AF21BFA3AF7A0FD68F3DBF65DFC1B
:10A9400018F058062312581693038A03050E60FC6C
:10A950005A0A96126915BC08FD0CB00A2204E512C9
:10A960008F0D6417EA07AD0C68FB7CEF2CF97C0DAA
:10A97000CDFAC80769FD00F7190AF30A210DFB2873
:10A98000A42052243B1AC714F8052D0B870F63032C
:10A9900028F8DE08BE04A20581021B170D16A001CF
:10A9A00090F79A0166F9510B6410AFFD11045FF640
:10A9B0003F10C411CE06C7205721C522C1240DF374
:10A9C000EA093F10E10F11FE67FFE60B0103440A9D
:10A9D0007A13D610781EC0024C00D5026001E9FE41
:10A9E0005E0B31F831FAB60CB60142054E1180F714
:10A9F0007E1649072019990E930CE41B3C0C0F029C
:10AA00004D06C906CCFEA2081D0254208718720EFE
:10AA1000330C21ECFFFBB50656F8D0F252F44A0B8A
:10AA200019F65EF8D2FBCFFEC0F2E0F3AB1B5B0879
:10AA3000970A5C080B13D6FF33F3BDF94BF8840378
:10AA4000910D8E150A1EA20F0C0D71F9EAFAB0F6DF
:10AA500076F981F71800230881090C0091FDBFF1F8
:10AA6000B8FC2A0B130F7BF52702CF0BC91547FF44
:10AA7000B8F550F684F798076C097D131E12AE0FD7
:10AA8000660C80F54EF07CF51DF77FF8BC0ACC070C
:10AA90003C109D06290A19FB9302650195194C0289
:10AAA0005BFA84F9FE0EA5F07BE1C200E90357F9D9
:10AAB000DEF5AA076C0EBF12440B92FA5BFBE0F3C3
:10AAC000AFF0A70543FDED0243090E077D059A0B84
:10AAD000A606CB015A078507270B9807A20C4BEE59
:10AAE0008CF9A3F5CFF58CF79A01BEFDD30267066A
:10AAF000C003D400D3F747EF66F6C8F1580581FCD0
:10AB0000B1057A07E200E6FEF6071D067B13BD10CD
:10AB100008035E05E1F528F830F92AFA65EEDAF85F
:10AB2000D800840325FF81FD46FC7D0060006DFF99
:10AB300096F8AE04D9035BFC9702A815EB0201114D
:10AB4000CF093CF8E9197B123B0631FB260644F796
:10AB50002AFFE3F93A01C1F610F64A00EDFAAC0714
:10AB6000FF0B810F2A041C00C707D702D605380C3B
:10AB70006411B710CFFF360591030FFF2105F91CB3
:10AB800089F3FBFD3405C5016708DB02C3003BFA0E
:10AB90001AF522FB0AF5C9F8FE0829031D1272F8FE
:10ABA000FEF639F39AF718F8DEF74906AAECF3FE39
:10ABB0003812D4FB411B510C57FB29043B0B1FFFE0
:10ABC00038FE05FCE3F81CF202FC07F5EBECC6EBE3
:10ABD000EA03A001F009FB0122EB09F310F62BFEBA
:10ABE0006304430084EE64FCC702A4FBD71A9D04EF
:10ABF00083FC29008E06C5FDC8F214FD3FFDA7F9B0
:10AC00009A022C0500F0B107CC025D062BFEEBFE8C
:10AC1000E0F332FBB7F94C028EFDBFFDD80349FECD
:10AC200066FF4CF6D80583F66D05D700340586FE21
:10AC30002DFB35F4730016FD020335F53EFB31FFA5
:10AC40009A085D0667F83B012800BA012CF81F003E
:10AC500054F71E035009810AC1F4A7FBC30DF50187
:10AC6000F9F4DA0753045F0271EF7EEB33F5A4FECB
:10AC7000870F160676F5E4084403C7FE3EF5050384
:10AC8000D8FD0CFED4FB34F69FFCA1FE450CCC078E
:10AC9000FDF9A8F50F04250248F97DFD96F9EAFFB4
:10ACA000240999F4D50370F4ED031C112F0ED50778
:10ACB0004201CA02B40A20069A023408D9011A06CF
:10ACC000F3F19FFADBF42FF9CBF10C0BA60AC402C7
:10ACD00052000AFE8104B0F7EFF24CF68EF9D3F37E
:10ACE0005505340CA10C8B03A00756145708130FFD
:10ACF00016097C0A82FD29FB83F2AEF04D03B7FEF4
:10AD0000D5FFB5FA3FFF18F92504A2FFF7F8BA02FC
:10AD1000BF0AFFF7F5FA2EF08BF1EDF4B3FD2A012F
:10AD2000A3F43407310127141A090D04AA01CDF543
:10AD300041FA8BFF2207EA030612AA039C06D4F805
:10AD400097F60105F3F8E7F472F134F999F67BE030
:10AD50008DF45DEA70F2ACF7BCF87CEEB0EE0EEB71
:10AD600029E8CAED0AF5DDF3EFEA47F1A4F74DEE65
:10AD70006CFAA3007108E6FC54090401B2010E0745
:10AD8000B30AFA01BD0268FFBCFC00FE7500DE04D8
:10AD9000C7F4D70159E7C4F130016F0094F7A9F463
:10ADA0009EF971F7B3F8F91642074EFECAFCCD00C2
:10ADB00067FEA6015D07300A120932FEA100890272
:10ADC000EA04F20321099BF680FE5309780382FE10
:10ADD000B502BE01F202BB037C091A07FA0771082B
:10ADE000F8F70FFDA207530A2CFCAEFDEAFCA2FB0C
:10ADF0008D070009000235FB2F049FF7B2FBE4EB3F
:10AE00007FEF23F6910457F085FE3FF31BF99EE890
:10AE1000C7F6BFF9C30148FC8CF5B0F66C04FD0819
:10AE200012044E0A0A0556FF59EDEFF96A0488FF2D
:10AE300008031EF124F23BEAFFF117EC78EB72DD18
:10AE400049EFFFF59706C2EFEAF1F8F514EE49E88D
:10AE50003702BB0426F958087BFD34018D0963FBDA
:10AE6000470021FD8EF805F22AD8AAE460EBA1EB99
:10AE700016EF0FE330E4EAFA9BF8E30252FB29F9FC
:10AE8000F0FF420A74FF44F9A7ECEB10A0FBAFFC03
:10AE9000AA0517FD030429F398F15BF965F0BAEBF5
:10AEA000F2DB70E071E997ECD2FFD4FAE0F88902A6
:10AEB0004AEDDE01B1F82AF032F51DEF2BF1D6F89C
:10AEC0006BFD551C0E0F74F89A0528FD0800C1F59E
:10AED0001CF6AEF400F510EA03FEE1FD8E002B0730
:10AEE000DE15380B64FFF0F49FF8F2009BF4AFF529
:10AEF0002D062FFF81FDC5F5E205A41243F87FF76B
:10AF0000C7FC6BEF76035B02E6F6E90AF2F694F60D
:10AF100015F8C50F790A9207D609E90632FDEBEF5D
:10AF2000CCF13EF208FA3D0A28FFE201B7FD17FA1C
:10AF30007202740DEE0D4200A4FF55FE6D119B07C9
:10AF4000ABF458FB33F873070E0B4708F70976008C
:10AF5000E008020988F286F7B6FCA2029C095E0EA0
:10AF60005305CA17B90F120010FD52060F0788FECD
:10AF7000CEF4821A48F9240558FD1102AA133007AD
:10AF8000BDF98BFAC8FCB0056303980DD3056F0CAF
:10AF900056049F095412D7FE8D134F05FD0C7B13E9
:10AFA000E818BD1B0C0DB30E37132D101AF66809E7
:10AFB0008CF41206BD0FBA005A0245F8BFF6E2FD46
:10AFC00069077C17690832037707FA126210AD0827
:10AFD00012FD3308C7FE7F1A6921E715991B22026B
:10AFE0001E0A2B00E20637F59B0C3B0DCF0F23F713
:10AFF000C7F8220BE906EF11530E8A14D412C706C4
:10B00000CAFAE6FAD913B4148709630782075BFB0F
:10B01000A1180F05F119080B360E4D00E512A9F025
:10B020008B101D13FA0D160B99010E07F808AA02D2
:10B030007308EB01F1F730FD39F84BFC7104BD04E6
:10B04000E0FDBEFCAFF7E202C20E5A0FB81BE20CE5
:10B05000EA07A60BA6044C05E301EA0CD80DE507A8
:10B060007E0D56FCE4F9F4F475FEBBF564F9BEF30D
:10B07000840197F5ABFD95FC80FCC9F20EEB7500E1
:10B08000ADF71007DE1B03057BF7E20EAA0839F8BF
:10B09000F8FDCE09A8007403EEFC080D7808120430
:10B0A000FBF725ECE3FF9D005D01EA04500776F114
:10B0B000C7F94404F4F89DFA45F3EC0DE41736059E
:10B0C00003F98DFB431855F52DF8D00189FCF4FBED
:10B0D000D1F890F65E067B0184F74DF177FA66F8B9
:10B0E0009A05E10FF3FC3DF2F0FACFF37F0437FD50
:10B0F000F5F2D6FBDA13F505920A85F8D00684F945
:10B1000084F18FF287F502FAFBF167048D09F0F7FD
:10B11000D50077FF830737FAC408C1081203F3F597
:10B1200081FB3AF6C2F2BA0BF8F983EEC712FC16AD
:10B130009A00E4F0A2FE14026FE6E2E7BCED1DEE19
:10B140006BF788FFF5001E03A60E9A02C5086F0470
:10B15000C6046BF62AECBBF8ABF64DFA1F04C3012C
:10B160001500D101751EBC0B7A05A6031500A1F5CB
:10B17000B9F45FF1A3FADDF248FB7CFECA0996053B
:10B18000C00431101F077009D20613FD5BE97BE98B
:10B19000D0FBF7FC2BFCC1085BF8D5F6070A2CFCAA
:10B1A000C406EEFB68F3FAF9DFF0D3F8160FB80B1C
:10B1B0008E0D81FB69031B0FB6FFEC02260DBDF758
:10B1C000FD0177EF3AF2DBF548F6C0F7AFF857FD2F
:10B1D0001A0527FFC10CEF087DFE6D0C23FA2B0129
:10B1E00061F95602C202BBF884101AFF8804970066
:10B1F000D0F6A4046FFB9204E00000F8EEFA61FAC6
:10B2000071EF52EC8B018504D812AF01560ADCECC9
:10B210001BF9CDFD6A0851EBC0F263FB61F693FFA9
:10B220000606BA034F09EAF358053209D8F035008B
:10B2300088FE01FE21F400FF6EF241F4E0F29EF977
:10B240001C0C9205DEFCE4FC2FF90E0066031DF9D0
:10B250004DF8040492FE6D015DFFB704CDFEC7F604
:10B26000EEF60806E300DAF627058B05E2F566EB55
:10B2700080F6FDF38F03E308851C000D4FF75D0397
:10B280007F001A01F8023CF4CA03B3F71DF77DF6FC
:10B29000B1F19E05520433F9CB00C80B75FA7AF36D
:10B2A000990572FDB0F107FAC4022B036F079109EB
:10B2B000FE19FE13B60D0AF6ABFB1905A4F5C4FF83
:10B2C000D312470638FCAFFCDCFCFEFF7806B70360
:10B2D000E2FCC704BD064FFC8D063FFFD0096405A4
:10B2E0003A01C202AB102B244C20850A19F956F8FA
:10B2F000CBFB9FF625F46DFABEE87A006101C2F639
:10B300007305120606FAF7024C020B0AC303290A58
:10B310001FFFA60125127A19D410E404A309E3043F
:10B320009D0CCAFD51030908F309E408B1FE29FC8C
:10B3300054FE67F0A3F4640097E717FEDA009B0A57
:10B340009FFE900AAE0F26183B0F11191320D30A47
:10B3500094077B133D1AC7079617A0FD13064401F7
:10B36000F405F60909FB4D0500F882E72FE382FF9B
:10B370002F062700EAFF5E03CEFDBC0560FDA80195
:10B380005D01F00694009CFF3904BFF1180AEA033E
:10B3900065FEDF0A7BF8E504B805360068FC82FA32
:10B3A0001D0ABD0BA0FEBD06940337091F0E9804AD
:10B3B000DC0879115901A8F869FF980D03FCAA006F
:10B3C000FCFDB0043DFB3D0770093FF96EF71BFE25
:10B3D000BCF94D018907A0FD89FC08FD18020E008B
:10B3E00077FD2BFEF1F73106A501B1069CFECDFBE2
:10B3F0005B0849FB0E08F6F958FE2FFB30070A0AD6
:10B4000033F81DFAD408EF0028084D0867003B09FF
:10B41000A0F6F402AEFE17FE6CFF390E6A0F40FB79
:10B4200041F8CBFAABF7FAFD70ED0B0697101F0C45
:10B4300076FD66069EF598F969F6C2F937084BFC69
:10B44000D0FF03FA25FC6D08CA07ACFE63008B022F
:10B45000CA1A4407700658FC9D0B9B0BF409D8F9D7
:10B4600054F05DF4C1F800083211C31B2327940582
:10B47000CB14980404F71BF762FA7CF6A7FD1003BF
:10B4800082F4D111EC0BC406050B91051F045D0578
:10B49000C704ACE47AEAD2DCDBDBC1F853F5360949
:10B4A0004F0121FDCB0ED2144D032E011AF6A5FC3F
:10B4B00042FF5E06DBFBCAE76B03E0071E108B0949
:10B4C0002D0FF903340364ECF5F213E5EAE8E6E145
:10B4D0007AF80EF01AF929101F19530D50133E0B6C
:10B4E00014033BF9E5F4060634F948FE6FF30AE964
:10B4F00041FBCA04A612F8174413A60BE1F877E241
:10B5000086F348EBD7E607F9C2FE890A2210C71A6C
:10B510005C0838118B0DE10CB808A809AE03911234
:10B520001007EBFD46FE12EDA50F96065B0CD80842
:10B53000E20519F658EB11F416E300E153EAB5EA17
:10B5400055FFD2FB7EFE7316671493093E135F17F7
:10B5500096009E0596096A06880627FCCA0EFAFA26
:10B5600063049F0D8F09D11495FEB7FF2FFF97F647
:10B570009CF577E73AEEA8FF5A08310AA413C714DE
:10B580007715F304E9FCBEF71C0229FD37025E0FB4
:10B59000BA0416F7A603320D35177712C50DF51349
:10B5A0002BFFCA08BBF1BEEE03EF56ED29FE02FEEB
:10B5B0007EF9EF14990B640B0DFBC6FD46F1FDEA15
:10B5C00034E413F466F04EEBA2FCDCFA660440F4BB
:10B5D0005C0D5CFF2711E70D8C035D0273F41BEC1F
:10B5E000DCE52DF4F9F90003D4028C00A80626FD51
:10B5F00058F8A4EFCAEE5FE537EABEF69BEA39F2E7
:10B600001E080E054D060EF84E12B5F7DBFAE6FFE2
:10B610008CF85F0296F7BBF1BFEA0DF4F6F463070E
:10B620006E0B19020C059BF56FEBC0E8DEE699E2A4
:10B6300088EACDF607EF96FD1202D0073C04ECFD38
:10B64000F205D005FC09F1F95A092211C30396F855
:10B650007BFCCC06C9068A0DFC0DAA0147EB6AE506
:10B6600022EF14E48EEACAF466EC3DE165EB2AF6BB
:10B670007C02B4FCB109C10A220A7DF742FFE30D46
:10B68000F80E2DFED3065F0AA210110C88FC890269
:10B69000EB0C21F3F0F657E6780191FBF50205017A
:10B6A00029F992E144DE4FF404FE8F0A0408A20D4A
:10B6B0008A05C402AB0AAC0333061A0022074EF80F
:10B6C0002A0779FBE7F7C206791192F9F5F7B70176
:10B6D0006A09C70A7204CFFE04EBEADC47E8A1FB63
:10B6E000B3F49A0A3CF5AE01F9094B0F3E0261042E
:10B6F00070FA41054B09D9F88102F7FC3806200C95
:10B70000F6FF690361F9BE0A17F8D7F5F2072AF3C5
:10B710004EF9B7EB97EA0FFC250945045A17FD13BC
:10B72000BA035A0467112C149A0379000CFC3800F0
:10B73000B3FEAC09C00F050D430BE8FDA2016BFE83
:10B74000CD016808A610F3FD90F79AFA4AFF71F24E
:10B7500065FEB80C2C04B6FD9901360316093116A6
:10B76000A004E707CDEEA7F8F706E4F8DC0DDD044A
:10B77000080E2EFB550328FB49FE28FF7C027CF4B3
:10B7800073F41EFC3BECE4FB9CFCD20244F7B8F4DF
:10B7900006001103A604650D0901DBFEB601F0ECFD
:10B7A00071F0BB0D1309740D250CAC0315F490FE5C
:10B7B0000CF9D1FEB9F679ED32F874F94CF98BFD3C
:10B7C00010F1520C360007048402E30BA90425FD96
:10B7D000C301EEF3D2F03CF880114315080EBF0907
:10B7E000F1043FF8A700FEEC5D0676FC9BF4B2E6A0
:10B7F00064F80CFE4EFAA702B3FFB0EE50F07108E9
:10B8000061FCFFF7B007030208F63AF52DE8FC01EA
:10B8100051F288052107360467067A09280929F9B3
:10B82000F9F6780591F21EF99BF022F0C5F7431264
:10B83000540021FCF4F8AAF89DEF16F4A803D805EB
:10B84000A4F187EC4DEE5CFCACF9E9F9AC0DA30773
:10B850001406F002280165F75DF87AFB61EDBEF58C
:10B86000CBEF4BEE8406E800150C1005F402A3ECB8
:10B870007AFBB1DF44F0E9F82807DF04B4FEA30047
:10B880003808D8084F161D09BEFF3509D7084DFFE7
:10B8900001F844FA950498FC3EF3DCFAC6FE78FF02
:10B8A000660D6CF7DF054CF79FFF92F9E0F07FE83B
:10B8B0004A0024F806005A046601B40E610C3C11DB
:10B8C000E504230AAD0355020700EF0D790571FC6D
:10B8D000E7F425FC141046FAD400BA00C401E0F8DD
:10B8E0002CFA77EC97FC21F723F205008FECDEEFC2
:10B8F0007C0A8B062D16DD046FFE730F7D0B24145E
:10B90000920976095C00CAEEFEFA74030C0916046B
:10B910002A0A82033CFBDAF5A1F430F860EF26ED49
:10B9200008DFC6E313E810FC8AF60307E5FD5408B8
:10B93000A30C82F1EB0A23FF8E02160D1B0F3204BB
:10B940002DF3BCF476F658093D03A8085704C2FD50
:10B95000BC027EF7EFF981F9CAE89EE0F4EDFFFB47
:10B96000CDED96EC0AFDEEF631F08DE996F7D6E4D2
:10B9700052FBF8FB9BFC8BFCF0EEECF158FBEC0669
:10B9800030F616FD78FD53F6B3FB5EFB31016CE932
:10B990001CED09DAA4E6B2E398DE28E6F0D057D829
:10B9A00030D5A6DC1BDCFAD0FEDF5CE6B2EAF1EAB9
:10B9B000BCF9F0FD1300F0086F09BDF50601B8F9F8
:10B9C000F6FB64056E01A1F7B3F35100C9F14EFA1D
:10B9D00014EA37E89EEE0AE37EF300028F04AEEC31
:10B9E000820436F59101490823F8C6093C08110A7A
:10B9F000CB0954F7BA028A0AEC032E00ABFEFA0018
:10BA000016FA410A09FA37F804F17905CC041E0543
:10BA1000ACFF6FF92BFCA4FD8407CAFCDB015200CC
:10BA2000D3031F0058F86E0203FAE60622035901F9
:10BA300093F9040011EDA7F449F179EBE2E7CAF9B3
:10BA400003F86EF2CEFB65F54AFFC6FD2BFECFE88C
:10BA5000D7F0C5F3C7FC3B01C6F7490822FB9DF9A7
:10BA60000504B5088EFAC40577028BF2A9F09FF49D
:10BA7000EAE4B1F406F43FF435FAC00F800CE615A1
:10BA8000291E6711AAFB7EF53DF41FE642ECBCEDD2
:10BA900012F323F57D0958006AF9D9F990FB9EF954
:10BAA000670076F7E0F36CDDFDD91CEA1EF6E5F4DD
:10BAB0001C037105720F090A160EDF0875FD40F9A7
:10BAC000060FDCF8D6E86ED604F5FFFBF1F8D909CD
:10BAD000B7FADC00E504B4FD2FFB70F3A7E1B6FF75
:10BAE00056F92DEB91F93F035C05720843FD2301E4
:10BAF000B50C1BFBB7FBD909D504DE0E740356F059
:10BB0000CEF100ECD0063907B0072A05E4FFC4F9EE
:10BB100074F233EA05EECAF9C6FD8CEDADF972EFA9
:10BB200084EDEBF424FBE5075D16EA19DD01B6F2BE
:10BB3000DAF7AAF92E0527F500FF2B02B0FEADF6C5
:10BB400053FC8BF82801A804380A0D0C3DFE0DF1BA
:10BB500007FED0F0C1E2A0D37BDAA7D9E3F39B0DB7
:10BB6000E313A114321199F838FFBAFA6805470BAC
:10BB70002F0E9A12E1FE08053C000406560AAC138B
:10BB8000E61BDB200C0F970A9208A3EEE2E5DBD759
:10BB9000B3DB4BDACDEA7418EC161614FC09C7EEC9
:10BBA0007CFE3001FD00B6F673037C192505CA033F
:10BBB000C200C30FB112F40DB9065E083E0743116F
:10BBC0009E08530138F97BE9E8D023E57DEEB10802
:10BBD000AB1057F8B0F8F4EC41F669FCF606AAFD94
:10BBE0008CF9490BAEF689FBF200150D9004F603B3
:10BBF0007DFE8C10FD06EB0B9D061A0D5BEEBDE97C
:10BC000039D7E2DA0DF94800170400F947E5B1F039
:10BC10007F07BD070B0A160AC3F9070EB10152FFD1
:10BC2000B8FE87158A141CEEB3FB270EE914AD0B82
:10BC3000320D9C143CF61BEFB2E03FDE86F1AA0DFC
:10BC4000C5FDB0F519F40AFC530BE704B20834F54E
:10BC500052F1880B7EF640FF2A0072079D1254FEB7
:10BC60001AF56100430896013B0F6E13D618F5FBD9
:10BC7000D0E5EBEF2D07A90FFEF7B8EA8AFD7EFAB3
:10BC80005400140B6A0786F225E8350546F7D504FB
:10BC9000EEFA241B0511AE0C83F533011B01C90715
:10BCA0004F149A1A4523161DB20F9D074EFF2F07FA
:10BCB00013FE4CEC11FD40001910E70D8D04A0F4AB
:10BCC000BEF31D0339220818EEFC4F0BD40DC60F2E
:10BCD0003AF14C09890FF40B4D19CE0DF71B951154
:10BCE000A8092D0CAB09E906C30697028E05D709F2
:10BCF000FE177C10901BFCF260F4A907C61FDE053E
:10BD000083FECD033D12CC0E90FA710DF1112B0F75
:10BD100039148620C206E811680B3E0D2407460B35
:10BD200024F97B0AB402910FA30731FE7105E9FFE4
:10BD3000E6F101053B219DF69F03AAFB680AE81C7A
:10BD40009803B30B4412991FF61428176E00C4030E
:10BD50008500870CF30F400F140C52081D0AAE0229
:10BD60006AFEE605DCFE5104EAE74CF377F8A1F839
:10BD70009001F60152FB8E25E30C7E13C01D3E1888
:10BD8000970DAAFC26ED32F1ADF185FC020AAB1647
:10BD9000290D95096AFCC011140CFF00360A320304
:10BDA0003CF359F12A126FF5ECFD17FE030A282027
:10BDB0001D213710BE0A6F0C03FD1BF9DFE4C4DB45
:10BDC00053DF10F5CA0A12129A11AA0DC107B4F76F
:10BDD00008FE5B0FDF07E307A4F68E068716B0FDAB
:10BDE0008A023AFA9710E31A022B3512C60185EF40
:10BDF000D7EDBCE7FCCCDFDC51DC92F69AFEE30D1C
:10BE0000D313E1059F022EFEF1FAB6FAAEFF57FDFD
:10BE1000C20C39FE27FB390069082E0E1C082D09BB
:10BE2000D417EA156AFF6EF3ACF9F0E6C4D685DDE7
:10BE300093D502E7C202BC0C87060C1653053C00E2
:10BE4000CA058C069B0091F880FB8CEDF20A15FF69
:10BE5000F006ACFBA1070808A102EBFA10F9870471
:10BE60000EF2D9E374EE64E2ABE295F80702C3FC8C
:10BE70002A05DA0381FD1FFC4406CA0941F81EEFBA
:10BE8000D8F6FEF1B9046108CAF5650262088205B8
:10BE9000E9FD3DFA5DF77FF90AF99DE2E3EF8EEAED
:10BEA0004EE3A3F28FF1E9FADE0BED04D1FBC3FD03
:10BEB0004FFE2D09A705E7FD45F423E67709D8FADB
:10BEC00076FD4D027FF6150CB6FA4CFCDF0341FD02
:10BED000D1EE40EF44F60CEB09E30CE7F3019907D0
:10BEE00062FC24065004A815B906831233019DFE96
:10BEF000650EBFFB3D1094F60F00340148EF0705B7
:10BF0000F50134FDA0F3C3FFBE09EDFF31FA64E093
:10BF1000CCEFCCECA0F73700CE0D010BFF14BE0820
:10BF2000930DBD110FF969F29D0492F133FC55F99F
:10BF300050054F0537068B0A03FDC7F68602D80366
:10BF4000C5FB7EF698DAB4EDD3EB07E234F5EDFEEF
:10BF5000A202500CD505381EF106700F480960E7A3
:10BF6000FAF077FAD9FBF2068CFFD1FF71021411B7
:10BF7000C60314F4BDF494F3EFF363ED99CB80E6BC
:10BF8000B9E2A5EEC1F3A4F5010DCE18D11BC80E80
:10BF900075FA80FE6007550B9BF262F415F75B01A2
:10BFA00017FF470044FA76F5C002C1FB27F3C3EE42
:10BFB000B9E7A3F413E86AE741E98EE29AE8F4E509
:10BFC000FFF6DEF716F2F4FBA5F150F2260644EF79
:10BFD00069E756FC1EF9970725FAF709410552FB58
:10BFE0003F0A3C09D4F57E036CFDE9043FFBC00524
:10BFF00078F6930A75F94901620A2C125907E80389
:10C00000ABFFAF0487129D1AB6F93AF8E8039FF523
:10C010001B016008F5FE8AFC9201FF002BF68909DE
:10C020000E03CDF6170A23FD4AFF5B03E40158FD1A
:10C03000B7FF99F8B8FE2F06C80773FAB7FF3001AB
:10C040006BF876034D053400F80366FEBCF7C7FBBA
:10C050008FF84E05F70264019607C60171F7F805DF
:10C0600061F69DEE96FFC5F936F465F5A6F754F92D
:10C07000C3FC43F7D1F91EFCCC04D80443011404DB
:10C0800003F7E8FC72F71EFAD4F772F4410107FCDB
:10C09000E4FCCC03C7F8F0FBCAFA00FD25EFB509B4
:10C0A000B60704FC58FDAD06C7F4F4F81EEB83E7B1
:10C0B0008EF4E40C9FF53801F50586FD8001DB0A5E
:10C0C000AE0A51F47CECAAEF99E42DF46EF0DFE2B5
:10C0D000A1F90BF3ADF0D00DBEFF9604F803A40751
:10C0E0000CFC840B9AFAB105C8F695088F00390547
:10C0F00051FA230383143A0EB4F2FCF1880784F456
:10C10000B2F98AF52AFEAA058CFE7008ED058DFDB0
:10C110006B088C121D0EBF06AC004E03CA051AF642
:10C120007AF6C50CD4FF79F84201ADF64EFEE9135C
:10C13000EFFDC3020D0949FDC30129F085F6BA09D7
:10C14000360DB701810BA5FC2803B00794FFFBFE59
:10C15000930D8A0A81FE43F3ECFEDE018C040BF1A1
:10C16000F70405055AF3B2F8D2F84A0A8C0D5E07B7
:10C170000FFE71FCD0086CFF9C02D5F67401190209
:10C18000F00A12FDB5097D067307A104FB047908C6
:10C19000DDFC860CB1F404FD2707051607F343FE0A
:10C1A0001F0D36F33FF88B0F70F9B9049010A803F8
:10C1B000F7FAD1F8CDF9B40066028807430CD30230
:10C1C00037F9DCF80105F3091702920923FE4AFB4F
:10C1D000AFFAD30305FD5E0E4FF8B70A740EA8053B
:10C1E000E4FE380C55FFD1FD8100AE049404240315
:10C1F000FAFC53FE3800AE0CC0F73CF9950BCE0AA2
:10C2000099110A0A251CD306CB09021989EFDA1302
:10C21000810068F8820894FA8BFD0AFB69FB4901EA
:10C22000AA0435093F0E5012C20A4E0E5903610688
:10C23000B6F67708C2FEAB06C90642214F115CF87C
:10C2400091026116D2000FFD5710BBF96DFF9307E5
:10C2500096FA6EF63104D40746FFAF099515BE066F
:10C260001DFED804FB0CF902ECF9AEFB1E102D0CE0
:10C27000CE0F5A022B1B3C13EBFF3BF722040103AA
:10C280009A13CB09730833FAD7FA5B022DF58FFEA8
:10C29000A9FB7310D80BED03F202F6F940FBF30093
:10C2A00097FB71F7B6022D00130EDF1B590E2E15EA
:10C2B00077FC7500D5FCEB145F00220FB704FC0A75
:10C2C00018FD0BF117F085FE36FB36FCB1010CFFB3
:10C2D000E405AE0DF60782FD8D00BC00CEF26AFAD1
:10C2E000F80A96FD7909261823098D15E5015A01EA
:10C2F000D4FF7206630214027EFA53FCCBF3FBF305
:10C30000AE02E105720AD408FD0ACD0570FCC1FB3E
:10C31000B1081BEF06FD2EE987F07EF8C8FACFF9C9
:10C320005FFAEAFE3E10520AF3F8BFFDDDF450EF6B
:10C33000CAF3FAF6E00068FF09FD5107CF056A0D60
:10C340003F0DA90BCCFC76FD90F4BFF5B0F862F27E
:10C350002AE854F5DCFE25ECC3F94FFEFA0EAF05D2
:10C36000CDDE29ED18F249F50301C7F7EEF7E9FF35
:10C370008B067F0CF518BFFF3F08F6FEEDF308F1C2
:10C3800066EEA7FE10F3D9F507ED5DE6C0ED13F2FA
:10C39000E9FDF105110921FC15DB8FDCCCF303F27B
:10C3A00049F5F504790CBD08EA026F0C5E06AD1282
:10C3B000190AFDEBF9F5D0EC36F4CAF6B4F45003E3
:10C3C00078F825E0CDFE880256001710220A020BED
:10C3D00024F6EFF23DF50EFB46FECA05BB03ABFDAE
:10C3E0000E0984059313C30B09FA20EFD6F7F1FF6A
:10C3F000C5FC9E084206A2FA3CFDD9F5160286ED60
:10C400000A0A0206F80D3BFD7BFE41F6E5F7DFF474
:10C4100085F96C084FFDD6FBA901D2FE6F09E30137
:10C42000B8F637FA1DED7501DD08F001F806AB032B
:10C4300079FC2D03A402F5FCFDFC510361FFA4F57A
:10C44000550354F55BFA1F0176FA8F0726F811FCA5
:10C45000E3F782019CFF7DFD8B004BFAD3F641F997
:10C460003A007405C4F77605850596028D0025010E
:10C47000B2FB9AF617ED9EF4C7F4EEFB2007F50920
:10C48000850D6AFE93FF63F39E06DE084201BBFD45
:10C49000A80122FF6FFB74FF590B65F7AC0E1B0A56
:10C4A00037FA7CFB34F14D0832FDC5FDC5FDBB01FB
:10C4B000D3FB610AC31BA10BD307D1053101BAFD20
:10C4C0005B03E400EF08AF0972F62CFBC1F92EF90B
:10C4D000EEF8710DADFD0606BDF23BFF53EE3FFCDD
:10C4E000220160FA09025203700F7F11480C0218F2
:10C4F0004B0D010295F5BD04D2FABF03BA0340000B
:10C50000BCF5DEFC5F00BC05840C70FFD70313068E
:10C510005F017706A4F5C3FE7709420322FEE2FC21
:10C520003F06D70F8F00950BAAFD1E0A98F9C90583
:10C5300059FFB311C0FDB4F6F203BC001108DDFED3
:10C54000FD05F203ABF4F3F993FFA2FFC21137FE2E
:10C550008803FCF541FAF6F96BF2ABF2EBFCD4037D
:10C560000EFC3C042C0A2409050F460C1E088D0302
:10C57000A5EF18EE3CF5070317FC99F36C0120F7C3
:10C580005DE41EEB11066504B407C9FDCBF7E9FBBA
:10C590000BF853F05BFCF901A3004509AEFB41F435
:10C5A00023079BFF0903E9065D013DFC5B05A5F838
:10C5B000E8F773E623EFE8F9850144F890026B0889
:10C5C000BDF85C05EDFDF90011F1E6EB6EE39DF8B9
:10C5D000C0FFF2F5CAF49AF686ED40F53EE295DD2D
:10C5E000C1E388FD77F174E4D5E3ECE15AF4D3F6C6
:10C5F0002F09280B3A096C08B0FBEAFD47029300AB
:10C600004B0B340E3E05AFFF46FAD4FF540174ECD9
:10C6100022EFBD0B43F333EB07005C00D0F04DFA83
:10C62000E2E71EEAA1EEF5FE0E01BBFAC4FFE7F950
:10C6300029FEDDFF17018FF96F09560687044AF8B6
:10C640006D0AC1F83EFF010AC30289FE1CFF86067F
:10C6500047049D06620606FAA9FA9504BAF7E706AA
:10C6600091FF7C0A90FD5D05E50600FEDEFC920868
:10C6700047FF0BFC1B0B320878051B129107490C76
:10C680000812DF0F73F4350DCB07D313DC14A509A3
:10C69000E00B0A0B4702650D7B03F5087A046AFE7E
:10C6A0003E080CFF48FE84FA7B011C053C0F4C0F32
:10C6B00037102DFCE1020207FA088600460DF50747
:10C6C000550A3E0418027406880E6E1DB10BD90D72
:10C6D000B9FF9F03F7FC43FD97F54E0767FAD3FCBC
:10C6E0000B008DF6A506CC11111DBF021AF6C5FF71
:10C6F000FBFCAF05530D5406F1FEA6F91607861391
:10C70000D90295F9ACF654EA19E8D7FC67F5350576
:10C7100094F63BFEC8F1100D6D1451F916F6BEF4F7
:10C72000B80B00F35FF3F4EE87F106F516F80D068B
:10C730006EFEE40480FEAB0363F664E8D5E15EE4DC
:10C7400007E1CBECDAEA05FC68F9C5F8FCFC120A53
:10C75000C0F8ECECA0EC62085C00750B710468F2A8
:10C7600034F12FFD2AF1190106FE27F799FBE701A5
:10C7700045F1B0DF26E157F097ECCDF0EAF0A8F3F1
:10C7800001FB28FB6815440B3E0193EC58FEA4FB0B
:10C790000F07250365F633F6B802F3F10DF616031D
:10C7A0004B01E904BA0952F196E290EFB7EAB1E21F
:10C7B000FFED93E62EF6A8FDF202DEF6F7062F084F
:10C7C000E70673E78F008407EF06C5FB97FD60FE61
:10C7D00007056002480C95115A07A8001A01C2F01B
:10C7E0001EF654EECEEC78E0E7E1F3DC14EC9EEFBD
:10C7F0005E18C8FB3F055311F8FEF3E265E770FCD5
:10C80000990DCF0095018603EE02840CB2092A1817
:10C810002B0A3DFB40F41BF67CEE97F797ECADC37B
:10C82000A1CD6FF458F5A0F86D049AFA5A095B0E81
:10C83000C903CDE83FF4F30DB6022011A90581002C
:10C840002C12390ECA071B1405FE03F83BEC0DFA37
:10C85000990152F996DC2DD9F6DE30EA46EEAE05A6
:10C8600055FB4C01EF10FC049006BEF182E88B03EF
:10C87000580501FED8F955016001680EFD06A6FCB9
:10C8800003FD3EF44EFCA00112F2A0E488DEB8E203
:10C89000C9E871FA5CFE3900AE07661375051FF929
:10C8A00045F366E690F678FF50F618F5D809B8100B
:10C8B0004417B6166D032DF41DF1E9034A04C0FFB9
:10C8C0008B0792F215EA54D992DA3AD25DEC88F4E9
:10C8D000CD071008FFFF310C5AFB00E37AEDBBF9DE
:10C8E0006EEF9E0E7CFF3204C908F8043F04110766
:10C8F000EF0B38026706C013D709B2E29AE6CEDE24
:10C90000FDD451DF5CE4FA0116FFCF096BFF4AFD4D
:10C91000280228EBA7E7C5F27EFE2E03BC0A3E0ADA
:10C920001FFF7BF581FB4A02DC06DC05EF0CC60F1E
:10C93000020359F19ADD4ACB4AD017DD92D83AF872
:10C940000203A0FE3DF2D70438FD76EB27DD48EA6E
:10C950000EFBB20D88067508DBFFAE0003F8D5F4B8
:10C960000908C8F5C712D9192B1032FBC0E664D9E3
:10C9700000D26BEC71E0A6F0B6004DF718F7EAEDC7
:10C980007201F7EDB2EBE7DCECFAB11126202B19BE
:10C990008C0613FFB2F31D04D1FA8709F50CDD08EC
:10C9A0001B04D3020FE85ED629CF10ECEBE4FFE7BF
:10C9B0002B024908BC0264F385005DEB2DEA5FEAB7
:10C9C0000B067C0965228F1DDB10B50163F0A20107
:10C9D000F201C414D105E003EC006CEA55E932D24F
:10C9E00086D0ABD712DFF2F68AFA340C09026F0652
:10C9F0004FFFB3E876E23BE79EF96F0D8D0DF8121D
:10CA00003E10A6FEEFFFE507A611A8091EFED2FE06
:10CA10006F02DCF290E496DBB4DAF6D0D6E4880359
:10CA2000EE090FFE140A0005B7079FF3B1ECA1EA67
:10CA3000E4EEAF103D0E0102870DBBF3BBFAC90750
:10CA40001805D70BFB0A33071FEF5FF20CE89AE1DA
:10CA5000F1D1D3D7E005D0EDA2F7250E140CD6F80E
:10CA6000B30387FF50FCACF3D6FCBD067D029706EE
:10CA7000930CEEF068FCE6F6CB087A021E02F6FB99
:10CA8000B2F080FD16EB0BF8C9DCE5DDF9ECF6FE43
:10CA90005FF8C806BDFA96F2F8031EFD6A024C065E
:10CAA00020F688F0C4F557FD2AFA7CF7AB02B007F0
:10CAB000600A51FBEAFB28F7CDE411F014FE95FC67
:10CAC0004AE85CE75505D9FF75FB25F5C3020EFA68
:10CAD0003BFF15FBDA000EFAE3F601E3D4E658F269
:10CAE00016FDA401F5009E059E0A7D04E7F98BF56D
:10CAF00070F542F226058B0420E7BAF622FB66F6B3
:10CB00004CF66E040EF915074AED270024F90CEED9
:10CB10003CF5EEF1C8E93EF288FF100185FC820485
:10CB2000FE0D4701B9F710FAD7FDC6000C0AD6FA78
:10CB3000EFE43FFEFB079F0757063AF82AFA76070D
:10CB4000C20356EC38F4A6DF99DE70DBE1F357F848
:10CB500014018AF8D104D4F965F6CE060F0734FB28
:10CB6000FA014AFA68F9D3FAB7EC3FF264E83DFEFD
:10CB7000F1055DFE9AF980FA1C067F0172F122F23E
:10CB800007E3ECD515E735FA65FC64F6B0F15F050F
:10CB9000DD06461408FFB0FCFAF8F3F6A1FF4603E1
:10CBA00071EBB3F31CFD0DFEB7FCE903340295FBFA
:10CBB0008716CA1FD806BCF6D5FB24F2E7FF0E1273
:10CBC0002517340A550A9FFE51FE2506770E49F9AE
:10CBD00038F5D5FCAEF3BAFEF70666FD37F4C8FDAE
:10CBE00094091CFF1E07DC0B861863136023501B7F
:10CBF000E308C413EB12EB03F1149811300F4C024D
:10CC00008914611835226500881CA70F5F0A180E69
:10CC1000C207E909AB057904B20406FF23F8B9019C
:10CC200058FA3104000EBC0F830C3D142906F9FE9E
:10CC3000BA0C51088B209C10C11373186409271279
:10CC400014FFF109B606A0F502026D08B6FCFF0854
:10CC5000D9F79B00DEF548047F025CF6FC098904E5
:10CC60003BFB99F795F61C07560C01016DF63EF853
:10CC70006F0AEF051A077EF953FDAB0984FAE3FB4F
:10CC80005EFD6CF89E047C089209B607EC03E9FB94
:10CC90003C04A4FBC105321128081113ED09090D4C
:10CCA00033FD69075BFDFF16F10E6416C7192214E8
:10CCB00015144111D7102F099EFD32FA5A026A004D
:10CCC0009C08F3085507E808E00BDC0324068707F7
:10CCD000B21701101810911E8418CE135625B21BDE
:10CCE000B3077FFDD5F6D30687F62D0BCDFBA8F64F
:10CCF000740395043107EBF6EC07F4F8E0FFAD029E
:10CD00000AFB0617441E9011F3F8DF04F301A5FA9D
:10CD1000EAFB7F04BA0717FD3B01B70405009CF14D
:10CD2000DB05E8FD04F6C3F7CBFD6E0ACD01060A6C
:10CD30008E0146FCA005ADF9E61B911E711BC40ACD
:10CD40004F03FC008EF2C2FA56062413FD06FEF5D0
:10CD5000A6E101DB1EE80BF5C1DEF6ECF8E1E5FD2E
:10CD6000E3EFB9F498F3D907D6008002400AB60F72
:10CD70003C17BE1A0018150C290B8F0BD20357094C
:10CD800053100EF9EAFC240142F3D0DD96E13DDCBC
:10CD900081DAB0DAD2D99EE862FBD4FCCBF853F941
:10CDA000E9FEFA0381F53E06220AC0FDEF09B8024A
:10CDB0002213CB07EF0A8BFC4BF5BEF533FCF108D1
:10CDC000FBF85CFC22F62EDA81E5A1FC04DCBDD97F
:10CDD00004DF8DF10BF498FA0D057604890616141C
:10CDE0006E09A5F84FFE48056FFF0E0E6405CE02D2
:10CDF000CA0B51F99500C50571042407BFECCBE3BC
:10CE0000A6E384F261D70BEA3EF3A4FEBFFFD8EF9E
:10CE1000A303D21EF8F47E07080DD903D2F9EB085C
:10CE20006A0D3207B50676F995F94E0ADC19EE0956
:10CE3000190B3BF810F3FFF2F5ED79F202F527F943
:10CE40002CF21DF7F90412F06C04361466FACFFECA
:10CE50003017CD0C35076E100E001BFBF00BB20027
:10CE6000BF0F5B0D10135B06B0026FFD3BF5BEE814
:10CE7000ACF4BDFDA00295FA3003BAF43207AE134C
:10CE8000E6153F1449FD7DFCDCFD800E0C08B41254
:10CE9000FA0549FCA911BF0A3907E3135B14050E13
:10CEA000300A0CF74BF911E716FBE1FE040F7BFC8F
:10CEB0002AF2790211FD41097106890C5214D80930
:10CEC000F8046F0C5800470644027406800C2800D2
:10CED00075071FFD1B052007E8013504480101FA0D
:10CEE000C701370CCE11A201A7DFCBE32DE15A1009
:10CEF0004D0B11FE630D33FB6C0FD8FE84FF9907B9
:10CF00004E0CB4094F026DFB5EF502F70F08541B7F
:10CF1000441B1A124401AC041DFE2409D709C105A3
:10CF2000DAECEAE01EF330185708E2F85D0E8005EF
:10CF3000BD1AF1F5CC01A00751FE1DF95FF972FA97
:10CF4000FFF4D1FAE0058C0FFD1320170413F3FF53
:10CF50002707320EE801541014FDF2F7FAFBFB0824
:10CF6000E7023906AA187E0D48FC95FE67F3FC001F
:10CF7000D6FFDD01CD08330080F007F80E0B2D0F32
:10CF8000971A78150C0789104C08010B61045B1384
:10CF90004E058DFE7F0E7C0464F775FF7A168A17A6
:10CFA000C9F426F55CF8BDFA13FBADF520FDB5011B
:10CFB000C6F1320A880F970E1C0FB30616015207EE
:10CFC00032137608310E2A0D4B04B6FC37F3970660
:10CFD000A8FF85FD171389F92D030AF8BF03020D79
:10CFE000660C160B6BF7340394F48607C217B70D63
:10CFF0005C1281018A0C20000F016F09A7FDBDF8AA
:10D0000075079B04A70362F3C702E102CF04FE0782
:10D01000B0F9E4EEADF6D9F34CF561F564FBE1F55A
:10D020008CF3080EF61A9E19CF01D40BE3022E02E0
:10D03000B4FE7E0DF209BF000C00E215C7FEDBEF67
:10D0400039158F01260C0B01050605F5A6F752FAD6
:10D0500011F362EC7BF231F0C9F97510360D080F4F
:10D0600072FEDEFF54104407F5F9ACFACCFCF6F47E
:10D0700024F650211417890C39081C10040AF6E113
:10D080004EF1DDE0B8EF94E9A7E5B0E380F140ECC4
:10D090007BFCAE0CC216EB0DB3016BF95804FC001F
:10D0A00032F6700459F690EB1EF2CD083E01941151
:10D0B00034FF66FEACEDC7EA38ED3CE3FEE27CED02
:10D0C000E9F295DF9EEE44F51304D70AC807EB0397
:10D0D000850302081DF95EFDC0F051FAF0FB0DFA60
:10D0E00084F45F007E027204B8FAC9FEEEF4D4FD47
:10D0F00096F316EE82E920E410F07CEAA5F751F6EB
:10D100007009BB0193FFBCFC9F019AFBE5FACDF1CE
:10D11000A0F6DDF2EDEF98F18CFB25FBD1EC5BFD89
:10D120009504E50873F567F389F5C5EB4DDE3AE143
:10D130005DE202FC3C0613F8DEF746F8FFFE0FF74F
:10D1400057F9A6F5B8EB87F1D30513EEC6F787ECD0
:10D1500012F0E209A0F64EF7B30822091EF2D8E356
:10D16000EAF58FF62DE56AF8A1E62AF854088DF85D
:10D1700073FB38FF14FF25FC42E4E6F67BF0D7F39F
:10D18000B0ED5CF45A017EE927FE57F71F02C0F8A4
:10D1900018F7A1FD1E0885FE590BED0499FCC1FC92
:10D1A000C0FCC6FB77FA31FEB5FEBBF577F399F903
:10D1B0002FEDC7005EF82F0A10FD1AFD25F3EDFED6
:10D1C0008EF7FB10400500F75F05D90285003EFB96
:10D1D000C90349076D06B0FD0406C00EE4FD79FBE6
:10D1E0000B0287F2EC0D25FB5C0992FA6AFA2EF528
:10D1F0007AF8CAFB56EF4AF5F4F2F9FA5F0337FD05
:10D20000F1F8F0F76C0458F8CDEB11F1DBFECB0A26
:10D21000CD1BCD179C033B0568FC6109EC15C30DC4
:10D22000AF1575096007E815D10A8B04700372FD0C
:10D23000DA0287FD32FF48FBD2F759099900BBFC9F
:10D2400005F81C0BE70CEE0CB60C9E0AC716510233
:10D25000A30ACE08F70B6E0D3A16481628134D1088
:10D260001613681ADE0876031700C7090308B2060A
:10D27000B0FD6AFAC7F765F75E080BF9A903710AF2
:10D28000ECF77B08B20712FEB909410241FA08F730
:10D29000BD035E091BF752F73EFB54F90C09050A62
:10D2A000590140FCFF02F0026D00AA0853FDD4F7BB
:10D2B00016F8B501C3F70F00FE0E430EEEFAD814B0
:10D2C000EF00B20E8A0030FA39F84EFA060E7C08EA
:10D2D00007FEE70E090672F670F6B4006805E1F580
:10D2E000190643F72007860A8A03B104B100170C18
:10D2F000ABFFE2F9E40BF3079BEE5AED56EEF2F3C7
:10D30000D90957078605B00181034B16EC0DC017EC
:10D31000F7FA38F6A8082DFB07FDC400F30421F640
:10D3200038F44B00F1072FFC75F9F1FB4F04F7EED1
:10D33000D7E8F1FC9302D60CA4090C03E6192A0ED7
:10D34000BFF86B05F9070619AE13BDF80F07C9F84A
:10D35000080A0B092AFA67FD3A05C1F193EF32F387
:10D360008AFBD8FE1F01E3FD5AED2E049D0D08092E
:10D370004016FA093E07130837FF6FF9A4FF8DFE28
:10D38000BAF70EFAE903E30539F9960346F620F9F0
:10D3900097F45BEC4DEC51FCAE08030286F4D5F635
:10D3A00057EFBBF915FE7FFD2B02980D3D0A730266
:10D3B0006B0C770E30F904F765FF19EE4F0F4FFA3B
:10D3C000EC051F0054F759FC6E00EEEB84FB170DC3
:10D3D00040FC65FCA9FDBDF0D9E83EED80FFB0F64C
:10D3E0006EFE020B5A0580065408E5FFD016150A9A
:10D3F000A2F2500311F0B8119BFA1F0540F26BF036
:10D400009BEEE8F34DFB87F00BEC20FB3BFB29F593
:10D41000A9F480FDA9EF35F9E4F51E0247102505B2
:10D42000580106069D14C80512F9FBFAA5FF47131B
:10D430001F0AB8FAB4FA62FA1EECF1EFFDF1E2F459
:10D440001DF3DAFAB8F9470441FD8A0AAE01DE0A93
:10D450000208C70AA500B0043B0DE603840FA5032C
:10D46000010BDDEE0FF8D0FE6AFFC8FA02091802C0
:10D47000D9E282EEAFED47FB9804C5FB5011F10AEB
:10D4800031127309EFFFD404370BE90567F5EBF7A9
:10D490002C0A8A0144FB580FDC1AF1066CF723F8BA
:10D4A0009FFEA903D802D70663F9AAE88AFF4EF9BE
:10D4B000ACFDBA0286088D008C156C03911887119B
:10D4C0002B00A9047CF832FE1B0B0CFD9A017D0D8C
:10D4D0004513A8FCE5FFDC02C3FF8EFE080292079D
:10D4E0008DE1B0F0F8F92E08EBFD5E0671FD4CFD04
:10D4F000DCF27AFA7D0BFA07C20D71034F08FFF7D1
:10D5000064F3C701D9FB0E1199159F0D8C11A30E61
:10D51000660752F54209EE0B73EBDFF79F065B14CB
:10D52000BFF4D60AE8F775FA6EF57006C91340FE27
:10D53000ACF6AEFCB3FC9E01B0FACB029805E4FC5D
:10D54000F00AFCEEFA0417FC08FF85F9BCFE94060D
:10D55000CAFDC7F3A309D805CBFCA802FFFA57FC04
:10D56000A209D80B5103ED08DD026EEF6AF490FBBF
:10D5700006EF59FF69073F11630335FB70EB280580
:10D58000A90E3DF9D9F2C5FA1804F0039209940FD7
:10D59000C7FB84F67007E2023310A117ABF652FC0A
:10D5A00047EDA9F583F44DEFA802F4F963075001A4
:10D5B0003D0D850A9EFA0C005507C20320FE5EF160
:10D5C000D00A60154F102911D60CA6FF760006155B
:10D5D000EE18BC082CECB1EC28EE68F14EF39DEE91
:10D5E000D500C20456FE080B9C16A7FC24E82BF4B9
:10D5F000EDF75706C8F509F527FD0707A2FFF70362
:10D600003E08120D95141D0F8A0F49EAF5DDCDE491
:10D61000ECF7D7F46BF8ECECCCF0C4F4D7F35D0482
:10D62000690E02F1ADEEA2FED3058902E4E5A7037F
:10D630006A0259FC9F071704DD0D2A0ACE1F5715F1
:10D64000660626E377DEFAE8C5EE91F700FC1BFCE0
:10D6500059F5A7FB020306F836043BEED9E73C0870
:10D6600051104D0020E8A0EC46076BFED207C8051C
:10D67000D5FC8D03B50465F6C7EB2CCF5DD83CF423
:10D680009E0398FC0AFFEFFEF5F7F9F5B8039DFC41
:10D690001AFF45F6D4F9FF01B900C007BCFC87F4B6
:10D6A00036FFDA0588FBE9F9F4055AFD760857ECF0
:10D6B00004F1FCE763EF8EFF3906E30367FE91FA9E
:10D6C000E701A2045405D6056B0726FB66FD14F49A
:10D6D000D3029C01F0036800AB0502F623029DF71C
:10D6E0008C051B0CA606E60850FE090469FA56FCD8
:10D6F00052FE1109D7FCA10B1611C700DE0BF4FD79
:10D7000025FDA201F0FCBD057E0125F44FED300D95
:10D710004506D00546009702BBFF4908CE05C6095D
:10D72000550EE203F400C4030F014703400602064E
:10D73000E40CAC0640FA6BF071F2460244F82103A7
:10D74000FC019C0736F26E111B09A5063E0B041363
:10D7500080FC73068212881B7E13CA16A507FD0B78
:10D7600050003CF66EFF030376F979E615ED0EFCEA
:10D77000E9ED65060308D60A44F68804A402990276
:10D7800055F90CFD8F0A62054307E6069D08CA0A93
:10D7900017165C0EEF0D7E0517F07AEF3FF8A9EF34
:10D7A0000AE522EB9004BBF12BFCD10946FB73F890
:10D7B000B7FA900660FD47FBCDEE43F3360013F059
:10D7C000CF076117830C8B06630CED09E7F5CBF6E9
:10D7D00000F154F688F301F2EFEFA1FB590687043C
:10D7E000510715F9BD037DFB13038FF8460791F62A
:10D7F00017EA73E576F48FFBA9037B0BF6F862FC5E
:10D8000091FB1FF571ECFEF771F9ABFEA3FDB0F8CB
:10D8100035FB44EE8CE714F68600A80A76FA09FC7C
:10D820000803DCFE94F7C0091FFA5206BCF932F572
:10D8300092F9D9F157F68609BD01D9FEEBFA7C06BB
:10D84000710B3BFF03EE43FCC8EFEAE057F85708C3
:10D850009F03FBF8AAFAFAF763F828029EFE100667
:10D86000DD08A70795098EFEE6017BFD5300D7FC76
:10D87000F806CAF91814A112DB08A3FF770CB3F954
:10D88000A804B9F8A5FE0DFF42FEAE0206FB67FD37
:10D8900045FB58FFCB09DB087BFDD50721F79E022E
:10D8A000A704AFF8E803FDF535FAD00958034B0893
:10D8B000EBF67C065509D207B7026FFED404ED04DF
:10D8C0006F043BFFC2FADCFAA1FCD2F530FC13096D
:10D8D0009005DD06A70AD30F320A3701F502D500FD
:10D8E000E9FDF5F45DFF0C01E807CCFE5F0AA50534
:10D8F0000A1302028D071E0AEC00420A32084AFA95
:10D9000082F70D0AA5F72FF6D0F966FF810A9A0A69
:10D91000FE1DBC2A2B29D7198F1C5B037A10320DF0
:10D920005D004BF7C2FD55F0C907B416B70C870868
:10D930004F0A01088FFC1BF879FBBE0962F236F72B
:10D9400058FFB91237174010400DC10DF915551782
:10D95000100C7A0FDAFF17098BFFA703E3FF94007F
:10D96000EBF21AF9FF085FFD07FBDEF3B80689F852
:10D9700088FC98FD0FF6B4F53B0D3016581158FE93
:10D98000630D770DCC06B6FF3404E0029A05F4FC73
:10D99000540D5802CDFD4BF739FBF2EB15FDCFF5D9
:10D9A00026F1EDEC9FF420117CF5A5F8F605C8FDF5
:10D9B000E41B8506A0033F09A3FD9000BEFB3B07C7
:10D9C000FFFE33FC37FBE20A45FE63F88D02B60624
:10D9D00083FD0905510427FF0B019FFC24038CFDE7
:10D9E0006005F610B3FE7800580B66FEF5F9690085
:10D9F000CAFC21FB4008DE07450A6F034F08EA0A0C
:10DA00004302CEFC85FA3EFA41F8030356F52F0295
:10DA1000CE02D3077DFD61FE02F72DF946FF8F018F
:10DA2000AA1B5606CDFFF7F592034AF5E8FE7103EF
:10DA30005008FF0832092107E5FF97FCC9F7FF00EE
:10DA400020F9E5FBBDF79CF5BF051A0586FC17001C
:10DA500092E4B5EB66FF75FA050E650324023BF709
:10DA6000F3F5F8FEABFE70FA19FC41FECF0FE4F9B6
:10DA7000330517F65CFC99097DF566FD7AFF0EF318
:10DA80009CEE65FCC2FE25F033EFD3F3D206B3075C
:10DA9000F203830A2000FFFAA6FF4DF3E6FF3003EE
:10DAA000530568FFCA0E51FD0D0A4C019CF160F947
:10DAB000F704A6FB20FB3BF466E165EF8DFA89EBEA
:10DAC00029EE55FFFDF319144305000678FCF8070D
:10DAD0003CF7DCF36AF215FE97022707E0FCBCF97D
:10DAE000A003FB0546025BFB40F77AF67BFE610A6A
:10DAF000C1E06FDF04F85BF6BBF4C3F45AEF1A120F
:10DB000001093A09FAF901FF1FFB1CFC5DFA31FA21
:10DB100074FE2C01C7070A0387FAE5F852F8C1FB27
:10DB200035FEA502AF02EDF7C8EEBCF51AE2F5E14D
:10DB30003F03E900F6F24BFADAFBEF083206DFF0BA
:10DB4000D2F5CE0A6BF85B02F7081E14F10BE8FA67
:10DB5000780960096B076E07C90B9A0A45031A0119
:10DB6000E10A92F5E6F387F46F03BFF9C9EB1EF201
:10DB7000100264FFF3043AF20B07CAFEC706F90568
:10DB80002508E00B070B15FD3D026F06370BA705B7
:10DB90000402090448043C04501BA015DA15AA0C21
:10DBA000D2FB9B084DF69B0016035FF73A076FFD0B
:10DBB000A3F950FF5DFDA0FB3D16031D2C09090FC5
:10DBC000530FE60BF60C99FD0B00930F170954FC4D
:10DBD000E403501A311D660B2DF28CF91D0154FF20
:10DBE00003FFE808390E75FE010801059405D9FA0E
:10DBF000BB05B8201820400B07097E02AE00600F5D
:10DC00005B062F100A0B49F72E0532105F0D5718CF
:10DC1000DD0218FF94094FFF3F1004FD4C043CFD4A
:10DC200037F9BC0A05016C0C8913DF1D7D148612BF
:10DC3000D301770A44046F0FCB0BC80253002603AD
:10DC4000E10CEB241B17B005D9F90109C2068502C6
:10DC5000DAF5F905D1F12C0899024A088809E21190
:10DC600058096F1CBA064A083E085F0BDC052D0CEC
:10DC700056FE9BFD9405A303EDFF881F920C640FD5
:10DC8000C3ED420C8E07200DE0F60AF7820900FC76
:10DC9000A60CC3FDC5FD790EF008DB09720E1DFD53
:10DCA000D0061F0B0E040C0AAF009C066707F6FB9C
:10DCB000ADF124081E03821088FC52F4D2F327FD34
:10DCC0002A080C0B2CF6B007C0F44BFF52FF950E40
:10DCD0008E097304CF0A8308100852FF610141FCCA
:10DCE0003BF485FA9310660B23F46A023B17CD0AC6
:10DCF000A9FF60F305072F0A4800BCFDA401C10B72
:10DD0000E304470ACF0E52FD52025205BB0D57FBEA
:10DD10005301E7FF870DE208040CBB0118FA0D0C54
:10DD20001F09ECFA840EC9039204240D94241F1FCA
:10DD30008904E4004DFA1809660EB8FBB9F9F0FC45
:10DD4000E801A90CDCF87E0437060BFEF7FA2FFD7C
:10DD500038FDC30369080904A7F95FF2A1FC2B0889
:10DD6000A9FDD3F8CE1D45160FF7B700CD098208DF
:10DD700008FE0C098A0D86FFDD02B6FFDEF81FFFE4
:10DD8000EDFE480AC4FFD3F5710311FB1B0B2603FC
:10DD90003E07C307ACE380045000CE074908FD1BD3
:10DDA000BDFAEAF0CDF697FA240A0100D805BAFBCD
:10DDB0001AF55C0713F8D5F99CFC03FCDF11D108B8
:10DDC00039123709FC147D058B07F50584F2ACFD8B
:10DDD000E8065D0738FCE90804011CF2C8FBC8FA34
:10DDE00056083FF112FD2AF8D3F61FF290F994037A
:10DDF000450DE1FF0506A8002E01E9088E0D7517F7
:10DE000073FBE814A7FFD9011D01D1FF49FC6EFC8B
:10DE1000BEF3B30B9C0A9B060D0890019607B9F858
:10DE2000C501B0FC55049FF317F53A03BB07390948
:10DE3000A50C25FEB6EC1DF546E2B507980137099D
:10DE40008807EF01B4FCA8F8B51A1411D316BA0567
:10DE500037F4FB030908C406450320FBEEFF50FD21
:10DE6000D3FF8CF82400CFF23EFB4C0F8C01B40C96
:10DE70009114AD0307011F01C8FC25011BFBB4026F
:10DE800014F11BEB5CF2F5F95AFED1F85AEE9BF354
:10DE9000DFF448EDA106570C64F635F968FF681207
:10DEA0001D0238FC0FF7A7F391F55C09B5FD3201AF
:10DEB00050FB110637FDDF05740AD304680551FDD8
:10DEC00074F6B2FA94008509D6FD94040A072EF779
:10DED00028FFF6FA35FF9B04F504E7F552FEB10280
:10DEE000CB04BBFA85F981FF3B0535F9C403CD00AE
:10DEF0004CFD5104C5FA4904B4FF95FFA4FC21FB75
:10DF00003E02ABFAB0029701D90DFA0D59FB8DFC18
:10DF10007A0588F76CF8ED015CFCE402E8096DFF16
:10DF20005AF7B400100A00F5A9F94D01DB06F3FF1A
:10DF30009807560AFD06B10F9D0A36F777FBE0FDFC
:10DF400087FE9FFB05008DFFE0FE68F0CFF73700EE
:10DF5000950AE0FA17FC620A08F80BFDC7081F0CC7
:10DF6000ABF99C00D401AAFC390AF3188310AB0664
:10DF7000160CD1FEF00178EF42F265F131F53EF872
:10DF800085FE61081A0678F1E3F54514150E11FBBC
:10DF9000F006A007B8FC88F10BF879FD9C05BAFEE5
:10DFA00040E69F01820945F987FE74FECFFB23FB03
:10DFB000B9F61008151019FA360848024B0BE20D95
:10DFC0007B060E0AE70F7CEF1A0679FCA20E3305DA
:10DFD0002FF2BFFA65E76EFAD4FB27FB690491FFC5
:10DFE000ABFC270317F5B10572FD140145FB4FF794
:10DFF0005C06F2165C14A51266060A13D609D7F958
:10E0000020004709F2FEFE0C72FEF8F36601A6FB43
:10E0100030FA15084B076AFAB6FCED089A0182FA45
:10E0200083F505FB2EF7FBFDA4FA20090B00EF0A90
:10E030007612391547FC9AF2C9FBBE1867FD4D04EC
:10E040008407D405ABF3B3017F08960EB900220C08
:10E050002D04BD09B70BDCF5D5FDCE007F022C10D9
:10E06000360577056815610C26066A09B5F9EDFCD9
:10E070000007960E600194071302A20766016C0662
:10E08000DC00EE03AE15DC1094052C114B1ACE14F7
:10E09000CD04AF004E0AC215E60CD40CA31ADC1A4C
:10E0A00057002009A40310182E0A6413410EFEFC29
:10E0B000610B1C0E9510DD0CE204BC0A7F05C8152F
:10E0C0003A170C1E8F1D1111CD10C308D911D70995
:10E0D000880D9EFFD1043A0B720AAD06EC016E0367
:10E0E000390508047801E20B9B11021A570BE1165F
:10E0F0009F18E4116811270AB8036A0C2FFD35F642
:10E100009DF7B3F228039FFA12F59CF0A0FEAB0036
:10E11000FDF31B014E05C207FF03EA0477FD1B0652
:10E12000BB10EB2243134D01DAFE20F26EEDD2F06C
:10E1300007E449DC13E42EE7D7F141EE42F707F399
:10E1400055E8E3F35AEDA8F925E3C800F30EF90703
:10E150000501F504300708E9560A01FF22EED8F759
:10E160008FF367E616EE53D992DDF6CA24D76FE631
:10E1700009F19CF3C7F95EFBC7F844EBD9E90DEF51
:10E1800082F21DF7D3093500ADF69311330A24F05E
:10E1900057EA8AD9BDD8B4DCC2EA2ADE80D92DD8A4
:10E1A00042E402F36E0382F087F7740142F7A2F1B2
:10E1B000EFF62EF286E249E77BED5D01C4063AFFF9
:10E1C000140B81F60B04C3DD76CD86BDAACC96D4A4
:10E1D000F8CDD4DF8AE2D6DBB1ED7FF9AA0463F88B
:10E1E000890352F06504CCF6C3F6FFFBA8FADEF40F
:10E1F0004AF54CEF0B1B0A0B440C9000B9F57DEF70
:10E2000096DB7DDDA1D760E115D812E692EBDCF15B
:10E2100007F7F503E8F97EF22CF832FCB7F6C3E90C
:10E2200099ECFAFDEAFBFDF1B30CB30E42131F0E9D
:10E23000C80670F0CCFEC1F8C7E0AEDE8FE5C7EAD5
:10E2400063F115FECAFDDB00230C6614250A7EFA75
:10E250002CFE98F28BFEE602A902BD0380F8B502FF
:10E260006B02D810DD0CB915B0FE4BF1FA01360384
:10E2700048F24CE9CBEE74EFB907040071036EF974
:10E280000A04051172011CF6F4FEF3FDC4029DFBA5
:10E29000AEF34CFF10039BF399F9DF118B10C51AF5
:10E2A000F8FBE5F9DE028A0968011902E802430376
:10E2B000190BF4F72D020B049107CC0D1D0DBC09B1
:10E2C000DAFF7B08D8003B08030313FC04FB1902A8
:10E2D000250B0D0C2007FE07D006EAF7B312E8174E
:10E2E000702029067309110B150BA300D1FF5408E8
:10E2F000FA0303189107F10CA7021C03C009C8FE1A
:10E30000E8119C082E0B06046D057008550B46019C
:10E310007006EF04051D1B228E13770C5C15EA0AAC
:10E32000001848129D104209790D5D16FC13DE1687
:10E330005100E5042911E0FF6609F9FDC7FB72FFF2
:10E340009DFCA5081A0117FC5EFEF400D6149E1B66
:10E3500047209311D90C7811D20D5C0B430F600448
:10E36000F61310139C05CB15DE01670F7B14DB0C35
:10E370009806BD00950DB209A00EE001EE106A03EB
:10E380002A02E2F6B218B612AD197713A40E3806B7
:10E39000420C0F098C03890CD0FAAFF780FFEA0911
:10E3A000C30D7A071B12D705C0F6ED067C064008A0
:10E3B000E90CF4FFD8EE16004D0250FEC507AB087D
:10E3C0003716410EEA0A70FDFD0EAF0F02004C0831
:10E3D00069FBEE06A409FC1065021B0A7A093200EB
:10E3E0005C059AF7EF0C0F1888152209E505D5068C
:10E3F00054FBA60728F8BBF7FF0852FCFFFA21F8E8
:10E400007602650D83F7FC031307E3055008C9087E
:10E41000250FBF134F1A1215E105660394030F036E
:10E42000CD256E15C006D3F762FB0901DAF550FC65
:10E43000CAEF69EB43FC550A420E82FFB8EF15F1B3
:10E44000840BDF0C87079C189E1DC01BAD0FE309D2
:10E450005406AB07730FB200C1017808CA0A6706F9
:10E46000F805B3F99E0631FE82EB3EE5F8F7BF02F0
:10E47000D90349FFECEE55F1A0003409AF0F541059
:10E48000820C18008A09E5220407C1F5ACE9DC0515
:10E49000A0076E0502FFD702D705D1FD20FFAC060D
:10E4A0005D114807190FE01739074F0C4611880E08
:10E4B00049160926451A161EE924781EDB05F0FACE
:10E4C000F9FC48EA23EF43FEFBFCC0FED103A3FEA8
:10E4D000B90293FB09079CF8E0F686F5D30315FD16
:10E4E000650634088503AF02FAFBE70B0002C60598
:10E4F00069F848027A05130191F720FA5DF6B9052B
:10E50000F703910687008A07F00450F824083EF6C6
:10E51000BF091F06A003FCFAF90486F78BFDD9009A
:10E52000180A1C0235FE6603260E8001B7082A0071
:10E53000AB0C57087D003E0AF0FB24FC35FB170AA4
:10E540008FFE1006B7FADF068B1243F98E05DD0049
:10E55000A70ED7110E0A6E05521FB40F220834F70A
:10E56000C7F8FAFC6BFC28FA840AE20F05028E0752
:10E570006108B2F87FFE3C01BCF6AC085AFAC60E40
:10E5800058F60504A2FC29FD80128F09FB0DB11974
:10E59000A60EB4167207100AAF0C60092DFBF2EA42
:10E5A000450160F36C0823FB510A930126EF9EF8A6
:10E5B000AEF67CF6780E88006BFB9EFE0405240206
:10E5C0005A0B1601590EC70C94009AFB890852FD8C
:10E5D000E1035E038D10D20CABF63AF8CCFCD9ED1A
:10E5E000C1F523E624F7B50C6DFDFC03C903580300
:10E5F000140955060CFFF1FEFC05A6001D02C9FA20
:10E600003B05C4FD8B02200B4D0B68033B0E6C05D4
:10E610005DFCDAF6430043F90FFBD5FF64FFF2F22D
:10E620006209420F1604E60815FED91D21064103B2
:10E63000C0117C0F0615BC10700B1D05F0043BFBD0
:10E6400070FEC50BFD0A9907E2022B0BB7FA36EEF6
:10E6500001FA35F382E89EFCDE0839138219020BB9
:10E66000D007B101E207A5108709E00B5B0F790F16
:10E670001719BC0D120741098C0BC508A10A0C0F14
:10E68000A7037C08620B7406DE002CF83FED09043A
:10E69000800FBD180A0B1A0A490868065FFB73064B
:10E6A000C4141111EA141D15D8107A1197114014D1
:10E6B000A900450C670E0701FC0CBE01EC0E8E088C
:10E6C000EEEFA2F337F10901BEFE060FD00B4F109B
:10E6D000C40EC3F6000929000C03ACF83AF2DCF8CA
:10E6E00034F2F5FA5A032D02810E81131914500EDB
:10E6F0000DFE49059813BE14CCE5FFF8CFF8C5F719
:10E7000016073C0C300DB30AE60590EEC1EE51F74A
:10E71000A7F7B9E234E2A4D9DFD67CEC0FF7F7F81B
:10E72000B403240536039103D0107B05650E88FAE7
:10E730004BEA6FF20FFD77F9060DA60EFB06630894
:10E740007CF3C8DDEEEE38DA88D4D1DC49D55AE660
:10E75000C3EFCFF7A700DEF203FA01FD76F9FFFB66
:10E76000A20246087B0E2D017BFBBDFBB2F385FCAC
:10E770000AFFD8F8BDF9A5FAECDC7DE0A2D6BAD440
:10E78000E7D6F5DB5EF5A8014706EDF7A3FFCEF16E
:10E79000DEFFB5EC58FEB6EF08FC440C8707DFF847
:10E7A000B6FE1D13C7FF26FB390080F6E8084FEFC1
:10E7B00035D58BC944E936E7BCED2A026103E00494
:10E7C000D60A950491F3DCFB41F7E1FE63EE66F1B6
:10E7D0003BF94DFBF5FBECE89D040E0D9FFB45EE70
:10E7E00085FCEF0805FEF0EB79EC9DF484FAFA0560
:10E7F000700ABA0F8A0FF712C90871F8BC03AEEE9F
:10E800001BF89D022F017BF20003CF09500152FC3F
:10E810008D00F0033E01CDEEAAF887002807C0FC6A
:10E8200097FBB80EEF0FEF167C12FC0F091016FBCA
:10E83000ACF60A011EF9340225FB2EFAD1F8F3F5E5
:10E840008BFC670E53FCDC0A430822F5CBFFED146A
:10E85000B908FEFC5D072D07EA15D111F1FF5E1B1B
:10E86000260A0915E60771EFEFFE84013EF67108EE
:10E87000B2FE0F0A25FEC9F9E0F7B8FF88FD970C34
:10E88000A208880BE40381FEAA06F9106A114A0E59
:10E890006914F60AE5043808C705BA064EFBA8F85D
:10E8A00026F4C70029F153FE69F8390062FD2202FF
:10E8B000DE043CFB6001E201191291FF72041C04AA
:10E8C0003109F618DC0F6E096201D7F655FC6EFAB5
:10E8D00055086CFABFF84EEE7BFB53EE26F938FD77
:10E8E000250BC5FDE2FC46F2C2F619FA0907B90A82
:10E8F000DCF90E0AA511A30BBF07690C7E0810FFF7
:10E900005EFB8705DAF3DC07F7075AF520F837EFE7
:10E9100089F8320693071707FEFA590621FE38EEEA
:10E920005EF4AA0240FDC1FAFDF52BFCEE0CDA0103
:10E93000BEFCE708DAFA0D0431FBF0F20FFF6BFCC6
:10E940003705460286FF3E0474F9F1FFE5013C02FB
:10E9500054F389FD77FB00FA75FB1302CDF774F5CC
:10E960004C00BAEE3D0CC0FC72F9E3052B0AE10C39
:10E9700068FDEDF79100110664FCB6F2D7F1E3FFF4
:10E9800088FC380188F7C1FBE60684FBA6FA8A09F1
:10E990002505CDF0EBF844FB06F66304740027F67A
:10E9A00096F587023702B6F8BAFDA30C92080A065C
:10E9B0005800E0FE12FC05088AFA4F057802920022
:10E9C000D201A30DE80EB80560F5DEFC4BF86F052B
:10E9D000BBECF8FE9107BB045DF71F005809F70078
:10E9E0008301530BA41326080704F4044807DE022E
:10E9F000E303E703DD004C0189003706810587F258
:10EA000057FBFBF235FB75FE95E623F8A3044BFF9D
:10EA1000EA08E8FED01A330EB51C6011E709100EA3
:10EA2000B507EF04D8FFDF0423FBDA0584061B02D9
:10EA3000500BAB02CFEC8BF5AFEF32FEA7F643F9EC
:10EA4000E5FEA2F7E1FA40FC0D05C7F7E902BBF9C4
:10EA50007B04FFF7CCFCCA15701099073510270806
:10EA60004E0990068305010BF2169A06E40358F549
:10EA70009EECE2ECABF573FD9DFF1CF31604A708BA
:10EA8000840A4001A5FBA8F3E3EFF0E795F0B50990
:10EA9000570BFB0C6A07E30756F85F01AE0EF3163F
:10EAA0007419040D7302260174F988F17102B1FC26
:10EAB0000DFDF70BB10153F9E7F5EE04E509CAFDC9
:10EAC0005BFC56FE7BFB7A042A06AFF85300650612
:10EAD000F903E3FE370897033809381030026B0555
:10EAE0009700FDF892063CFCDA0688FEB408450063
:10EAF00074005AFBA3F71B0A83FD1000EBFE8A0289
:10EB00000705630659069FFF0709C405ADFA5D00B6
:10EB1000F4FF88F8B7FA8D031402C9067102CFF921
:10EB20005BFA4CFDB6FE4EFDF2FBA60401FCEAFFCB
:10EB30001A0997FE2D0327F66EEF06F650F875F9C1
:10EB4000BCFBB4F98EF76702CBF22C00D7039FF61B
:10EB5000F9FB48FBBBFD07F64D0067062DF681F972
:10EB6000FD051F08EB0385FC4205EEFD8CFEC4F39A
:10EB700071FF4DEBE2EE2901ECF94AF521FFD3F8E4
:10EB800005FE27086208BD18D213840602FECBF5E5
:10EB90006F04D503A208F50376FD1407D308C5FA60
:10EBA000F4FE6101B70604EE7EF961FACAFB77F75D
:10EBB0006CF80CE84EF1CCFC1B009D09C508C8059B
:10EBC000C415F81AD503DCF1D1F598EA37F83FFE01
:10EBD000EC0420FF94052811D616D6080EF70AF784
:10EBE0007DFB4706140A16FC930B590991ED030AA5
:10EBF00009004B048404EFFEC3F2DE0B6B01E0FF5F
:10EC0000CC06501A7B036901800480FA5E068B14DF
:10EC1000BEFC700EF6FE1908E4113201250A070544
:10EC2000850B39F9DC016EF46B056FFEB9F718FE40
:10EC30006AFBF6FB1109F10DF50AB41C41035B04F4
:10EC400009F6C407640CD5FE400426199B0BAB06DD
:10EC5000EDFD5D0BA1023902E203B4F3E1012EEFF9
:10EC6000C4F9DAFF7D092DFDDBFF0FF9CD030D0798
:10EC70009913FE1D84192104E3FD6D19BB1797FA42
:10EC800008158F19BE0927043CFB42F7F106C9FCA1
:10EC90009EFC8EFA0FF7D7F4A8F410005809A706C7
:10ECA0002F099402CB027813911FCE1D4625AC0389
:10ECB000C3FED40AA31ED7018508C307830045FD00
:10ECC000FCFC78FA1AF371FDFFFC8DF220FEC3F60E
:10ECD000FFFCA20AA202D308590FD8068810CC1054
:10ECE000122266134915D90619FA630C7F1D9F0479
:10ECF0003A0C4905E8FB3FF38AF876FB78F3C4F455
:10ED000098F408FF96F28BF7ECECE6F9A3F7A4046D
:10ED10000DFF8B05D408D90848067116BB06F30908
:10ED20008805FFFDCC1A0208B600F3E8DFF018F200
:10ED300089F7F4F20AF689FE070C22FFC5ED37F3D6
:10ED400018EDC2EEC5E979E8A5FCB0F831F81CF57C
:10ED5000B5FE8B082610F60A63F6810602121B0622
:10ED600059F539EF65EB3AF274F7E7017E030C00D1
:10ED7000B7025809CDEE88F576EF6CF8BEECCFE619
:10ED8000BDF5BDE35AE484EFEADF9C09EB03080418
:10ED9000DAFEC7027D0A42FC49F0EDF72901DAFAF2
:10EDA0006E0036041C0DDD0E9917D903390ED1F80B
:10EDB00050F826FF82F861E970EC6BEAE4F23DE27C
:10EDC00055F507E99EE77602F4FDBF04170612FB2E
:10EDD00019FF990E05109A0B800BE4036418610C5F
:10EDE000410EBC05BF1165FEE2F9F00F91FA5FFC20
:10EDF000790045F616F56E0173F284DCB6DEA901E2
:10EE00006808830507FAE30AD11B0D1DB517450DE8
:10EE1000EE1204105D145B070209D6029408D808AC
:10EE20000C0B78FFA9049BFFD506FB0374001100AF
:10EE30005E0D55E255E8E201600BE802CF1560096E
:10EE4000450BE217B411D105740C921EB1147D0B61
:10EE5000B90F520FDE03AC0C60072001440F2905E7
:10EE60005206D50BA4014C12C60D36E85A07D6F847
:10EE7000C0FD5402B504A000C70425F92CF92EFFEB
:10EE80004506790A9414C2115910D50E510CD111AE
:10EE900046FCA909E5065707A8F59BF820022FFCB8
:10EEA0006DF8C4EA0BE7D605BEF8E9FB5007BFFDD5
:10EEB000A2F7A3E41DE7B5E236E1BEF2BCEEC0F76F
:10EEC000D0E936F26CF0DA0180065008EE0A75F8E7
:10EED00083FCB4FDCC0122F9F4FDF1F273F0CA0019
:10EEE000F9F72101680997FC0CF5C7DE47D84ED128
:10EEF0008EC2F9C946CB4DCF50D372D578F5FAEE14
:10EF0000DBF55AFE1CF616FFC7F863F6E4F7510668
:10EF1000EFF852F97FFC7604F90750F96E07B91043
:10EF2000A8E8E2CDBDCD42CE65C492C311D3CAE0FC
:10EF30009AD26DE2C1F32DFD8708EEF97FFC7FECDC
:10EF4000A0F79404810422F7530512EAC4FF62017A
:10EF5000E60764045D0C8C0896F735E47ADC62ED14
:10EF6000CEF95BE3EDF671E772F809F8D70176FDAB
:10EF7000A80017FDE2098DF30608D1F996F62B08D3
:10EF80006C008BFAC30E5C0B6203200DD4FCE215FF
:10EF9000E5143BF63002F2005A060B0CDA07C80BF8
:10EFA000F313A40F8E0B1EFAA4FE3B02140969068C
:10EFB000D5FAFEF8D2F9B100F40161027302B00192
:10EFC00033FFC1020D037B0CA81CC00E2D06B70A2F
:10EFD0004A0B1507551670114115A004BC0B02050C
:10EFE0004EF67E001D08800636FE52024E07FDFCDE
:10EFF0005E053C03A317E1F77E006DF9F306521995
:10F00000D02C93201A13721F8710FA10D3179F1455
:10F0100011117F002811B008D4F6BCFA46FA120884
:10F020003C02DB029EFDF502AF0568FF120A3609BD
:10F030005BFF42F8FEF53C1BAD235814201EB9229D
:10F04000E80856174813750D4907E307CD0F06FF6B
:10F05000CE087C0E6D10B7FFA10A1D0991107D0F1F
:10F06000DA0A7AFD2A0352FA8CFA95F9080EBA08E0
:10F07000F9173E10910D93027B17920E320263FE38
:10F0800035070BFC7CFB4200A20A7DF6DDF9400946
:10F09000360A5E0DE70D2D0FC00519F7F4086F094C
:10F0A0002E041B0A70F888018FEC87F2F0E1A8E9C2
:10F0B00078DDECE777E2EDE31CEA7CE34ED9EFF88C
:10F0C00067F7DAE5FAEA47EC29F523F500F5FFEFF3
:10F0D00062FFB1FA2FFA1901D102C9FEE905EDFF6D
:10F0E000DEFE8EFBA3F9FDFAE0F35DFB4CFCDCFEDB
:10F0F0004FF6C9F443EB52FD75EF1EEAAFFBBAEFD2
:10F1000071FAA10108F0590198FE420A660AFCFA58
:10F110001B09850571083BFF5C010504720A71FE3D
:10F120009A076406A0FA08FCD8FF1FF93CFB0BF70E
:10F1300079FE4401B6FD280A670802FF9BFDEBF744
:10F140002F0985FA6C007E01C2068F058105C3F682
:10F150000909A900A4EDC8F90AF7EEF267F53BEF3B
:10F1600002F657F10702B4F7370219EFD7F6F5F2B6
:10F1700093F5F1F72FF5DEEE86F7E7F50E05D9FDED
:10F18000AB0225034806B8EC45EA520813F952F2DF
:10F190001BF6641259FD7DFD8001C8092209700427
:10F1A000AFFCB5FDA0F106EA63E7B2F464F4F3E561
:10F1B000220B1D079A00D1F710037AF581EE9AEE23
:10F1C0006603E9F8B8F018FD13FC0201350295104A
:10F1D000A5FA3C0717053D039BFAC2F1AFF3EDF129
:10F1E00073FDC2099D06880574F1BAFA9DFE07FDFC
:10F1F0006E09D707A4F628FF35F3A7FBA009860AF6
:10F2000044075304EE019707EF03BB04EC136CFDB6
:10F210003C0D361254FB3E03070D10FDFA0249184F
:10F22000681E32014AFC81F271FE2D0672FF34061F
:10F23000B908F906DEFA84F8ACF335FC77F63FF44A
:10F2400004056BFF4B013006430C7B088F033D0721
:10F25000CD08FA08F208C30EF4193E1E260010F677
:10F260006B08BFF7DF0A84F790091C02A0F562FB68
:10F27000EEEBA7E9A6EDEFFD31FB87EBCCEF6BFFE3
:10F2800018F7ECFDA5F7A1ED3EEFDCF6E1F89507E8
:10F290009BFAA805A20B3FF783FF49F8280E4FFB06
:10F2A000B5F7F3EED8EC26F626F6B7F0A602A5FBE6
:10F2B00000FA1CF8CAFAFCFD90F044EF9FEF7EFEC6
:10F2C00003F6C6F13CFD86F767F8D7003C0527FC3E
:10F2D000A307AAF3DD00C0F506F4FDFFABF859F370
:10F2E0004FF258F86A0C28FD99F604F424EDE7F87B
:10F2F000FDFCB802C9F2B6F058FF34F979FE5701A7
:10F3000098FEFB01C6047F093804ABE1770FB8F71C
:10F31000DDED41FDD3ED5903EBF402FD0405F403EB
:10F3200025F2A3ED12F105F7FEFDF0F82604D80250
:10F33000A303AB060CFBE30394FE6BF787F40CF11D
:10F3400041FFEBF3E4F3C8F46405A20E0EFF18F6D8
:10F350004C01CDFEF7F517FB72041DEE15ECA90369
:10F36000DC02FF05BB0049052BFBF1FDC6FAC1ED30
:10F37000D5FF31F4BBF680FAE7FDCC0048FBB5FFC2
:10F3800065FFFDFE6A06CBF8A102A30BA2066B0087
:10F390006A00CEED28EA55F1A5F687F443F76B082D
:10F3A0004AEEAAEB1BF295F93FF94A05B00D2AF097
:10F3B000F3F92300FC01EC076B05D00A97FE2B083C
:10F3C000C7FD5603DB03A406EC08EDFAC0ED26F2F8
:10F3D000B0043EF13504ED063402E4F903F5A5EF7F
:10F3E000FD0C2D0298FED5FC91042105A3F954FCD7
:10F3F0005AEFC00306042B05DEFFB610C202361C0E
:10F4000042163307DD00E7FADC080500F7053B028A
:10F41000D30079F26E011606220A290B6012201819
:10F420002BF7FF065DF3A3EF1603DD05C618CB0D22
:10F43000C104420871095705710BA0120F101C126C
:10F44000890D9804EB000FF8E8F100F7D60090FD65
:10F450005D022D156F1F8111AAF9330444000109C3
:10F460002D0869FF95039D094707E8106BFA6000B6
:10F470003D09B80B0818760AD410E105D0FAA3FDAF
:10F4800031ED5000F105CCF61E0A9F126D1CFF11E4
:10F490009E0096FAC70502132DFD2B02CC03E9034B
:10F4A000C0FC06FCBAF337F2F10B7D0DB811A718BA
:10F4B000D017F513E2FD44F513FD030DAB0B550812
:10F4C000320651199214EA10D0F5DCF81707380902
:10F4D0003F0635FB49109B0A4101B3F160F356F832
:10F4E00098FFCD18E212BC046911B4090D135CFA3F
:10F4F000A20B220C7A0BB6F9D0F58109CF15D4FDF9
:10F50000A8F019FBA1F732079611B4102F1390F64B
:10F51000A9F99BEEC7EA39FD83131A0DB90E980EAF
:10F5200078152E0A5106470A500846FE22FA9E0E0A
:10F53000850B100BD900A20CB605C5F603F2450DDC
:10F540007BFDA402D7FD73ED19EB37F7FFF8060436
:10F55000C807D516C50F3C06C90F430C9D13E6FE20
:10F56000B5FA3606EF0C500D01FEA3F8C80CF10CED
:10F570001EFEE3F7A708480D7AF911FF01F686FD94
:10F58000EEF2C3EDBC0351159316230423FC1F02B6
:10F59000DF08EC04C80D950545106B02EFF6C9FBBA
:10F5A000C6FBE2F1B1FE2AFC7603AD0CA8F9FA0F16
:10F5B000D90E0B05C0F7CDF14FFEBD0150FB290F51
:10F5C000AF02CAFFBAF716FE26F48E0E240A041400
:10F5D0007B0B1D0F6007D1078DF657F3660F3506BD
:10F5E000590582FA0B0F470481116702DFFEE4011F
:10F5F00011ED43FD910870FBCF005EEEEFED2FF7AC
:10F600008E0333F543045114A4FEDC013508FB00DE
:10F61000BE0184ECF8ECA9F790FA7005B3FB4FFF3C
:10F62000A903140239F79DE993F401E8A8F2BCF3A9
:10F6300055F97EF4290044FCF1FB81F80C07230204
:10F6400061063B05DD00B0FEFCF323F374F582FA9E
:10F650001F02A7058F0104FA8B0463FB43E588E0D2
:10F660008AE0F2E8D4E2E9F3DBF869E97DFA0EFE1C
:10F670001BF21DEF15F15207E9F24CFF8B01DDF390
:10F6800086F22A02F009E7F5CE07B1FBCEF321F2AC
:10F6900082F34FF012E14EEC6EE9F8DFE5E265EB44
:10F6A000E5F237ECDFED0FF3B5FFB4E69DF5FFE5CE
:10F6B00078EAA9F936FD62F8A908BE051C047B00AA
:10F6C000CBFEB807C5FD8F05FCEE28ED75EF1FEFEB
:10F6D00068E000E094E0A1E801F273DFFDDE64EA97
:10F6E0000BDF32E128D342DAA0E305F24EE14EFB14
:10F6F000DDF46D06CEF9830679F96E064BF62CF82B
:10F700002E07C007AFF47EF34DF0EDF3DAF117F7F3
:10F7100096EC76ED1ADE63F5B1EA3AE33DF1FFF9D6
:10F720009EF285F710F80E0610F95EF6C8FED003BB
:10F7300040FFCD07610AF1FBBAFBB205E102F0FF21
:10F74000EF02DBFF4D0A06012C0A700E40F7E5F6CA
:10F750002D0922F80FF69D03E00724070508E808A5
:10F76000FBFEB403490794F841061D0008FFD1FFD2
:10F7700079F8AC0485FD0303B10BB20A300B86FFA8
:10F780000814CD08A10E3002F00644FE450B3908DE
:10F790003C0A8A0D270E4302C2FD10F8D004D5039F
:10F7A000420A4CFA7601E5FF020DBB08F10DCF04C9
:10F7B000390311EE6CE94BF594026E1686151F0B9A
:10F7C000580310073FF4D107A3F6CEF9A010ACFD03
:10F7D000C00928FAA4F9EBFC88FC32FC0F052600CE
:10F7E000CEF652011EFA08FEB0E66FE4B9E791F3D7
:10F7F0009D062907891B6A01CDFB69F60CF8FFF20B
:10F80000C8FE8FEF57F972F8D20201F2C4EB24FD63
:10F81000FCF9ED09BCFFD0F515023FF0BCDFCDE9E6
:10F82000CAD857DDF8E827FFF0080917F41054F993
:10F830004DFF78FBBDF105FA8FF4130247037A0FF1
:10F84000BCF472F769F094F31F07E6FBB0F4B4F16F
:10F850007AE881DF28D840D66DD7BBD70DF6CD0B1F
:10F86000A11EA50B090BF60FF1E8A9E786F2E3FB51
:10F87000D4FAC7F9CE03D8144EFD07F7EAF549EBE1
:10F88000A5090E0400F4B5F9FFE72CE3DCCDD4CED6
:10F8900062DB90E273FA740F0816F8193B1A7CFCCD
:10F8A00072DB7AE482DEE9EB47EF9AEF1FFE650137
:10F8B000100276F14DFF52EC73F92E07F2F012FEB2
:10F8C000C7F175E163D297DAC3D28BE528FF2D101B
:10F8D000E3120623121B62ED15E138E700F669F525
:10F8E000A6FC2FFF4BFE020ED0060E087BFF7EE724
:10F8F000371AF8F4D9FD01FB95E27DE08FE9D0F2EB
:10F90000D9E07EEA5BFBCCFDEA1BE221830BBE0063
:10F91000DBD9B9EE0CEA1C00F3F39CFAF8FE0C03F9
:10F92000D1FFB70B680070FB16FE060C60EE6EF19F
:10F930009BEA3CE728EFE0F07AEA7CDDB8EB5E0C6E
:10F9400083156A1BC018EEEECFD7B7EFE7FD50F96D
:10F95000840A510358FCC401360B7BFF3AF2B8FD10
:10F960002C0FA2FBD4F5EEE8B4EED1DD63E118FB79
:10F9700064F18EEA85E77304DB1BDF24AC0B25F012
:10F98000E9E8D3EBF30097015B06D209E4FED2FA73
:10F9900076F7ACF866E99EFA1D04FA067CE67AF181
:10F9A000B8F4BBEB3AF199F674E9AAEECA096A1DFC
:10F9B000CD1CE21003E4F7EDE2F00403F8FB3A0992
:10F9C000C2FAC1FD8DF29BF2B2E328E570E7E8FFD1
:10F9D000EAFBEEFC9FE6AE04E6F3B4EAEFF60D02B6
:10F9E00004F788098911BA18C025DC0BF0EFA7E9E4
:10F9F0007AECB4F78D0B6CF449F673FB740BAC091D
:10FA000022E841DBB8EBBD01210191F9BE012CFDDB
:10FA1000F2E68DEE26F286049B0A3E0FB11AFE1E18
:10FA20007E0C3EF30DEE6DF5B5F859018F09CAF85D
:10FA3000F2FEE600E901CE0932EB1CF4EFF74BFDD4
:10FA4000FF009C01D4FBF8FC03E9B4F2F7FAFE08CE
:10FA5000AB0EA718F2194B0140F851F6B7F7D7EFE4
:10FA600017FF9C05C8FC6F01BB04A2031C0B82138B
:10FA7000D0F9D8F40FE8FDEFD6062FFD6217AD0BD5
:10FA80000FF128EA3004C5130F0CFE121503C0FA5B
:10FA90006AF3A5EFF5FA7DF0A4FFE0F9EC0B87FF20
:10FAA000C3F3C2FA2B00D708C8EF2AFA72E04CFE63
:10FAB000EC0013041C01740B7E00E90198F4E604C9
:10FAC000CC163801E803ABFD64FACDF600029104D0
:10FAD00048007F015D01B911080937F59EF92AFE3A
:10FAE00064EAC7E0A6E89AF6750784098C10D30388
:10FAF000F30910FB9106E1085810B2FF630190F979
:10FB0000E7F4E6FDF40ADB026DFC760A550EF10D12
:10FB1000F00134FF5A06D1018DF045E96EDF78EB34
:10FB2000CBF2930751FCAC11AC0931F72E009D06C6
:10FB300098FF18FEEFF598F82DFFB6045E086609E9
:10FB4000FF084AFEE706630EE30EB2098DF806EFE2
:10FB500026F377E52FF52FF13F070402AC08951740
:10FB60006412A8FA6AFFE407A0FDD608D6F523FFC1
:10FB7000FD011701CC026D00E209EDF85EFD69029E
:10FB800001077BF089E82FEF41F402E01AE338EF38
:10FB9000BDFF00FDC1007AFEA00147FE93F9B2FB54
:10FBA00092F2200BA803030725029A0176FF8F012A
:10FBB000E10641015AFF4D07E1F643FD68F4A5EF68
:10FBC00027ED92DDDBF16C00ECF914FA3AFC640DE0
:10FBD00065FDCBF128FEA5EBAD009DF863FBDE0AC9
:10FBE00043060503FD01990A4BFA71FD69094D07AA
:10FBF000CC0BF9F161F16AF1DCF47CFB7807420986
:10FC0000A30021FF4BFDB9FDA3F6FBF2B3FD13F2F8
:10FC10001DFBE3F2F60877013E07EBF85FFBC61128
:10FC2000FF096FFDA301E60EC9FA5CF97BFBD0F773
:10FC3000A9F5FBFED00F39F899F73F01DB02F00878
:10FC4000ECFCD9F630FF91074F09D80E9108920BC2
:10FC500062FDD808BD09000D53F84DFD12FD17FDDA
:10FC60002F0742FE11F2CDE80FECD4F5C20662096F
:10FC700044FD69FAFFF62200CF054410A1053100CA
:10FC8000A302F003410155FA95FF710014F36EFAD7
:10FC9000F70026F741F723F340F54C05C1FC430874
:10FCA0007FFAE5FDA8FECD012BFC040962F5600397
:10FCB00050010EEC62EE1FF7490069F9DCFE1DFEF3
:10FCC0006EE6B4ED17EC65E482DD41E1A9EEDDE31B
:10FCD000C7D4D3F9F1027C001105E0FDD70424F765
:10FCE000E4FB59F6AAF6F1FEDAF747F7ECE339DF61
:10FCF00073E32BEE13E4F8EEB0EE07F294D90EFDA9
:10FD000093F4BBE742E44DFF31ED33F9FE0575F4A2
:10FD1000B5FFE3FB95F5DB09E1F7B407B404530A3B
:10FD200034F97EFBE1F7E3EF15EB84EDD2E228E74F
:10FD300094E847FA7CEC0BE938F41BFC44EF4AF0FA
:10FD4000B200080CEF0BA0037008AA024FF877FF6F
:10FD500035FC58FD88F56D00DA036AF6A4F76EFEEF
:10FD60002D056EFE7305BAF75F0A390674FCDAFCDE
:10FD70003E0549F9D8FCF2FDBEFC2F081B0820FC0B
:10FD800098035F0026FB010A5BF6AFF5BDFE1DFF81
:10FD90001CFA91FE9CF93BFA960BC90F4B0A81F8AD
:10FDA00029F39B05120E0E0060ED5AF93209F00698
:10FDB000080C1512F80318FA76F90801270227FD36
:10FDC0009303D000360AD2EFA6FA1AFF03FA1FF9FE
:10FDD00017FE52EC00F32DF2F60175FF0503A207A2
:10FDE0001DFD4C0DA80EAB1707003201420D55FB4F
:10FDF00051F4CA0693FE4FFC4304BF039DF55AFA23
:10FE0000DD0E3A0C4C02820B7D0E6FF774FB4AFB41
:10FE1000DC0185FAE70B1510ACFF2114870A2C20B2
:10FE2000CF19AF158802A4FFB6066009BC025E06B2
:10FE300036FC84FC38F7A2169DFE45F142F8C4FB5F
:10FE40004EEDA5FA81FF4D00DF0125FA8D0208066F
:10FE500014FE88FD3C024D0AB41606251902E8136B
:10FE60003214960EEA09DF040305B3F5AEF2F3F699
:10FE700036F3640224FFEF0645010B07ACF958F78F
:10FE800006031B0061F94FF7810755027107D4097A
:10FE9000E40892047103D411A012F0F3DD0CE30E18
:10FEA00009FDACFF6E07F607B8F32F0AB3F19CFF0C
:10FEB0002508A3F54002C7016D02E4F475ED46F98B
:10FEC000C4FC57030B0B57145314C404DB077514FD
:10FED000551C6C04311348F983FEF5132C0971FA93
:10FEE00055F36DFEB9FC43FFB607B8FAC70D390AE2
:10FEF0005B05EDF76B0681FE55F3DAFE6501260D15
:10FF0000490748F86D023A0A180538FD861479F851
:10FF100033F021071603C1073BF8BE05C9FF4F00A8
:10FF2000D20A1AF787FE5D01AE041105A4F6660237
:10FF3000750084FCA4011903C6FE2EFE55044B086F
:10FF400030218A20DA05BEF71A071D1A5A067302F5
:10FF5000E4F44EEFA9FF9D045DFBDAF76204621141
:10FF60007B11F5FAB0FBE4F41A0992FE01FD6C096D
:10FF7000CAF66C053C10BB05B6185C203104F303CF
:10FF8000B1094808DE0039FE68F12EF337F12BF590
:10FF90006DFAF80246F79904250AE60C960D7906E3
:10FFA000AE0EE5073B09CCFBDE086AF12FF9E2EF64
:10FFB0001A116C148B0458FBE5016EFF9916C5FCF1
:10FFC000830147F003F18DF097F9D8F5F30D67FF42
:10FFD000060DEE0F2810AA11E211190C1E097C0261
:10FFE000A7ED27EA93E0BADFE2DBBCF4CC098C048E
:10FFF00073054305B905700B28F4AE03E1EFB403B4
:020000024000BC
:100000000FF14CECA4074E10CD0BCBFBAAFF471908
:100010004E07F4F8790ADFEB5EF804EC57E2A6DD50
:100020002ED669E7CAFDD0FD64005E0B780EC7F7D7
:10003000A90484010BF918F76FF12EF9E7070A08F4
:10004000DE0049F8350131FC140074F9A6F50C0303
:10005000DE05D3FE6CF1E2DE1BE132F0B6EF19FCF7
:100060005804CB0D360BA60AC5098805F401B8F86B
:100070003500F8FD3F005FF8CDF997EC23FDF4FA69
:100080004503B307F1F87FF751088B061C056DE9AE
:10009000E9F9C2ED35EC75F084FC01FD1105720142
:1000A000610BD609F103E3F67C01B3F23BFDAFFB34
:1000B000C6F064E71FE96DFBFEFFBEFF8D0567FD1F
:1000C0006E0C1E022B0C590177EEC8EC87E61EEB76
:1000D00044FD800898F911F52005E004E1002B09A2
:1000E0001E09F5F712F481FA6FFD91FCC1F1B4F429
:1000F0003FF145027F0C140723004BF5AAF921FBC1
:10010000A0F955EAB8EE3CF5CDFFE00DAFFEEC03EB
:10011000930C9B0AD0088D05760850FDC6034EF55A
:100120008CFC6301B9F5CF0196004810280ACB0377
:10013000A40587F160EA96FB3CFE70E182F19FE541
:100140000606F3FD1010F0FC9CFE6608E0045E0756
:10015000BC14AA139BF7E10B48FD6507AE00230E04
:100160004A031E121307FC0D6005EEFA50F55CF60B
:10017000CCEAB2E67506D801D5033D08150A880712
:1001800023F5A8085A05470DB515DEFE9EFE48F773
:100190002DFBFAFE29076C05330E7D086C123E001C
:1001A000BEF851F001E706E906F635E6BFF0CDFAF4
:1001B00033F747FE2DFFF1FC6AF890FD7BF03BF42E
:1001C000D70455FB59FBD8F0D1F7ACFC7508EC0609
:1001D000300C5D163A0601F915FA9CE52EE244E46E
:1001E0008FEF11E661F52C0844012CF6D0E6E6E32A
:1001F000FDF270F86CE427F99D05ACFF3AF8900227
:100200000809080311005C0BBA08400711050DF23C
:10021000B2F3E4F65BE555E421EEEFE7E9F07303B2
:1002200097F6A90181FCECF134E91BDE6CD933E6C9
:10023000CEE8D3EE85F9FFF9390405025DFFA10090
:100240007E16750F23F901F257EB87E9D7FB44E4DB
:10025000C7EC62F97DEC60F73F0A98056902540427
:100260004B0313EEEAEA1AED1EE22FF2D201010669
:10027000C7FBD3047009F7FDF408EEEF71F137EE18
:10028000A7E988E9C3E0C8E42FF30CF6B2F50E063F
:1002900051FD5206AD0436139A0D2B0B7707ABFFB9
:1002A000B0FB0D026EF9C404EC077401E0087004A1
:1002B000310DF1F73BEA26E2E5EFA2F078EBDDF154
:1002C000A6F9C2EDA4F84908530612FE40F3E6125F
:1002D0000C192A05280F870C0318A321C30FEA2045
:1002E0007B1253101E0FC20B7E00660269F80AFAD9
:1002F00045F4B8F85613CD067B066BF4E204090406
:1003000026FB7CFE4E0957FD00F0CDF554FC4E0750
:10031000EE119505720A450F2E0A2F0A4AFF9C0915
:1003200051097D0C7C118107080B020C6EFFC2FE87
:100330004B043D08BC06F1F84C015C005C0A28F94E
:10034000FA04380893FF0E020407250A8D0D450AAA
:100350007300A609B700A4F5A5FE4212D50D22062A
:10036000B4F8AD016B0358016C0825FDF604490390
:100370001CF6D6FF77016F0AFBFCCDF589FDD1068F
:10038000FC022A0522F9F800DB0308009A0050F964
:10039000E6054F0A3A06F9FB08FA400A86F7B1006B
:1003A0008A0246053FFE8A014603E6FB45F97000D6
:1003B000BE06F605D7FC15FE07F5A704C0FD08F933
:1003C0000FFEEDFA6AF00EF7EDE3B5EC9BEF70F976
:1003D00013FDACFC20FA8EF47B0AB3FF6801B1FB7D
:1003E0003D0844FA74053F0435FD7F078DF662F53C
:1003F0006DFB8EE60DF7FFFB3CEC8BF771F0A7EE83
:1004000045EB39F45CEA0EF559FEB4EC7CF831F4B6
:10041000F4F944F4D6080DF947FA8FFA9E0D6CFDF5
:1004200071FF36E854F8390081E981E959E9F7E6C6
:100430005DE159E6E4D9BFD9A7D056D757E532F3E5
:10044000FEF4EAE86BF93BFBD9EFF4FBB3F7830466
:10045000C5F9DA0601078F045AF6EDF539F902FFFE
:100460007AE2B4ED60EA07FCAFF2ABF05BE2BFE327
:1004700074F73CEEB6F78F09A3FB73FC53FEC9F883
:100480000BF3EFEAD1F950F9F4FECCFB5F0BD5FB8F
:10049000B70930095B01CFF997F625FB5BEF2FF821
:1004A000FB002EF0FBF5660337F117FEB10214F7DF
:1004B0000401FBF9F6FCDBEFD5F485F9B1F183F02B
:1004C000C506EBEB3DFA9C0683F861F727053C096E
:1004D000E309AB0081EFFBFF71031D05E3FCEA05B7
:1004E0001B0652FCE1F966ED070112FD48F8F0E742
:1004F00002E11CF5E9EE39FDCAF7B0E6EDFC700744
:100500000BFC4EFB67F935F5D9026EF9B0FAE3F949
:10051000CFFE63F951F503FEED09CC0BDA02E8FEDC
:10052000A60C550558F8F7FFF5F692E707FD35F2EA
:100530005FF88EE71A042C0DD406C20A3E01AD0402
:10054000780A00F6E207DE005FED7EF21E03F50199
:10055000AE0873045111E3F802FC4FFA3AF666F361
:10056000A6FA86F6BBFEA4F884F004FD9CF9880385
:100570001D00D9FDE304B40471FB740956FE08F7AD
:1005800029F246FACB05D21D820E690C160BB4F780
:1005900044EB31EA8BFAACFEBF017EF6FA067D1120
:1005A000B2F153FC7903F4EC9F043B0173EC640556
:1005B00045FB46059A054FFD79F74303FD011D1ED6
:1005C000D00D04138209ACF68AE954F9BBF061FE40
:1005D0001FF182EF11F8E00F3FF93AF710FB1DF819
:1005E0004FF796FBBC0166FE6C0A470032FF93078B
:1005F00073FA10FEBD169609051836149F064BFDBA
:10060000D0F679FAE5F3E9E187E6F1F41A00D8FECD
:100610009902A200530B1A0F550D2501060D410832
:100620007C12C00B8AFB35FE47FE71066414D81994
:10063000C319F0092A0F3B061D06CDFA1CE7D1E1CC
:10064000C7EE5EEBC3E858F9AEFC5403B7F3750D83
:100650006E0E4AF4B2FB2A0E1C07030B040B830C2C
:1006600054F6B1F9D6031710CA18691419FB2A00F9
:1006700057F9F4E846E975E539F586F5A3E93AFC5A
:100680001D028508D2EE060D82073CEF56F0A50547
:10069000EB08FF0DECFF700FAF0A4D04AD0AEB0B3A
:1006A0001B14AF0CE003350578F7F6E3DEE320DE3C
:1006B0007FE692F25BFDB0023CF9B2FBD7F635055E
:1006C0006200F3DF14EFFFFF7E04B60125FF2B0D60
:1006D0000609BF05FF05EBFFA0136615670A93EB3C
:1006E000D1F158F2B9FA75F682F089F04B0A30FC74
:1006F000010513FE77F380FB43F8A5E843DDACF773
:100700003F0EF204A1FFCBFFCD119001EF0A910142
:10071000810E9214DFF4A8F204FA0DE235E36FE9DA
:1007200094F578F61A048F044A083F0A83F961F7B2
:10073000A7F7EBEFB4EDD6FD1C02EA0187019F009D
:10074000E3FF06FAF6FBF5051003B5F6DCFB52E411
:100750004FF615F331F717F0F600D5F339FBA1FF8B
:10076000360185F7E103F2F58EE02EDF93EADFF044
:10077000A0FA4CF848F8D9EFEA03750ABDF851F130
:1007800098F6E9FD3BF259ED0CEDE0FA0BE69DEE33
:1007900028F6BE083611F90300054CEA25FB3AF7A6
:1007A0006CE475F187EF3201B2FFA1EF7EF780EDC7
:1007B000B9FB2501F3FB37FAFCEED6F1F9F250F85C
:1007C0001BF152ED64E584E90BF2B003EDF8890DFD
:1007D00032FBE40134F9B8F3C1FC23F58BF1BEEB35
:1007E000DDEFEDF0AEEC4CFCB2031CFBDBF101F3F2
:1007F00044FEA9F057FBD8EFFBF433FA17F986E96A
:100800001CF6FA0CE0006BF89C02F9F39DF9ACF8C9
:100810006CF5E7FD89EF2AFB95F46D02D4F25CF1EB
:10082000D8FD38F311FE94EF17F42FEDB5EADAF6A0
:100830009AEF1600BDF332EB5903BCFECBE9560527
:10084000C7FA98095DF406EDF2F2ADFD42F3DCF86B
:100850008EED01F090F82B018306FD04540CA705E2
:10086000D3FCC2F50BF5CAF467FA2A02B1E7A2EA93
:1008700018FD3CF68EFFE9FBCF012C0656F1F2F88D
:10088000C1E303FFABFBBCF0DAFA28F83F022D040A
:10089000AC14B70F8D198D0C39014D0A4105770A3B
:1008A000AC01840AF5F6C9F9E3FCAD04DC1114F6D9
:1008B0006009A60982079BF953F5A7F4BFF45AEB28
:1008C00005E9B4E889004D01E90160F3C7040807B0
:1008D0002B0450FB8B0ADF0F7E0ECC01BBF92EF9E7
:1008E000BEEB51F76404D1FF7EFD7D09100A60FF65
:1008F000A1F700F99AEBBCF356F30EFF7BF871EA0F
:1009000071F1B40228049A03D3EF5F002FFA0CF8B8
:1009100002004705C1FB18F06AF210FAD7F8ADF8EB
:100920003803D4FF19FF52F87D14CA19020DEF17CE
:1009300013104B1030015BF40F006A058E18A205EE
:10094000BFFED9077B14EFF9E8069B0DE908340DCB
:1009500020F8D9F85F0182FB3806EDF7D4F50003E3
:100960001804F7FCA2FF5B04E309700F07092EFAD5
:100970005FF9E705DE12571BA6014CFE9E11D01150
:100980008511800DB11516013D0A6EFFA5F725FAF8
:10099000F803CDF6300772F84F018C03F0073908E1
:1009A0006D001EF7AFFBDEF823088DF946F6330025
:1009B0001604B4FD80F9E60952FF79F853056A0779
:1009C0004B0068F88407ED0436F85CFED2F9670A3C
:1009D00094FEF2FBD70816034FF9F5055BF4990175
:1009E0007EF578FEF0F0DAF3D1EE92FC130A760889
:1009F00086F651F744FC16FCAC01D3021200FBFA58
:100A00006206F408E4003D04FAFE40079EF560F932
:100A10008801AC103113710F1301D00AC4FFE10833
:100A2000E9F502E811EE74EE95FE9A05D1F50CFD9C
:100A3000DCFCF708E107FA0501F68AFAA8FA5B0977
:100A40007A149D0E9F10AB0E61154AFDC316DC197A
:100A50002F0A7DEE0BEF12FD9E07130A4CF064E4A3
:100A6000FBE606E3E0E756FFE0EFEA0817FFDD09E3
:100A70005DFFE1FA05FAFD170C15F606171249108D
:100A8000FB12740AD81D931EFA190607130A2F02C7
:100A90007BFC86FD05FAF5E81ED9DED832D94AEF8F
:100AA000D9F46A0684FFA6FA6207BD00E30B760953
:100AB000101B4A24DE19E514A9FC49037C0D6112C0
:100AC000D2124C198107470EF1058CFD58FE73FDBB
:100AD00098F46CDB79CA40DD67E809FBA20C900250
:100AE000C2F985001FE80C14890E1B12AF14310ADD
:100AF0006CF87001F10BD3067C111D030F06740016
:100B00006801290040F535F7F9EC7AE274C659D648
:100B1000FAD770FD27015009FDFF4D0224F9010DA0
:100B2000E4153D0A7DFDC9FECE01940B2C00CA02DE
:100B3000FF07740AF2F867FB98F933F6060228FA01
:100B400089F448D6CFC511E9FDDC30DAFEFBA0F10F
:100B50001BFA0EFBF203B411550C0EEF3FF4AC057B
:100B6000B6037BFEEDFA86E147E108F472FFD70099
:100B7000C716EE0CD7FD9BED71E70BCBA6CEE8CCEC
:100B800032D0E3DD79FA7505D0F02EF22FE6C8FFFA
:100B9000400ACDF24DF8150952F016E633E47EE036
:100BA000C6EE8E06A418881B971A9F19F4F789DFE2
:100BB000C5DAB2BD48CCD5DAC9D2AD04CAF835F829
:100BC0008BFCDAFCD901C70949EB63F836ED58F024
:100BD00006F194DF33ED91F7060A391F822DEA1DE5
:100BE000910EA2078CED1FDE0FD2BFD3A4D238EA3C
:100BF000EFD9F2F7F40816F7DAFF9A0102F7DC05ED
:100C000086F95FF154EF4EEC2CF46A01210DC51901
:100C1000BA2AA81F172CAA05D3F665FB26E6A8DB7F
:100C200074EEFDF493E75AE8AAE0A1F90D034F052D
:100C3000ACFA30F53DF7D407C6FAB2F6F8E79FFEF6
:100C400095104E132C2AAC23891D0B18A20D01F709
:100C5000C9FB7DEA42E870D59BE6DEFC2B00CEEBBB
:100C60000504E20809F6920DEA0B1DF738F150F37E
:100C70006CF349F3F20258FEC911711E5D184F144E
:100C8000C00F830E01FDFA012CF41EF49BEBE7F07C
:100C900092FB0DFA740EE1105913FB1171FE6EFAFE
:100CA0002C0212F30FED3D019FEEC9E9D0FD070ABA
:100CB0009EFF0CF44CF8C1EF1500E705C701CA050B
:100CC00060FFDFF1FFF99CF964FDFD0C010846139C
:100CD00069081F16D8FB21EEC602CB0376FF25F864
:100CE000CDE8C8E719EF93F1ECE92BE3E9E626E359
:100CF00099DF04F727F40AF485058BFD9B03530A5B
:100D0000EC09E21482101924D015A80E6F08120DF8
:100D1000D501D2FA0C0DDA00B2E6A0EC15E62BEB09
:100D2000B8E65CE51FDD86C8C7CD15DAFBE901F73B
:100D30003EFB0501E601F0094FFA030B6A1FEA25A5
:100D4000A22693FDA6F898FBF6FC25012814F7EDE2
:100D500057DA90E914E4690000F77CE526CEF3B891
:100D6000FDB0DDBF79DE75F6380DFF0564FBFB08CD
:100D70006D06260DCE10DD09701029DBCFEA760353
:100D8000BDF02707F90A380313DF4DF1D0F527FE30
:100D90006E09D40471F01CDD6ED628D912D787EF06
:100DA00092FB180A74FFFCFDE8019DFC8F06540DB0
:100DB0007203DCED97FB520B4AFD9A0ADDF9E7E876
:100DC00020E678FBA1F80B005A04D1037E01F4F36E
:100DD00032097AF5BDFE29F48E0E4705FBFAB302FF
:100DE00038FC2A0E8D14A823870C53F543F993F988
:100DF00020077016A5FCAD01F3DE2FF222078F0A43
:100E0000E104BA0DC70D9E0DAB014DFF5E02D3F597
:100E10002A02A4F68E03DF0219058EF97403B310BB
:100E2000A3017EEFEEFE67F618FDE90D2335F40011
:100E3000EDE0C3F6A605D202B0FB020AA309A104A5
:100E4000E90817077A009908F0FA1100E4FEAC11DE
:100E5000BF0B4AFFAB0CB108BEE31CF4A70033FC88
:100E600050F7C4FAB029D021630746E9310430FFB6
:100E7000900DEFFFA31215011704190B84FB8E08C8
:100E8000EBFCA7FF32F2DBF875FFEB02070EC6FDA5
:100E9000AEEC6BFE2AF2B4F9DCF8F6F8DA118D0C40
:100EA0008E01F7EB5BFBAE0AA5FAD507DB12DE1469
:100EB000D9033801D4FBE00346009CFE580B6407BD
:100EC00018059BFB52FCA5F213FBF90C6D0A60FFA1
:100ED000E4F7AB03FA05C7F518FEE80D6DF9341514
:100EE00025163B0DA805C901C9F3700330FF7B012E
:100EF000F10220F9D3F951E94FED9DFE9FFA72F509
:100F000070F83B071E04FBFD55FADBF9010A1104DA
:100F10007F04890AB4FE140BB4119E0365FBFBEF3A
:100F200046FA2105FB0556FF070A28F4470297F009
:100F3000FD00F8FC19F565F245F96AFA9209B50861
:100F4000EC03AA045301B0F524FDD0FDC2FFADF3BC
:100F5000550A31F8C1E4C1D9A0F34CF43DF6F809C3
:100F6000381BC612E61D0B074B0032F8EFF9B5FE31
:100F70006E033BFD88F882043BF7A4F7D9FBA5FD7F
:100F8000EA0782F58AF8C6F95AFC30028DEB1EF3A7
:100F900038F8C1F1F500C903CC07B6EE67DF51F6AA
:100FA00096EC33F007F4BF019607F3FCF801AD09A6
:100FB0002EFF41FD19FD050A73F719099BF86B0017
:100FC0009D012404AC071B08DCF946FA32040D0924
:100FD000CA068603FB048D0731FA600499F7700A8C
:100FE000D8F565F90AFB6308B2F9BEF99C071E053E
:100FF000F7F6C1FFA9062CF549F9E0F12DF30EFF34
:1010000021065803A407830CA2052606B5FDDDF0D2
:101010008B0121FBBAF853FA4D05C3029406E5058E
:1010200013F7D8FF05FF8C07EAFEC50680FE2B04E8
:10103000F5EE7DF68BFA9DE7F1F4780379EC210B60
:10104000F10649013216FCFF67FA08F7C8F013FBF6
:10105000F4FCDA026FFB3EFAADF7F4F52701320635
:101060000E1651F110F8ABF065F7EB0002010FF02E
:10107000EFFDC51419043A05F302AD0FB207620D76
:101080004401120445F195023D04F9FAA505D0008A
:10109000C1FDA9FA6506930CFFFA2FE750FFEFF99F
:1010A00053FCFD043F00CD0E4B0632F9FBFD650DF0
:1010B0007701C30A6409FA106A02D9FB6709D206EC
:1010C000D80A67107D153DF4BB00D00264F7DAFE44
:1010D00049E8DFF7650482FA13F98302FB00AC0EDE
:1010E00020037002A90B6E0BF20B38022A060106D0
:1010F000CB0CC10DE70B82F9C6FADE07B401B3EFE2
:10110000D7FC9F02A3FC02EB16EA01FFEDF4EF000F
:10111000FA091601490E11058503F408AFFFE8F836
:101120001708E5FCA80AD70245F522069FFF9001A3
:101130008C09DB0BC40030FBB409C4008FE25AE217
:1011400007F39BF9420362FCAC0A1DFEBE0587064D
:101150001FF508F91E054707DAFA7C02C80A82FD66
:1011600015F4FD08BB00BD0DA2FC7500A3032F0301
:10117000F106150B85F538002BF3A7F96C0F060C5B
:101180006C0BAA0D030ECB02E700C30217FAA3FAF9
:10119000060B3A036705FE06000BDD049D0B621289
:1011A000380D470ACB071B139B02A306CD06530439
:1011B000DDF193EE900461F8C5FFDF0087FC49057F
:1011C0005DFC000574FDBFF083FD93FDF504CA0FBF
:1011D000C6041510F70D7716BD0BDA170B06D1FFF5
:1011E000F0F90E0DFFF69EF0510CB40570F5A5FA5E
:1011F000B20268FC62FF1B06C4025406C10D8F09CF
:1012000072087A0DCC0B1EFDEC0428138F091A0D01
:10121000FA10AD04B013D2056A083100D503E0FD21
:10122000DC050BFECAF8B1F6C7FF4BFD49F9FBFD23
:101230006CFF0A033B0AC30316F40AFE130C67068D
:10124000D20876FB92F8C2076F1E0D1DB416CD04AE
:1012500030F938018AF5E116EAFA2004050574FD33
:1012600005FE6AF8C4006AF831F95E0308029E00C0
:10127000060051FD99F83A07D9FBD6F48FF1A1F198
:10128000B9018AFD8B0EABF82A00080619F8521432
:10129000CCFEFD04D107740766FB97018AFEAEFD04
:1012A000AD083A0A3B09FDFEF2F3CC041FF67CF6CA
:1012B00076F493F407EC89EB8DE656F15BFF5FFF64
:1012C000B1074EFF7902F20192F320F9F60A3606D1
:1012D0006106C6F361FD0DFBFFFFC405230202FF9B
:1012E0008EEF75FF2BF719EDA8F508EA8DF338EBB3
:1012F000F9F3A9EBB7ECBFF423FEE40B62018AF625
:10130000B3F46D0A5BFC96FAB7F3910BEF0A99FE02
:101310000802990C070D65FB38F413FE44F2CBE587
:1013200096E683F461ED5803AB0850EE77E95DF380
:10133000F4F256020FF8A009D60298F8E0FF55F42F
:10134000E202DCFD2E0048FD890B2DFDB8F839FACC
:101350004EF82A02BBF4ADF06EEE9BF3B401C2FA74
:10136000BFFE63FA92FD88F8C109E701E4E6B01117
:10137000BB02F50CA7FED2FC09F9BF024402A10989
:101380001D08E4F8AAF1C1F906F9DCFFCDF173FA02
:101390008405FFF6B3FA08FFEF061CE181ED28068D
:1013A000E4F57DF06FE9BFF81E07990D960B010279
:1013B000C0F269F8A90697FFE9045DF4BEEC96F85F
:1013C00005F25CFB30F99BF8900812F411095708FC
:1013D000730D88EF95F22EF1B3FEE108B6FB41F6EE
:1013E00067FF070641082BF513F93D005B02C5F8BE
:1013F0001F009CF634EA44F5110668F9F8F7660513
:10140000E201AA0F2F115A0C0314C5FE1AFACAF6EC
:10141000BF09CD050CF9BEF918F87F07680B9901D3
:1014200077FF2FFE96034DFFDB0864FE7FFC9A09D1
:1014300070F900029B04900C160C320BC30B500B7E
:1014400058067D03FBE91207BF0CA501D8E59BF107
:10145000A8FE0F0A7F062306F00179003DF6FB0B7C
:1014600025FDD90FC007EC0727FAC3FEC90E78097E
:10147000BE0F07175217C61092F6E70DCE06A80248
:101480000007EBFD86F377027302B9003101E70430
:101490009F06A202C700A7FEAE0450008E154C06A0
:1014A0007F0D4D10470FB60DEA037C064903510F1F
:1014B0005E0671FFBA105B086103E5099C0A93118F
:1014C0005D084A047DF5C4F59501FA06E30B0701B2
:1014D000F1029A10920BB50CF311CF0A3105DBFA29
:1014E0000A04D3050F13900E55065805CD072BFEA1
:1014F0003B06530186F97E0305EA16ECB1F37E0044
:10150000D307E80ECB0C8C0EC0203410EF095F110E
:10151000A4FEC10BD00F64FED8FEFAF9FCFFD20086
:10152000860C97EA3FFD780241FF21FBA2F90C00EF
:1015300058F419E8A0F4CFF4A2FE72FF81F6E2F6A7
:10154000D703FD01FCF909F9AF04990A73023B12B4
:101550009FEE60FEE0FDBC064E111BF84207E90459
:101560000B02E3FF6806A6008F0421F991ED2DE43C
:1015700045E791E92CED92089302CFF82EE033F77E
:10158000990253FBC3FB6A000AFE01F87DF632F8AC
:10159000C6F57400DE024806A1FFBAFABCFC33FEB1
:1015A000C7FF2B09AE02BCF917065C02E6F6E2F7AC
:1015B000B5F53C0846F8A2F72CEB16EA41F9D0F550
:1015C0009BE9C7EFB8F45FF07809870AD7FDC70633
:1015D000E7FA85FD19080EFD620920FA9FF50A0A4F
:1015E0008AFAC502AC002E072E0CB50272F47507FC
:1015F0006AFE9A0829095D00A30686FFCF00D90478
:101600001C0989FC6AFD7607E1FB30097EFD0408B0
:1016100040050CFFC30E660CAB08070A600D620B99
:101620001E0C9006B50238F47C006301D0110B0546
:101630008D122C0C380C9D110CF78F011FFC8008AB
:10164000B905D9F84E00CC01FF0DE9F95907CC0FC7
:1016500030018E008807A3FF8C0A7A03D406B9FFF5
:101660000EF88B0AABFF850B0800EA063113C51391
:1016700005024007830935061401EEFEB3F3EFF7C8
:10168000FCFA0108B603F4092AFC0D0998FFDE0CE8
:1016900075F786FAAC00B2FCA2FE01FB4F031FF9FE
:1016A000C5FC690BDD0BD103FDFF24EFB2FFDB01AD
:1016B00035FE95FF5CF20FEB050D6FFFFAFAD408CB
:1016C000D50E490CE00212FF2800AFF4FEFD3A00EF
:1016D00039FE960D34F5D201150BA002770E9E0847
:1016E0001F060706E2FF5A0CD4FE9E0799F5A1E2F9
:1016F000A703E5F86BFE5A0BA9F8F20AFA0DF600FB
:1017000015F8D7F3AA0D710699FCE3F64E0192FA8B
:10171000BF00DEFCA4FDDF0D4A16910B4B146E00DA
:101720009A0416F39D0698FDE415820B1FF424FB22
:10173000B0F76E02D2F51D0182F11701D1F7F9F56C
:10174000EEFCC0EA44E8DDF6A1F00500E106501227
:10175000030BFA0602187A03A50366F90B0DDAFCEF
:101760006A0409F6BCE949FA4BFF26099F09C2F54C
:101770009AF92AF951F77FFE78ED85FD76FD2BF574
:101780005903F50563FB78FD290ED51F690C380553
:10179000BE075AEFEF02E7FB58EC6CF7E3F815F1E0
:1017A000AFF80AFD11F8BDF761F13E014400FCEC11
:1017B0009C0141FA80FA3EFD26F8EC09B2FBFFEFEE
:1017C0009F0F791B9F0339FC91FB66F5410356F788
:1017D000B1E908EDF1FF8FFF0E08AE0567F211F1D8
:1017E000BDF3A6F739ED98F99D02B1FC7AFE35FB01
:1017F000EDF912F63CE1BCF622075B0CBDF61DF0DC
:10180000E800ABF884F34EF58BF720F610070B0ECB
:10181000D90B000AC7FE2EEE84F683F4C9E8F4FD66
:1018200025FDC0F87BF2090126F828F32DF8CDEC50
:10183000210E030B98F2ACF70CFD51FE3AFCBBEE07
:10184000F4E77D01AD02B208E308AE06C9FD1A0057
:1018500035F837F4FFE1D6E740F1A4FB43F2CAF6CE
:101860005501AFFA32F538F30A0486FFCDFD54E88E
:101870005900830217F8F8F959F77400E40DC00A0B
:10188000070FA10D1B09B20369FDF5F5EDF118EF86
:10189000B4F53CFA08FCF9F5FFF59D01F0FC290BC5
:1018A000530FACF8FEDD7BDFB4FE9EFFB503C8E747
:1018B000CEEFEC06910D4D16F406D91A3F171BFB1F
:1018C0001802A1E891E9D0F94BF4A9F30903390B07
:1018D0000EFBC30EED04D20F59FE07F1D5E869F5F2
:1018E000E801220034F5E0FFB6FBE300531094104A
:1018F000A5153412070F2D0B21FBE2F4CFF1FEF7F3
:10190000C30A4609D3FC07F887FBAA069A19DC0B21
:10191000590E91FBEDDCECFE0D0C77058B01A7FE5B
:10192000C0F662FEB4041D09E711A2130009570CAA
:10193000B81B360813F92F040AFE7C01F800EC02EC
:10194000BEFEBDFCDA0105063702A1121BF350E50D
:101950001BF624FE3304EEED1BEF56F5F802611181
:1019600093084206DC0F241B8911560CA5FFA7FD26
:10197000760C06FF61043209AAFF51095109500291
:101980006BF9470668EE7FEF7E041B0055FC14F9E7
:1019900074E84304CB0A420E180B550E151A1017A3
:1019A0002209C510A50A4B05521005FC3CFFF7FDA6
:1019B0008FF6720388FC0B010BFC640939F986EE83
:1019C0008AFE45FAF9F59BF2FEF409F50AFC81FD61
:1019D000DF0FCA11590D720886130116EA09230D8B
:1019E0006C099500A500390445F80B0621FAA50AF3
:1019F00082F9B5009CE7F8F3EF04BFF1BCF655009F
:101A0000430488F861F93908110C3808A6057114E7
:101A1000460B490767FEFF0A6D0BF404B2F5E1FCC3
:101A2000ACF5CD0612016106B8FD05032DEEA70049
:101A3000A80840FB10F98C0E33F5E1F525F23003D0
:101A4000AD00BE09B004BD08E7045AFDCE09C112BD
:101A5000D30D480986FEA700B4FABE0DCD077EFC63
:101A60009EFD290710FE0304CF077AFD3409E81113
:101A7000FA03E1EF2AE8ADF2F7062607D2FE2004CA
:101A800038116C1168096400450B8EFE3EFE16FB92
:101A9000E1FAFBF7ED03570444E9B7FE9E0F9FF709
:101AA00036F84FF58C034D08DD02FBEA89E37AE74F
:101AB00061F9D1FA8800AE04081A6817D3086411D6
:101AC000CD01AA0039029A03DB036B03FDFC9C01E4
:101AD000F0F3C5FC4406EFF8AC01E5F784F81E0806
:101AE000620288F2D3EB1AF42F0067FCD0F74EF2B3
:101AF0009BFB8EF643F38BF8FDFE0E011BFC9A0751
:101B0000B7072001430053FEA8F2A9042CFA4A0AA1
:101B10000608CB04ABF9250475F397FE71F5B5F112
:101B2000C4E61DEF4DF7E6F20EF7EAF7D2F7FB0039
:101B3000FDFECEF6C402B6F9C0056FF576F5E705F1
:101B400099E28D0209F9C60175026C00FA0FBA0418
:101B50008907D6FA67F057EE94E968ED16FD02F5AD
:101B6000ADE9C1F3BFEC85009FF02AF81DFBF2F749
:101B7000BCFAF3F933FB5A0AFC09DF0391FD32FA90
:101B8000DAFA4C0448061FFA9C0123033202D10101
:101B90004BFFAFF164F45601B715520AE6F8D8FDD1
:101BA00090F9A500FE0363F5B6F0ADEBAEF268FD6B
:101BB00095F6CEF84A076208B4F9E6FD69FCCFFA5B
:101BC000E20753049CF996F430F5C2F76D03EAFE80
:101BD00063FE4CF5ACF206095CF817FF9005CFFFE9
:101BE000A9FC7EF65CE7F7F2F6F8450026FE220433
:101BF0000D0A18F788F790002403A8FF35F79DFB1E
:101C00001EF9E7FFDF081EF79C00CA060CF911FB5E
:101C1000080710031F075D02A80992FCCC08C7FF44
:101C2000AE0695FAA0019403FEFF69FA44F6A400FB
:101C3000C00560088503FD135A128E1760136A00F1
:101C4000FD02B10B90046501A603E80EDA01460619
:101C5000D502C9028905080B7AF70009D60587F76E
:101C600060F647FF5F0A93026E0753FF7407D117B0
:101C7000EB0DFFFE1C05BA136404C80C3306DA072B
:101C80009C09B900651982082112B7124F16001677
:101C900007FAAAFF9707E301AAFA0004E7F339FC61
:101CA000EF0D4402C4103217690392F437FCF9FFB8
:101CB000A205730C65017F0B280A9D16EC0E951783
:101CC000B00F920CFD0B2012340943EF40F23BF9A8
:101CD000B7092904D1F5860B9807D8F6A9FC55F663
:101CE00038FAD8F24F068CFAE4F5F100EAF7DF0A89
:101CF000B30F3C11AF0C5110F707F312CD12F600E1
:101D000024073CFAFA00C000D7FE8208D20208017C
:101D1000CDFB12F988F9FCFA37FDBBF0C201CDF911
:101D2000B4F368FA66F9D40AE1056B141B1393192E
:101D300055133C074D0E7B0116F3A4FBB5096D0B43
:101D4000CE001C0167FB8CF971FFD9FCF700F6FE91
:101D500096FB3902A4FF4FFB75F918FF8B04340C76
:101D60003613660AD70B6116A20B35FFBF0A030CA8
:101D70003A0E4708BB0A0AFF21FDF7F8ACF10CF553
:101D80008102ACF484FABFF460FFC0F15D010F047E
:101D90007108640716155E12C90B6A023A0EDA045E
:101DA0004405520F200E1E00B3F941F88209E507E1
:101DB0008AF96DF7FDFFED0843015BFA33EB90F80C
:101DC000FBF764099E0978022B11AC0F6701670DC0
:101DD000160AD0057B0241FF7804AE068D0CFEF991
:101DE000ED0B8A00720705FFE3FC2BFC64F633035E
:101DF00014060CFBD8FB7304E906FB03F002E2FCBB
:101E0000E3073E0C84F289ED42EB1AF9CEF686F632
:101E10008CFD2EF7F9FA2AFEDD066C0C5E06F0FD4D
:101E200094F66F060AF4E2005BF9A3F3E3F63DFAD9
:101E30000F0571064102EFF01FF760FE88F28DEB8F
:101E4000D2F272F256F1CFECD503C3F196F6E8FD6B
:101E5000A3FF7AFDF80BC1F76EF506F53DFDD10D38
:101E6000160D24EFE0FCDDF67D0A9E05E7FBBA00C7
:101E700078051A03B2F967F3B2ED1FF922FA7CFA7A
:101E8000E2EC47E8DBEA29DA9DFE1FF7CF0E3BF9CB
:101E90008B03120639F423095BF815F0FFE881F78C
:101EA000F4FB4D0C8EF7FD0F81FCC70236FBA2EE52
:101EB000BFFFABF8DB056EF4C2EDF3E7E9D926D935
:101EC0006BE879F563F6DCF74C094EFF41FE8DFBBC
:101ED00099EEC3EAC0FC1B03F4061BFF64FFB306C4
:101EE0000109900EBCFA34F53BF9ACF42DF7C4EAC5
:101EF00072ED54D659CBC6DE78F3ECECB0F8B9F8F5
:101F00002307BC037BED8FF73FEA34E49EF33008F0
:101F1000B906E1FF3BFEA60AFF046D084800C1F8C0
:101F20000FF757F80CFEC3E6E7F969FDD5DB9FE72D
:101F3000E5ED43FEB6EC5DF41402870775F7D7EEC6
:101F4000DD0171FA52F8610AB2FC8C013CF60A0F0D
:101F5000B4146409C6061505ADFDCBF94DF2A8FE13
:101F60002F0A0E01D4FA3AEF16049EEF56DEB6EBB6
:101F7000B5032B0D0103F4FCD1F7DBEE9BECC1F4B0
:101F80001CFCCAFE8502241889135E0B0205AEFFF5
:101F900083F249FC7FEFAB022D02671102095CF965
:101FA00077FF7EEEB4015AED1302B4037204350CD0
:101FB0009EFC65F3DFF12800690211029E0495037F
:101FC000EE0FD1FD8CFB2CEBFCE50DEDC3FF0219F0
:101FD0003B106211D50753FA9DED64DC72ECDB0116
:101FE0004E0F7A11B606D702CB0150F9A4EE5EF27D
:101FF0007100DCF99EF73EF9E903A0FA2BE106F93E
:1020000081F9A4FEEA00A41E01186D17EAFCC5EAD6
:10201000D5D468D968F737F425016A0706F886FB36
:1020200086F406EFBCF1A805F6F6BFED98F3F1F9DA
:102030003EEFA1E75DE516FC1DFFDB0CAD0DCC16F8
:102040008618AB14A91000FDADEF0FDBB4ED520202
:1020500018F9B70E65FB320969FC43F3C4EC94052B
:102060007BF778F7E9F943F686E312EED2F20F0434
:1020700094F84B06DE15A5198B17F915A605A5FED4
:10208000A9E2DFEBB1EBBF00EA07CA0C06F50EF8D8
:10209000F805EAEDDAF436FD96FBDEEDCBF362F7F8
:1020A00005004F04EE0F0811B602F105631AEF1098
:1020B0003810FBFC8D087DF896E817EED1F07FF71D
:1020C000F4003E040CFC1309F30D2CFF5B040B0B16
:1020D000EBF041F2C205900DA0148D0A9D142E1B49
:1020E000AB13ED0B2F01E40FBF08ABF4600629FB27
:1020F000F5E29DEE2CF490F5DAF8FAFE440E621249
:10210000ED176302860CB21308034D1247097618C7
:10211000BA0F5612DC0BBD1354187A1462025BF529
:102120003B05A0F949F70D071AFC7DEC50F7A7060F
:102130009EF90C00050266155B1E0A160D1D8A200D
:102140006019FE248221EF145C20441A00177B17CB
:102150000C19A90CDF0A35FFA3F505F95001BEF9EA
:10216000D2FFC9F004F8110479FEBE0712FA83F019
:1021700053020206492A3B22002C4126D32CFD1C87
:102180000E2ED725BA00610AF315E51CA10AAF1A75
:102190001CFEC3FEE311DF059B05AFFEF1FF20F639
:1021A0000BF87D07FE004C04A30E32FBB6F46BEE79
:1021B00037FDF1F98E0E461E5416261EA6085C0841
:1021C000AC0C5C0EC41AAE0E560D7902BD0C9716FF
:1021D0006E0221FF030A7500C0070A0460FDF3FBCD
:1021E00010FFD9F96906EC07BDFAFDF4080059FDA6
:1021F000DB08E8FE21FC620859FB7FF91BF20CF2B8
:102200007BF3DEF57BFE480733F9B4009C0859FAEE
:102210000005320A0304BCF6E7F72304A2F8EFFA3C
:10222000DF05140AFEF510066E0B9BFDF908FC0095
:10223000D5FF35F7AE0563FD19F9D8F9320266010D
:102240008F073F06C3F75AFFF9021A00FA06260A5B
:10225000940876FA23FF6A1425116518F614560EB1
:102260006411380B2F02F1032401BEFA5806460709
:10227000420FB31478035F0572FBB8F57FF9C9F814
:10228000D0F90F015003EFF7AC0B5B12DB0CCE194A
:10229000262D3316B61DC81BE613CB124F0F17F6AB
:1022A00020F346EFF8FB39F2170F2505A60BA7031D
:1022B000870A50F5C3F892F9FE007FFEF1FCE4FDB9
:1022C000510C7C1180FE8B0F4118D512B2094511BB
:1022D0005F167F050BF8FCEEFAEABBE1CDF3D60002
:1022E00071F8E809E5015B030BFC9C04A102FBF516
:1022F000ACF60901CA02920DBD02480323FE4AFD55
:10230000E4009701FF01EEFCC8F932FF7907E5EE22
:10231000CEF6E2E978F50DFAB70BAB0FEE02F51346
:10232000111C921A52181104E9FBDAFD240221F45F
:10233000B7F8D9F82B05B30265FAFAFF280AD2FAE2
:10234000FBF2C1EF25F74FFD23F3AB00C8FE750587
:10235000300FD8F49B03B90394123627A6199510B1
:10236000BAFA97054514BDF45EF8580309FC7607E0
:10237000770B140C07FD11F20DF2B0FD52F1D8E10C
:1023800036E6D5F221F9340190FE92F1B6FEC5038E
:10239000E0062C1D7F0AA60188FFEA05CC038BF618
:1023A000D505A41C79FEF0109E1A4D0B060435EFDE
:1023B000F4EDC6F78BF1D2F603FA8B0661FC050249
:1023C00043FD59F9630305FC87F2D304881C72FDB1
:1023D000FEFFBEEBA512D91017FC46F48601B40728
:1023E000250ACC05E9FB65F44FF80EFB66F6BEF452
:1023F0009C14430D9204E3055A0C2A0BF9F97AF464
:1024000063081919B5123B1200F916EFEF18F10223
:10241000C9FD09F01DFF52105014650841033E012B
:10242000FBFB38FE68EC76FDA714720AA70C2004AB
:10243000BA017305DF0A55F9970B4510C70464FA12
:102440001804DBFEB7057509ED0073EFDCFE0B0A1F
:1024500044062D12A20188F780EF1EE9B2E17AF658
:10246000B1FE5C096C03BEFF7F0CC2146B01D21479
:1024700024175709130AD7F322F7EBF992F8E8E784
:1024800012ECE0FB6BF8A80A700AE40F6E07EFEBA2
:1024900045F6B0EA09EE7AE540003D048800650E95
:1024A000DD12000FB109811A04230215D20DF0ECE0
:1024B00065026A069BF4AFF6E0EB57033D0A9A0B00
:1024C0005910CE102208A7057904AD0B0EFDBFF9F7
:1024D0006AF553F3B1015906650CAB033707960F44
:1024E000360AAE0A3E0371F37BFDCBFF33FF8FF458
:1024F0008FE765F8DC03660A7011FC136D03551352
:102500007D179502C1ED3404CFF71FE990F6F6F27E
:102510008AFFB7F699003B04D80B9EF269ED74F878
:102520002A08E1FC66E42BF0FDE6E6FCCFFCED0CAE
:1025300068139C129119891A3317930FBC03690908
:1025400082003DEFA1EF55EF9FEA9DF7F610ABFA41
:10255000180AF9E80DF2B3F4ED0206001D061F009B
:10256000F1E4A1EFE8F4F2F15EF85C131B19ED154C
:1025700079133316751CB90902FAF5FBA2EB4AF080
:10258000A3E339F0C508EF0779FE69FCB7EC8EF5D7
:1025900005F3660ABAFCAC0966D201ED40F5F3DE3C
:1025A000D0EAEAF7000892177D15FB0DA30C9C00FA
:1025B000F3022FF7BBEE5CE84BE6B7F24B0F0A0ACB
:1025C000590825F689E257EE6F09220109F5B4F59D
:1025D00064EA03EDCBE528E1F4DA1EEE58F10D02D2
:1025E000B9018702870687FB1F04B6F7DDF6BFF93E
:1025F0006AE16808B00B9604B3F55DE68BED21FB4C
:1026000068ECE4FAF3F097EA82FA95F44BF326F7D4
:1026100053EB8DE65CEE84FACD0D6A049CFCB2F2BD
:102620002DFD280023F89D04D1FF48FC250552FE0E
:1026300092F21BEFE4EC39008C05AAF60AEC8BFE53
:1026400025F83F065304BCF307FF9EF147FC40FA10
:1026500028F23DF1ABFE33FF34F8D0FA4E0B5C03A9
:102660007BFEF60EC20417047AF963F8BCF7AEF2EB
:102670000F00A0F9A612F50FEC0654FC4203310539
:1026800093FAB30D2302CB08CFFA89F72CFFDEFCB7
:10269000D306310ECB02C5FD0B052008120E7714B0
:1026A000F0EC24F1AAF5900191F7260DA70EC2FADD
:1026B0005B1692FEA30AE9002407AF07F3033DFE71
:1026C00024FEAFF442F34E06FEFA460D13048FF3D8
:1026D000830DA310E30C51FD70000FF773E7C705DE
:1026E00020F8E8F8DA07B702F5110F0C8C04DC07C4
:1026F000B90921034506F102B3F70309AB057E0DC5
:102700004E02D109A50E9709E70D330B9CF55F0525
:1027100051F98EF92C1035006F0833FDBC0CE22204
:10272000281AD611E7F94FF87FFF3C0BE003E4F4D9
:102730000904F6FA6406C7071E0D8C1150114804EF
:10274000B505E2EA87EAFF0036F324E9430A2A01E5
:10275000A3073BF8F5085B17F3086D02C2F51BFAF7
:1027600089F81C084D08FD071C0C430D430E64043A
:10277000851B260DCC071705B8FF70F4F80ACFFEAD
:1027800063015DF8EFF6590286064503E0033DFE5E
:1027900093F3D1F6EDEA6CE8CF0044043B0453FA1E
:1027A000470043068D08720C17FCB8F7B80AD0FC36
:1027B00088F72A0D70038B11D3090FF5A302F905D1
:1027C00061F94A0AE3F7B8FB9D076DF2D6DE72E7BE
:1027D0002FED6CF106F738F63BF781F666E7E0ED92
:1027E000C300AF0528F87DFFF7F958F901F4390067
:1027F000DFFF73F7F1F9CAFCC1087F0425049408D0
:10280000190153FD2DEB67E532EA11FCD1E4F9EF34
:1028100047FA34F6F8E7CBFBC3FBEFEA52E841F5A1
:10282000E0FA88F023FE1B0921F76DF6B1FD7D016A
:10283000B70888F78301CD0950FF9EFB24092401C6
:10284000A2F9D4FF1A087CFFE9FE720A4408E807DF
:102850007FF59E075F057CFF060040F6DE07560900
:1028600068F8A407600A6F03C807E104A90078FBB1
:1028700056062C0163059D0270F61C0C0D143C09D4
:102880009016340CAE02A1035CFCE3075D0F9803C5
:10289000B212750B261155FFC6FB12F9840AFA0312
:1028A000360883047B086100270CD2FB8EF916FAE8
:1028B000B8F759FD06F261EE41EE1AEB21071A0D49
:1028C0001D075D0A0B018B0323138C188D16360F21
:1028D0001B12750D24FB3701B3FE22085C046F0B3D
:1028E000F20B7205200563F7B3E977E59DF129EB5B
:1028F00093E745FA6EEE74F51D00CC04C8FDE002C6
:10290000DA1511FD7A0A5002B710C4001E01EBFB64
:102910001E02FEF7FE06E0F4F6020A0698FFE9F64C
:1029200079FA78E97DEEE1EB49FAEB0552F31FFC09
:10293000B1EFF8F4C3F48AFEFBFDCAFE7E01B0F5E8
:10294000C9F37DF859F21C014EF754F6B10EE0FDC3
:10295000DA0B110301046DEDF9E59AE8BAF6F6ED2C
:10296000E4E36DF41EEC41FE69EDE1F7F5F3990047
:10297000A7EE76F5A1F430F8DFFC99F3780633F78B
:102980003CF9B6EECDF59F0041FB9A034AF71BE5F3
:10299000BBFBA9E7F2EA87EA80E513F476FB2BFF9D
:1029A0000711AEFEDF0DA5FBF0F30EFBB1F9F7ED5D
:1029B000FEF18CF7F1FB04FC04F9FAE584EAA103CB
:1029C0007CF16EF725F1ADE64903B5DD8DD4B9E4B0
:1029D000C601FA005A0C5D00D108E61839F9ECEE90
:1029E000150068F4AE03B4F102FC2BF8B0050B0C33
:1029F000B2FC59ED82F5A1FE0AFB13EC20F9C9F4F3
:102A0000DDF125E2FCEC8DEDA5F25F00FA04EE0DA0
:102A1000A206060F5DFC1DF6F5E4D5E6BCEECBEC98
:102A200072F488F96CF7C1ED7FF047F22DF914F5D7
:102A3000CFF460EF1AE173F10CFA04F3F90646FAE9
:102A400050FFCD0BE90BC414560884EB2AE381EE4A
:102A5000FEDF71E915FC75F92BF501EBD6FF1005CA
:102A6000F3FF3DFEEEF9BDE928EFD9F202E6E2F30D
:102A700087018AF2ADF7D0F6C000000D500DF414B6
:102A8000780CDBF272F0E0EDE2EDC0E60EE9BDFBA2
:102A9000C40382F129E689FA31EEC9F5310B5DF5FF
:102AA00074EFE8EDEEEB53F8C7FDD9EAF7FCC00E82
:102AB000B109380CE10F1B090AFC6EFA590063F9E1
:102AC0005BEAE2EB5DEB02FD03F2ABE1BCE440F755
:102AD0004CFBC5FAA506C8F093E627EC86F128FB67
:102AE00062014601430A57130A24181FCA12F30849
:102AF0000112B6084D127F04F4F364E917EC1BF8D9
:102B0000A5DF98E41CDEEA04150F9C05A5F9F6F292
:102B100084F436E4C2E4B6F6BDF17109CC134C1B63
:102B2000131E601A48181300A613CE0F0A02BA0526
:102B3000EDEF38EFA1EC28DCB7CF9CD261E4CC03F9
:102B4000AAF05C097DFAEB019BF390E056E2D3EE2C
:102B500036EF5F15EF1F2C1A96194B12F9FDB10CC9
:102B6000F517231383183FFCB3FE05E427E6BDE009
:102B7000BCE33CE915EF4FF03BF4B1FEBEFB81F442
:102B8000D9FFB2F24BE19ED4E9F2CD05CA1ABF1FBC
:102B9000281A8800DAFBF80CCB1C971C35024F0072
:102BA000BDED86F6B4EB15FAB3E6A3E315F1AEFE80
:102BB0008BFAC60A3FF6290094036E0743E06EE2E3
:102BC000B2FF6C0AB8172D15B612BAF8B7049B08F5
:102BD000AF21DC0855FA52F817ED5BEA6AFFBAFC40
:102BE00013EE82EE62E8230450FAD60327FF77FC47
:102BF000850067FB8FD611E174F28AF3490B72FCF2
:102C0000B901C3F724FF4A1241FF6EF72EF58DE399
:102C10004FED41EFAAF4170413F44BF939F855FAC4
:102C200076F78FFB81FD660794FF6DEDAEE26EE8EF
:102C3000CFE8CDEBD7EF72F09F04A809B40FBEFF29
:102C400020FADDEA17EAD8DF97E50EEFBDF6330A82
:102C500048F95F0436F82F06A3F828FD5FF6CA0688
:102C60000D09E9F73DE09DEBE0E1B8E782FA1502D6
:102C70001F061206641245F708ED1AE188F1DCFA26
:102C8000ABEBF30215F81315E8071504C50008FFB0
:102C9000BA0919F846F9EB02E4110EF6E2ECF3EE8C
:102CA00095DCD9DFE5F911FF8A0DE108A7052AFEB9
:102CB0003DF8BEF011F9BFEC3AFD43EEC0F75CFE03
:102CC000F70BA1089A03B4029C0CAE0770F911FF30
:102CD0009903F0F3F6E79AF574F994FACCF379FDD9
:102CE000DB0715FF76FEBCF12DF8E6E3F3FABEFC38
:102CF00095F85BFA1D0897F981F970EF07FAB608A5
:102D0000170B0C02820DFCF83DFFBBE72DF296F984
:102D1000E6060C0545FF4DF133F963F540F546F045
:102D20007600A9F7A308D8010C0D8C0E4C02D01127
:102D3000B00203F9EA0B4CFEB6FE2EF6BDF8B3FA6C
:102D400070FB23F6AEEC78F121FA3B0143FEB6F9B5
:102D50002A06FFED01FA95EE59F6B80421FDC4FAF2
:102D6000E5FA12F89EFC29FCF8019CF90D0F2500EC
:102D70005903D4FCEE07F1FBE018EE0AB1FC3E0665
:102D8000E3031F09940388F073FBB8FB3AF73101A2
:102D900092FF6B15391C5A0C8BF9DB0722FD4A1583
:102DA0000322C00C0206320A85FCEEF9FCF7CC01C6
:102DB0005215C20453F7BD09BE1A7E0E5A0BE30A20
:102DC000C907DE01360F9C0CFC13590EB117B30274
:102DD000C1EB33F3220504139D12F405C20D2A0240
:102DE0004F093D0327FAF9048D0E9D11F1FFB31928
:102DF000E5006B16F50E10FDDA0AAD08E521A31704
:102E0000991A7C20D323B0024CFF2BF76BF362F2AC
:102E1000CEF8D1FDBE02B802E90988FB3F0006FEEC
:102E200055FF65FAE5F48DEEA9F22BFC1C0D520D51
:102E3000280314FC201FF20B011788069211D611EB
:102E40000B04EB015BFA0B0ACEFB63F748FF8CFA2D
:102E500075FF150A0A0A09076203B2F71D059600F5
:102E6000DD08F7080B01BAFD480122010412B1F890
:102E70006902F109C2F93F08CA04CFFBA3F97B023A
:102E8000AFF51FF61AFA3B0387F8EE0360FDB1F8C1
:102E9000FA0A7CF9770FB1084F109C100103FA0E63
:102EA000600E101CC8F5090BEE0EC91A930ACC0768
:102EB0002F1662014B07540F1BFA54FFD70960FE0F
:102EC000D80816F76DFEEF0FBA18390A090C3B1F28
:102ED000101FFC2640195D231C16810167FCD9FEDA
:102EE00093FDFE01110EEB02BC0833158B1A481B33
:102EF000AE046A0094FE950295F811FD7CFE21084F
:102F000041F9B70A170AE4FB4EF6051DA00C3F0C69
:102F10007D093A04F0FB39FF12F86D01AB04D700CC
:102F200041F388F93305F7157603AE04B5F74E0281
:102F30002DFB9DFD8AF959F40CF191FD38017CF6C9
:102F400094FCB816A3FD54FB12FD0C04A00B63F90E
:102F500097F62C002007B7F815FE45F108FBD7F9C6
:102F6000CBFDF502200810160504C10793F7FCFC01
:102F70006C0990F57EF627FFC0024FFEDD047D0D43
:102F8000E3070B0361FF2B0BDF06E6045EF817FD7A
:102F90006EF64104A9F1E4FBB1F41E04EC004C0E02
:102FA00059F9A0FD7D0AB00F8DFE90029104260E06
:102FB00043092E08F70749FF8C0A4FFB15055901F5
:102FC000BAF9B3F6F3FDE6FC0F00A4085E0839F980
:102FD00018FFDC0C03EDBE0CB2FAEA08E507B80DE9
:102FE0005101E3FBFFF9F8088502BC037406DA0619
:102FF000AC03CB0A2601F6F8E2F99C017601AA0897
:1030000088011A0A320D2606D50DF8FDE3EF5A1293
:1030100084196316F904490B92015103AF091B018E
:1030200063027EFF5EFE4A01EEFED00302FE68FCF4
:103030002F0BF608E5FDB00A3E0990FE5B0B8609F2
:103040000A06E2F813FC3902780EDB0810FF920F33
:103050008CFEF2FFE4FB5C010507240B5D022EF7FA
:103060008800A2FCEEFC4E018D0685F697F99F05BF
:103070004E07D501AB027B0964FB68F5D404B4FCB0
:103080002F164FFC0E121EF85BFDADFE0F04470518
:103090002E05ACFAD2F98BF8C3FBBF014009D5F677
:1030A00093F58FFD84023A06E7015A0EA704470BF9
:1030B000D90F76ED95FE1AFECC123F1B12F58C113E
:1030C000AA000FF72E022510F9FAF701F1F36208B2
:1030D000AAFDE1FE6703E6ED9BECD3E71CF3CA060D
:1030E00034FFF401DF010F174A107CFDD0FCECFB2C
:1030F000D90942067CF3AE046CF30D0125F177FB90
:1031000083030A0541068DFF47FB6AF8DBF350F2A3
:10311000F5E5B3FB57F352053402BB053E157017B6
:103120008E2F050F0006530A100449FE890CA811C2
:1031300061F321FE9F03E4F64905740678FE810CD5
:10314000110F7002B10222FBF4FD31EF3804F4F4E8
:103150001AFC06086607E221211FCC158D088E0F88
:10316000D5FE9DF6560468FD77E89100A40B7C0817
:10317000BCF72A0DB6047F0BEF0C4D053A0757FF3D
:1031800028F694FD03036DF6CDF7B300BC08CF021B
:103190006F109012491E1C041CF8B001D1EF1500ED
:1031A00000F15FFA4104D200EE03060D5E0FF50A4E
:1031B0000B0CFA0B1DF8130B83FD9400A2F949F8D0
:1031C0006FFDD2FCE204F7FD25118023560CE616B4
:1031D0003DFA4DF449F82EF938EF5FF57203B8FD6A
:1031E000BF07830DE30B181402012B0A3FFBE90D07
:1031F000AB036B058BF1D2FD2EEEBFFE9C0648099A
:103200001208EA17F00C5C152C0AC2F4E2F024FB59
:103210008E02E2029AF7840533FB4A0681103C0BCA
:103220000C168D01A8FA8C02D1033102B3EDABF27A
:10323000B4F261FE04FA7705E60B8B1D940086114B
:10324000FF00BDEDBEE914F6370192FF8AF6E9FBF7
:103250006703B3FB89FF520CEB07B5057EF275F5EA
:1032600003033CF3ACFD26FEC5FF13FE92FB0F00EB
:10327000AF03C413E00F550F8DF2CD0F53FDE4F2F1
:10328000EFF65CF1F5F337040E04E3FC1F10C902FE
:103290003308AEF98004DA01380317047BFCF9F433
:1032A000D1F386F61602C8031AF9BE04DA15ECFF4C
:1032B000C4F502065DFD0D05CEFC3805ACF2D00369
:1032C000D30A61FB010C17151012B90F9C052EFDD6
:1032D000CFFA6AFB14F383F6CDFE6F0313F854FAAA
:1032E0002BE846E64A08B205ECFF08074911560BE1
:1032F0002AF432F4D70630F941FE57113F15B50CC8
:10330000950D521122090500F5ED84FC7FF493031D
:1033100084FE07F86E0948FF4FF139F3B90AE30359
:103320008DFA10FE190E08143D014D0ADD1311141B
:10333000670EFA158916130AC014080B8906F601E0
:10334000CF0404F36F01BB0026FEAC023604D2F4B6
:1033500077FB380184EE36F9B2FF34F66F01F9FFDE
:1033600088F8A1023404D7091813B70A50074A1184
:10337000F1090B0A1F07A80650FACA089CFA86062C
:103380001BFBDEF9B60BF5FA9DF375F000E8F4FDD2
:103390008B05E6057CFDC7E90CF6C2FFB4F655FACD
:1033A00037F4B402CFFFD9F6ED0C25002107C20295
:1033B000490F5B09C701400D1CFAEDF91FF2F0F649
:1033C000FB151310C0FC47FB39F950FE29019AF98F
:1033D000A7F1EBDA7FEAE4FE95E826EB37F4B0F8E4
:1033E00038F0F4F5F900C4098912F707D600B4F7EC
:1033F00088FE33F552E3EAEB1AF48A092A0098FEB4
:10340000A001A506C500A0F4A6F179E291EBBCFBF2
:10341000B5F8AFF82DFEE5F66FF74FF5B402D7FD1E
:1034200069FBE0F094FCAAF7E7EBE3F8B8F9F10ADE
:10343000C5FA48026300C5FFD4F645FDA50499F816
:103440009803450A43FB55053E05EA06CC0C2D03BF
:10345000A5F710FFA7082D01230C5F079A00AEF314
:103460006FF528F9ECFAFD0494F50D061C005807D9
:10347000B4FABFF525045EF81B09ABFB0FF75B023E
:1034800054FE60FE270352FFB402A50259FD62FB01
:103490005809C202D7077C084FFE9B00690013FC45
:1034A0009BFCB90506FE4AFABAFD9AF5BBFE9F07DA
:1034B00009FB3307C9F0E8F356F6E5FA1AFDE1F621
:1034C000F1E8C8F11CFD76F369F19DF94FF4F5E3DD
:1034D0005AF1E3EE4DFAC3F5B3FE4406EC03B8F837
:1034E0005CFC66096704F2F2B7F8D7FDF8F894F6C9
:1034F0007FEFA4FA33F74CECCCF3FFF2780429F613
:1035000050011A0535F840ED55FB66F78DE87CE172
:1035100095F64DEBD2FC50F7C5075405020643F56E
:1035200083E5710377FB8BEBFEE3DCE3A3FEB9FBE2
:103530009DF38EE1C0FF3D0EA11B2D188517070CD2
:1035400011067900FDF59EE9B3EA04ECFFF011FBEA
:103550009BF6D4FFC30BBBF91301D2F695EC16EA28
:1035600044FA4AEB21FE5B097A0289FCF2042B063D
:10357000D416B918201C860D591DE703A5012FF795
:1035800095F7BEFEA3EC6CEF170A4803A8F9A7F263
:1035900090F4F0F16CEC33EAB1F2B5F42DF96FFA76
:1035A00074F605F2DEFCE7FE2014820B4425B11B05
:1035B000021C3109AE145E0886FBD4FFEDE3DDF496
:1035C000D608AB01B90204EA43E726FFC4EFA1FD28
:1035D000BDF77F0EE1FECFE63AF4E2EE90EEE4F8BE
:1035E000A0F9E00C6F16361FC217490F45FDE10028
:1035F000A6015CF9CD0091F1D207170E98F5AEF94E
:103600008EEE1C088EFCB9F9F0F984F54B0165FCCF
:10361000D8FDA1F83AF0F3F4BFEFE8108F19A6181F
:10362000E022BB05C40BF3FF380063F85CF60AF632
:10363000A4F2CE0577FE3E0052033DFA90F33DEE34
:1036400062F712F204F57AF849FA3DFE36EC1EE410
:10365000DCDBD70984100D187019A918F50DB2F527
:103660009AE87AF41AE5F9FFD0F821FFDA05091093
:1036700032E756EA67F7BBFC12F3AB00CE0916033C
:1036800011F371F583DBEBC8FBEB5A05AF190B188F
:1036900009179609C507CEF78CDF01EA4CD6DCF096
:1036A000DF039F048AFEFD0967EC35EE5FFDAAF695
:1036B0002D03190359F873F964F6F4E9D3C6F0CD74
:1036C000F2F24A0BAA10DC25EA1BC1037EFAAAEB30
:1036D0002AD9D0E6FDE1ACFC9403AEF30DF6A6E9E1
:1036E00045E90EF99DFD7DF70706D1FDE7FFCFEF18
:1036F00016FF4EF887E5AEE663F5630FF7187C1EFC
:10370000C210ED0A59F851DCCED449E9D2F2F4F5F1
:10371000E9FB0AFE6CF617ED84F2C2022709E3FC0E
:103720005B003DF9DCF2BAF3A5FCAC04E6EAB3F7C2
:10373000ECF8F206E30E7E1680163F0059F62AD406
:10374000D6DD14F26F0B670848FAE20186F88DF7B0
:10375000FEEEBC05F30A30FD67FB190613FEF4010B
:10376000BF0B930464FC12EE8E01830896105D1467
:1037700007156B0387F9E1E8E4E71201BD11FC06C8
:1037800043051B020EE01EFCA1FEF513090B9D0A6A
:1037900006138C03F2F726F57105E0FB76F631F59A
:1037A0004CFAE811270D6C0227084EF809EFB8DC37
:1037B000A7F7F0146E102CFE59F203020304E4FE86
:1037C000041358097212970A5216FF112DFEBC09F4
:1037D000E5F9AEF1A9F07D00E60BCD0CDD08B70DE3
:1037E0008CF323ECCF0156EEF2FBFDF3AF15050889
:1037F00062F9CE1176081205B807F9079A02F700A8
:103800001A04A90F581152019AF95401D4FBDC0A89
:10381000CB018A0690FE63F764F9B4FA7DF956ECA1
:103820009EF4140672105CFD36031009F612280887
:1038300053144E0321FE700ECB10EC03AA0D50075B
:10384000080958085300CD07390E2A0293051EF9BE
:1038500051F6CEF9A1FE3DF413EFE7001F10C701AA
:1038600018F87C0B240992249D0C15053AFD2A10AA
:1038700028FFC101DB02A1F97401EB09E606140679
:103880006510420BA309A7F65AF66BFB12F031F252
:1038900022ED42FB09FDA5FC420AB4FEEF0F85159F
:1038A0007111C20BBC0F200380012B061FF888FF8B
:1038B000EAFDE0F9D7091D11A20BB9064007E101A5
:1038C000EFFDBAFA68F0F9F714FB2900EA0EE3FD00
:1038D00034FF730D4F0300270D189714CF0A8E0283
:1038E000D402EA029BEBF2F8BDFC9503F0FBEB047B
:1038F00062113D14B10FD0F3D3EF6FED1200C50488
:10390000400FD2F64D089CF99AF666073A219B1BA8
:103910009B09F50A25FC83F669003FFCE9EFFCF101
:10392000A901F201CEF6E406000AB40F9EFF95014C
:1039300050F79F026F04B807D61BEEFB84FAB9F963
:10394000CB04F6047F1BB7FDA0F270FCD90CE4FC9D
:1039500005FBDFF93E02C8FC35F362FCD0F74007F7
:10396000D80DCBFECE0BE3F77D122E15CB176509D4
:10397000BA088EFE3402FE0105F69E093F08D1FB0F
:1039800031F6DBF4B6095E0728F7CCF79602E4F3CC
:1039900087F4A4FB6F0058F916FB4104B809340DF5
:1039A0002E0EF61759112DFF4D082904BD0515F7E8
:1039B000A208B606DFF8B707FA0474FA030DA5F8F3
:1039C000EFFD8401110F970C890453F997004CF90E
:1039D000DAFB85FE06FAF300F00E4010EE0CC3147D
:1039E000C6075F06440026FD6B072FFB11101BE482
:1039F0003CFDCB12D304DA0FAA0362057B185E09E3
:103A0000730516FF0DFD63FB4C0BAC020E04CBF5EA
:103A100010F0F5F552ECBFFDB90786076E0707FAFF
:103A2000BC01E3FB64085908AA0C53027E0CC109CF
:103A3000E2FEABF4CE0254F226F97FF4ACFD58035B
:103A4000A8FBAEFDBAF35DEA59EDFF073EF937106A
:103A5000CD10EEF48EF5F2F6BE07E3FC1CFAE30699
:103A600010F3F8F088F370FE90F2B6F4D4EC12FA8A
:103A70002FF336F589EA2DF533E852F5D9FAE0FC53
:103A8000DF082EF93206730676F5B70294F9930132
:103A90001E051FFC7E010B01B8F73CFC86FE85016C
:103AA00015003D0A29F8F4F7470764FBF2FD4001D1
:103AB0005F0838F9CC00FBF539FCF4094905F8003A
:103AC000C3FC0B055BFE30F99905E5084B04BC030C
:103AD000280A310BD7122B13CF0712115208CDFD34
:103AE000BDFBD8070801ADFAF411060EAD10301277
:103AF0001214BF05FC10B0075A01BE067AF5010A80
:103B0000B30258013806FCFFE1025009A10B4B1328
:103B1000061FA626C21B6E0FAE22A50ED50BB31F25
:103B20004D1E742ABE212A099E22EF228D16FD13F6
:103B3000C510C0089709C70927FE1DFE2E04C6023E
:103B4000030D40FD87087B037A06D70E600AE00D5F
:103B500079047702950E9815B3155705D70AE20B2D
:103B6000BBFB3B1436207016200832FCB50B8A00D4
:103B70007A01F90651EDDCF54AFB3AF9F609ADEDAB
:103B80003706540D6E033302CD1CC50DA417070173
:103B9000AA0C310738FD7506B6F9EB0A0D06D70DEC
:103BA000D7089205D501750C07FA77F5BCFA4604DB
:103BB00030FFF0F8B0F0B6F655FB8C04970C4708D0
:103BC000B605070981034E0B9B0CAE086EFEC6F8C6
:103BD00099FE12F9A6002FFA580FFE05EF1B2505D6
:103BE0004EF642FC3D059B0450F614E34FE700F40B
:103BF000510AC610100927FD5B07980378FA8F0455
:103C000050FF32F659F8C60178E9E3E7C5E402E966
:103C10006504202C490854078600D60398EC79F0F7
:103C200057E009E900ED66057C08620D760C06FD9B
:103C3000BFEF1BEB00F9A3F018ECA7EA18E54FD68D
:103C40002CE5E7E475E6BBECA2EE2510170B6F0739
:103C50009C00C80E16EEDCDF37CA6AE4E0F4EAF630
:103C60008F0543082B0A89FDF40478F602E785DB0B
:103C7000B3E826DFECD1E3D3F6E7B2EA19E516F7AD
:103C80001C0319097DFCA20F0A0AB91398FE63F000
:103C900010CF53E0A4E76EE616F3C9FA50F52007FB
:103CA000F6FB44E0E8EAAFE08FE0DFE1D6EB80EF3F
:103CB00041EEB9FFF5F210FB3A131B0F9B1C8D155B
:103CC0008705CD05FC089EE499E96EE186DCF9F1F3
:103CD00077F5800706F762F95707CDF981ED3AFECF
:103CE000C7F5A6FE38F703095610640D180F620FCA
:103CF0008A25E3150E2D370A22FB63FF8AF488EE2E
:103D0000D0EF84F387EFCDF4170016F4DDF589FFCB
:103D10006D038F0F30125A14A001D0F9A9094E1863
:103D2000C1097013480EFE14361AA525F918E70DBF
:103D3000BBFDF610E315E31DCAED69E4ABDE09F047
:103D4000E500BBF2AFFF89FFAB0D4F19AF1A3D1570
:103D50004C13F605C40D801203140A12590C5905B0
:103D600042136724BA23E20AA6FBEAFFB61E3B1100
:103D7000CDFCB3FD67EA40F383F7C7F5B606F10E55
:103D8000841A7F10A50EF9105113150AB00E6A0D92
:103D9000930C30141213BA0F3D145A0D3917111C1D
:103DA000C4FE27024507C80D37F8CEEDB6FFA1F4D3
:103DB0001701FFFF97117121AA1A4A0D0A127619ED
:103DC0001416AE08B913190DAA07580EDE067E0B9D
:103DD000320FD8055A169E16E8FBDCF6EFFE0304F8
:103DE000D7E6EDFA92098BF8B712BE07721CD623FC
:103DF000C810D50F3E09790AFA0FB910BC0FC80ECA
:103E00004A02E60F90048EFA2F00850ABE0932118D
:103E10004FF876FA73FE77FAFAF05EF7970D4F03D4
:103E200093160C128A22911D17145C055702800B01
:103E30009D05B312F204C4FE450B3E05A60AE60535
:103E40003FF6F51BA80D1C03F9041DED1E0CACF587
:103E50003108C605E50E29041E10A01E8F136F1928
:103E6000E8FAE4FBC2F88CF760FA480B8D074D09BD
:103E7000A9085711DBF84CFDA80E0D194B19BBF919
:103E80000AF6D3F0F1FA4AF98B07CE0853167D18DB
:103E9000B30E5308110C0FF477EDBFEB00EBCDE838
:103EA00092F4D1F50EF93EFA5BFDEC029503E70FB3
:103EB0004B17A6154523E11832024B0683085B0217
:103EC00024179B0318030A04DD083D0957FB38FE3D
:103ED000CFEBE6F269F3A6F569FA4CEF96F474F3CA
:103EE00009FBC0F5F8FE3F00B8F4BD09470B270AEF
:103EF00076F54BF6A2116C0B38093104DE09A101ED
:103F000032F6DBF5330011EFD8F75DF36CF042FCCD
:103F100074F517EFA5E7B8EA50FEC4026A0234FC54
:103F2000CBF414FC2C03FFF2F0FC0202F0FA8F0336
:103F30001C01890C2CFE5F14390D6B116EF96206A1
:103F40007408EE0C3DFD06017FFC08FFCBEB05027B
:103F5000BD05580474FC7DF940F8E802AD0EF30786
:103F60001805E2F9E2FE78EF71033303A5069C0021
:103F70004004B5052005B216AD067C02E3EB4AEF1E
:103F800087FCB9F6B6E9C0FD6AF540F7A7F142F241
:103F90007F0137022EF470FFD5FB27F744FC1BE4AA
:103FA0003A0CF2FD19FE87FBB00C0B11370097039A
:103FB0003C018BECF3EAFAEDA4F9EEEBCEF157E716
:103FC000C5D8B5F334F9BB026AE974FF370121FDA6
:103FD000FEFEE305E2FA0AF45DF611FCE70497FE43
:103FE00023022819CE0D74093F03510471013AEFE1
:103FF000160829F76CDC86DDCDDA18E7A3F539FA67
:10400000BFFF7BFCFA03ACFFAA067DF77FF8941391
:1040100089F128E357F08BF45CF260FC9308FD070C
:104020006B19D10C2A1B34106A02ACF4C7D86FED9F
:10403000D9E9DC08871AEB0A1C0668101E060B007B
:10404000150382F9F7FBAFFF27FFCCE4A8F419EFC3
:1040500071E53C03E7058AF83FFB68FF2CF0D4F4D8
:10406000B1EA2EEC9EF0E6035BF34AF02B0FFFEE75
:104070005AF7DE0965FACFF5A8FE24F89306A509DC
:10408000110521FCF7F34DEEC7EDADFE960881FB5F
:10409000D1FB1AE130EC36F2EFF8DDEEE4EB44E967
:1040A000C6F84408DA084102E6FF4EFCE3F6570A78
:1040B000BAFDEC060FFD02FCE8FC0B0886011308B4
:1040C000B302BFFB12F985F879FC1FFF6BF3C3F74E
:1040D000F802B406C5FEEE02C4F993F6B7052F0642
:1040E00038FCB5074A00150663F8F1FAC6056E04F8
:1040F000ABF777FD3D075A0734167913D8FD070251
:10410000A604B90632F8350CA6069604870FFA09FC
:1041100002069F13DA0AEA051BF61FFA92F8AD09A8
:10412000F9F660040B0A9511380CFE04B7FD39103E
:10413000380B6A029AFC52089509AC0569003DF9F2
:1041400087074712F2014E0453111506A517D01127
:104150004BF5B1F453FE7401670294FFBFF43703CB
:10416000F00A020949002708C910CFFA980A560F29
:104170005E0A41066CF74505B90650FC880B2C0C0D
:104180007302D11099095E08940C6BF75706EAFC8C
:1041900092F5B80005F9F600CD14ED0941F1A80635
:1041A000FDFDBB08650D340308050100ACF313F7F2
:1041B000370540F72F01A30ABA0BEC0EB21509160A
:1041C000FE0ECCFFF009B5012B02950434EF39EF58
:1041D000A30741EDD6F7060A8A025618E00AA5029F
:1041E00031F163ED0CF7ABFB50F59BED53F17B0127
:1041F000DEFC3D05F80D7514C918870B901D4D0C9C
:104200000DF725077FFC2EF394008101F8012002B1
:10421000CD0E090E9C017208630365F510E74EE4AC
:1042200091F15FEDD2DCA0F731EA93F26B0A9B20AB
:10423000BF1A52192F0DA208650964FC05078EEEFE
:10424000B00CF8052BEEA106480189035E0AC103F4
:10425000D9F8A4F5E8E459F5E9EAD5F4E2EBCBEDB9
:10426000BEEC48002DFB0817690F871AE715F90007
:1042700061102BE62601D7FF8AF756F72FF5910438
:10428000410B39083104C3FF7A04B6F2B5F0DFF10F
:10429000DCEFC5FD8AFA14F10A065C0049055F0DE2
:1042A000E514891DDC0A9B105AF81EE59BFEF5F803
:1042B0001604BCECE9EECAF0F90411FF2E045C060A
:1042C000B8FE2DED0FE28EE3EC02EDFD13F99DFF3C
:1042D000E6059E0CF9FB5502F309621D3A0063ECFA
:1042E0004F00BEFD2400EAFE7CFAFDE3B2ECE7FCE1
:1042F00048032F0D430C610D6A0B97F1A8F4C7EA30
:104300009E008D035806F9F027F87800CF01C6F615
:10431000130EC6FF3408A3F183FC6305E5FC0DEB27
:1043200085F095EDFEF63105F7FE0B14060BD8046B
:10433000F601F0FE16F50CEDD80FA80B510C2DFF71
:104340008FF6F7F4F2FCA8FC080F5507D90AE6FB34
:104350005BF7B2F6BCF0E7072DE972F7DA09F20D68
:10436000CC0181074511491335FEE806F9E549FFFF
:10437000DAFE49FD2CF88BF5A70A4009A3031206C3
:104380001A114EF224E8FDEF7C080503F4F763F3FD
:104390002EF02E034C0327FEBD0A7508490B65FD60
:1043A00062FE76F97DE9B7F845029C02140FEA082F
:1043B000450D520A6F06361931FE63E8E3E2C9F291
:1043C0007A04F5065F0053F7DDF2DC04F40A2A01F3
:1043D0001C076A122D07221207FE08FEE0EF9CF868
:1043E000C3F408FA5F0B0BFB49010A098B1029057E
:1043F000B618E00574DCD9F8C903B3067C0B76F473
:1044000063F0870BD4FE2A174D0EEC0FF4007805ED
:10441000440D6A049908A9F8A4001C043E04FA0299
:1044200029F2ED011010690E8604F40040F0CCF37F
:104430004DF32F0306F79D0CF5F331FD6603A50A36
:10444000880DD3FDA2034803AC0A4306AB09220D35
:104450002CED50F61FF2BB043BF5B70498093B0B5B
:10446000BAFB540064EAADEC1109D208090623FD39
:10447000A8FE1901740AF0FABC0D4BFC1A0267027F
:10448000D50BE506EA0282080D00A5F9D2FCA6FFCD
:10449000B3FEF5FE2C14DE0F920120F624EA93F50C
:1044A00023FC3FF7B8F15600AD070D08AF0013FA33
:1044B0001E0277FEEA04E10FA1183618A10232FDB0
:1044C0009CF4D9F64DFC88F5B0F73D0B0B083AFC8F
:1044D0008AF8D1EBDAEECBEFCAFFEAFB8BF2661279
:1044E000DCF477FBF2FE01FF10006209F5FC3E19D7
:1044F000DA21B1066D05B50CC2FDF9F2C909640AED
:10450000E0FB8D0318F417F7CCF997E415E536F8BE
:104510000EF925FFB4F8CBF83E03B7F816EB41FED1
:104520009FF778046204910BFE15570E9705D7107C
:10453000D6F932F923087905741048F2E9F449E80C
:10454000F3F047F2ADFB9AFEE9F47E050104AEF606
:10455000FDF931F033E2FBF6940450FD630D1D15B7
:104560008B0BAA0BA0059C09AE028A0FD804680821
:104570006B01F6F2210361EB07E32BEF23080A0A34
:104580009BF49C00C1EF8BF12AE913E1FBDB84DF94
:10459000C5F2FBFE14062E123009050DB2053808CF
:1045A0008C1595003800A7FFC7E6ADF09CF98CED9F
:1045B0008AE65CFE1D1695FCF50031FF8606440177
:1045C00044FE0CE73EE324D803F249ED6CEBC2FC59
:1045D000AAFF3105F2117E12EE11E8FD20FA25F452
:1045E000F7DEE3E7BAE910F9CAE64404660D5B0AB0
:1045F000EE050C03ADF23AFB0C0897EA49D8EFE060
:1046000009E27DF224EA1AEF9906230FEB07E30A89
:104610006D0648EFD7EEB8EC05E345F18FF663F68B
:1046200054ED1FF4BDF4FEF54B00FEFC3704A60963
:10463000B0F27BE64ED6F9D620D4ACDE57E43EF39A
:104640003AF66AF247F689FF4DF573FDC5F62CE997
:10465000DFED8DF276FD27FE3C04AFF736F9A7FFBC
:104660003C05FEF874FE9E0815F3CDF5D8EFCDD8C5
:1046700034E27DD428DA4CEBE5E545EFCCD0C7DF5A
:10468000AFE332F1DAF0F7E061E215F4CAF7C0F512
:1046900073F393F57F04DF025A09DDFF16060CFF62
:1046A000BAF8E3058503F6F0C2F113EE27E84100FE
:1046B000C9FBC7EB65EC25F04CF0DFEAB9F2A1EBE2
:1046C0003CF639F666EEEFFE3BFED9027EFD420572
:1046D00074FDAEF9390078FD6205C80085F638F63C
:1046E0003B0337F992020EF6D6F7ABF35C07F5FB06
:1046F000ACF950FFDAFCF3F9860044F977088DFB3A
:10470000EEF8290689068407BBFA5EF7D8F77F061C
:10471000B3F6AFFE1F055E035701EDE781E5C1FA71
:1047200097E5FEF230F9B0EB88E962F754F84F00F4
:10473000E3EA78E8AEFAF600FAFB87F80F083DF8EE
:1047400087F651F75CF74B0A170073FDC6F4EBFBD5
:10475000B9F465F117F956FD6F039DF034EC9AF446
:104760004CF689E5EFEAE4F048F47AF391F8B4FF07
:1047700099FD890AA9FF13FB04F947FD2907940055
:10478000FBFE43061B004DE55FE2A1ED620548001C
:1047900070F1DCF55FED66E2EBDBA2EBA5F5B2E9CB
:1047A00095F5C6EA75F4A5FEAB009D014FFE16FA1D
:1047B000ABF8D2FDB500D00267FDEFF9A7060806F9
:1047C000D5FF090FAD02FAED66E8F5E78ADFC5E42B
:1047D000BAFDEFFAA8FA150ED9017F0654FF33FD92
:1047E00098EB0BEDC5EA65F18D08CDFAD8040013FE
:1047F000D612BE0F0B0F3B06EDFED10C37FFD7FCD8
:104800000FF607F300E941F62FF35BF6F808F5031E
:1048100023FC4413010FAC0B65F91BE5A5E895FAE1
:104820005DF7D80998FBC109FAFC6DEB19EDD3FBD4
:10483000AEF651090800CE04690120F819F569E2C5
:1048400050F1ADFF2A086E00DB047F06D105060C8F
:104850009BF739E43B0D8502EE0036EAA5ED0CFE30
:1048600022EF74EB2FE155E1E1FD120A14096FFA12
:10487000E7FBD6038EF4C5E515FDC404B406900C21
:10488000800F9AF96003F3080EF557F47600B80A22
:1048900017FA39F6D3F50BF70A06A8EDA3EBA9F43E
:1048A00070FA0E0B4A0A2E06FCF381E7CFE1BFF83F
:1048B000B80AF21056F776FDE0F35B01FEFD84F3D3
:1048C000CEFACDF3F0F686FAC6FBE3FCC10B5F1916
:1048D0000404BF01A4F855F690FDA210E401EF070F
:1048E0007BE756D333E84B002F1BFF15C10962F15C
:1048F000F8F41805C0071E0043F569EBE0E95E0D0A
:1049000080093106E506591B3408EA052BFDBBFF7B
:10491000A9047414E8199BFC08EB5AD1AAE30818FF
:104920005E27611719109EF9CF099501F103C6EDB5
:1049300011F78BF958F35805ECF932F61E0C3206D4
:104940005EFFCA10FCF50DF64207371BE5124BFE61
:1049500085E0C1DC46F5FF185322491A5C150109B0
:10496000A41AC2098705E0F51EE669F70FF21909D6
:1049700065F97B014E022F036E07A008230C42FD50
:104980006A095A07B00178EDA7E355E376082614C3
:10499000331B2B142012A31C8C13021A1F1608FBA6
:1049A000F4FD13F3BEEB7D048703830ACBFBEF0812
:1049B00047127BFDEA0B02114B06510C560459E5D8
:1049C0008BF6A1012812E50FC50D2C10501680188A
:1049D000F9184E1E191356FA0A009C0E530AE7F5F1
:1049E00086F56403CD02280CA719CAF02CFB3E16ED
:1049F000AF126401BAF652F796FD6F094611E9024B
:104A0000850F480BB80BCA055A119D09F91278FA9F
:104A10008A016F11CC04B5F908082BFC3C07FA0B8E
:104A2000B30EEEEF8BEE3C0C530EFB0FF2F50FFBCB
:104A30002101C31754030A0196F0A5F879E788F617
:104A4000C1F9F607A8FECDF92AF1FEF52914690B84
:104A500052FEA0FAB407EAFE260563F541F4A3F876
:104A6000C7098CF956F9C7F30816A413620CA1F113
:104A70006EEE23EDEFE75EFBF4F6B904510215F795
:104A80002BF55C0E5119E31539FB2A0CE30232FDBC
:104A9000A1FDE2E431D97FE949F679EDE1FD2F0D81
:104AA000A5156C09C6EAF1D5EFD94EE9C0E818F0B2
:104AB00003F7CA0EC0F2C2F57BF6B01FDC1D6A0216
:104AC00008FDE4F4D3F7C403A5E5A3DDE5DFCEF1EB
:104AD00073F0EDF49BFC1B172122E1FD7FD728CB5F
:104AE000FBD6350224FE7BF3C201D6F95CEECEEC98
:104AF000F8DB4AF97117E7011C0227FEBDEF8EF6BD
:104B0000E0E747E8B4FCBBFAFC04170BA314E92068
:104B1000A91D22F70DBA19C6CCE395F637F7C5F1F2
:104B20004DE5D8EFA8FD12E6C7ED9AF7040D4E0744
:104B300025F6AFFB84DC06F472FCD007BDFCADF2B9
:104B40004B00030F8C12BE229A050DCE7DC11BE2D5
:104B500021F2AFF634FCB2E76CE20FFDE2F87FFB26
:104B60002AF35DF9AF108C06930888FC35F46BF6D8
:104B7000DAF8B60D46FBFAFF6E024416C6189B1211
:104B800067FB38D924D430F782FF140C290E5EF26B
:104B9000D1F188F7FBFD4602CF036BF2400EB7045C
:104BA0009100C7099FEE95F531F8F40F2012981285
:104BB000081637165C0C97FD5EEC7BEE44E5E0F8DA
:104BC0008208E9036409EAFEAFF191F54700F3FBBF
:104BD0008D0CCC0BB612DCFADF04930143F20AEC25
:104BE000F9F11E077F12441FCF09AE12C5071E0040
:104BF000EA05A5E61AE126EB49FB51052B0B340E1D
:104C0000E803BC00600808053912E503DA0A2B0A3C
:104C100052F627FF84F7C7E679FC580086169215EE
:104C200081049B09F504B5F3D3ED91D559E4EAF479
:104C3000BEF3CBFFDAFFEC074DFBAF0A2C0F450F9D
:104C40005F0D03FE48FD89FD2604DAF8B9F7580F19
:104C5000E5197524F404C21D4F226A1413E64EE8C8
:104C6000EEDEE5D1FDC5E3DF54F0120383053CFB26
:104C7000EA07D80E370A2AF667F246FFBAFF27FB83
:104C8000C6057F076207DEFB180AC023F01EB71DAA
:104C90006D16CD0B820B8CFF57E6BFE8E3EE58F4A0
:104CA000F7FCD6F74E00950E8122B31BA712E5063E
:104CB0000A161602DCF6B001C2066AFB890A6CF815
:104CC000B5F7FA00C3F91B023D069100C20C1202AF
:104CD0006A07630A8212A410DC06FD0B6CFD1EFE3F
:104CE0007D0F7315E30C370A8EF6DAF7F8FF640AC6
:104CF000B602AF08BC016BFE3C06670A24019FF5B3
:104D0000310AC905210469FF8F02B4FB30FEC6FBDE
:104D100093068DF82A05DD05C8F953F931F96403C6
:104D20009FFA1DFDEA0100F8FAFE5A0A5E0022F61B
:104D3000B500B40BC6FD7403EB04C6105703D506CB
:104D4000E20FC518E60C670EDB0735063A00BD100A
:104D500001129FFE1E006D0A76F60B02CF0356FD70
:104D6000C8F822F80FFD97FD3F0BEB05F3068314FF
:104D7000D4043FFB4A043506F90DAF1C6C046506EC
:104D80008D112A11BA0D7317221304FFE608DE02F3
:104D9000280952FBA8031406410782FD1603D2120C
:104DA00070095EF58DFAF2F3E5F99F051B0C780B9F
:104DB00082030D09991BF616150C73087807F10A82
:104DC00048F2CD087CFDCE03760C67FD13F6B8F9EA
:104DD000EFF8D8FF93F519039503F5FC19F21C06BB
:104DE00023F0ABFF8902E6F56604E301D700A004D7
:104DF000DA0702047EFB4C02C50398089EFDD3022D
:104E0000B2EAB9FC31F251FA07F9D6071A06F6F8F8
:104E1000A7EF6604ADF07CFA47011409F41096067A
:104E2000560A14033BFF0BFB6AFE92F62407C606E4
:104E30005EF62208F909CD0E4F0224EB21FE55F64D
:104E400073F6F400890BC3DDF3EFF803D1F9B0F585
:104E500089F4FFEE3509EC15B90E2E0419F00AECB1
:104E600014EF09F8E4F72CF856EF51ED66F72B0331
:104E700064061F0D1808F8F8CA02F5FBE2FC56E3B9
:104E800015DBC9F2C8EA06FE73002802C90F211813
:104E9000D0183C0377F901FA1DFF1B0D4DFA1A04D7
:104EA000DC0183FBF6FAF4047B0B990CAF0610F9D6
:104EB0000F13C0F040F27AEF03E0C0F830F8C500FD
:104EC00077F50D01950B6515C113D6FB6AF2EA055E
:104ED000C9FA8CFD47031AF6D4FBF40306FABF04A3
:104EE000860E3613F9028001C0FE15EE00F007EFC2
:104EF000D4E316EBFEE7A300F1FC4FFD2B0F791373
:104F0000C714CFFCC5F0F7ED79F4D5FAAAEDC9FCCA
:104F10004BFD87FF9CFA9100591A4D1625F7110F8A
:104F200053FD60F9CF018AF3A1E7A3E9FCFB71F817
:104F300033F67802EFFD940E35174FF78FE787F5BC
:104F40001EF19AF486EF28EF08F467FB5FFA08FA7F
:104F5000E906F5127707ABF906F9FBF9BEEC80ED2F
:104F600072E6FAE9C8FF7E089FF4760071FD0F072C
:104F7000E70712E7CCD629F3C3F70405DFF7AAFE4B
:104F800072FADDF1C3F945F8A9F868FF61F78EF709
:104F9000E8F5DA0023F0B9EA0FE399F2B902780CE8
:104FA000670A79FDDD07EB161D06BFE648E157EEFF
:104FB00082FA85FEB5FC6EEB83FA42F00A0423F810
:104FC0002E062B065B083FEE07FCB201DFF4D0FE95
:104FD00063F88A0977100D0F910BBA0BF20D790562
:104FE0009FF2EBDD3AEB9BFBA8FB36F3BAF77DF8BB
:104FF000E0ED9AF8E10FF50D961251118FFC9BF63A
:10500000A90D70F9A3F71C031BFA450AF20FB81299
:105010003C14A3FE1607D5ED3EF071EC9AF255FF55
:105020009CF368FFE6EF4BE850F4D4FC4903011B06
:1050300039158D02DFE41CF20C070203AC0A5C0E8A
:10504000640A870FDF0AF11B7F08830EA706E6FAC2
:1050500020F4DAE6BEFDC9F8D2FE06FCB4F3FAF598
:1050600014F7D803EE0B9F117E03880ECEE642F6AE
:105070001902BFF928FFA81318FC51086204F806AA
:105080007A10A10109F76F0511F547EB3807AD0F4D
:10509000100EA0F2E6FF77F8E3084DFE3A00C60DC9
:1050A000FC08FE13F3ED9DEFA30144F38D0CC0F952
:1050B00044F2EEFE6B02D50A0D07A4010FFFADFA14
:1050C0008DE013E599032C156F06E507ECFB35F928
:1050D00047FFBF0C6F11F207FA0F4202D3EA9BE9B8
:1050E000C7FFFBF8E7FAA0FBC8FEAFFF7300F503AC
:1050F000BE0748016CFD8FEDA8DF88E94407AA1AB6
:105100007A082B06680967FFBE02970FB3129C0648
:10511000C7055FF7A4F447F2A6FA10FF2C0D20FA9A
:105120006D0E10F2C8090101FBFF90F2CBFB8EF06F
:10513000E3FC11F1F11D451210146406981070087B
:105140001B0BAB15AD06600A580660FC34E862EB39
:105150002B02E4FADC10F9F3441206F7F2FCF0F348
:10516000E20560FEAB0371083D04A8085B0555101D
:105170007217A114AE1B2F181805E40802117A0447
:1051800080038CFD10FECA07F10438F7F90994FB7F
:105190001B0E550D13068D062511A40370029105F3
:1051A000D006A405D209BD10C603120D3010C500EB
:1051B000C0145E12DE0BB6FD0DF272FEF90366F648
:1051C00054012B01EFF63FFA500C7908F300F3F885
:1051D0009F0DC5FC4805DA092E0B60FC8A05D10C31
:1051E000BF0B0000C80A8207ADFE5709B0F3D6F81E
:1051F0004CF3A1FFE11F330AC101F10087FB8705D2
:10520000CF0A02022C0BE0F62B00B7FB2EFAB401FA
:1052100022FE1EF690086806D9FD370658F7C0F240
:1052200087FCB805EAEE0CEF01EFF2F6790C38F6E0
:105230006F02F6088E0CD9FD060F870ECF05B4FC61
:10524000E7F5CB088D01E4F03DF6860247FA33FD21
:10525000C7F55AFB9CF9E3EB0AE86BF16AF1FCEF46
:10526000AC06BFF11F06F7F936F934FDF5F08EFCF8
:10527000F602D501FC0242FBC700E20672E712F219
:1052800010EF01FB90EF71027CFA96F0B2EAA1E513
:1052900001F274F50D0C13102307DEF61600F2FD73
:1052A00004010CFD640325074CF690FFDAF5B5EB1D
:1052B00029F7D2F721F496EE8BFF48F8B5E28FFF7D
:1052C00052F036E31FF61BF69EF15302EDFD27F078
:1052D000E4018DFA2A067D0A58FF7CFE45F8A9F9FB
:1052E000AF02DB0551F882060EF368FC06FE75047A
:1052F00075FB8502DEEB4FEEDCEE5DF0D6EB930244
:10530000B100FDF241FFDD037FFC9606E505950146
:105310003C05AE051106FF06780843FDF70092092B
:10532000E0FE6DF8E9034AF9BC03920201FE88FD34
:1053300031FCBAFD0309EA0098017FFB76F63D02D5
:10534000D8F57806DFFB53FC30063D07C309CEF5E0
:10535000A300E0F878F630FDD206D4059D13A4FC36
:10536000BA04F40FD9FF7BF96FF363F0950B660D68
:10537000270A9B00AEF62E009EF9660620047909E6
:10538000CAFBB201DAFD48F08106EF01D9FBA0FBB0
:105390006EFCEAF799FDFF04780D29102803AA0492
:1053A000850B76FCEBFD9B040206671B9512EF163E
:1053B0007E0C430C2D0A4E03FF08F400DFEB76E968
:1053C00013EF530909063AF78DE422E65DFEF2FC7D
:1053D000EBE742E6FEF9D2F0ADF0F6E8FAEF09F4B9
:1053E0002604EAFEF201830CA00287F95A08C504DC
:1053F000AFFA970A03EE42EFAA0E40F8DAF048E857
:1054000056EA9BF4D9FB39EA92F1FDF58AF98CF959
:10541000CA037CF540F8680310012205EE12310A38
:10542000930B64FC90EDF30F97084E0966FD5BF457
:10543000F4F36DF5B0F9A3F65201560EF211D5FA58
:10544000F3F529F71CFEDD05EFF29FFC5CFE28FD5D
:10545000B5FD7201CD07590B0B00B4FC66FBAB1018
:10546000F308A4EC56FF3CFEDC0306F82BE9D4EF6E
:10547000EC003A0F2D05C8F532FC37F4C8F1EA010B
:105480002B034403DDF332FE670A8EFD8C04AEFE6F
:10549000360AE30405FAC60842064AE14FF8B7F5B2
:1054A0002D06C80277F2B5EF00FB58085BEF3B070B
:1054B00079F33F00CEFF0B04B2042813B70CF207B8
:1054C0002806EC048206390C210BAD0238021F05B8
:1054D000BC0901E819007F00550C0B032EE698F279
:1054E00093FB8D052BFC3E00EC06B0013504B6F8AD
:1054F0003A0BF0FE29044EFB85F4850B70F934E479
:1055000012FBB40682FF0BEF43F434F0240A84F25A
:105510000000E8F058E6D8F39E006CFC55F9B60A96
:1055200050F62AF522F900FEC30575F88500E8FD5E
:105530003C051EF2AFE4FAE2F9F42CEAC4E715FFE9
:1055400075FA6EFF93FA49F252FD88EBFEEC74F3A4
:1055500022F45E01D40011F406F633F46702E0038E
:105560005FF46EF9D7FA9EF8D5FE2AF120EF84ECAD
:10557000A9DB39F179DC1EF0ADFA8CF8D3F3BEF477
:1055800024EEF7EC24F610F8E3FB5CFB290DFB0B93
:105590001F0EA408D6028D00270886F73CF558FB9D
:1055A00059F49AF5BFE27DE07DDAA9D4DBE71BF57B
:1055B000E40645F0F6FCB7F05EF33FEFCFF0C7F539
:1055C000B6FB1310F2073414F609D904E80274F498
:1055D000FB0FA8FE24FEC408E9069209D7F4DBEE0F
:1055E00003EAC1DF57E74CE49405C50494F109FFD1
:1055F00042F7E2EFC9FD83F56405650C3F128B0E9F
:10560000AE10190BFFF4A6090E0C1202E404610D92
:10561000F70CF10D7DFB3FEAECEB83E429F1B3EEEF
:105620008FFAE3FAF7E794FD88EEE5EBCEE230FB84
:10563000E002FD10F810E718261432F85AFF5F094F
:105640005B0A6F0E980BA60944009209AAFE14EBA0
:10565000F8EE6EE62BEB29F633FC7CFD52FDF2F8FA
:10566000FCE667ED10E6B8064E09AC105414B01114
:105670009B01D7021C038802EE056A073F0CE90E66
:10568000550644F685FDF1EA08DCCCF27CFD7DF898
:10569000A2FA9E0083F782EC90E194E4E0E9CB016A
:1056A00049159506CD021118400B87FF80F621049D
:1056B000AE06B30BC3FEE809B201BCF438EDF0F45A
:1056C00048F676EEDAF543F44A007DF9E3076DEA31
:1056D00074F36EEAE6E80103760E7D0F940D91FFF8
:1056E0001009AEF76E0D4F04390D03095102E8069B
:1056F00020FDD2EC0CF12BFF60F399FC85F852F3FE
:1057000061F129FC490E58F6C1F624F733F374EF22
:10571000240AA809FAF8D805971197087A0E250ADD
:105720006905DAFC750A3BF4FB029FF01FED57F99F
:10573000C1E861E01CF5F4FFB4FF2CFE76083414D8
:10574000BFF495F2C9F749F990F371F72FFA8AFB84
:1057500063095501A3FAA102E8FB38FD87071DF490
:10576000AFF5E8F172EC20F2B3EE78E519F699F1B5
:1057700016F7940966FB6BFDC6FC5EF5A302E70015
:1057800023F29CFF9201EBFC950239F5FFFC47F7F1
:105790008A098905AAFBABF856FA49F9580476013B
:1057A00097DFC9F077FAE701BE0170F1DAF2FEFD8A
:1057B00087F3B8F539FEF7EF300AE5FF94FC19FBE3
:1057C0005706ADFD7AF3260B470032FF2BF4C5F4E4
:1057D000CEF233FF670CC40DC6F98AED1A036709D0
:1057E0009FF722FAE3F67BF9CBEB1AF82E031FF7AB
:1057F000B1FDE4F9FD05EF0161073D0771F6B40560
:10580000460A26F52B032DFFB2F8ABF80DFC6A080B
:10581000E10104F65106E007B90280FE5BED19FDD7
:105820005BE5A2E926F7DA10F803A0FBD4FA54FFEF
:10583000A6F5E903EEFE1D00A8066E056003CF0C79
:10584000BA0781FD0AECD0FA9B0311F80DF918F79D
:105850005705B6074AFFCEF0EAF7E803AB055C0848
:10586000E5FECE045C05C6FE1EFF7DF655F64AF940
:105870008F0A15FABEFA28046104D0FD2FF9F70447
:10588000D6F608FFD2F557F9E3F7EFFDBE0AC50CCF
:10589000A5009C13CB03ECF7F5EF42F6F6FC54FBA6
:1058A0007DF3CDF096055A01D1F7B000BE05FEECB0
:1058B00073F1B8F062FC810212F9A70019FF93FBA3
:1058C00085FD3509410150FBFE11030464043B07CB
:1058D0000C0387EEE3F9AAEF6501BFF531F7EA02A1
:1058E00041F6A7F3BBF5A8E38DE89AED7BEA10F249
:1058F000A401A60093011D05FB067D08B8FE36F93C
:105900006AFF8E044BFCE4FC50EDC4FE5CE501FA3A
:1059100011F57EE6B0EF6F02E8F684FA600A7E05C4
:10592000AAF734F32D01C7F94504DB09C90414F8BB
:1059300028FA17005708730427024409A70898FAA1
:105940006D020208DE027004C402DDFECB0E5900B7
:10595000EA043702AD070EF679F52FFF7A099EF7B4
:10596000CC058906C80198FAF9F8C605EEF7020ACF
:10597000DC07B8092304FE13ED06A919A1FEFE0DEC
:105980003510A60C30FB960B5B130F1BDD14381B78
:10599000791588107C06680037F89EFB2FF62C0AD4
:1059A000920412FD78FCF10740019F082004831740
:1059B00024126D23AB29C71F1110020B9B11480C39
:1059C0005F0A1A0B500143FD1B0BE4188F0AB30A40
:1059D0003501180061FD4BFCFF04DB036EF358FD3D
:1059E0001402E115A319520AEC2257206B13A424C8
:1059F000540D10127EFE07FF5503EBFDC2FA2B007B
:105A00007DF58AF84EF970F3DF0BCE059AFC050997
:105A10008508B708F2FA100D08FE51088109370C05
:105A2000E5119CFD3209320094FBB0F623FAABFC81
:105A300084FDA6F853F435FE36FB97E962F275E46F
:105A4000CAEC70F79E05640743F7AAF79C1125027C
:105A5000F50723127D061E05AAF657F96605A20270
:105A6000E0F93E0449FA50F51BF9FB008DFD4F00AB
:105A7000A802F0FC37FBFAE6D6F8010649FDC90595
:105A80003F09AC056113CA0DB302D70761FE42019D
:105A9000CDFBC2058611C213DA05D0079613E808BC
:105AA00065162610D7FF20F3FEF47DF1BCEC3BE534
:105AB00052E7CAEDBBF1EB0684FA891091FFAE0FF5
:105AC000690D36F61A01E00ACA094D11071194183A
:105AD000F00E1F169719F1172D07BFFD92F6C7FAA2
:105AE000BEEEF7F78EEC5ADDD2DFBCEFFDEC06FB25
:105AF00039F4CD164BFD4DF8F3FD3DFB3708190B7E
:105B0000A5108D099F0F3A1552129D130817860391
:105B1000F4FC9F013EFBEB073800BDF4840172F1F9
:105B2000F0E3B9F02DFAAA0FAEFDA6114F052FFB39
:105B30005A1999FD170708159E062B0927042501F8
:105B40005212F708D202B4FE7DF4A5FAFC0332012A
:105B50001205C8F0C7006DF1EBEED8F7D001C3070E
:105B600098FEE10B1BF38F1AEA041101DE03FA041D
:105B700018FDE507A6FFC10209E795FACAF8CDE4CA
:105B800054EF30F5D202D8FC050CFD0EEDFE4B00B3
:105B90008AF5B2F8B51299000D000F098EFE821831
:105BA000E80A8E0022096AFC79F9F0F13FF074E40A
:105BB0000CD623E740EB17E564F8B8034409550019
:105BC00005036F08CD05E50DEC07300AC109E807AC
:105BD000090675FF3507100C790C45F4E7E947F025
:105BE00007EBD1EDE3E5DEEBA1E5C3E9930775F53E
:105BF000C1039B0076063709E3F84807660832FAC6
:105C00002A0E900BAE04D00FE2F564031904A20033
:105C1000E0FACCE2F1E34AEA36E9ADF24FF787EB7E
:105C200034F9DC056FFFD204AC09C2FEB6FF3F07B2
:105C3000970091F21FEE50FB6D12C30AF5094C114B
:105C4000E8FB0F023B08DF088DF0A0ED3C0128F9CE
:105C500096FF4AF305FA4BFBC2F56F0E51094F0B45
:105C6000BA08F4F809FC19FE3FFA23F547F7CA040D
:105C7000D50E6DF7BF0E9C0EF8F689FEC0FDF1083B
:105C800099EFB5F3AFFF21032EF473F2A3FC9AFB57
:105C900018003E0F9E15350A37065A030705EDF723
:105CA00024FB6706B2F77CF98E0E66FA2BF5EC132F
:105CB0005402E907F31152122E05F7F8E40220EF1F
:105CC00032EC87F67BFC37F6C5033018D60870FA3D
:105CD0005B077AFEB501AF03160183FF8F04C8018D
:105CE000BA06B201A9019B11AEFDAC0D69FB2914E6
:105CF000AB0E9B0AE602CA05A9F963FBEEFDAEF501
:105D00001308A713C003B10B81FA8E013BF92D02D2
:105D10005406AC0574F7C3F2F6051C149708041D6D
:105D20000F0009023C0C3717460C8F08BB076DF7B4
:105D3000A5025FF8EBF676F9330ED0FDCD0736FFFE
:105D4000940A5E05B809DB0C9BF27D05070F9002F3
:105D50006209DA1F7D04ED030C00F3FE57FE28FFF5
:105D6000F20CE5057D066606DD08E00B6801010C16
:105D7000F610570A7C0D75FE2C0B2BF94CFAE3FF3D
:105D800073045D02650A960792FD5B0F040A00002A
:105D900090FBFBFBD702AE09600E480CAC01240F50
:105DA0003B04C60A5303A10386062AFB97FF28017A
:105DB0006EF48B04B9FB0E014F040EF526F91402A4
:105DC000020E9A18110B8804B4F8F900E4164F116A
:105DD000BDFCB3EFE5FE03FD61030A000B0237FDD6
:105DE000130A9BFC83FD17F8E704A202670C6F0FF0
:105DF000D1FF49F415F002084E12F70EB3F658061B
:105E0000E2F69BFF081F4C0BA70ACDFC19F75DF3C8
:105E1000D0F94DF6D7F2B6F335FE8BFDD2FA24F861
:105E20003E05C2FD37FF05063A047CF6E300B603E3
:105E3000450316F397EC38069803220AA80F400B87
:105E40001A02B9072103DCFEAAF412EFA6F391F2BD
:105E500077ED38FDCF01BB00E0F897F82F0878FD0B
:105E600089FFCD03AA0B8D16BE1DFCF9A8EDBBF56D
:105E70000001830509F8F50CFE1C590A7F08C4FED1
:105E8000C10183F22EFCEAF6F6FBC7F7D306F90848
:105E90009C06100F14087E05991020011205400C75
:105EA000971F740D5DFDC006ACF57FFA53FBA3F59B
:105EB0003102D9058809DB0C1E0F32094F05F5FEAA
:105EC000CE0EBE0C2306CB0CDF04CF153C0D4024B8
:105ED000831C5411C00319F4E904EC0C9700EA0187
:105EE0004A02F50690063F00C6014B06B4098B0F27
:105EF0006D1C2224F21A4D2B221CD0168D308312D9
:105F0000841EF51F562AD434F12DE8109B16450542
:105F1000D5F699F79CF61B03860472FFDBF843FF66
:105F20005FF9C1111A097E08F5FB3106CD14AF08DF
:105F30002C12331CAF0EBC19AA19C50D99129D0B5A
:105F40002107590ED9F73BFB9206A8003304FDF751
:105F500045F722053703B30783FEF5F6C2FADFF5EE
:105F6000E3FC59F9710219FFDDF9D204C7F867FDA6
:105F7000EBF502FF50FB59FCC7070F03A9FEFD0913
:105F8000DEFBFF05F1FDD2FF8EFF1F0482FB120333
:105F90005205C00BC708440A9C039C11570D2703E8
:105FA000B103730FFE019505C405C802F810F6127F
:105FB0004C08BB03CB0CFB0D27F73B02F4079AF50B
:105FC0000904F3FE0703AEFC27FFAEFE8B0ED015CF
:105FD000B00C64FFD605840657FE79FB1CFC6015E7
:105FE000AF0DBB12DB172E10270B720C0F104C03DA
:105FF000C702C00537FD9F03CCFD1EF864F3FFF90F
:10600000A205CF043002D2FAE8FC30EC9EED69FB29
:10601000D6FF860CA205A5FC8A07420CC1114A18BE
:1060200093FD30FD8305ECF558F7C3048704E7FFC3
:106030005308DCF930F7A5F273FC27F483F03AF249
:106040002EEB29EE4C01AAF118ED2BF57802D3F5D1
:106050007AFFFB0CE107C1FF4705EDFE2205C20DEB
:1060600078070AFD1D051F10C2F8620474FA0AEBD6
:106070001DEE04E244E93BF4BDF166F46A02EEFD74
:1060800025F8F7FE3BFC87FAC3FB4C0FD10BE80069
:1060900081F70C05640F7306580C3AF463149306E9
:1060A000E6FB7404120523E692E30EE201ED96FA94
:1060B0003CFD73014E025C053904BA08EA04E0F6BF
:1060C000FFF4B5FE100E820313FFA9032D05AF06E2
:1060D0002205C3111A08C9FF0F0A4FF8360217E448
:1060E0004DD7DBE7EAF67B0331FF6F0B940EFB1114
:1060F0005D0D79FD6401AEFE290CA006FA0D0307C3
:10610000C4FF45FA580FF60C0DF8E7FECD076610F0
:10611000F80460F8BF037CE996EC58EE75EEACFD30
:1061200071F7EE0A110F66114505301176FE460132
:10613000870FD90D57004B0D4B09B004D8003A0A10
:1061400094085C0AE40355012FFF09FADF0303F00A
:1061500010EAFDEA6EEFFEFA5BFA010004055E0D3F
:106160003C08D2F60BF164F05AF327F32AFF2F080C
:1061700066F63CFC01FE200AD2147A15750883F4F9
:106180004805AF076906FFF54CFCDAF1FDF32CFB7F
:10619000EC04BC06DA09CE0087099400CBFC1BF79F
:1061A000F6E701EDF001D0FE37FFEDFAB0F955F159
:1061B0007A099C155313CCF225FD6DF711F617F3F0
:1061C0005BFD2FFBF3056EFBF0085D03AAFD2301C9
:1061D00073068A0B24F1BCDE52E228E957FEBBEFBE
:1061E0006EE74BDC2AD4C9E209F2E60553055C11DF
:1061F0005409BDF9B9FD10FB3601F202B10D23FCC3
:1062000076F68800C009D704C90C26090BEEA6E96A
:10621000F3EEAFEE73F17FF851E130E6BECEB2DEC1
:1062200070E1A7EF15F9AFFE16FDB7F4EFF587FCA7
:1062300041F84A0220FB13068FFF22FDC90A5403CE
:10624000370E94FAD0F093E9D6EB47F032FE90ED9A
:1062500030F9C4EDFDED5DF525EDF4F42EF949FCC2
:106260002BFDF8F2C7FA52F711FE26057500A3FCC4
:10627000C3FA2401CC0470F9AF06C2FBA0F78BF778
:1062800068F6C5F5F90055F0D3F0A4F4A7F0FE00C8
:10629000400B2C0938FACB008F08F1FAD80DE3EF48
:1062A00042F6D1FDC1F2FFFD3A07F6FAC70BD50859
:1062B000870BFFF099F0D8E7C8002BF4D40169FBF5
:1062C00081F4E7FD6EEDCCFA2B1C021025FA4AEDA5
:1062D00076F2B7FA18F1A0F660F7C9FAC6EC4D01EC
:1062E00068FDEB0F3E0CF60DF4068A0D9DF79AEF54
:1062F000FFFDCBF8A8EEB6F7E2F7640A10F6B2FCA1
:10630000B70774198F0990F2ADFEB3FC01FA910141
:106310004BFB3BFEF3F4C8F6AEFB31FE740BA51746
:1063200005055105EEF4EBF50EEDF1EAAAF273F76F
:106330003803EFFC5600940AEE06A80746EDDEF897
:106340005AF9C7F127EC70F42C0240F089FF3FFFA7
:10635000D0F8DDF3FE0875F9B8FD19F3EFF1F9F4A3
:1063600014FD02F244058805C5068003BE00D3046F
:106370000CFD6C01CEE2C4FE24F8B4F822FDEAF96B
:10638000D205B2F467FC8BF7BD01B103E9FDB80C8F
:10639000FBFF04F1F9FC8BF668EF12023E086CF883
:1063A000AE039BFF0608CDFE88088700DDF00C07D2
:1063B00063FDB404ADFC22F85B02B2063A0AA606FD
:1063C00027092A044B0B990920123204E103890B97
:1063D00020FCE50CDF10970036058B08A013A10206
:1063E00019071E0A21FDCB04750746F441EE37F369
:1063F0001C15BE066F010F04D60D4D192D043D0767
:106400003F0BCA0D7A0C0B0B59090500621065068B
:1064100024115710490E6207CA14510EC3FF15FA12
:10642000E701680019F34DFF9605BE0B3204EB003F
:106430000B088B0E6B0C350EFB0AF3FC2C06410986
:1064400016093F03520B1207B1005F03430B651897
:106450000BFFB401C91BA304C402A8FDA508F000EA
:106460004A15510FE20A2E0B7A0A1B083D0A2C0B23
:10647000A503B50BD30E0CFDB7186A0D5905AE0672
:10648000EB013CFE2D05F60B1B03C111AD193EFFC0
:10649000C7FB20F6A9F599FC530A4E0FB5FC9008EE
:1064A000000E180B2C0632148218221151176C0B97
:1064B000140CDE1FBB1BBD03BDFF9FFD6EFF7E00E6
:1064C0002211A3FC6D0EB1045BFFA20700FDBA040C
:1064D00048F46BF06BF3F9F81DFCD8F91EF2D2FF0B
:1064E000A2FF270524FD80147A107D151500240CC9
:1064F000D5068CF74210D5060715CD08CF0A89FDC1
:1065000089FA5B0765FD2DF6E7FA91F73DEA40EF62
:1065100085E96DF811EF220902FDC602C9ECF9F90F
:1065200006043FEEC0EBCEF480FE7CFB050783FF44
:106530001CFF5306C9FA7AF787F7B2F8F8F592FA12
:1065400049F8F102A008780396F510F278FB030AE7
:10655000B9020D06A6F1CBFA95FF10E9DAF04BF57A
:106560005EFF1EFBFCFA0408D9FC8009EA086BF602
:10657000DDFFA402880327FCF70149FCA2FAB5005D
:10658000C6FCE4070406F3F920029BFA0106C404E2
:1065900088FF5F0368024CFEB40441FB74F9A4F564
:1065A00041F6A8FF8508C3029DFBE8FEF3FA2D081B
:1065B0009407A109F0091A08BD0B5912110E0A0C13
:1065C000D107E906C6F0650B1C0C1D12A10F57156B
:1065D000FF18B1174B0B4B09BA065CFE6AFCBFFCF7
:1065E000D208AE0462FCD10AD815D8FBD60DE20A57
:1065F000F80DE709F312080CBC1257F935F8280515
:10660000D80A941389FC62FE91065BFD9F084E1028
:106610007BF97809B1F510FE25FBA2047DEEB303EA
:1066200090F961155011C70BFC0F271305067E0E5C
:106630003D15F0036B0A39102C1033176D04130B42
:106640001708C5026D0850055AF74CFC0EED030AF9
:10665000FF08FA069DF7C3FC1009021870099A009A
:1066600097FE970BBB06B6FF32FF6AFE3D0ED401C4
:10667000F10DB1FF500C5A070F00000CFDF278FA33
:10668000BFDFE1E047E469F894F94BFD350CC70240
:106690000505F7FC740300043E0A0D00AE04E1F9A1
:1066A0003400D6F331F9DAFAF30068F9C6053FF49D
:1066B0006DF8C6F1A0EB2BF2AFEEF4F7550101F93E
:1066C000FB0221FE0A08CA0C6D090B0B53F0D1FA2C
:1066D000C6F1E8EF13F5DEE8C0F683F3AFF22CEF76
:1066E00012FC61EC2A04F0EF1BFB9E00CAEBE0E811
:1066F00095F0D7F6D9EBA3EC12008404DE05A3FDD8
:10670000E9F867F4C3F771EF4BF256FE8DEC43F2F4
:1067100054F503EA7DF456EC20EDFEE571E969F4E9
:10672000C4ED20F63BE78CF65DFAC2E95FF39AF917
:10673000E816C91D62FFCAF37C066E05BD01240080
:1067400021F4C101E6F23CEBA7F4DFFBE3027B009E
:10675000EFF374FDD4F2D7007DFB09FC18F607FEB9
:106760003B00A6F611E6F9FF9C10B0200CFD1CFBC7
:106770001A17260FBA0B5E0A530561FB750AAD0F97
:10678000C614BB1CF918860D8FFB86020808AE00E4
:106790002D0675FBD7FD52051207A8F52EF17C12C8
:1067A0004E0562029402FC0C440E51FCBEFE6F09C1
:1067B000C40A0013D411D1129713482FCC0F8201B1
:1067C000D10688072208810DBD141810D5FF6C0F63
:1067D000500BBCFF08FCF9F77A10CC17F318D01B4C
:1067E0009C0D96FBDBFE60132F136D169623701F16
:1067F00044201C18CEFF2CF967FB6C040F0F3B09DB
:10680000061178115105991067033DF998F885092B
:10681000FA049E11930CF8FFE30137073A08F10FD1
:106820007B22EA23581DED1800FC27FD52F9BEF922
:10683000EB0DE40149121107FA13420FC40C720266
:10684000B506180A3D0D2F1360FDD702360609055F
:106850003513371AB2286A18C819440208025DFBBA
:1068600037E9A5ED9D01E2F88F0D42F86DFB7AF74F
:106870006BFFB102C20A420B3D12D30B94F88FEAB0
:106880003C022209B70F11FACEF54815C00C0C0BCB
:106890009702BD0026F799E56AE91FEC00FAD3F9E3
:1068A000C6F6CAFE25F6ABF07408F40B600A061EA5
:1068B000A41E7AEB65F3BAF98A08C4FAA0FF84FB38
:1068C00012F394086E0FB4FDE4F639F16CED1AF38F
:1068D00045F5EEFA08FD9FF5DDEDA2EE99FFDFFD2F
:1068E0007016F7113C15B814860D94F01EEEADF23B
:1068F000A3014A01D20D49F7D5FE2C15670A66029D
:106900002D012EEFBCEAC2EE24F754EFE3FCF9F7B9
:1069100078E90FF393FD3FFC160C0012B014440805
:10692000D6135AE939DD4C0145FA2DFE18FE34F52F
:1069300012F4B41211FC4F098CF68EFC61FB380284
:106940002BF1B70120F949F32EF7BAF205058E01B4
:10695000C6FB0E0C5C129507FB0BFDF8A7E09C092B
:106960002F119D00410B351158FE420DC5FC091237
:106970009E144F169B060109400627029DFF45FB0A
:1069800087FD240D7B101E0AB3FCFEFE93055A03FF
:106990006300A30B5AE986E8FB07EE04EF079504B2
:1069A00042049E0314F78001E0148D13FC0CB51013
:1069B000730EBB0946065BF72305E705F4FA470C9F
:1069C00099FA2CF472EFCAF1D5FCBDFB78F64300BE
:1069D000A1039302C8F21FF821FDCF0296F499009B
:1069E0001B09B20238FCF4F648FA350E2811890C5E
:1069F00077051A12F0FF88030CE83BF2D5E7CBF3DA
:106A000025F47DF554F397FA8E0987FD76F653EF5A
:106A100015DB1AEB75EE91F27DFC06F8D000B50996
:106A2000320B87F9C806CC0BF806CC07CBFB40002D
:106A30005DF205EA0BFA58E9BAF07F030B15EC0298
:106A400021F8B10371F1BFE8C4E695E876E0CDEC3A
:106A50002900CFFE18F834FD1C02F2056504650F0D
:106A600019106C048A049AEA1FE8DADDAAE8A8DDA6
:106A70005DE6CCF52E0807FC52FED0FF120746FA61
:106A800009F750FD8700BDE75FF20A04C4FE05F96F
:106A90004D0AA300DA07EE0ADDFBCEF14AFDBCEB9E
:106AA000E8E80BE9EDEBA4EB47FD15026F050407E1
:106AB0008203A80277F636034706B20E5000B8FEEE
:106AC000E706FBF6C7FE9700701127048E121A0D19
:106AD000010FCF0E5EFD26FCFAFAE1F15EFED5F263
:106AE000AF025CF39F086AFDEE0636F6D302FCF9AE
:106AF000B5116F0435096F11570CFC050C08ED0634
:106B0000F0149004AB11270AF60FAB08150F230DF4
:106B10004307E101D500C0086511F907F1F5DEF979
:106B20009C00FFFD3C0794FBC7F927FC3EFF7B0060
:106B30008412020E0D06AC0C4401711BD113120914
:106B40004F07B30927067419C50C2BF7CB078C1018
:106B500047068D03EEF56005FFF7DA041500D2FB5A
:106B6000560D65FE180D3C0D4E05AC00181E420575
:106B700007056D13E31494F6BA0B2011FFFE6EF6B1
:106B80002F04F6143A0EEB124E04FA03FC04DAF862
:106B90007DF52B0934FBF807410A3EFEDBFFCB06EF
:106BA000A00625045A06220802089F0F660259090A
:106BB000B5FBC8F7C5FD89FD76041E0AA902A60823
:106BC0009CFA04FDF4FD70003EF9C8FDAFFCCAFA62
:106BD000F90A28FC59134C0F74158A0582FA440FE0
:106BE00077063D034300CB0E3315AE17DB10500F75
:106BF000C01414068B118C021D0753F602F8A7036C
:106C0000A10008F767FC0F083805CE04C208140B72
:106C1000F110CF27CF25950F481FD103E90C6C1534
:106C20007805890210F8A6ED1C06BA0AE504C21020
:106C3000FBFF84090D03B1FB70FA8E0069F6630255
:106C4000FDFC1802230D5A0B221EF607540F1010DC
:106C500066138804780E78FF120CEB042F0093FE65
:106C60005BF3D3F8A8EEED0A951006F1D60495FD76
:106C7000A2FC910121FDDE000704BD165411450759
:106C8000AE01520A8AFB14FE87F52300BFF6B30754
:106C90009D0AE7FF09088AFE8DFA2FF1C2F65BE92B
:106CA00033ED54F17901720822005100E8103A06E0
:106CB0003F020304E7012503EDF471FD2B0422F7E5
:106CC000A7FF5CF315F70AF28DFA31F5C8FC9AF7C5
:106CD0001A0418FBEA0243F7EBFC3CF942F90CFCFE
:106CE000A5031C165109421BC91B3D0EFB126E0F5A
:106CF0000C00DF104809AB13E40A4AFD56FED2ED42
:106D000098FDA5FBC4057B0047FBF8037906C6EE9A
:106D100072F19107A2F88A0E4101C919331A9F0F27
:106D2000FD20791348050B0D3B07AF11FD005B0CEF
:106D30000B0B070633FB89F00FF30BF50B069F08CF
:106D40001A041D00D2FFDDF650EB4FFEBBF14F0FD2
:106D50002A0491209103A80C4C12070BA7F6DE021F
:106D6000A602E405EB0B1C05610B1DF41CF805FCE9
:106D700001052A08AE058AFF86FFB0FF650031EAEB
:106D800009E990DC3FFE3402AB0409064509B60B65
:106D9000C80AA6084EF4B503CBEECAED5DEA8FEC47
:106DA000BDEBC9ED9EF73B079111FF034506A8FE19
:106DB000F90165FD850AEAF206D6E2E11EE3AC02BE
:106DC000AE145E0BAA058CFAB9F658EA96E3A6E271
:106DD000A9E1A2D84DD43FE25EDF8CFAEA0DDD02D4
:106DE000050CC1063C0EA1F975FC3605ECFD9CF3C3
:106DF000D9DEE5E260F017091B03871403FF81FE6B
:106E000018EA1ADCF8CE20CBCDC8D2D861E071EBFD
:106E1000C6FBAC07190D1F0B08040B0330FE8A04D8
:106E20008D015AF847FAF3EE24DDA8E04EE1400266
:106E3000CEF8EA066FF200EE07E3A2D794DE34DC68
:106E4000ACE28AE8530A600EFE204D18ED11C3F43F
:106E500070F610F844002AF657FC4D00530AD3FC94
:106E60004B03BBF866FC190F07FF5E0971083FF37F
:106E70004DDECDE10BF2ECE90602FD12A11D042668
:106E8000D013BA125509CFF6B6F76B00B9FC3BF830
:106E9000D2F97113D8F9E103A6198B0930001D123C
:106EA000A7054FFC260EADFF1AF1F006EB094907C6
:106EB00080167A27C41F291BA218AB06590258F561
:106EC000BF0255FF22041C07B7066F0A7D00381168
:106ED000D916770ACB1B9C10F3F855FEAE1054055B
:106EE000F609F9111209A20E9015E11338120207E2
:106EF00068FF4201DF0040F514F93F04D50176FC3C
:106F0000D5F89F0946FD880EE41F490AF10F0C1CB5
:106F10003E05AF0F0F128B0E41119812A404060606
:106F2000F7086103EF0007013AFC5A01C7F8DFFDDB
:106F30003FFE7C053D02F808E1F3A5021601770744
:106F4000C616460AB9180D07B90223038917AA0DF8
:106F5000EF17D1F76AF6C7F947FE4CFF6EF4210C24
:106F600078FF07FF5206C9FECD0A0408E906EC04C3
:106F700030F68F0C2304D401A3FC9B14F5176A0C84
:106F80006E07AA074805F90E5BFB740659F83CFE2C
:106F90001EFAD6028EF3D5F8540F25FCC7012E0138
:106FA000DC0BC10016000D0152F82D0BAA0EEA03EE
:106FB00004FCB41CB515CA0839FF5C078BFF710FC0
:106FC000D403A7090AFBBD021803F2006A01850673
:106FD00024F9D507020B840A3B0D32109A052EFDC9
:106FE000F601540A2A0D8CFF51F61D099C0C490A22
:106FF000E40691004305801681FDF90274FFCE0C72
:107000008F04B6FA59084401C4090B021B08540F37
:10701000CFF960F650F65EFE1BF9650B6C0536F88D
:10702000C9FF6F05BF112FFC0EF8D8FD3B1A910761
:1070300064FCE4EBDA066C07AEF337FC2008690366
:10704000CC0A970A9F08AFF654010E014AF6C50014
:10705000D1F499FD31F747FFEBFFEAF561194500DF
:107060007AF8F3FF87095CF907F7AEF50707B2FF77
:107070008AFBA50216078003E9F707FDBB04D000D1
:10708000D909FB0620FCFDFC35F5A7F693027BEC45
:107090003AF40AFC45FAC0009408700237148106DD
:1070A00008069BFCDA07B0F636F4A7FA180A0202C3
:1070B000F2004C0D3BFB9CFB48F949F14FED48EDCC
:1070C00026F4CA0513055AEDB0F3F2FCA2FF08FC42
:1070D000E707E6FC75FFBB13AC101C08F2073E0483
:1070E00090FFD702E9F8130A80F99A0D1E060200F4
:1070F000B700BAF58CEC5BE498EDFE034EFED7EDDD
:10710000B909B30A990B440A46023D04F1FAF603A1
:10711000C80BEBF617FC640853F6DBFF3B0258097B
:10712000AF005F03E0FADB008100FA056FFFABFB05
:1071300016F342F5D8E88CF69DFD37FE4700D509D9
:10714000EBFAB9044B04ADF7A8F0C8EF4EEEE0F14E
:107150001301FAFF2309C503F4F797FDE2F7BC100A
:10716000DC0CC6066B00F9F6F7FECBF754F81E09E7
:107170005C01E3F98C0405FCE5FECD03D7F89BF731
:10718000D109D30338037DFB92F1F701DD0879FDC6
:1071900020FC57FB26F77A041803DA0605F7690086
:1071A000FB091606CDFD81089BFD0DF90F0706FEB4
:1071B0004A0783035A01E90249FC67F9B6FE77FBE7
:1071C000CDF56A05E20632FD0701D80A63088F0192
:1071D0005A00E304B4000EFD73F7CD071F03F7FB5D
:1071E0005906E4FC3EFA3603CFFB73083C08EE0276
:1071F000A4F6DA02B7FE9102F3F5220447F59AFDF0
:107200003B0B0C0105FF88011411A90B64FE9300D0
:107210009BF57B03B6011EF848FBB3024DFEB90691
:10722000410AF6F7E6F82A02E9FBD9FBF5F9FEFD7B
:107230005DF4FFFAD4F75900C7163A0C630ACA0581
:107240008F063602CCFEE1F869006CFE4DF7AAFC11
:1072500028F93004DF0107FC19004804A7113F0199
:10726000C9ECA2F47BF04BF83DEE0DF593F1CAEEBC
:10727000B5FCA20AFE0F200D4913BE06150232FA14
:107280008CFCD0EEF4F9BEFE98FA7BFDC106350405
:10729000BCFB82F8A700DC0209F989E62CF0B2F306
:1072A0004FF21EEE05E8DFF0E1FCA209CE0C761AE3
:1072B0006D0F250D5BFF6DFB84F79DE7C3ED20F699
:1072C00093EC39E972FEFAFA42F8DCFD98006CF2B0
:1072D000DAF88E12F10BFB08AF07E308FFF48AF12E
:1072E00003FDDE065D1C2A18F1102306820CE4FC67
:1072F00050F6C5F4FDFAF3E2D5E3EAEC39FA85FE7F
:10730000BEF9CD0BC7FA370684027F10300F0A088A
:10731000D1068B04B2FF1E0431092B100608AA08FF
:10732000D61AFE19870E880D3DF861FB97EED2DE66
:1073300053D276EC16E52802BAFEDC0FD10A361AD3
:1073400049F7410195035A07B4FED711430459FA8E
:1073500021F863F949FE6806EA141419C81E240EC0
:10736000960AD10629F075E00FE36CDC83EA9BFFF7
:10737000B71BB214B305A5061F01A804C902C105B5
:10738000DF1B010DA908FF07A302A8F60009DD19FC
:107390005C213620821DA616FC1026FCE40641FB6B
:1073A00052E333ED9DF6DB02460963170704B6FF8F
:1073B000610C26FF85144006AF0B7F139B01C7F8B5
:1073C00035FB48EE29093D0CF20CA01E8E0EDC0E9A
:1073D0008E028908D1FDBBF5FFE531F627E9C80922
:1073E000F413C9104E124F06480C5FF5A201210399
:1073F00061FFAFF7C6ED85F885F329EC3B047D0E00
:10740000B20B7310AB039513500DA311B80A82EBA6
:1074100092E8F1F43CF5060C8C035E19460119065E
:1074200079FFCDF42CF2B5F6AEF2ADF6CAFE4EF60B
:10743000C8E567E6F1E3B50129FC430B91032D088C
:1074400045109107C20247FCD2F632F795FA47FD84
:10745000F3F997FB0DFE8FEF04EDC5ED430057F0F8
:10746000930078FAF2F36BF465EF96E2D1EA97F7BE
:1074700083F7EB00BF075A037B074FF6D4F8C0ED44
:10748000AFF10AE960EB5E0A33F77CFD540AD101E3
:1074900069F458F962FC1B051F04F6FB22FF000289
:1074A00097F107E0DCF26EED45F9BE0096005B0156
:1074B00079FB97F5E2FA65F256F55FF203EB5501B9
:1074C000B901FEF85A08BC059BF096FAA9FEA70E72
:1074D000E600E2FD97FC7404B0FDBDEC7501070702
:1074E000EBFBAA0577FB82FFFEEFC6F54EF62EFA00
:1074F00023FB1FFEA001E200D5F942F85C19DDF67E
:1075000061EF52F5ABF75A0405FC690172078AF284
:107510006EF47CEEF1F34205460A3CFD260139F398
:10752000D3F128F91A00B5F4A60130FE3311D018B2
:10753000D70E7C02B807CAEE15F4CFF2AEF6790288
:1075400018051FFA79FA86E92CEF1BF9BAE9B1FAA6
:107550001E06E6FE6BFA6D00B0F35D02EAFFC8009E
:1075600011FE38FC1E0A6712EA0057075BFEF1F9AC
:1075700037FCE1F857FB55FDC6F4CCF340FC46EF71
:10758000EEF2EBFDC1F9580106FC0DFF69FA0400AB
:10759000D300BAFEB5F524106D15E514A612AA089D
:1075A0006810B10A3E166AEE92E75CF7E5E539F13C
:1075B000CB0212F7ACFDA0F8FCFBF0FFB9FEA5046E
:1075C000470244FF6700DE0837FD44FDAB12461357
:1075D0004A17FE150320FB110905C70FCF035CF7FF
:1075E0002BE757E49CEA72EFEF0386FF95FC84FAE1
:1075F000FB0077020C002DFD2EF40CFEF4FC940928
:1076000083F9DE044100F4099807CA1560181AFCD2
:107610004B021B098FF09DFDC3F270E51EF37FF254
:10762000E9FFF4F42D11F10AC315F60CD1FDD2F0E7
:1076300081FF45FF8BF140FEEDF6A6F94D005005A8
:107640000C09FAFF940A080B0F0D811469FF9E16AE
:1076500013FAA5FD19FFDCFBA5005A001C0B620BF9
:107660000411C30B2EFE27FFE8034BF8EFEF91FB4D
:1076700058FB1703B9F40FF81A0FD7F46011CD0AAD
:10768000170CD50B1BF620EFC1F8760B6D1013020B
:10769000530EFF075001E40DAF061407BF07E006C5
:1076A00060F1ECF626F3E4F8D3E532F6A4F705F141
:1076B000C9FB5601FCFB81F60E0617F9F00288E4BF
:1076C000B7F5E4FF660899154FF84F0C390A7702B1
:1076D000B511AE0E25FC75025AF4E0F3CAF2E9DEEC
:1076E000ADE947DD3CED4FF23FEF81FFAA01D4F851
:1076F00013008408230351F0901BBA1C43070F0AA0
:10770000F7F71C04A2009C07F10A94069FFEED0007
:1077100044F915F2B3F37AE802E3AFF127DB80DF37
:10772000030379F568F86BF8DB012F005E00580A57
:10773000030C6B0AA40A7E03E1006C072CFCEF0229
:10774000750B5CF1980C990EC105D8F95CEDB5EF9D
:107750008DF091F758E9E4F984EEECF4C80BE102FE
:1077600062027905AAF7C4F304F58DEF97F038109B
:10777000AA04A20E13098B04DAF351FD6E0D110B4E
:10778000EF07D6110615AFFEFDFEF5045DF53601D7
:10779000CEF0990C000A800916064105BEF7F903E0
:1077A0008F007702EA04E40B7B0AF10280064A07A5
:1077B0006209B71A0512BD09F80B4A1451037C017E
:1077C000DC061006B4F5E8F746FBC20826081801E7
:1077D000B1FEC3F5D006770831F7A2059A0404FC80
:1077E000390320FA59FA530AA3F23303E50C450A88
:1077F0007807AF00E0034807F107A5FF7802C4FF50
:1078000007075206A2F7EBFD4FFF30F740FA0204DC
:10781000FF0948F89A07EE08D4FFFC01ECEAD1F31F
:10782000C4ECF0EF31F516FBD30269FDDA0285F8FE
:1078300075FF2BF0900533018C0975003909390566
:107840004FFFF5FE450305065503D104AB01FC02CD
:1078500049038B0EA10EF1F9920151091A09010594
:10786000DBFE7AFB3F0784FB640575FE890167F93F
:10787000A90E1DFBECF98EFC44FBE7FF04F3C0F1FD
:10788000CCFEA30B9E09D80CE8126C0ADFFCB90AE7
:10789000DCFAF603700789FC33F6B9F8F4F376FEE8
:1078A0000FEA20EAE9F73102D902DCFFE8011D0600
:1078B000BE07A2F922FBEEFFEEF441F37DF97EF95B
:1078C00072013B00A7FB090133FE49F83CEC06F1CD
:1078D000A301FC08A9FB29F999F3B2EC45FA16F1CA
:1078E00024FC76086F101218D3F982028CFB36F450
:1078F000630613F51BF46D0042FCD0F344F194FBD6
:10790000830439FD88F5BE0070002EFD17F991FF44
:10791000BEFA47F087F61AEF70FFB51EA912670886
:10792000AAF7910F400BA804A505F2EB90F6B2EE72
:107930009FFB94F850F7A5FD60F24C0164FB4C0DE1
:10794000930EDD05380F8401DF0339F72FF4C7EC00
:107950002800A31266083008BE042913E30A58065B
:107960002102FCEEA2FE9EFC66FBBAF6D1F14505B3
:107970006BFBEE0CBB0AE70EB50742FC7A083C062F
:107980003BFF6DFC0EF246F9390B73FF2705EB1236
:107990009FE98B135600B1021D09B3F6C9FF000F12
:1079A0006A097808D1030F061207B2081E0C96F672
:1079B000C8F95508D7188B0A29FFDBF7350373E997
:1079C0002FEEC406951230F85414A70ABE08520AC6
:1079D000BF0E03FF7411D30D01150306C50BB50AC5
:1079E000500124F581FFFEF65CFB050FE0061F0E3B
:1079F000580CA109A3F8A6F425F8BFFF1906EA134D
:107A00008504160064022F0E5A18531CF614C30B7B
:107A10003A116C0C3D070AFABAF29DF4E1EB2FF42F
:107A2000E6FDD513741BB60D8008D9FB6BEC3BE467
:107A3000FDF534F6D1FE0E122E058C060908FA1A51
:107A40003B0B6B0A8313180D3B0E5402CEFE3EEF28
:107A5000D6EB3BEEF9EFB6064010700D8F198A2970
:107A6000E52447061CEE5EE25FD86AF63FF4DEF8D6
:107A7000340141036304CA0B1F0E0B04F5FF61F9C7
:107A8000FDEFD8F320F58EE914EA19EA4406760EE4
:107A90001315E21F27216825561BF108C0F96FE86E
:107AA0006ADC4AF131F375122BF3C9FF3E0E210D4A
:107AB000B605A5F378F0BCEBA20087F4C5F045EE5F
:107AC000D3F40BF9430FA71856167E16DD1A0819C2
:107AD000A017FAFED2EC6CEA90EF2AF56413700559
:107AE00003FECDF77C022E1888022DEAE0E2DFE7E4
:107AF00026EC99EAD3EDBE06F50BDE081C15131F24
:107B0000E511980E070E990769F332F199FF88F78E
:107B1000D6ED9604391C9F01B5F8CB0028F69CF7EA
:107B2000AEFBC6EC65DB98E79EF07AECAEFA49084E
:107B3000E6090E16341BAE22BD059502C50940FAB2
:107B4000F7EF98F9BBFADCFFF2F755FBD7F4E6053F
:107B50008F068612331B6FFD2CFA26E36EE5D4EBFD
:107B600073F836F773FBC3110F16A81E031F10110D
:107B7000880F4AFE47F44EFD79EE29F074077F0A1C
:107B8000C50414E75EFAC70A55001605DD1840075C
:107B900079FFA8E5EECE7EF670F7B2FCB9FB6A0C71
:107BA000DE1A6914950E3801C400F7F621FDE3EAE8
:107BB00028E8C1E75EF37DFAACF328099A0CCBFA0A
:107BC0002603FF08F00BD70C65F8D2F11CE354F143
:107BD000EEF486F5F8080309DEFDEB156D0C3503B0
:107BE0006DF62BF9C3F1C5EA82EC1FF996EBAAEE0C
:107BF00002ED8BFBBD01E20108F42901E500BB1B8E
:107C0000FBFBE6FB69F9F0FAFEF4BE02A2FEFF04FC
:107C1000C7005E06E6037EF95A041E02E6F5BCF4D0
:107C20001BFBACEDE7F51CEA37F5B2F2E0037FF1A0
:107C3000F7F73DF8BC00A3214D0459EC60FB580256
:107C4000FAF0B7040DF220F6C8FC71050F0B23F80B
:107C5000CBEE7FEDC9F647FEE9F7F8EF92F107EEBC
:107C6000DCF08FF82CFF57F7CC01D90C0D15CB0E9B
:107C7000DDF7CFF770F451FDB109B0FF14080C0720
:107C80007DF5200238F993FA6504AAF8E0F8FFFDC3
:107C900097F16FF2C8F406F0E7F5D8F2A7FC5301AC
:107CA0004BFF42F50D18BAF921F47B02120A1300BA
:107CB000D6FF23F8B00B2E0777003B03BDFCE5FF92
:107CC00057F968EBBC00BB027AFD750579F806F739
:107CD00066F3CFF8E3EF58058AF7B9F9A303020179
:107CE000A0FED4FE3B03E316CE0B0F01DD013EF6F2
:107CF000ED03DAF9A1F89B046EF636F56AFE0A0484
:107D0000E7F30B0BA70463FDA108AE0672EE9CF827
:107D1000C20481F62C11450FDC1E391216134D0AD0
:107D2000C001CFF599F262FA28F0DEFBFF00A4064D
:107D3000F4FAFD02E6F866FDB1023C0628FD4B00B0
:107D40004A000A11B2FAA7047706E3030FFA8EFC81
:107D5000600A9D129B1F7D1AFF123E05E506A405D1
:107D6000580ADA060909F7FAB5FD1A06E0FFBD0060
:107D70002D06C5FD40E66DFA9AF284FE4CFE09F927
:107D800002FA3B0836044DF8DBF97FFF84192225FF
:107D9000C7172511F617240EE007B808CF189C075F
:107DA0006C0FBF1818103A191122AE0E730A3E104C
:107DB000AFF435F73E030B0734FC3108EBF82E0324
:107DC0003E0597FD5EFF070A22149C041810230944
:107DD000510092131D1383194113CE27D21CD715BE
:107DE000CD0D3C06BDFC0B0A0B02A9F9F4F85002BC
:107DF0004703FD07D1FF7CF674F60AFB45FFE6F862
:107E000002015F09ABFE2DFFA40AC30099EFCCFE6F
:107E10007CF710F8930283FA44FBCE07520311F764
:107E2000C504D4F7E2FA07F7DB066B00F204B1F7FA
:107E30001A076E04010ACC0413195D199D06A806E1
:107E40006BFF4F0D2CFFC50A72FDA6132E122A05DB
:107E50005A00F2113512BD11C6F55D05A6FD2F04BD
:107E6000C507C6F9B40894EF4B09E703200BCD050D
:107E70001EFF7EFC7101F711220FF0106717B4018D
:107E800084FD49020BF5E000E0FED5057009920E75
:107E90000705D2FEA901390A8E0116095D05690898
:107EA0001101F8068A05EAF3C2F886149008DF0B80
:107EB0000E10EF1AC90C7F10DFFE260418F2A6037D
:107EC0009C0419FC2FFBE1FC3806A3FF07F9360AD6
:107ED000F3FA0601CE0B5A08E1FDB704AFF27306C0
:107EE0005407160D0412BF0C931A7614101A0F0AB9
:107EF0008B040D012AFA66F6B5F89AFED2FEFE054D
:107F00004E095807BD0CC0F8A8FFD5FA92FA81E7D0
:107F1000BDF044F22C05D0F9710DE2108D132E0C3A
:107F20005711D6059E013AF61801E2F619EFE7F46B
:107F3000BBFA25FEB0FDC6FD9309350CDE0B15FA24
:107F4000F9082105DF0B3DF726F49D0940022007C3
:107F50001F11FC0D8B036E139A08BAF9BDFE96ED46
:107F600093FD1DF76DFC0EFC92F500F423F47AFBF3
:107F7000020BC9FFCA003AFE7E07DCFA980F97FC95
:107F800061FC41FE48057701670792187408671085
:107F90001A016DF51EF7ADF23DFE8806DFFF58FFB2
:107FA0009EF93109850B5BF718F0B6E847FE66F3DA
:107FB000E2022F0F6D025AFAD0F65C0CCF05620A6E
:107FC0002822B6189C166300E8F69DD99DF111F69B
:107FD00093F960FB7CFEF8F81E10821468FF8AF0AB
:107FE000BC0BB3017CFD700606080401E6070A0716
:107FF0009304B5042015AD16B31D371B241DED09E0
:10800000D1E132D302DEABFB8F00ABFD92FE8A0BD7
:108010006B107C0893F31502070CA61A06137D1744
:10802000700641FBA91114F6510E9514D206DF0A11
:108030003F19BD208B23DA0026DD8CCDB1E191F70D
:108040008C0194FA83072102761043FE2AFF4DF932
:1080500092185A1BD5078606F40215F5C118BFFB06
:10806000CC09AE032F09BA1B55251C1F6A1F8508B2
:10807000F5F342F286F3AA012809C8044112320B33
:108080001C09890974144612841EA20B90048D11D8
:10809000F9031A0B0C01B40B0C089E0E9311E21697
:1080A0008F29181B7915940983E9BEEB7BF218F927
:1080B000DBF9D3FE44096C0589FFB906190F5F1976
:1080C000520AD20BC9FEEAF84DF93902861114138F
:1080D000AB0E5218D007BA1E5E12F4105C05D20522
:1080E000F2E8DEF477F414F62FFD0FFBAF022B0459
:1080F0005E09840C8312CA18C50603FDB6E3C1F0FD
:10810000E706A0F8B403790A7F119220AE12D412C8
:10811000F112D6184CFF8C100FF581EF1CE8DDE44E
:10812000F8F3BA0A260CDD0710F5F0067908040A00
:10813000580681F185E8DEFB670E0AFE6EF5A2FEA9
:10814000040A2DFDC003060F780E2A143405C20957
:10815000B60847F48EED72E062FEE20BAE08E40A68
:10816000C5FF96FC05FDD2FF13017D0AB4FF06FB97
:108170009205D0017101B3FC58008007350BCF0E7A
:108180006C0B140B2D0A29FF82FFB7F993EBCFFA82
:108190004AFAA004B3FF64003DFB70FB2D0C1601EE
:1081A0002103C31431EC7EF2D7FFC50076033D00F6
:1081B000BFF40FFB76F41FF595F53C00920321FF09
:1081C00053F0B2F7D5F6B0FB27FD120429F7C90228
:1081D0005400ECF585FD0A07BE08F0F6D5FCE6F57F
:1081E00068FBBEF2A5FB01FDA5FD5BF82EFA1CE8BD
:1081F0008DF61209B3031AFF1706B4F6F8021B0135
:10820000B10559060DFE3108DB0F4DFB40FD4BFA61
:10821000E10DF6F81DF4ADF398043BFD30F073FF6B
:108220001FF110FA0CFCB1FD230A6FFA94F7BEF9A6
:108230006BF549058E049B05D4FC10F74DFEA6078F
:1082400066FBF2078AFDA8024D04D101A3F00FF6E8
:10825000FB051A04E5F8C8FE9404D9F484F2A9F6E3
:10826000BFF655F747F576FBE70C0F09670A0CFEDA
:108270001BF7D0FA9707700989F3320742FCF6FC26
:108280009F03D11632F8400A55FF3CF458042FF1F1
:1082900085F7ACFE88FE35FA42F8A6FF6AF8F5FAD3
:1082A0009EFF8BFA9E08AD0E2D08D80A6A0799FD2D
:1082B0001B0AD008FD093AFF6001870E60F9C6F875
:1082C0002CF74FF993FE7CF86507C1FD46FBADEC3A
:1082D00009F6F7F8C30384FB59008FFA82FE340EC7
:1082E00090014808070FEF0D4707670F63FCF0FE8A
:1082F00020FE7E0A2106910027011B00C2F3FE0B1F
:1083000033FF360195F252F05AFC18FE0501C8F70A
:108310005B007100120F29040A07BD0318FBA305B7
:108320007804C1FE2D02F001C609E5028A0DA5FE02
:10833000D007BBFDAA11FEFEF4092FFEF1F236F3C1
:10834000B4005300C10D0B044107F5F6C6FA04F65C
:10835000DD0582F638FBD207EF0E44FC8CFAACF355
:10836000FAF123EE5B057309DFFBB2FFB2F81907E0
:108370003F015EF775007EF20FFCE503DCFCDCFFDD
:10838000EDFF8306FBFB1208D00622039607D405F7
:108390008DFA2B1C7B1C0C1A0B247B0030017C03F8
:1083A00061F7D5F86AFD1204FBFADFFF7EF523FFC3
:1083B00017023A14460B9E0B8F0BCA0A8D01560505
:1083C0007217D6045A142114C9189123AE1EBC008A
:1083D0003B0326058902AE03D2038505A80231FFBF
:1083E000E5F950F862FE5516690927110223E41ACF
:1083F00026198A06D614E3095A12C3114619F11533
:10840000310490026311120468F6FBF8260568092E
:108410002C0A21F6BDFFEB050AFEB7F78DF7EC013C
:1084200082047B09B9069B084EF796018C0A77F8FF
:108430007002C003F209FF023B0769059BF8900038
:108440005FFFEBFA4A0076016705290289F575F5A9
:1084500009FD0A040F14F60F540659F80E02E0FF46
:108460008E01E00B86FC63FEA607AFF97D0314F8CE
:108470008EF3C5FFFEFC171032FFE10890069EFE4A
:10848000EA024309780553FE5E0535FE180E901189
:10849000AD11550F1C13F50655FD6CF3FC07E70AEB
:1084A0003B0172074C159E030208F7101710D90400
:1084B000A20773000309EBFFAEFDCFF570EB9CF74D
:1084C00077025404C6037EFB85F61AFADEFE9AF99B
:1084D00010E6EBF2B1E34BF781EF47E618FAE2FA68
:1084E00081F287EE45FDF806B002CAF730FA01F6D0
:1084F0004509C3069AEAD2F3B5068E0ED5FD83F977
:1085000031F67D025701B0F0B4F650E38CF02AEE5C
:108510008BF27B15F10392F714F4BEF916F50CED0E
:1085200060FB360E8E09CF09E2F53005D2FACFF6A0
:10853000F000F5FC71F69AFB8C11FA079707D90445
:10854000560F6EFEBD0130EF9A05030ABC064000CF
:108550009900120AE0021908ED09F20BF100A60CCD
:10856000C9FB04FE79FB2D09CC128505BA0CB804B1
:108570007C0BC81878FF0C01AC0E57F3E40128F50A
:10858000F1EF45012EFBE2074F0624090C0B3215D3
:108590004A13FB0F4106DA040AFBEE096615371889
:1085A0008F11990D83010F136113A206C80179FF82
:1085B00069FED40149F0A2F9D5F6EBF0ECFC5D01BF
:1085C0002201160A4D0C1E0A5E018DF9FCF4B20060
:1085D000B7F1B017CC08BA119B20FD154B10331D15
:1085E000790BD40F910371F36D068D0009F412F924
:1085F000A4EF4DF2E3FDE4F87008D806C70A54086A
:108600007CFC4DF8720B74062012AE11690B8D07BD
:10861000A0091218D90CEE0B8E1255FBE500C6010D
:1086200089FE930DF8F8DDF427FCA7FBBBFA69FE81
:10863000D208360F460869127DFF67088D0BAAFE27
:10864000B61082063B13B1014215061D7311DA05FF
:108650000906AB0655092805130EBC048EFA6C02F8
:1086600058061A0111FBD8027502D3013B06C40556
:10867000600AC2F4C6E9CCF60017C6FABFF67DF46C
:108680005805420B37042C106E145A189510A91374
:10869000B3FD47FDA3E2F3F2EEF95601DAFF7E05E2
:1086A000BFF92B0CD1FFCAFEAA0C0F03FFF474ED27
:1086B0008D075808D9FF0303730BAE09A6FC3B11C5
:1086C000FE02840E1B001D020A00E8E58EE500F4A0
:1086D00059FEA0F40FF14F04920D9503E90CA6008A
:1086E0003D02F5F9CEF89402C8F339FB5712F704AE
:1086F0006BF55A07D302A305CA011601000097ECD7
:1087000022DEFDDFE0F72EF95FFBA1F082031C09FA
:1087100084F8E40D0EFF40F61AF9FD0B22FDAC0FB4
:108720003FF892076D1600FBE2E95B0230FAD500D4
:108730000BFADDDCCEE298DA33E4C8F805FBF0F89A
:10874000CEFE7BFDC1FCB005F6FCD8031E003D0A41
:1087500034FDD5FC62178902F207970208FA510727
:10876000C3E214F569F7D1E932E032D6EDD2DCE0AC
:10877000E8F720033A0F3B0DF2078008CAF9A1F889
:1087800015F0C0EAFBF3A90828091A044E04DAFE22
:10879000100402FEE5F22B06EBDEB3E370F748DBD4
:1087A000E4BEF4CC9BD183EB010DF016E80EEC0295
:1087B000330C34108B074A078AF927FDFCFF96100B
:1087C0007F0AF6093503F7FB1BF9AFF850F84E00A6
:1087D0007AE57EEE62DFFAD1B9C72FCE43E8090F02
:1087E0008A175B127B1282040C11540CB50D9BF599
:1087F000D1066FEE51FE68077A053E07D00C670F71
:10880000C211F6F43CF5B9F770E70EEFFCE1ABE00E
:1088100038D494E2EA015B1E84296A15A4145B0F24
:108820004E052A0C260A92F412F2CBE9F9E997F1E7
:10883000DA0238FEC10A6FFE1E02781313FE43F4FB
:1088400089F714EE60D9B6E024E7AA06B21CFB1F34
:1088500072254614280B57115A0472155B03CE0279
:1088600054EE3EEB14E988F777F0FA051D1DFEEF94
:108870005C0752FB07F5C9F54AE898EE7BEE32F348
:108880004AFEEC01431CC50D6C0E10131113F90FB9
:10889000B1FEFFFCC50100F3D4FCA8F947F24CED92
:1088A0000DFA170A5A1471FF6CF6FFF6A0F4C50012
:1088B00054E79DE87FFA57EB56EC6CFA50039A0C9C
:1088C000DE0352041F100F05410103FDC4FAB90B6A
:1088D0005A0374F573F1AB09AAF62D06CBFFF90420
:1088E00049F162F564FC24F853EE970247F70D0056
:1088F000DF027707D7FE9F07390532FF3F10D90502
:10890000100509F67E05CEFD96F8410036FB5006AF
:1089100058006004A2F43101B109F3F8A7F36EED39
:108920004BF7AFF46306F508560825101A05AA059B
:10893000E50FC9093413B10D451023FE8901A10AC1
:108940000A0A7801D50B4A066AFC790024F80DFB67
:108950005509BFF9ADFD0DEF6DF8B500E40247F420
:10896000AEF6A2F32DF2B500DC05D111970A080A84
:1089700081143B0752F9E0FE180917104D03CD038F
:10898000DF17B61353FE7109FB0336077AF0871021
:10899000D2F848F7300384F96DEE62F26CF9A5F96C
:1089A00063F5A6F6AE0F5E08AAFA950475FC0FFBF8
:1089B0002B0256F594FD3CEB91F92B03930A3901F8
:1089C000BE05770512F7DEF54FE335F583EF6EFE52
:1089D0003AFD7BF40AF1F5EFD4FBE5059DEBE7F7F3
:1089E00000F0D8F85C044506560C64F076FBE7010D
:1089F000BA00870CC1F67FF616FDE1098100DCF8AC
:108A0000C7026005F40AA8091C0AE0099B0BC40A06
:108A1000D10A4B1E21FC9CF9C1FEAA135500920FEE
:108A2000390CF5FF8605A10381FFC507580130F613
:108A3000A0023C0683FA9E0682FD24067209E8F62F
:108A4000B3F6FBF65E04E90015F207F902FEBF0477
:108A50008AF50CF7BA06430238F86100C201D3FD6B
:108A60007401CD063904B4F5A70221FF88FD62FD2B
:108A700078FEF604D0FE82EFF8FCFEFA2CF42FFE0E
:108A800045FD9A05F709BE13C7FE690BC8EF95F1BE
:108A90000CF52D015CF7990740FDFD0390000AFFDE
:108AA00080081803A10619007FFF3AFF0DF607F4AE
:108AB000DAE6D4E6C6E1D5E803FBD00EC30103F243
:108AC000B0030BF876E5B5DDCDEFE8EE57EDF9ED47
:108AD0009E02130693F55105A3F73BFBF8F78608B2
:108AE000DBF6200468ED4BF944004CEE6C04ACFB63
:108AF0009604FE040C0AC6FC170496FA10F0EBEA82
:108B000093F8B0F53BE8F301F509B605F3FD5F0610
:108B100026022700D100D8099D00A7F9DBFA1CFB2B
:108B200064FE930357FB7D0C860BFA0BC6FB6605B0
:108B30005CF554FD71F84BED8DE383EC15EC6AF7B1
:108B40001FF8630990FABEFF5F06F00383FC96FEF0
:108B500007F37403240234FDF1F4F3FE8100FBF506
:108B6000EEF225FA6E0203F74FF640F26AF343F78E
:108B70009AE96DF254E4D6EB1AF3CDF2D2F02E005E
:108B80000305C8FE2E04AC10B2F40DF2C60B58FD5E
:108B9000690040FFDAF7BCF305F6F0000106A00714
:108BA00066082BFE80FB50EBB7E787F81EE63AEA33
:108BB0009BDFAAF42CF323FC4E009A0143FA390CF4
:108BC00069F764EE7FFC12FDDEF8CD048B0A06FE29
:108BD000BD0D4A15A00837158B0D9F04AAF8A2FEFB
:108BE000C3FA2CE303EC06E414F58AF6FEFD75F9EE
:108BF00074024C02690671FE8400EDF216029C00BC
:108C0000D505EC07F2096E013116D314E90F6F1682
:108C1000EF15AA0D9214BAFE2EF45CF695F46CECE6
:108C2000ECED7FEEE7F9CAF16F0C2A0D95054304D0
:108C30006C07DE02D00CE111A808F20B7A0DF40CDF
:108C400023080B1DDB1027183B122607290E850869
:108C5000C9F4C3ED6DFC27FDE4E42AE471EB79EF80
:108C6000C30CD4FA43048B0E07067906BD0CAB0780
:108C7000B000E7FF750A4B04A3FFD306061D3715A6
:108C8000E8093308C50376086EF75BFDFA034F0069
:108C9000D0E4A0FA71EBC1F43506AC0CFDFEF80F80
:108CA000D004F4EE4AFE01FE430419F3430277F4C4
:108CB0008DF98A0321072B026800DF15B909C3F873
:108CC000EE04F1F57CFCEF028BEF35F794F9390FE8
:108CD000E5FC8D05BDFE5DFEEE0AEE07310A59F199
:108CE00094F300F38501EBF24802F1F752FEDBFE4C
:108CF000D0F95EFD0507B902E503E8F9BDFDD00036
:108D0000A1EE6BFA42E7A808080216F89F07A00236
:108D1000DE06CAFE33FA7AF7FE04BEF27EEA7EF081
:108D200012FB98FC4E02E2FC5AFCC30E4E0C2AFECB
:108D30006FF3EAF2C600EAEF73FBBBFA2EE52BE90C
:108D40007AF7060C9108030C9E12E6FF11FD44FF12
:108D500063FAA2F26FF39CEE80F72CFAB5F9F3FCFC
:108D60004F0088044B08DDFC4D0DE807E1032BFBA9
:108D7000DDFB1E0228F69FF191F5390A08FE2D034E
:108D80005A0E06037400E7FF1602AFF394F7AAF336
:108D900031F0E6EDC5F3CAFF6CFA9903CBFD170B72
:108DA0003A072409FA087F003709E6F660014DEE1C
:108DB00035105708DBFFC0FF10098808BB05EB041E
:108DC000A70902FA6201E4FBEA0986F341F326FEF1
:108DD000E9F716F7920C2E055108E8FD4CFD050643
:108DE000700E08E83FE2A6F53AFA180DE9FF730A9B
:108DF000000AD5046AF28FFC9506E501DD0A9900A8
:108E00007E067CFA1D01530649FFBB03DE0398066C
:108E1000A505A8FE13FCE601C402E8EEC0E08A0046
:108E2000060F9A0FB2032E07B1F0AE05C1FCAAF5EA
:108E30004F038900061184058402B3EB7B03D5FB45
:108E4000AE09030EF5FA96075F0302096B02C0F53F
:108E5000AAFD59EF48E307FD9608051A2D0208F60A
:108E600064F3FFF77F0277F7E4FAE70AFDF61BFBEE
:108E7000E6F60EFAA008CF0228FAFBF7BF040510A9
:108E8000D6008206DDFBA5F46A0B930038E8740671
:108E9000B0035E1003EBE003A2F8D9FFDCFF67022A
:108EA00010011501D1FB0AEB8DE852F5C80918F73E
:108EB0007400E8F6E5FF340CC207DBFA33FBE70881
:108EC0002E19EC0E42EF8404130AC3032DF376022D
:108ED000CEFE74FC7F00D304BCFD9DEBF0FB59ED8E
:108EE0005FF6FCF48C01A8FADE09C500B100C3FBF3
:108EF000AE050202A80386F439078D0994F62D0900
:108F00001EFF4B0C36F12B05380724FE69FACE0103
:108F100006F50EEDD1EEF0F8D7F1AA029B059B0401
:108F20003AFEC00CD3FCBAFD0909A4072309C70AFD
:108F3000C4FFCA00E9FBCEFDC00836F74004A30217
:108F4000BFFEF00A790C7EF832EEF3F834F1D1046A
:108F500090FC1D0BE90C6208890A5D0926FF11F5DA
:108F600014ECDCFE7AF266052E05670180F51BFB2A
:108F70003E089AF56E0F2B06CE244B13D90513F934
:108F8000D7EF03F9CC05DFF8AD03E005DDFEA80758
:108F9000C602F90398E859FA3402A1048F02C20C00
:108FA00009FDC4F7620612025DFF02FEF60BB3056F
:108FB000E009FB0D5E073FFB0F01380D6513F4045C
:108FC0004A0CCB00730B71FAB907D6F7860350062B
:108FD0000A0AA90433008FF7F5F0920243F1010960
:108FE00004FE5A09330A990068F1550D5E0FE0142A
:108FF000CE14492C331C0619F90494119D2A9F0F95
:109000003526491B0D189016E212E5213B154A152D
:10901000CD1548FCCEF79CFDB3049CF812F68804ED
:1090200044F642E8C8111613720C9D083A0977FFFE
:109030001910C113C214980A040D1F0E0B137F16CA
:10904000041884162E165D072AFB5C03D50852FD12
:10905000B5FFDA04FDFD96FDEEF78B00740101F912
:109060001002D9015F0ABAF92BFC9AF735FB2F0AD7
:1090700065FEA6F51604C204640525F72408450814
:1090800055FE44FAD5F7D2FC4102B7F8AFFA91FE8B
:1090900083F6CF04EDFBF8000307DC04C701AB0B3C
:1090A000F108F5FE24F96302A709940789FC4DF93C
:1090B000E9052AFC6E09F40893089FFA320591FC31
:1090C000950594FF8FF8460A8FFB58001D01DB08B9
:1090D00094FCEA0089FB850E330FCD0DDB100A14DA
:1090E000B210EDFE03FBD9E44FE63401E1F761066F
:1090F0007A0518FAE5F987FFF1F77EF807157E0F74
:109100001E05170B4A091112A6F2E7FC0DF8CE0B4B
:10911000380C3E080209C20DAF0A47F548F8CDF5F4
:1091200010E84ADE11F07FFF76F280F412F7520465
:10913000F5FE4FFBAA0276018FF704073910801065
:10914000B9FD75F4B1019DFE9B065F111F07B609BD
:10915000CD05A2014E07260C4C035CED46F30DE550
:1091600091E827E9B3F77CF58B08B1F654130E129A
:10917000C3189A0E2F06740D6605BAFAE2F9EE09C5
:109180004EFB2E09C308B60746164D0796F52A0171
:109190003E0306FF9FF898EA84DF1CF415EA50F6B8
:1091A000BD095302DBF2ED0A2203420D0C0ABAFE9E
:1091B00082F71C09B70CDE0CF60DA1078F03090C12
:1091C000DD0EBA02010AE9FB9B07CAFEA8EB78D8BC
:1091D00034DDDCEA81F56F061A0092109108F71170
:1091E0000E05F6FB85FD37FB1FFFFE09D409670E50
:1091F0000118C30EDE0E9E15BE0D0014AC0CF40655
:10920000E5031EF490EEA2D5B2C9D2E28F04140396
:1092100018FD3C040DF6800294FFDE05E4FF9CF986
:109220000907A116BF0F28130E09EE02E2069C11D2
:109230005709CB1D7210CE053300BEE9B6F8DBF638
:10924000BCD486E61EFB5EF71705371055F769F2AA
:10925000C7F4730A14F132EFE6F9B70419060BF5F7
:1092600086F7A3DE70DA7E08DA1A711002102CF687
:10927000DBE0F8E1B2F9BBFD0DE92CE571F9ECF9A1
:10928000EFFC67094D018AF5B0FE1EFE87FBC0F9B1
:109290005CF51701D4EA8DE812C5E2C179E21EFF40
:1092A0000A14CA13BE050EF046DE60F10BE8E1F7C2
:1092B00027023CF953F892FE9D0328FE1102FAF2B0
:1092C000FAF80AF5740063F6B4F8EEF518DE3ED746
:1092D0000EC8BFC7D9E42205E01E89053CF968EB3A
:1092E000F0E29FE2BBFA4703960073FC15F094FE90
:1092F000A209F0FBC4034B01C9F8F4F411F989F297
:109300003BE096D4D0D474D082E505D6E2F2FD0FCE
:10931000DF1DD50A26FF53E941E8A8FA54FFC3022E
:10932000E0006E093C0E65079902CB0A8B1190F79D
:109330007FF330F7FCE4BFDC97D7D9CADBD79DE4D5
:1093400072FCD40580016C03190C4A077CFAC9E849
:1093500000F9B9FC60FE4A009906FA0BC006FE034C
:10936000BDF64CF34AFF8DF422E8FBE503DE7BC833
:1093700004CB0BE9B201B90A3C01E4FDA7FF5CFC98
:109380001B0911FAB8FD67F783F65B0416F9D9FDDE
:109390004EFB5C09F71F6E126908D70989FC3AFD7C
:1093A00090EA2BDDB8CBC6D250F469FB410AF8171E
:1093B000C70884FB21032105C405A7FEFCF05BEA76
:1093C0008CE8A8F907ECE8F3DBF1E80B011E0E09C5
:1093D0006A04900634006CF77FF2BAEE0DF4F0E107
:1093E0003BFB7D1090180307960D6B09FDF704FAFF
:1093F000A3EA75E1CFD0F8E184D3D1E13AEA9E0344
:1094000015FEA208AC19E70703F9BAFFDEFA4AFC19
:1094100046EC36EE80EF02F4D3091A0C250B0C064D
:1094200044FE5A059509B8F816EBD4D949DB40DF5C
:1094300084DEC0E11CF1B4FE2B04591187159103A1
:10944000370447FFF2FC74FB50F217EB40FDEA06CD
:109450005903CA0C9B0A0D04480F570E03FFAFE9CE
:109460005CE92EE923FDF6FCDFF708F3E5FA670A6D
:10947000130A40037612D2069AFD89FD81F9130979
:10948000AFFD42F877F67F096C054407350F1312DC
:10949000BC09131278FC0DF79BF249040FF7CF00BB
:1094A000CCFE85F6F6046908BC01E20B7320850E3C
:1094B0009FFA74034FF4F7063401F3F31602A30482
:1094C0001DFF7203C904FA085215D5FD60F6F5F6C2
:1094D000CC02D301EF16C60925062510600BE6FF66
:1094E0001EFE2B181E1C2A0245FEB40A4704020069
:1094F00095FFA2F623F2B7F92BFB7B00FD0B48FC8E
:1095000091087F06B9038BFD6A02070C5318CF1B25
:1095100075077912A30DFE16A30B0B0DD00C03FFDC
:109520005A0C5F09AA105BF52009EC165204DB0007
:10953000FD018403910906FCE4037F0F5D06B7FD7E
:1095400095FD7505CF0E7A0EDA178E1716056AFE91
:109550000F179D12B0FC07FAB108B9F9E502FEF841
:1095600023F667FC2DFD300894FD690144F9CF0511
:10957000480AD20E9EFB0F0697FDEEEB29FAC6F8BD
:109580005FFBB8FCDFFD84060712B5F90202FD059A
:1095900083FA4E0592060FEDA0F1BF00D6F867FFE3
:1095A00027FF13F6BCF1E7FE640ED50ECDFFFFF5E5
:1095B0005AE27DF87802EAF754F2F6FD0AFAA304BB
:1095C000171AA912F4FCACF61303ABFA40FE1B0FFA
:1095D000B30F6401DF173718C50665F932F51002BD
:1095E000580D82F6A6015CF419FCE3F309DFFECB0B
:1095F000A1F33901E0ECBEE75BFF32FB8BFCF1012C
:10960000E90935091FFBBB07FEFB45FD80F8401348
:109610009B06610950F202F0D2EA2201D5F0F6FF72
:109620004002CDE3AAF117E764FAC1F364FBB8F294
:10963000DDF907FA45F91A060F00AC066307620662
:10964000830A92F9FAF9D1FA0E0190096716731894
:10965000761EA61B12FE8209B80581040EFD5E006F
:1096600018065E03C5FA460A3A02BC0065FE930876
:10967000B209AAF5DF0382028B05FEFA0FFCBAFAE3
:1096800044F892094109ABF7D7064A01A605F8F656
:109690008B069D0885FC4304E203A007DAF7F5007A
:1096A000630A5B06C7F99DFD7CF75EFAF9FFCFF709
:1096B000CFFE68FEBBF0F6F92DFF0B0683026EF9B4
:1096C00060F7B2013408F8F301F4B4FC6C013D0713
:1096D00065FB87036AFE3CFE8AF8EDF9F309C5F7DE
:1096E000F80686FCD3F702F04CF528002001460965
:1096F0004212A50401FEAA065D135EFFEC0BD51213
:10970000A205D514AC124DFA6D01AC0C6F09C50160
:10971000D4FFF9FCF3F786FE3B03CC08D5FB78FABF
:10972000A0152301B90B9D0E99FF2FF7020715FE17
:1097300018FE4EF4FF102304760948FE4E138D0FD9
:109740007100E2139812520EE6F8C907830D27FF45
:1097500039FEF9FFBEF94CFAE9F90D01290FA3080A
:1097600074F583FE53F53FF34D0384F84BFDAAFADD
:109770007A050A06E8FCE104F717B911A104DF171E
:109780003218841E66157D06B0F9BE04FEF8D1F7C6
:10979000C7F5CFF625F425EEB2F8D4F46AF3A3FFAB
:1097A00085FDEBF5600149F2A0097003AF0B760B64
:1097B000E31AD516AD11B205AF125016E4108509A3
:1097C000AD0535EE1E05E9F315F8CEF421F20BF3E5
:1097D000EBFF63F793F757F90DF29AF58703BFFD97
:1097E00020027AFA21037A10ED047FF71CF38D0131
:1097F0003B06310F09084EFA7E043DFAB0FFD8FC53
:10980000EDF91DF681FA29F557FF65017AF737FF63
:109810005C02B104C90264FE0CFD12F90BF4B0063F
:109820003105D60C6005F800A7F7BB078A1BF3F6D5
:1098300025E656FF94FFF3005505A60619004FF0E4
:1098400078FB5B0199EF90F67AFB70F656FBE1F23C
:10985000B2FC9E0253F0B2F81CFAEA12DAFA7D0268
:10986000AB00DF216612A3FD28F26BEE1B0CBBFFE1
:109870004CF221F74E01A307E006EC07AEF725FEF8
:10988000D3EEB2EE34E70EF4D1F441F3E3F6AC03D9
:109890009101970966F96B01FD018718FC0A54EBE9
:1098A00016F7AFF17AF11E08240E9AFC1EFB860013
:1098B0006B09CA00AAFEB1FE24FFDCE638ED41F7D1
:1098C00004E116EAFDEC310499F366F810F7F803A9
:1098D0003B06740300FC60EA51007FECCAF8C0F05C
:1098E000E7F8420FD002E40BCD123C06E90EA601C8
:1098F0005FFEAAEB0AE1FDE127F0CBF274F9C8F6AE
:10990000A6F41DFA02F45AFC7E04F0165F1F8FE6DF
:109910000F0821FBB2EF840753074A11CA0CFE015E
:10992000730ACF09180B4E075B0C6E004FF4000151
:109930000100B5F87802290C410382F390F9EA009E
:1099400068F1BDECAAFBF1F36AFE77F6EFFEAFF922
:109950001908E8095609E60E450DBE0A231C400DFC
:10996000D61B671667085F14A817060A02FBF406E1
:109970009E02D1FF1E0652F53EFB22F45BFBF4F67D
:10998000ED020000DDE713051F046B114C116C0A9A
:109990004F06DD030605270E2C0D29159E077D10A9
:1099A00020191D155D0258F337FD5BF425FE48F7BD
:1099B00075EE35F7E3EFFAFEC0FFFFF684F41D0401
:1099C000A61082086B14ED09610B43F8400952039D
:1099D000140073073A09ED0F061D0C0BE5FC8CF81B
:1099E00026F6ECF298F38AF10DEC3001BDF829F07F
:1099F000380535FC8AF62B0AC8FC6404FC074000D5
:109A000013FCE1031F040BFD5814100BED0CCB12DB
:109A10001D0EB7F906087EFC24F942F7F6F61FED95
:109A200074F8570D34033EF62F0583F09DF6DAF5F2
:109A30007E026303A01D3210CF0555FC1F0EBB082C
:109A4000290ECD0509F85F073D07D3068F0186FD76
:109A500078F83CF9C2EB40FA68F976F3A6F5CCF158
:109A6000D0F93CF7D7F8CE089C09EC094417520707
:109A700018024AFAA7088EFC2007B7091EFABB0590
:109A8000CDFA85061EFD9902C80242F613EF01F0D9
:109A9000C4FA8DF572F908F9220511FB15FDE912DA
:109AA00091FE6307BE0B1EF5BCFBC701F9F550F82C
:109AB00043F97B0D5F059002C00C8100760E11FE0C
:109AC0003004C0FBC8F74C07D80CD4014103A5ED06
:109AD00054055B016C09F9039C01AFF826F4CEFA3A
:109AE00045F656FE00FD36F9A6F432092F04260786
:109AF000120542095C02DBFEAA08E105FDFD831A9E
:109B0000090CF712A6049BF51CF865F9110594F3EE
:109B1000A8FB4BF6B8EFBDFD5401F6FB5FECAC03C0
:109B2000710520FF4A0532F8FE04E2108505E0FCCD
:109B3000DC126412431DFB1A6216470E74F467FAB6
:109B400064F65F07CAF7630E9D0C17EF38F507F14F
:109B500033F009F46F026905C303E7F623FB60FCE9
:109B60004D04A000050A2D09080B3110411A4D19AA
:109B70003A219C003FFF31056101F1F8A4FD3A0F45
:109B8000D50C940151F818E7B9F772FE86062DF04E
:109B9000E8FBCDECA8F91BF850FC4B0B4E12B412AD
:109BA0006F1BAF249E22E0249711E7065C0656FA4D
:109BB00010FFCFF5F4FDB1100010F10974FAE901BE
:109BC000AEFBB60441FFA6FF1CF88B0AF505E904BD
:109BD0001605B000F210D510011AF612BE0FBC2403
:109BE0002812D80920F3AEFB16001E01B60EC6FFE0
:109BF000CEFB7AFE660F94FF8CFA91F59C017402FD
:109C0000F206D00B02031916E008C909B508DCF901
:109C1000DD063000D60DF928F31045071708DF00E0
:109C2000B2F7DA012007E0FB580857067D15E31468
:109C3000F40FA3FCB1FC75080C18CE01CA0D02FB91
:109C4000D0FCC7FE6BF194E90C02D40140F3CDFDCA
:109C5000CAFEAAF74AF69E04B30780FC4EFC3E02F9
:109C6000D2FAB0063B0168073C05D9FA0AFD1F028B
:109C700073028CF33E028004F003AEE793F199F691
:109C800086FE94F378F450F56DF7E307F506CAFB0A
:109C900061FA40FFDDF7ECFD040AA900AA034701C1
:109CA000EA0783072308AFF97908CBFB26FFCE0824
:109CB000C401BFF6EEFA7305AF03D4FED3FCBAFEBF
:109CC00035F97BFB9DF8C009E4FA7B004E04C6061B
:109CD00004FF56F8A8F762F85EFA6E039504EE06E4
:109CE000E6F87F05EB04E1080FF8F40263FE8AF55D
:109CF00054F7D603AE0408F9B604A801F7053FFFF0
:109D0000B30873FB8005E8F5C205D308B6F6E50491
:109D1000EB019BFE4202CEFA21FB2408E605A503D7
:109D20001A09210512063FF9E9FCBEFE420A90031A
:109D3000D3F673F8A6075401B5070E0268077BF740
:109D40007DFE35099EFC58070301FC0718038802B5
:109D500083FBA2FEF2FF42066B036FF882F91FF647
:109D600044F786FE6F06B307D4F5F5F5730742088E
:109D70005AF7B6005F07DE04AFF8EFFD3E026E094A
:109D800065F9D20468FE53057E0069F82003E2FC01
:109D900068F72BF631FD6C0147FAFA01B3F68C0433
:109DA00027065CFF2BF6A80213FFD103E3F698F514
:109DB000F70919F94705D80D77030A0DB6FFEFF734
:109DC0002EF9FFFDA9F5B3F512FAA9F5A0F7E8F809
:109DD00019FA8100FCF3C40AB8020100A8F79DFE3D
:109DE0003F049708E806D8F67D06BFFD1DF8DE03A0
:109DF000B40179FEE5FB34F788FF4BFFC1F09BFE11
:109E0000EFED64F29BF79006E0FE7F04D901730842
:109E100037057EFAB8F534FB8AFBF5015D03F8FEE1
:109E20007FFAC8003D05500D9006C5F1C0F67EF2E0
:109E30005FF8FDF5D5F0F9F7D407F70473FAA7F941
:109E400008F95204A0FA3B0A20EE4CFBC5F6BBFD14
:109E500011038005A0056FFB7705CCF53306C20220
:109E60000CF421FFBAEF5E02B20596F8A40237FFA8
:109E700064033CFF1E027AF3BBFCB7F9E2022A0836
:109E80001EFE98F53AFFC8009EFFFD0484F79F056B
:109E900010078A07F0F7AB05A600A1032BF096F890
:109EA000D1FCE0FF9503B3F407062802B600480290
:109EB00015F59405CC043406C50720036DF5C208DA
:109EC000E4FE6702E1FD94FB40030F01BDFDB1011B
:109ED00072FF27FAD3F0CEF069F733FD6E040BF66C
:109EE0001905AEF41AF480004BFBC0FDBEFA9E02C9
:109EF000630524FC88F31F052D0AE3F767FBF605CD
:109F0000E504D00A9B04C30235FDF3FA42F602FDD4
:109F1000B5007BF8FC075307580802F97902F8F5F9
:109F200085FE1BF47EFFCE033400DBFF3300D80533
:109F30006CFFC6027BF648075C069A0A7B0689F925
:109F400035FCC7FCF9F49B03F000F4F451058EFADC
:109F500099F6E2FBFEF91D0560042FF728FD87FA4C
:109F6000490851FB030905067203B2F53EF93CFDB1
:109F700010027A012AFC3B01B9FD47F3F2F9EE0920
:109F8000B2F7E0F371FEA901E5F587F35105FDF99C
:109F900029FE1708FF0713F9520B79F28FFA0AF717
:109FA00011055000070200FC2705FB096F02CAF6E5
:109FB00038EF25ED7EFC74FB42F1B3F3AC038E0465
:109FC00030F687F383020BF414FD1D073506FC0100
:109FD000560361044CF7FB0742FF8FFF23FE09F98C
:109FE0004FFE08FEAB0565F7CCEFEDEC950965F487
:109FF000D1EF8CF7460214065800B0043DF68A08EB
:10A000002FFD40039CFDCB04EBF0AC001DF40A07D0
:10A01000A101B1FF4A030F00DBFE9B09D4049DF7A9
:10A020000EFC0B04D60A1DF968FAC7F2CE014EF2F7
:10A0300090FE560773F80EF8BDFA5FFB45001C034F
:10A040002FFC40FFFF0465FE6705690A58054BF9C0
:10A05000620748FFCE075BFF6AF3E5F33B0E14F29D
:10A06000EAF258FC330329F10306B6F6980214FC11
:10A070009A061B07310BCE01F804BB0BB304A2F602
:10A080007B052A0520FAE5041C0A300413039FF718
:10A09000ECF88FF3120A7F0AD80245FF00FEEFFCAE
:10A0A00032F3D2FAFCF4C40003F98EFF530000012E
:10A0B0002B00E305CFF9690705079808A405CAF541
:10A0C000A7044D022FF9680461FBF2FF0EFF660B37
:10A0D0007504C0FAAF068AFB5000ADFA6D017FFE31
:10A0E000E80090038A04AE004D09550CFAF90B0301
:10A0F000AA01C7FFA9FB0CFC690210F73205D2F6D2
:10A100004307A7F356024DF7AF00A3F1610595038E
:10A1100012006A061FFBB8014D0670088E0E7AFF0A
:10A12000F2FD11F99506B5FB05F9F803E7F85EFEB7
:10A130006000B302FDFD0F0139F82603B300A7FD4F
:10A14000460395F0D0F16DFE48F5A0F53BF6940975
:10A150001F0BF1FBE2F7190629FAD607C907C00958
:10A1600038052B01F3F7C5F51309FA09D3054CF7A8
:10A17000B30007FEC6F6F7FB4EFDADFD04FD65F628
:10A18000FD048CF6EDF8BB0B860C3B014FFF3DFD4B
:10A190009F0AC908440865090203CCF8E1FE18FAD1
:10A1A0003F0987FB40016B0480FF52F77DFA1D06D3
:10A1B00008F0D2FD5701AC0775F2A8F97BF66A03E7
:10A1C000DBFFBE03A2041A0385F97000CCF8F9F88E
:10A1D00057FEC5F7F607F70916FEBB02F2F98A0229
:10A1E000C50835F8A905C6F349F4F7F096FB6706EC
:10A1F000EE0315F6E1F430FC9F07920498064B0538
:10A200000AFC7DFCC405DF013FFBF9FA8AFCD1FDA5
:10A21000FD02F2038EF4C409B3FE47FE13FB0904EA
:10A2200093F694F971FB4C0223F783F677049D04AF
:10A2300029F8CA04D10542F76DFC91F81C007200A0
:10A24000F1FC8CF5BBFA61FFD50271FF3601960473
:10A250001AFEADF759F6A5FDF9F76904E803700A8F
:10A260009FFBA6FE1EF71203730AE1F3400981FF6C
:10A270009BFEFB0864FB2A089E031BFDE80131F9E5
:10A280008602B30885FA68F9FBF604048B085800C7
:10A29000AAF879FAEDF97203F2048FFBC4036502A0
:10A2A0006D06F3083C021302100758F647016200DE
:10A2B000D00845F9E5FFEAFA2CFC13FF4BFD7DFBC6
:10A2C000E503CF0010FDF8FA310744FA4505C0FE5A
:10A2D000EF03EDF55C01080138FEF1096A0A41F669
:10A2E000C5FC030301F97B0A7BF6CAFC8200A004CB
:10A2F00070F97BFFFB08A1F7F1FFA7F57DF4C50915
:10A300007A0A4EF50D08810C40F5F7EBA6FC981380
:10A31000AB1040105A1075FAD0F7E90955FF000943
:10A320009C090F01F402890A360898067FF99BFE02
:10A3300037F33CF404E1B5EEE6DC2FE261F930FFDF
:10A3400008EB9CFFB8041B04320A331984252F182C
:10A350007E0F0C0175001605C7F7EAFE43110A02CD
:10A36000CE01E6FEF905D7FD7B00FFEDD3E2A1D7D4
:10A3700069D7BDCFEBD320D983E3A4043609CC0041
:10A380004DF931FF960551034314E1EE2EF3B40964
:10A390000502BE01C601CFFBD1FFF0FD9E01E8EB37
:10A3A00040F47FEF21EEE0CE12E3C6EC1AF484E62F
:10A3B000EDEB2406A8F9610D37027C0E540EF8105F
:10A3C00081FC0EF217F1DE0B71F95DFB6B00E80208
:10A3D00000003F032DF91DF96BEB88ED43D8B5CD97
:10A3E000C4D8F2DFABEF70F8FDF4FC00B40C28FB2E
:10A3F00088FE1E139811170A5814F4F97606D6032E
:10A400009DFC87F009F51E0AA605B3F72DFBB300E6
:10A41000E8F95BE932D977D2E7E929E5D600DB052F
:10A4200064040C0DCE119FF98BFB4B0DC711A90FC6
:10A43000F809EB0428FF0B0B9D0927F3C10A060B53
:10A4400007070715E1FD2BF62FE5A6DEA9E1BAE027
:10A4500010FF86099D07D412360228FE62F821F605
:10A460008708A509120B1E11EDF7930AEEFB8A046B
:10A470008AF551EF3B147A0E6213CE14DCF901F920
:10A480003BF38BE1EED22EE563045D112E1A6100E1
:10A490006708EC01F4009505BDF53E034F086CF923
:10A4A0009DF97EEFC3F64DFE7400A9034F04B30778
:10A4B000DC13610BA4FAC5F950F54DD608D443E975
:10A4C0001E0B6617A0111E0AB5076DFBE6EF09FE0D
:10A4D00045F42D0473FF5BF45BE5830F5504FAFC30
:10A4E0002FF13D114B13010F9718EF02F7E903EA23
:10A4F00049DE93DC0ED0E9E998FDFD1EFD126B0CE0
:10A5000004FC95052C037BF988EC7DFFBDFF8CEEE8
:10A51000A4EFB805AFFBB70D17FC18FD48085FF8AE
:10A52000050C410404EB9BE57ADB3FD1BBF20A004A
:10A530000D1471236317C003F4FE41FFA0FB81F2E9
:10A54000E2F728011DF827DDC6D85DEA460332068A
:10A550006001EC010C0A8C080E16EEF95BEB1DE1B4
:10A56000D5E897EB37F52E045E0BCE196F0CF50F7F
:10A5700026060B031FEB61DFA2024A0ADCEB60E94F
:10A5800000EB71E744DF7FFACE10E5FB44F22605CD
:10A59000B0FFE1F9FAF21BD9B0E4DCEA7CECDFFFB2
:10A5A0004518C602280799139B0C3CF89CF2FDDD68
:10A5B0004D08D6F48CD3C2DEA3D87FE1D0EB120DC8
:10A5C0003AFE4B07BA0C4106540455F5E2EC1DED7A
:10A5D00038F715F212FD4E065D0986158910D00C6C
:10A5E0008CFB3CF92CEE3CF58603B3EED0E041E762
:10A5F0001AE868F805E842FA7EFEF9FE850078F66A
:10A60000D0037DE2DFDE1CEC2DF942009C092C0416
:10A61000680F0B15011415009F097EFB8E028E0436
:10A620009DFF60F673EC81E5C8E68BECB2EA8FFD26
:10A63000A80447FCD305B105B80ACBEE84E50AE5CA
:10A64000CDEB070BBA072F171112DB06A707C3FBC9
:10A65000B3FF13EC23FCF9048806B0E8D1DFE8056A
:10A6600063FED1E9D2F288EAA8F5ECF5840281FA1A
:10A6700093FCC4D930E0FBDBEFF40C05D01D631074
:10A680001616440AA70CE9F68BF038E4F5F95B10CE
:10A69000EF00830975F8B2FCD50A6CFA79FD47F032
:10A6A0008BF3300A89FB94F887F472D020DA53EAEE
:10A6B000B4FD4A0F0E02190ABF021101D2061EEEA6
:10A6C00061ED96F5260DA80302F802EE24EB17F1D2
:10A6D000DE03370294037E10760005FBAEF783F3AA
:10A6E0008BE3F4E4A3EB97087602EA0DCB0C970614
:10A6F000220055FF79F830EBA0EF2CF887FC19ED1C
:10A7000002E060F0B7E65FF8260CBA079402F505A0
:10A71000F400CC0B40E5EFD16FE61CF6A0FB37FA56
:10A720001A0334FEC0FBB9FD83FB32FC56F87DF101
:10A730006EEFB1F513F520E35DE5EEE07BEF22F778
:10A74000D80B23FC60FDC3087F0A82F93EF7D1DBFA
:10A75000C1E669F2E5F493FD1FF370FB61FFC6FFEC
:10A76000E3FF88FECCFDD1FABAF8EBF310F79CE9D1
:10A770003BFC71F5D0F5E7073B123E0BDA07B7F764
:10A78000AE019B0170F888E877E4870412FA30F88C
:10A79000C6FAF9F730EE1800ADFF0E0FA5FD27F64B
:10A7A000ADF4C4FCBAF5B5EEEC01BCF50BF5141232
:10A7B0000B0508FF9500A102C7FAA70990ED5FF706
:10A7C0005FEE85FDB1F89BF4F7F73906D30401FF7E
:10A7D000A51C8010A90FA60AA4F195027BE1D1E285
:10A7E00091EAE4F334F9C4FDF6072907720F7909F9
:10A7F000A20282F802FC94F4CEFC6E0146EA1EF539
:10A80000EE007BF317F087035B0D700B97021B07BD
:10A8100085FAA5E695E2F2F0EEF0F711451AAB17CE
:10A820001107800F540F65FB8009ACF6CEFCED1BC1
:10A8300013053EF422EFEDF9B2F25AF472EE86F50A
:10A84000870E9505EC1AE9F9A1EF96E821F81500B5
:10A850002B03DAFCDE01860F5D00010625F711F6F9
:10A8600099FE2706E7F99F07B312C5FEEAFD041912
:10A87000FE1664075FF292FA890F76F578FE940C63
:10A880004B1BC1170F04080D2D04600DC0FB06F90A
:10A8900058F6D3F62606380A0AFFAFFBBC074E0768
:10A8A0009C09DF0185077705F60BF912540E450F59
:10A8B000E6133E02031AFDEFE6F70A0D680BFC04EF
:10A8C0001FF986025207B303C9FCECF719F67CFFA7
:10A8D0008D0999FFD202CDFDBBF528FF2AF67B0A30
:10A8E000CC02E309E507B1F85EF751FDDB00C808CB
:10A8F000DA060FF708FC4B0865F852FF3D0A53FDD6
:10A90000C2F548FA2605A3FB3FFB81F65EF822FC60
:10A91000B5F60A021FF222FF4FEF5B00A7FF61F5B9
:10A920001C0028FA3FED6CFDF5F7490399FE15F080
:10A93000BC024AF6F0018AF539018704AC016AFAD3
:10A9400093FA03F6D4F828079B0C240238F164F438
:10A95000BBFE0B01BF00B4F8B00A69EE9EEF11F028
:10A9600031E9B5EA1503C008AE0923FCC0F7CB05F1
:10A9700076FE43010C07AFFFA4071B00F3FE620E37
:10A980005EF7BAFDB405CF006F143905AD07361474
:10A9900029154A0AB715D4041F08CB07D3FB49076A
:10A9A0003F1221061FF37101D5FE690508FE92F9D9
:10A9B000EBFC9AFD9EFEEB085FFE6EFFB901AC0E4C
:10A9C0004305E108CD163C14F2182F13DE16330BA5
:10A9D000DA0C7105D3050CFE6007F100F3FF8EEB76
:10A9E00063073A02C2FE0C05F5FE3C0570FD9F119F
:10A9F00032005F129B144E124C0E70114906CD01AD
:10AA00004B0B5311910F140F4E04A20D6506C60097
:10AA1000A200A9FCECF80BF937F1DB0000050104FA
:10AA200084045A0AF604A5062408BB14F512E308A8
:10AA3000C407CB0BFEFE16022A06660BD7FC92FF5C
:10AA40008300FF03CC03E008A104BE03ADFFEDF6D5
:10AA500042F0BAF00F07EE0479FD0519D00A4E1244
:10AA6000560C73F5940079027F02A8017A06F5006E
:10AA700096075F096404B401D4029701C605D404A3
:10AA80006B0062013706B2F8F2F1B5FAA80FC1FF08
:10AA9000CF08FA0B4A0037FD37F998E8BBF948FBB5
:10AAA000E1EEC4F86DFB51ED00FBEEFA2DFA3F022A
:10AAB0009B0A5F00020C750E3A0C9608D619B31665
:10AAC000BF02D2F68007B90A14044B12FD026806D1
:10AAD000ED030DED2BF4BAF446FBD1EE00F9FBEDDE
:10AAE000CFFD03FEBF0C6501FDFE9B1735139309D7
:10AAF00037182D18831BDC0E17F1CA0BA70481062B
:10AB0000C60977054E1162102208C5FC7F08C1F006
:10AB100062E703EF40EFB30102F5950240FE4BFC04
:10AB2000640185032E0CAC10B00EFE0C871F7D094E
:10AB300008E876003EF17AF4D4161C09B71B711BA5
:10AB40006F09B9F52FF424F98DF0280058020A0690
:10AB50007F04D909A9FB2FF82EF4CA001411C8FFED
:10AB600040140110F50CA8EA26EE3AF1E3028CED50
:10AB700012F789FF20037315F805880022FF6BF494
:10AB800022F23AF36E07360CCC0D230EF901CAFE01
:10AB9000B10146FE07051E030E08C9F856EBE1D6C3
:10ABA00039D79F0540F3CCF67802650159089D041A
:10ABB000EEFC06033CF3F10015FD7AFD3BFB0C01B6
:10ABC0008BF647033DFE0EF98DFF59FD11021EFE67
:10ABD0009BFF6E0243DEC6DE61DF9BFB1E06890221
:10ABE00088FC4E000312320811FE5002E1FE69009B
:10ABF0003A0018F9FFFC91F1EEF7A6F7EEFC12FE11
:10AC0000B0F6D40CB70A350CF1F57BFE5AEF55F8C7
:10AC1000C9FBFB044B055DF97BF5DEF92D0E810EBA
:10AC20001806B6005FF368F2DEE996EB80E980E48F
:10AC300056F657FC1EFC88FEE7F19410410CA0FE6E
:10AC40006A1181FD0BFE48015DFD98F01710F005BB
:10AC500019080000600C1A0259131F018EFBB9E994
:10AC60007AE321F342F8F7E955F53B026FF6D90094
:10AC700031051802CC13760D930AC4067CFCA4FBA4
:10AC8000C4FCC8E7B1F5C9F96CFCCD0193026306B9
:10AC9000EA171E07C8EEE0F11EFD3AF386E49DE7D1
:10ACA000510057F35CEEFDFE9C067A0A46089AFBBB
:10ACB000F20048FEC80BEBF9AF0CE6F5DA0378FBBF
:10ACC000FB03F81464FEED0989063C0DBCFF5AF144
:10ACD000F2F9A500EEF02D0534F4E9F05EFE57FC24
:10ACE000CD05E605A9FB16FE94029805C7074BFFA4
:10ACF0007BEE02EF281347FDB7F79C061BF9BBFC60
:10AD0000740011040D0058F814FD3D0379055EF23E
:10AD100098F6940395048AFF27073702E8F934036D
:10AD2000FAF872FA4EFD47FFD3F20BE983F70E03F0
:10AD300093F7BB12AEEA56F9B3F68808CB0A340291
:10AD40002B03DAFAD1FC7D0A550574029AFA1F0228
:10AD500043FCA5FB8BF48AF450F750EBD2FAB2EA2D
:10AD6000EFFD69EA58001C010D033C02C9FFD1F751
:10AD70009E010FF50B09FB01AB0CEDF72409100147
:10AD8000D2023808C5FD5F0AC8F65FFF99F9A10233
:10AD9000C1F320F3C2F531E886E60FE4B70816FEEA
:10ADA000F9EFC2F62E0269F3DE02B30211FD990932
:10ADB0001C008506410700043D0873015EFC440C3D
:10ADC000C7F97FFE2CF0C6F428FA6AE9ECEDF4F539
:10ADD0004FE922F605EEEDFF31F947FC230F52FD56
:10ADE0008E04790A57FC00148FFEA00C9C0B1308EC
:10ADF000D5F4440A230A78FB89F504FF38FEBCF336
:10AE0000DEF370EC64DD90F1BDF6C800F0F4D1051E
:10AE10002BF908F9C70A31099519F01F7314D20BE1
:10AE200033FBB3FCFBFC0007110A4A0E640447FF26
:10AE300056F657FE83DFA3F215E605E171EABBEB98
:10AE400024EDF2E8A0F3720AB001410362FEB3FD03
:10AE5000910C2308D7141F16E30EA1111F15EB0C3C
:10AE6000A719180617073C00E0F81FFB92FBE50145
:10AE7000DFEEC8EF28EF67EBC5F905FA43FC710672
:10AE8000E506C907C506E5F453F4B8F118F1C50F96
:10AE900031062605B00D020B5B0FF515360B1500BC
:10AEA000F40DAD0D0F0A220BFBFF9EF066FDB4F80A
:10AEB00093F44E00EAFF1008D6FA41021E05B402D0
:10AEC000B70B9E0FA008E509C802EE0C4A0B9401CF
:10AED000D5FB3603510FBE0FC60F4407630EB910E2
:10AEE000CC051500010104FCCF06800A07FF82068D
:10AEF00041F96201CEFBFA0137FA6A09BE040C0778
:10AF000047FD6BFEBD08C20871FFA2FFEC05750886
:10AF10000EF9F2F8070ABDFB120A4607AAFE9B07C4
:10AF20006C002D012FFB870A7EFD5906ECF66808A0
:10AF300042F93D0AA0FC670475FE1F042506CCFA01
:10AF4000860823FB75FA9FFAD0EB39F470053C199B
:10AF5000B918C40DB914A90166FF4708CAFECBF69B
:10AF6000ABF85F04310719FFF4F5C6FC17FD34EDAB
:10AF7000E6EE58EB4FF36101B0FD9DFA8AF7D7F882
:10AF80000EFCCBF799173B2541206E0D8C18190D3F
:10AF9000EEF040FFE5FE82FF2007CA066FEF92F257
:10AFA00078067613E6095BE9C7E8CAD792D884DC4D
:10AFB00059D9A4DA3BF73EFC34E064EC6A0324F18F
:10AFC0009BF4A201AD0DC4110D0A76FF201062F9A9
:10AFD000E604990691F486F6D8F5E4F2CCF154D95A
:10AFE00019D8FDE09FE607D494E029F9D3FC13FBC0
:10AFF000E1F5A3FD5AF72BF7180A9904D3114F1E58
:10B000000A220115AA215C1439F71309A2FBA10633
:10B0100042FFD4F89EE4E9E3A2DFD4D7BCDF6702A5
:10B02000EA05A4028F00CA06BAF13808250B07000A
:10B030002811DDFECDFB30F6EC198C1701239210A0
:10B04000F806D2FDB5F955F4FCFE0BF6BCE5EEDED4
:10B050007FCF22D33DE8BBF11504DCF637032C0784
:10B0600039FE71FEBEFFFF06CA1212FBB0F96F1166
:10B07000960877284A0F15FBCCFF0AE918FD5AE617
:10B080007FEE02E233D3C7CFA0D309DE9CEA7EFE77
:10B09000E904D5FEDE02DC084304BEFEA10123FD67
:10B0A000FB013C0852023212290EC108CB18C70717
:10B0B00085F8A8EB0CE86EFAFFF16DEB9FE332D850
:10B0C000C8D385E10700091743112817590464F90B
:10B0D000E9F208FB0507E3FB1B03FB142C057F04C7
:10B0E000BB0BFA2DA616A810F2FE1EF1A9F0A2E1E4
:10B0F0008DEF44E30CE087CA53CF21FB390AA0232C
:10B100007C1A7B19B4FEA4F0E9FD6EF1ACFB92F45D
:10B11000FB02FD03ADFBDC058827C41ADB15A6FC8A
:10B1200068FF74F25FF2A5EF2CF607E83DCD96D7E5
:10B13000B4DC5503FB107F1B7D13C111730BD3F0DF
:10B1400000E969F6C6FE75F57CFFEDFC3807EA0FED
:10B150008B16071190055AFA93FD6EF718F29FE9C6
:10B160009CE86DEC7ED843D4DDE128031B16CA179A
:10B17000531E810A2DF9C5F754FED0F816FDB5FE11
:10B1800020F3DFF7E5F1A6136A1C3C12FC1387F5E8
:10B190004BF695F0A5FA5EFAEEF932F21CE78EEA6C
:10B1A0007FDF1C03480F3D1C6114BC1A5A14950F15
:10B1B0006C13FC0BE9F2BFF598FFF4FCD8046F0D9B
:10B1C0009505E4E667E659F2200AA2F5EBF01206CF
:10B1D00094FCAED914DAF2E553EC2DFD4A0ADE10E8
:10B1E0008D13F40FB21A2311A60908FD4DFCD902E4
:10B1F000F10AFCF733FB21EDE5E05CDB85E516F3B6
:10B20000D1FC0AF1FAF9C7FFDAEEE5EBD0D15DF433
:10B21000C5FB95F49106D905400F7814150CDB1188
:10B22000FE106806EDF309FCBBF68102D2E6E6DC0F
:10B23000B9E197F167EBA1F8FDF705FD4904C401F9
:10B2400040F3EAF07AF6E0FE00F47D0094082CFA70
:10B25000FF02C50841060E0D2D0901FF18F773F016
:10B26000D4F5DBEB12F419DD64F893F1BCEBE3F7F2
:10B27000DDF624FD43E835F921F9DF025DF7B7F586
:10B2800016FFBEF8B1040C00701123F60AFD75011B
:10B2900036059508EAFE9BF2BCF6C6EDB5E359F615
:10B2A000CFF405E833E0C7F3E00839EFFDFA06EE26
:10B2B000F205BEFCAB0BA00AF40AAA0051099203E6
:10B2C00023FE84F7D9F78A138310680655FE88F7A2
:10B2D00018FA96EE25FB95F6AAE202EA96EFB0F38D
:10B2E000F3EC9CFAC0EF78EAB8F6AB118A073F148A
:10B2F000ADFF910476F348FE5EFA3EF54A08E8FB9E
:10B30000C30D9C107FF08AEEA9FCE7E4F2E96EE23F
:10B3100042E3A2EEC1026BFFF2FB95EFFBF623E7DF
:10B32000BBFE2A08F801180AE605BAF32E05330118
:10B3300051FD23FA2900C7002A14550A3107F1FAF2
:10B340008BECB0DD65D2EFDB5EE8F701E3F8640774
:10B3500065FF35F6F4FAC6E2C5FCA3F92507C0F887
:10B3600018F42700F6FDD5FBA1F43EEF1802000407
:10B37000AC05121353F8AA0084E592D2CCD693E818
:10B3800053F295FEBE0061FE4008CAEC27D966E183
:10B390008EFA2A07880A4CFDA0F1DCF9DCF54DF89D
:10B3A0006C024A06EFF72EFA9904DE00DCEB3BF163
:10B3B00012E07BD95ACAFBEA0FF9010B49EF0200F0
:10B3C00047FA34FE26D220FD3FF97FED99036EF552
:10B3D00018FE9CF856054B110413CF0EAE02D10A8D
:10B3E0002F0958FC18F5EDE481DC1FC607E0ECEAF4
:10B3F000F81065075DEA89FCDC09AAF942ED35EC35
:10B4000034F9C60702FAB201CC006A022C036D04BB
:10B41000410A3713C514C204AF1167F952FC78F121
:10B4200038D951E648E04CFF44EA5EFC2AF007FBBD
:10B430007DF7120010F0D5E8B1EE66FBBFF991F68A
:10B440001805400241049FFB2A07E6FFCB08F60CD3
:10B45000EF1284FCCDF180EB3BF3B3F54EFD17FC0E
:10B4600098FEF8FC2BF7DBFFA3F5C206F606D7F330
:10B47000C4F0EEE6F4F324E905E84EEE12F7A1F588
:10B4800001F64D05EB00E5FA62FA960384F529EE24
:10B49000AA095B0B7710B307F3FE07FCDB0598FBEB
:10B4A0007DFE4C051C00B40AE80ED30A330A8AFF5D
:10B4B00026F894F621F5B2078B073EF555103E00AD
:10B4C000D902311EB60DB006700F0208750A960437
:10B4D000F3027904290983FAFDF583F711F8A20430
:10B4E00037FA87F9B2FE4FF89D014D0AC8EFBC004C
:10B4F000D0004DF8870B26110F1094F8E7089E0C2A
:10B50000A0FF61023FFA68FB7800F0F937F718F9FD
:10B51000A70704F98EFF010A4600ABFDE1F56703BA
:10B52000A6FFA5FCE600CBFB7D0256FECD002B045A
:10B53000A2050A05710875F80802DFF882057AFE8F
:10B54000ED02C5039AFBFCFDE3FBE6FCEBFCEB0222
:10B5500052F83BF678FA51F4C9017DEDD5F7C2F9FE
:10B56000B9FCBFEE3FF39CF5C709C0FFA3FDE8E6B9
:10B57000EEF2EAF34CECB7F0F109820281FCD20959
:10B58000F9F635013BF8BC0521F9CCF942F6C3F1D7
:10B59000DDF812FC81011F0468084CF4BFF4E6F3E7
:10B5A000E8F5F900DFFB61F08CF316F930EF4E009F
:10B5B0000A02300AFC054A05CAF9EAFF9CF8AFF511
:10B5C000A9FF78F38FF107ECD3F6DAFCC400A8FAF0
:10B5D000F9EB87EF0CE80CE979F1D9EF0FE417F3F9
:10B5E00016DFDBFF9E0893F8C4F8F806E6FC770444
:10B5F0007CF72503F9FCB9088CEEAAF433FEBD01F3
:10B60000A1F856F54A0288FB850F9C023CFFB0FF6B
:10B6100099EC7EEFD9EEE1DDBCF6EBF90AF603F624
:10B620007C09B506AB171E0CECFE8FFDF4F80CFF81
:10B63000C100ACF46B0046FC6B1856137F158E10DE
:10B64000C815C312F1FAB303A9F254F66700DDF787
:10B650004AF55FF686EE7FE808F28D16670DC7FEA5
:10B66000D6F646F2CBF61C097D04E3F5F3053AFC69
:10B67000890BF50CB513EF068F146807F6114D0C06
:10B68000CE05340B7B0712059A08FF10DA03CDEBC9
:10B6900041EF270345F895033E089CFD32066405FB
:10B6A0003FFED9F2710B88088F0AFB0A86065A10F2
:10B6B00017FD13FE67FFC60C6307A808B60A22072A
:10B6C0006C0AE5193316C4FE75FCD00710ECC207EE
:10B6D000B8F0A50E66FC600D80FEDE0AEE08750867
:10B6E0007B165E10690D90FE02007F032805300274
:10B6F000F60A680629038605C706F1084704CD0740
:10B7000021F99203800316FDF607B80F83F882082B
:10B71000C5FEC800C201910997018DFCB8FF94FADB
:10B720006AFDABF7EEF8DDFF4CFA24073602DD02C6
:10B730005312FA05D007230D9D046BF65E07EB0448
:10B740006508DD095612D0FEE6FDB010110B760437
:10B7500077FF78040A0A15FBEBFE48F9EF03F4F1D2
:10B760001F01BBF2B3FB1D0CA30F590E3C09700364
:10B77000ED03D9FE1802F508C508D0F93A0FF30316
:10B780008B03E70C1204FE0D56031E0F43169F0C8D
:10B790002703FEF5E4FBD3F3ADF363F765F8A606E4
:10B7A000BA0AF3081E1694048D1008F62C0234FD14
:10B7B00059FCD9FE9613060EA50CB609ACFB230066
:10B7C000380EC3015FFC08FB40FA00F8EEE8FFEE1C
:10B7D00083FAC1001B080E0ED101720B4B146A10C4
:10B7E000E608AAFF18014A089CFFB904C4039A0797
:10B7F000FB0146FF57039903460477FE2B1061F9BE
:10B80000B300F3EBA3FA2801890748FA6EFB46035D
:10B81000C80E8309C31607062402B11380123A0F1B
:10B8200087FB78F9610B4C05DAF6AFFE58FD340959
:10B830001CFDD8FCC4FF15FDEAF4A2031CFA850523
:10B84000770226011C0C2E1C8C094D004F0A97FD17
:10B85000B3EC640DED1C9E03B5F1B804C9F94C02BC
:10B86000A305A0EDD90831FE6E09CD03ACFC8EFC1A
:10B87000C2F2CBF57DF0DC031107FC1688147711BA
:10B88000420650FD06FB3BEC49F0F1F7100DB913F1
:10B89000DF0548050FF63AF9C4F81C04BDF9CF0AD4
:10B8A000AFFF5DF6F2F7A00076F45DF7D703890DE0
:10B8B0003B14E30B640C1BFDC60781F85EF60BEC32
:10B8C000C5E00704AA16CA13D10107F237F937FBFE
:10B8D0006602EEFB880517FE7607C5097707DB03CE
:10B8E00095FD8FF68B11311390088E03B30B85F401
:10B8F000DFF531F55DEB6DE87D089912A509651D51
:10B90000A3034CFC36FB85F679FEACF8FCFCF8048E
:10B910002CFB6E01FE015502ED0328FCF5018203AC
:10B920009B030DF99BFBCFF735F7F5EA4AF89CF638
:10B93000B9FCC3FED70C1BFC1C00031212FA9DEDD0
:10B94000B4F21B0132F719037200F9FB8505F80602
:10B95000230C26090A0741038EF2AAF4F3FA31FEFA
:10B960008CF8DDE957EB87FE70F8E902B3011C00A3
:10B97000E2027AFF600F8C0103FA660148012DF69E
:10B980006F009802D8032C02B5063F04B3FE2AF6D6
:10B99000E8F1A2F1BFE94BEF0BF988F3A6EA3AF41C
:10B9A0003A0DA3FB1A0857F677F3A30CED0D5AF3E3
:10B9B00052FB5F0C78FAE1F759FEC20BB704CA04D8
:10B9C000AB05F1099BF210EE03031BFE1CEB83FE9B
:10B9D000C1FBDBF311FFC4FD7009AAFF0EF7FAF9F2
:10B9E00075F07AFCD8FA80F3BB05CC025301B6118E
:10B9F000270F71028F050D0B62082CF6080427FE35
:10BA000043059EF6B1F4F2F0BC008EFF0D0728FD51
:10BA100098126EFE2BF47BFBDA03E6F80BEE97F040
:10BA200061FB5C076102E7157E11BF005807BF028A
:10BA30008D07F10720F480F37B04FCFCD2F738FC7F
:10BA4000B0070E0B380C3004350258F8DBF3EBF777
:10BA50007EFD0307680EB8E615046F09B407D80425
:10BA600038FE37F3D3FF05FAB8FD5AFB67F873FFCA
:10BA7000B10065F9100526034507B30C8F071E10AA
:10BA8000570A63072EF94DF64508A0067B05EE140C
:10BA9000B606D40452F666FB2CF3AAFA820BC01247
:10BAA000B3FAE8F75B0D7B0DC00B68030702A70232
:10BAB0006D06CFFFAEFB35F01BE9DD0641F93B0714
:10BAC0001D084004EE05050AF4F496FA54FF0A171F
:10BAD000A5189221B712FE01CF05DB11B315CD11C8
:10BAE000490014FD5F0E541039168C22B91B011D3C
:10BAF000120EE605CFF723FFDE04CBF672F781FACC
:10BB000076018B00D0080F064712820F0B1DFC0F29
:10BB1000E604E911DB1BE316701EFC28B627602340
:10BB20009217B51AF90DD00D30022805F0F8EAFF8A
:10BB3000C2FBFC010A03A1FF4A006B09CB0382048C
:10BB4000B4FEE5FB79092906C1051003C2FD16F60E
:10BB500049F689FF6C051706CD021905AEFFE3F61D
:10BB60003C0652F8C706A7FB1DFA6A08AF04BFF9E6
:10BB7000C2F81B055DF4FEF9CCF761FB55F95CFFDB
:10BB8000BEFD14F832038FF553F51DF63DF56DFB40
:10BB9000E4F272026902E5F1DAFD6004250459F865
:10BBA000B9F8C507B4023EFF99F7B9F7AE02C6F679
:10BBB00016FAEEE6D1E876F4D3E82AECA6DC13ED2B
:10BBC00067E6AFF8ADF257F024ED1BF208FCAAFBD4
:10BBD000BCF27BF90E081DFB19086E07BC140EFBA6
:10BBE0005CF8EDF725FE3CF6AAE94FED4CE208E9DA
:10BBF0009DED83E278D22DD098C88DDD69F28A055B
:10BC000066F52FF1950D5CF9D4F8FEFAC4EC110637
:10BC1000C9FE70FFB60F90FB890313EFE30299F2A0
:10BC2000A9ED570328090F0E3408190029FD72F1F8
:10BC3000B4FAB601190DD20184FE5F079B0826FAFB
:10BC4000ADFFC3FE95FBB4EF11002C07260CC0EF2F
:10BC5000C2EC76F8C7F5C0F568F2EC01C4008602C4
:10BC600019051EF032F256EEB8EF66FF8C02370D62
:10BC70000C0BB3090B09F3FA2104721712F173F5D7
:10BC800017F67DFB14EEA7E43CF0F0F940F072F5F6
:10BC9000E4FB22FF63FA0CFCBB0099EDFBEE8DF395
:10BCA00081F56E00E2076E09FE0BF90139FFB41C45
:10BCB000A90627065405AEFD68F508F44DEE62F0BE
:10BCC00090FF260E890532F5D9FAD70CC01359FD1D
:10BCD0007EFC54FCDAF208F1DC054B0ADD06080EA6
:10BCE000D90CA000D70A6D16A60D66FA92FC1FF5B6
:10BCF00094045CEEA6FBE6EEBCEED91443141E07DA
:10BD00005EFE900F7A032B0B8600B0F535FC5CF9D4
:10BD100045F82FFD00FC30052DF916FC80FC1B03B7
:10BD200038008D088904A60205FC89EC86FADBED53
:10BD300093F4DBF2B70E71FFBE0C3712D4FA89FA16
:10BD40001802DAF435EB88F83EFA17F1ABFFBBFCCA
:10BD50001EF370FBAD022F035505DCFB2EF81CFA19
:10BD60000EFDD9062BEF8BE144F077F7E9F0CA041A
:10BD70002008D10A5A01B2FCA70016F2F9F043FBE1
:10BD800022FA78F96C0009F57CED0501F5066305EA
:10BD9000E0EEBCEB0DE459FC9AF5D9F464EDE2F069
:10BDA00093EEC0EC31FD7606D3111015EA11A10F08
:10BDB000981592F927EAD5F21EEE73FAF2F5870785
:10BDC0004AF6CFF822025D0152F847FAC400AD01ED
:10BDD000890951FCC8F356E115DDB9FB04F647F9B2
:10BDE0007EFD0A042D0D6A1A5B20E6169BFD6BFE94
:10BDF00067FF5BFEA8FC840C0203CF0F21126008D2
:10BE00006311A4EA6CF542ED1A0F00F956EFE5EA6A
:10BE10008EDDEEF8F4FEF9017EFA9913FE0EB90DEF
:10BE2000DC12F310580DF912390CF80C9F11A4060E
:10BE30000F1C7516EA16600E46F43EEFE1F438F971
:10BE4000660053FC93FDE4F745F2EDFA2BF370F036
:10BE50007D01B4F7A0012C09DC0D4F13EA0F7D0B17
:10BE6000F30B2A0B5906E208F20AACFC50FBEEF980
:10BE700090F7ABF542F544FDEB001BF94B00FB03DB
:10BE8000CA00F0F35EE83FEE2AFD75FA7BEED501BD
:10BE90005D06DA1D47051A063A0A6500B5FCC2EBD5
:10BEA0006EF2E1FAF6E8E1ED0CF78AE999E7750739
:10BEB0005CF93707FC03FCFF05F33FED66F886F5F8
:10BEC0004CF2B4EF95ED1AFBF10A930B0D0CAA0A94
:10BED000F2FE6EFE28F816EAFEEF30F5C0F1F6EA43
:10BEE0004BF2EDF789F20201C0FE570200FBA2F906
:10BEF000EFF21BF757FBD9F874F640E7E6EC9F002A
:10BF00002905ABFF2201B7FAC900E3FD82ECF3F586
:10BF1000D1EB1DEA2BFFFBEE87EEE8F408FC99F469
:10BF2000C6F73807F0F366F5CEE878F7C0F5D70224
:10BF30002BEC1AFA87EFA206F709FBFD9A0149F9E3
:10BF400046F9D601B00277F43CEF23E735F0E6F589
:10BF50005C03CBF10505B40DB10300EE13F95F03EB
:10BF600031EA88FD7CEB5CF83FFC34FBEAFC830B98
:10BF700042104A0807F56A02BEF539098003DBFB67
:10BF800093F727FD2FEECAE6FCF5CEFC68FF5A05B5
:10BF90009D03CF046D0752F608F0A3F6E9EF3BF6D8
:10BFA000A1FC19F973FDBC0894113FFAADF5C9FC69
:10BFB000370976012009D703D4EDAF0301EF84F9E7
:10BFC000FCEF2EF6ECED7DFA850B84FA5CF8C4EB01
:10BFD0007CDF90F241FED6F914FB39024FF93A1397
:10BFE000D7FEB300B0FB8601B0FE0D00670B200149
:10BFF00067F481FE8DF84305ECFBD6F5740404FD6F
:10C00000EC0B950A99FA97F875FB8EFE05F23FF551
:10C010009DF6FFFA1BFAE7FCE203F90A950E78FE9B
:10C02000E9031508510BB00F6DFF43F8F50353EC0E
:10C030007E051F06D20324058EFF08F9A10235EC08
:10C0400093F8A6006F0415F6C9FDE8F5D7FB1CFBB5
:10C050000D09BC0825079310C6128A08DC034603A5
:10C060005BF69A0A100725F591F5FF0488088E0300
:10C07000F102BBFABB0392F213EC15FA0FF99DED36
:10C080007AF38F0D1BFCCA0841F859F7740139F394
:10C09000BE074902E506C70A9C0CF109140A6304AD
:10C0A00039EDE000A0F95900E9F9BCF625FD9B0344
:10C0B00044F45FDF73E506EFA2EB14F8E1F399F9BE
:10C0C000EEF9F3F23001A6F5AEFBBD0041078DFAA3
:10C0D0009A08901066010406D5FBDBF1190392FE65
:10C0E00055F69909CFF66E0639F0D5EB09F10AFC41
:10C0F0002EEE91E091D993EEBAE739E899E3F8E5AD
:10C1000026F255F11BE860DDFDDF2CF446F8560001
:10C11000D207430191F81009B7FC89FC5403A80425
:10C12000750578F85FF102FF0BF4D6EDDEEB81FBCD
:10C1300052F26DF65EE8C00AC4F2700013FC4FF0D4
:10C140009CF0B9FB5CF9470452095C0635F6BDFD6D
:10C1500064FD8109CD09C7007D0A3BF77A026802B8
:10C160005F027D01C5FE48F8040BA30F7B0389071E
:10C170006B031707D30392FAD108500047042F0628
:10C180005AFCDCF6F80822FA2FFCB1FE8EFE8E096E
:10C1900050F96F069301230C47082F0A1C025E0812
:10C1A0003208951167075D165713980A6416B21581
:10C1B000E018D70D9A0BB6053A044F0340FE9704DA
:10C1C0005B0798FE8104E109D70C40FE2012EB0CBE
:10C1D0002F1FA12B111EA5294B162D0AD8035C1F5A
:10C1E0006A16CD0E94172F1DBF090D18B9066F16CC
:10C1F000C017A60E13FAE2004AF602FD0404F1FB92
:10C200009BF6300A3E156B087514FD0C04093E19A7
:10C21000370B70019AF86601EF04570B25092418B3
:10C220008F09DC042302300BEE00E1F2C1F28EF53F
:10C230009E0168FF530DD70980FD730E360B05FD77
:10C240000B1566028D180C01A30B2BF5DAF8E8002C
:10C250001F01CFFB0FFA7E07C800230F54FAC4F565
:10C260004FF8E8F5C5FC25FCE0043CFABB1F2D089F
:10C2700041106B1AC81C891080061F0260F4C4E6C6
:10C28000CEEE61FDDCFA5A01561147FC5E071AFB3F
:10C29000F5FD0A131805A0063DFE74052C020C05D9
:10C2A000B9F8DB07DC095E177F1ABD0D32135A0798
:10C2B0001FFD6EFD64F3C9EF4BF635F1E9EE920C0C
:10C2C000900693F396F82FF9F3FB820327FB851072
:10C2D000F413730D2A02F50B5E03A217150B5F1BF7
:10C2E000A914510F8D1217160AF878EED6FB66F3D3
:10C2F0003CF2A501D7013A056208460678FFF5F53C
:10C30000CB02C1018E08A2FD130511FD0D176C0CA7
:10C31000CAF96522C9132E15CC1992109004101574
:10C320009AF434FFEBFABDFEDF0C8C046C09400379
:10C33000290BA107E6F6150A72FD01F65107520214
:10C3400077F758F4BF1E740553F6D1086E0A7814B7
:10C35000291D260A08FD500C0301E60CE0F268EEE8
:10C36000ADE867F054FC9900DB022B0256FCFFF7A6
:10C37000F0FF6701A20F6FFA3FF15CF56C11010D40
:10C380000EF996125F0916F6D4004DFBFDF90D0E5D
:10C3900096F957F5EBFA32EC79E1DAF053F8D30875
:10C3A000660458FD68F80FF5D501B3FDBEFD3BFDF1
:10C3B000F8F93A00A506E20D41FD3909A9FAADF3F5
:10C3C0002CF2ACEA8CF9FDF93FFB8BEE38E0DED3C2
:10C3D00018D621F9A113020447FE65F137EAE3F705
:10C3E0000202CD0458FB3EF95D000008810B7C1F62
:10C3F00049028A0BD70B66FC8CEF93E10CD9CFF086
:10C4000077E8F3DD1DD881DC89F40C1C6C22E01781
:10C41000EB0591F11BF86CF54CFB7FFF29FB82EEDD
:10C420008DFE732A691F3413E2FF77F3790A98FCB3
:10C4300077E5F5E176D43FD322DC64DDBDE6E5EEB9
:10C44000E10B9C29181BAB1568FE20FCDAF33700C2
:10C4500029112A01B0EBC9F71C07B00D0F1A880883
:10C4600014FEA2FA36F8F2F46DE950E1D2E0B7DB3F
:10C4700028E383F535F5A20D34266B233324140C01
:10C48000C70053F93300E20D9CFB9CF205045EF7F4
:10C490006D07D4067F1089103FF9AEFACC1130F841
:10C4A000E8EBC8FB4D00C4F594ED4EFEA303651CFC
:10C4B0003B329A334C2700FFFDF2A902DB05FA0458
:10C4C000CA02DBF87FFCAA07110B6B04BEFF8F10BA
:10C4D000C3F7740E020D4013540522FFB20B1D0D5D
:10C4E000BC0909123520AF219F30F81D261B60FEC4
:10C4F000B8051C047B0B2F158BFF21FB05FBB7F741
:10C50000A3125814F203A9FFF609460795177B1AE0
:10C51000880C95072612410394115625741BCA33C3
:10C520000B1A7F1D09117D0B7205CE03270EE20E3B
:10C5300048F993036B099F0CBB247B1FE30724F886
:10C5400021FB330C810E3A1F770B2A131100B7061B
:10C550005C147217D71FC51A650AA90301F64100BA
:10C56000E6125209CE108F0429F96EF8A3FA3704A7
:10C57000D3187F2A991D0C01AD06D2F9B8F77F0BAD
:10C580004C0F62FD4D069915DF15A3203012360EB3
:10C5900009FA120988FECAFF4A0AF0068A102C0816
:10C5A000F4F190F37B0B82091010B90E9B0EC0FFC3
:10C5B0002B08B2017C0D3016181449FF4A10A71041
:10C5C000770F4812B105A902CE01BFFD37014C0219
:10C5D000260C7604A60637F8690150069EF59E04DF
:10C5E00080F607FDF40712002FFDDA08D81CC411ED
:10C5F0008912EDF96E01E408F40BE90C95FB900645
:10C600001000C603050A9102EC036DFB56FD8B0278
:10C610008F0026EC05F9A3F512F9CDFA21019F024E
:10C620007AFA340B062A03FEAA1C92100F0658FC55
:10C6300000F7A9FB07FDE90078092905B400B60158
:10C640000FF910FAA4F854F709FFE9F420FB9FF45E
:10C6500060F2FEF9390289024F0854041D0D3F01B2
:10C66000201F521036FAF4FD1BF93F019B044B01C9
:10C67000E90B4B0C98F8E40922042AF26DFF3EF80E
:10C680002DF680F3870512EB36E626F33E0AB2F567
:10C690003601C405DF070E08E806EEF6EFF66AF28B
:10C6A000EDEB7BFC82FD6DFE310868014EF7F0FC7E
:10C6B0007EFF40FC02E118EDDC0176F4C9F5E9DE0D
:10C6C00037FC9E00E8FF1002CEF81C08B1FF3810BE
:10C6D00070FFCAFA5CF477EFEDF3DEFD02FB66F261
:10C6E0007FF018EE50F234EC55ECEDFD1DE45300F4
:10C6F000E5F5C6E49EDF1E077E07DFFD1AFCCB04CE
:10C70000FF0098FFA2072C01D1EF13F874E767E54B
:10C710008BEE1DFDB5025FFBCBDC92F09FE9D1EA09
:10C7200010FF4DF3F6F32CFCD3F17BED42F207EF53
:10C73000F6088A09F0FD99F9B8014FFA5001EAFEAE
:10C7400014026207D0FDB203ADFFE916D921BC2067
:10C75000B4F999EED306EB0265F7E4EFCBF5DD070C
:10C7600013F916EFB3F2D3F730FC2B07CD0690FE8A
:10C770006702EE05EA00530001FCD6FF8B091E0498
:10C780009F0845F76CF74A0214FD33F94201C407CC
:10C79000150089F7A8077DFDF7FFC10466045D0A4F
:10C7A0006902D605BB05E80340FF55FBC9021F001F
:10C7B0005C0909FF620CD60484097806910931FEF0
:10C7C00014FA7E00610912F9FDED9AF4010A1006CF
:10C7D000A507750CC6068A0FD6F71AF6B000BF007B
:10C7E000BDF50B062DF947EB70F02C01E3FF99FC2A
:10C7F0002608DA17D511C0082D0E4619891F331ADD
:10C800005107151707FFD30FA710C804E311FE0B3C
:10C81000E709AFFCD3F77C00530940042302CCF5B1
:10C8200080F545133D172D05D802BD03E30797FB9F
:10C8300034087C02A2FBBBF73506FBFAEC11CA0AEE
:10C84000AFFAA4FC100200F592FD18FC8CFE46FC29
:10C85000FEF64F09CD11E1EF8D04B712E8092F075D
:10C86000DB0A72F956018FF74D089302A9FE09FF02
:10C87000FBF6D70A2607EF09A1F853FB2BF88E0326
:10C8800087FF770394F2CB012703A5F72F1131F42B
:10C89000A4133016851231FF10012CEC8E043FEFEB
:10C8A000A3F72DFB64F7E7006802150B210485133D
:10C8B000880642F644F42C0581F9590AA909960C18
:10C8C00026F615F80C01A5FD0B170A044EF195F795
:10C8D00061F177ED20F715F9E8F363F922FC84059F
:10C8E000370D42053416AB0132098000A7F27700FC
:10C8F0001A016E0F1D0A620030002EF5B20E1306EB
:10C90000210B19E7E7EB40DDEAE179DC1CE011F9E6
:10C910000BF7E6FCFF028D011C0C3B07D3098DFBD6
:10C92000840A490181F88DFB95F943FD46109A056B
:10C9300074F0F30469F98FEB74FC74E306DBA8D898
:10C940008ADF56E56AEB50FDA5FFB502910ACC01DE
:10C950006109240A39FAB8F9AE00BE09FDFCC8FE27
:10C96000D6FC7309B1F7CDFDE403EAF153F5E3F129
:10C97000AAEDA5D923DB12E295ED54F1FDFB90FD64
:10C980002C077A07C5FDD0FB40F9FFF9CFF8DCF89A
:10C99000F3E9EDF310ECF0E8D8F411F193FAB1FB00
:10C9A00004FA06F937F9CE048EF804F8F0F6C9EC6B
:10C9B000B1F39DFA96FFE002250EBF0344FC28F573
:10C9C000EAF5D8EAB4EDC6ED55E9BFE81ADC70E83F
:10C9D000FFE75DFE3EE54BFA71FEADE765FE99EFC0
:10C9E00083F472FBEBF18DFDEDFC35FF5909ACFAD8
:10C9F000E3025BF3E4F5CFFF74F6B8EE83F50BFECC
:10CA00004BF695EA7EDC18C9E5D0A8FC05DE4BF9AB
:10CA1000B0F5E2FFB7F162F11AEBB3F021070AF6C5
:10CA200089FA3FFFDB08CEFA36FEE805160A8C03CA
:10CA3000B7060BF3E20493F942FDB6F018E8DEE026
:10CA400070D318F2CCEB1DFCB201D6F347EB00F823
:10CA5000BDFD71F4A5042812EC043FFBAA03B60443
:10CA6000BE08A40E0F171C0DEC06A204940282034C
:10CA7000A5045904B6F175DF3AF08EEBBAF36106FE
:10CA8000D1FB2B056AF94614C40EC8F016124706EE
:10CA9000C5118910CB0390F95305DE021508010377
:10CAA0007512B000C8FCF8020204DAF8AEEC91EEA0
:10CAB00072E94707F6164410190799FF1C03D10CB9
:10CAC000AA19FF080B0C7C17C91662080109D3F8D4
:10CAD0004607B2083C05F101BD14B80B8A065B009D
:10CAE000C1F635016AEF08EC42FCD70DAF16AD1860
:10CAF0004EFDF7F61F0CD70F55071D1F5C0F7C1C52
:10CB00006020D80B6402AD0C4D0262079F0BB70F7B
:10CB10003F10C80297FCFFFE68096903D6069FF222
:10CB2000A1FFCE1B9B23010F58FFD6059E0229189B
:10CB3000360F660A7F112016461B111A1020990D18
:10CB4000AC08C711BF18A10783FD57F284F7E705AA
:10CB5000E9FA2C0AC6003B05A9EF4208B10D9AFA82
:10CB6000D90329080C036B1A3416360E74183F11BA
:10CB7000171AB0207F1B7011FC13450E4711B00C23
:10CB8000FF08CE06140392074A09790A2705E01622
:10CB90006309E41DBAFDF70E4A02DDEAE9F74A1D12
:10CBA0004E0E3C126FFCDB05DB0093036406F00EB7
:10CBB000A2052707B603570D840D4401F90ED014C2
:10CBC000E6067814811CE528D51799216B1A440CC8
:10CBD000F803D7F7F201F917AF089EFA47F8C1EF4B
:10CBE0003FFE1A03BCFA37041C0163FE9B0855067E
:10CBF00068026A0F1310481802097F12C517AA0CA1
:10CC0000B829E627E51772072EFE2A00690ECB0524
:10CC100020059CF384E67FEF05EA73EC59F588F074
:10CC2000C3FBAEFA3F0126FD9AF9BC04ED0C910A54
:10CC3000BD16111B160CDC0E5D1F1D1381EA5FFB78
:10CC40005BFD1900FB0A4EFAB0F8CEE533DFD5E7FD
:10CC5000E3F1FDF4C8F024EB51EC75F086F33CED04
:10CC6000E0F8CBF6D6FE23FE97125D0AB3F9CE01AB
:10CC7000C60B3E0FD1E6340254075AFFCA102AF9F8
:10CC8000CEF9AEF851FFCCEA61F13CE8AEE9A8ED8F
:10CC9000C5EFC4F91AF1B5F09DE87DF9ABFEC60900
:10CCA000340A0009C30FE8183E00A7F6470CDAF76C
:10CCB000D1FF89018EF923F881112C08F20ECF0AD9
:10CCC00035FA9802FE062DFA43F4A0F18AF07CF1C1
:10CCD00042F683F3B5089BFDAF0C940C41071A1B79
:10CCE000B30A1E1414049BFD110AE20624103BF53E
:10CCF00083014808870ACC03EC090109AE005E07EE
:10CD0000BF01EF0B8C059900DBFD4F054DF6ED00E3
:10CD10005E0C5AFFDCF6C1FD29EB4C02B60614FC92
:10CD20004CFD4AFF7FFF3901F213871254136D0D3A
:10CD30000C0BE9043C098406E815A80F8116C20E05
:10CD4000260C5A0C4CF94AFA470FFB03C8FFCE0DCC
:10CD5000BB11230894FDD50976F6BB07D802D50987
:10CD600015F9A204280CA71455002505BC03D2FB15
:10CD70001A03B209E0060202F9014700CC12470F7C
:10CD800079051AFBF1F224F74A01E2F95CFC5CF741
:10CD900035FC0D084707360461021303E5F73A0333
:10CDA000890666071E060FF91EF67FF8E9003505AD
:10CDB000D50387FD7EFB7EF72101FCFF4EF70306BE
:10CDC00046053008DCFF0D066D0A7807E1F857FCD0
:10CDD000DC01E2FABEFBB6ECD9F2B3FDEAF9950943
:10CDE000B0F41AF34E06A9F411EEFAEE5DE857E539
:10CDF000B7EE46E3ECF3B0F875FB5A026F04FD069C
:10CE000035FA7401A1F649F704FF51F360F6FBF11E
:10CE1000E1ED0DE7E6EB06E78100050AD8FC33F605
:10CE2000E4F6B7F73DF38CF3E9EECCD81DEA47E61C
:10CE300068FBF5034A074D00810447FED7012CF03B
:10CE4000FAF4B2FF4CF06FEEE7F95CEC2EF12BF642
:10CE5000360B83076815CE13E918A206C8F839E225
:10CE6000D6D333D420D45BE1D6EC55F454FF3D0443
:10CE700096F9BF05D6EE6F0A840BA0FE03FFDA0514
:10CE80007CFF85FEE6FEE2FD4503E00495ED5C03D4
:10CE90001D01C5003EF189F342F2FAF8D3F87CF2A5
:10CEA0006404B1FC1F08A4F90E0AFE099FEE840C6D
:10CEB000D107CB0EBE0EA70AC7FFFA083909C6FA7A
:10CEC00018F84FF02C03B3F92009B807A91A27FD69
:10CED00033EBF3EF75F872DA67F42FEDE9F96805D3
:10CEE0000FF78303370E590DB0FCE70F3B0F60F9C6
:10CEF000CB08E1052A0574019EF33BEFDAF1B9FC9A
:10CF0000B30FD51B9C11BFFF61F4E7EE59D71CEBA3
:10CF10005601E6EFB3FE3DFAE70499EF35F8D00D80
:10CF2000F01B6711B70791FFAFF36AFBE4EE4EFB0E
:10CF300088F0C6F310F841F61A0E2C29A719A50699
:10CF400083DAEBC1B2E6770038F5EBF3A7F6E60239
:10CF50000E092C0D36022C17000CFF027C08280746
:10CF6000F8FF5FF416FB5EF24AFBE4F5AAF2C70392
:10CF70004719A11DFC0FDBE2F4C80DC133E96510B0
:10CF80005304910439EB1DED17003BFDA500060786
:10CF9000A609BD05AB01D00BC2FBE2F491F77CFE04
:10CFA0007F064E0CA6066A14E918221914F42EE224
:10CFB000F9CD3BD62CEC0104520AECF553F7FF08EF
:10CFC000000144FF7E13CF109E07A8ECE7EFE4EBCF
:10CFD000A8F371F609FA7403500CE01159FE5709D1
:10CFE000E70A64182EEA08CF3DCD61E55C07F50439
:10CFF0006BF7C200C6E404FB280FC213A30AF60FA6
:10D00000FEF977F2AAE589E5C2F6580B70114C10CB
:10D0100098F7CFFFF8FDCB0280011F003FE828D62C
:10D02000E3D94CF37CF69BFB46FF53076DE9D7FE33
:10D03000FCFAE6195C0A47022AE3FBF046F8E8F638
:10D040000BF79B03FC1BC000790C65FE1101CF019F
:10D050007809B5FA3CEB7EE061F286FF16FE3E0AE7
:10D06000EB189A03B4F8BD0035FC7D0B41FF3EFB85
:10D07000CAE9CFF6ABF91008EB03A60C0E089CF733
:10D0800068F596EEE2048CF984FCE3F71FFB78E880
:10D0900001FE45FF5B02B205F514260D7FF35E002D
:10D0A000FC03E116DD0D26FDE50C46011E0250FBDA
:10D0B000970C8E0539FA45F21CFCFFF8A70596037C
:10D0C000770834FCC5F5F80BDE07AD0529F453FFEE
:10D0D000A40636EF4BEC26F9BBF7E7FC11067A0FF6
:10D0E0003B0C1907AB030CF8A5023E0080F8350194
:10D0F000C4FC95ED9A089F05FFFA75FED608580204
:10D1000018097413940962045BF409F03B0D5BF594
:10D11000500B6402BEFA5F14D605F7FC0406D51363
:10D12000A40E380A8A0017FD7EF8C2F488FEB30BFD
:10D13000CE0145083A082B0E8F0C7B0417FCA70A7A
:10D140001A00B4E162F822F3DE04F707970E970C99
:10D1500078008707010C9113D1121E141B06ED07EE
:10D1600045FBA2FC3701A20BE00AF00D810E390647
:10D17000020A8208E208D20A2DFB44EBA7F6A2F0CD
:10D18000D1FFC0096F09D803AD06A4FD3D012E06ED
:10D190009800FA0478FC49FE26FC63FFD2FC3408B0
:10D1A0001D024F0C9E021DF846024F0EC00927F8C3
:10D1B000A7F5A1D882F17A037202CD0FB316140F2E
:10D1C0004C037B0A4904BB07B103B702EDFA23ED18
:10D1D00090E3B9F6FEFE57FC890ABA0FD8079B0503
:10D1E0004A0C000249FAB7E949FD4BE358EC4B02FF
:10D1F00033FBFC029A074A0513E7C702F5089A05B4
:10D200002AED03EFDFE7BAEB9CE042F737F887023D
:10D21000DB06A60AC21568046D0D1E0751F1E20275
:10D220008AFA46E241F597053BFE700ACE1076FE7B
:10D2300023EAA4F2DBF641F248E52DDED0E020003F
:10D24000BEF431F3F1FA8AFE8605870722079516A8
:10D25000D40053FA9EF602F30DFB8E01F50019F689
:10D2600076F8FE0326025801A1F430040BFF4B00B0
:10D270005FF7E2E744FF5DF2AB00BCF3DDFBFBF7D9
:10D2800037FA5902A112A115130C1D0807FEE3EF8E
:10D29000BDFFACF594F85405FCFA7F08100326078F
:10D2A0003502B001A608E91F8C109412770D33FEE9
:10D2B000D5FF22FBCDED65F28A03A60C780183052C
:10D2C000A8F7830501F26EEEE3F06EF6B405C8F63A
:10D2D0001AF96301F30238FD5D090201BB0EF9235F
:10D2E000E1101E21E905AE0E1507E1044706AE0167
:10D2F0002CFA3909F1013FF587F743FABAFCA9E99D
:10D3000039F42AFDC0F350F99CFA1E040D0983EF8D
:10D31000CC129C172C15A61C851D29161C069F05D2
:10D32000C40BBC0801FD63F1B6F7B2F94D017CED09
:10D330008EEAA6ED73F6E6F3EDF1DF0269FF1D0854
:10D34000D5FAADFC4CFD6F028A0002ED8BEAF4E7E2
:10D3500005E9AEE5A8FB01F271DF5CF250ED26F0C5
:10D3600020E739E5D7E95EF92AED80F035F623F4B8
:10D3700083F456F68303FD05F1FF20075706F903F2
:10D38000CCFA1CFA79FE92F4C7F6A8044802A6FE6D
:10D390004AEA0103F0DE5CEFCEFCFEF917FF2CFF3A
:10D3A000FDF30E001A00F501420938FB8FFCCAFD9F
:10D3B00014012F02D906C7057AFD060395F547F734
:10D3C000C0F6FBFD9CF90DFC060B7F0085072005D0
:10D3D000270A14F836FCD2F8B1F9880989F9080A45
:10D3E00004068BFC3CFE3204E9F70709B9070F0677
:10D3F0000602250AB011130FF50E9D019C024E0383
:10D40000F8FEDF0045F9DCEC36FB7E025F0BDC1832
:10D41000E509F60F510AAD0BBA07DC0422F7F3FA5F
:10D420007DFF66FF1C0160F231F8DDFB8B0EFE1004
:10D4300000096B0797FDCC0669F98607DE0FCC0B58
:10D440005F012E158708DD04CEFF72175A09F60D0D
:10D4500064026D0006F6590862045F080507A7F824
:10D46000CBFE410D480D9D0E190AD9F6A4FEC50448
:10D47000F4012C134F15B50661EE03FF64F6B7F106
:10D480005F07F906BD0751FE38FDEDF685F4D3FDC3
:10D490002305F802B2FC6BF80E04EC0C8C04A8F225
:10D4A000BDF062009BFDC0EC00006AFAF7EF48E8AF
:10D4B0002CF969FC9EEF25EC1BF644E9B1F854FD0C
:10D4C000EC013FF74EF596F8FFFFCA035E0BB8E993
:10D4D000DFFF61FC710C45FFBC09FF11F50211F97A
:10D4E000B2FC25FFCAF0E8EE52E864EC90EA0BEDDE
:10D4F000F0F203F369E2F3FBB50275F9ACF06001F9
:10D50000E2F88001D00268FB79FC6005250C7A14F2
:10D51000F507AAFAE40125032C070CFD57FE08FDC8
:10D5200010088604D2F532FA0BED6200AEF5D8FA97
:10D53000DCECE5FB29EFC9F89DFFC8EC860C140B69
:10D54000A2FCF8097F014F0E52FD10030B0C890459
:10D55000F707950EEB0398FB69FB4603EEF065FDBC
:10D56000EAFAC3F428FCDBFD0AFBD5042DFFBC005E
:10D57000BBF01D077203F1FDE10D3B033208E80328
:10D580001104A10BCF023C069806F202FEF77DF9CA
:10D5900095FB74F6FAFABBEE9CF90FFD78FD43019A
:10D5A0003005F30C70F73DEF3C021E0755F901F210
:10D5B0002E1BE20048FC99FAA3FED50C740AD2FD9A
:10D5C0000DF9ADFAADF705EC38E770F7DB053CFE79
:10D5D00013F7B90275F2D2F2A10BF9F23CF258FB43
:10D5E000360B5B00E2F6E5F9280B690381FD2407A1
:10D5F000A3FDC9FDF0046406ABFA48F761F1CDF074
:10D60000A000C7F94D01F7FF32118004CDFE69F487
:10D610005BFDF40656EEB9F1811414F7BE0610F363
:10D620005B0636F258F7E60E070226FC67FBEB12A4
:10D630004E07D7E71EEDCFFED910BB0F5F01870C59
:10D64000C30AC6065D04C6FA67F062F0C0E5C1F61B
:10D650006AFE010181FE4AFED709F5FCAFFB6D0FA2
:10D66000A601C20CDA019A09B1EE5CE67AF6EA0C80
:10D670005E085602BF0C8509CC086505EB05BAF1BA
:10D6800027F07EEBABF2FA05F2FF66FBCCFF86FFDC
:10D69000930AE50195FB2A088008040A7808B10777
:10D6A00046F38BE4D107C1073B11EB0B9E0E9E079F
:10D6B00062072B0DB0F7D1E520F113EB80EDB9F344
:10D6C0007DFE5A0A4712B50567FF55038404890792
:10D6D000DF04C109A516480311ED70015302C70408
:10D6E000FB1B130E4715E90CE6140C12C9F730F0BA
:10D6F00040E9C2EE33E38EFAA8FE93056301030707
:10D70000610090F5DE0EF50DC102DD0AB918A60024
:10D710001BFD2CF244067F090C14360A790A891184
:10D72000F507AF07B202E1F555E723E4AAED0DFFD7
:10D73000CB0210FDADF890F566FF43FCA7097A1007
:10D740006207E7002507970238EC7EE562FBFE16CC
:10D75000EF134B047816EF0650FBFE0059FB9DEBD0
:10D760008CEA5CF2BCEABBED0708EEF80DF682F934
:10D77000BEF5FCF7DC081207F0FF14FC590B6DF541
:10D78000D2E1E6E85B07FC105107B50A7B1333F6DC
:10D79000DDFB65F8ACF323EE68F196F89CF1DFDF72
:10D7A000580F0CF4C2FD8601AAF44AF102F1F3000D
:10D7B00008F58CEE01F4BEECB4EA8AF2EA0A670ED0
:10D7C000D21231FCA4FDDAF631F274EC7EEBABE060
:10D7D000B9EDA102FEFD4DF929052801700AB0F14D
:10D7E000CCF5B8F2C1EA8A0479F81FE6ECE536F523
:10D7F00085F8B3EAB90DC3096508CCEF14EF38E733
:10D80000EADD17ECE7F1F8F219E24C0528F01D0308
:10D8100092087FFA3F025AF5D7FB2BEEF1EDDAFBC7
:10D820003BF09AE616E87BE712ED65F91108450A28
:10D830009BF911F64CE60AE2A9DE0DE544E712F287
:10D84000D1FDE40816011CFE4AF9E400C2FAF5FC19
:10D850008BFAB9F75FF8D3E34CF1E4EB67ED2BFB00
:10D8600063F9DDF6BAFF2603F50126FA5CF1FCE95F
:10D8700033E3A5E878F753FA3902650770F81CFB23
:10D880001AF775FDB8F7BBF05AFEE6F133F3FAEE7E
:10D8900070FE110A9200E2F34DF765F81D00C10019
:10D8A0007FF195FAB1E31FDDA3E571DD54E8C2F421
:10D8B0002F0927FF74EDF5F9E707270A0A00ECF4B2
:10D8C000E9EFE0F7F7FB18020503E0050E013AFB6C
:10D8D0003BF0EDEF8B019B031FF7D2EA55FAD2EB39
:10D8E000DCF396F0FCF2BA0483FF95028DF9230471
:10D8F000DFF6C3FD41006504DA0478FF52F60D003F
:10D90000AFFD8A045A02CEFBA9FD49F271030E0550
:10D91000C40F3E034C06210093047FFC25EF3CF826
:10D92000E7F5F1F5FA0575FAE104CFFB59062BFA94
:10D93000A106310937FAB90223F7720779FB87FD8F
:10D94000D9FCA303BB0A370707128F0094FD0EFF13
:10D95000E7F20DF03CF6B5F45BF4D20338F890032F
:10D96000A3F6C9FCDB070BFE5C03F8FEA3FFB818A7
:10D97000F8192023120E77025007BD104E17DD153F
:10D98000D0145F1C9304CB12F7094E1064118E0261
:10D990008B000807ECF9C1F9EE061FF66108F903E0
:10D9A0002D08E6F9D501420C020502105507CF06F5
:10D9B000D604F90B8919991675166D1D491BB90600
:10D9C00030FBAC0D3A0423FB5501350328FA4A031A
:10D9D00094F936031503D3FDBC00540428F88DF9DF
:10D9E00099F7E1FAD5FE74F8AC11590F73FE73FB89
:10D9F000BFF6EFFDDF01A209A2068809A5FDF3FA33
:10DA0000420711F8B3039005A1FAB9FB99F72A0070
:10DA1000B5098D07F8F9DAF5A3FEC10799130208D5
:10DA2000510DF615B6103C0456F6ABFAF9FE191076
:10DA30007A049F0B75F271F140F635061FFC88F8E9
:10DA400072FA4FFDBF0214EEC9FDC608450717075D
:10DA50001806390FA510A60C4D0EFB0E22081F0349
:10DA600082F3A4E8AEDDA0ED1B006C033610570E68
:10DA7000BEF932FD26FD2AF88009BBFE61FBB0F33A
:10DA800029F29CFA3EFE9A1AA4FB0DF7B0EF59ED6D
:10DA900031FB89FEE6ECAEEFFDD827EDDFEF470462
:10DAA000CCFE45FB30FFF80E5A0E2915880D74F98F
:10DAB000840AC90514062901E60EEF1AF00A1409B2
:10DAC000A9067EFDEDFB7EF75D042BFAF4F195ECE3
:10DAD0007CE1BDF427FEBE0E5C1A781B4113EC0FEF
:10DAE0005D091EFFD0EE09FDD9F6E3014E076FF880
:10DAF0005A0E7924951CAF10120CA80FAB02E5F753
:10DB00007DFD42E91CE232D229E20DED9305691F49
:10DB10006B14CB193C137422BF1AAA0633F6C4FA4D
:10DB2000F00970087AF860FC1C0097FFA406570DF6
:10DB3000AB08420B900CDCF7A9F028EEE8D191D5A8
:10DB400063DD56F2B70F9717EC274E27B715111C58
:10DB50009C11CE001002950EFBFE951028F115FDCC
:10DB6000DBFAD605E8FFAD01E102AC06310E9F02FB
:10DB70004D0617EEE2E0EED18DE02700A7170F1952
:10DB8000031C441FF70F2D18660B38FED50A7006CC
:10DB9000A30A7D0AA3FF18FB1EF3B4005608000475
:10DBA000D703D6048015331CFD14C000D1DB43DC41
:10DBB00081EA910E8A20031ED1203B197F1858025A
:10DBC000CEE46CF09EFA2AF6AC09B108DB157C03B2
:10DBD000FB086102C30394061F14910305189D16E8
:10DBE0002315CCF06DC73FC51BF36C145A1A4918A6
:10DBF000351DF51A270C4403D1E9F1E48EDEE00669
:10DC0000C607B614501045102FFCD0FB62F1590521
:10DC10001B07EB0D6F1B870AC6FB1EE11EC662DFEA
:10DC200037014C240E1E47145A1944156001080090
:10DC30005DEA30F696F1C0028C06741B7C20D40895
:10DC40007004F205F6F1D0FF11038C04420C70074A
:10DC500074EA5ED4EED792EAA901C91DFF16E80B5B
:10DC600056FC230625082BF3BCF5AF0950EB1C0D21
:10DC700086F9DA114F0D03F88909E4FB65FBAEFD67
:10DC8000300922FEF2FD1EF148F0B5EBA1FAC40AFC
:10DC900067128E1BCB15AFFE61FB43F14EEFF6F51D
:10DCA000160EB705E0021A0646005109F415B7042E
:10DCB000E408F706940D9C04FA0255F374FB0AEC91
:10DCC00097E750F3BDF674098410C80D7B0D97F4E7
:10DCD00073F29FF4A0E40AF34F070001FB0D48FE26
:10DCE00013027C0E3F1F22058814FA035CFC2CFDF6
:10DCF000C8017DFBAFF281F14EF114FDF2FBFE0F86
:10DD00008214BB059502770006F23DF6AFEB75096C
:10DD1000E8081E0F2D0E8DFD440B4606FD0DAB06CB
:10DD20005C003F0E18F9C8FED0FC3FF46EED25F202
:10DD300038F683FEB20A10089DFA18005CFD95F9CA
:10DD4000600C12FC0FFC76FAB0F98105AD0CAA0745
:10DD50000A0079059D06A70A220215FA02022B0B7A
:10DD6000B7FB65F6F4E6D4ECE7FE8100C509EF0BDE
:10DD7000C9EEF504F90102160007E102B6FB4AF309
:10DD80008A00640F8307D403D9FADA024001C1F68E
:10DD90004001C209C3FF5A03FCEF4BEEDAF6B904A7
:10DDA00006F4D3FEF9F8D2FAEAFC01082A10AE1103
:10DDB000DDFA48FDE8EEFDFF500362155A035CFDF5
:10DDC0000E04700B6A1325113005EFFF32F9CE06F1
:10DDD0003D0292FE71F8BDFC7600E4FD6EFAD801BA
:10DDE00051FB75046706D4FEA102E9F8F1FA69E770
:10DDF00096F8E710550843FB3E0A7301E50FF11250
:10DE000096FE58085D0FEBFAAA0321FBD4F94BF3F9
:10DE10000FEEE3F5EA04E10484003405910087087D
:10DE20006B00A00929FC54F2C0E0A4EC7BEC5F0677
:10DE300077FCDC06A4F65004F70C33FE0C081F1820
:10DE40001E1226FE8EF78EFAF6F49403B9024406EB
:10DE50000E002200A4FBE6FCFE04E3FE11F853F5DD
:10DE6000F4E50AE6D3F89108D507D8111DF99AFC14
:10DE700002FE18FC0F045519800D2901090CD80A5F
:10DE80008103940605FB2DF7B2F867F627F3B9FF77
:10DE90001416DB0630F768EE56E204F65E0395F8DA
:10DEA00053FE78018A03F9EAAB0CFE151B01670BE0
:10DEB0005C037101A60406FD26084E0DE3FB9003EA
:10DEC0006F0D6C08B1005D1D3D0A8D0FCB00D5FCB8
:10DED0009BF9520E4410A8FA13FD9605651232F80C
:10DEE000A6052F0A9F194718E5F7BCFE100050053C
:10DEF0003902A3094D0E0012171221FC040752FE2D
:10DF000052F7B7039EF567FC9AEF3601DD0E72FDFE
:10DF1000C6099C0634093F22E50E8D06DB16EAFB96
:10DF2000DE03E6FD48072F0199FA490036FCDD05BE
:10DF3000A400C2022CFCEFE950EE11F6F9EE53F307
:10DF40002BDE9100A9FC6909A90653F98FFE76FB27
:10DF5000400E5E076AF9DB00730A0509FFFE1DFB30
:10DF6000F40A210B6FFE4F082B0F340AC7FE2BEC6F
:10DF7000BEDE79E965E099F7B800B9FB4CF56F07AB
:10DF8000BB082902EDFE75FA470149F70402250195
:10DF90005EF501ED1EF471F37A03DCF463E9FFF63C
:10DFA0006A071EF96CFFC0FAF6EEEDE004F2D8FE47
:10DFB0004101BFFCDF0412FF6DF7B1FE600927FDD0
:10DFC0004E12D720C212E20B0D124903490AB20ABF
:10DFD00060038422F2FA55F0D708EA13050326F706
:10DFE00050FDE10268FBE40D45FC76FA5200FF09A2
:10DFF000D209B7FA660797052DF99EFDA2FE6505C1
:10E000007AFC48F84EFF0AFADE0A5000A8018400A4
:10E010005EFFB8048300820A75FBB3FE8A0A6801BA
:10E02000880327033DF62BF8B6FCC20768F73B05CB
:10E030004EFB710A3B007DFAFEF14604E11C620AC8
:10E04000E50E2A099A0243F6F5FFD4FFA00750F81F
:10E05000F9F42D05B6F49CFD8AF9D8FD850A560120
:10E06000A7F93C0930089404E0FA0CF7ECF9ACFD90
:10E070000FF326E211F524F1EE08AB00410342FE56
:10E08000810F0106DD086001EAFD67FEF3FEB40CB6
:10E090002EF412FF3709ECFAED0089F8B4FD31FDDA
:10E0A00004F5C9015EF93EFE0513AF076907B2F436
:10E0B0002BF410F117F8DE0876F306EDD4F06AEFD2
:10E0C00044FE750460F548F3AFFF0AFD2FF7970192
:10E0D0009EF8D50A62F6E1159FFF23004CFD200350
:10E0E000A40B790B87087D08DE0569F9ADFBDA0919
:10E0F0008C0D2909AE08CDF3D0011C0454F7C003E0
:10E10000C617E6089AFC4D057000AC09B1FE520135
:10E1100085FD83FB1A0273FF5C01F9FC8B03E2FBB4
:10E120005EFBCFFC04063FF4C505080542051D0053
:10E13000AEFDF0FD96F5DCFCEF0AEE1556131C085B
:10E140007A0395011A09D2FEFC000B0EB205D30B1F
:10E150007205780968092AFE3A0F6707BD041201A3
:10E160004C080B0966FB830A68F535FFD90A1101D3
:10E17000B4038216A108AC0AD808600C8EFEEDF23A
:10E18000E0046B107C0591036D021205B30C1304BF
:10E1900017F60B0311FC5B081902A8FF72FD420081
:10E1A000860D3D003BFBA4073C054A06C000BC07AA
:10E1B00001FB0C05F90595084303650A0202050EEB
:10E1C000A608620CD7FDD6018D07AFFA9AF98DFE2D
:10E1D00070001C07C0FB88FFAAFC11012EF947FC48
:10E1E0008EFDFEFC8A0B69FA4100D1FE8D0673FF9D
:10E1F000A30A8F064102E9FB2D009F0D30F97C0632
:10E20000520AB7F690F21AF0EAF76001860264F15A
:10E210009EED05F809FEACF5C7FB65FA3A0F480517
:10E22000E3FB750B55EF39FF42131F0C9D062208C7
:10E23000C607830584045704F503CC08AFF706F23C
:10E240001AF6BBF01BF251FDA4FF75F389F4100020
:10E25000DEFDF20359067EF6AA0A8FFFBB00AD165B
:10E2600015235E1BB903BFFD6006270C1BFACE0801
:10E27000120F7F0EB6FE5FF658FFC2F037F895F02A
:10E280000EF4F8F951FB25FE8DFF6AFBE5FFDA027B
:10E29000CBFD22041BFD9F0FB20ED3131615920760
:10E2A00041FD5203D1FFE3FA550C3E0B6A0AA40A62
:10E2B0005EFBAA097DF989058B04D6F828FE28F7AC
:10E2C0004FF2C2F48C017800DEF577FCEB06440DCA
:10E2D0004906B21E9A088C0CD3FA89FE9CF21E10D5
:10E2E0002A10B9179B12330E340FB2099B0599FC03
:10E2F0006DFF49FA330414FA98EBEFE992EA72FAE7
:10E300000EFD500BFA0E5C05FCF8F704EC09A8F1C1
:10E310001BF71EF8CEF96E096306B9161A14D3104E
:10E320008705B10EE3142903ABFFB6FA3C00D70B07
:10E33000A2F18FE4E0E4BBEB1A08B7041FFC7FF204
:10E3400070F13EF909F643F483F740031802F70829
:10E35000A810E3085512190F04094F08EF103604EE
:10E36000E80CD515F10B6E09B4F8FAF59B012DF206
:10E37000990092FC72FF2EFAD1E31BEFB4F6F2F58E
:10E38000C5FA5BF624EFB2F9EBF8FE0C71099DFCBF
:10E39000E606BE0222113615D40B0E106910770363
:10E3A000C70309DE81E40FFF71015B087500DCFB28
:10E3B000F6F8BCEA83EE1FF278E8DEF363E0D7E814
:10E3C00090EB4CECD9F768FF09FA9C0DDD0E631455
:10E3D0006A147F16A3034D0DE0F863DCF9F63FF1F4
:10E3E00075FA6706A80B5B062C009FF805FEB8FDC2
:10E3F00094EC58E222F22CEECCDD7EE9AFE289D635
:10E40000B8F611090A0B81191E240108CB09FFFC7B
:10E41000ECF1D8F9CBFF75FFF6F86FFA37F82A1947
:10E420004211E010F111F0F411FA0CF5BBFA4DF8BD
:10E4300098F044EB6CE2EEDE5DE8830A6712681D3B
:10E4400084127C0DDBFFA303C406E7FB1EF432FF3E
:10E45000FB09550BFF085A0FA60F580998129CF993
:10E46000BA115F0A550102F66CFFDEF29FE963E71D
:10E470004D00BC0CA71335137212A804BD15C8FEBD
:10E48000D8E96C00A6EE4103F1FC360A05FA91F9D1
:10E49000B80AA11A6D098B02B5061502C9FC9DF9CF
:10E4A000C4F2D6F238F89FF65908EB02070BD80BE6
:10E4B00023085616B0058E011CEA8E0044EA9FF52B
:10E4C0000E0706FEF5FF17F6160960FF68F113F355
:10E4D000ECF478F4CBF264F0E6F5CEF2B4F09C0202
:10E4E000850E40132209D907E9120709A30DE9F6A1
:10E4F0004AEB74E5EB01BA03DAFA0A0815033A09A4
:10E50000CF16850892FDE3FB5C0443F8B20981FD58
:10E51000E8EC6907BA02DB0BB110A0031216D00AAF
:10E520004413360097F4D5FC49F00EF3B4FE96057B
:10E5300055F7D4FAFE0A9217A7FFFE076CFB2B04CF
:10E540001009E50E27F9B1FFF0FEA0F7C3FB2E037B
:10E550006CFF0B08DD089309E909CF04A0F90F0748
:10E56000E2023DF214ED13F784F83A03E3FD56FDA1
:10E57000CD062200911185170A0CE01BC906D90DA2
:10E58000E6132D08B3018A083805D9148515F62637
:10E590004217F713A10FB5036118A3EE0CFC7F021D
:10E5A0006800B5FC1EF71504AA0587F72F0177F35D
:10E5B000A1F6CDF570FBA40639F7270177F17310AA
:10E5C0000417CF13CE0D5C110A0A72FB59FD01F836
:10E5D000DCEF10FCA207EFF93401C90362F749012F
:10E5E000C800B00605FF4001BB00F8084BFC4C0614
:10E5F000560741FEA30A51F52AF84C0003FCAFEC84
:10E60000ECEF5CEB0FF32DFDEA0605F8700185FEDB
:10E61000D4093E07BBFFEEF9C8077E000DF6690876
:10E62000E3003507290289FF71FA36096801DEF532
:10E6300046FEED086CF8CEFD3DF809F84CFA2308CB
:10E640008EF874036DF881F937F747FDE203130381
:10E65000B4FF7608AA019F05E5FE4EFAC8FF2B001D
:10E660003101320011004E1111054BFCD1F759FB5D
:10E6700041FC7AF593FAA304F009F3046E0967FFED
:10E68000F9FC84FA640543FC5DF6B2F74F0616FB0D
:10E69000A3FA0BFAC6F54AF742F0AAF047F61515A9
:10E6A000A60D56FAD7FE8CF8B6FD90FCDB0B29FCC4
:10E6B00053FC47053A04A3FA7C02B1F7E40FC80AF9
:10E6C00083FBEAF28DFCF3FEB901140026E7CADFF2
:10E6D00033F534FFE7F2F6F8230143FB20F53EF56E
:10E6E000B40A11FBCF0154F72F0A70FAA1FB3DFCCD
:10E6F0002FFAC4FAE0021D05EA01ACF10AF975042B
:10E700002D03FCFB680624083B08701316143A0C12
:10E710005EFCC8F5B6F4400A03FAF0FB7BF7BEEFE7
:10E720004401E5F9120114FE42FE3CF71006D6FE44
:10E73000EFFE4EF1ECF60B002EF2C8E0B4EFFBF169
:10E74000B110BE0A710E7A1C36FEB4F816E7D7FB7C
:10E75000FEED49F297EBC3FB72F6A8FF9D0813FD8F
:10E76000A4010CFBC1FB9D00DB0587F031F0B9E78C
:10E7700009DC95E1CBFDBF0C970A810193138C084E
:10E78000F20241F132E386EF0AEB68EF8EFB3905C6
:10E790009BF7EC04F2F7BBF94EF7F0038809190672
:10E7A0004802D9ED56E9AFEB87EB2DE8C3054A0BDC
:10E7B000DF04BE0C6709BAFE10009FF1B1E307E366
:10E7C000BBFE87F10EF133027EFA1FFB8D0610F9B6
:10E7D00044033FF873079C0A9F0836FA3FF83BF35F
:10E7E000A5ED2CEB600E7B043E03B20E1723DD0675
:10E7F000DDEF09DEA8D149DD7FFD63FFD002EBF23A
:10E8000054FE5FF8CD0492FEDDFD51F93F0887020A
:10E810004DF41CE8A506ED0A9AF031004601D30438
:10E82000D1F5E81AC81F4608BEEB99D675E171E923
:10E830007BF8960704F629FE74FD2E04D00B8302A4
:10E84000C0FAFB0858FEC4EE78F594FAF2F12DFDFB
:10E8500028F3A4F991000CF549F808125E1E880807
:10E8600030E55EE6FAD4CAF606F842FDECFFDD06B6
:10E870005CFEA3058C1118134DF834FF750AEFFEEA
:10E880006CF95400AEE552E508F3F0F07DF107FCB9
:10E89000BCEF16104A1F6606A4EF18EFD6DC76EF21
:10E8A0002BFD75FFE6097BFB42F5610426003A0764
:10E8B000CBFDDB08CEF70AF742EF9FFC67F13FEB99
:10E8C00033F1DE0229F493FEBD0A3A071414D2068E
:10E8D000B5EDACF14AEF44F39809370AFFF902EEBF
:10E8E000DEE718F666F7BAF6B7FDA6F5060618FBDA
:10E8F0009AFD8FFDF1FCC4F2E80CF50E54F9DEF937
:10E90000060B0A0C6711C00162EFB9F0DDFA46F39D
:10E910003104280324ECA8F1DAE799F32EF308FB7D
:10E9200015028CF6E8008F0260F668F48B01C8F9D6
:10E930003EFDDB0703EF03E8BDF8FB04E514BD0073
:10E940005DF48CF91DF4A0FC38F5DDF77FFECD06F3
:10E95000DCF6D202570034F81AFD020989023D079D
:10E960001704750B14FFE101B5F1D8F0FBF23EFD81
:10E97000740204133A14D5ECB9E101EB96F9AAE656
:10E980007BFC69009500D3FA2B0008FA60F622F3AD
:10E99000F90413FDCF07530719019B0E85FEECF810
:10E9A000D2F5D4EBBAF5E9FD420AE814CA1957FCCE
:10E9B00072EAA0EB3EF647F7C7F10604B202C601C1
:10E9C000F509EEF1270148FADB0127099CF6B9F9B0
:10E9D000A1F4EE0320E94CF268F7C1EE5AEF1804F7
:10E9E0001D12DB15BD23770021EC01E5FE0123FE9E
:10E9F0006A0408141E0B2E02FB12A4FA2B0106F95E
:10EA0000DFFC430553F8E2F971FB6EFCA5F4D3F982
:10EA10002FF750F335F6DAFB9D15AA1FE11B7D0C8D
:10EA2000A9EB1CF35AF69E05800A7B149A078F0AFD
:10EA3000231834F62E00A208EB00DF0603F965F672
:10EA40007F092F025E01440E370C5CF9A9EF65F6D1
:10EA5000D502A20D5E0F9D0169F08BFAA4EEB1FA0A
:10EA6000B2F866F1CAF88804B2FAEBFF11FDD402DD
:10EA7000E307850061002EFFA2FB950A0F0A5C06E2
:10EA80001FFB5BFB79EE26F3230A25119208E3F2C4
:10EA9000A1FC4F09CBF72FFD8EE921EFB4F04BDF3E
:10EAA000FDEF70FF20073D052A099F0469FBEE007A
:10EAB00019F746FE750851F059F1D0E114F595F3B8
:10EAC0002E0600108BFF7603CE0393FCE1FCF402CC
:10EAD0004CEE31D9DBED63E6CFF24B043C0FAF06D1
:10EAE000DC0614036D063DFE85FD660B980066EAA4
:10EAF000EBE651F976F0C2F4E70769FB9EFC6D0B7B
:10EB0000ED0AC8058E17DC07F2F55BF06EF1F70031
:10EB100057FBE50CCCFCE906DF02F50709F848FBDA
:10EB200014FA3AF6D90337F0AAF18D02E0F4620B39
:10EB3000F90881053AFF9D03680A2F160B100FF99B
:10EB4000D9F618F7CAECF4F848FCF20ACF06F9092E
:10EB5000A9F502F71EFB72FE1B05610204FA4800CC
:10EB600042F960F38203EDF843F6DEF861F53BF21B
:10EB7000F5F63F0DD7FA4EEE91F8A5F0DEED85F8EB
:10EB80004BFD0303B10588F940017CFC0B04AA038B
:10EB90007001DE0451F563FE5FFD4AFD6EF990F0F1
:10EBA0001FDBFFE6B8FD1AE3F3E0EEF32AE7F2EF2E
:10EBB000C3FEDDFE2CFE63F613091708EBFA1B09F2
:10EBC000E50566F9A5061EF9C00589029202B102A3
:10EBD0008C07F2F937FDC0F3EBF492E4ABF7A7F042
:10EBE00073F43FEF01FD7B01870144000C04F9053C
:10EBF0005AFD05022509E703E50713F749F6CBF6A9
:10EC0000350875FA01020E051B049A0A71FE2D04DF
:10EC10009EFB7CF81E0247FB560AD8F950FE43FBC8
:10EC20001D01CD01F1F64FFEBB05BDFD5AF912FDE8
:10EC3000E9075F04BD059B072DF706FD79F8C604BB
:10EC400075F6D1FEE4F614FF5A0342F753FFBE08EF
:10EC50005BFB18F86B0631F660029807090A31FF72
:10EC60001306D60734F96A0580FFCF06260118FE81
:10EC7000A2F554036101850102FC9000EE0639F80B
:10EC800097F80702400B5AFC74EBACE42D081EF910
:10EC9000D00299F74AF740F58F052007BFF6100814
:10ECA00031FFAEF6B00775F5AF047002CE07AD02C6
:10ECB00082F827F235E6CBEDA1D847DE7CE83F09A4
:10ECC0000BF495F052FC64FDFDFA00F32FF2E8F826
:10ECD000B5F76D058AF958054EFFFBFFE200010C00
:10ECE00097F435DFA6F103FAB8F3BFE0EDE57EE275
:10ECF00053DC8ED77DDED8EE9AEF20EB92F10FF544
:10ED0000DAEC31EE410687F142EDF1F123FC3602F7
:10ED1000770366F7B812070F270E96F488F333E3EC
:10ED20001FDDA4C832D91EDABAE5A9EF3CFD27FAE7
:10ED30001FF4B4E755EFF8EBE8E61EEAF4E8E7F174
:10ED4000D1E986EA26F36DF72FF713FB5E0EF2008A
:10ED5000410EF5097A0818061D0B620D01F1E1F06C
:10ED60006EFDC2FD8E0DAC1551FED2F7DEED50E604
:10ED70008DE3D3F028F8B1FC62F6A0E137ECF0FEA9
:10ED8000E3026CFF83FF2FF9C90D7FFDE503F1134B
:10ED90005907BA032AFFEB0F380AC40A27193101B1
:10EDA0008D047C0065EF89FF13F32BED1906750CBC
:10EDB0003C022CE47904E1076005670BAF0247F5DC
:10EDC00083EE9EECA7FA110551F7860AD2040806D5
:10EDD000EEFAD91237149C05A7FA18028FF62DFB0C
:10EDE000D0F0D3F96109600B76F7F1E615117FF5E4
:10EDF000E9F293012DFB69F515EEB8DFB8EBD8F811
:10EE0000BE01FAF7CAEE36F115F282FDBE09D8FB53
:10EE1000E9F9A2068D08D000D30FC50129FCF1FC49
:10EE200091FCCE05B9F2B3F80A02A1125C091FFEEB
:10EE3000D3F89FF66CEFB20BFA01CC0501F819E597
:10EE40000FDF8FFD75194E176C019D0CBA0DFD0F6C
:10EE50000F0F090E79F815EFE5F9AE02AD037D0449
:10EE6000760DEB0D7C0ECFFFBCF890EE3FF74A0C11
:10EE7000B70440FC17EE37D9D4E8190ADB17EE12B5
:10EE8000FD0D5A01180C3B10EC15EE06DC030602D2
:10EE90009414B10A49164B06A510C9FEE107D41611
:10EEA00021FFE8F678FA13092B159DF8CAE9A3E6C5
:10EEB000B3F65B172C0DDA0BF3FB19FCAE04AA14A6
:10EEC000960BE2122213631ACC0EDA0644050319DC
:10EED000E0FF62F97CFD95165BE698EC28DDAE0B51
:10EEE000380B5DF0CEF025F78313BA18700E390F8A
:10EEF000DBFED8F1070BAAFF31F3C9F7EAF253FAA8
:10EF000065FDA706980849085601E807FB0B4E0364
:10EF100061EA0CF617EA5CFEC0F23702D5F96E0919
:10EF2000481390FD5C02AF06B2051B038F054F022C
:10EF3000DEFE84F5DDDCC2EFCCEFC0F0ADE61AFDFD
:10EF4000BF02C2056E1340008DF6C50AFAEAE8EE6C
:10EF50009FF85102A108CA0FFD1112068C1070FE15
:10EF6000CDFC530640064609C6FE5BFDE3F545EEC3
:10EF700081EF60F3A0DD9CF52102620189F8FB09B5
:10EF800049FA510135F7EFF759FC65FE590BF303C8
:10EF9000B5169012B10C6C0991F8C70CE0031CF483
:10EFA0002FF7F801E7F964F27BEAF6DC27DB92F54C
:10EFB000C2F5C3FDF4F7F9F181F70BF92FFECAE0B2
:10EFC000E3E95CF41DFAF809890CF71538146B0BAA
:10EFD000E6FDF60F4908EB042FFC66F4D0E030DCC8
:10EFE000C5E75CD9AAE7CFEFED02EC0963F5B9F309
:10EFF000D4F64900D9FB7FFB61F7C9F0BCF2650B81
:10F000009613BA12F31954038E0259F68200E1F7EF
:10F01000F5FAFCE82CE3BDE662FC61F59C098BE0A7
:10F020003F0AD710AFF30FEABFFC47004AE842F3AC
:10F0300033F759F46C00890C4311C91D3E074E0784
:10F04000E3F819F011E7A5DCA6E088E783EA8CEE87
:10F05000CDE8E805CC11E30125F973106B1598F0A4
:10F0600042F29EFDA50059FD81F21AF5ECF9300A35
:10F070005203E3142505E9EF94F37AE9FEDA53E845
:10F0800017EE80ED39DA58E469F9D40B73FF2A0CD6
:10F0900001FB3B00D901B2E69DE35C0579019CF4DC
:10F0A000C3FBF5F4C9F89406E502B302B3046D009E
:10F0B000F4EE4CDD26E4BAF381EB55EF09F881F567
:10F0C000F4F79A0A5DFE860DCFFD52F74AFDDBDAB2
:10F0D00098ED2A00CCF483F155FD1BF605F8E9F90B
:10F0E00019F89FF56C03FBF815F51FDA90E3B1DE14
:10F0F000EFF3C6F214F28BEF21F506EF3AFB63094A
:10F1000016FAA60118EB62F44104CA06B407FF061A
:10F110005E0A1B0DC500C3F5F0FCEBF3F1F6A3FA94
:10F12000ADF7CAEAA2DC96E2A5F737FFC602700E79
:10F1300021FE8FE74B11F406E1FE26056BE088F215
:10F14000AC111015B613260D4302191727018402BE
:10F15000760A5BFCEFF84FFCB6F93DE4C7DBACCFB9
:10F16000E9F133FA7FFC01F368FCD10279019BFEDF
:10F170007D08C4038901C9FBCC1162234814D1085E
:10F180003E017D0E94FD2EFC80F291F5C004E7F760
:10F19000BAE48DD8EAD514E7F6E85CFCF30071FE1A
:10F1A0007EFA0E0AD2FDD9088A0775F869FC401765
:10F1B000E91F260B8A0098F6A700D301F0F47EEE33
:10F1C0004DE38EE2B5EE3EEBF4DED0DBE0DBDCEAD5
:10F1D000B0F0F2FAD8F25F0CDA0DB8FE390620F67C
:10F1E000AA05EBFDCDF5C305CCF02BF942F9F806E5
:10F1F00008EE200050F079ED18E591FDF5FB43F69F
:10F200005E138703E3E6C3EC4EFD18F62F0FC5042B
:10F2100096F7FA0A3202BD0888049BFBE0FF18F853
:10F220007604FB034F085AF970F644F2AC08B2FBBF
:10F2300067EFB109A2F33F01F7F92BFD0BEACEFC12
:10F2400081F8650AEFFA91F74E04FBFE6D04750232
:10F25000D3F74C0605042208FEFD3308D3F803FD5E
:10F26000C1F7EBF7C0F64FFBE40AA801C10067FC49
:10F270005BF98DFDA4FBD606BAF57EF9AC0348F91F
:10F28000E3F56A03830991052C01A4FCDE035DFB11
:10F290004D09DA05AB15C8064C03291B4D130B04A9
:10F2A000E304B5059BFAD4F3AAFDE7FFD207AB064A
:10F2B000FB112F13E1017512190AD9F764F7EA005F
:10F2C0008BF8E90123084700DE0241096211C005FD
:10F2D0005F0F1A033C123A0C810E52167111450051
:10F2E00021007DF9BAF41D01C900DE0DE0FFE5083B
:10F2F000D004F3041CF88EFC9200A4F597F019FDDD
:10F3000052F7FE08CE0D6E168423350CFD0CB91491
:10F31000B40D6C10AF10E8FA9BF9C60B4E0C93FCC1
:10F320001C04350322FB42F8790789FDC90C5DF8FE
:10F3300000F77A059EF1FB0A6012A0109F0E230EC3
:10F340005A0A65FB7006E009110DE008E10896FB1A
:10F35000F0F342F8F4036DFC48FC42E44F0238F34A
:10F36000DDF4BB09340CA50EC9F58AF5D0F4FBF029
:10F370005517EB06B00DBA058E04CAF748F84E02D1
:10F380006A10DF03FE00CAFA41ED3BE7ABFC12FD59
:10F39000D0F7A4F761F0EDF30DF80009AB05CA084A
:10F3A00079087E070509E4FE3E1143FE5EF905F883
:10F3B00031F88E0542014006C90DDE0B0606EC054C
:10F3C00059049B085FFAD0F62BF654E9FBE449EAAE
:10F3D00065FB6410AFFE550948FDB70CDDF62BFE4A
:10F3E000D00F63F8DF0082054602720623FCF804A2
:10F3F00028FEBEFA3E10BD075F09F704E70288FF4A
:10F400007BF57BF128E3BAE3ECE7F6029607D4023A
:10F410004BFD43F347F0F703FBF9A201FC01150391
:10F42000750E62FE6D00A3F9D70131FB54F854F953
:10F4300054FBA4F78C0563FAD4046E0609047EF528
:10F4400086DE84EFE405370303025BFCF90455080C
:10F450005104E20051033312161187FD50060AF7DA
:10F460001AF514FAE8FD81F706FC16FE2C08DD0EED
:10F47000C8077D07571962064BE5AFFA7AFF350DCD
:10F480008EEE8CF6D1F15C10A210050B130AE91573
:10F4900051FD33FE99F826EF03F1E5EE04FA27ED6E
:10F4A000480419FFC9085D0EF50D900E5014CE17D3
:10F4B00029F25AF213FC73084AFB1EF8A6F0F80E64
:10F4C0008E0CC618710CFB0B2FFA400035E938E89A
:10F4D00046EBCAFDD9018706420BBA16791590187A
:10F4E000D512F3089714980A14F61FEB00F61202CF
:10F4F000D1FE1802CAEBB5039D0D8A12310204F445
:10F5000037F595F75BFCEDE444F43FFD7E13B5124F
:10F51000240C18145015F50CB1070F020C184B15DC
:10F52000620A0AF52CF1C3FE78FED9FC5EECA30258
:10F53000DE08220DF10B0BF83EFEE8EE7AF142F503
:10F54000F4FE1912A118DC075311000F500715051E
:10F55000FA0489065606B3135F11C4F395E58AF7DA
:10F5600078FB36FB7AF91B0776F407F7ECFCE1FD34
:10F570003AF25BF9F7FB3AF5AB0E4C192E1AD51897
:10F58000FC02D804E0FB89F7EE032B04B8018404E5
:10F59000B5F5E905ABFA99F2CBF9B607FF02FA081F
:10F5A0008FFF0902CAF824FBA7FD63EF3EFB960715
:10F5B000F60E430A9909CE0B180632F94EFE3E04A8
:10F5C0008802BF09D60339FA9FFC5C0526EC98F641
:10F5D000CE0AE40E91FE140D9002CB02CC0210FD77
:10F5E000A2F583F00FFE6FFCCDFAE20A1903CAF709
:10F5F0008F002102BA0AE0FBEC0168046400B7F353
:10F60000A5066E0425E5BBF291F854081C00CDFF59
:10F6100069FE110121F634FBADFFDEECC4FDFCF800
:10F62000F2FBB8FE0EFC7CFAF7F98606D50CB207A1
:10F63000E3F057F595F59FF2D7F4C7F9ADFC45EF28
:10F640003C0E52143511C61693FA88F7EB00CFFC26
:10F6500055F4D8F2C3EE59F6BEF658FDA50193FF56
:10F66000D0FE7A0520FA0B0D560105F53BF4ACE00F
:10F6700019EC16EFB2F442F3D30287FE06F96DF9E6
:10F680008901EB01F70587F944EE63FF17011CF2CE
:10F690007701A1FAFF07CC0E99FD2D0129FEA8FDE7
:10F6A0009C01D8F783F762F0FAD68DF23DE90FF9A5
:10F6B0000C0AFDFAD6EB8A049204F90AB608ADFAF0
:10F6C000DF00C7FE44F2BFEBCFF98402C20F0F0781
:10F6D0009E0DED024CFF6FFF04F620EFF2E405EE05
:10F6E00008F2EDE9C5FABE012CFD10F84501D60778
:10F6F0000E05DDF1B2096DFE3A05CDFADAF7F7F83D
:10F70000AE021CF51C0C9DFBB4FE8BFF47021401DE
:10F7100080FC52E7CFEEDDE480F514EA23F8A00187
:10F72000E303DD0286059310EA02EEEF4200FB02DE
:10F7300022070F027104C0FA36FDD2F7BAF9410B65
:10F740001BFA7704A1F7EDF77EFE52E944F269F85F
:10F75000E4F2C8EACCF4A1085803E407B40EC807E1
:10F76000DBFDEDFC57F47401F6F83CF6FCF6AFF661
:10F7700083FBD4F4CEFB93F322FA84F073FCCB0822
:10F78000DA0505FD09FCFEFE481097FC2FF3C007C3
:10F79000E9FBA5FC04055209CD189F073F04C40FDF
:10F7A0001EFF56FD2E089C088AECDA00B3FB31FCE4
:10F7B000390C39FF280E8F0075083707F2F6130F42
:10F7C000E5FFC8F9B304C008ABF6CBF6E20041F19F
:10F7D000AB0CDF2399110E108018E1182520FA13C5
:10F7E0006817E1049C07510B990666063013DD1A71
:10F7F000DD054C0363FAEBFF5605D106FCFE08F766
:10F8000008003AFCF0FE74F9FA0B220F8B18152150
:10F81000D01FA0141E17011BEF14BC209B1F740ADD
:10F82000C11DF9195A178412A516191C7C19620BEF
:10F83000B2146D06A5F9EFFECAF51DFBB6077C06EE
:10F840009CF93BE77006240D5810FC0D82FA240841
:10F85000D6077E03AB0A99FA0B001009F8119D0F29
:10F860007303291268167FFA69043708A6F9BB02E8
:10F870009CF907FAD2083FFFEE08A8FE9CF71B068A
:10F880003809DBFC92FA4CFCC4021C0929F672020E
:10F89000CB00F3063D044509BDF564FCD809E2F848
:10F8A0007A0383F7F8F9B5FF1301FEF59C084904C4
:10F8B00094FB1600DCFE7AFCDFF917F8E201AB03DB
:10F8C000BBF74A05AE098103B1FE81F9FAF8D4010C
:10F8D00044FE4CF5F00617F8300809FDE703C5FBB8
:10F8E000A0FC8E097609EBF7C8066304DEF12EFF53
:10F8F0006BE899F73E02BBF883E3EEE93CF1EE08D2
:10F90000EC047AF5580252062EFBB703AD0217F746
:10F91000B803A9F83BFE3EFD4EFE8F05270D3203CE
:10F920008601B501A20D08131D0F18E9CEFE30F0B7
:10F93000FE0443F457FAFAFF8B01CCF87601B9FFC5
:10F94000CA09400987089F0600FA18FB60F17CFA93
:10F95000C5F7D303970D47060119E508AE0EAB0BAB
:10F960008C043E06EE10350DFE17F60A3E1B82147F
:10F970006016FD0B9D140D19AB0816FFEF0B5BFB1A
:10F98000E713D9025F0EB70B1BF90B02831981062F
:10F99000601A9AFB6B0A340A0B040CFB950A710D72
:10F9A0000717FE117E0129FF4B096B0BAA04F61104
:10F9B000CE05B6FC62F7BCF56BFB071D17031502FD
:10F9C0003BF9CFF190FA21080FF11EFAA2042AF9AF
:10F9D00087FBC10DEAFF2504760B361270059400F3
:10F9E0008812F3FCFBF4A9FCB1F6F2FF95FA8AFD4C
:10F9F000A6FC4811B507D7074906FAEB43EF69F1B2
:10FA000051F9B30864FE0BFA830AAB080EF8B4FF91
:10FA1000ACFD2A087B0A9810550238F4BCF12CF58D
:10FA200093F13F0063EE27EBF0F93E11BAF759F37B
:10FA300079FFB7E1C1F028FF3304F5FD98FEEE062B
:10FA4000B1FF33F986088BF79BFD6F0568F6B1FDB2
:10FA5000CE0140F8F9F5250607F499F725F3EBEB0D
:10FA60009EFF3E16AB061B08AFED3AE50DF565FCB3
:10FA700072F778F369FC4F09DD0D3BFDEC11FFFDDA
:10FA800007F844EE7CF80DF82FF9AD019601B404A7
:10FA9000F905C5064DF785F108F624FB1D0BD3F3D8
:10FAA00011F90DFCCBEB48FF20ED86EA7C00FE054A
:10FAB000610E42FE95FD8608680611E747F8DBF700
:10FAC000F007B8040E1C4D18540E2DF62CFFD6F37B
:10FAD000E1D872EF930BA30CA4F881F38EDF6BE3F4
:10FAE000F8E5DFE06AFCBEFD9405EF00A0F752FCEC
:10FAF000F300A011BB137F19F013141D4315AE0AB8
:10FB0000A6132EF37EEE5CE62EF1ECFB440832FDEC
:10FB100036FBF3F09DF13BE694E0F4D8B6F913F828
:10FB20008202D2039F020110FF0F022486201C27AD
:10FB30001F1A650ECB06FC056CF682F6C8E681E856
:10FB4000FAE246F752F54A003F0575F8BDF542EB7B
:10FB5000CFDEDCDE6DE8B5F88FFAF903A1F79D077B
:10FB6000BD18FA1C6B2B4918B50ACF0B9A0238F353
:10FB7000C9E61BE7FBE6CDE6B3F41CECB6FE75F771
:10FB8000B8FA3EFEC3FEF5F9B1E7A5E2F4E374E985
:10FB9000DAE514EBD3F2F405EF047D0F5A174C1499
:10FBA000220B3BF880E2CADAE5EA12E521EA56F2D6
:10FBB0002EFF88F89FED77ED21FBBC0947051FF666
:10FBC000DDF56AE2DBE33EE6D0DB00EB9CEC87048C
:10FBD000E0FB2B19E3153AF8EAFBCDEAA0E152E588
:10FBE000B7F11BFAC90617FB8E001F0204ECE0F503
:10FBF000CC00C805E711A7FCDCED70D8F5EE50E9A4
:10FC00009DE7E7E09EE92FF30FF65CF7DAF5A2F641
:10FC10005AF75EED3CFCADFB1AEFC1FA2B00790BF5
:10FC2000E20E6DF837ED29EE38FEE3041B0ED8081E
:10FC3000DBF201FB03F66403ADFEB9EB9AE930E1B8
:10FC4000CCDE8EED7FF12BEA63F54CF9F0F77A010B
:10FC5000EFEAF0F739F8C9FF8E0464DF05EB02F52F
:10FC6000EDECC00D5D0FE607E4058D0F1E0E82035F
:10FC7000EB0364F154EDDCE98FD688EC35ECB9FB8D
:10FC8000EE0043FF9EFBFF067BF4E3FACFF2F2099E
:10FC9000FFFEBDE38FF853EE68FCD4FDC6F899F97A
:10FCA00081FED700A10663069F0083F144F392DA38
:10FCB000E7E485EAEDF38AFC2203A003BA06A10279
:10FCC00008FD6BFAD5F82B0CC104AC02C0F989E928
:10FCD000FBF9C4016DF263092E156D07D007DE072D
:10FCE000C40342F95EF725EECFF71DF829018F0610
:10FCF0001001A2FA72FF7409BC0A5C0636FC83FD8F
:10FD000053FF56F9D1EF82010A0B62130E067212ED
:10FD1000241CFB16C7080913CBFFCF001D0C79FA72
:10FD20004EF76F0727FA5E0957FFEC022F0AEB0325
:10FD3000C6F80B00CAF1D0F3B2DFD0F4DEE465F60A
:10FD40003C044C0BF7F9710E6312410E7C098E0DC9
:10FD50006D0D970AA405880D7A07D50311030709CD
:10FD6000BD01BF08820D63FBF305C0F0DBEC7CDD59
:10FD7000A5F55EF97BFEB2F6D70793014F07E01AAF
:10FD8000EBFE2FF7A2F6B6FA90155B00BD14F00754
:10FD9000C10E40041E08B4085E0CB4050F0C1B0411
:10FDA00085048EF1F8E9C3EAAAF85E047BFCE00161
:10FDB000C6FBEEF9E005490D8F05BE00B0F2320D2D
:10FDC000540C38047906B30B05018504F702B80119
:10FDD000CC0F1FFE380E4BFD610039F635FDDA02FF
:10FDE00079FFCD01B400B9FA80F7E205A7FA01F472
:10FDF0003DF568F3DFFFB5FD4608D90F1B11A301E0
:10FE00002604AB044E0845091310D910A10A3C0181
:10FE1000F2F1FEEF7DFF92F468FB77061EF901FD1B
:10FE20005B058C02F902D40B660C69EBDFEF13085B
:10FE30007109F20B810B0B0E2A01F5FF040F48FF2D
:10FE40007B0F250CB0075FF7AEF899F76DFF7500D3
:10FE50005EFC74FA95F993042D08350327083D09D3
:10FE6000DEFBBDFFE10135F805F058F686F51A0016
:10FE7000090280F72AFF320620FF6BF76EFA06FFB1
:10FE80009EFE2303D60667FCDAF62EFBEF07BF00C3
:10FE90008E00FAF7EEF736FCEC04940920FEA7FF7B
:10FEA0008DFF25F63602A2FFEBF6E4F8E10C12090D
:10FEB0005600A1FCEF0131065DF6E3FEA902F4094C
:10FEC000AA096F07530747053603F2F54A069E0352
:10FED000660927055FF491F437F5D2F4B405FA0A00
:10FEE0002D07940207F29206F311470CABF883F743
:10FEF00038F96800BFF806FDAD00E205C005090845
:10FF000057FFA1F7C4FD55028C0AF7029AF48C033F
:10FF10001505C1183F0EC10C4D1DEBFE92124D018F
:10FF20000EF636E87BF335F2C1F40401650E2509BF
:10FF30004B052004DD09D9FEDA037CFE12F04A00ED
:10FF4000EEF85010AFFF5E1E36057805640E721F86
:10FF5000C30B4004570FC608B5053CF7C7F45AF168
:10FF6000F3F2ADF3780456058A0D4DF20D09400108
:10FF70008E00F5FF1DFAC2FC8905C3130C0F590949
:10FF8000AB08A6098E15B1072512850CD10D8D057C
:10FF9000FF059508360374FF46FCDFF4B0FC03014F
:10FFA0001F00040117F74B0FA3FC92FFED02CD0ECB
:10FFB000560678F385FCF803E5FE7A030B0DBCFAD0
:10FFC000DE0E5405D10B770280FFD80B3A09FB10E7
:10FFD000B90BDF04B5FB740BD208F20DCC02B607E7
:10FFE00081032504890472058FFD05FAFC06E9FCEE
:10FFF00058FF57FD7C0542FD3E0229F608042607FE
:020000025000AC
:100000002CFBDA06B901D50435FA31FC7AFF14FD70
:10001000C5F985FC8BFFE50BDFF8CC0811FEF7076F
:10002000F218C1056CFB3000C0F732F859F4BAFA87
:1000300071FD5EF7DC01F8056705F0FCBAFA2404EF
:10004000BCF4F5FEAE0552FC1C0A9BFF2D00780C9B
:100050002E085AF314FC13087813B1FC8EF7AC0683
:100060005C0135FD94032DF406FC6A05020319FEBC
:10007000B20DCC04CE0539F85AF9FC02D9FFA5FA25
:100080000CF2E3077E03C0F21CFA8EE2F102840355
:10009000620A53116A00BBF168F3A6F571FCA4F97A
:1000A000BC0040070702D702D5FD310978FD35F7BE
:1000B000450D51FB3F0241FD72E6D3FD2CEF94F656
:1000C00032F746F746F39F12EA0C9E0A39FC090103
:1000D00027F3040190FAB1F8AAFE3E04160372F960
:1000E000DB005D0301002601FCF19403FF07D90743
:1000F0002AEEBFEF7FF6BAF639FB4C0AC5E5DD15EF
:10010000F6089D08A8F9A009FBF92CFB61F7AEF5EC
:100110008D08DF0314F722F1B7045AFBAA033C034E
:1001200047017B06B6FB74F60F0003F0F4E8BADC77
:100130003EFF9EEFBCEF210838F4EC0530FDAFFC2C
:100140003EF9B9FA8802FAFBF704BB11E90072EE36
:10015000A9F0AEFA4BF8D312F60A7F06DF0C7AFB51
:1001600085154BF233EB01ED52008FFA54F088F312
:10017000D7F53006C90F550AAE06AD0194FB8311C1
:10018000DE0F4A190707EE028102FE08B302DD0600
:100190004406310710147D195B0F6F058C10EF15A5
:1001A0007A052AFA65E1EAF6CBFC6C029A00650C46
:1001B0009307A505CA07FC0B8B12E50A6111FDFD2B
:1001C0002DFAEE015A0F09016AFF74033902CF01BB
:1001D000FF0CAA1C081D5D067A005CFD6C09720903
:1001E0001FF6B6008E0B450F60086CFCBAFC4B186E
:1001F00065113B19A7105B0D3508230539FE4A0729
:10020000FA1132FC0903A705E60D271DA31479197D
:100210004EFBFA0DF10A0D0E5303CCF9C7FF970FF1
:10022000450C2504BC172418AB17BA169308E30A2B
:100230000C0CF3053103BD05C00A3E09BB070F12C4
:10024000F514112519218F10B4004F00970C7E0C66
:10025000DDFF88F95D04BC0DF106B110460CBB173B
:100260008B168A0E5C0208FB2C076601E8018FFEE4
:1002700036FF84019C0FAC0D3602910424076825DB
:10028000C0FA4902F5F8710DD7FACA08630482036F
:10029000A7FD7DFD7101F90F51071F08E6068EFCD1
:1002A000080912FE79FBC6010CF550FBD410AB0F08
:1002B000F0F4F2FA22F277004EFEC4F8DAEC1B06F4
:1002C000850F9604E4FFF70CA4FC4204DE112BFF1B
:1002D0005FFBD20E69FD760CCA0653056A02B106B1
:1002E0004D079F08470617019CEAC5EF531A86077A
:1002F000BA09CB079DFF2018BF044EFF1D02241131
:100300009FF9CA0C88102B08C8090D06EC0F96FE41
:10031000B2F9A707470C0AF9D913480EBA01A50785
:100320001BEAB4E68CFD3EFFAEF8920A181CCB1C0B
:10033000200880EFB20148133DFEDF0C4E0C130481
:100340000701A4031E0B68FD09035EFD8D089808D4
:10035000D5FD9803B002F20174E4D5EBC018D206C3
:100360005500F802B71B4922E003EDFCDB001F0B30
:100370005006CC0A230B10068B07660E37F9710264
:100380007004B1F7B6FB220991F89B058F0867034B
:100390009EFC5FF687EFFBFA40F9C4028314021853
:1003A000D8F18EF7D7F9FC0DE9146F00210F721305
:1003B000F9FA3408C80BE503DAFB8C0B4412A200EF
:1003C00089FEAC153A10E3F6DEF84A03EDE5FE03CC
:1003D000D2028DF781F1530612F436ECA00388F5B2
:1003E0004C039700920280047A021EFE6A037C0688
:1003F0004610260A40093AFE380A680DBB0416F575
:100400007A03421A1704ACFACBF79E044D0B3BF863
:1004100093ECB4018CFB6C082DF469FEF900A8F193
:100420001AFDC9FD1B020AF39EFA4E017B0325FC4F
:1004300046F014E6DCE2CCEE45DEDC04550BE4FFCE
:10044000DCFF6CFAAFF951F8EB151502BF051AF68F
:10045000C0F414F11FF964F3D0F0C6EAADF91EE060
:1004600026F573F6CEF3AAE740EA46FC06F456FA00
:1004700096F6B5F572FF660632FDA5FAD405FEF7CD
:10048000AEEBFBE3D0E978FD28F3BFEA0BE897ED8C
:10049000F7E9EFE513E50FFB25FA64F3AFF9560D25
:1004A000D5FCE2FE59EFA0F04C05710180084FFF2A
:1004B00014FA5CF681FAF3FA3D07FB020AFCDA0251
:1004C0006402CE03B50991F704FC15FE5E00DCFF63
:1004D0007305B8F7B70380FE4705B70815F74CF862
:1004E0002E09E70696099FFF7E092003CFF58D04AC
:1004F0000600B50083FDBFFD4FF3D5F718FFD30C01
:100500006D0B870C2C03C0081F16F605C8ECF1FD17
:10051000F6F800F017F03F008D000B0033FA73027D
:10052000E108D8F5F0FE2B075604AFF807F767FF90
:10053000E30338EFEAE911FF48F632077BF185EB78
:100540003FF4D2E499FC15F0CBEDE2EC02EDADEA1C
:1005500052006304F40239077BFF0FF97CF5CD12DA
:100560003B0A2800EAFC86F334F3AAF42EEB0CEDE8
:10057000B6F908FE73FEB5FD040268026FFAF4E6F0
:100580005BF4530A13FCD60DF904A9027E05190287
:1005900004FB2E0018F1C4F6C3F8BCEBC1E9FEEC75
:1005A000EBDF4FEDECF0C8FE0EF7B10B720C110E45
:1005B000C8FF49028B043402FE06ADF7ADFE740994
:1005C00039128B12160839020B04F8F924F3C6F419
:1005D00064EF29E455F026E9D0E69AEEFE001C030C
:1005E0005C0AB6140C19B7027DFFEF063FFF9403B7
:1005F000770FE308A2F51DF72A073E0EAD12490753
:10060000D101B5ED2F0404E5D8E49CE3EDE3CDE89A
:100610005EE8F8F711FDA40E040DAE0B700D740228
:10062000D9FF050B3210C2025C0D1403EA0379F7FF
:10063000D6F076FB47F65CF6A1FC90F154F592EB10
:1006400027F0D8D90EE274EAF0FF40FE610BEF0507
:100650005B0BA206DAFB81100E06A20AC201100B88
:1006600014F965059B004611F1FD4A0672E950F642
:100670005C0508F4130302FBD7E788EEDEF589F387
:10068000DC07630FB5089A013201E9FFC402D90201
:10069000370A8A08DA063400E1052C0F69F8E210FF
:1006A0006510FF065EFE2302B3F3CBF4FEFB37FBBF
:1006B000EFF0D4F9CCF757FFFE05530C7B0AF60692
:1006C000920AB6FFDBF931F6A7F152F9C303FB0634
:1006D0009C0AD5FD5DF5C50DF80CEF01D806A7F70E
:1006E0002CF63DFBD2044CE6030879F9830C0EF995
:1006F00098FF8B031706AC01EE02D4FAAD03C0F2EB
:1007000050EEB600A5028300EB0B0FFFF3046E0B57
:10071000A3084BF9E3FC170DC4FA64F7CAE3A0F78A
:100720001BFA21FB320EC511CD14450416F843FB0C
:1007300070F5A3FDAF04A5F5F7FC7BF43800840C3D
:100740000A03C8093A0C000D8A190E0C831602031D
:1007500029FEF9FAD0EACA0BA6073010D1185F12A9
:10076000850AF50A0F04D0F47BFB9409BE02AEEDB6
:1007700036FED50AA001BE04D50E8C0CF50E501B1A
:10078000211CCAF355F313E76F02ADF586F74B0A48
:100790004D09FD05DE0F4D0E8BFFFA0B28FF73FE92
:1007A0004D038C001D0347F838F2AEFFDBFCA304B9
:1007B000BC0BDF00C2095E0D97F1FCFE43046B0722
:1007C000C303790188EF4505010DD70F7003960823
:1007D000E00C090E5B03440FE20770FD8C069606E1
:1007E000B6F0DCFAEB057D0B3FFF400B09FA7E0506
:1007F00013F7DF00A2026D06B6032B05B3E3A8F6DC
:10080000CE0A380EE1FC2B096C0F870708FF62FF48
:100810008AFF4809D1F88FFD83F5E0F5AC07D2F8DF
:100820006004F2FDFBFDA8FC85FFA10B5DECCCF4A0
:10083000E1F74EF99DF301032E06EE0BB80E180BEF
:10084000EB0942FB38069203431256FF61045B0238
:100850000A05D4FC53F4BEF0A30720F981FC33FD54
:1008600048F503051FF59DFC2E032CF081FE20F6B4
:100870003C0E130FD40990031106D50C3D168811B8
:10088000DBFFDFF05AF60606F608DEFD7CF6AFFA6F
:100890001EF93DFB0DF65FFD3AF137F1BAF0420A61
:1008A000880787F42BEBA5E8EAFBB0076907DD09A9
:1008B000D007AD06F909AE09C0F771F408F842FA9D
:1008C00046FAE9000AF65AF93AF3BFF802FBACF827
:1008D0001BF26EE5D8E4F4F6F8FDA1F7DFFC22F593
:1008E00074072D03A40BF70520060DFF72104EF7B9
:1008F0003303C4FB90F489F5CBFFE7F6B3F96A073D
:100900008BFF86FC890E7DFF72F3FCE197FCCEFE27
:100910003DF8B9FEBB0CED025D015F0E80F8B90435
:10092000DF0FB5F9D60C5905C4F804FE97E5FCFEB7
:1009300024FED0FD8EF029FAF5F771FCDEF8C2F640
:100940004DF73AF1D9F241F243F87804ECFD270370
:100950009E0CD007B104CD0E0E0A8D105CFCA20CCB
:1009600004012DF3D9F216FCB30580FD31FC91F69C
:1009700031F4B9F362FB0A08A00434F7C2071CFE85
:100980006F04C3FF57FF78149BF97708510F89074D
:100990007801D0FF3B0680FCCB07670819084FF7AA
:1009A00096046EF58FFBCEF3AEE8A7EB3CF5B208EC
:1009B000F7090300DFFCC6F7A3FEE4F8BBEBA60AC9
:1009C0000F023B034FF90C0BA210A6104A09E608D0
:1009D000700DED0FCCFD8206F7FC3AFEDB05D3F47B
:1009E000E9F89EF7D4FDF415A90F960C3BF5140118
:1009F0000006F5FB2CFBE8E6EDE671F673EDFC0472
:100A0000170646FA2DF93A04160BA70C880A730349
:100A100050067603530079FF6D0AA6F659065C0D61
:100A20002CF9A101D5F38100ED0316076001B8058B
:100A300004EEFDF688FAD5F1EFF1AFF31A011BF0E1
:100A40009DEE81F37EFF4B0D820BA4094CFF320B10
:100A50002709600555F057FDC7EC870565F7F6FED9
:100A600090F8F80581F51600BC0DDD0992033009F8
:100A700022090DFBD3025F08590311FF8308E20826
:100A800065FC86028E025C03C009B00C1E021D00CC
:100A900006070AFA6A0AAFF540FD5AF685FFB30168
:100AA000C4FC7EEFA301040E2503EF086BF331F9BC
:100AB00012040D0132039A0F84FD47F19404130FC1
:100AC0001308ABFBD7FEAEEE2B0873FE36F93400ED
:100AD00023F8F7FAF91075F71F00C10BA0FAA90067
:100AE00085FD71FD40C1DFDC00DCA6B9CD18AFCEBD
:100AF000A6CEA52116F70EEC55B7650B36FC0AC33A
:100B000029029F9F68E938C888EEBF06B0DE5819F1
:100B1000321CA80D50C621EE78140305DD0C4BDC09
:100B20007E2164F961F6D80B26032F42C3F9882190
:100B30003102A00A7A0598223107E2DA40CE370363
:100B40000BE5813AE20A5418D90124D2B10530BF2D
:100B5000B6F05812DAF3710E7392B403CB09C502E2
:100B600023C05D1ED61D62EFCCC0F11B8BFC441A66
:100B70000718D9F795156A0B18046D10A80FDD0A30
:100B800096CDB118AFF35ED52FF7C4FCC7F76D0053
:100B9000DB07E4FA22E70DC63DF0B9D7FAD942CB1C
:100BA0009CD76CF64EE24DBAFE17201DCEC062DD1A
:100BB00013C88AE2A421511D4A210AEA6DD070DAD5
:100BC0001349E4CCAD168211F2BCAA006D1C70185A
:100BD00049EE64F3B413BF090EFBA8D2D70A43DA77
:100BE0001ECA93F6E7165B01DEDEAE32FFC489054E
:100BF00083EAE217F6EC9800E4D6D3D05D36A41968
:100C00005DC937EDFE124BF71F19B0F1A80F4F0366
:100C10009DFE79FB59E9400A7AF81837FAF9502D08
:100C200038F8EFFC61C681D060FAC9237DE43A0A46
:100C300016E12BDC6E47DD414EF02C006B0DC5F943
:100C40002E070B16BFEEECEDA5F1E705092AE5E648
:100C500065E8A32081DBD7F803DFA115C715DC1AEF
:100C60003B0B56F3EA4D28EF1055171EFFED27FEFC
:100C7000DEEEC6C9271265D662BCACE7B7105405D4
:100C8000D22B412B1DEF9C26F5ED25EA551730BDE3
:100C9000CDED7AAAFD1D6A0926F5EEEFADFE0D2217
:100CA000E9BE3317FF0147297AF59C10D20F5FFE8A
:100CB00000F69BDAF1AFAB1A74F13C36BC12582047
:100CC000BD0E84F09B1E06DF6C14510DB8DAE546AC
:100CD000CBFFDAD02D1250F245247E32F50800EE1B
:100CE0009F34C5D55CE44DE71EFCC9F5E5EFABEEDE
:100CF00031CBC904AC17C81AC21D2FEFF5F256FE4E
:100D000085E6AE10551051E3C419FBFAF71ECFC5A6
:100D1000AE3F8FE0FB42320EDFF7C0B217F7A6CA34
:100D2000BA14C6EC4D0D891F56DFD2E740D685C0F8
:100D300063FBDDBAD6F443F07D182BFCA2187526B0
:100D4000DDE83828F4058211ABEB1921FD06E6F148
:100D50009DED65EA4A13A7C031E39422EB0AE51D35
:100D6000B1EF250607FE3FBED60C5B108AD455C9ED
:100D7000F8144E1355F2EA110A0ED2CA1122F9EFF5
:100D8000A21BB80B7D195FE5B9F9540EFCA916EC4E
:100D900014EE5FF0A5D2DFCB67016F0ECAF929EE22
:100DA00033213A0D691BB23629DB91D4C31507E70D
:100DB000F1444CF91EEB7B19B218C3EDF7EC042695
:100DC000A0CC2C0AAAA630DA9CEF2C1CCCE8E72D8C
:100DD0006025B7F9722D94B800EB11156EFA5B001F
:100DE00080FA159E971B7FCC4AE961BF6A1074FF99
:100DF000241B64C222256C1AD8A39EF91C236D15EE
:100E00006C13D5E7E40DB38D3A8DD603ADD10B004D
:100E1000030045EBD5FB0316A7FA7BFE8724B02A17
:100E20007AFDA01BCFD0E7FE131A5F1187D13B28B4
:100E3000A2BFF6C783ADA50EE307140909E6E3EDEB
:100E40008BFE50C61819F108D0085CD0E9BBD3D787
:100E500054F4BE24DB26E6C0651A320048322D3B2E
:100E600061FBFE0802EFEFAFEB0D0FCE60D6CE1C9C
:100E7000A8147D39790E5C15C1EE4BD34410419F07
:100E800006170B15CEEF0323C2F1730E1818E021DD
:100E900072249EC749E508CABCEE00D1AE014E0ED1
:100EA000DCF502EA5FF05B21CB0AF6FE3CDC6D1458
:100EB0000E06E63261F33818AB19F3077E3663E7A6
:100EC000A423C91C83F4C809CD1124F46C0AA941D8
:100ED000D5541730B1D58D11DC1AF2BC780AFB2B32
:100EE000A42131EB14F84C0C83001F19A41A4F0EE7
:100EF00039DEE6FBEAEF1AD7BB31301BF645D8E7FF
:100F0000471C0BF53CDDA502E90D31D4A324C7191C
:100F1000901AA42138161FEF100F7AFA3DD2B5109F
:100F2000E418851524EFF2F738F539D807AF33F711
:100F300048EC1D2817E0493A66066BF9C220D4C573
:100F400016D9E5120502B3108F3633E726EFE0AB72
:100F5000F713FE19C8D9571443EA0305AF21CB0391
:100F6000ADEE84D98BA9902173D0B1EA62AFE21DB6
:100F7000C1E414D8EEFBA71D28F20AEF7600CB09D6
:100F800043CE9BCEF5BA571E6ED2CB2F56EA85EED6
:100F9000D1E78EF6BAF19503AF31DBCDC0E28DCF4C
:100FA000560CF0DCF7BE36C33FCC44FF26E957D2DF
:100FB0002DD4DF9C5D1395FA82F7F9BF82F30AF70F
:100FC000260652059E07EB291DE1C6BD70063FE5CA
:100FD0000AED9C20FCDD1D0C02EF1AB91DE6E9D6D6
:100FE00027117E1D2FD68F2673D6BCCC8728D1DB48
:100FF000F9D781338D195D111E1846EBA1E4E9EC98
:101000008602AB2672108CD09ED2C8F1CD199A29D7
:10101000431FEA245B181EB0A30D33237ED6412064
:10102000741D46077C20A81F50098FCE0E03712324
:10103000891A85BC6AC6EF1666F79A17C8C52B18B9
:1010400074FD0FD41E0AE616D4BB6B21301AD3E709
:10105000CFF79DFBE52A20CBBA10DEF14DE5C11696
:10106000FCEE250E91DE92DE7522422DEF039A1ED4
:10107000462012FF31F73A23CBF307EFAFE203E547
:10108000EA0B3A1B8DC9FC0C33DB69E83229AAFC58
:101090000611C50BF3E10115F206F62683E873B4D9
:1010A000A6F700D30CFD6BFADEEAFCED072C613FDE
:1010B0009010EA0A410C5C39BD05DA13B21D7BCAF7
:1010C00066EA400D622A12FD82C7E014041EAC0AD3
:1010D00023CA4CE1FCCA11D617BDFEFE1E0185F6DF
:1010E000B52B01F38711BF0CB1F9180CF0DBBB2C49
:1010F0005019C5219F201C127A1B65079B2B9CC889
:10110000FCE71CF2A717E4CA0B1F22E0CF291AB58F
:101110002605AA17401DB4F920F6BF3F9600FFBF71
:101120003ED7D5E4670697088AF07BBE12F6971B78
:1011300074F240F3620843C9B3C801061816F404F8
:1011400026DBF8F8A81EDF0672201109B70A34C999
:10115000B1C720043E198FE2ECF5E5D0A11E86143C
:1011600099105F06C3E959FF541BA1A200FC60233C
:1011700009130709BCF5E507201D5D16F006790681
:10118000CE17C2E996DAC4107B0BE2EBC1EFE79011
:10119000AD163DCCDC06E9F919F10713A2FB810578
:1011A000970F8EB5921530E1950ED71225B2F3EB5D
:1011B0002EEEECFF41F89FC1ADEBD9EC57181F1193
:1011C00039385DECDFCCB71DBA0E1FF95FFD522632
:1011D0007E14FD1785055BD15AEB90CAC0D2631E01
:1011E000C7DC4ED8020063261213601D5C1F6A1C08
:1011F000CDEB8318420C8510AEA2D70E1406441313
:1012000094FF2C10EBDB040C4E1C2A227FD375D0EC
:101210000A1139213BFBB5FC3F08CB09BCFCD00BC4
:10122000EDFA0308FAE8DE0D450F12FE630E590DC4
:10123000CE125C0F1216F21C7AD5310C7EEAE8DC75
:101240005FEBBEFD20D958C857F4CB1E4D005BE0C4
:10125000FC149FACBABA9CF805CA23B01C12B92280
:10126000E10D10E2A3FC0BE10CFC1830DAEA790F77
:10127000B6A5C0E0DD0CABE708060708C7C6CFEA95
:10128000DCB611F0301E8B16D2D1C51D7BD872137F
:10129000310CD912EAEDBC18551CA4F3E996772D50
:1012A000AFC94E12EDB7FBF717F4D1F6381AC12FBC
:1012B00077F9AF0D94A3020094A3020094A3020057
:0812C00094A3020094A30200B4
:0400000320007375F1
:00000001FF
