:020000022000DC
:1070000000000420757302005D7302005F730200CC
:1070100061730200637302006573020000000000E8
:107020000000000000000000000000006773020084
:1070300069730200000000006B7302006D730200B0
:10704000919802006F7302002D9D02006F73020081
:107050006F7302006F730200AD9B0200F5A7020080
:107060006F7302006F7302006F7302006F73020090
:107070006F7302006F7302006F7302006F73020080
:107080006F730200798902006F7302006F73020050
:107090006F7302006F730200A5C802006F730200D5
:1070A0006F7302006F73020089A702006F73020002
:1070B0006F7302006F730200000000000000000008
:1070C0006F7302006F7302006F7302006F73020030
:1070D0006F7302006F7302006F7302006F73020020
:1070E0006F7302006F7302006F73020000000000F4
:1070F000000000006F730200000000006F730200C8
:10710000000000000000000000000000000000007F
:10711000000000000000000000000000000000006F
:10712000000000000000000000000000000000005F
:10713000000000000000000000000000000000004F
:10714000000000000000000000000000000000003F
:10715000000000000000000000000000000000002F
:10716000000000000000000000000000000000001F
:10717000000000000000000000000000000000000F
:1071800000000000000000000000000000000000FF
:1071900000000000000000000000000000000000EF
:1071A00000000000000000000000000000000000DF
:1071B00000000000000000000000000000000000CF
:1071C00000000000000000000000000000000000BF
:1071D00000000000000000000000000000000000AF
:1071E000000000000000000000000000000000009F
:1071F000000000000000000000000000000000008F
:10720000354936480A1A02D0072291438D4634493F
:1072100034480A1A06D00722914381F309880222D2
:1072200082F3148830483149314A00F044F831483B
:107230003149324A00F03FF831483249324A00F0D1
:107240003AF832483249334A00F035F83248334987
:10725000334A00F030F833483349344A00F02BF811
:1072600033483449344A00F026F83448344900227F
:1072700000F02CF833483449002200F027F8334856
:107280003349091A082902DB002202604160314AB1
:1072900090471F481F49884205D00268043003B454
:1072A000904703BCF7E700208646EC46002000210B
:1072B000294A9047FEE7884207D0521A05D0037842
:1072C00001300B700131013AF9D17047884202D088
:1072D00002700130FAE770470000042000E003204C
:1072E000000004200000042060F10200E82A0020D1
:1072F000549F0220D0730200D0730200F0E002001D
:1073000060F10200E82A0020E82A00202CE20200B6
:107310002CE202002CE202002CE202002CE202002D
:107320002CE202002CE202002CE202005FF10200DB
:10733000CC650500549F0220549F0220549F0220D8
:1073400094C7022094C7022094C7022094C7022049
:1073500094E702209D73020009CE0200FEE7FEE7DB
:10736000FEE7FEE7FEE7FEE7FEE7FEE7FEE7FEE7F5
:1073700000F002B8FFF7FCBF0F484FF00701884349
:1073800085460E4880470E48016841F4700101604F
:10739000BFF34F8FBFF36F8FFFF732BF09480A4922
:1073A0000A4A884207D0521A05D0037801300B7080
:1073B0000131013AF9D17047000004209192020096
:1073C00088ED00E02CE20200E82A0020E82A0020F4
:1073D0007047000007B5044B0093044A402300F0B7
:1073E00032F803B05DF804FBF1730200559F0220F0
:1073F0002DE9F84388461446B2B10F4B0F4E0325D2
:10740000002743F00109224608EB0701002003F0A2
:1074100041FF0744241A48B933782BB14FF47A401E
:10742000C847013D02D13570BDE8F88301233370B0
:10743000002CE8D1F8E700BF30E20200549F0220A0
:10744000704703F05BBFF0B595B01D461646084681
:107450000C4601F043FE1A9B0D93CDE9086500250B
:107460002B46082205A920460A958DF82C500C952C
:1074700001F051FE079B0293069B03939DF8143085
:107480008DF8115003F00302012A1DD1BDF814201C
:10749000059DC3F3C203C2F383168DF81030B2000A
:1074A00008230EA9204601F036FEC5F3952508AB4A
:1074B0000093324602AB0EA9284600F02BFB204673
:1074C00001F010FE15B0F0BD022AF8D1BDF816503B
:1074D000C3F3C203C5F389158DF810300827082DB2
:1074E0002E4628BF08263B4632460EA9204601F00C
:1074F00012FEAD1B08AB02AA31460EA8374400F0BD
:107500006DFB002DEBD1DAE708B5FFF79AFF0448D1
:10751000042100F069FA034B01225A7108BD00BF33
:107520001CE20200E82A0020037813F0040216D0BF
:1075300003F00303012B03D0022B09D00120704775
:107540000A6800880232C0F3831002440A60F5E73B
:107550000B684288023303EB92130B60EEE7104690
:10756000704700002DE9F04F87B000230446861CC9
:107570000DF107000F4615468DF8073001F08EF823
:10758000404A51683960936803F580735B1A9246EC
:1075900002F21C4702F5836902F21448B3421AD37F
:1075A0000020002D69D004F00F039B0143F0050378
:1075B00063F30F00DAF80430DAB203321E444AF8FB
:1075C00022009DF80700CAF8046001F08BF8012042
:1075D00007B0BDE8F08F0121384601F0AAFA48460D
:1075E00001F0BFFA404601F0BCFADAF80800029058
:1075F000C0B203300AEB800002A9FFF795FF029B9F
:1076000030BBDAB20AEB8202D16803919A1C0133D3
:10761000DBB20AEB83030292D3F80CB001F0030350
:10762000012B22D0022B15D08346404601F09CFA54
:1076300010B1029BCAF808305946384601F079FA71
:10764000DAF80830DAF8042003F580739B1AA5E70E
:10765000D8B2CEE7BDF80E30C3F3891303334FEA37
:107660001B4B02EB93030293DFE7BDF80C30C3F32F
:1076700083134FEA1B4B1344F5E7A40544F00600BF
:1076800098E700BF68A00220064B074810B500220B
:107690001A7001F0DCFC044610B9044801F05CFDEE
:1076A000204610BD68A0022070E102006CE20200DA
:1076B00030B50A4C71B10A4A0A49121BD20800239C
:1076C0009A4201D1002030BD31F82350854202D0CA
:1076D0000133F5E7034654F83300F4E784E1020090
:1076E0001CE20200E82A0020094B013903EBC0002C
:1076F000032909D8DFE801F00A02040604207047D4
:107700000079704740797047002070470220704729
:1077100084E1020070470000034BD3E90130C31A33
:1077200058425841704700BF68A002202DE9F0413F
:1077300086B0FFF7F1FF0546002840F0E680744C64
:10774000C4F81804BFF34F8FA3680293DBB203336E
:1077500004EB830002A9FFF7E7FE029B18B1D4F8FF
:107760001824002A55D0DAB2991C013304EB8202A6
:10777000DBB204EB8303D268DB68049302F00303FB
:10778000022B039202914FD1BDF80E306148C3F332
:107790008917502F3E4628BF502666F38F1306F1F7
:1077A0000801ADF80E3001F06AFC0546002800F033
:1077B000978001F093FC002303A90822284601F0DA
:1077C000A0FC0299CB43DBB20133C9B20331B6EB63
:1077D000830F4FEA830804EB810122D90823424634
:1077E000A6EB0806284601F08CFCF6B24A4908F1DF
:1077F00008033246284601F084FC029B033703EB62
:1078000097070297D4F81834002B41D1D4F81064AC
:1078100051E062689A4299D8A260284606B0BDE855
:10782000F08108233246E5E7012B59D1BDF80C3031
:107830003848C3F38311062928BF062161F3891351
:1078400002318900ADF80C3001F019FC0546002822
:1078500046D001F043FC0023082203A9284601F08A
:1078600050FC0026BDF80C20C2F38312B3009642F0
:1078700003F10803C6D202994A1CC9B2033102922D
:1078800004EB81010422284601F03BFC0136E9E7C4
:10789000284601F027FCFFF73FFF80F00100C5B24A
:1078A000BBE7F3685B7923B1336829461B68304630
:1078B0009847F3681E68002EF3D1284601F012FCA9
:1078C0000DF107008DF8076000F0E8FED4F81834D9
:1078D0000BB9029BA3609DF8070000F003FFDAE7F5
:1078E000D4F8104454B90D4B0D480E49C01AC008C5
:1078F000000440F0020000F05FF8CCE72368204667
:107900009B689847E3681C68ECE7002585E700BFA3
:1079100068A0022070E1020074A0022084E102004D
:10792000C4E1020054E202002DE9F34704460E468A
:10793000924601A9012218469946FFF713FE1C4FF3
:1079400010B3019D4FF00008AA1CC84508EB0201C6
:1079500025D11848002101F0BDF880F31000000483
:1079600040EA1440E4006B1C04F03804DBB2EDB2D2
:1079700044F0010407EB8303033544EA881444EA26
:107980008624D86047F825403B781BB1FFF7CEFE30
:107990000028FBD1FFF7BEFE02B0BDE8F087C9B2F8
:1079A00007EB81015AF82830CB6008F10108CCE7D9
:1079B00068A0022084A4022000231A46FFF7B4BF67
:1079C00007B50123019201AAFFF7AEFF03B05DF8EE
:1079D00004FB07B5CDE9002302236A46FFF7A4FFA5
:1079E00003B05DF804FB000030B50F49D1F8102456
:1079F00003460020144634B9DC6820714AB9C1F846
:107A00001034226030BDE4682579854206D02468B0
:107A1000F1E7D268116821601360F3E701300A28AA
:107A2000E8D14FF0FF30EDE768A00220084A38B5F2
:107A30000123D2F8104413701D4604B938BDE36821
:107A40005D71236820465B689847E3681C68F4E72B
:107A500068A0022007B503460846197A052911D007
:107A60005B7A2BB1094A0A49019001F0E0F80198CC
:107A70000849019001F0DBF8019803B05DF804EBD0
:107A800001F0CAB8002AF8D0F2E700BF78E202009D
:107A90007DE20200DEED020030B5C38885B0044609
:107AA0000D4633B1144A00921449154A284601F094
:107AB000BEF8217A05291DD0637A4BB1A088FFF763
:107AC00013FE104B104953F82020284601F0AFF860
:107AD000227A0E4BA08853F8222003920021FFF750
:107AE000E7FD039A0A490346284605B0BDE8304041
:107AF00001F09DB805B030BD78E2020088E20200D6
:107B000080E2020004E302007DE2020028E30200BA
:107B1000A0E202002DE9F04385B01F460C9D002332
:107B200095F80C902B7306460C469046294638462D
:107B3000FFF7B2FFB8F1060F09D8DFE808F004122A
:107B4000181F283340003146284601F070F8002203
:107B500029463846FFF77EFF85F80C9005B0BDE852
:107B6000F08322683146284601F061F8EFE7D4E956
:107B700000233146284601F05AF8E8E7A36800934D
:107B80003146D4E90023284601F051F8DFE7E368E5
:107B90000193A36800933146D4E90023284601F0FD
:107BA00046F8D4E723690293E3680193A36800933E
:107BB0003146D4E90023284601F039F8C7E7636964
:107BC000039323690293E3680193A368009331460A
:107BD000D4E90023284601F02AF8B8E708292DE95E
:107BE000F74F80460E4617461C463CD8002593F8B2
:107BF0000C901D7319461046FFF74EFFDFF888A062
:107C0000DFF888B0AE4231D918F805205946204631
:107C100001F00DF80135082DF4D11949194DDFF89F
:107C200070A0204601F003F84FF0000B5E4522D90A
:107C300018F80B207E2A05D81046019205F042FE66
:107C4000019A00B92E225146204600F0F0FF0BF1B8
:107C5000010BBBF1080FE9D1012221463846FFF79D
:107C6000F9FE84F80C9003B0BDE8F08F5146204631
:107C700000F0DDFFCEE72946204600F0D8FFE6E71A
:107C8000B4E20200B2E20200B0E20200AAE20200A4
:107C9000B6E20200C30710B507D4F023054A400836
:107CA000145C23401943115410BD0901C9B20F23BC
:107CB000F4E700BF30A5022030B5094B1C78094B12
:107CC000196800239C4202DC0022104630BD11F8E6
:107CD0003350854201EBC302F7D00133F2E700BF16
:107CE00020A5022050A5022013B504460191FFF7FC
:107CF000E3FF38B143682BB10199204602B0BDE8DB
:107D00001040184702B010BD034B04481968002208
:107D1000490800F083BA00BF24A50220F02A002001
:107D200010B5C0B2FFF7C8FF0446007801F030FF7D
:107D300063785A1E53425341834208D1044BD3E91E
:107D40000023134303D1BDE81040FFF7DDBF10BD92
:107D500028A5022037B54308354AD35CC2074CBF7B
:107D60001B0903F00F0304460D46042B35D8DFE84A
:107D700003F003252C383C0079B30121FFF78AFF7B
:107D800000230DF107008DF8073000F087FC01207B
:107D9000A4F12003C4F12001264A20FA01F100FADF
:107DA00003F30B43A040D2E9004120430B43C2E957
:107DB00000039DF8070000F095FC0EE0002918BFB5
:107DC00002212046FFF766FF07E041B10321FFF7DC
:107DD00061FF01212046FFF787FF03B030BD01217D
:107DE000EFE70029F9D10421EBE709B10321E8E726
:107DF000FFF750FF29462046FFF776FF0DF10700F9
:107E00008DF8075000F04AFC0120A4F12003C4F1D2
:107E10002001084A20FA01F100FA03F30B43A040C5
:107E2000D2E9004124EA000021EA0303BFE700BFD2
:107E300030A5022028A502202DE9F041124E134F53
:107E400000243378A34208DC114BD3E90023134309
:107E500018D0BDE8F041FFF757BF3D6805EBC408F7
:107E600015F8340001F094FE98F801305A1E534280
:107E70005341181A4142414115F83400FFF76AFF97
:107E80000134DEE7BDE8F08120A5022050A50220E4
:107E900028A50220092AF7B505460C4616463CD906
:107EA00001F0A6FDD8B11E4B1E481D601E4B1F4F92
:107EB0001C701F4B002120221E6005F078FD1D4B19
:107EC00000200021C3E90001013CE4B20326FF2C9D
:107ED0000BD1194A1948002100F08EF903E001F096
:107EE00041FD0028DFD003B0F0BD9DF8063015F845
:107EF00034008DF8046005EBC40223F007038DF80D
:107F0000063001A993788DF805303A4601F07AFDE4
:107F1000013CE4B20028DAD0E5E70720E3E700BF40
:107F200050A5022030A5022020A50220217D0200BC
:107F300024A5022028A50220397E020048E3020081
:107F400070B5084D084E00242B789C4201D30020C8
:107F500070BD3368012113F8340001F0CFFD013406
:107F6000F2E700BF20A5022050A502201FB5002186
:107F7000039001AA44F20100CDE9011100F004F8D8
:107F800005B05DF804FB000010B572B6FFF74EFDBA
:107F9000FFF7CCFB0028FBD1104B114C1149E41A20
:107FA000E408240444F00100FFF706FD0E4B1B68B3
:107FB000DB0700D500BE0D4944F00200FFF7FCFCD2
:107FC000BFF34F8F0A490B4BCA6802F4E0621343B8
:107FD000CB60BFF34F8F00BFFDE700BF84E102001D
:107FE000C4E102004CE30200F0ED00E058E30200BF
:107FF00000ED00E00400FA0549B152B1531E1A40E9
:1080000007D1826001608380C260104670470E20F5
:1080100070470920704710B58468C2688388121BB6
:10802000934208D3C26813400268D154C368013335
:10803000C360002010BD0420FCE78268C3689A4238
:108040000AD08268838813400268D35C0B7083680F
:10805000013383600020704705207047D0E9022378
:10806000D1E90201994208BF90422CBF01200020B3
:108070007047000008B50B4800F067FC0A4B0B493D
:10808000D3E900231218D1E9000143F100038B4228
:1080900008BF824203D212F1807243F100031046FE
:1080A000194608BD102B002058A50220D0A502209B
:1080B00037B505460C460A4801A900F07AFC60B1C4
:1080C0000570446001A9064800F09DFC18B1054800
:1080D00000F040FC002003B030BD0420FBE700BFEF
:1080E000BCA50220102B0020284B73B51E78044637
:1080F0001EB90026304602B070BD0028F9D0FFF747
:10810000B9FFD4E90223994208BF904238D3002333
:108110000DF107008DF8073000F0C0FA23692BB984
:108120004FF0FF324FF0FF33C4E902239DF8070000
:1081300000F0D8FAD4E90530984700250DF1070082
:108140008DF8075000F0AAFA2169B9B1D4E90223E9
:10815000581C08BFB2F1FF3F05D0521843F100038D
:10816000C4E9022335469DF8070000F0BBFA002D54
:10817000BFD00748214601F00EF8BBE70D46F2E7F5
:10818000013308BFB2F1FF3FB3D0F2E760A5022090
:1081900074E3020013B5114B1149186801900823CC
:1081A0001048582200F0F2FB044698B90E4A0F48D6
:1081B00001A900F0BBFA044660B90C48012100F0A7
:1081C000A7FB01230A4A0948194600F009FB094B9D
:1081D00001221A70204602B010BD00BF70E30200F9
:1081E00064A50220BCA50220C9820200102B002039
:1081F000FFFF7F0060A5022030B56AB103684FF031
:10820000FF344FF0FF355A614A1E5142C3E902451F
:1082100051411961002030BD0720FCE7F7B5054644
:1082200000240DF1070017460E468DF8074000F0B8
:1082300035FAD5E90223013308BFB2F1FF3F07D178
:10824000FFF718FF801941F10001C5E9020101247F
:108250009DF8070000F046FA4CB12B69AF6103B1FD
:108260002E6129460020FFF723FF03B0F0BD204612
:10827000FBE737B5054600240DF107008DF80740F0
:1082800000F00CFAD5E9022301330FBFB2F1FF3F32
:108290004FF0FF324FF0FF33C5E9022318BF01242E
:1082A0009DF8070000F01EFA2CB129460120FFF7C7
:1082B000FFFE03B030BD2046FBE70000014800F0A0
:1082C00044BB00BF102B00202DE9F74F804600F083
:1082D00027FB40B1634AD2E9003113F1807341F1C9
:1082E0000001C2E900310021404600F028FB38B10E
:1082F0005D4E336823B13068FFF7F6FE002333602C
:108300000121404600F01BFB20B1FFF7B3FE574BA5
:10831000C3E900015648DFF8509101A900F083FB42
:108320004FF0FF364FF0FF3798B9DFF848A14E4FB6
:10833000504600F046FF002800F08780D0E9022375
:10834000591C08BFB2F1FF3F34D1504600F033FF53
:10835000EEE70378012B20D0022B09D1DFF814A11E
:10836000504600F028FF002877D0C0E90267F7E701
:1083700053B94168D1E90223013308BFB2F1FF3F8D
:1083800002D03C4800F007FF01A9394800F076FB15
:1083900001A9374800F047FBC6E74168D9F800302B
:1083A000994203D10023C9F80030EDE7314800F0CD
:1083B0000BFFE9E7396891B13968D1E902018B42D5
:1083C00008BF82422FD23B68D3E90223013308BFA2
:1083D000B2F1FF3F03D03968504600F0DCFE504652
:1083E00000F0E9FED0E9026B8146FFF743FE341A44
:1083F0006BEB0105012C75F1000319DBB4F5350FAA
:1084000014D3FFF75BFF1C4A02441C484FF4960349
:10841000002100F005FA98B93B6813B9404600F016
:10842000D7F9C7F8009003B0BDE8F08F3246ECE70B
:108430001248002100F079FA4846FFF755FE01E0A6
:108440000D28F9D000233B6072E7074B1B68002B17
:10845000E9D1404600F0C0F9E5E7094B01221A7066
:1084600092E700BF58A50220D8A50220D0A502207F
:10847000BCA5022074E30200FFFFB400102B002013
:1084800060A502200648074A03780749D35C012209
:1084900013B1043002F0D0B80C3001F07FBE00BF41
:1084A000182B002054A6022004A602200648074AE2
:1084B00003780749D35C012213B1043002F068B895
:1084C0000C3001F019BE00BF182B002054A602206A
:1084D00005A6022037B50578012D0BD0022D2ED030
:1084E00065B91E491E48FFF7A8FD002832D1FFF7E5
:1084F000DDFF03E0037A1BB9FFF7C4FF03B030BD13
:108500004368184C19782046FFF785FD80B18DF837
:1085100000500190144B68461B689847A168E368B7
:10852000A2885B1A9A42E7D2104B01221A70E5E743
:10853000A268E3689A42F1D08DF80000EAE7C368C8
:108540008DF800500193FFF79DFF074B68461B68AD
:108550009847D3E703238DF80030F6E705A60220FD
:10856000F4A50220E0A50220DCA50220F0A502204F
:10857000F0B51F46234B89B004461A600D4600290A
:108580003DD08A8820480968FFF736FD002834D19D
:10859000AA89A9681D48FFF72FFD00282DD11C4E80
:1085A0000FCE6D460FC596E80F0085E80F00636992
:1085B0000693237C174A18488DF81C70003B18BF9F
:1085C00001238DF81430637C002B14BF0E2300238D
:1085D0008DF81530E3680293A36803932368019331
:1085E00069466368009301F0D9F830B90B4B1870F5
:1085F0002368013301D0FFF745FF09B0F0BD072024
:10860000FBE700BFDCA50220E0A50220F4A50220C4
:1086100080E30200D5840200182B0020F0A5022080
:1086200070B5084D014608482E78FFF706FD044650
:1086300036B100232B70FFF725FF08B1FFF796FC3A
:10864000204670BDF0A50220E0A5022010B501462D
:108650000E48FFF7E0FC0446A8B90D480D4A037820
:10866000D35C63B1043001F0DBFF60B90A4907480D
:10867000FFF7E3FC38B9BDE81040FFF717BF0C3037
:1086800001F080FDF1E7204610BD00BFF4A50220F7
:10869000182B002054A6022005A6022070B5EFF387
:1086A000108672B60C4A946801239CB993600B4BF8
:1086B0000B4DD3F8801029401160C3F88050D3F8D7
:1086C000841051604FF0FF32C3F88420047006B963
:1086D00062B670BD0370FAE708A6022000E100E070
:1086E000FC06FFBD084B9A6810B55AB150B9EFF3BC
:1086F000108172B6054A1C6814605C68546098600A
:1087000001B962B610BD00BF08A6022000E100E07A
:10871000435882B03BB10023435043580193019B1F
:10872000012002B070471846FBE70000F8B5204B67
:108730004479204D43F824201F4A204B05EBC40404
:108740009B1A2279DB081B0432B143F002001C495A
:10875000FFF732F90820F8BD02680C88C2F8084516
:1087600090F904608A7804795201002ED2B219DBA4
:1087700014498F1987F800230122760904F01F0499
:1087800002FA04F441F82640427905EBC2010124C3
:1087900045F832000C7143F003000B49FFF70CF968
:1087A0000020D8E7094904F00F040A55ECE700BFA0
:1087B0001CA6022014A6022084E10200D4E10200DB
:1087C000A0E3020000E100E0C2E3020014ED00E0DB
:1087D000036801221A607047036801225A607047DB
:1087E00073B501F15005AD000068ADB24FF48034AF
:1087F0008C400026C0F80843C0F84843465101F5B4
:10880000A8714559019522F07F42019D40F8212031
:10881000C0F844430BB1C0F8044302B070BD00007F
:108820002DE9F74F0D4622F07F4402684FF4803760
:1088300005F150068F408046B60002EB8500C2F875
:108840004873B6B2C2F80873D2F8041599464FF0CF
:10885000000BD0F84035C0F8401542F806B05B1A5E
:108860009259009223F07F43012B009A4FEA850A28
:108870000CD1264B4FF4806043F001039847D8F8A1
:10888000003043F806B09B590193019BD8F80010C3
:10889000D1F80465C1F84473A31B23F07F43012B77
:1088A0001CD11A4B05F5A875013443F0010341F8BA
:1088B00025404FF480609847D8F80030D3F804354D
:1088C0009E4209D1D8F800300020C3F84473C3F8A1
:1088D000047303B0BDE8F08F0D20FAE78A44C9F1B4
:1088E000FF13CAF84045D1F80405221A013A22F0D4
:1088F0007F4203F57F439342EED3002AE2D1013455
:10890000CAF84045D1F804359842DAE7E0E30200BE
:1089100003680222C3F8442309B1C3F80423704753
:1089200000684FF48271FFF7F3BE4FF4803303FA0F
:1089300001F10368C3F84813C3F8081370475031B6
:108940008900006889B2FFF7E3BE0368D3F8040525
:108950007047000090F90430002B09DB5A0901210F
:1089600003F01F0301FA03F34032024941F82230B9
:10897000704700BF00E100E0024B034A1B6810682B
:10898000184700BF1CA6022014A6022010B561B132
:10899000B2FBF3F403FB1424A4B244B9C0E90014FD
:1089A00084608281C381204610BD0E20FCE709202F
:1089B000FAE737B550E8013F9DB2C4892544848960
:1089C000A54228BF2D1B0489A54202BFBFF32F8FEC
:1089D000002207E0C5EA030540E80154002CE9D174
:1089E0004FF001028DF803200193019B9DF80320B5
:1089F0000B6002F0FF0322B10B880068184403B03B
:108A000030BD1846FBE70A884B889A4209D150E8E6
:108A1000012FC2EA024240E80123002BF7D10120D6
:108A200070470020704737B550E8023F1FFAA3F5A2
:108A3000C488A54202BFBFF32F8F00220DE0C48976
:108A400025448489A54228BF2D1BC3EA054540E87B
:108A50000254002CE8D14FF001028DF8032001935D
:108A6000019B9DF803200B6002F0FF0322B14B88AD
:108A70000068184403B030BD1846FBE70A884B88ED
:108A80009A4209D150E8022FC2EA224240E802236A
:108A9000002BF7D1012070470020704701F01F0222
:108AA0004B090121914000EB830000F01EB801F05A
:108AB0001F0301229A404B0900EB8300D14300F0D1
:108AC0002CB84B0901F01F0150F82300C84000F0FA
:108AD0000100704710B5034653E8000F0A4643E80B
:108AE000002494F0000FF7D110BD10B5034653E8F1
:108AF000002F42EA010043E8000494F0000FF6D191
:108B000010BD10B5034653E8000F00EA010243E828
:108B1000002494F0000FF6D110BD10B5034653E8C1
:108B2000002F02EA010043E8000494F0000FF6D1A0
:108B300010BD10B5034653E8002F02EB010043E8D7
:108B4000000494F0000FF6D110BD10B5034653E8B1
:108B5000002FA2EB010043E8000494F0000FF6D1CF
:108B600010BD0121FFF7C1BF0021FFF7CABF10B53B
:108B700090B1D0E9012301689B1ADBB20A60013B86
:108B8000DBB2FF2B026802D10020107110BD11680A
:108B90004C1C14600B70F2E70E20F7E737B5054662
:108BA00000240DF107008DF80740FFF777FD2A68D4
:108BB0006B68116899420ED9481E106011F8014C7B
:108BC000EB68298A01FB0434AB6811791B1ADBB20C
:108BD000994238BF13719DF80700FFF783FD2046C7
:108BE00003B030BD37B5054600230DF107000C4634
:108BF0008DF80730FFF752FD2A681368591C116081
:108C0000E968641A298AB4FBF1F41C709DF8070026
:108C1000FFF768FD03B030BD826810B504462AB185
:108C200043690168006998470023A36010BD0EB432
:108C300003B5039921B104AB01AA019300F076F8C2
:108C400002B05DF804EB03B070470A2938B504465A
:108C50000D4602D10D21FFF7F8FFA3682268591CC9
:108C6000A160D554D4E901329A4204D32046BDE82C
:108C70003840FFF7D1BF38BD2DE9F84F9846DDE900
:108C80000A43154682460F460A464FF00109AA429A
:108C90000FD2C14538BFC14613F0010B01D16CB9E9
:108CA00000240126B8F1010F1BD908F1FF386E43EB
:108CB000F8E709F10109B2FBF5F2E8E79B070ED5E9
:108CC000B8F1000F0CBF30262026A145E9D2013CA7
:108CD00031465046FFF7B9FF002CF6D1E0E72026D9
:108CE000F3E7B7FBF6F39D42E1D9DFF83C80B7FB31
:108CF000F6F3504618F8031006FB1377FFF7A5FFAD
:108D00003346AB42B6FBF5F6F1D2BBF1000F02D011
:108D10000CB1A14501D3BDE8F88F20215046013C9C
:108D2000FFF793FFF4E700BFE6E302002DE9F74FFA
:108D3000054617468846002900F0428118F8011BB5
:108D400049B92B7B002B00F03B81284603B0BDE8DE
:108D5000F04FFFF761BF252940F0B780002698F853
:108D600000302D2B424608F1010823D0302B24D0AF
:108D70002B2B25D000242A2B02F1010123D13B68A3
:108D80001A1D1B683A601C440A4613782E2B26D104
:108D900001324FF0000A104610F8011BA1F1300C0F
:108DA000BCF1090F1DD80A2303FB0A13A3F1300AF3
:108DB0000246F0E746F00106D1E746F00206CEE7AC
:108DC00046F00406CBE711F8013CA3F13000092876
:108DD000DBD80A2202FB0434303C0A46CBE74FF0D2
:108DE000000A12F8011B01F0FB0068289046F8D039
:108DF000782909D86F290CD8632962D022D825296F
:108E000063D0582900F0888098F80030002B95D165
:108E100097E770390829F7D801A353F821F000BF6C
:108E20009B8F0200098E0200098E0200298F02002A
:108E3000098E0200078F0200098E0200098E0200CF
:108E4000198F0200642901D06929DDD13A68D2F86E
:108E50000090111D89EAE9723960A2EBE9724FF0C6
:108E6000010B092A35DCD34538BFD3462CB1B9F103
:108E7000000F01DB720700D5013CB30702D5BAF140
:108E8000000F03D0F00701D44CBB0024B9F1000F50
:108E90002DDAC9F100092D212846FFF7D6FE06F08C
:108EA0000302022A04D1BAF1000F01D11CBB002435
:108EB000CDE9004653460A2249462846FFF7DCFE24
:108EC000A2E73B681A1D19783A602846FFF7BDFEF5
:108ED0009AE70A230BF1010BB2FBF3F2C1E7A345BA
:108EE000D4D220212846013CFFF7AFFECCE7710722
:108EF000D5D52B21D0E7A345DAD230212846013C35
:108F0000FFF7A3FED2E73968CDE900460A1D3A60B3
:108F100053460A220968D0E739680A1D3A60CDE94C
:108F2000004653461022F5E73B681A1D3A6016F0DA
:108F30000106D3F8009028D1B9F1000F03D04846BC
:108F400004F08AFD0646B44200D904BB09F1FF399A
:108F500019F8011F00293FF457AF2846FFF775FEA7
:108F6000F6E728460136FFF770FE19F806100029CB
:108F7000F7D1A642BFF448AF002C3FF445AF202103
:108F80002846013CFFF761FEF3E70026EDE72021CC
:108F90002846013CFFF759FED5E73B681A1D3A60A9
:108FA000302128461C68FFF750FE78212846FFF73D
:108FB0004CFE00220823CDE90032214610227CE736
:108FC00003B0BDE8F08F00BF2DE9F84FB0F806A060
:108FD0004579D2F800B09DF828900AFB05F5043DCC
:108FE00088460BEB0301A94203F1040488BFA5EBFB
:108FF000030BB4FBFAF607460AFB1644C2F800B0AE
:109000004EB9AAEB04055D4528BF5D46BBF1000FD4
:1090100004D1BDE8F88F3F68013EF1E7043408EB66
:1090200006003C442A46B9F1000F0DD02146ABEBB7
:10903000050B04F093FCDA452E443F6855464FF08B
:10904000000428BF5D46E1E701462046EFE7FFF751
:109050008EBDF8B546790146721E0546002393423F
:109060002D6803D30024A64202D8F8BD0133F6E7E9
:109070000F682846FFF7B6FD01343946F3E72DE9BE
:10908000F843068ACD1C0746FFF788FD043E3544A9
:109090000446B5FBF6F5F0B14FF48073EDB2838072
:1090A000C680013D076081464FF00008A84512D2F6
:1090B0003846FFF773FD064648B1637901336371A3
:1090C00008F10108C9F8000007608146EEE7204674
:1090D000FFF7BFFF34462046BDE8F8830121043086
:1090E000FFF727BD10B5012104460430FFF72DFD21
:1090F00010F0FF0F04D12046BDE81040FFF7A9BFD4
:1091000010BD1FB503920022009203AAFFF75CFF77
:1091100005B05DF804FB1FB503920122009203AA7B
:10912000FFF752FF05B05DF804FB0000064B10B5D9
:1091300000241C70054B1C60BFF35F8F0449054879
:1091400000F013F8204610BD28A602202CA602200D
:1091500000E4020020A60220836800225A60C3E9CE
:1091600004229A60DA601A6070470B684A684360AC
:10917000934208BF0023016008BF43607047436803
:1091800043B10268916852680B449342436004BF44
:1091900000234360704770B5446806460D4620685A
:1091A00018B1B3682946984718B923682B60256021
:1091B00070BD2468F3E74368186808B102681A6054
:1091C00070474368186870474368186800B970476B
:1091D000884203D102681A60012070470346006884
:1091E000F4E7000010B50D49A1F59472914201D841
:1091F00000200FE08C1AE30F03EBE4035B1002EB9B
:10920000C30452F83330834205D802D204F1080275
:10921000ECE7606810BD2146E8E700BF0CE90200FA
:1092200008B5FFF7DFFF024B002808BF184608BD4E
:10923000CFE7020010B50446C0B2FFF707FA204698
:1092400010BD0000034B1868A0F1080358425841B4
:10925000704700BF30010010064B1B68082B06D179
:10926000054B1B68052B02D8044AD05C70470020D0
:10927000704700BF300100103401001012E90200F5
:10928000024AD2F80034002BFBD0704700E00140C6
:1092900010B5FFF7D7FF40B14FF080430022C3F86D
:1092A0000C21C3F81021C3F83825FFF7CBFF0028A5
:1092B00046D04FF08052614BD2F80414C3F8201509
:1092C000D2F80814C3F82415D2F80C14C3F82815E2
:1092D000D2F81014C3F82C15D2F81414C3F83015B2
:1092E000D2F81814C3F83415D2F81C14C3F840157A
:1092F000D2F82014C3F84415D2F82414C3F8481542
:10930000D2F82814C3F84C15D2F82C14C3F8501511
:10931000D2F83014C3F85415D2F83414C3F86015D9
:10932000D2F83814C3F86415D2F83C14C3F86815A1
:10933000D2F84014C3F86C15D2F84424C3F8702551
:10934000FFF78AFF10B13E4B3E4A1A60FFF784FFD9
:1093500018B13D4BFB22C3F81825FFF77DFF48B13C
:109360003A493B4B0A681B6822F00F0203F00F03D7
:1093700013430B60FFF770FF18B1364B4FF40072C8
:109380001A60FFF75FFF48B14FF08043D3F8002425
:10939000D20744BF6FF00102C3F800242E4AD2F86E
:1093A000883043F47003C2F88830BFF34F8FBFF3A7
:1093B0006F8F2A4B1B68082B0ED1294B1B68052B7E
:1093C00002D8284AD35C3BB14FF01023D3F80822CF
:1093D0004FF08043C3F858254FF01023D3F80022F4
:1093E000002A03DBD3F80432002B22DA1E490123C2
:1093F000C1F80435FFF744FF4FF010201224C0F8E5
:109400000042FFF73DFFC0F80442FFF739FF002399
:10941000C1F80435FFF734FFBFF34F8F0E49134BEC
:10942000CA6802F4E0621343CB60BFF34F8F00BF02
:10943000FDE70F4B0F4A1A6010BD00BF00C000408F
:109440008C5600404881030000F00040E40E0040CC
:10945000580200104096024000ED00E0300100107C
:10946000340100100CE9020000E001400400FA059C
:109470002C2B00200090D003074B1B5C1F2B8ABFB6
:10948000064A4FF0A04203F01F03D2F80405D8406B
:10949000C04300F0010070471CE9020000030050C7
:1094A000074B1B5C1F2B86BF064903F01F034FF0C1
:1094B000A041012202FA03F3C1F80C35704700BF46
:1094C0001CE9020000030050074B1B5C1F2B86BFEA
:1094D000064903F01F034FF0A041012202FA03F3F3
:1094E000C1F80835704700BF1CE9020000030050B6
:1094F00008B50020FFF7E8FF0120FFF7E5FF022095
:10950000FFF7E2FFBDE808400320FFF7DDBF08B525
:109510000020FFF7C5FF0120FFF7C2FF0220FFF781
:10952000BFFFBDE808400320FFF7BABF0A4B185C35
:109530001F288ABF094B4FF0A04300F01F00D3F84B
:1095400004250121814021EA02000A40C3F80805F0
:10955000C3F80C25704700BF1CE90200000300504F
:10956000074B1B5C1F2B8ABF064A4FF0A04203F03B
:109570001F03D2F81005D840C04300F00100704727
:1095800018E90200000300500B2809D00C2809D06C
:10959000182809D019280CBF03204FF0FF3070475E
:1095A000002070470120704702207047014B185C73
:1095B000704700BF18E90200C20710B504460CD579
:1095C0004FF0A0430322C3F83427C3F83827C3F869
:1095D0003C27C3F84027FFF78BFFA3070AD54FF0BE
:1095E000A0430C22C3F82C27C3F83027C3F8602708
:1095F000C3F8642710BD000038B5074C051E04F100
:10960000080318BF1C4623682BB11A6822605B68E8
:1096100028469847F7E738BD38A6022020B9054B01
:1096200001225A70FFF7E8BF012802D1014A907069
:10963000F8E7704730A6022020B9034B01225A7088
:10964000FFF7DABF704700BF30A6022038B50E4CD6
:109650002378B3B90D486360A3602361E36000F031
:10966000E5F8054603F004F908B900F0EBF801232A
:109670002370074BD3F800340BB10123A3702846A5
:1096800038BD8525F5E700BF30A602201D960200F3
:109690000000014037B50D4C00230DF107008DF897
:1096A0000730FEF7FBFFE368013BE360E36833B993
:1096B000074BD3F8005415B900F0D6F8A5709DF803
:1096C0000700FFF70FF803B030BD00BF30A602203F
:1096D00000000140012813B50CD0032820D038B970
:1096E000124B0122C3F88020BFF34F8FBFF36F8F5F
:1096F00002B010BD0E4C00230DF107008DF80730AD
:10970000FEF7CCFF23780BB9FFF7A0FFE3689DF8C5
:1097100007000133E3600123A370FEF7E3FFE7E7EF
:1097200000F090F8FFF7B6FFE2E700BF00E100E0CD
:1097300030A602201FB503788DF8003043680193EE
:1097400083688DF80830C368054A0393054B684663
:1097500053F8213052F82110984705B05DF804FB0A
:1097600044A602204CA602201FB503788DF80030D5
:109770004368019383688DF80830C368054A0393F2
:10978000054B684653F8213052F82110984705B030
:109790005DF804FB44A602204CA60220F0B5194B4C
:1097A00090F800C0DFF86CE043F82C20164B16460A
:1097B0000A6943F82C204B7F0EF80C300C46074604
:1097C0000FCC89B06D460FC594E80F0085E80F00F7
:1097D0001EF80C30CDF810C04BB1002E0B4A694674
:1097E00008BF3246381D00F0F5FD09B0F0BD002E6F
:1097F000074A694608BF324607F10C0000F0AAFB91
:10980000F3E700BF4CA6022044A6022035970200D1
:109810006997020054A6022000F18040002382B024
:10982000036003680193019B02B07047044A1379F7
:1098300023B9012110609180184670478520704738
:1098400058A60220074B1A68D20704D4C02283F816
:10985000002301221A604FF080430122C3F818252B
:10986000704700BF00E100E04FF0804208B50223DE
:10987000C2F808334FF48270FFF7CEFF034B01218B
:109880001960D2F81834DB03FBD408BD0C0000408B
:10989000124B1B6810B573B14FF48070FFF7BCFF1B
:1098A0004FF080430122C3F808230D4B587910B9BB
:1098B0005A711B6898470B4B1B6873B14FF4827049
:1098C000FFF7AAFF4FF080430222C3F80823044B9E
:1098D000BDE810401B680120184710BD0001004082
:1098E00058A602200401004000F1804000F5C0406D
:1098F000002382B0036003680193019B02B07047AC
:1099000003681F2B83BF03F01F03036001484FF060
:10991000A04070470003005007B5019001A8FFF771
:10992000EFFF019B00EB8300D0F8003723F44033B6
:10993000C0F80037D0F8003743EA0141C0F80017FB
:1099400003B05DF804FB0000054B4FF0FF32072821
:1099500043F8202084BFC01880F85820704700BF0B
:1099600060A6022038B51E4C94F86A30ABBB4FF6A7
:10997000FF71FF205A09012A14BF4FF0FF320A4637
:1099800003F01F05EA40D20748BFE21803F10103C4
:1099900048BF82F83000302BECD10021C8B2FFF76D
:1099A000D3FF01310C29F9D1062200210D4803F023
:1099B000FEFF0D4BC02283F8062340221A604FF4AD
:1099C000BE70FFF791FF094B4FF00042C3F804232C
:1099D000012384F86A30002038BD0820FCE700BF6E
:1099E00060A60220C4A6022000E100E00060004062
:1099F000034B93F86A00003818BF0120704700BF7E
:109A000060A60220F7B53B4E3318054693F9303077
:109A1000002B6CDA8B78C3F34003002B0BBF0824B8
:109A200000240C200820844202D1042003B0F0BDA1
:109A300056F82470013743D1701946F8242080F875
:109A4000304013B9331983F858508B785A0717D41C
:109A5000D80737D501A80195FFF752FF019B00EB0E
:109A60008300D0F8003723F00203C0F80037224803
:109A7000EA0805F007070123BB40875C3B4383549A
:109A80008B780A7813F0020328D0A40004F18044F4
:109A900004F5C0442D02D4F8103523F44F3323F4D9
:109AA0004073C4F810351204D4F8103505F47C5511
:109AB00002F4403215431D43C4F810550020B5E7A9
:109AC0000134B0E701A84A780195FFF719FF019B1F
:109AD00003F5E073920040F82320C8E7083C3444C3
:109AE00094F8605045EA821284F86020E6E7082086
:109AF0009CE700BF60A60220C4A6022073B5224CDA
:109B00002618054696F93020072A1ADD224492F8D5
:109B100058309B09032B0FD1019001A8FFF7F0FEED
:109B2000019BD0F81015D94001F0010102312846FF
:109B3000FFF7F2FE02B070BD012B0CBF0221032122
:109B4000F5E7D3B2072BF5D8930003F1804303F573
:109B5000C043D3F8100540F00100C3F8100502F12E
:109B60004000800080B2FFF7BFFE0029E2D096F9E6
:109B7000303054F82330002BDCD0012303FA02F2FA
:109B8000024BC3F80423D5E760A602200060004022
:109B900007B5019001A8FFF7B3FE019BD0F81005AF
:109BA000D84000F0010003B05DF804FB2DE9FF4749
:109BB0000024CDE90244584D4FF48072012102F196
:109BC000804303F5C04390B21B68012B06D1D5F842
:109BD00004330B4202D0FFF787FE0C430432B2F588
:109BE000907F4FEA4101EAD14C4B1B68012B11D108
:109BF0004FF4BE70FFF778FE4FF0A04344F00044EE
:109C0000D3F820250292C3F82025D3F82028039208
:109C1000C3F8202814F0FF0F1AD0414F0025012669
:109C2000344210D0AB0003F1804303F5C043D3F8B6
:109C30001005D3F8101557F8253023B1C1F30141B1
:109C4000C0F3052098470135082D4FEA4606E7D1B5
:109C5000002C59DA324D334C334E4FF000080127B7
:109C600016F9013B5A1C3CD0C3F3C20104A80144BD
:109C70005FFA83F911F8081C03F03F0203F00703B1
:109C800007FA03F319422CD001A80192FFF738FE1E
:109C9000019B03F5E07350F82330C3F3014ABAF196
:109CA000020F10460CBF03210221FFF735FE01A869
:109CB0000192FFF725FE019B07FA03F3C0F8203558
:109CC000AB1893F9303055F8233053B14FEA99115E
:109CD000032904D0BAF1020F19D1012901D110468C
:109CE000984708F10108B8F1040FB9D14FF0A0432B
:109CF000D3F820250292C3F82025D4F82035039309
:109D0000C4F820351343A7D104B0BDE8F087BAF1F9
:109D1000030FE6D10229E1E7006000407C610040CA
:109D200060A6022000030050C0A60220014B1B6861
:109D3000184700BFCCA602200E4B984237B50C4600
:109D400002D0002003B030BD00230DF107008DF8D4
:109D50000730FEF7A3FC084B1D7915B901221C60E2
:109D60001A719DF80700FEF7BDFC002DE9D0112007
:109D7000E8E700BF00200040CCA6022000234350AB
:109D800082B043580193019B02B070470A4610B558
:109D90004FF48E71FFF7F2FF136A9168C95C136A82
:109DA00001331362C0F81C1510BD024608B50068E7
:109DB0004FF49271FFF7E2FF4FF484711068FFF7E0
:109DC000DDFF136801221A6008BD8B690A4610B5D1
:109DD0004FF4847123B9FFF7D1FFD0F8183510BDC7
:109DE000FFF7CCFF536AD168D0F81805C854536AFE
:109DF00001335362F3E700001FB501238DF80030F3
:109E0000044BCDE90110D3E900126846904705B034
:109E10005DF804FBD4A6022030B54C48D0F80433DA
:109E200013F4007F85B005464DD0D0F82431002BC7
:109E300049D04FF49271FFF7A1FF4FF40173C0F8BE
:109E40000833434B93F829200AB9012242603F4965
:109E500002228DF80020D1F88024C1F880240392DA
:109E60009A690292DA6801920022C3E906226846E2
:109E7000D3E9001290473548D0F81C315BB1344922
:109E80004A690B6A9A420A464AD991F82830002B4F
:109E900046D1FFF77BFF2D48D0F844318BB14FF40A
:109EA000A271FFF76BFF2A4B93F829200AB1012218
:109EB00002609A692AB10022586AD9689A61FFF74C
:109EC0009BFF05B030BDD5F804335B07D3D5D5F87B
:109ED0000831002BCFD01E4C1C482146FFF775FFE0
:109EE000636AA2699A422346C5D1E269E1684AB130
:109EF0002369E3600023606AA261E3616362FFF7A4
:109F00007BFFB8E794F829200AB901226A600F4A5A
:109F10004FF40170C2F808030022586A9A61EEE714
:109F20000A484FF48E71FFF729FF5369002BB2D016
:109F300051690291002391688DF8003001915361BD
:109F40006846D2E900139847A5E700BF002000400B
:109F5000D4A602202DE9F843614B057991462C22C5
:109F600002FB0532064692F82A200C469846002A43
:109F700040F0B1805B490068FFF7DEFE074600282D
:109F800040F0AB8021684A1C10D01F2987BF564A79
:109F900001F01F030B464FF0A0420120984003F54B
:109FA000E073C2F80805032042F823006068431CF0
:109FB0000DD01F288BBF00F01F0303464A4A4FF005
:109FC000A04203F5E0734FF0000C42F823C0336861
:109FD000A269C3F8242594F814C0627DBCF1010F76
:109FE0004CEA0202C3F86C25C3F81405C3F80C153B
:109FF0002BD1A168481C0DD01F298BBF01F01F0277
:10A000000A4639484FF0A04002F5E0724FF0000CCC
:10A0100040F822C0E068421C13D01F2887BF324A94
:10A0200000F01F0C84464FF0A0424FF0010E0EFAD4
:10A030000CFE0CF5E07CC2F808E54FF0030E42F888
:10A040002CE0C3F80805C3F810152C236B4308EB6C
:10A050000302C2F80490226948F80320B9F1000F06
:10A0600021D03068247F4FF48E71FFF787FE4FF4C4
:10A07000A2713068FFF782FE32681C4BC2F80433CD
:10A08000110B42F307326301002ADBB21EDB1848D2
:10A09000841884F800330123520901F01F0103FAE8
:10A0A00001F140F8221033680422C3F800252C2364
:10A0B00003FB05830022C3E9062283F829205A61A5
:10A0C000012283F82A203846BDE8F883094A01F0C6
:10A0D0000F015354E7E70827F5E71127F3E700BF1F
:10A0E000D4A60220199E0200000300508000020046
:10A0F00000E100E014ED00E02DE9F047204F90F87A
:10A1000004904FF02C0808FB097405466669002E80
:10A1100034D162610068A16026624FF48E7184F8C8
:10A120002860FFF72BFE2868012383602146FFF794
:10A130002DFE6368A0468BB92868D4F814A0236A62
:10A140009A4511D82A68D2F81C31002BFBD0012384
:10A15000D3602C2303FB097300225A613046BDE80B
:10A16000F08794F828303BB9D0F81C31002BF8D098
:10A170004146FFF70BFEE2E70F26EAE71126EDE77F
:10A18000D4A602200379044A2C2101FB0323586939
:10A19000003818BF01207047D4A602202DE9F843EB
:10A1A000394F05792C2303FB057306465C6824B1FF
:10A1B00003684FF40170C3F808032C2303FB0573F5
:10A1C000986950B1D86900283ED024B133684FF463
:10A1D0000172C3F80423112433E09A61D9605862F4
:10A1E000D8612C2303FB057393F829301BB910B9F0
:10A1F0003046FFF7DAFD4FF02C0909FB057830688F
:10A20000D8F80430002B34D14FF4A271C146FFF7C7
:10A21000B5FD3068D0F82431D0F80821D0F8444199
:10A22000B2B90CB9002BF4D02C2202FB0575002228
:10A23000AA6123BB2CBB95F8291033680122B1B168
:10A240001A602046BDE8F8831961DA610120C8E789
:10A25000002BE9D1002CE7D14946FFF7B6FDD8F82D
:10A260002430D8F818209A42D3D82346DCE75A6025
:10A27000E7E74FF40173C0F804330024E1E7032457
:10A28000DFE70F24DDE700BFD4A602200023435000
:10A2900082B043580193019B02B070471FB5012360
:10A2A0008DF80030044BCDE90110D3E90012684667
:10A2B000904705B05DF804FB00A702207FB5434A34
:10A2C000D2F82461002E60D010464FF49271FFF74F
:10A2D000DDFF02238DF80030D2F88034C2F88034DC
:10A2E0000393D2F83C350293394BDA68019200228D
:10A2F000C3E906226846D3E9001290473348D0F8F4
:10A30000443173B14FF4A271FFF7C0FF304B9A692B
:10A310003AB10022C3E90622D968D0F83C05FFF71C
:10A32000BDFF2A48D0F82031ABB14FF49071FFF750
:10A33000ADFF0123C360264B5A6962B1D0F84C15BA
:10A340000291002299688DF8002001915A616846B7
:10A35000D3E9001290471D48D0F858319BB14FF413
:10A36000AC71FFF793FF1A4B5A6962B1D0F84C15E4
:10A370000291002299688DF8002001915A61684687
:10A38000D3E90012904704B070BDD2F81031002B11
:10A39000B4D04FF488711046FFF778FF0C4BD2F819
:10A3A0003C0599698842A9D1DC69D96864B1D2F8C1
:10A3B000005225F02005C2F800521A699C61DA604B
:10A3C000DE61FFF76BFF99E79C61FAE70020004030
:10A3D00000A702202DE9F843674B06799146242215
:10A3E00002FB0632044692F820200D469846002AC9
:10A3F00040F0BE8061490068FFF79EFC07460028D8
:10A4000040F0B8802868421C10D01F2887BF5C4AE3
:10A4100000F01F0303464FF0A0420121994003F5CD
:10A42000E073C2F80815032142F8231069684B1C39
:10A430000DD01F298BBF01F01F030B46504A4FF070
:10A44000A04203F5E0734FF0000C42F823C02368EC
:10A45000AA69C3F8242595F814C06A7DBCF1010FE0
:10A460004CEA0202C3F86C25C3F80C05C3F81415B6
:10A470002BD1A968481C0DD01F298BBF01F01F02EA
:10A480000A463F484FF0A04002F5E0724FF0000C42
:10A4900040F822C0E868421C13D01F2887BF384A02
:10A4A00000F01F0C84464FF0A0424FF0010E0EFA50
:10A4B0000CFE0CF5E07CC2F808E54FF0030E42F804
:10A4C0002CE0C3F80805C3F810152423734308EBE8
:10A4D0000302C2F804902A6948F80320B9F1000F7A
:10A4E00030D020682A7F4FF48871FFF7CFFE2068B4
:10A4F0004FF49071FFF7CAFE20684FF49271FFF796
:10A50000C5FE20684FF4A271FFF7C0FE4FF4AC7196
:10A510002068FFF7BBFE23681A49C3F80413190B20
:10A5200043F307335201002BD2B21CDB1648C51887
:10A5300085F8002301225B0901F01F0102FA01F1F5
:10A5400040F8231023680822C3F80025242303FBC6
:10A5500006830022C3E906225A61012283F82020E3
:10A560003846BDE8F883094B01F00F015A54E9E77A
:10A570000827F5E71127F3E700A70220BDA2020094
:10A58000000300501003420000E100E014ED00E081
:10A5900001F06043B3F1005F2DE9F041064638D188
:10A5A0001E4B0779242505FB073598466C69002C5E
:10A5B00031D16A610068A9604FF49071FFF766FEBF
:10A5C0004FF4AC713068FFF761FE33686A69A968BF
:10A5D000C3F84415C3F8482501229A606A68AAB9ED
:10A5E000D3F82021D3F858411AB9002CF8D00F2401
:10A5F00007E0002CFBD10122DA60D3F85821002AB1
:10A60000FBD0242303FB078700237B612046BDE8A2
:10A61000F0811024FAE71124F8E700BF00A7022018
:10A620000379044A242101FB03235869003818BF29
:10A630000120704700A70220F8B501F06043B3F194
:10A64000005F04460F465ED10379304D242101FBA3
:10A650000351496821B100684FF40476C0F80863DB
:10A66000242000FB03539E6956B1D869002839D0D5
:10A6700021B123684FF40472C3F80423112030E0A1
:10A680009A61DF60DE6120684FF48871FFF7FEFD9C
:10A6900020684FF4A271FFF7F9FD2368C3F8347501
:10A6A000C3F8382516BB01221A602179242202FB47
:10A6B000015252680ABBD3F81041D3F84421D3F8B1
:10A6C0002401144302D10028F5D02246242303FBA1
:10A6D00001550023984218BF03209A42AB6118BF6E
:10A6E0000F20F8BD1F61DA610126CCE7D3F8002204
:10A6F00042F02002C3F80022D7E74FF40472C3F8F7
:10A7000004230020EDE71020EBE700BF00A70220A4
:10A71000036801221A600379034A0C2101FB032319
:10A7200002221A72704700BF24A7022037B54FF4E7
:10A73000803400688C407BB18B0003F5A07300254A
:10A74000C550C3580193019BC0F8044301F5A8719B
:10A7500040F8212003B030BDC0F80843F6E770B4DC
:10A76000046840F20116D4F800528E4025EA06052E
:10A77000C4F80052D4F800522B43C4F800329DF8BC
:10A780000C3070BCFFF7D2BF2DE9F341104C114FD4
:10A79000114E00254FF48038236883B1D7F8043375
:10A7A00008FA05F21A420AD00023236023680193B5
:10A7B00004F5C040019B80B2D6E9003198470135CD
:10A7C000062D04F10404E7D102B0BDE8F08100BF1A
:10A7D00040A1014000A0014024A7022000F18040D8
:10A7E00000F5E040002382B0036003680193019B01
:10A7F00002B07047F0B5504B504C1B6885B0002B31
:10A800003DD04FF4827094F82E20FFF7E7FF2AB373
:10A8100094F82F3013BB4A4B1B68002B33D04FF4F6
:10A820008070FFF7DBFF638B94F82D108B424FD9BC
:10A8300022895B1A9BB292B26383D31A626802EBDD
:10A840004303404AC2F82C36C2F830164FF48270E7
:10A85000FFF7C4FF3C4B01221A6014E063680293C7
:10A860002389ADF80C30E36800218DF8041023BB78
:10A870002374236801A89847002384F82F3094F8A4
:10A880002E30002BC7D1314B1B685BB14FF4887061
:10A89000FFF7A4FF0023237402238DF8043001A8DE
:10A8A000236898472A4B1B68EBB14FF48A70FFF777
:10A8B00095FF0023237405B0F0BD208B6083636097
:10A8C0002081E160002AD4D11E4B01221A60D0E71A
:10A8D000BCD1E368012284F82F2013B100226283E7
:10A8E000AFE76383B2E766694FF000470125002EAA
:10A8F000E1D0B6FA86F227FA02F34632920026EA4F
:10A90000030602F1804303F5E0431B68002BEED001
:10A910001046FFF763FFA2F58C72D30882F00402A1
:10A92000C2F380028DF808308DF8045023688DF84A
:10A93000092001A89847DAE70471004030A70220F7
:10A940000071004000700040047000401071004031
:10A950001471004038B5204A92F82C300446002B80
:10A9600037D111601D490078C1F8F0056078C1F851
:10A97000F4050125137482F82D30536182F82F30CD
:10A98000E07882F82E006FF0004382F82C504FF4EC
:10A990008270C1F80833FFF721FF4FF48070FFF792
:10A9A0001DFF4FF48A70FFF719FFA3780C485B0175
:10A9B000DBB280F80733802303600223C1F804333D
:10A9C00092F82E300BB1C1F80453C1F800550020A5
:10A9D00038BD0820FCE700BF30A70220007000400F
:10A9E00000E100E030B5224B1A7C002A3ED100F194
:10A9F0000C0403EB4402127922B993F82D200132A2
:10AA000083F82D2003EB4403CA790C7A8D781A71F0
:10AA10005C714B782D021B0105F4E06503F03003F7
:10AA20002B430D7805F003052B43CD782D0305F45A
:10AA300080552B430D792D0405F4E0252B434D79EA
:10AA400089792D0505F48015090601F080712B43E5
:10AA50000B43010101F1804101F5E0410020C1F803
:10AA60001835C1F81445C1F8102530BD1120FCE798
:10AA700030A70220054B93F82E30002B14BF002086
:10AA8000042000F1804000F5E040704730A702202C
:10AA900070B5264A264B05461220C2F808031C7CD6
:10AAA000022C03D1C2F80403112070BD187C0128C8
:10AAB0001DD1D86818B10223C2F80433F4E7DD6071
:10AAC000198393F82E3063B91A4A1368002BFCD00F
:10AAD0004FF48070FFF782FE144BC3F82C56C3F876
:10AAE0003016124B0222C3F804230020DDE70220B7
:10AAF00093F82E40C2F80403012600201E745D6006
:10AB00001981D8603CB1598393F82D30C2F82C5686
:10AB1000C2F83036C9E7C2F82C564FF48070C2F83C
:10AB20003016FFF75BFE20461660BEE7007000405F
:10AB300030A70220007100402DE9F74F4FF00009C7
:10AB4000154D164F06464FF0040AC8465FFA89FBBA
:10AB500001240DF1070004FA0BF48DF80780FDF7CE
:10AB60009DFD2C4208D03B6814EA030201BF234339
:10AB70003B6086F800B092469DF80700FDF7B2FDF5
:10AB8000BAF1000F03D0A54309F10109DED1504607
:10AB900003B0BDE8F08F00BFFFFF010060A70220F7
:10ABA00010B5A1B19AB101238340C3F3100484B15D
:10ABB0000A4C246823420ED0C00000F1804000F50A
:10ABC000F830C0F81015C0F81425002010BD0E2074
:10ABD000FCE70720FAE70820F8E700BF60A702209B
:10ABE000012202FA00F3580C400440B91BB1064A96
:10ABF0001268134205D0054AC2F804357047072091
:10AC000070470820704700BF60A7022000F0014095
:10AC1000034B187810B901221A70704785207047CD
:10AC200064A702200220FEF781BC00002DE9F04756
:10AC300080460D46FEF7A8FC0328044610D8012DD7
:10AC400010D0022D30D05DB91A48FDF712FB1A4B17
:10AC500004EB440213449E78184B1B5DB34219D099
:10AC6000BDE8F087144D00EB4002A918AE5C4A78AD
:10AC7000470052B1DFF84C900E484A464FF48041ED
:10AC8000FDF7CCFA08B989F800803B192B449A7873
:10AC90000A4B1A55002EE3D0094B1B68002BDFD05E
:10ACA0003046BDE8F047184700EB40040248044432
:10ACB0006678EFE7502B002067A7022081A70220CB
:10ACC0007CA7022065A7022000780221FFF7AEBF13
:10ACD00008B5094B1B7853B10020FEF7F5FB0120A6
:10ACE000FEF7F2FBBDE808400320FEF7EDBBBDE830
:10ACF0000840FEF7FDBB00BF66A70220F8B57B4CFD
:10AD0000237805461BB100232370FFF7E1FF172DC1
:10AD100000F28880DFE805F00C1717435465768051
:10AD2000888D888D959A9A9A9A9AC4C9D1D9E4E463
:10AD3000FFF7CEFF6E48FDF79CFA6E4B00220446EB
:10AD40001A702046F8BD0020FEF796FBF8B10020EF
:10AD5000FEF7BAFB022D0CBF4FF4E1614FF47A61AC
:10AD6000644B1D704FF400404FF47A740025E0FBF3
:10AD700001454FF4FA6200232046294602F0AEFC5A
:10AD800000220146BDE8F8405948FDF747BAFEF7F2
:10AD900087FB022D0CBFC8214FF4C871E0E70020EB
:10ADA000FEF76AFB40B10020FEF78EFB4FF44871BE
:10ADB000504B03221A70D5E7FEF772FBC821F7E764
:10ADC0000020FEF759FB38B10020FEF77DFB4FF461
:10ADD0007A61484B0422EDE7FEF762FB4FF4C8713D
:10ADE000F7E70020FEF748FB48B10020FEF76CFBB8
:10ADF000404B05221A7040F6CD410022C2E7FEF713
:10AE00004FFBF5E70020FEF791FB3A4B06221A7044
:10AE1000002240F26661B5E70020FEF741FB354BAA
:10AE200007221A7000248CE701202070FEF77EFBB9
:10AE3000EEE701202070FEF779FB00224FF400516D
:10AE4000A0E7FEF764FB2B4B0C22EAE72A482B4EC7
:10AE5000FDF70FFAD5F1110504461CD0D8B9012D24
:10AE600013D0C8235D434FF400474FF47A7000219C
:10AE70004FF4FA620023C7FB050102F02FFC2246C3
:10AE800001461D48FDF7CAF904460220FEF708FBFB
:10AE90000123337055E70220FEF716FB0023F8E785
:10AEA000FFF716FF134B1222BBE7FFF711FF00203D
:10AEB000FEF7F6FA0F4B1322B3E7FFF709FF012065
:10AEC000FEF7EEFA0B4B1422ABE7FFF701FF002071
:10AED000FEF7E6FA0120FEF7E3FA064B1522A0E79B
:10AEE000FEF715FB034B1D709CE700BF78A70220FF
:10AEF000702B002080A70220302B002066A70220A4
:10AF0000044B1B68DB0703D5034B1878FFF7F6BE2D
:10AF1000704700BF74A7022080A70220002910B547
:10AF200014BF03240024FEF741FB1F288ABF0A4BED
:10AF30004FF0A04300F01F0003EB8000D0F8002783
:10AF400022F44032C0F80027D0F8003743EA044327
:10AF5000C0F80037002010BD00030050032801D8BE
:10AF6000FEF7FEBA00207047044B1B6813F0010384
:10AF700001D0FFF7C3BE1846704700BF74A7022078
:10AF800038B51C4B18601C4B10F0020405461960C4
:10AF90001AD01A4B1A480E221A700F22DA70102299
:10AFA0009A7111225A72042140F23332FCF772FF77
:10AFB000044648B9FCF7C4FF044628B90146114AC3
:10AFC0001148FDF719F90446EB0711D50120FEF7EA
:10AFD000F3FA6CB921460D4A0D48FDF70DF9044608
:10AFE00030B9BDE838400B4A0B480121FDF704B9E0
:10AFF000204638BD74A702207CA7022067A7022044
:10B0000054E90200C9AC020078E9020001AF020075
:10B010007CE9020025AC020074E90200032811D883
:10B02000012A0AD101290FD100F10E02D2B20D4B33
:10B0300000EB40001A54002070470129F7D0022984
:10B0400004D049B1072070470022F8E7054B00EB18
:10B05000400018444270EEE7024B00EB40001844F9
:10B060008270E8E767A70220032802D80121FFF7D2
:10B0700055BF0620704708B5012202210020FFF7C6
:10B08000CDFF08B1072810D1072202210120FFF7C8
:10B09000C5FF08B1072808D100210A220846FFF79A
:10B0A000BDFF10B1072808BF002008BD0388102B82
:10B0B00010B502D0112B1ED010BD1A4C2168B1B9A9
:10B0C00001220846FFF7AAFF08B1072824D107226A
:10B0D00002210120FFF7A2FF08B107281CD104229A
:10B0E00002210020FFF79AFF08B1072814D1236836
:10B0F00001332360E0E70B4A1368013B1360002B28
:10B10000DAD1FFF7B8FF0028D6D0074B1B68002B19
:10B11000D2D0BDE810401847034B1B68002BE6D087
:10B120009847E4E78CA7022088A7022008B50020F2
:10B13000FFF79AFF08B1062806D10120FFF794FF18
:10B1400010B1062808BF002008BD00000D4B10B547
:10B1500018600C4629B10120FFF700FF40B102231F
:10B160002370094B1B6853B9BDE81040FFF783BF3C
:10B17000FFF7F4FE08B10B23F2E72070F1E700209F
:10B1800010BD00BF88A702208CA702200369C168F8
:10B190008B429DBF8268D21802F1FF3203F1FF3368
:10B1A00094BF501A581A70472DE9F843D0E9029419
:10B1B0000546A9EB04084068904520440F46144416
:10B1C00004D902F0CBFBEC60BDE8F8834246A4EB67
:10B1D000090402F0C3FB6868224607EB0801F0E7A8
:10B1E0002DE9F843C5680646894617464FF0000822
:10B1F0003469B3687068A54228BFE418013C621B3B
:10B200005C1BBC4228BF3C46944228BF14464946BA
:10B210002844224602F0A2FBB3682544AB4208BF93
:10B2200000253F1BA044A144F560E1D14046BDE8A4
:10B23000F883000010B5114C114AA2610223C4E941
:10B240000433104BE361A2644FF400730E4A0F49BC
:10B250002362E26400231022E01DA3626362E362C2
:10B26000A3656365E365226502F0D4FB08492046C7
:10B2700002F0D0FB2023A37110BD00BF90A70220D5
:10B2800080E9020018A8022008A8022089E902002B
:10B290008DE90200F8B5184C182300FB033503FBB9
:10B2A00000402544C46A012C0F4616460FD0022CDC
:10B2B0001AD0F4B92846FFF769FF864205D832460E
:10B2C00039462846FFF770FF34462046F8BD284629
:10B2D000FFF75CFF8642344628BF044622463946C3
:10B2E0002846FFF761FFF0E72846BDE8F840FFF782
:10B2F00077BF0024E9E700BF90A70220FFF79ABFBD
:10B300006DDF704779DF70477DDF704764DF70471E
:10B310002DE9F04F85B000250E9CBDF83CB0B4F887
:10B3200000A00191074690461E46A9463A884A4524
:10B330000DDC45B12388013BA3EB0A039BB2FF2B35
:10B340003AD806F80A30002005B0BDE8F08F7A68D8
:10B3500052F82900039000220DF10B0103A8FFF71A
:10B36000D5FF0028F0D19DF80B20424521D122883D
:10B37000002D14BF0020022002EB080101445945B2
:10B380001ADC3DB9013292B2019B2280B35422886B
:10B390000132228022880DF10B01324403A8FFF70D
:10B3A000B5FF0028D0D121889DF80B200A442280C7
:10B3B000012509F10109B9E70C20C5E72DE9F341A1
:10B3C000089FBDF824801546CDE900780222044686
:10B3D0001E46FFF79DFF50B93346102229462046EE
:10B3E000CDE9087802B0BDE8F041FFF791BF02B0A7
:10B3F000BDE8F0812DE9F04F00231788138090F805
:10B400002D3085B006460D46144653B3082F01D89B
:10B410000C2027E102A8FFF773FF002840F02281EB
:10B4200023880822EA54238801339BB21B222380FD
:10B43000EA542088013080B2208006220DF10901F3
:10B44000284402F08BFA23889DF8082006339BB22B
:10B4500012F0FE0218BF01222380EA542388013330
:10B460002380B378FBB123880433BB42D0D802A831
:10B47000FFF748FF002840F0F58023880322EA54B4
:10B48000238801339BB219222380EA542388BDF814
:10B49000082001339BB2E9182380EA54120A4A704B
:10B4A000238802332380F2789AB12388D91CB942C9
:10B4B000AED80221E954238801339BB201212380B5
:10B4C000E95423880B449BB22380EA5423880B441D
:10B4D00023807268AAB12388D91CB94298D8022166
:10B4E00092F90020E954238801339BB20A2123807A
:10B4F000E954238801339BB22380EA542388013323
:10B5000023803389002B40F0A180338A5BB1CDE9E1
:10B5100000472B460722032106F11000FFF74EFFDC
:10B52000002840F09F80338B5BB1CDE900472B466C
:10B530001522142106F11800FFF740FF002840F003
:10B540009180326A002A40F09080D6F82480B8F1C9
:10B55000000F30D0B8F804302188981C8A1C0244AF
:10B56000BA423FF655AFFE283FF652AF03336B5455
:10B57000238801339BB2FF222380EA5423880133BE
:10B580009BB22380B8F80020EA54E918120A4A70E6
:10B590002088023080B22080B8F804205AB1D8F850
:10B5A000081000296BD0284402F0D8F92388B8F895
:10B5B00004201344238096F82C30002B40F09A800E
:10B5C000307800284ED03388012B58D0228802F1E1
:10B5D000020CBC453FF61CAF012805D1737802333D
:10B5E00013449F42FFF414AF023FBF1ABFB202A937
:10B5F00005EB0C00ADF80870FFF786FE90BB3178C4
:10B60000BDF80830022900F0BA8072789A4202D35D
:10B61000BB4240F2B280012940F0B380974293B21E
:10B62000C0F0AF80ADF808300821BDF80830FE2B1F
:10B630003FF6EEAE22880133AB542288013292B23B
:10B640002280A9542288134423800BE0CDE90047CF
:10B650002B460622022106F10800FFF7AFFE002864
:10B660003FF453AF05B0BDE8F08FB4F800C00CF163
:10B670000603BB423FF6CCAE1188052901D807204E
:10B68000F0E76FF4486E01EB0E039BB24FF27D3E84
:10B690007345F4D95388052BF1D96FF44860181815
:10B6A00080B27045EBD94FF6FF70814203D08342E0
:10B6B00001D09942E3D8052305F80C3023880133E3
:10B6C0009BB212212380E954238801339BB223804B
:10B6D0001188E954E818090A4170238802339BB2A3
:10B6E00023805288EA54E918120A4A7023880233E8
:10B6F00023802AE7B36A002BC1D04FF000094FF036
:10B700000C0A4FF0160B96F82C305FFA89F2934230
:10B710007FF656AFB16A0AFB02F201EB0208B8F8F5
:10B720000430981CFE283FF673AE208803332B5458
:10B73000238801339BB2238005F803B023880133AB
:10B740009BB223808A5AEA54E918120A4A70208868
:10B75000023080B22080B8F804205AB1D8F808101E
:10B7600000298CD0284402F0F9F82388B8F8042086
:10B770001344238009F10109C5E7092155E7BB42BC
:10B78000FBD9ADF808704FE730B5C8B1F2B100246D
:10B79000651C8D4206DA1588A54212D805196D7808
:10B7A0009D420ED1A14211D9005D48B1013880B24D
:10B7B00030B10234A3B210FA84F4A14206DB138044
:10B7C00030BD055D01352C44A4B2E1E70020F7E768
:10B7D00013B513460022ADF806200DF1060204460B
:10B7E000FFF7D2FF10B1BDF80630E01802B010BD6F
:10B7F00072DF704773DF704774DF704738B501221E
:10B8000004460D46B0F81414D0F81004FFF7E0FF1A
:10B8100000B1057004F13C0204F5826104F15400AA
:10B82000BDE83840FFF7E4BF80F830107047F8B546
:10B8300004460F4600296DD000286BD091F87A306D
:10B840001BB191F89830002B66D14FF0000C84F8B2
:10B8500002C007F178060FCE251D0FC50FCE0FC50C
:10B8600096E8070085E8070084F830C0D7F8A430D0
:10B870006363D7F8A830A3634FF6FF7504F58263BE
:10B88000C4F82034A4F824540722614604F2264068
:10B8900002F08DF823780BB984F8545094F82430D2
:10B8A000002B14BFEE231F2304F15501C4F810141C
:10B8B000A4F8143404F214423846FFF79BFD40BB51
:10B8C00094F82430002B14BFEE231F2304F23121FF
:10B8D000C4F81814A4F81C3404F21C4207F13C000C
:10B8E000FFF788FDA8B9A369A4F848304FF4807326
:10B8F0000125A4F8503063692064014684F83C5067
:10B90000636404F13C0204F15400FFF771FF00B9D5
:10B910002570F8BD0E20FCE70720FAE7F8B5077898
:10B9200004460D46002F00F0098100F22646817082
:10B9300007220021304602F03AF8E38813B1A378D9
:10B94000012B04D0E3794BB1A378022B06D1636BB2
:10B95000A3B1012284F82D2408209847334604F22D
:10B960002C4113F8012F12B99942FAD117466B1ED8
:10B97000032B57D8DFE803F0050B0F1284F82D34A2
:10B98000ECE7A3791BB194F8243003B95FB9E379EC
:10B990000BB1002F48D1237A002B47D1637A002BBB
:10B9A0000CBF00250425636BA570002B40D0033D20
:10B9B000012D3DD86279002A3AD094F82E24002A2D
:10B9C00036D184F83024012284F82F2407209847A8
:10B9D00004F13C0518220021284601F0E8FFE26A44
:10B9E0000123511E994284F83C3001D9042A00D128
:10B9F000D3B294F8242084F8513042B1A36A591E7E
:10BA0000012902D9042B18BF012384F85230A178F0
:10BA1000002384F8503004291BD8DFE801F0770DAB
:10BA2000223559000025BEE70225BCE70325BAE709
:10BA3000002384F82F34CBE7C4E91063C4F8203422
:10BA40000223012284F83C30802384F83120A4F8BA
:10BA50004830A378002B5CD1636B002B6AD10020A7
:10BA600067E00223002A84F8313014BF0723032340
:10BA700084F83C302369A4F848300023C4F820340B
:10BA8000E36826646364E4E763696364A369A4F814
:10BA9000483012B1062384F83C306379B3B194F88E
:10BAA0002E349BB994F8303483B1022384F850309B
:10BAB00004212046FFF7A2FE0028CAD1052384F8FE
:10BAC000313004F58263C4F82034C2E70323F6E77B
:10BAD000E3696364236AA4F8483012B1062384F84A
:10BAE0003C30637983B194F82E346BB994F83034D8
:10BAF00053B1022384F8503004212046FFF77EFE24
:10BB00000028A6D10623DAE70423D8E784F83130E9
:10BB10009FE7D4F820142A4604F15400FFF768FE8A
:10BB200038B994F8301094F85400FFF763FE0028F9
:10BB300092D0F8BD94F83100984790E70820F8E7D4
:10BB40000388112B10B50C460AD0262B1FD0102BC2
:10BB500005D1C37B012B02D18388A1F8243410BD09
:10BB60000022838881F82E24B1F824249A42F6D149
:10BB70000B79002BF3D101212046FFF7CFFE0028DF
:10BB8000EDD0A36B002BEAD0BDE810401847037A34
:10BB9000013B012BE3D8897805230131B1FBF3F395
:10BBA00003EB8303C91AC9B2E6E738B5044690F837
:10BBB0005400FFF721FE012384F82E34002384F87B
:10BBC000303484F8503006212046FFF717FE054632
:10BBD00038B9A1782046FFF7A1FE10B1A36B03B1DD
:10BBE0009847284638BD75DF704776DF70477ADFA3
:10BBF00070477BDF70470000034B1A8882420CBFFE
:10BC000018460020704700BF34AA0220024B9B69EF
:10BC100003B11847704700BF18AA022073B585B258
:10BC20002846FFF7E9FF044670B1164E027A337BCF
:10BC30009A420BD200F10A012846FFF7D4FFE8B17F
:10BC4000112801D0FFF7E2FF02B070BD002303729C
:10BC5000337C43B13B212846FFF7C7FF30F0080390
:10BC600001D0FFF7D3FF7369002BEDD000228DF8D0
:10BC70000420ADF8065001A89847E5E7237A013380
:10BC80002372E1E718AA022037B50B46497A0F4A1A
:10BC900071B9D2E901141D7A0246002D18BF214660
:10BCA0005868FCF7BBFA08B1FFF7B0FF03B030BD2E
:10BCB000002119725369002BF8D00122ADF806005B
:10BCC0008DF8042001A89847F0E700BF18AA0220C9
:10BCD0004B8802889A4213D842889A4210D38088AF
:10BCE0008A8840F2F313984294BF031AC31A93420E
:10BCF00006D800F2F310904234BF002001207047B4
:10BD0000002070470388122B70B5014659D004D823
:10BD1000102B1ED0112B44D070BD502BFCD12F4BBB
:10BD2000C288DB899A42F7D1038A022BF4D1868834
:10BD30003046FFF761FF05460028EDD001F1120003
:10BD400000F079F938BB6868FCF793FA0028E3D073
:10BD500009E0C37B012BDFD14FF6FF70FFF74CFFEB
:10BD6000054620B90420BDE87040FFF74FBF1C4ACC
:10BD70008E880680002303721368C0F80A30536867
:10BD8000C0F80E3010310A30FFF7A2FF134B687273
:10BD9000DB89002BC0D129463046BDE87040FFF753
:10BDA00073BF8088FFF728FF04460028B4D040689E
:10BDB000FCF75FFA08B1FFF729FF4FF6FF73238006
:10BDC000AAE786883046FFF717FF05460028A3D06C
:10BDD00008310A30FFF77CFF6872DCE718AA0220FE
:10BDE00048AA0220F8B5064648B305460FCD154FC0
:10BDF0003C460FC495E8070084E807003068124C01
:10BE00003C60B0B1FFF7F3FEC0B93268136823603D
:10BE1000536863600D480E4A4FF6FF7303800D4B65
:10BE200040F8043F0021FCF7E7F9002818BF032081
:10BE300004E02046FFF7DDFE0028EBD0F8BD0E2021
:10BE4000FCE700BF18AA022048AA022034AA022058
:10BE50001DBC020050AA02200AB1FCF71FBEFCF76D
:10BE600026BE73B50191019C06466CB100252C4697
:10BE7000294601A8FCF725FE18B106EB440301345E
:10BE80009D800135142DF3D13046346002B070BD71
:10BE90002DE9F04703888488103B8CB005460A2BB7
:10BEA0001FD8DFE803F0063F1E1E1E1E1E1E1E606A
:10BEB0004400314EB368DB43009371686846FCF779
:10BEC0002CFE009901A8FFF7CCFF0DF108094FF0F7
:10BED0000008019B984507D3132C13D90420FCF7C5
:10BEE00045F80CB0BDE8F08739F802AB0027013700
:10BEF000514606EB8700FCF7DAFD1E2FF7D108F15B
:10BF00000108E6E71D482146FCF7C8FD1C4821460C
:10BF1000FCF7C4FDEB7B022BE3D11A482146FCF76A
:10BF2000BDFDDEE715482146FCF7C1FDD9E7027AE1
:10BF300015483F2A4FEA1215214694BF00220122DC
:10BF4000FFF78AFF022D94BF002201220F482146ED
:10BF5000FFF782FF012D0E4894BF002201222146E7
:10BF6000FFF77AFFBDE7037A002BBAD1427A064881
:10BF7000C2F3C0022146F3E770AA022078AA022089
:10BF800074AA02207CAA022088AA022084AA022085
:10BF900080AA02201328014602D80248FCF791BD6E
:10BFA0000020704774AA022010B50446FFF7F2FF84
:10BFB000002814BF2046142010BD70B50546164653
:10BFC00008460AB90E2070BD00231360002DF9D079
:10BFD0002B68002BF6D0EB8813F003040ED1FFF78B
:10BFE000E3FFC0B214280BD02B7983420AD9EB8827
:10BFF0002A6800FB032030602046E4E70720E2E7E0
:10C000000520E0E70420DEE7AADF704700230138BF
:10C010000B70042806D8DFE800F00306080A0C00BD
:10C0200011230B7070472123FBE73123F9E712231B
:10C03000F7E72223F5E7007800F001007047F0B53C
:10C040008B7891B0012B0C4638BF01238DF80E3050
:10C0500005460B88ADF80C300021164668460322D1
:10C0600001F0A5FC607C6946FFF7D0FFA07C0DF1D4
:10C070000101FFF7CBFFE27B237B217D43EAC20373
:10C08000227C43EA02139DF80220002922F01902C3
:10C0900003F0190314BF02210121134361F342038A
:10C0A0001C22002109A88DF8023001F080FC637B7E
:10C0B00013F0300F15D002AF03220021384601F0F3
:10C0C00076FCE07C0DF10901FFF7A0FF11238DF84C
:10C0D00008309DF80A300E97012262F342038DF872
:10C0E0000A30637B8DF824301422A37B8DF8253031
:10C0F000002104A801F05BFC03AB0493A388ADF816
:10C100001C30A368CDF814D01BB1E288ADF818201C
:10C110000893A369002B31D001AF032200213846D8
:10C1200001F045FCA3691A88ADF82C205A88ADF8B7
:10C130002E205A680D97187B0A923946FFF766FF42
:10C14000A3690DF10501587BFFF760FFA269917AA1
:10C15000137A43EAC103D17A927B43EA01139DF833
:10C160000610002A03F0190321F0190114BF02225E
:10C1700001220B4362F342038DF80630E36903B1F9
:10C180000C93334604AA09A92846FFF73DFF11B0D6
:10C19000F0BD90DF7047A5DF7047B5DF7047000046
:10C1A0007FB50023ADF80810ADF80A106A4602A961
:10C1B000064603930093ADF80430FFF7EAFF054607
:10C1C00000B3124B124CE41AE408FDF729F82404DA
:10C1D00044F0010403460F4932462046FBF7F9FBC1
:10C1E000BDF80020BDF8023052EA030103D00A492D
:10C1F0002046FBF7EEFBBDF804201AB107492046A4
:10C20000FBF7DEFB284604B070BD00BF84E10200EE
:10C21000ECE1020094E90200DEE902001DEA0200FE
:10C2200080B14FF0F7130360FB230371F723C38042
:10C230001723038141F6FB32002301614381828190
:10C24000184670470E20704730B1A1F11703E02B5C
:10C2500004D80180002070470E20704707207047E7
:10C2600013B5034680880C46A0B91A88242A75D0D5
:10C2700012D8112A51D0232A7DD0102A3AD0A37A7D
:10C2800043B1E1880020FFF786FF002879D14FF401
:10C290008073638102B010BD3A2A47D0552AEED18F
:10C2A000DB88C988A072172B38BF17238B4228BFA1
:10C2B0000B462381FFF771FF60B1FCF7B1FF394BEB
:10C2C0003949024639481B1ADB081B0443F00100B8
:10C2D000FBF776FBE37A002BD1D12369002BCED07C
:10C2E00040F6772200922289ADF804206946204664
:10C2F0009847C4E7DB7B09792173012B08D0022B17
:10C3000009D0637B8B42BAD20020FFF749FFB6E722
:10C310002388E380F5E76388FBE7F723CB801723C7
:10C320000B8141F6FB3348818B81A8E75B89CA8882
:10C33000934228BF1346172B0A6938BF17230B8176
:10C340004AB1C97A39B140F677210091ADF804308D
:10C350006946204690470023638190E71A7A0B696B
:10C360004A73002B8BD04DF67A218DF80500009191
:10C370008DF80420BAE7197A237B994228BF194621
:10C38000C3E7112886D0FCF74BFF064B084902464D
:10C3900006481B1ADB081B0443F00100FBF710FBE7
:10C3A00078E700BFECE1020073EA020084E10200DA
:10C3B000A2EA0200B0DF704766DF704710B50021C7
:10C3C00004464088FFF7F8FF034608B9237210BD02
:10C3D000112801D10123F9E76368BDE8104018472F
:10C3E00060B159B10378DE2B0AD00B684360DE23BD
:10C3F00003704FF6FF734380002070470E20704794
:10C400000820704728B10378DE2B04D1418000203A
:10C4100070470E20704708207047F0B5054685B07C
:10C420000C46F1B1E8B10B78DE2B1AD182884B882B
:10C430009A4204D10B7A13B10846FFF7BFFF2B884D
:10C44000112B32D0512B0ED0012B0AD12B7A012B7C
:10C4500007D1A9886288914203D123722046FFF751
:10C46000ADFF05B0F0BDAE886388B342F9D1AF79B6
:10C47000022FF6D1AD7B2B1F022BF2D80021102208
:10C48000684601F094FA052D14BF4FF4C0730023E1
:10C49000694630468DF80070ADF80430FFF78AFF2A
:10C4A0000028DED063689847DBE76388AA889A4251
:10C4B00004BF4FF6FF736380D3E7A8DF7047ADDF9B
:10C4C0007047AEDF704762DF704770B505468AB0CF
:10C4D0000C46002962D0002860D00388502B37D04A
:10C4E000572B72D0102B59D181886069002601AA80
:10C4F0000196FFF762FD082231460DEB020001F0C4
:10C5000056FA02232189A888CDF80CD002AA0293FA
:10C51000FFF7D5FF002841D1A369002B3ED0039837
:10C52000FFF789FD002839D0019B0BB101221A7059
:10C530001822002104A801F03AFA02238DF81030E5
:10C54000AB88ADF81830019B05940793A36923E0ED
:10C550008188606902AAFFF730FD1822002104A833
:10C5600001F025FAAB882189ADF81830EB88029AE2
:10C5700005949942079218D12E8A022E15D16AB1DC
:10C5800005F11200FFF757FD029B48B101221A7016
:10C590008DF81060A3690BB104A898470AB070BD6C
:10C5A000187003238DF81030F4E7A2899A42F5D170
:10C5B000A369002BF2D000228DF8102005F11202A1
:10C5C00008922A8AADF82420E6E78188606902AAE9
:10C5D000FFF7F3FC01460028E0D1029B1B78002BFB
:10C5E000DCD0A369002BD9D0182204A801F0DFF910
:10C5F00001238DF81030AB88ADF818300594029BFC
:10C60000A3E70000F0B53A4B8FB002AD04460A46EE
:10C6100003F1100C2F46186859682E4603C60833DC
:10C6200063453546F7D1002C5FD0002A5DD01368F2
:10C63000A36121463846FFF746FF002853D1224622
:10C64000012512F8023B8DF8063001A92846ADF805
:10C650000450FFF732FF002845D10146202206A8EA
:10C6600001F0A5F922460223ADF8183012F80C3B70
:10C670008DF81A30BDF824301E4E6088079623F4DA
:10C680004F6323F00F0343F440632B4306A9ADF837
:10C6900024308DF829508DF82A50FFF7D0FC10BBBC
:10C6A0000146202206A801F082F922460323ADF8B4
:10C6B000183012F8043B8DF81A30BDF82430608829
:10C6C000079623F4875323F01F0343F480532B432F
:10C6D000ADF8243006A940F201138DF82950ADF8C9
:10C6E0002A30FFF7ACFC0FB0F0BD0E20FBE700BF17
:10C6F000E8EA0200F4000100F0B50F4687B01646E4
:10C700001C46054618B3406901AA1946FFF755FCB7
:10C71000D8B94FF6FF739C421BD0019BCBB11B785D
:10C72000CBB13388F42B18D80146102202A801F0AF
:10C730003EF9AB88ADF8083002A901232046CDE9C7
:10C7400004678DF80A30FFF7BCFE07B0F0BD0E207D
:10C75000FBE70520F9E70820F7E70720F5E710DFFA
:10C760007047000013B5044609496846FCF7FDFC14
:10C77000019808B902B010BDD0E9002120469047C9
:10C7800018B16846FCF7FBFCF2E71120F2E700BFA6
:10C7900004EB020013B5044607496846FCF7E5FCC4
:10C7A000019B0BB902B010BD2046D3E90021904790
:10C7B0006846FCF7E4FCF3E71CEB02000B4991F838
:10C7C00016335A09EC231341DB0706D5084B9A6848
:10C7D0003AB94FF480030B60704742F20200FBF756
:10C7E000C5BB1A6842F480021A60704700E100E09D
:10C7F00008A60220F7B5194F3C7864BB184E0125F6
:10C8000020463570FFF7AEFF112821D02046FFF7F4
:10C81000C1FF144B8DF80340186801900DF103001F
:10C82000FBF73CFF104901A8FFF799FF0446B0FA57
:10C8300080F0400938709DF80300FBF753FF3CB9C6
:10C840000A4B34701C70FFF7B9FF2846FFF7A2FFB0
:10C85000204603B0F0BD0824FAE700BFEDAA02208D
:10C86000ECAA022000EB0200897F0200EEAA02205F
:10C87000014B1878704700BFEDAA022007B50849A0
:10C880006846FCF772FC019B13B903B05DF804FB2A
:10C89000D3E9002090476846FCF771FCF3E700BF3E
:10C8A00010EB0200FFF7EABF60DF704769DF7047F7
:10C8B00061DF704730B5114DADF5017D4FF4FA746D
:10C8C0000DF1020103A8ADF80240FFF7F1FF70B9C6
:10C8D000294601A8FCF749FC029B002BF0D003A8D5
:10C8E000D3E90021904701A8FCF749FCF4E70528AB
:10C8F00001D0FBF73BFB0DF5017D30BDA4ED02003F
:10C90000024B1B780BB1FFF7D5BF7047EFAA02208F
:10C9100030B5054685B00C46002900F0B5805B4B6C
:10C920000B600C22002101A801F041F801238DF8D1
:10C93000063022688DF80450062301A92020ADF8A6
:10C940000830FFF7B3FF60B1FCF76AFC504B514968
:10C95000024651481B1ADB081B0443F00100FBF799
:10C960002FF80C22002101A801F021F801238DF8F5
:10C9700005302268002301A94020ADF80630FFF7FA
:10C9800095FF60B1FCF74CFC414B444902464248DC
:10C990001B1ADB081B0443F00100FBF711F80C2203
:10C9A000002101A801F003F8F72322688DF8045054
:10C9B00001A92320ADF80630FFF778FF60B1FCF73E
:10C9C0002FFC334B3649024633481B1ADB081B0445
:10C9D00043F00100FAF7F4FF0C22002101A800F057
:10C9E000E6FF012022688DF8040001A9FFF75EFF31
:10C9F00060B1FCF715FC264B2A49024626481B1A53
:10CA0000DB081B0443F00100FAF7DAFF0C220021D7
:10CA100001A800F0CCFF4FF4B0632268019301A994
:10CA2000A120FFF743FF60B1FCF7FAFB184B1E494A
:10CA3000024619481B1ADB081B0443F00100FAF7F1
:10CA4000BFFF0C22002101A800F0B1FF9DF80430C7
:10CA500022686FF3000301A9A0208DF80430FFF7CE
:10CA600025FF034668B1FCF7DBFB094B0F49024683
:10CA700009481B1ADB081B0443F00100FAF7A0FF6A
:10CA80000023184605B030BD0E23FAE7E82A00203F
:10CA9000FCE1020028EB020084E102006EEB0200E0
:10CAA000BAEB020001EC02004DEC02009EEC020029
:10CAB00073B505460668FFF7F7FE2B68B3420446D8
:10CAC0001DD91A481A4B1B491B1ADB081B0443F0DB
:10CAD00002000190FAF770FF2B681749019832465F
:10CAE000FAF777FF4FF080532A68D3F80C311349D7
:10CAF00001989B0203F100539A1AFAF761FF2CB9CF
:10CB00000F4B01221A70204602B070BD2046FCF780
:10CB100087FB074B0B49024604481B1ADB081B0422
:10CB200043F00100FAF74CFFEDE700BF84E102009B
:10CB3000FCE10200F1EC020020ED020051ED0200E8
:10CB4000EFAA02207BED02004BDF70471FB50D4CB2
:10CB500001A8FFF7F9FF70B9214602A8FCF705FB11
:10CB6000039B002BF4D00198D3E90021904702A841
:10CB7000FCF705FBF4E7052801D0FBF7F7F904B053
:10CB800010BD00BFBCED02002DE9F3414E08044684
:10CB90000D4600EB86060027B4420AD1EB0705D507
:10CBA000B4F90030002BBCBF0023238002B0BDE8E5
:10CBB000F08104220DEB0200214600F0CFFE019A25
:10CBC00002F0802304F104084FEAF333D7FA13F399
:10CBD00022EA0303042220460DEB0201019344469E
:10CBE00000F0BCFED8E72DE9F04F8FB01546099351
:10CBF000BDF860300293BDF864300393099B059043
:10CC00009B0807931A9B03F108081B9B03F1080973
:10CC1000530800EB83021B010A93079B08920C4602
:10CC20000693069B13BB1B9B079A03EBC2081A9B38
:10CC300003EBC2030193099B03F0030308EB4303D7
:10CC40000693059BAE084FEA450B04EBC60905F0B9
:10CC5000030503EBC60606EB45030493069B9845C4
:10CC600040F0878000200FB0BDE8F08F029A38F9BD
:10CC7000083C38F9047C38F9026C9340019338F988
:10CC8000063C03FA02FB059B97409640A246089A91
:10CC9000934236D10A9B1C44EB0712D5B2F90030FF
:10CCA0000198224632F8081B13FB010101916188AB
:10CCB00013FB01BBA18813FB0177E188144613FB2A
:10CCC0000166039A019B134103F30F0329F8083C03
:10CCD0004BFA02F303F30F0329F8063C069B013BD2
:10CCE0009BB21741164107F30F0706F30F0629F809
:10CCF000047C29F8026C069308F1080809F1080978
:10CD00008FE7194604220DA8049300F027FE049B28
:10CD100004330B9351460D9B049304220DA800F09D
:10CD20001DFE0D9A049B019923FB021304220AEBBA
:10CD300002010DA8019300F011FE0D9A049B23FB44
:10CD400002BB04220AF108010DA800F007FE0D9AAB
:10CD5000049B23FB027704220AF10C010DA800F0CA
:10CD6000FDFD0AF1100A0D9A049B23FB02660B9B42
:10CD70008DE7019BDDF814A033F9025B0193029B60
:10CD800027469D404F454A460CD133460499994267
:10CD90002DD1039B5C441D41D94405F30F0528F8B0
:10CDA000025B5BE7394604220DA800F0D7FD0D9B1E
:10CDB0000793042251460DA800F0D0FD0D9A079B61
:10CDC00022FB03550422B9180DA800F0C7FD042268
:10CDD0000D9B07930AEB02010DA800F0BFFD083779
:10CDE0000D9A079B0AF1080A22FB0355CAE733F89C
:10CDF000020B32F8021B10FB0155C7E74FF0A043AE
:10CE00000C22C3F82C27704707B500F0BBFA4FF48B
:10CE100080410020FAF738FC08B1FBF7A7F8FAF7D1
:10CE200073FB00F003FA0DF1030000F001FBFCF7C7
:10CE30007DF908B1FBF79AF800F076FA00F000FAF5
:10CE400000F08AFA00F024FA00F0C2FA00F044FA86
:10CE5000FFF7D4FF00F016FB00F05EFB00F04EFB86
:10CE600000F002FB0F4A1048D368104C43F0807367
:10CE7000D36000F02DFD002301934FF0A045D5F8BD
:10CE8000103513F40063FAD16360236843F00103A3
:10CE9000236000F0CFFB63680193D5F810351B05C4
:10CEA000FBD5ECE7F0ED00E0C8ED0200001000E07B
:10CEB00076DF70477ADF70477CDF70477FDF70472F
:10CEC0008FDF7047B1DF704733DF7047FBF74EB835
:10CED0000388212B13B504463DD007D8112B2BD046
:10CEE000132B40D0102B0CD002B010BD522B42D0CF
:10CEF000562B01D03B2BF7D1A0881321FFF7D8FF89
:10CF000015E0214B21482249C01AC008000440F016
:10CF10000300FAF751FD0720FEF726F808B1FBF7EA
:10CF200025F81C4BA1881C481980FFF76BFA0028D4
:10CF3000DAD0FBF71BF8D7E7134B14481749C01A90
:10CF4000C008000440F00300FAF736FD114B4FF61D
:10CF5000FF721A80C8E7002301A98088ADF8043069
:10CF6000FFF7AEFFE3E70B4800231A468521008850
:10CF7000FFF7A4FFDBE7074800231A46194600889D
:10CF8000FFF7A0FFD3E700BF84E10200C4E1020085
:10CF9000E1ED0200BA2B0020C4B40220EBED020048
:10CFA00008B50020FDF7E0FF08B1FAF7DFFFFEF754
:10CFB000BDF808B1FAF7DAFFFFF786FF18B1BDE850
:10CFC0000840FAF7D3BF08BD08B503784BB9054B45
:10CFD0003B211888FFF76CFF18B1BDE80840FAF74D
:10CFE000C5BF08BDBA2B00202DE9F04105780646E3
:10CFF00045BB154C154BDFF85880E41AE4082404AF
:10D0000044F00104B28A95420AD33369134413F8F9
:10D01000013C0D2B16D10A20FBF718FB1128F9E76C
:10D020003369585DFBF712FB074648B11128F7D06A
:10D03000024641462046FAF7C3FC3846FAF796FF07
:10D040000135DFE7BDE8F081C4E1020084E10200C0
:10D05000F8ED02000D4B4A881B889A4214D10A88C9
:10D0600040F677239A420FD18B88094A09480A492A
:10D07000033B9BB21380094A801AC00800041A4679
:10D0800040F00300FAF7A5BC704700BFBA2B0020A0
:10D09000B82B0020C4E1020023EE020084E102006C
:10D0A000072808B513D00A280DD0042819D10D4B34
:10D0B00013211888FFF7FCFE30F0080311D0BDE8FB
:10D0C0000840FAF753BFBDE80840FFF769BF054BBA
:10D0D0001A884FF6FF739A4203D10348FEF765FDA5
:10D0E000EAE708BDBA2B002044B0022008B548B1D9
:10D0F00003280BD10220FDF737FF38B1BDE8084007
:10D10000FAF734BFBDE80840FFF74ABF08BD00008A
:10D11000F7B50378012B33D0022B31D073BB1A4CF7
:10D120001A4D20782844FBF77BFA23780133DBB2D1
:10D130001D44237015F8012C0A2A05D00D2A03D0AE
:10D14000134A12889A4219D8012B15D9114D0F4E46
:10D15000114F2378ADF806300DF106022B883146C9
:10D160003846FFF7C9FA082806D01328F1D0052859
:10D1700002D008B1FAF7FAFE0023237003B0F0BD25
:10D180004068FAF7F3FEF9E73CB0022048AF02200E
:10D19000B82B0020BA2B0020BC2B002010B5037840
:10D1A00094B00446002B34D140680621FDF770FC92
:10D1B00008B1FAF7DBFE61684FF49670B1F90230FE
:10D1C000B1F900200490B1F90A000390B1F9080008
:10D1D0000290B1F906000190B1F90410009107A87E
:10D1E0000D4900F095FB0D4BADF81A001B880C485B
:10D1F0000DF11A0207A9FFF77FFA0528034604D0AC
:10D2000033F0080301D0FAF7B1FE064A1368013380
:10D21000136014B010BD00BF3FEE0200BA2B002017
:10D22000BC2B002040B00220FAF7A0BE08B5FAF7E8
:10D23000B1FF18B1BDE80840FAF798BE08BD00007C
:10D240001FB5112310488DF8043000F005FC0E497D
:10D2500082B201A8FFF730FE08B1FAF787FE082274
:10D260000DEB0200002100F0A2FB084A4FF0C8734A
:10D2700002A8CDE90223FFF71DFE08B1FAF776FEFA
:10D2800005B05DF804FB00BF5EEE020010003C003C
:10D2900007B50D4B0D48019301A9FFF7A1F808B19F
:10D2A000FAF764FE00210422684600F080FB084B78
:10D2B000084800936946FFF7A5F908B1FAF756FE4A
:10D2C00003B05DF804FB00BFCDCE0200C4B4022061
:10D2D000E9CF0200BC2B002000B589B01C22002140
:10D2E00001A800F064FB00234FF4A032CDE9013225
:10D2F000ADF812304FF4F0228DF81430084B039241
:10D3000006930322074B8DF8102001A80793FEF720
:10D3100069FD08B1FAF72AFE09B05DF804FB00BF09
:10D32000C9CF020029D2020007B5FFF763FA08B19E
:10D33000FAF71CFE002301A901200193FFF7E8FA88
:10D3400008B1FAF713FE01A8FFF7B2FB08B1FAF72C
:10D350000DFE03B05DF804FB08B508490848FEF768
:10D360005FFF08B1FAF702FE0548F721FEF76CFFF0
:10D3700018B1BDE80840FAF7F9BD08BD55D0020064
:10D38000A8B4022030B50E4D0FCD8BB004AC0FC445
:10D3900095E803000B4B0C4A00934FF4807384E82C
:10D3A0000300CDE902230193084A0723694604A834
:10D3B000FBF7DEF808B1FAF7D9FD0BB030BD00BFBE
:10D3C0006CEE0200D0B40220D0B5022011D10200D0
:10D3D00000B5ADB0AC22002101A800F0E8FA0223AC
:10D3E0008DF804304FF4A0630E4AADF806300123E7
:10D3F000ADF8503015928DF88030402244F25063E1
:10D40000CDE923230848094B2A9301A9FEF70FFA17
:10D4100008B1FAF7ABFD04480121FEF705FA2DB07B
:10D420005DF804FBB42B002044B00220EDD00200D4
:10D4300013B504460B490320FDF7A2FD08B1FAF726
:10D4400095FD0DF107010020FDF780FE08B1FAF708
:10D450008DFD9DF807309A1E53425341237002B050
:10D4600010BD00BFA1D0020008B505480321FEF79A
:10D4700055FA18B1BDE80840FAF778BD08BD00BFFD
:10D4800044B0022013B5FDF7C3FB044620B1FAF700
:10D490006DFD2046FAF76AFD134B1448D3F81025AA
:10D4A0000021D2B220FA02F2009101231048FDF7C8
:10D4B00056F90F48FDF72CF9FDF7DCFA04460D4844
:10D4C000FDF73AFB08B1FAF751FD0A4B0A49187803
:10D4D0002246FDF765FB20B102B0BDE81040FAF727
:10D4E00045BD02B010BD00BF00A0014000350C00DA
:10D4F000C0EE0200C0B4022040A1014008B5054BB7
:10D500001878FDF76DFB18B1BDE80840FAF72EBD9D
:10D5100008BD00BFC0B4022030B5424B95B01C46D8
:10D520001868019054F8040F022261688DF80420F5
:10D530001D4602AA03C255F80D0F217A11706968C1
:10D5400005AC03C4297A21701D4608AC55F8160FA6
:10D55000696803C4297A21701D460BAC55F81F0F6A
:10D56000696803C4297A21701D464FF48172ADF8B1
:10D570000A20ADF81620ADF82220ADF82E2055F87F
:10D58000280F69680EAC03C453F8310F297A217053
:10D5900059681B7AADF83A2011AC03C422492370B4
:10D5A00001A8ADF84620FDF7D5F908B1FAF7DEFC81
:10D5B00002A90020FDF716FA08B1FAF7D7FC05A971
:10D5C0000120FDF70FFA08B1FAF7D0FC08A90220F4
:10D5D000FDF708FA08B1FAF7C9FC0BA90320FDF71B
:10D5E00001FA08B1FAF7C2FC0EA90420FDF7FAF916
:10D5F00008B1FAF7BBFC11A90520FDF7F3F908B152
:10D60000FAF7B4FC09480621FDF742FA08B1FAF727
:10D61000ADFC07480621FDF73BFA08B1FAF7A6FC76
:10D6200015B030BD84EE02009DD1020078B4022016
:10D6300084B40220F0B51D481D4D1E4C1E4E1F4FD8
:10D6400087B000F045F91E4B029314220723CDE961
:10D6500000321C49049464234FF4447203951A4821
:10D66000FFF7C1FA64212846FFF78EFA174800F049
:10D670002FF9174B049402930F210223154C0394A6
:10D68000CDE90031284614490A236422FFF7ABFA9A
:10D69000002536F9022B34F9021B3846013500F01B
:10D6A00017F90A2DF5D107B0F0BD00BFC8EE020092
:10D6B00070C10220D0B602202C9F0220ECEE0200A6
:10D6C000E02B0020A82C00200C990220DFEE0200A5
:10D6D0002891022050BB02203C91022053EA020C08
:10D6E00061D02DE9F04BB3FA83F51E0007BFB2FA03
:10D6F00082F502FA05F403FA05F41646C5F1200591
:10D700001EBF22FA05F73C43203556EA044C4FEA87
:10D71000144418BF0134A3464FF00009C846904294
:10D7200071EB030C39D3094207BFB0FA80F700FA56
:10D7300007F6B1FA81F701FA07F6C7F120071EBF15
:10D7400020FA07FC46EA0C062037B6FBFBFC7F1BE1
:10D75000103F07F01F04C4F120060CFA04F42CFA61
:10D7600006F644BF34460026202FA4BF26460024D8
:10D7700054EA060C08BF012418EB040849EB06091B
:10D78000A4FB027CC01B06FB02CC04FB03CC71EBA8
:10D790000C01904271EB030CC5D20B460246494680
:10D7A0004046BDE8F08BB2FBF3F200007F2805D8BD
:10D7B000034B185C034B5B5C1840704700207047BC
:10D7C00004EF020084EF0200A0F16103192B98BF5F
:10D7D00020387047A0F14103192B98BF20307047C3
:10D7E0007F2805D8034B185C034B5B5C18407047DF
:10D7F0000020704704EF020084EF0200A0F16103F3
:10D80000192B98BF20387047A0F14103192B98BFFE
:10D81000203070477F299ABF017001206FF02E00E1
:10D8200070475AB10A787F2A0AD800B102600021F5
:10D8300019605960501A18BF0120704700207047C6
:10D840006FF02E00704738B504460846A26842B112
:10D85000236861685D1C8D4208BF00208B4208D29E
:10D86000D054E3682BB121686268914201D221460D
:10D87000984723680133236038BD70B54C1E09D426
:10D880001646C5B229463046FFF7DDFF013CB4F12C
:10D89000FF3FF7D170BD10F0100F08D108B510F49C
:10D8A000007F14BF30202020FFF7E7FF08BD70473E
:10D8B00008B5034B5B689B681B68984708BD00BFB1
:10D8C000409F022008B50921FFF7F2FF08BD0000C4
:10D8D0000FB410B586B008AB53F8044B0593002382
:10D8E00003936FF000430293084B049300F0FEFB98
:10D8F000059A214601A800F0DFF8044600F0F7FB86
:10D90000204606B0BDE8104004B0704735920200D2
:10D910000EB400B586B007AA52F8041B0592039016
:10D92000002304936FF00043029301A800F0C4F8B1
:10D9300006B05DF804EB03B07047037853B159B1FA
:10D940000144034613F8012F12B18B42FAD10B4662
:10D95000181A70470346FBE70346F9E7844640EA96
:10D96000010313F0030F18D18446202A0BD32DE9AD
:10D97000F007B1E8F807A0E8F807A2F12002202A92
:10D98000F7D2BDE8F007042A07D351F8043B40F86A
:10D99000043BA2F10402042AF7D2002A05D011F8B0
:10D9A000013B00F8013B013AF9D1604670478446DB
:10D9B000002A2DD010F0030F04D000F8011B013A0B
:10D9C00026D0F7E7C9B241EA012141EA0141202A04
:10D9D00012D3A2F120022DE9F0030B460C460D46AE
:10D9E0000E460F4688468946A0E8FA03203AFBD245
:10D9F000BDE8F00320320BD0042A05D340F8041B05
:10DA0000043A05D0042AF9D200F8011B013AFBD1EF
:10DA100060467047024610F0030F16D111F0030F55
:10DA200013D12DE9F0004FF001374FF0803351F85A
:10DA3000044BA4EB070525EA04051D4002D142F87A
:10DA4000044BF4E7A1F10401F0BC11F8013B02F82A
:10DA5000013B002BF9D1704700F1010110F0030FD9
:10DA600011D010F8012B002A23D010F0030F0AD098
:10DA700010F8012B002A1CD010F0030F03D010F86F
:10DA8000012B002A15D02DE970004FF001324FF024
:10DA9000803350F8044BA4EB020525EA04051D4031
:10DAA00000D1F6E7A0F1040070BC10F8012B002AA9
:10DAB000FBD1A0EB010070472DE9F04F89B007467C
:10DAC0000392002303600C4614F8011B002900F0A8
:10DAD000FA82DFF814B5E9E2002507E05E2868D194
:10DAE00045F4805501E045F040051C46234613F8F7
:10DAF000010B3028F2D81F2837D9A0F12002102AB4
:10DB000033D801A151F822F0E7DA02006BDB020002
:10DB10006BDB02004DDB02006BDB02006BDB020003
:10DB20006BDB020053DB02006BDB02006BDB0200ED
:10DB30006BDB020059DB02006BDB02005FDB0200E3
:10DB40006BDB02006BDB020065DB020045F0800549
:10DB5000CBE745F40045C8E745F02005C5E745F0AB
:10DB60001005C2E745F40075BFE72A2821D1039AC2
:10DB7000111D0391D2F800A0BAF1000FBCBFCAF189
:10DB8000000A45F010051878A31C2AEAEA7A2E2824
:10DB900026D00021742847D07A2845D06C2800F080
:10DBA000A8804C2800F0AB80682800F0B8801C46A4
:10DBB0003DE0A0F13002D2B2092A88BF4FF0000A3E
:10DBC000E3D84FF0000A0AEB8A0A303800EB4A0A21
:10DBD00013F8010BA0F13002D2B2092AF3D9D4E72D
:10DBE00018782A280AD1039A111D039111685878D0
:10DBF00002330029CEDB45F48075CBE70133A0F179
:10DC00003002D2B2092A88BF0021F4D8002101EBEA
:10DC10008101303800EB410113F8010BA0F1300213
:10DC2000D2B2092AF3D9E4E71C4614F8010B002804
:10DC300000F05582A0F12503DBB2532B62D8A0F18E
:10DC40002503532B5ED8DFE813F076005D005D00FE
:10DC50005D005D005D005D005D005D005D005D00DC
:10DC60005D005D005D005D005D005D005D005D00CC
:10DC70005D005D005D005D005D005D005D005D00BC
:10DC80005D005D005D005D005D005D005D005D00AC
:10DC90005D005D005D005D005D005D005D005D009C
:10DCA0005D005D005D005D005D005D005D005D008C
:10DCB000EB005D005D005D005D005D005D005D00EE
:10DCC0005D005D005D007B0020015D005D005D008A
:10DCD0005D0020015D005D005D005D0095000E01AE
:10DCE000D1005D005D00A6005D0019015D005D00D2
:10DCF000ED001C4614F8010B45F0010597E745F0CF
:10DD000001051C46B44B1E68002E00F0CC8103AB0D
:10DD10000193009153462A463946B047C3E118782B
:10DD2000682803D05C1C45F0040580E745F0080531
:10DD30009C1C58787BE725213846FFF784FDB2E12B
:10DD4000039B1A1D03921E780AF1FF3A3A46514688
:10DD50002846FFF7A0FD31463846FFF774FDA94677
:10DD600019F0100F00F09F813A4651462020FFF72E
:10DD700084FD98E115F0080F06D03A68039B191D41
:10DD800003911B681A708EE1039B1A1D03921B6896
:10DD90003A681A6087E1039B1A1D0392D3F800804A
:10DDA0008E4BB8F1000F08BF9846464625F400791F
:10DDB00015F4807F15D04046FFF7BFFD0546AAEB5E
:10DDC000050A3A4651464846FFF765FD002DC7D083
:10DDD000454416F8011B3846FFF735FDB542F8D12A
:10DDE000BEE74046FFF738FE0546E8E7039B1A1DED
:10DDF00003921B6815F0800F0CBF0026232645F404
:10DE0000807508211A46002B00F0298105AB4FF0E0
:10DE1000000805F4005CA64660468C460146D1E049
:10DE200045F4005515F0800F1BD043F2780643F2FD
:10DE30005803782818BF1E4615F4807F01D025F4BA
:10DE4000007515F4804F32D0039B1A1D03921B6896
:10DE500015F0040F1FD01BB2002B20DA5B422D26D9
:10DE60002DE00026E8E715F0800F0CBF00263026D5
:10DE700015F4807FE5D025F40075E2E715F4807F86
:10DE800007D025F400750026DBE745F48045002621
:10DE9000D7E70026D5E715F0080FDDD0DBB215F087
:10DEA000200F60D115F0400F18BF202607E0039B1C
:10DEB0001A1D03921B6815F0040F4FD09BB215F486
:10DEC000807F14BF25F4007501215838202800F206
:10DED000AE8001A252F820F005DE02002FE0020021
:10DEE0002FE002002FE002002FE002002FE00200EE
:10DEF0002FE002002FE002002FE002002FE00200DE
:10DF00002FE002002FE0020093DF02002FE002006A
:10DF10002FE002002FE002002FE0020093DF02005A
:10DF20002FE002002FE002002FE002002FE00200AD
:10DF30002FE002006BDF020005DE02002FE002008E
:10DF40002FE002002FE002002FE0020093DF02002A
:10DF50002FE002002FE0020005DE020015F0080F9E
:10DF6000ADD0DBB2ABE72B26A9E71A464FF000088D
:10DF7000002B5ED005A84FF0000803F007033033F4
:10DF800000F8013B08F10108D2081346002AF4D139
:10DF90004FE018464FF00008002B4AD04FF0000821
:10DFA00005F4004E4FF02C0973468E4619462FE0BB
:10DFB00002F00F000A4C205C03F8010B08F1010885
:10DFC000120906D00029F3D002F00F00054C205CA6
:10DFD000F2E7744661462CE090C7022058F1020037
:10DFE00038F1020048F10200CDCCCCCC08AB03EBF9
:10DFF000080CABFB0032D20802EB8203A0EB430318
:10E0000030330CF80C3C08F1010809280DD91046F2
:10E010000029EBD008F00303032BE7D108AB4344FE
:10E0200003F80C9C08F10108E0E7714601E04FF0AD
:10E030000008A1EB080121EAE179AAEB090AAAEBA1
:10E04000080AFF2E0ED9AAF1020AC6F307213846A4
:10E05000FFF7F9FBF1B23846FFF7F5FB04E04FF0AC
:10E060000008E6E7002E3DD13A4651462846FFF724
:10E0700012FC3A4649463020FFF7FFFBB8F1000F8B
:10E080000EDD0DF1140908F1FF38C84498F80010AE
:10E0900046463846FFF7D7FBC14508F1FF38F5D1B2
:10E0A00015F0100F09D114F8011B61B125293FF4B7
:10E0B00013AD3846FFF7C7FBF5E73A465146202037
:10E0C000FFF7DBFBEFE7BB682BB13A6879688A4260
:10E0D0003CBF00219954386809B0BDE8F08F4FF07B
:10E0E000FF30F9E70AF1FF3AB4E700BF7047704725
:08E0F000399602000000000057
:10E0F80091BE020000000000ADB002000000000068
:10E1080005BD02000000000041BB0200F0AA022089
:10E1180061C2020024AF022041BB020044B00220C9
:10E1280061C20200A8B402201BC402003CAF022056
:10E13800CBC40200902B00201BC40200C4B40220F0
:10E14800CBC40200BC2B0020D1CE0200000000008E
:08E15800D59602000000000052
:10E1600001C90200000000004DCB020000000000C9
:10E17000989F022060A0022068A00220A09F022099
:04E180001800000083
:10E1840026E90200000000002CE902000000000063
:10E194004EE902000000000033E902000000000024
:10E1A40048E902000000000042E90200000000000B
:10E1B40037E90200000000003CE902000000000012
:10E1C40065E20200000003033CE3020000000000DB
:10E1D40065E3020000000000E0EA02000000000025
:10E1E40020E9020000000000D3EA0200000003035B
:10E1F400F8EA02000000030398ED020000000303A4
:10E20400B0ED020000000303F6E30200000000008A
:08E214000CE402000000000010
:10E21C0038E202000000000044E20200E82A00207C
:10E22C00000000000338FDD870470000D5730200D1
:10E23C0041740200D17302007274745F6C6F675F7B
:10E24C006261636B656E64004261636B656E6473DF
:10E25C0020666C7573686564006170700000000066
:10E26C0088A402207F00000008A502201B5B306DF3
:10E27C00002573001B5B313B33316D0025734C6FF4
:10E28C0067732064726F707065642028256429257B
:10E29C00730D0A003C25733E2025733A200020257F
:10E2AC0030327800202020007C002563001B5B317D
:10E2BC003B33306D001B5B313B33326D001B5B31EC
:10E2CC003B33336D001B5B313B33346D001B5B31D7
:10E2DC003B33356D001B5B313B33366D001B5B31C3
:10E2EC003B33376D007761726E696E6700696E66DD
:10E2FC006F0064656275670078E20200B9E20200A3
:10E30C0080E20200C1E20200C9E20200D1E2020096
:10E31C00D9E20200E1E20200E9E2020000000000A2
:10E32C0052E30200F1E20200F9E20200FEE2020016
:10E33C006170705F627574746F6E0000F02A00205B
:10E34C00466174616C206572726F720053797374DC
:10E35C00656D207265736574006170705F74696DB2
:10E36C0065720000010006000000000054A50220A8
:10E37C005D800200FFFFFFFFFFFFFFFFFFFFFFFFBE
:10E38C00FFFFFFFF00000000000000000000D601AE
:10E39C000601000052544320696E7374616E63650C
:10E3AC0020616C726561647920696E697469616C55
:10E3BC00697A65642E005254433A20696E69746917
:10E3CC00616C697A65642E0000000000000000009A
:10E3DC00000000000338FDD870473031323334353B
:10E3EC00363738394142434445467077725F6D6722
:10E3FC006D74000058E1020058E1020004000000B6
:10E40C00736F72746C697374004E52465F5355434C
:10E41C0043455353004E52465F4552524F525F5341
:10E42C0056435F48414E444C45525F4D4953534906
:10E43C004E47004E52465F4552524F525F534F4625
:10E44C00544445564943455F4E4F545F454E4142F7
:10E45C004C4544004E52465F4552524F525F494E16
:10E46C005445524E414C004E52465F4552524F520B
:10E47C005F4E4F5F4D454D004E52465F4552524FD9
:10E48C00525F4E4F545F464F554E44004E52465FBE
:10E49C004552524F525F4E4F545F535550504F524E
:10E4AC00544544004E52465F4552524F525F494EBE
:10E4BC0056414C49445F504152414D004E52465FCB
:10E4CC004552524F525F494E56414C49445F53544A
:10E4DC00415445004E52465F4552524F525F494E91
:10E4EC0056414C49445F4C454E475448004E5246A9
:10E4FC005F4552524F525F494E56414C49445F461C
:10E50C004C414753004E52465F4552524F525F4961
:10E51C004E56414C49445F44415441004E52465F73
:10E52C004552524F525F444154415F53495A450042
:10E53C004E52465F4552524F525F54494D454F55CE
:10E54C0054004E52465F4552524F525F4E554C4C02
:10E55C00004E52465F4552524F525F464F5242490F
:10E56C004444454E004E52465F4552524F525F490D
:10E57C004E56414C49445F41444452004E52465F12
:10E58C004552524F525F42555359004E52465F45C9
:10E59C0052524F525F434F4E4E5F434F554E5400B5
:10E5AC004E52465F4552524F525F5245534F555251
:10E5BC00434553004E52465F4552524F525F4D4FAA
:10E5CC0044554C455F4E4F545F494E495449414C5C
:10E5DC00495A4544004E52465F4552524F525F4D88
:10E5EC00555445585F494E49545F4641494C454442
:10E5FC00004E52465F4552524F525F4D555445584E
:10E60C005F4C4F434B5F4641494C4544004E52468C
:10E61C005F4552524F525F4D555445585F554E4CC5
:10E62C004F434B5F4641494C4544004E52465F4573
:10E63C0052524F525F4D555445585F434F4E445FB5
:10E64C00494E49545F4641494C4544004E52465F41
:10E65C004552524F525F4D4F44554C455F414C52C1
:10E66C00454144595F494E495449414C495A4544E6
:10E67C00004E52465F4552524F525F53544F5241D7
:10E68C0047455F46554C4C004E52465F4552524FE3
:10E69C00525F4150495F4E4F545F494D504C454D70
:10E6AC00454E544544004E52465F4552524F525FC0
:10E6BC00464541545552455F4E4F545F454E41427D
:10E6CC004C4544004E52465F4552524F525F494FA3
:10E6DC005F50454E44494E47004E52465F4552529C
:10E6EC004F525F4452565F5457495F4552525F4FE9
:10E6FC0056455252554E004E52465F4552524F525D
:10E70C005F4452565F5457495F4552525F414E41E8
:10E71C00434B004E52465F4552524F525F44525645
:10E72C005F5457495F4552525F444E41434B004E34
:10E73C0052465F4552524F525F424C455F495053CF
:10E74C00505F52585F504B545F5452554E43415496
:10E75C004544004E52465F4552524F525F424C4523
:10E76C005F495053505F4348414E4E454C5F414CBE
:10E77C0052454144595F455849535453004E5246F3
:10E78C005F4552524F525F424C455F495053505F68
:10E79C004C494E4B5F444953434F4E4E45435445B1
:10E7AC0044004E52465F4552524F525F424C455FB9
:10E7BC00495053505F504545525F52454A4543546A
:10E7CC00454400556E6B6E6F776E206572726F727A
:10E7DC0020636F64650000000000000015E4020077
:10E7EC000100000021E40200020000003FE40200EE
:10E7FC000300000060E402000400000073E4020067
:10E80C000500000084E402000600000098E4020009
:10E81C0007000000B0E4020008000000C8E4020099
:10E82C0009000000E0E402000A000000F9E4020024
:10E83C000B00000011E502000C00000028E50200AE
:10E84C000D0000003CE502000E0000004EE5020049
:10E85C000F0000005DE502001000000071E50200F1
:10E86C001100000088E502001200000097E502008C
:10E87C0013000000ACE5020080000000C0E50200BF
:10E88C0081000000E1E5020082000000FDE50200CD
:10E89C008300000019E602008400000037E6020045
:10E8AC008500000058E60200860000007DE60200AC
:10E8BC009000000094E6020091000000B2E6020015
:10E8CC0092000000D0E6020000820000E5E60200A3
:10E8DC000182000003E70200028200001FE7020031
:10E8EC00008400003BE70200018400005FE70200A7
:10E8FC000284000089E7020003840000AEE70200F6
:10E90C000000000001010100000000000B0C1819B0
:10E91C000D0E0F10636C6F636B00434C4F434B0039
:10E92C004750494F544500505253005541525400E2
:10E93C0055415254450054494D45520053414144B0
:10E94C0043005050490000000B0003002DAC0200A6
:10E95C000C0003002DAC0200180003002DAC0200CB
:10E96C00190003002DAC0200302B0020502B00208E
:10E97C00702B00205465726D696E616C005254549A
:10E98C00005345474745520073645F626C655F678F
:10E99C0061705F646174615F6C656E6774685F75EC
:10E9AC0070646174652829202872657175657374AB
:10E9BC0029206F6E20636F6E6E656374696F6E20B5
:10E9CC00307825782072657475726E6564202573B5
:10E9DC002E005468652072657175657374656420CA
:10E9EC0054582F5258207061636B6574206C656E9F
:10E9FC0067746820697320746F6F206C6F6E67206A
:10EA0C0062792025752F2575206F63746574732EBC
:10EA1C000054686520726571756573746564206354
:10EA2C006F6D62696E6174696F6E206F66205458E9
:10EA3C0020616E64205258207061636B6574206C89
:10EA4C00656E6774687320697320746F6F206C6FC8
:10EA5C006E67206279202575206D6963726F73650E
:10EA6C00636F6E64732E0073645F626C655F6761C5
:10EA7C007474735F65786368616E67655F6D7475D8
:10EA8C005F7265706C7928292072657475726E6579
:10EA9C00642025732E0073645F626C655F6761741C
:10EAAC0074635F65786368616E67655F6D74755FCD
:10EABC007265717565737428292072657475726E30
:10EACC0065642025732E006E72665F626C655F67ED
:10EADC0061747400626C655F6E7573009ECADC2491
:10EAEC000EE5A9E093F3A3B50000406E6E72665F6D
:10EAFC00736468000100000758E1020058E102004D
:10EB0C000800000060E1020070E102000800000053
:10EB1C0058E1020060E102000800000073645F62CB
:10EB2C006C655F6366675F73657428292072657412
:10EB3C0075726E6564202573207768656E2061742C
:10EB4C0074656D7074696E6720746F2073657420C2
:10EB5C00424C455F434F4E4E5F4346475F474150E3
:10EB6C002E0073645F626C655F6366675F736574C8
:10EB7C0028292072657475726E6564202573207760
:10EB8C0068656E20617474656D7074696E6720744D
:10EB9C006F2073657420424C455F4741505F43467C
:10EBAC00475F524F4C455F434F554E542E00736494
:10EBBC005F626C655F6366675F736574282920729A
:10EBCC00657475726E6564202573207768656E2098
:10EBDC00617474656D7074696E6720746F207365F1
:10EBEC007420424C455F434F4E4E5F4346475F4750
:10EBFC004154542E0073645F626C655F6366675F9B
:10EC0C0073657428292072657475726E656420258D
:10EC1C0073207768656E20617474656D7074696EAD
:10EC2C006720746F2073657420424C455F434F4DD1
:10EC3C004D4F4E5F4346475F56535F555549442EE3
:10EC4C000073645F626C655F6366675F73657428ED
:10EC5C00292072657475726E65642025732077683F
:10EC6C00656E20617474656D7074696E6720746F65
:10EC7C002073657420424C455F47415454535F43A5
:10EC8C0046475F415454525F5441425F53495A4581
:10EC9C002E0073645F626C655F6366675F73657497
:10ECAC0028292072657475726E656420257320772F
:10ECBC0068656E20617474656D7074696E6720741C
:10ECCC006F2073657420424C455F47415454535F29
:10ECDC004346475F534552564943455F4348414E6F
:10ECEC004745442E00496E73756666696369656EA7
:10ECFC00742052414D20616C6C6F636174656420AB
:10ED0C00666F722074686520536F6674446576690B
:10ED1C0063652E004368616E6765207468652052D8
:10ED2C00414D207374617274206C6F636174696FF0
:10ED3C006E2066726F6D203078257820746F2030CD
:10ED4C007825782E004D6178696D756D2052414D96
:10ED5C002073697A6520666F72206170706C6963CC
:10ED6C006174696F6E20697320307825782E00737A
:10ED7C00645F626C655F656E61626C6528292072E8
:10ED8C00657475726E65642025732E006E72665FF5
:10ED9C007364685F626C6500F8E0020058E1020081
:10EDAC00080000006E72665F7364685F736F6300C7
:10EDBC00F0E00200F8E00200080000000D0A4164D7
:10EDCC00766572746973696E6720737461727465A9
:10EDDC00642E0D0A00436F6E6E65637465640044A7
:10EDEC006973636F6E6E6563746564004661696C0C
:10EDFC00656420726563656976696E67204E55534C
:10EE0C00206D6573736167652E204572726F722079
:10EE1C00307825782E200044617461206C656E205A
:10EE2C0069732073657420746F20307825582825F9
:10EE3C00642900443A2025642E2025642E20256464
:10EE4C002E2025642E2025642E2025642E2025645A
:10EE5C002E00425350574F4E5F4E5343000000005C
:10EE6C00080000000600000005000000070000007C
:10EE7C000000000000E0D7010100060000000000C7
:10EE8C00020000010000000000020000020000006F
:10EE9C000000020000050000000000020000060057
:10EEAC00000000000200000700000000000200004B
:10EEBC000800000000A001400006000070657266AA
:10EECC006F726D696E6720696E666572656E6365DB
:10EEDC000D0A00666332206F75747075740D0A002C
:10EEEC0025643A3A3A25640D0A00000043000000FC
:10EEFC00504F534958000000202020202020202073
:10EF0C00206828282828202020202020202020208D
:10EF1C00202020202020202048101010101010102D
:10EF2C001010101010101010848484848484848435
:10EF3C008484101010101010108181818181810146
:10EF4C0001010101010101010101010101010101A5
:10EF5C000101011010101010108282828282820234
:10EF6C000202020202020202020202020202020275
:10EF7C0002020210101010200007032004170201D7
:10EF8C000857104080000000F8EE0200FCEF020071
:10EF9C0010F1020053756E004D6F6E0054756500D4
:10EFAC0057656400546875004672690053617400BB
:10EFBC00000000004A616E00466562004D617200FF
:10EFCC00417072004D6179004A756E004A756C0093
:10EFDC0041756700536570004F6374004E6F760087
:10EFEC004465630000000000414D00504D000000DE
:10EFFC0034F1020030F1020030F1020030F1020075
:10F00C0030F1020030F1020030F1020030F1020068
:10F01C0030F1020030F10200FFFFFFFFFFFFFFFFA6
:10F02C00FFFFFFFFFFFF000070F00200A0EF0200E7
:10F03C00ACF00200C0EF0200F4EF020054F002004A
:10F04C0004F1020060F00200256D2F25642F257954
:10F05C000000000025612025622025652025542014
:10F06C002559000053756E646179004D6F6E6461B3
:10F07C00790054756573646179005765646E6573C6
:10F08C0064617900546875727364617900467269C1
:10F09C0064617900536174757264617900000000D9
:10F0AC004A616E756172790046656272756172793A
:10F0BC00004D6172636800417072696C004D61793A
:10F0CC00004A756E65004A756C79004175677573F9
:10F0DC00740053657074656D626572004F63746F74
:10F0EC00626572004E6F76656D6265720044656391
:10F0FC00656D62657200000025483A254D3A25532E
:10F10C0000000000ADD70200C9D70200D5D702001D
:10F11C00E1D70200FDD7020009D8020015D8020081
:10F12C0023D80200000000002E00000030313233E2
:10F13C003435363738396162636465663031323361
:10F14C00343536373839414243444546286E756C60
:03F15C006C29001B
:10F1600000000000FF0000000000000000000000A0
:10F17000FFFFFFFFFFFFFFFF000000000000000097
:10F180000000000000000000001001401100040019
:10F1900000000000002000400000000000200040AF
:10F1A000000000000090D0030000000000000000FC
:10F1B000FFFFFFFFFFFFFFFF000000000000000057
:10F1C000000000000000000000000000000000003F
:10F1D000FFFFFFFFFFFFFFFF000000000000000037
:10F1E000000000000000000000000000000000001F
:10F1F000FFFFFFFFFFFFFFFF000000000000000017
:10F2000000000000000000000000000000000000FE
:10F21000000000000000000000000000AC2B0020F7
:10F220000000000038AF02200100040001000200CD
:10F230001400FFFF000000000000000000000000BC
:10F240000000000000000000D82B0020000000009B
:10F25000BCB402200100040007014EFAF405DE0FE1
:10F260000EFBC5F91B0D8702A103B31BB10352FEB0
:10F270004DFF0E0D18046F04BB048D01EFFB8A03D4
:10F2800080F88615F00A580572019513D5094500D6
:10F2900093FC86FE670151FC6EFF6B0E65FCF30963
:10F2A0005FFE23027B0B75F7CB09A90C650DE80FF8
:10F2B00066FFD912560082F55C0A590431FD5D06DD
:10F2C00043FE4B0F380F4CFEE701B4FB71FB7E068B
:10F2D0005A0550F6DC040B013A04EEF9A612EB01D4
:10F2E0000F099E109DFB89FD9A0CA60323FC820347
:10F2F00098F9AB037F066FFA15FE58089DFCE806E7
:10F300007FFC73064E08CFFDB9FC370CFDFEBB0633
:10F3100015067AF230FD390BE7F62AFB5BFECCFDD1
:10F32000EF088B04F8F90F00FC08D802D4FCEBFDC1
:10F330003A00D8F959F83B03730A84FA73FE4AFE7F
:10F34000DA0668FDA8060FFFA2025EFA15F94AFE6A
:10F3500072F8CEF5ACF6840A8C093E04AF072C0394
:10F360002103EE027D0319FF65FCCB09290604F792
:10F37000E0F584051309D70468F89AF8BBFEEAFEA5
:10F380009A01F003890AF901CA0497051FF670F47F
:10F39000F1FD9A09940984FBAC0552F612099AF61C
:10F3A0007306D604FBFE82FC9B07C8FF3705CD041D
:10F3B0004C032203260299FF54FD6301AF017BFF3A
:10F3C000B3F7E308EDFBFC09400AE3FA7A079AFC7D
:10F3D000B5F7D5092204A40089FB4BFEFC0020F9F7
:10F3E000EDF984F7B803B4FFBB09E306BDF8A3F851
:10F3F000E5FFCBF813F862FD31F7F1FFEDF7C5FC3F
:10F400004CF763037EFA6202230835F874FE41FC70
:10F41000FB072C0ACAF99D00FFF55C029E03BDF7AD
:10F4200042037AFB27076A013BFEBD0A0A0085F604
:10F43000FCF628FCFCFF2200D80C5B043CFBA7F583
:10F44000B7F16CF6A309C3F94A12BA16BAF77900F4
:10F45000C6F392F9A9F59DF236052B0C6E000B0050
:10F46000FBEA5CF5E6FA82041B0E8D2864E8C9D835
:10F470002B09ACFFED0B8D018516D21019FEE400AF
:10F4800035F73EFA9DF2D8E7411835167600E204CA
:10F490001BF6ADF7E7F6D407EF0DEA0DA3FC1A0053
:10F4A0006CF9E8F3DB04C401C71A2E17CD04B3F9D5
:10F4B00002F69CF9440956FB7215C80081EF80EDF5
:10F4C00078040F03C0F77EFE43074203D2037E0A8F
:10F4D000B9F6ADF55A06E2060409070AFE02560916
:10F4E000F504630ACE0319049DF5C5F9BC006D0946
:10F4F00083F59CFE8509F507A6064B00510815FF0C
:10F50000CCFFE1052D0096FD1A0BE5026FFB44F3DD
:10F51000A7EDB1F613014AFF2913B314D7EFB7E9EA
:10F520004AEE3600FD00D3FE9C0D7FF56BE6BFEF83
:10F53000A7032FFECBE783F2B401CFFD3FEBE7E259
:10F54000B8E264F618E70A0E7F04A1F986E5D8E070
:10F55000FBF608F86612D405B20EA31598EB7DF6FB
:10F560008BFC3E0321F302F6FF0DAE1060096D0D1A
:10F57000AC01FC04140D5012261ECB1FDE02F30456
:10F58000BBFE90EE81100203A50E140D16FB6E0358
:10F59000BFEDC9F52BFD78EE7114C6199BF486F604
:10F5A00078009A0852EEDC031D01900786001EFFCA
:10F5B000AF06C90101033C014904F3FC5F024309A2
:10F5C0003303F8077DFF410649FBD7FE29081F00DA
:10F5D000E3F96BF789015E0AC5F90E0958F9DA0AF1
:10F5E000D3016F08E6012DF6EE03BFFD3BFAD9FC0F
:10F5F00021010E038CEBB8F7D803230D05EF4BEB7D
:10F600003801BFF86CE7C3F4840583F575E59EE720
:10F610002FF5930FC1F6EBE815015CFEE4D45CE630
:10F620007EF6AA045AFEB90287FE650AA8F22AE409
:10F630008B10EA10F8FB08F55C135E0F21EF29FD33
:10F640001D0446177DFF630C3C0C7907F2FE58043D
:10F65000A00D89FB2C0D8BF3F6140E244B145909C5
:10F6600071FD2BFA9604840A5619851F56111F0046
:10F670002DFEEDEFBFF14CE3120F9108B1FB71EDE0
:10F68000830C060323FA6D09F5051A07DFFCEF0367
:10F69000470562FF53106D03A50D73F6B9FA4E05C9
:10F6A0003907D7F9E6F773FBC3FFF0F7F3006604F9
:10F6B00096065D06A100DCFA9AEED9F73AFB8A0CB1
:10F6C000ADFC58FA98EF4C0277001AF088F361F31A
:10F6D000DE021C0858E995E9BAEC00FD93EA51F105
:10F6E00077FB6BFCA8E09ADDEDEFA1F7B4E83DE213
:10F6F0008D096809BAECF0090DFC4D01D6F840FE01
:10F700000503BAEFDFF87D009B0046FA57E3A7F246
:10F710007FF33B015105E0FFA2FDB50EEBF2FD04C6
:10F72000A5FB4A05CAF3A4EEF718040E0AFC600113
:10F73000DC089E0BB6F045E8A8139318850751071F
:10F740005301D10544EB19E73C1D2016C400DC062B
:10F750008203180DEFEF47FB3E116E12250E632357
:10F7600011116409C0082009690C641C8218CB0BB4
:10F77000ECF94D068A060C0CEA090AF6B6FF55F2BA
:10F78000BAFDE9FCBDF5570660FD9F00DEF7E2F922
:10F79000D5068AFC17F944FE37028F00BEF96804CB
:10F7A000370486F929F106080DEF75F8A1E92AE674
:10F7B00078F625EC7BF476FCBDF384FA27F582FF1E
:10F7C000A4EC46F537FE9D0248F87AFE32065F0645
:10F7D00017FC31126307370B8907080815F4C7F7C0
:10F7E000C20B6B03F303A105EFF10FFBFEF7BDFAAC
:10F7F0007DFF1A00CAF5C7F3ED05C80D9AE932EB93
:10F8000043FE0EFDB803D8FFF50E2825DDF390F872
:10F81000C5033DFF26FC57079E1406209102B5F74D
:10F820003F0DAEFF4A06EFF86825031CB0029600B4
:10F83000BDFCDCFB90F704FD2114661309120B04D8
:10F8400052FF4805F10B6617601E300E551B570816
:10F8500039066E087A0D65FF6210B5FC9CFD9309B0
:10F8600010084EF27AFBEB0923FB5A0721FC5503E3
:10F870009A1014FE840EDA003DFB4DE33316630646
:10F8800072FEAFE902FB11FF0EFD60F59CF484FAF5
:10F890007DFBEC0ADEF92EFBF300AFFEAAF2ACFA18
:10F8A00091069D0FBD00C808BB065BF7F0FECC0BB0
:10F8B0009D0279019F031CFA84FE45F9A3FC6903AC
:10F8C0008704E802270AC00CC300B0013BED43FBEC
:10F8D0002E04CA048F1AF414CF0EF31BB60268F27A
:10F8E00067082113DE1336121820211CF6F382F26A
:10F8F0000B0A3002FC271925C225581FAAF4E4FB85
:10F900005901FEFB8A278D24E929FD166CFF5F0F44
:10F91000E6F437F2030D8D1A3317CF0FBA0331F522
:10F92000EAF0150C081B541EA41A621D7C0A1B0C5D
:10F93000120265FEBF074CF2701D7AF7DD047A0AE9
:10F94000240557F4F0F9DCFCE10467F0900597FC1E
:10F95000D9FEB0F60EF835F747FAEBDE8B0EF6F56A
:10F96000FDFE6B0FA9EF6AF2DAEFE2F507F3B9F9E2
:10F97000D6FE0E00D0F92DFC33F3A2FD4C0A1DFA81
:10F98000DD0A9203BBF92604A6FF640422010E0ED1
:10F990004208CA06B7FA63F2E40401046602ACFE48
:10F9A00069F939053B12FD0A38020606890865FD2A
:10F9B00092FACC092B271D23DC14C00993012906D8
:10F9C00048FC57FE7D2D00201510EF12ECFC3F0D7A
:10F9D0001A02E5FD682D21246F1A2115D80BB5FCFC
:10F9E000010579F6DC2D661B6D0C6401D3138801CB
:10F9F0000B03A4F3D40E7903CBFE78EF56F71DEE7C
:10FA00003A0107072EFA68054DEDD6F89B07B5F9C0
:10FA1000A7F970FB6D0B41105C194CFF22FD960C91
:10FA200008FD63F2960125074103E20A6408A80372
:10FA3000E90E38FAC6F88D042F0528F87EF580FC0B
:10FA4000D6FD930467F620F9E6DFEEF4B0F8A703DD
:10FA5000780911016EFDE2F6E000DEF8CEFE060444
:10FA6000A507CB04E4EF2BF74E03F1FDE4026B0A8C
:10FA7000A0FA5FFB05F6FE05C7F8D3057C0CD4059C
:10FA80009CFE4105D40D8109A1FEFDF9210BCEFBA1
:10FA9000940A53F872183E1711F6DEF0FD03500F6A
:10FAA00056F894FB9A2B2F2104F7CBE967054704FE
:10FAB000FAF507F73F14221AA9DF56DE4B0C69024C
:10FAC0004CFF37FD840C1E0672EF13E42B06210653
:10FAD00059FD44FD3207F9EE30CF80DB66058CF727
:10FAE00094F9C318F0F5C8FEBEDC43ECBD068AFFEE
:10FAF000C10AC706600A1C0D7305B3FC58F75B0EFC
:10FB00002BF68CF2C1F7C1FCD3076AFFF3F814FCA3
:10FB10002C0C5906C50B41072CF96EE9590151F619
:10FB20007DFF350DD8F2E1F1300422F68F0BC5F7D9
:10FB3000C6040F05B2FF32E155F8B703A900E3028E
:10FB40009400E6FB50F43204DA07BE02CE0D8C0DB1
:10FB50006BFD8AF9E90308FEF0FF77F95A0CE5140A
:10FB6000E200CCFCFEFE0001F602A7EB460AF50718
:10FB7000D7066BF75AFE49F9BADD63CF680220FF5A
:10FB800015FFAEF1D7FCDBFB27B29BA670FE9B08EE
:10FB900064F8A2FE2CF4C2F874A3EF9A43FF3AFC77
:10FBA0002FF9A30170EEFAFF23B10BAC9703F0F528
:10FBB000460DAA0D7707FFF4F0B64FC141F623FAC0
:10FBC000CEF1D60546EF6AEDD6DA4CF1B1F422FE5D
:10FBD0006AFA86FAF1E857FF38006A001DF2FC1352
:10FBE00026FEE8F239F68005550AC906D4FF2FFB38
:10FBF000ECFE440D1107BB05F9F4D5FDADF315037B
:10FC000093FBBD01C1E7BB0E8805CD053006AEFCF8
:10FC1000BD12460366EED0F30FFFDD0372039407B7
:10FC2000B2FB6F03DC0587FF4E0AAE0298FC9C070F
:10FC3000E2F24EF9C4EF3BF873F4B404A7097D0D6A
:10FC4000A5FC59E3CBEB2CF7BEFAEFF39B14CE05E2
:10FC50004DEBB2F33CE3E5D7A6E10CD6EEF7EFF2BD
:10FC60003AF1FDFFCAE0F6DBC7C208C4C4EAAFF64A
:10FC70001DF8F1FF60EB1FE528C66DBB31FB2CF8CA
:10FC8000AC052C007EF12DFABCB6FAB0F5F6B1FC4D
:10FC9000BFFF20118BF228F4A9AFE7C157F562F935
:10FCA000D7FF0AF9D9EC0EF2DED48DE1FAF2C00CDE
:10FCB00001FAA5EC4EFFC7055D07F8025BF9000BE2
:10FCC00086F436F5C6F65BF1ECFF4B08AAF508F5AD
:10FCD0009AF570F6C20BD1EBBB017AEEAEF7A8F342
:10FCE00094FD7C047FE80AEE2801CD0744FB0D0A51
:10FCF0003504AE024CEB73E9720BE7F95402C20211
:10FD0000E70E7006810144FB08FABA058205690214
:10FD100038FFB5F469F2C1EC2400D8F878FB79FB20
:10FD200011EC35DFC9EE04DF13FDD90150FA2BF7D2
:10FD300061EDC0F0ADED65DD13F061EEFBF6EEFEBA
:10FD400099FF370745DB5CE0C701CE077FFC84F9EC
:10FD500089FB860BDFEE9EF1130039ECB3F07AF1EC
:10FD6000D1069C0960F145014CEBC6E8AAF651F2B8
:10FD7000200D9E0C73F8F9FD4BD60CD185FB42008B
:10FD80001E16611231FCC0F9AFDEE6ECAFF3C4031E
:10FD9000441127EB04168CF87405EE074EF81D0885
:10FDA0005D027AFDC9F7C7F2990429064BF47EF289
:10FDB000A2FD78EDE90F81F60113AF0964FD8AFC1D
:10FDC00036FAAA0A09EF45EF0D008D021B0AAAFFB9
:10FDD000B70781FBB0E861EDC10EA5FC1A0C9AFDD6
:10FDE000980BF4057EF6FCFCA0054101F4FA60FFD7
:10FDF00024060D0626F47AE83100EE0E73077FF72D
:10FE00001703FFFC95DC45E864060CF7D0E74EEBE2
:10FE1000EBFB510DC7F92DFA9AFAA102C9055BF95E
:10FE2000DD04AE0278FA5FF674124B198FF975FA99
:10FE3000B210750B35029CFC0523A71AB1035BFFBA
:10FE4000030F1A0ABCF5D2FD5E10E8045DFF04F84A
:10FE5000BC0501FF7BF611F3B6F3D1F04005CE12DD
:10FE6000A8076BFBC7EA4E005AF4FBF754F44DFEAB
:10FE700093F68BEC13097008950AECFA1FEB10F45B
:10FE80009CFAAAFC6FFF19FC3DFC4502B2FCAF08CE
:10FE90007FF5D2F427FC5FFE4910A11D26F0B3FACE
:10FEA000BA0826016BF688DE41142EF58A10140C70
:10FEB0003E0461FFB6F28405B7FFF60ED9002FF5B8
:10FEC000610EACFDC1FA7CFDE5F91800DBF43AF5F2
:10FED000A811BA0E14F209F12F05030872F01BF7EE
:10FEE000D31C5A240DF1FC12CFFD640A1DF08802C8
:10FEF000530B170E92188A116D03C60F4D0914FC8F
:10FF00003607AB0CA2FBBAF9BA0B6F0F4D03B7F96A
:10FF1000C4FE6D12AC032FF69417721D79FCB8075E
:10FF200067FB14FE1DF80DF8A20C440C1FFD6F02B8
:10FF300038F9E6F74FDDD7D82B075A0EBF02380441
:10FF4000B5FA1AF3A0F0CA05A6FCA2E3710B11F5ED
:10FF50002D02AD014F03C70F96FB1EF870E7F3F6B5
:10FF600047FE7007E80F37FF2F0427FB3A098AFD89
:10FF700094F255048000A9EB95FF940E65042505C5
:10FF800045FA270026F627E9D00101E9CC187FFEC3
:10FF9000210CF10BB2FA18FC66067402E208740335
:10FFA000290DE210ECF189FADAF757F630F9F0FB97
:10FFB0009C13741BCFFC71FBE70B6709DE0B80EE13
:10FFC000AC10F11AA6042F11A6FA09F969025A0316
:10FFD000011F811BA115A40EEEFCA906A4122F027D
:10FFE0000A0A5B1342FC3700EE14E0013311980A51
:10FFF000900696FC02FB38F4AA0AF418E107F10710
:020000023000CC
:1000000052FD5605F8F68BEE561CDA07070C630C0A
:100010003505A9F6C7E3F5EE2603CC0C0607B801B3
:100020002E028008AEF64CFFD90CC9FB3007B7CBC7
:10003000F11BB60DBE023509E4F362F7FCD744FAB2
:10004000E7FDFF04680BD4FBB602F40C83FC6E02E0
:1000500038F14D0302EF4AEB58FFDFF251ECA6F600
:1000600016F6460335EE28F643E53201DA037A1632
:100070000D0CEBFBB109910B95FB93064E11BC12D5
:10008000F708A8FF36088D03D6FCE5F5F611AD1884
:10009000D9158219A2F573007F00EAF3BE213E054F
:1000A000850FF50B7B066806A9F71C06AF004A080A
:1000B000CB14EE15B90AE5FCBF06DCFC6F0EC00DD3
:1000C00051123D06B9FA57F88AFFF9010804CC0924
:1000D000A9057BFFCAFB65F9E80C6F0D4BFF2A07EA
:1000E000BCFA5202E4EAC1CE4B0CFA0DC10922124D
:1000F000F4FEF1F752D35EE941087808A50D8900B6
:1001000061FEC40BD401D904D013FA0725F20DDF28
:10011000031968022B01CBF2B7F8BF019A014EE830
:10012000BAF561050AF6A00ABDF9F4FFF8F2E7F89E
:10013000BF039707FFFCE5F8C4017A02A7FD01E7BA
:1001400093F41EF709088DFC27EFF706EC01E8127F
:10015000E606A7F7360284116FEF68F464126311A4
:100160000CF9BB012B064107D0EC51F0E72DE32A37
:100170002FFD7C190904610241F2ACFF19242728E4
:1001800039170A0C5EFF090C74FF4C0BB31DE8070E
:10019000CB00DE085CFBE609300CABFFC601F8FFC4
:1001A0008500360FE8FF0B0A7F0193FE28F933FE26
:1001B000B70CB0F5D7F7A5F63D03430DFE10C0050B
:1001C00065FEA9FA49D796C357068E016404FA085A
:1001D000450A52F64ED58CECF50E2F08B406960261
:1001E000BE0A2E1A9CF491ED4D108B0670FBD3E3E2
:1001F0008D10820D1EFA53F2CBE915FADCEBD8E82C
:100200002EFB63FB17F79B0D7201E4F86002FAFD09
:100210006809EA1A8E027D0F2DEDF10EF2045DE4FD
:100220007B0300FF7CF9D2EDB9F971FEDFF1D7F95C
:1002300071FD4506DC00E30E40FABFF42815EA2103
:100240006DF4E1EC320F4FFBC0026A00131B5E1726
:1002500017F29D04B00A6BFD52FA0FFD3720141BF4
:100260007AFD41100A04E40D66030BFBC917D8138D
:100270001EF044F8BF06E60EDAF976F74600580E8F
:10028000FDF8B6FD6914BD090A04EE00AEFB0114C9
:100290001504FA03B60F62F5D10BDF080A141B0030
:1002A0001DFA0B065EE21EC5960A250695F682FB30
:1002B000F4F864F5A7CFB6E0CE0B500003FE3CF98E
:1002C00046F4B6FEA6FB18F4750399FB68F18AEEB6
:1002D000DBF9B90B8604B4F6B0F079F8C6E2E2F1C6
:1002E000F6F50F0273090E04370832F24601F200E8
:1002F0004AF5B42271F6F0E732EE900C6A0416E982
:10030000AE05DE09FAFC47015109670F26F254F1E8
:1003100039171DFD56028E076F013EF993FE29FC29
:1003200011EBB0E53C0140FE9801D8F800EFE9F18F
:100330002FEBC8EF4C007A0204FFE5017B02DF05DA
:10034000DBEC98F7A7F955F57F083403E0F214EDDC
:100350000CFE03F3200E9B061C034907CEFD3BFE5B
:10036000FFFD03F73E0E581380FC5204F910C20340
:1003700009FCED0174142909660332FA2C015707B0
:10038000BD0B4A0B7FF607D3E1057D0983084300C7
:100390007302580E10DE16DB3BFB260741FCF3010F
:1003A0009B02FEFDD0EF0401080E04064CF2DAE7D2
:1003B0009BF7C9FD6D06EBFAC2F53FEEFEE557F976
:1003C0005EFECFF01306550779F8C6F9EBFDDFF4B2
:1003D000EAFE4412E4FD19EF5707C3115912B6E3C0
:1003E000E90D4E13CDE75BFE571EEA0367E5A5E571
:1003F000F0083904D30569FB77FC8BFA5CE3FDDD7B
:10040000A3F87AF17FFC66F8EC00E7F454E0CCDC6A
:100410001DEE5DEF0CFA92E849F95B0766C844E00F
:1004200071EADAF739FABEF54D0467F40BD309D750
:10043000A1EC9AF1BCFCA400CEFB7DFEBBF15FF702
:100440005002840551038C0F39FDF305E60545FA8A
:100450007EFC0202E21ADD0700F820F9A7F7A4FFEC
:10046000FB0AB9159BF3E5DD1A0A57FBDE003BFFDB
:10047000B808AF0E82E39FD8A4F6AB0244EBB7EA0C
:100480006602AB0501F50FFDA1196E0D4BF10E04CF
:1004900038186902C207FCEECCEE1DEEA9F8E1089F
:1004A000CCFD5605BF05B0FF01031BF31CFEE7FCA6
:1004B0009B08971291F8C7EBD9FF360B17067FF709
:1004C000CF05070F36EE02000E1590052AE3CBEE9E
:1004D0008E042DFC53FC3CFF830097F72AE68BD754
:1004E00074F356F06CFA6BEE2EFF900A11D7B7D06A
:1004F000F9EAECEF13ED30F33907280691BEDDC2BF
:1005000076E842FFC3F5E801D000F8029ECDA9DBF2
:1005100013F764F3B001D50155FE6A04ACE98FF41A
:10052000E3F53FF7BA0CB21398FB05FA3902C4FCA5
:100530008005DD07B7062510320497FD4405C70284
:10054000B6FFA91725F6F8DDB2034A0110FD13FE28
:10055000AA0BE112B3E9BCE9D70AF807F4FC45F7A6
:10056000E502A701F8EA38FCE80DFB11C6FC9C2463
:100570008A08BBF7810812053CF0A00C17EA550A5F
:10058000310545FF9A059AF82BFAF1F61EF8360068
:1005900014064A0958F3D9F8CAE5110721111DF4C8
:1005A000C70C46FF03EF6BF62C0E020BE7F946FF74
:1005B000B1F4E0F0B1FED40272053C010EFA8DE414
:1005C000C103D8F394F8FE02F7F0AE013AD7E6D7AC
:1005D000A70252FD9801ADF4BE035908E8EACFE046
:1005E000DB02F8F6170266048809211017F6FDF8F9
:1005F0008CFC9AF5C30CD6FE76063509E0FAA708FE
:10060000A4F186EEE105840D5E0C9AF8D00071F439
:100610009BF795F0B4FD6905D0FE5E0254F63DF4FB
:10062000E7F9A8FC59F8D6F608018BFEF0FD28F58D
:1006300098050014E8E05EED7605D403E8F9F003D0
:1006400021FFA3FC1DEB40EFE5F3590F4819E4101F
:1006500004FA65FE1DFDB8068F044EF976FD2902E9
:10066000DDF80BFA6A05ABF85F01ACFB1EFCA800D5
:1006700092FA49035AE8B7FE75E854FE0800F8FB01
:10068000D90F6EF77CFA72E731055CF5F6083BEEA0
:100690009CEFBAED9AFB7A0247ED80FAB5F7A3E832
:1006A0000D05DC04D3FD0000F0F9AE051BFAC3EA2A
:1006B0005D01E702EE05DA0BDFFE79FD37FDCE06C0
:1006C00060068901DE07EEFF3A019C0325FC14FF5A
:1006D000420674FD38FD23EFC4092A02710995FB17
:1006E0008FFC2DF0B4FAAEF6C7FD4E02DE025CF5CB
:1006F00088FB1DF815EA20FA5FFB82FB91F8C8FC25
:100700000B028A096CFAC8010D02C8F30EF8E0FF6B
:10071000380C560767F516FA2900F8022EF6620023
:10072000441138FC14F77CF1CCF3C307D2184A0803
:1007300006F135F769E4F4FAD806A3041B12640243
:100740001D0212F7E908EEFC5AFCEBFB0C093BFF1B
:10075000480DED09B7F80813610609F5430AA70427
:1007600003F5ABE2C00E4A08F2F6EB09B204D4FB83
:1007700081EF5104BA032908B9FFB6F028F76403E2
:1007800025FF9103AFFD840A7802A9FE51FD52FFB7
:10079000D1004608580332FD320D0608ED092A043F
:1007A000D6F2E8F9640148035FFFBCFC780B480C03
:1007B0004A0678F69AFD20FFD50151011011C9FAB9
:1007C00060F2FCFCCBF20DEAD004FAFEDEFEEFF0A4
:1007D00046F766F11FF0A7EFC8F20BFD94F5DDF1C7
:1007E0002EFD8D0F1902E3F9440521F2CDFA95FB98
:1007F00096117C1B27FBE7039FF98E007402890981
:10080000D70E67055FFC21E51E045FFD1821560A1F
:100810003CF19109AFE449FEF50EC6F8B409300188
:10082000B2FFF3089504C9FE53F8C5F7D3F71903CF
:1008300021034A10F706B81170F2510D1AFD920FFC
:1008400063153B05DA0FE111880A800E1C033104A1
:10085000A90149FC1319451A48084A037115C20039
:100860001D032A04640514136E0B6B1070F45608F4
:100870000508890ACF00330BAF0350F7E4026C067A
:10088000B00011F99B033F07BB0CDEFFA606290C45
:10089000E2FFADF78F01A8005F076403E507D60408
:1008A000940A83017BFA46FA6DF60CF67BFE9906F4
:1008B00010FC7B0BF1EEE0EEBEFD61FACF00F2031F
:1008C000DC0BD0124DF79AF50D026AE7B1087517E7
:1008D000E00C842610FE45F51EECDBE1AD0CC109F1
:1008E0005E10F509C0F887F9C7F0A0F0571A0B029F
:1008F0000CF58BFDA6EE01FB48023FF6440139F9E9
:10090000C906500A01FCCEF580F5A5FE63FD39FE4F
:100910002C0601F2A401FD016FF9300F3803EB0939
:100920008BFF2A13AC063D16D60998F91B0F7719D1
:10093000FB0925057E14C8145C0C4C03351CC71636
:100940007B0B7E08D61559230B14A825B60A110671
:10095000620B2106570ED910A215CF0BC80DA8FCAB
:100960001809BB0C2E1902042D15150C9B12880CAE
:10097000760576053CF7AAFF4B1191132F0DD0FE9B
:10098000EB058E11FA0310111E0ABD0426054A0854
:10099000EE0CBCFA600A070A49104E198613E91BCF
:1009A0008F1136041AF22E02751150077420291582
:1009B0005CF71DF8461B2D22E503900A8025F314F1
:1009C000A1F413FA4914E0F8E30D8D0296284EFBCA
:1009D000A5FE69F86DF52909A4FEB0F76EFA8AFF45
:1009E000A2005803620062FA2707E80587096EFD36
:1009F00041062EFC6A042BF9D602020130FA98FB5C
:100A0000E413311864FE56060705ECFD300E5A2536
:100A10000615CD13E5FB6B1006025E0A0B29461680
:100A2000EC02B514B61BC82AA90187FC8B0D630B19
:100A3000B50BD60C0D3BEF3093F7960716238A1EA5
:100A4000560A5D058029232CA0FE3E0FE517991F4D
:100A5000951AB2FFF41BFB10520E3C176723722D40
:100A600097019312FE34CF20ABFC460C43260F2493
:100A7000590526EF6C1EB1151001C20B221140134F
:100A80000711550337197113910BE90AE630AF20AE
:100A9000E0F7CD069F0F6A0AAC0D4109D7119A0500
:100AA000A71190FC6CF8AF032B00EEF528FABEFA04
:100AB00088F9EB09B3FDE8FAB5F8EE06C808390085
:100AC000FEFA5C01CB04BF0457FF19FFE1F811F8EF
:100AD000BF06F4F73106B3F7CF00EBF8E2F9DC0616
:100AE00066048BFA8E01D8F4FCF8A80532FD2FFEBF
:100AF00097FD000A2E007EFA8DF762013513C111B1
:100B000082099903E7FE26082EF8A00C280B0E0A8E
:100B100060FBD004B40AAD10AB02050C6F19EB0CEE
:100B20008B0B45F51B08A20A060EFD078511A112C5
:100B3000940D7DFC4B1D750B62F92D029B16AB0CC1
:100B4000ABF7ADF69005A8EDED00D10A9B11DD0ED7
:100B5000E10D6610EAFBDC01D7F981028A0E6D0215
:100B6000AB05A5FE33F9C204A1FBF3FC7904000038
:100B700074F61FF33D0396FDE1F754021E0B5CF67D
:100B8000EE089704E805C1F9E6FB75F5CF0676F6A1
:100B9000DAF98D0750044303CF03F9FFBC028A0141
:100BA000C20141075C06D203AEF66F08E006B20848
:100BB0004F02FDF757FFAD09A603F107F8008EF6C7
:100BC00085F67409B0FF070017F63CFDDDFD4B0309
:100BD000B409D5F91C08E3FD48FBFD04D0FFA3FFD1
:100BE000B9FE3708980609FAC40808F70CF69E0300
:100BF0002209310190FF0DF6A8073EF8E502C9F978
:100C0000180495FB590470FB5004FE045BFC25F3AB
:100C1000AE0CEE0156006EFB5C0DB5F798073D017A
:100C20001AF66305910841F984F8CCF5C20052FE2A
:100C3000C5FEB2FE9CFFD5F8E002A1FDDAF5DAFDB3
:100C400048F6E100B9FA760078F8F1FD86F8F2FF8F
:100C500060F723F98AF5920901FE64049605F30909
:100C600086FFAA023708EC0295FC9004B307310313
:100C70008504400274FD7F0A04FE1EFC22FA2E0742
:100C8000C3F76AFD9CF5BC0360FFD10417F7F8FBBE
:100C90002F064CF8A8006505E808AC0400FDD9084B
:100CA0005EF57AFACFF7D5F9D6FDC50B1A06B2FA7A
:100CB0002CFBEFF88A007DFEEE060C16CA00FFFA48
:100CC000E0FE02FD8FF85BFBA2024E073FFE19FF1C
:100CD00094F7E50083FA09014804EC11FDFF60F088
:100CE0002AFCC1F8A9FBC0EDB3049F04A7E8C7EA3A
:100CF00077099A0CFF084B0D00046906FE000AFFF5
:100D0000190A7C02EF00DAF3A70A4F093914910F90
:100D10000CFE26FEC10098F4B804310BBFFD07EEAF
:100D200085F1EAF43205FEFC2513F10CDAF498FDA6
:100D3000B5F74F03F304FFF75D0AFE0CD5F8FF0586
:100D40002CFF49FDC3FCACFAE6059AF8DA033D0531
:100D50006E02D5F8F00063FF65FAD3FFA9029FF594
:100D6000EF060CF982028AF8830744FD9DF947FEDD
:100D70006EF8CF093BFFA0FC67FB2A086A0900FE5A
:100D8000590B19010EF617FA4704F5FDB8FA0EFED5
:100D9000FCFCC3F604039BF94B189E10FD00E4FA1B
:100DA0009AF73BF836F971F9C422822C8504C413F2
:100DB000FDF6AC06E20305EFBF2A9D12B8157211CD
:100DC0009E0D9211B3F7D706620DC7121310D8FA11
:100DD000C30EA31351F7260366191414F4FD44F847
:100DE000E10B0BF66708840053136A159BFF3CF96F
:100DF0000FF687F4C00ED011D20AFE0FC9014CF2D3
:100E0000F7F61E086F0840052E1F83217EFBB5FCF8
:100E1000D603A7F4A1F35C0F9909C71574FC180059
:100E200013F617F700F7D7FC850A81FCA30B870898
:100E3000060837FBFDF7F7F66E002205640839094E
:100E4000A205840608FBBFFFAFF9F4018AF7DF00B3
:100E50008C08E1FF8E0E82061C142308CD09810642
:100E60001CEF97EDD2FF28F85F10B504ED01A1014A
:100E7000A7FBC8F1F30ADE0523057BF72C0CCE187F
:100E8000C50550FC17189E0D71EFC600701A0711AA
:100E90008E04DA0A1312C9FCA500D2F82B0D000A41
:100EA000E0139214A70D17FC8A099A057F0743F6F1
:100EB000E9148D149BFEE905AAF627FEB5F5E5EFCA
:100EC0004A14E6FF16FB10F8EE0235FF72EB52F300
:100ED0000EFD81EC41F1C2F1FE0ABE00C9E37DF1D5
:100EE00082F671F289FE41EF9EFF30FF3CEEA0EFEB
:100EF000A1F98AFC07FAAC01460EDCFB9A0892FBCA
:100F000092030604350BECF9990270036B0F4A0843
:100F100090ECB1F6E2F296FCBB098CFE9706BEFCA3
:100F20005204AB08E2FE6D093B0954F7CB039EFE69
:100F3000BF021004320D3305880560F63F0C2A11FC
:100F4000F0FA66EF34116CFE69FA970A370ABFF8B7
:100F50003901EA11BF157914F50FC9F4ED026007E4
:100F60007E0F0205DC18DC0E7D02F5044B0A03043B
:100F700078092A0A5D1A4F1151FEEFFBE40376034C
:100F80007519231FBD13AE105209E003C90E6F0778
:100F900017174E14D41A6D1A72FEB8F851EA2BF3D3
:100FA0005E16880A7806E406ADF1CCFF3CE6A0E6C2
:100FB000E30A9502DDFF2007F300E30952EF04E4A2
:100FC000100315F564FE7DFA0CFDB0FA4CF3D5FD67
:100FD000BDEF26EA90F741028EF00C0845030901A7
:100FE00049E67FE04B02A700B6FDFE02D20714F9E6
:100FF00003FBAEF8E2059A0842F4CBF50E08FCFCC0
:1010000057032000EB020B01C80447FB6FFEA00151
:10101000A607A7F40C11FCFE6B02A004FB03E40C72
:1010200090EC23F8F503D20F9B013410631AC80526
:1010300050F25FF2300FAEFF2C136409ACF632FDB4
:1010400064F392FC04F618FC230EE3FE820B2802E4
:1010500071F09CEA4D065B16FB06F703A004A5138E
:1010600043FD6E096B1A8F085D0DE6FE5412E2080F
:10107000EB09CD18B703790D7E0186F98D08540868
:10108000F316F70F410EC306430371F9CDF071E17A
:10109000DA0F69093F008DFEA30382FD0DE560ECC8
:1010A00012F90B041A03C9FEBDF92802CADC50F478
:1010B00052FE95FBBDF39F03C6FD8A123BEC5DF724
:1010C00078F1E6DC19027E0C4A07C1FBDBF43C0137
:1010D0009EF151ECDE134D0265FD3E007708FB10DA
:1010E00004FA02F62904A2FE67FC3A0258022B0019
:1010F00042E547047B081E05F5F78908CD118027D6
:101100006EFA93F43F018FFB60FC190A69105008D6
:1011100093FA8AEAFDFA460AA400CC07CD11AC1670
:10112000BFF074EA770FD807A7F56FF0B70BA10FE0
:1011300019FCD5FAE20E3916BFFF6F032412C5025F
:1011400035EC75FD420F7B0AA4F51A024C13D30F40
:10115000EF08470A200AF90A0600A6F9040F8411CD
:10116000E9105A1888FF6D07DC0213FE180417FCFB
:10117000DE14AC0BA5036003DAF97A07B8EE9AE344
:1011800095FCD20C04FD25FC16F7F6F735DCEBF7E1
:10119000FB0318EF72FC0C0700FA13FC69F136E64A
:1011A000E7D77ED7970B8511FF12B109B6F650F03D
:1011B0009AF139F6D30456027406E9FCB5F2BCFB89
:1011C0007AF8CAFA94F993FFD8079B0C6D0A281B8A
:1011D000F2EDC8F650F30CF0BE060E0438226C2473
:1011E000CCFAB4E8F2F7FEF460F4FDF7FE1DA912A4
:1011F000B3F99CFDC2FFAD05FBF9EEF69D14FD06AB
:1012000063EDD0FC2511A8FD6FF5B2FD7F128418A7
:101210009AED6CEEC30386FCFD0819FDF50AB511C5
:1012200079E598EB7304EBFA11FA3BFCC90BCD148A
:1012300091F79704B80B680B0D0314F61915570FA7
:101240000E16F910ABF47DF885039301500A830361
:10125000D221941485F713FC8F0721FAA6F93AE6F8
:101260003213481411069AF7740A120C73F131E91B
:10127000B21042FFA6F79B07DC07E8EC21ED49DF3F
:10128000E5E986E778F50210DDFCE1FFD8F9A9F67B
:10129000F1EB620B20071B003405CE0167EDF1F383
:1012A0000C11E102D20577F0E1020B16D803642499
:1012B00091EF38FB7CEC59F47BF89EFCC60D2307BC
:1012C00059F46DF1B8F53E02BBF1E6F3D82188037D
:1012D0008BF16BF65B14001344FB66FDF808860681
:1012E0001DFC43F49B070108BF00380817084E098E
:1012F000D8F231F07B020A0643094F159F101012F5
:101300002EF1F0EDE9FC970842FB5D044A13131639
:101310001508D70ABFFD4800740B55FD6C15C00AAF
:101320003D099A162DFD23EF2E017705D109F4FC16
:10133000D31C3D104FF1EAF69AFCFE07C7041CF8D7
:10134000B709140C04EF1601EA0A70F178E406E616
:10135000D60888F53F0601FD33FAAEF2C8EA9AF2E4
:10136000A9F2ABD92DF95D04C5F9DE036DF239F2AE
:1013700024FDCCF55C076B04D7F4C909AD09530211
:10138000DCF4C801A9ED6AEF46F7DC0E0410331F48
:1013900048F04502E0F683065E0F710AB710E10FD0
:1013A00053F2B7EA01F89E0FC5E8C0F6DA01AA08C1
:1013B00056FBCCFD900AAE059EF64A01DE038AFD7F
:1013C0002BF1B5F4BE179205E109E4F8C307810BD0
:1013D000A0EF2FF0510101FDBA0BCC04D7048A0312
:1013E00095E7EDF788FF22FCFD064FFB1D02E9079C
:1013F0008DF65B06DCFC83FA580317FEAE02320959
:10140000C6094601E30229F034027B0E0710860C60
:10141000E213BA1733FF0AFD12FF14ED410850F52D
:101420006E02CE0EE0F9C5FA3FEDD9F453F393E71F
:10143000620D27050B053701ADF608E5B1F4EDE5C2
:10144000ADFC4AE2F808F11185FC6EFF99E6B3FFA6
:1014500096E405FFD80D2A08EC0654149E0B55059A
:10146000FAF725FB93EF3AF492FC7D0550134B01FC
:10147000EDFC2F003DE363F8930192E9F90E620F52
:1014800063F14EEF8BF8830167EFA3F4B1FA0F0D10
:10149000ABEC83EF6A062A0BA8EA95FC64061704F6
:1014A00033FCD8FDBD06A0F7BAF94BFF23FAF7FDD0
:1014B0006DFE70FA350A79F95306C00339E676EF06
:1014C0003C019CEA4604AB09EBF00EF5F4E89AF314
:1014D0005500C6FBC410480BC5020111AC02310017
:1014E00031FD64FF9F00400263FE03038D03F20B96
:1014F0001CF6D90DE1FCAC0A8BF0E0F839125AFB6E
:101500006309A00F77FF49FDA8F5A6F99FE55DDA0D
:10151000091C6114E1F26DF1EDE968F710E7B3F829
:1015200042F17AEBBBEF12FE1FFA020DC1FAC9F8C5
:101530005BF4F50C201701021710350604F47C0843
:10154000DFFE56113DF172EA9AFE780BA5062C07D4
:101550000206CA0440D823FDEFF977DEFE024DFBF8
:1015600061ED37EFD110E00A76DC36E632FAE9F6C3
:1015700024F2BFF56602B3F664E60FEBA4F95AE76E
:10158000980175F9C4FB50EDEDEC53EE24E623DB36
:1015900026FA900AE6F6BD0A16F6D5E8C3E08DFBFA
:1015A00057EB05EEF90FB31566DEDAEDCAECE8FB92
:1015B000DAF13BF80C1C770E540379F91F04E0FBB9
:1015C0005FFBEEF4430E530538FDBAEC6F09190BBF
:1015D0002602ED03F70C42F9EBEC0CF34B195E0518
:1015E000A01D710A4DF809F26EE0F6F2DAE9DFE0CB
:1015F0003A1E7C0C4ADBE4EBAFEAE5FD77F293F9A7
:1016000094FDB3F03EFC49047EF8CD0386FF9905B6
:10161000EBF5A9FC890EC20C5EF3451503DE4EF115
:10162000BFF797009F0518EB9600B9F2D30BF5FAB8
:1016300019F818F9ACEB03F929EF0FEB15F25C0080
:10164000130B8FF2DCF94F0756E443D9AEEC39F2B5
:10165000D0F731F0DDFAAC00B7D863D6ADDF4DCBB3
:101660008DF9120321F9BEFC82E7A1E058D198D58B
:101670002DFB9E0059F54909B6DB8AE7A0ED04F879
:1016800028F709ECC80B4B17E0DAD4E4C8FE01FBDD
:10169000F0FEC403E71A650E39FD2101C4FF77FC93
:1016A00070063B00430CB003B3FCD8F0F3082909E3
:1016B00040079A09F3FADBFB57E691EAAE0BD2FB3F
:1016C000660B3905FAF618F75FF2DCEF5AE891EA93
:1016D000C20667FDEFE714F06DFB3AFE8BEA82F578
:1016E000A20254E2B1E223007AFBF91A4CFD191070
:1016F000A8EA12FA700975F88718F3120504DBE3FB
:101700003D11DE0049FDD4F5B0FE8100F3F937FF4D
:1017100083FD460985F16DEF55F7F0E8BC0EFDEF4E
:10172000280A400112EDABF839DB36DB5FE3C7D1A5
:101730008406B1FC8DEB3900ECD469DB6ED721D384
:10174000AB069AFF64F276F346E90CE007DD6BE541
:1017500062F7F5FE4FF52E0E5BE9CDED6AFFD1097C
:10176000E3EA9DF43709851560FDCD0318FA6A0494
:10177000F00B650DC0094D1165127007E20176008E
:10178000A8057FF4B10CD3FE22F5C6F51606410379
:10179000FB01F40BA105C6FE3DF631EE0D0582EB13
:1017A0008903A30314FEA8EA4505230205DD7EF0A4
:1017B0008EFE14F7BCF689F18A0861FEB9F9EE02D3
:1017C000A1F6E3E974F395F4B8134F15B517F622B3
:1017D00012F2050312FEA407BD1DF2161A12C60668
:1017E0008DF85FF54B058F0155FFA6FE7B029B042C
:1017F000C5FFF4018BEDC7F3B2F97AFB730AEFFC76
:101800004B0ABA028DE842D84DEA43D729F50EDAE1
:1018100065F96E0E63F0B9E7A0ED8BEA22E9EDFB06
:10182000B5FF800175FAD2F513F585F09FF60B0E22
:101830009101E9FF11EE3AEE50FA4306490FD30F3A
:1018400073FCB30EB5022110AE1ABD1EEE04601675
:10185000040E4BFE131712079219AB063005C4098C
:1018600016FD6BF8E10BAC04C8FECCF2C30B170AF3
:101870006BFEF4FE4EF25DFAA504A4FB62085EFB6B
:10188000D9073910B1F67AFE3A0CF301CCF19B007E
:101890001B095DFA21F123FAB3179B12F100AC1575
:1018A000CBFD47F0EDF42DF03201F3096E08B30AD9
:1018B000F51F23FC70FACDF2BC219B1169220107B0
:1018C00019F69DFB37FB2D0B3BFC6C0108F97906E3
:1018D000BDF047009FFFBEEBEEF9030572F802FC76
:1018E0004E122B169CE602E03203B9FE23EAF6E71D
:1018F00036FFC101A3E7BEDF24F4E5F991FBE4FA6A
:10190000C0081E069BEA5AF87D04E5072EF9540E1E
:101910003FF862FA22ED2CF05C09331A800CB90C06
:101920007EF6BDFD6AF5AF007E22351D1001B510B3
:10193000D00012FB7B160CF7871D1E0299FE85183E
:10194000F304D30146FB79EE7B00F004EF039C0E19
:101950008CF91CF242F708F8D604AFFB35F87FF794
:1019600036FE3AFD48F901F578F7B8F9F0018E1125
:10197000A6F77DFFABF74CFBB1FD970435185C195A
:10198000FBFFEEE99A0084038606FF0E54186E0FE3
:10199000FB13321132F999FDD90AF116610EA71223
:1019A000DD09D90078EEBC09F805BAFCA201BC003B
:1019B0002F0FDAF0C2085FFA8601FAF92511E3F970
:1019C0009706CC063FE950EB6FF9AC06E1F388F9D6
:1019D0005A03E9F9BEDB34EAD11B100C02022509D7
:1019E00096F9FF0D2AE0A9EC590D8D1C0301E80BB7
:1019F0009CF8CA0574E63ADB1118EC1416111102B2
:101A0000E1FEF80326E9A104331E9418EF0F0B053D
:101A1000B902D901BBFB62FB1F0A88055406240AE0
:101A2000B4F979F930F445FD720D460ACB047F0311
:101A300030EEC9EE3209BAFCF909A10961F77F015C
:101A400069F0FBEE08F873F640FAED11B9FF1613D2
:101A50000AFE47F60FF80CFE24029E10D617B00EB1
:101A600080FE2CEEC9F99C02A5014F20A11D821613
:101A7000C7158110FAFA8F00B316BC0F181AE210BE
:101A8000E9F649F877F8B903EC07AEF6A4090D10AA
:101A900047FA77FEC60C6B119CFE4300131BAE0386
:101AA000690C3B01850055FCF60B0C148F07F70100
:101AB000EA021AFA70FA2CEDE21C51195E0090F756
:101AC0005E0255FBDBE63EE39108C61480FD51063D
:101AD0001FFD68F759DD03DE330F080D07F06DF6C3
:101AE00088F68F03BBE238F315159D13F7FC5405F8
:101AF0007AF3D4F9EE0165F48010F00A340440F969
:101B000096F9A6F49DF546FEB502B50E470486FB90
:101B1000EDF282FA06FEE701210653F5C6F33BF526
:101B20001CF186EDD4FB1D0079FF8DFFF0028807C4
:101B300049F3FEFA4B0062F44F0A450515020D0AFF
:101B4000B1FE130E5EFEFDE92E06361C590958182B
:101B50009C14870263EF7D15261C751B8B180518D6
:101B6000AA07FB0EB4F8170955F983F51509661293
:101B70005C000400D302CC165BEFCA095D10320989
:101B8000E1F5BAF8330D7D167604C01381FFE8F94C
:101B9000A7F0A1F6D30846F7440CA115FF059DF167
:101BA000EC0890FA6AF385EA1413550C05F1D1E7B5
:101BB00004FEF5FD1CEECEEEDA041A0641FA71F9C8
:101BC00050F5ED0138EBA3FBE30FD70C1BFD7EFDB9
:101BD000E9FFDAF5E404A0094A02280795F4D100E8
:101BE000C4F9A9F5D703E90459FEF404CB0AB604F5
:101BF00047F66FF44CFF00118F07E00658017EF6A0
:101C00007EF93DFE6E033C076E058B0E61FC2FFBDB
:101C100043FEECFB410512096F01A60BD205BC1077
:101C2000090B3D0AC40BEB09811B4630DD01C204E0
:101C3000EB0C2715A2FBF4001022700BF1196715AD
:101C40006102BD1391F9AFFBEAF88DF195003C15E7
:101C50000101BB027CF8D2075B0316FFB3067100DB
:101C600027F757F66C1131101F0A100ED1F1A2FEA2
:101C70002CF5E0029A05F1FE7604C111D1ED45F094
:101C8000BFFB1C0C6EFAC0F5F0FD5A10DCEED7EA73
:101C9000E4F9BDF869F9C1F88E0D8B0C4005D10C43
:101CA000A1FF640ABEF41DFF2D011E078D0A2BF94A
:101CB000A0058E02ACF8F6072CFD9C075301380BEB
:101CC00019FCDB01C8170F0561065108ECFFBAFCCF
:101CD000B904E5F40D01A30D2605C30920FFD3F5D2
:101CE000F8F9E1FD1607C6FE51150F0587F95704EF
:101CF000FE158E137D0DA6FDDA011B14B606E50B4D
:101D000086F80F11050EC40B260CF02819F2B2F755
:101D10008909AEFF32FDA1053A1AE816EB18EEFE6E
:101D20003E061C094402D7FA7FFE8EE706FE6B0AC8
:101D30008AFE2003920804070509110EC902710AE0
:101D4000D110AAFEB018920F1F02250AC3FEADF6ED
:101D50009C0601FCA714200B11045A060EF15CE44A
:101D6000BB065200D30831F9470971FB17E9E0F8C7
:101D7000FC070DFCAB017C01A8FCEF033CFE8107D6
:101D8000B20BE40109F9A505211348FF2FF8DC0186
:101D90006F105A0625F648FCB10B070470007AF65E
:101DA000B60C2B07E006951873093C0656F056EA68
:101DB000B10FC70EEC1553155E02DC003BFD99F721
:101DC0000E02390CD3141D0A8C115507FFF196052C
:101DD000F80AC60D0407B3086C0554044B056EF9E8
:101DE0003F168A1802FE5C0A7CFDF6080CF74CF4DC
:101DF0003D122801DFF96A0BED11C003FC002BF541
:101E000076FF6915ED0A9BF81FFB810012FBA40CFD
:101E10002711DF2CC70EBA10CE135D078113831272
:101E2000741456005C143316A111B3094D0648F41E
:101E30008E0F6301D112821A7103B700F5F514F306
:101E4000BBFDB209CB0BC309F3001908A0F38EF256
:101E5000630A58F743123EFFB7FB2E0442FBECF532
:101E60001EFCCF095A0B190BDAFFA2097FF24203BD
:101E7000390DBF0387FE970B7DFFA7FB2307620485
:101E8000BAFEFBF87CFEA70ADDF7A4029105F4EA8E
:101E90002CFCE906771052106105C00549F101FAE2
:101EA00008FCBA009F0F0B0C5903C90564FB130013
:101EB0002B00A403E60CB7FDE406BEFD1406B7072D
:101EC0004709F01106FADE0CD40A140919EA6B016D
:101ED000711DDFFE6FF33C077E14C500D20AF1FDD1
:101EE00044071C0B1E01FD0845FA0FF8CA0169F7EB
:101EF0006D173025A905C309BE03CCFE8809600A09
:101F0000E3090B0B870FF40F2E0CAA17F6099E0C92
:101F10005D1C4F0CE216CA0788FF01F50AFC070595
:101F2000D107A20B8F06B10A44F8C6FBCCEC19EF1F
:101F30008703DE05620E880E0404ABF450F90EF63A
:101F4000D2FC590F7BFD52F6C3F8CDF817FE88FF7F
:101F5000CC00FD008DFC44FEA4F959019B00D30088
:101F6000A402DCFE27F83C029302FBF96A0173FC31
:101F70005204C0F3DCFD6B05CBEC080966FD3AFDAD
:101F800036F755029D0E5917C80AF8FB16FCC50214
:101F90004D021D08490F6AFEFCED18F2CE0110EE4D
:101FA0003C000B07E4FCB7F3DDF5FD0470E560F9D8
:101FB00029FF4206DFFC710675004EF812F6FBFFA2
:101FC00063FB9AFAA800E1F6B5F684F5AA01B10719
:101FD0007F024303B9FFED154311C4F25F11AC0555
:101FE0006BEA0401C50C7CFAD6034AFED007C00C8C
:101FF0003FFD3104FB02F0F426F97DF0D10E6807B5
:1020000012054809790BA107D3E2EFFB7CFB3206EE
:10201000050B6C08810ECE0195FAA1FD67F830FB27
:10202000C40F9A1114007FFE0C0A69FE990306047E
:10203000830A5BFADDFB75F43502AA0424094F011B
:10204000070509FB0BFF9100290244F73FF14FFE02
:102050009D0050FE5710980219F779F6A7FFCD039F
:102060001CF482F7AE0DA809CD043401A1FDB2FC29
:10207000B6065CF56B01B01222FE51FABFF1E2F335
:10208000780181FE53FA1DFBB0EDCBF6F2EA0BF2BC
:10209000DF1079F7D601D5F8630B7FF6A8F4A00717
:1020A00025FCB2F60D0670FC9BFB0708A004EBF8BC
:1020B000EFF4DBF4020003041FFE4EEB680CFF009C
:1020C00053F24CEFF9EEBAF278EDB8FBCB26D522FD
:1020D0002BEAB6FF14FCBEFAFDE0ADD92909AB101E
:1020E000D5FC580989027DFA57DCC7EC08FABF0114
:1020F000B5FFA2FB5FFC900845ECFFF802F439083D
:10210000F500F3F8FF0568F185F0ADF98804150CCA
:1021100022F29C0948EE260134FAD0F85A0DB0029A
:102120009AFA9410C3FD47FF2BF8FEF51007E1FF64
:10213000F9F930F7980CD700E6F006F87FF8ACFC18
:10214000BEEB29F82C09D1F9CBE77DE25DFB6B08EA
:10215000F802D0023C086E11C2EB94F05BF95EF419
:1021600073FE470A07EF29F38CF33F017AFA570A07
:10217000DF029E01EDFC00FD3106A8FE160E52FDA9
:102180005005AB05AAF813F9D40819FA4FFFF7F96F
:10219000880FEFFB56065EFC43FC070010020F029F
:1021A000B5EA3DF8EBEF73FD5907B7FA141972154C
:1021B000A7F6BEF2670057FDB6E973EE0411EC090D
:1021C0001E088701B0F99DFEAFFD5CFBCC070D0535
:1021D00084E37BF47BFFA5F620F256F757050E0744
:1021E0002AFE5AF083FD8D0F69F4FDF0DE12E20E37
:1021F00032FD2AEE3D1280FFFFE4F0E87C0F780B01
:10220000EE02C4F36010410717E91CED43120E09FA
:1022100027EDFAFE170919FBD2DB0BE761F5BAF7D8
:102220007B0BA2FDD705F7FCAEF2F5ED06F670FCD0
:1022300028FE2C02CF00CA0AC4F653F766F41FE842
:1022400022FDF5F9DC05D908A0FBCA0794ECE1FCF6
:1022500022FADD05BF010DFF1005BBF514052FFAAD
:1022600063024CFFBD06A1FA6507CEF6B1068EFCEF
:10227000B5F8DE0D2B0439FAB40977FFEDF6A507A2
:10228000F40D4B05C0024EED9BF295EDB0FA9DFBAF
:102290009406900AEDF1F30160F46701CCFE15118C
:1022A000BBFF0AFB0DFB91044F094A02A20CD71693
:1022B000ECFCCFF50B0ABE00BC08E30D2309CF0DE3
:1022C00007F70001E1F8A9F8AFECEFF9F30F101BE5
:1022D0005A0ABD1374FE3202BAF489EC9D21EC0453
:1022E000CF1155F3B60AF20682E090E65D05E906E5
:1022F00040FB9F05C40389E42AE9FEEE470DB809B7
:10230000DB08710C2E015D1A7EEC96EC1D101CF79B
:1023100015F98C03891254FF64EB58F404EF4DFA5D
:1023200013F59BF42D0CADF85401070419F684FC49
:10233000840256033CFB2BFD8000FBFC40FB5EF758
:10234000ADF8C7FF190153F775FB170476F59C002C
:10235000E0FFAB02510298FBE1FF3C052FF9390782
:1023600060ED51E54F048A06A204CDFCBB00C20F0C
:1023700014FACC0ADFFF53F6A5F941043C0CA01275
:10238000AC01EE0ACEEB68F4F2FD88001C0C850A65
:102390004AFED1FFC9E6F2F8AA0627039D0E7E1A6F
:1023A00032FE7E0A9AF1E0ED7FF785019811FA1A64
:1023B000A4FA3C062D06B106D1F365FF910C820FFD
:1023C00017FD690D92FEA8F08C0330F73D040A0E4C
:1023D0007E0D9F03BFF0FDEA3D016DFB9BFA01F905
:1023E0002C08D30692E38BEFD10006EE6EF9EEF5E2
:1023F000EEFF80F8660624F427FA8BF95CF31E06DC
:1024000037FD420742FB4CFD1B062E0891F62E05B8
:10241000DF0685F74B0647FD9BFA36088D02060856
:102420007CF9E906FBF8A1F845FB7809A706B40496
:10243000F5F65FFAEA0923F6E6FE540472FB8BFA1E
:10244000B0F84E0821F62CFF3F082CF82B053E056E
:10245000660551F8B8FD08FC0E0854F74CFB020362
:10246000C806F5F782063C07FFF5F805EBF589F796
:102470006A0AE5FC4305950091074AFAD402D502A1
:10248000B7F9B10104F4AAFA7A098007F709210D16
:102490000609CF09840D2000DFFD810045F884FE88
:1024A0003E0AECF61AFC1708CA0060F85A02F3FD5F
:1024B000FEF6460765F6F1FAAD05A5F815060E0617
:1024C00074010403D4FBB60468F60A01EC07F200B9
:1024D0001505DBFDE8FD97F85DFE16FA03007103B4
:1024E000A4FFDC0684F8DBFB77F78D032001AB004B
:1024F000C301C7F828FB9DFD1C0A3005AC05F00799
:10250000AC0233FC86FDB4052E03B504C103B8FA52
:10251000840AA1FC78098DFEEFFD2800A4062004A2
:1025200078FA8DFD5C05D90165000E0163F73FF86F
:10253000A0EDF6ED65F15AF06CFACEFB5E0093FE6D
:10254000FEEC9EF061F9F9F179FCE10019FF1D093B
:10255000B2F20FF8B40041F087FC1BFCD91C8A0BC7
:10256000F4F2D0F32AF266F4BDEBEEF9210F8E0EF1
:1025700002E850EEA6FCF7E82C0DDF0E36069801B7
:102580001EFE14F046F2E0E945FB5203CA0285083C
:1025900032FA87F2E0E521F5D9F010F0470761142F
:1025A000EBF1F9FE9EEC05F81FF47602B018BB08BB
:1025B000120112EF000255F7F4F6F8FEE7FF380EAD
:1025C000EEF8E9FE9F01C1FD930547FBE9F934FEF2
:1025D000F0FEAFFD68FDE008A604FAF85D0140FCDE
:1025E000EE03510733F9F0F93509770980095509E8
:1025F00015F87DF9AF0129F2C6092BFF2AFF790DE5
:1026000039027FFE8AF243FF76F2F1F8F3141F02DB
:102610004AFA28FDAFF3CBF9CF03ADFCB407F90EAE
:1026200074EFBCE09EFB20F35BF010F3F50231F891
:1026300017DC08E2BEF0D0EFA2E4A6EB7FFA14F6B6
:1026400047E818D7C60166E69AD68D0261ED74DEBA
:102650008BE382E612ED6BF6A2FE2216F7F020F174
:102660003EEE750597F848ED631A70168FF443F641
:10267000F4FEDB069EEA94D41D1CA3000D013CEB86
:10268000B40196FA57E740D989FFCDFD83F34C0E8C
:1026900024F713FCFAE311EC6EF459036C154201B4
:1026A000BF03EAF9BAFF230DBCFD070527F8AFF415
:1026B0002809BE09B9F638083709A5F6C300AEF6F1
:1026C0009509BA08C20024099FF92FF75CFFBA07E1
:1026D000C5F8FCF9E402C1F3A5FB270033F8450C6B
:1026E000A2FDEAF532066BEDF60998001102EAFB4D
:1026F000E5EF88E6D1E1F9D578F238EC24FECAF5A9
:1027000019DE2DE3F5CFC3E465EFB2FD48FC4703C6
:1027100062E549DF93F3A4014F0397E1D0EA3DEC72
:1027200024E285E465FAF1DAE9F19BF125E5DCFEC6
:10273000C4E3BCEA1CF516F390F5C3114501DFFBB9
:1027400095FA8F047FF4BAEA9D0DF10232F4BA00D3
:102750006A0256052FE37BEC57FE7806AF0448FA71
:102760004402FE07C9FF2DFCCC0E3116DFED9307A6
:10277000AFF96AF18FF283E5CD0B0A0E90096A0872
:1027800055F878F13AF099FE9C1155F9DC01F1ED1C
:10279000B6F5390534F8000561031309EF0187F533
:1027A00080F8F0073CF77CFCCC04BCFA44FB25071E
:1027B00063076C0340EED601E704900F9BF26CEBCD
:1027C00021043AE3A5F65BEFA506660B460AA1EAEB
:1027D000A6E553F5B8E145EAAE037AFD68F748F798
:1027E000D9DEB5DEECE2FBDDFCFF8A06F4FFCAFFB2
:1027F000ADEDF7F327D718F0A7FEF00E63F9EFF071
:1028000072EE8CE7F2F205FD79045E03AEFC260958
:1028100003EF51EB6EF735F76001B305C208E2FF35
:102820004500BBF506EB33F6550643F65DFF370171
:102830003208C3FA4DFA8BEC330CF70DF2F8A1F81D
:10284000FAFB7003F7EF25FC3B005711A805D000F9
:1028500014FFFCFACCE709E5261401167F0E53009D
:102860007319BE0BBFFA0A013116A01C3AFE1B06F3
:10287000660946FEABFE54F26D1173F810115E0E40
:10288000A1FF65FE650731FF3DFFE60605FD5E061B
:1028900043F55EF30CE472006BFD19F7B1F27FEAC9
:1028A0000AF7A4FAB6F5F5EB69EB070F8F02CDFF37
:1028B000750027F16ED91FEA24105305C7FB37FDB9
:1028C0005BF9EDF8C5EBFBEB1E00EE005418DA09DE
:1028D000F7F3B00D88CF44EE4EFD710A7F07BA08BA
:1028E000770CB7008EE71AE7E0FC27055A0AE810D4
:1028F000BFF131EE5DF2D8F843FFA50EB1094001FA
:1029000044F1B8FA14F0EEE7BD08A50D2EFFBE0C99
:102910000CF0BDF256EB1BE3680D990912099F02FA
:1029200019FA3EF6DEE3DCEAA814540FB5FB98F37F
:10293000B2039AEF90F234FEF507C7035BECC0EBED
:1029400077FE9B0189F923E8400712179BFEC70E0B
:102950003618060E05F3DBF2BD13EEFD7111D90238
:102960006BF6B101A6FFC9EB52FC97F559025AED7F
:10297000EF185008ED0096FB01084A001B0F38FFC6
:10298000BAFE38037CEF21FC43FFD609CF063EF5A3
:10299000CE0A8EF55BF090EEFA0312012CFF0C01CB
:1029A0004007BD0BFFECD4F7AC0FC0F92F0DAFFF04
:1029B000720BA5022BEE30F28504EB0D19FDA70872
:1029C0009C03C70D97FDA5EED202E806610B8D07AB
:1029D000710A36FFD1F1D0F466017C0220083E1264
:1029E000980C690EF2F5D3F610FE5806A71056079C
:1029F000AC088402D2F2FBEDE911380ED8FBE700F7
:102A0000CFFC75FD45E5F2F905148C050505C804F4
:102A10005AFFF0FB0DFF39EFA2FC9F0217FC150ACD
:102A20000801B11C8BFA78F18F0057196CF558FF2B
:102A3000CD18050A3010DFF3C61C5E0896FEFB07B2
:102A4000E6FACB0DE5FADCF682FA33F126FDC1F4A5
:102A5000BF179804B30F6C083403AFFB041B8E0A36
:102A600040F5BE0473EC72F319FAC6F447ED86F430
:102A70003E09B7F831F7CBFA1003430B1F0B0FFBDE
:102A80005A0D690321FB59F04503730AEAF9211035
:102A9000DE0F2F0502FC36056E0A620C9908910CB8
:102AA0005B09240914F6EDFF20FBDBFAD205B50E15
:102AB000AE0B2114DBF73BF7B7F72C0487F9CA01FB
:102AC0006208881510F764FA170265F866093C0475
:102AD0003207860C43FCD4FE4FFBCA005B0E61FE3E
:102AE000A102FDF5DDF779FDEEFE62FEB7072E08C7
:102AF0003DFFAC02E70D0900F1EF77F10B015A043D
:102B0000A90F7B11DD08B106F4EE57261F08390323
:102B10004D194BFDF90A03F6D709BC0389F26A0A7D
:102B2000BCF0DEFFF7F0C5145EFB791258FBF2EF44
:102B30007A0B4EFAB00462041BF014F50806830FFA
:102B40002AE72900C5F385EA4EF1D2F9A6FEC7FAB5
:102B5000AC0E850A40F1FAEFF8FDB2FADB05A107E9
:102B60002D05E414D5FE3E03AFFD6C05E50B6A05AB
:102B7000610C7AFDAF00700C7D014B032906201417
:102B8000140366FE9C044E0A1005CD013403BF07F2
:102B9000F9090E08EF07E104E6059402B9070508F4
:102BA000990D8812B004940EE1F161F898033BFC92
:102BB0008A1BB0021B072AFBDDE366D9BA0DB407F6
:102BC0001FFC5EFFE506891072E471DF2B0AE60246
:102BD00088FA6F0752039A0D21DFF0E6D40569F7F2
:102BE000EA10230F0F0EEC1330ED9106630AE10992
:102BF00088090C0585F197FA23050700C1091FF91B
:102C0000B501910B221611198E0E760E32013BF989
:102C100012FEBDFD3A0489FD9EF709F1CB00660165
:102C200080FBAC0672EBFFF42604D7F4A500D404B5
:102C3000970B53FE68FEBFF74200BF03A50E840D3D
:102C40007D126F11200446FA8B0081052B051A0DA9
:102C5000730A2A05B901B811FF08EF12E7025204FE
:102C6000CE055801E819CD0FF40FC4058A015DF9AE
:102C7000C80CB10E3F1B781B53004A06280160F3B5
:102C80003112AE146815BC139FE328E06CFFE0041A
:102C9000210908F61214D408EAED68D38301CD07A0
:102CA000FFF3790E280E0207FDD07EEAE70A310E07
:102CB0001C0B5D04890B9DFEF9E1F0E3A4FF85FA8E
:102CC0006F0DAF1D2916D20705F122029BFEF602F9
:102CD000EB120C105F0F3E10BB0575FAAA008C04B6
:102CE00007052BFB430BFFFF5C144302A504E9FE21
:102CF000B5FAE00792FF73EF3E023FFAA0FE1FF124
:102D0000190ECC0A59E36EFBEC0B27FAD60E2408F9
:102D1000CE16560B94024601C507B90D9306040D55
:102D2000901A1F160302E9027A077014F5FFA51521
:102D30006D0D660118140F1FB7FDEC0C4907240C2C
:102D400048FC69F34121B616290DFE0EFAF531044F
:102D500073070C0AB70C0A23A10539FDEEFBD2F864
:102D60005DFC85F7B711870AB8EB77FDBF01C50099
:102D700037092FFD5519CB1288F9D9F39B08BBFFF2
:102D80005702A703F5115C0307F3A3F9D80C7D05DF
:102D9000EA0AA0F8E7FC00FD05F537E5F304960420
:102DA00030FF7E0CD6060A24C3E815FA52F6CAF1A3
:102DB000020B1A042911E4FA86001E08C2E3E10A94
:102DC0002A0BCDFE560569EE1806E1142E06B4FB5B
:102DD0002E11D807C314B6ECB21502F43CFFC1ECB7
:102DE000B30EC60F1BF5D6F7F6107F0B74FE140357
:102DF00010141B08080682FF990A6810671408114E
:102E00000B15B8160B0987150507100A53154A0646
:102E1000E510160E090CF51C2814860D8F071A00F4
:102E20003906D5007D1C340D3D0BF0FF44027603BE
:102E30006AF50DFDED09360ED801480F220340F367
:102E4000D1063E08DC01E703DFFCDC0BB2054401E0
:102E5000820695FBF00D820DEE00300A26044BFD34
:102E6000E7FFADFBEAFDCAFC8FFC67FEF30CA30F86
:102E700064FA03FFC4FBF30584F8F3FAA3090A0418
:102E800072FDE7045009511106EE61F3B60238F302
:102E9000820E000AD300F1F2010C570D8CF8CCF031
:102EA0004B0AF2007CF9070B540C5B120A04E6F99A
:102EB000450680122E15F4016D113502C5F8640324
:102EC000140B7609CDFBF4F09F2370112E005A06E7
:102ED0008A0FD61722FA3A14C8FEC605220C910FA3
:102EE000241320FFD913DE0FFC13C7047406B5FBAF
:102EF0005102D809290AA012F902E8038AF3B7059A
:102F00001D0274F65F0BBF05C70C87063AFE4FFC27
:102F100085EB0201A601660992FF4BFF75F97F055B
:102F200014EEA7003A0C4205270E790B3801480829
:102F3000E6FCBF052409BB07C50EBB12AFFDAB0500
:102F4000AEF8A80443F798EBF813C209D0004F1766
:102F50004BF2C0FA2AF559E6060E24F2BA0DC11654
:102F6000F3EF9D03EEF9062307E460F20512F7EC98
:102F70008C132206371F131147000CFE19EE8EF733
:102F8000360397FBBC02A6FBE804E21233F79C076A
:102F9000F20CF607241377F379176D08B6F42207BD
:102FA0003A0E570C5EF461F39019D70F301F981941
:102FB0001BFFA30FCDF9C70F53FE56F44609CA0FE6
:102FC0006B029806DB0C750FEB0543061A10FB002D
:102FD000BC034213950D470CED0867F98509E1F331
:102FE000AC0FEB06CC0B240691FED9F3EDF55FFD9B
:102FF0003AEF11F49AFA3200710AE60A2DF9CB067B
:1030000065FA85F7C0140D139B0825001400BDFF59
:103010001500B706A4FBD3F174F6F1F8680AA00412
:10302000E60B67FAE9F757F2930E1912F408CE137C
:1030300004FEF0EC11E77EE389FFCAF67114931DDC
:103040009BF7EBF8DAF7FF11E0E2CEF4FDFEA6F80D
:1030500077FE62F4B71E4D0B39020708E6DEACEFCF
:10306000F2096F0E410016FED204F10DC903B60637
:10307000FE11B0FDC40D68FA0214721DA9E77B0AA7
:103080008413A500DA14C509C404E602A710941B32
:10309000A40A271120FC8A0BD5EE55E0F90CDA17AB
:1030A000AE0AD1FFDF043A0277E74CECAE13CDFF56
:1030B0004E0693142903CF01C3F1D9E6FE0B860512
:1030C0006909CE09D9F3D5FE20E6B8F693FDE607E7
:1030D00022FCBEF8EDEFD7000C0AE30171061305E0
:1030E0008CEB31FA470A1B134802E8FCB3FC1204CC
:1030F000950F53FF21FDE4FC63FC9F02520A240656
:103100001CF990014C011EEA610D74FEC214870F78
:10311000CCF552035DF219F8E20675037D14A8FDA3
:10312000DC074BE53CFFF2F8BBF61AFB1700EA049C
:1031300005EBA4EDEA20000DB702FFFA87E0D7EA1D
:10314000320315004506BF06790B76FC23F51CFCFF
:1031500075F102FDF2F74B0D800BCF0209EEB7F7C8
:10316000BA02C30394171F066BFCAD03CFFB2E0AF4
:103170008504A8F11D0AF3FE23EB8CD3960C3B15B6
:1031800044FA0001F1FC79FDC0E3F2E03F0AB5FA30
:103190008405A105C5FC2D06E4E9DEEEDD03F90199
:1031A000E50A1F0B8E0122F6F3E402EA230178F808
:1031B00008FF260444F0781525F953044FF65F07FD
:1031C00000FA02FF7C057D158A051EF65EF75001A8
:1031D000C20734FBBA0558F9800BF6FFC905200772
:1031E0004CFD3CF7F4F14202E4044408F3132B05D0
:1031F000DDFB2701FE00BBFA520BC80AE20AD80029
:10320000E602C7EEBEFB0D00D404DDFA69F7D5F780
:10321000A40F19EB6B1BCC1062FADC078DF191EA5D
:10322000BF065F062A03A8F892FEE801620CE3FDE0
:103230005AF5DA00EDF1EE0913FDB901D8F418FBE7
:10324000B4F1A0F2D6108F1641F9EDEEA008BC073C
:103250001AF643FE7D12350375EBF2E331094E0990
:1032600078FB6CFBEA0C5E007ED0D1C68C16A60FF4
:103270000E093EFC38FF38FC5ECF30DE5D158E0453
:1032800036074411400CC6F8DAE4E3DFBDFAE7EF95
:103290001EFFDCFB4305240965F3D80D23073E041C
:1032A00021FCC804C916CE12D7FE51FBEC09041349
:1032B0004D0C48090FFC2D0328FDBFFAF80F9608A6
:1032C000C8001506F0031B16E401B2F8460A1FF306
:1032D0007FFE18FE8F0E270E0AF802F7F3F42D0377
:1032E00069F6F1E0D00379FBF4F94CE550F564F9A7
:1032F00020F895F28C193B12A7FBD4F929E70EF9B7
:1033000003009903AFF9A8EF95037EF90C0343F08E
:1033100018FEBC05F3FBF1085FF49D09FAF128E5FE
:1033200029EBDEECFD0B200C79F38AF27CF46201D0
:10333000DFF66EEDFD15DC0A7FEC3FD7340BE504BC
:10334000CCF7E9FE551220048FE936D7C61248059E
:10335000800031FB3C0D071498C30CBF740A230195
:10336000FEF97B0AC1FDCA0421C34FD26104C8071C
:103370004002B103F901241C22F98C0E67FE40FCC7
:103380003CFFD7082E09F104DA0C20070DFC560C7F
:10339000C7F6C5F3F30AA0FB44086EF1AA02BBF618
:1033A000A303DEFB8802090CCFEBD4FC0E080DF161
:1033B000A10077FCE1014EF8CDF387F886F8EBFF2A
:1033C0009FF240E214FAE7FFD8F2D0E602EFC8E934
:1033D0002A02B9F47B0A60FB6AFD960284E701FFCA
:1033E00066132EFE6C0C5100F0FA6DF6440344F3A4
:1033F000AF015300AA0B780043077A02C8F49BDDA3
:10340000AC018DFDE00C4D167F06B5FAA6FA34F737
:103410003DFE05ECED12920E1FF33FE3E8093B057C
:103420005EF248EB08FC4F0A89F12AE6D7111F1318
:10343000B4EFB6FB6409300492E7FDCC100F460CE4
:1034400086F7E5FE4FF775FFA1B99CD3DDFB1DF4B0
:10345000A8EC32FE1A04C20CA4073D18ABF77101A8
:103460006504D505AD0764019F075BFC71F9EF02A8
:103470004FF88CF8ADFE63F9E7FDF0FE67002A0611
:10348000D8FB9901410637049B03EF01F400E4F4F3
:1034900098F127FD97FA7F08FAEF3EFA6AFFC7E72F
:1034A00043F6D4D797048AFD4BFE21EA67F736E14D
:1034B000160ED3FA8F0EA014C9EDBEF01DF96FF3EE
:1034C0000803300CBCFA1101DE078D079A005CF38B
:1034D0006E0A2AF6AA024D08A101CA02E30087FE7D
:1034E00054024AFC940FF30D310097F06EF3E7FF9E
:1034F0007BFFBAE7EC0333F806F20FF672024FFCDB
:1035000081F9FCE92B03FDF4FE01FDFFD306CAFBA4
:10351000F8E8EAEFC8FB2DF38E031FEFD511000387
:1035200049F396E874FC61FF5DDFA5E653FED4F62F
:1035300006ED370170062B026416BB1F14F6F8F671
:1035400042F7E4FD74F9A8F9161F030C03F5B10066
:10355000FD07F000D4FA19FD87FE05FE9DF4BCF9C5
:103560006A0694F68EF4E2F5EE059B041B07FB0455
:1035700062F5E5F522ECF3001CF5B00376F52BF3CC
:1035800053F9DFF39601AEFA2A0EEA0B2FEFC5E4EA
:10359000DAEC8CF3B001E2ED12EDE2F2DFE69AF83C
:1035A000F704B80B02052EF81CFE9D00C8095D0A41
:1035B000CE04EE03E30BA200390C4607AC0395F6EC
:1035C0003204760D73035DF3FD0388F387FD550424
:1035D0004CF974EE94FD4FECA10A6C022EF1B5FF8C
:1035E00037FA38EF88FBDDFD5217371205FCA3F4DC
:1035F000ECE3A0FA05EBC4ECD0FA860A9F0235058D
:103600009FF65EFE1EF0DCE9AEF2D8F740F54CFE08
:10361000D5F5DC020EF2C5F30E114C28E6FECEF411
:103620006104020BE9F093022116D31962F3DEF173
:103630003CF3550DAFFCAFFFA416ED06C6FA69F8D2
:1036400081F86B0017F6EBF819F9BAFDC200CEF657
:1036500084FC1E032CF2CFF4690D2B038FFA15EDB9
:10366000D5F8D80F791220080B0D9C18B1EE88F20E
:103670005BEB5AFC480711FF9F0009FA59F640041A
:10368000D8020E090EFEE8F41804C0F6B8FD4EF993
:10369000C2FE1CEF1114EFF5BCF1CF0B58E9D0E9D5
:1036A0007EF98700671210F39408DC0241FE7B0567
:1036B000350D1EF85AE768E8FA11210B610623FC64
:1036C00010FD2EEA06F4D5FABE103D05DF01A9076C
:1036D000B7E3D6F571F50EF5A50CE6F84201650DD8
:1036E000A8F48CF7BAE8CFEA26F4F4F9CE03D2F7BF
:1036F00090F7EBF616E9B6F55A170218E5F38AFECD
:10370000F4FE36FB71FEAFF4631A2B0631FB61F455
:103710005BF47EF238F466FBA60FA70BF7F846F0D1
:10372000B2F40F06A702A9FECB08A41167F419F59D
:10373000E001B0F8C0F4C30185F744F8FCF13DF4B2
:10374000130AA3FCD6FFB6098201F702F0F2B9FB17
:10375000CFF0B0FF6AFD80FBBC02BB006EF0AF0A89
:10376000A7FB1FF64CF671FC93F624047EFAF5FED7
:1037700055F16800240B3AFEE4E65DF959FE9BFD25
:10378000A3046BFA22013CF1EF039B11F601E1F572
:10379000CC022609F2E9D8F9E407C5017B00AFFEA7
:1037A000BBFDE0F00FF4F2F76B06DB049406380E75
:1037B0008AFBFFEB2A010BF37BFC18F08600990AC9
:1037C000A4F81EF58DFE9FECA9F33C076A033507AC
:1037D000EFF3AEFDE9EC9DE416FF6E194C0B3601DC
:1037E0002CFB2D0EABFCA8F22606D407E7FA3E030D
:1037F000ACFAE6FBF9EC7DF88B113702BBF317FC52
:10380000D3F273FB97F48404B40A78FE53F758F1AB
:10381000CC02A5104CEC78FA41EEAAED3BFDB1FAD2
:103820001E0F9A049F0C341718EE98ED42FE7FF895
:10383000ADFFA8F84E0BA50303FD35FBD9EF7705C7
:1038400093061409870077F686FAD8FEF5F869FE24
:103850009A0114077CF71F0978F5D6EE03FC2003C4
:103860008E0EB60B0BF33DFE190C69F8E2F332F243
:10387000460F190A940550093EF1EAF2FFF9EC00EF
:1038800095061E00FCFFDDF794FDC402E205E8F892
:10389000F10653F76E02BC0358026BF230F982F561
:1038A000FBFE290142F9F4F3B7F9960730F8540A00
:1038B000860292FFADF6CEF2F50B740F71FA27FD7A
:1038C000250C8405C6F6E6F6740D170E1B013900AB
:1038D00047053EF074F93FF8CDF7D907A700FEFA87
:1038E0000E01EDEFA8F61AF625FDC5F51FFC5B03EA
:1038F0004A073F15BBEEBFFDEEE2A2ED0B0853F900
:1039000061082A00EA1CC219E0E42AEC760BF707EA
:10391000C704F5FB0E1594FE5D03020891EF2EFD22
:1039200048F6A5097BFF94FD4907E8091FF743F90D
:10393000840CC910D3034707C20A04FEABFBFCF694
:103940007B12A0181CFD52F5C4F038FFDCF9720F91
:1039500090115B1C8DF8A7F7E7EAEB000206400127
:10396000DD040A11A302C9F84BED94F4B40305F980
:103970009A14B511DF0742F6FBF1E4FD5201C0F6DF
:10398000F315670E19F3BCF94108FCFA49086608FB
:1039900053167A063FEB24EB2700F704A4FD9B07A0
:1039A000051B6400FF03D50FC311E31510106E0053
:1039B000FCFF1D0756F9E401B6F8BEF47BF7B9F831
:1039C000A1FA08FBEC019C078803EBF95707CAF73B
:1039D000D31054173712E212E1F9B7E0DCF2AF0E60
:1039E000C8F98EE95116C3087EEB81FCBCE5F0F204
:1039F0000BF081F93A0412F8BD084CFEE002E5FC38
:103A0000C1F88CFE61F990047405F10639F618F8D6
:103A10006A0055126B04E70AA8001F0A3AF8BA13A5
:103A2000350EC2263F1F1A073AF2D4F2E70E71068E
:103A3000661DF61544FCA7EFDBFEA0FC0E04CC01CE
:103A40000518B4185FEEDEFC78F9CAEF76F8F402D8
:103A5000D02AE91CE3FC8108D6ED1A071807020BEF
:103A6000A31191113EF30505B10F91FFC7EB39F694
:103A7000DB18BD10FCF2B0FDBB0A6B1E550EF0FE4C
:103A80007E2A3C22120CB3018D08C4FC260A75055F
:103A90002A1E7828681183FD9200970180F987011A
:103AA000040E3E1FC60D1C16EB0B031A62FC4F00E2
:103AB000231D65201E2F8027C61A860300FDC2F035
:103AC000142320FAD9220616A4F88D001FE2D2FE94
:103AD0001DFE40002102720078FC67FC38012604BC
:103AE00012097D0980FA72063008A8F6D4F8FFF5AD
:103AF00020FB9106320335FD76039206F602EEFEB8
:103B00008D06C70732FD9FFD1100ADF9B3058D1677
:103B1000280A5A1E04010BFC46F5F2088707471DC8
:103B2000AC1E4D1BCCF62F063921A000F61E351217
:103B30008C325C282E053201C3052A069213AE0092
:103B4000C928D03478022A0A9C146A1B47114807F6
:103B5000E330771D580D6D0F9412FC27121A4701A0
:103B6000D3248529B60EB801F91DE1FF050420080C
:103B70005D23302C31FFD50BF90BF412E0FC82FBF6
:103B8000712DEA1A950D301244143914F80AB91E31
:103B9000F727C619230AE0F8E311A7004614F41723
:103BA000FE001400FFF224039704D0FA410B8F07A4
:103BB0006CFA81FCCC094F0A36FB02FA61F8670502
:103BC000FE02AFF55D075F03B8FC010004FB2908A6
:103BD000AD04ADF8EE07E8FB37FD7006F3FBA40477
:103BE0004BFD4FFF7401DC0A89FC67042EF0BEEE2A
:103BF0007610AF106FFAE805A30E2B05840A56095C
:103C0000AE0BB30D6FF65F0B3208E119F7FDA80993
:103C1000110E8710DD1AA4145116AF0FF911D8092F
:103C2000DE1BA81BB80AA8169919D01F40FD270053
:103C300040160818560C02FD73123208C9104106CE
:103C4000700775171E0AB0072206281C51066A1055
:103C5000F9130B0DF0025FFB640B14044C07EA0F21
:103C600006FEC4FE15FFF00DF60D84FC8113061947
:103C7000F110540588089708CF0662005C0CE60036
:103C800057047FFF8E00270796F5B301C708CEF8CB
:103C90000E07FCFE3AF7D5FF6706D6F672043D0A1A
:103CA00082FF170473FA7BFFFC06050A1D07160A3C
:103CB000650068008E04DFFF63071B04310A1A06E3
:103CC00076040EF82208F308EFFD0709E6F6680906
:103CD000C1071FFAC1FB75FBE1FA53FDFFFEF1FFBF
:103CE00066003BFEB9F58702DDF501FDF2F88D05B2
:103CF000EAFB5903D3F759F7A4FE80F7030479F8D8
:103D000032FAA0FCDA07E0FED7F581F21AFEF1FEE6
:103D10004E074A009C0359FFAFFF7904C5FAFAFB2E
:103D20001D0100FA3EFE2800B5F7A3FF88070D0825
:103D300009064406F3F86DFED0F8E0FDB5FAE3029B
:103D4000F20715F7760A2B0654F7E50451FFB40580
:103D5000670803F7A4F92D04B0FFE7FE20F9C9F7BF
:103D6000F3FF1903C4F60301180098F9DD038AFF75
:103D7000E4066E039EF8CAFB4A08BFFF80007FF985
:103D8000CFFE7209E6041106CB065DF708FDCE03EF
:103D9000E80630F82BFCD300DCF6420103023504C0
:103DA00014FFADF46907F2FD1FF9CD020DF7B3FD65
:103DB000230103FC0D0A44058CEE03EA45EEFFF6F1
:103DC000F6022AEF2CF8F8FBC5F7BEED7DF9C9EB3A
:103DD0009AF276F6CDF4DF010B078BF970F13BF325
:103DE000C6F64CFF53010BF9FD063306ECFDA2E8C5
:103DF000D7FD94FE3E0641FCB8070CEF53FCC6F419
:103E000015FD06F96DE62EF2E8F6A7F6D3FB4CF9A0
:103E100069FD61F877F08BEC4CF3B0F026F7E9F22E
:103E20001FE84CF799FC8702C2FBE8F8A4F47FFB7B
:103E300053F132F2DF011BFB6BF5FAF598F9DE0264
:103E40004A0ABCFCE206E4FB1EFC7F01D505450ADC
:103E5000AAFBAF08480127FC09F8660A46FA51FB9D
:103E60009A03B8FF4007ADF98B025000DE01E5036D
:103E700004F7E9F61E0340F819FE9700960402FDC8
:103E800086FCC8FDB7F61002320A2FF55C07CDF7A5
:103E90009BF2C6F7E6F5CBFE07F14CEB3AF8C2E829
:103EA0007FFA80FAE7FA5CF84BE4AFE1F4E629E840
:103EB000B6FF1BF795F017F129EB89E0E5EC19EE59
:103EC000F30185FA59EE21059ADBF9F1D6E8EFD82E
:103ED00083F40004DCF15FED71E769FBE2E1CDEA18
:103EE00029F3CDFC19F61DF4BC0327F475EC81F61B
:103EF000C5EB4CE0A1F14F0020F0FBFB49FB3A0978
:103F000084E4A0EACBEE95FA12FDD0FD61086CFDC9
:103F100014DEE1F48BEF4EF793F313F719F46DF120
:103F2000F304B50442F84EFD54EE02FD29F74A08A9
:103F30006D082909F4FEA6FD13037708D1FBBDF730
:103F4000C6F893089009C509750885FC2E03680317
:103F50001A139DFFD30004FC14FEF4094AFE1DFB56
:103F600091FE36028EF109FD6607E5FEC509ADF545
:103F700014F151FC7BFCF70614EDB6FA74E8BDD5DC
:103F800017FB880881EAE7E3DAF781F4A6DF62E14C
:103F90001708BB0124E5BFEE96F4FFF2DED260DC29
:103FA000C513B30BD6F03EE6DAE19CDDC9DD2CDEAD
:103FB000C9FC330A83E6ECE636E9C5F993E988F9EA
:103FC00042F9D103B7E6400287F8CCFAA5FC4506D2
:103FD000E3F04DF9650BCAF93EFD350521121DF9D7
:103FE000A5F679EEC8F449FE0508910836F7D70121
:103FF00028EAA8E6ECFF78EF9DF14E040AF8690B79
:10400000D4EE49FB87F01405790B10FCAC0207E8ED
:1040100048F14600F001110112010BF720F9A1FE51
:10402000C900EDF899FD96FD62F65FFBDB099E0A7B
:104030004C0756055500080111021F083A0DAF0F35
:104040001DEFDBF8B9F4F8E5BCF7C6F0D30E1CFFA2
:10405000AD14E2FE28F1D9EE51EFB20DA1F5F7EB68
:104060004B10430E87DBF4E591002AF9F7E7D5DE24
:10407000B31BB81381E615E6F1F2C5F66DECFEFD53
:10408000E10C501547E860F58AF375F6D5F45BF25C
:10409000D50D4802EDEA0BFCACE728F806FB50F41E
:1040A00018048CFFD4F3C90003F52F0645FE550C08
:1040B00009FD6DFB3803CFFE16111F040C055908CE
:1040C000BDF853F71DF4CF01C6020F02EF0EEB0847
:1040D00089F6C1E512FE24FC4903511260171E0C3B
:1040E0004BF58C08EB016808FD236F036300D5FED8
:1040F000D003C0FA73F87DF245FD8D0608FD50FB34
:104100005F09B6FAC2F9FC01C104FE0993FC9CF9EF
:10411000B50B221356FCDF0547F0000B50127BFB5A
:10412000EFF84B0505031B1367EF11F748FCE50F8C
:10413000200C4701430201F581F51F00B311650111
:104140003302BBFD47F960F3E7EE13F58BEFE2F3C3
:1041500031FC02FEAEE92CF891FCC30B1CFCD7002D
:10416000BA0F1011E7065FFB41099D0AC20155F520
:104170007C03621144FD4AFEE200680B470278FFAF
:10418000990D500FADF60BF470F9F40855FCA1072A
:104190003CFA0900CAF4F20907015B0744F7B5F8D5
:1041A000E8073D008D0140FA460445FE6CFAB0F682
:1041B000680CAD0595FA2BF433FC5906950D93F276
:1041C00076F4B7FDFFF645F6BF09080E4E04EF077B
:1041D000DEED0CF27BF751FF62FC6AFD38F5FE0163
:1041E00044F74F0893F770EA8FFA6AF7BF01E205C8
:1041F0006FFB9E071203AEFE981129EBDD0E450002
:10420000E4FB0701340AA2F937E6C0FF87044AFC41
:104210007D0C9904D0F7DFF28302BA077FFEB8FD68
:104220002F00E1EEE6EAF0EC9609F6F966FFF3F608
:1042300009F3A7F7AFF21C0AD10CD60C8D0C4A0B70
:1042400022044B094D0A9C00120B280DB20A3602BB
:1042500026FD4B09A2FD1F0193053FFF1D04CFFC66
:1042600062018EF83CEFF0017C04C7FFC5012CFC15
:104270003CF8DBFA94F644031004D3F704023FF54C
:10428000D105C7FE85FCBFFF4FFA74FC1F0185FAFC
:1042900024019B056407D00A3D027EFE4CF727FDF2
:1042A0002EFD52F6D40C3AFB85FD000DB6FCB6F59A
:1042B000DAED9AF0161279045C09FA03F4F80DF7B6
:1042C000BD023CFDD006AEFC700110FE2907AFF523
:1042D000C5F60400F2FDB00C5800AAEF2F053F030D
:1042E0002F1B7611C0FD42F970DBCB002DF42F0A95
:1042F0006B067E03B1FCE5FBD0FB29FB0204E70063
:1043000015EFCFF05CEE42F2D80F8F03130D830050
:1043100007F882FDAA09170D4609180CC906CA0A32
:10432000F8EB7903711C4A06A212D903D60305FFE4
:10433000190A2309B50587EEB604F5FF12FC86FDC0
:10434000A1000F0219F73FFE25FD8809A30955FCBE
:10435000F4FCF6F644032F03C5F9CD045FF754F8D7
:1043600049F5CAF11008C2FA13F47AEBADFF60FA0E
:10437000210198F9B004E12165F394EE5EFD7F0020
:104380007EF325F03E1183FF13027A0894F690071E
:10439000BAF21EEC3A1527F208080D01D10EECEF27
:1043A0005717CAF275EC0DF9A1030FF77802A9EAC5
:1043B000DCFF080FFBF60D03A90A66E5EB09440CC8
:1043C000D909EA0D56040AFA80F3640907F70DFFCC
:1043D0008A01E3FF3DFF3F0DD20A60F879094A00E8
:1043E00056FAF5EC7500AEFC41112D037DFEC4F9C3
:1043F000E4E8B4F35BF66E0F1D0835005F08AB030D
:10440000B9F60C12750D940ABCF86D005C079EFF9E
:1044100076089C05150680FB8E015C069E026402F0
:10442000F30D2D039BF6F4FD0FFFAB03570BD905DE
:104430008F039E04FF059BFB55FB08F733034D04D8
:104440008DF26FFDC1F7D50369F9C004BA00080603
:104450008AF1A2F042015D0E32FF9DFA3E062DF96F
:104460003DE633F0751BF033D50A68111D18532A49
:1044700031F4BFF2AA1644FCA9078AF4EF0A6109D5
:104480005EEEFAF33A05520E7B0272F55A02F1F52E
:104490000107ECFE69F228F4D6FE74FBE50B570B1E
:1044A000A0058D06EAF9C4F150EF5205850C6BFBAF
:1044B000680172FBABFF0BFB5C067805AD061409C7
:1044C000A0FA14F8FEFA86FCD0013CFD350460FE2B
:1044D0005AE5B6E423F9D1122C1091FF210015F40E
:1044E0003507D40FE817301355FB10EE43F803F5EA
:1044F000B007870ADDFF93FD3003E60634013D0B6C
:104500008604AB0D2EF6B7016804A7117A0C8F1044
:10451000CC0D1E0BF3FEBB07C50150FD1803890629
:104520003AF5ACFCBEFC49141BFFA8FBAA065102DD
:104530006BF0CBFB1C11471606F7BFF1460D340696
:1045400083EFB3EBB82A3431DA098D05D01B961E00
:10455000A0084CF7AA219510B70AB1013A053BF41F
:10456000B6F2CE067B01A70208FDFFFD46F473FA02
:104570003B030300BB016AFB45FF54FBC404E61385
:10458000E504E2FABAE960E43DF48606FA02F602CE
:1045900069FBAFEEA3EA79F8BE1794194AFF9BFDB9
:1045A0009CF7EDF0E7EF28F63E1114122C062EFCD6
:1045B000ACEFF2F7ECF6220EB20B63098FFBDDF1E4
:1045C0002C0B2D080F05570934F3ECEA99EB9AE709
:1045D000E60444FB5BFD42007BEF750112E125021E
:1045E00041099608CDFDD003AB023F13F5F76202F7
:1045F000430A37FF31077C0765097EF67C031AF909
:104600005AFFA4EDD4FE47113104F5034A03D00448
:1046100082FFC5F0680F8812770163EDC8121F187A
:104620008EF675F0E326B22C76F164105027412403
:1046300055033B00A50C460BE705A0FF62093CF0C3
:104640003D012205190BDEF67E04B1F33EF9EBF0D5
:1046500061F42B047702CDFB6EF89BF3D5F97DF165
:10466000B0FA1CFDA1F9A6F144F2AE05CCFF92050B
:1046700060F85EF861E3D6E1AE1A9714580A5DFD62
:10468000B0FAA1ECF2FAE2F1471209FEA60AC50758
:10469000A0EFCDF10BF7E110170B53FF9CFA5CF282
:1046A000480CAC0B960BBC029CF11EF4B8F821F53B
:1046B000860DAF0AD2061C00E2022F06CCF204F7E8
:1046C0004200EEF7CA0768F616030118D302140574
:1046D000AC026F0868F039F7A1FD410892034BF76F
:1046E0001BF892E824012DFDBCFF2A0409113109B1
:1046F000E8F129FB6C13CE16E5015EEFC61F381DED
:10470000A6119116831BD70F4EE86A02CC236328AB
:10471000B40D48044624560E870793F9DD1A0FFDA1
:10472000E2FFC80583FFEF041A097FFACDF7F4FB17
:1047300024F7AE053F0B0609F1F4B8FC38F811EE8A
:1047400028F7B6EE2CEC07E7770C8D0359FDD3FF65
:104750001DF4DDFE41E779F4531338054806F110E6
:10476000ABF5E8ED6EF939F76505FBF438075BFC4E
:1047700087FBD9057BFB45185B015D01BD0C8106FC
:104780008A1FF30FE516B10B46F56900FEF3BC096D
:1047900055FE63050A01391511021BF30708E209EA
:1047A0007708F8FEF0082EF5BEF64D03EDF66AFB2D
:1047B000CC00FC042EF89DE38D03B6075BF878F976
:1047C00007F5FBFEF2FE0A06E01599013A149C106B
:1047D00087FDD6068BF6B70CD10CBB026717C81E37
:1047E0007D151902E119CD151FF7B6F7E80D8A1BE3
:1047F0005E0AEBFF6F08D90E1701A6F2C20399EB10
:10480000B4069CF7C8FB84F60F00EAF81D0B4203C0
:1048100079FB1BFDBD1108FB0CF899FC83F63AE807
:10482000A7EDEBEF6CECACF12419B913FD02FD0818
:10483000DCF482F0D0F5B0F5D1FD4809E50D39067C
:1048400064FC29F9C0F9F212F60280FCFA0E5A183B
:104850005FF68D0A7F05EF026D0864F4E4095D12CE
:10486000E81FE718080A2CFE3C06D5F1BE0A91069F
:10487000D8013208180E5B1566F003F5B404FC0489
:104880006DFD77070605D701C8FEB00A290393031B
:1048900000FB85FA87E62EED7A032E0872FBFAFFFD
:1048A00088F9AF06C6FA87FE930B6D09600E6DFF9F
:1048B0002C03AD04D3FB82FF290AB5FFCE0FB90E3E
:1048C0009F078C05AEFDBE0F75ED40FB0BFE52EC55
:1048D000FB0FA707BB025F0404F378F040F592EFEB
:1048E00047FAA407000893FE41008203DBF9EAFBC4
:1048F00043FD5DFD8B053EF404F45F0C1DECD6DE3C
:10490000D7F641FCAAE90DEF6114B5117EEF3B002B
:1049100020F7FA01C1F79B03861088136A0DE10B9B
:10492000AE0086F9B7FF850DC502BBFB341F8C2B8B
:10493000AC02E6106A082F0191FF8FFAEE15731989
:10494000FD0949055EF9F109EAF68A02570CF70DEF
:1049500086050800E5247519C3F6CAE7851009071E
:104960003F086DFC2203930023EE290181114609C3
:1049700092FF46F7B8F5B6F751083A1223FE6304E2
:1049800011F43EF4DCF484F5510E0310D3FBF8056A
:104990004BF6C1FB7DF557F933116711CD0B52FC76
:1049A000E3045105A10FC200F2FC81E9ADFE4FDB2B
:1049B000C4134106B6F21504AAFBB2F95AE290FA02
:1049C0000701D0FED20DACFE89091DF91509CD03F2
:1049D0008B0F8DF37DEBEFFB17E94405380A96EE5C
:1049E000590647F94104EAFF0A26FF02FBF60BEFDE
:1049F00076015D0730016DFD550C6D00BDF2CB07F2
:104A0000DBFF8FFBD903460A0D09370208167C2706
:104A1000BFF7AA0529F54CF087FDF6F9D72FBA277D
:104A200017F98F11CB032C1216F293F18420861EF6
:104A3000130AE40E1C1DF5126FEBBCE0600EEE0CC9
:104A40009F0FE8F11007AD01BDFCFA05250E3D00F2
:104A5000FDF115FFD1F177F531037E17E0060AFC71
:104A600043072307B7F9EDF8360D0A0A16F4220CAE
:104A7000D6085DFFC5FFED0EDE0757063C10FB04B0
:104A8000CF005A016DF7EEEC14FE11F272E463DC14
:104A90000712AA0CF9E729FF420410F096FA09F070
:104AA00046FAA2FC3000EBFAC9F1060463F6C40F23
:104AB000080F720574FDFC0893021FFF80FEF5F0DD
:104AC000F1F9F3F7F8016407AA12261869E6F8D09D
:104AD000A7F6E3FCE1F6C5EF65FE8004E1D7F6E456
:104AE000FC06780B76F9DDFADCFF26FBE1ED1C0D08
:104AF000F3F9B5FC35F536EB810188F53512521521
:104B00009CF96E0D9B0AE4189CFDB6E37D21261FDF
:104B1000EB11B7076519AB16E8EA68E3471A7A1490
:104B2000E5F8FC04EAF408EAC2EB2E063205D407E5
:104B3000F3033D0920ECE7FCD108DC1530FDD6FB82
:104B4000FCFFB00E77FFFAF71B1728F4A6EDBE03A3
:104B5000BBFB4AFC54F699FC6CF8D906AEF8B7F8E2
:104B6000770996147AE7C5E5D8F74BF5C3EC8DEDD8
:104B7000F619011109EF76E6EB011C0158E431F159
:104B8000690534136C04F6F54401E10628FD070BB2
:104B900006215804E0F61EF706F551F6630D42F2C1
:104BA0006B0619FCB0082D048407C60704E67DD205
:104BB000850BD40C5BFAEDF66D0626F8DAC2DBCE77
:104BC0001DFFC80C61FF53F7B3F8390744C9C3E5AB
:104BD00071040B053FF967012BF8450065FB74FC78
:104BE0002CFC6F096CFD6D11AEF878F39C0DD6149A
:104BF000C60BB002B4181209EBDE87E8EC020B100A
:104C0000ABFB6F025EF222EB6903EF04A90322FC07
:104C10009A0553FDF5F3C901A21D790FD9EF7AF179
:104C20002303260CAEF911F5960DB202B8F4AF08C5
:104C3000210C2801A0F60AF033FBD6FC90F8D8F836
:104C4000C0FD35F9520016031FF258FAA3F0F1F334
:104C500037182A1122082DE100104A067CF83AF78D
:104C600025EE78081C099CF626F460EFF8F9790324
:104C70000D126D16FDEC63EA78F748FB7CF553E7FF
:104C80001111D31310FA2900B901F8FFA8E64BE37C
:104C9000DE01B40CBD03530028039A04EEDBB7C455
:104CA000EE056D0759F88AEF6C0616F85FB21EB56F
:104CB00066FA8AF592FA5F08180A22FDF6CB09E433
:104CC0009A025EFBC60D0D1242FC58E552EAABF4A7
:104CD0006EFC8406DA135800E3E433F989FDA2067A
:104CE0009DFCF3F572D80AD78D004716CAFBBEF3B8
:104CF00009FD6FFA80EEEAF1681473070CEC4BF7CC
:104D00007B0AB0FF330988F007062FF058F494F6B9
:104D10009305760365F054EAADFAD8E996F465EDAB
:104D2000C006BC0130FBC7084AF5F3F62CF06AE870
:104D30002807D90E0D0E030AAE034F0D72055CF461
:104D40003602D0FCE0FF2E097DFB2AF26D0276ECE4
:104D5000FBF45215F6F77BEDC9004507D4FE13FDB1
:104D6000460D730EC3FC3DF7A70A740A93EDC1ED1F
:104D7000C50F45129CF9FAFB5BF9E8039ADCC0DE2B
:104D80005806B0023AFD0BF670F997FA79D300D0C5
:104D90001B062F064AEDB900BAFB0C0CAFDDDFD5C0
:104DA00016FC7606A9FA2713FFFC24E7FCD71EEAB7
:104DB00025092CFB05FCBAF5B1EC3408F5F6CCF767
:104DC0000A080E0091EA34E6EB03EB09AB067BEF31
:104DD00038F3C8FF35F48EFC6A14EEFE00F9F0FBE0
:104DE00012045D03BDF382F1BD038FF757FAC807C4
:104DF0006F0B2B02D8D844DF6EF1CFF2A8F193F5F8
:104E000085F733FCE3F8DC0D970350074EEB5D01AB
:104E10004517200D73016507F6037A015DF359F715
:104E200044034B0F30058002A0FBBF06ABF6C0FC6D
:104E3000DCFA7A0FA6E743DB61FA53110C031D0C71
:104E40007A0C9C0525E7E5F9B804B4107409350817
:104E5000D9062C1132F5DBF7150120E817F723FBF3
:104E60001405680A83EF62F134FA3300D1F3C3FB0F
:104E7000CE0386F9C705D20BC0FC35F4E4E9FAF598
:104E8000410565F6510B230E53F764FB08E6CBF89A
:104E90004BFD06053D0566F952F52F030FFF02FC99
:104EA000FFFC310AC2F52BF0C80F51160301F506BD
:104EB000240DF6FABAFBB6F93C0AE0FD07F4FEFF52
:104EC000DD0F6D0986E925EB63ECB5E892FDC7F7C8
:104ED00089017E1777F5E8EDCEF96600000B18FC26
:104EE000910451FDCFFC63041E152E16A1F7030299
:104EF000570998011F0C8403C40A19FBE4F25E05EC
:104F0000E2FD4314BFFFBFF78FF522017C01770C50
:104F10009C256F257BED7ADBBDF7C603880DC7089E
:104F20005DFC74F771F475FC52067C0F1E1B862421
:104F3000D4087602F1F6F3F977FB3AE7D818C91EE0
:104F4000210202F50BF475F3DEE780F42A101D113F
:104F5000AEF24DF9A8069D14B6F00EF30E12080A33
:104F60005CFE98FC271C680C39FFC9FB60F4EEF965
:104F7000F6FC50F848F707F5E4F2700E53FEAA0766
:104F8000FDFDE60844F06CE9FC16A7051500AB0032
:104F9000C101470575EAE0EEECFF340218F889FC20
:104FA000A10EDB0293EB8CF226EF1A00B3F488001B
:104FB0007214B104E9EA79FA05FF6608D4FDB3007A
:104FC00007FF39002CEA3CF7EA1CA70796051503F2
:104FD000F11539FC3CFB8DFECC10FBFBA5FA94FAD5
:104FE00052FD72042A04F5F92CF986FCC105E90783
:104FF0003617DA12FDF230F08CEF52010DFE830508
:1050000044064C0319F45BF67E033CFB9B18AE256B
:10501000FF14A80416FD8A0EAEEA0DEB5C0D6A1CA7
:1050200012F8030323F3BD040CEF92F15814081493
:10503000BAF4D901170F811810FBA2EC8915C1052C
:10504000A8FB64F524127005C3FF2FFD16F8BCFB06
:105050008BF515046101B5EDC3034203FC00D705D0
:105060004AF0B00134EA3CF8B505CB1277FCACFC51
:105070003CFF440850D4B9D79E04D901ED02ADF8E5
:105080001812390604EF76EE42F5C202F2F9B9F5CC
:105090005D0D64FE53F8DAF92C068512C5F26B0536
:1050A000B60EFDF34D008D01F80E7A03840ABCF9AB
:1050B00008F84EF75808A5FF850B9C08F9043DF940
:1050C0005D0AE9041800780A4DFD1FFF20F6D103A0
:1050D000480760173BF1FFF08AF43C09E312700DBA
:1050E000E401030512F26E024FFA6F03E7160A1984
:1050F000BD042D036508C20099EBD3E959126B0B6F
:105100005A082C103DFDCDFD9EF6D1F5741CC9103A
:105110007710FF12FC0AAD0F0B0383082A0DB900AC
:10512000070EDB0968196907B0F99CF7BBFE5E0B37
:10513000AEFC9AFD9DFF70FD340BEE0B75F8F5FB90
:105140003908D9FF50F2D9E6720C4FFE220393EED4
:10515000A308880031C83DD941088EF615F17FEFCC
:105160001412740E54D5BBEBE700FA0CE0FE9DF868
:10517000B405D3FCC3FCEAFD8D053A148FF7BCFBE4
:10518000B3F8A000E8F93CF89E13E4024DF377056C
:105190003AF4C3FB570E0A069C024D01EE060503C6
:1051A0007C0898F8440734061402200294F98A080F
:1051B0003B0A1A0BDC024EF6720C480C7A04C5123C
:1051C000ECF628EDABFE4C055FFC6F05D40E4D12DE
:1051D000BFFC1E044A03AB074F00D2F06DFF1F1047
:1051E000D602FF086E035B032DF65FF5C7072A1191
:1051F0006B00B60F850BE4100FF12001521C3B0829
:105200000C011C07C90B1B05D7049A03ED03B8005A
:10521000F314A603DF05E5F5A204A20179EFE1EBA3
:105220001A04F4EE3AD5D4CBF50A21037CED52F5FD
:105230006AFFD41195CEADE873FE8E0A83F929EB8F
:1052400007047C085CF28AF7D014C00B6AFCBCFD32
:105250004C047CF34E0736017105F0177CFF1F13D9
:10526000CF0457023506A308F9026BF474F6E7FA87
:10527000D005BAF97B0E920215FC41F7E3FC89FEDA
:10528000E4077BF95EFF82FDA5021C003D086F0765
:10529000F902E6F9B3F39B0EAD02DAFEF4FE58F024
:1052A000C5E7CCFBA007B6FAB008DD0047FA271C1B
:1052B000CA0142ED85EA15FF860EFDFFB104180C08
:1052C000920153FB6501170110EED600850B500EBD
:1052D0008A00BEEEA0FE5F077A0067FBEA0E5D0B58
:1052E0008EFB19EBFEFA5E09B6EEF6FAFAFABFFE8D
:1052F0000AF1B6E1F90928F257F185F395F63AF08B
:1053000044EEBBF73AE465C98DF9700744F90FF232
:1053100071FDE1F91BDA56EE37FF760873040AF9DE
:105320006DFE65FD33ECB1FF1D09C110D7032A15D1
:105330003901140FEEF5C0084EFEB0003B10DB0E35
:10534000DA0081F7C30E73FE1F0085035DF91106B5
:10535000A20BEAFC0B06E5091CF581F6360474087D
:10536000E3FD0A0190F689FD46FD60FE120590FA04
:1053700002F859FEC3042F0460F75BF9EB00C30089
:1053800084EE3AF248F2F8FA40FC9D11560F2314CD
:1053900028F511E21E007AFAD40862072717AA003E
:1053A0006DE11FDE30FB6EFD7EFD9A0B2D02380491
:1053B000E0E543EE47F685F664098FFF3300A0F67B
:1053C000C6D111D065F45F01E0FB300967130C070B
:1053D0004FCB74D446FE3DF8AE044D12AA0AD7084E
:1053E000C6E943F7C3EFD1FE3811761105036A0A07
:1053F000FEF8DCFA97EBB3023FFF90FCF705F3F4FD
:10540000A5E487D09F0793F1080F9F11D70EF011E5
:1054100075E353F4E3FE1010290F991325FBDE0604
:1054200098FBB408D5FB12FDE10421FEF20BC0FC91
:10543000AF00D500740A080545011DFAE4FC78FAAE
:10544000AC08520638044B055809F4021303F5FF63
:1054500073FE52F77E00AFF7D50575F617F95902BE
:1054600060FF2D01A1066F00CBF68CFFE5F60FF56E
:1054700099FF8EFD58F61D05F507170F66FEC0064D
:1054800040F26FF221065EFB9E09C0F9860619F80C
:1054900023F266F76300DDFD29ED7DFA3EF0DAFACE
:1054A0009FE989E69AF2F2F909FD35F3E1FD78F812
:1054B000BBEEDEFDD9F63D03FBFFF607F8029F10B9
:1054C000B3F88AF275FA4BEE7FF7BCF2710542022F
:1054D000B9EFBFFFA3F137F45B0C2010F3095908B3
:1054E00067F7D0F448F669F9F70E27F9E60795F360
:1054F000ADF703033DF8EBF8C806E6F71CFAA0FA8F
:10550000F107BC068EFD7A06F501A0F66CFA6D0077
:1055100079015908C3F991FEA6FF73FF1EF7D7035F
:1055200072FD5105480734F841091C0005FE820848
:105530001AFE78FD4001ABF783F911FE02FE7B01F4
:10554000BEFB1DFBDE04410434FBA80087FC3AFFD0
:1055500031F704090105C2FC62FF61026500E40342
:10556000CC0824FBFFFA6D05F503C5010D0101FD13
:1055700053027203C8014BF756FC1A0226FDFEF5D2
:10558000AD0BC20E3EFE34F55FF28AF081FCBFF92E
:105590009D121EF82808190B5FFA06FD21F29804E7
:1055A0005008F8FCC40481FF0A089CF815FDC3F7F5
:1055B0008E02A6F6B3062CFD2EFA0DFC9CF6900981
:1055C0004BFB35F6860052081602AEFFF1077F0549
:1055D0009E0896025C00F2082805CE089CF728F683
:1055E00059F8EE03FDFEE4F74209030268F617F6E8
:1055F000C0F528F923062FFD31F8F302F102130755
:10560000CFF63DF6DCFA17053B059E08E80609F9DA
:10561000E407A9F7760431FCBF0198FEE7F73AF9F1
:1056200098088004740AC80ADAF420FB1AF5BBF65D
:10563000570298087C0482147AFDCAFC68F111F9BB
:1056400026120D108E087AF751F078F0AEF03CEF8C
:1056500026024008E3FF27F390FCEAF6A9F145F89B
:105660006B152B0DC7F652F61DEF3FFA75FDA9F32A
:10567000090F620AAC0269FF54FC27F0560818EAC9
:105680007A19DD05FEF98CF62BE9F8EBD6EC4EE441
:10569000F210CE074D087A05BFF6EEF742F380E62A
:1056A000E60B62FC33EFF4ED58F589017BE8FEF977
:1056B0008402EEFE540E58FFE6FA08F30CF6C0F230
:1056C000C0F7BEF716FAA2FDFA001E0519F7370853
:1056D000E3F5CDFC8502D4F6E9FA31000003C2FB04
:1056E00000F87B09A100900110FE2AFFF4FB95024F
:1056F0004305150A38FA5701F2F6F8F119F7F4FAEA
:1057000093FACA04450129F6C6FBA500DEFAF1F6B4
:10571000FC0E0E099613760062F798E563F3D0F05D
:105720000C1BF817CE0FEF179EEDE1DCF3F277EDCF
:105730007F1BA41A2119D40740E4BED17CF337ECB7
:10574000EE0E2C0CA8098E1B55F2B3F277F62AEF59
:10575000D6048213D811281E9B005AFA7CF053E716
:105760001420CD20260DCF0CBAECEFFC11F5EEF590
:10577000D82AEB1AF809B50EC6F327FDBBE41CE4E2
:10578000F014280A2C1394F9770536084BE532E714
:10579000E60CDF0293FEC8F62D02C0ECFBF2EFEB45
:1057A000770D270B98F90410CEFB16FE4CE49DEA0A
:1057B000CBF7D80117FBB00139F827F94C0393FC5C
:1057C00056F6430219FAB1F9FD0636038B063FFC83
:1057D000A804D1FF04054C16C4F8FCEF170838FEE6
:1057E000720173FF0714A809E1ED01024B00CFEE2F
:1057F000FA07BC09E40F0F1743FBF1F251E3B0E3E2
:10580000310A39240C1D110CF8E14EEF2EDF1FDB9D
:105810007312A90518155C1A2BE161E796EFEFE00A
:10582000B51A0411D90CB204B4E6E6F22CE601E094
:10583000790A1D1134124320A0F222EDADE191EF5F
:105840009201DB096B08800B84F9F0ECFBF5A3EF08
:105850005D151015B2126F09E7EDF4F6F9FF09FABC
:105860005F052107B20982FD0DF57AFCD8F78E029B
:10587000C5F6050802ED28F01F14D31699FE1BEBA0
:10588000C004FB05A8F2F1FD8CFA02F19C059AF721
:10589000690634FCA9FDB304DEE9FB06CBEDED059A
:1058A000820733FC75F69D053600FCF977FCAFF9ED
:1058B000860814EF110E57121DFA97F3E20E0D131E
:1058C00057FEDF0BAE0E051295FC0A015EFC24EBC1
:1058D0007CF7FC073E14710097F59D037DE2FFD62F
:1058E00096090119AA107D0D86F19EEFD0DF7CD6B6
:1058F000B30EBE176611ED169AFC540322DB09E8BD
:105900000E06A10923FDF70575062E0973F0BDF8F3
:105910005D0D4A05480ECC0F2AFBFDFBEAF7E1F7C7
:10592000730B33115F135305680896FF2BFC29F0A6
:10593000560FFB1B5410BE0D29FEC704C0F806F01D
:10594000AF02ED0A79FFF8FCC00BF707A1FA4E0889
:1059500023F8C2FD3CEF7FFA99098F0EEE03F8F8A9
:1059600076FF1A129C008D1585014A0FFB0D370D2D
:10597000BB0EB6F6B0058CF5E3F9770F280DA7F846
:1059800035F99E074B016108B103C8FFEA08C0085A
:10599000920AB406F7195417DCFC85EE32F8730846
:1059A0005101A9FBD60EA01358FAB2F060EDD1F464
:1059B000B405A3058608230B85FF16113FED36F5C8
:1059C000DDEDECFDD1EF7803C50EF30F89E9E7F7C4
:1059D00015FC0907F0FBBCF9A0F97E0FB0EE2A0117
:1059E000F4FE34FDF7FE8FF7871278082F1372014B
:1059F00037F60EFF0FFB040D20FF600369FF21F552
:105A0000650C18FC3110A8072B043EFF96FD0BF423
:105A10005908620628FB3EFE36F6C303A4FB23F2B8
:105A2000F6092009850869FFA3092F0397FD79FE70
:105A30007B0F60FBD7014703E6F9170948F05EF9D1
:105A4000D000910DBB0416FDB3062B0C15F67A00A1
:105A5000710DD7F861FC2502C709AB0363F6F40C9E
:105A60000305830D7C0A110F770567F2D9FEE8FF65
:105A700097EE650314FE5B101600B7FF72123A072B
:105A80005500EAF12216291155FAA8FE2BEE62FA0A
:105A9000E2FAEAFF2D092EFB86FD870B90FF37F116
:105AA000D8F02BF609F1F7F9C40C990590FC990E82
:105AB000F0F972056CF549F42AFF2501C608590F63
:105AC0009CF833FF4FF4F4F39008A6071B03A810CB
:105AD0003DF3F0FCCE033D04740B920D9E0E39078E
:105AE000D0004BF87B0639F3B0082B01A913D70A75
:105AF0005DFAD5FD36F6CC07CE030E076A113EFDE2
:105B00008A07B3FBF4FEB7FEA207E6033B018BFE58
:105B1000D006E106C3ED44F4A007CE0CB9F410F2B0
:105B2000B1066C13950334139AFF2D037BF3F2FD3A
:105B300056FF8A013C0A630821FC010AD0F3F7F4FE
:105B4000F9FB980B2B09400D3A0197F06B0074FD9F
:105B50009AF3B2F2BEF71BF850FC49FE9E019B0F70
:105B6000EB0BEFEE930DA603280641FD95E81EE72B
:105B70004AEFD004D4FA01020C02D0F7850556F79B
:105B80001203A4F0D701F9013B040B0E7CF90509BF
:105B9000FB010FF5CBF112FE7E0644FB3A05CC0467
:105BA000DD00DEFC90031BFA54032205570C6C0841
:105BB00047F3D400AFFF3EFC03F590031A07150D21
:105BC00006EF1CF684FCCEF367FAEF08361BA21230
:105BD000DAFA05F354F3DC00D00B6612FE19AD0EB1
:105BE0009EFA1307F2F156F43B0071059C04EB0397
:105BF0003B0369F60CFDF3ED0A0EFF186DFAC804BD
:105C00008F00450750F3B0F1E706790108086BF6FD
:105C100060003D02AF072400400140F734FD66FB01
:105C200056F6D40425FBEF0B15ECB8EF97FAE10C10
:105C30003AF9CDF80402CD0A19068B105EFB9C02DE
:105C4000780BF3FC45023F04FB010008E3FA2FF850
:105C50006AF612F360F248F96C09F60C2B0612F59D
:105C600089F056F05BEEE6F02A0CDE054904E50803
:105C7000C2FD5BFB440184F1A00992F912FFC4014B
:105C800049F6710601F5B90CDDFF97053608630189
:105C90009EF728FC4108D4FC39FBD404FB127203A4
:105CA00043FC9EF6C9F504F4A606A0FF8D12290256
:105CB00096F9B80C47FC4DFE290CC9019C0AFA0B59
:105CC000960E3F09B70111FA05FF570407F8B30311
:105CD0001A10890A21F917F7610FEE03FA00F20191
:105CE00084129007C3EB000E6E082E02A1160D124F
:105CF0000002FF0B5D1FF6183F0C8F00940243F566
:105D000011F7D5083FFDE4FC89FE5BF91F118B06F6
:105D100053084D0C1307261001F75C0759FCEB01E3
:105D20006802ADFDB20210FACAFD19063EF8BE00C7
:105D3000C8F6E2F4E40AD1FD4104C8F82C1014F9C5
:105D400045FB7EFC32FA6EEF87F587FC270CF403E7
:105D50001EF484F7BEEC4DF2EE00DD03EC0E1804E9
:105D60001EF44AF89EFE940E100AA3012302F807BF
:105D700056F922FA4505611466FFB0FBCF15B10351
:105D8000BCF9C306EC13D704DFF3F1F6FF0AC70A28
:105D900073099F098BF6A3FD5FF7DC103B11D80256
:105DA00017138002F2F81802E901C708B4062F00A1
:105DB000470A121B4BFE34F2610BCE088F00FB0426
:105DC00063138F21E7FC9C1808072C0A5808451C10
:105DD000B0179EF77D1881FBF3FFA2FA6804BE0896
:105DE0004DF6CAFCBEFA570404F763FDFAFE2B0019
:105DF00011F82C08D3FF6B1852FC4FEBF3056CF530
:105E0000240656001A11DCF5E40957FC2D00530551
:105E100034050F004B0502082407B40511F960FA98
:105E20001108C9FD70F1A9FB8E0052FD0007B306F1
:105E3000A4F39BFB35FB91FB63053E0BFD012101A8
:105E40000BF7F3F15D00D01862026D08230A1A0601
:105E5000F8FB91FBA5088F04C80200FBC604AA0F3B
:105E6000410054013F018FF65CF6A7F39B10C20876
:105E70006CFABB019AF3FFFCEC04B00D780FBAFE8C
:105E80009A160B12D905BA048C0487056CFED4034C
:105E90002105AE120F00F4F6680CC2F9A80A3D0AFB
:105EA00084060C11E3FC320D98F88DEA6BF8B40C03
:105EB000920AE2F5B805E0FFF4ECA6024EF55207AF
:105EC00090FF58F8890026FEC60768F99B0CF3F787
:105ED00078EA9600DCFA1C18CE11A102ED0DAF098C
:105EE0001D13E1036A0B10FDA3FF9E083505E406B0
:105EF0004203900778F428EFD7FBD702080CE5039C
:105F0000D3F2A6F71EF183E7260F7308F50AC80F30
:105F100010FBD60015ED78F2B5117C06D60E97FA77
:105F2000DCF0C2FE32F9A405BB10950B6EFEC10475
:105F30004FFC94FE5B12B404B607AC04BB088C069D
:105F400045FF77F361F78DF53E02F9F825098419CD
:105F50005607EF0B60FEA4F92AF9DCFD2E0AB10EFC
:105F6000C10053061CFE71EDE40BC20A9206CBFC85
:105F70005BF51BF8DCE6A9ED1EFC5BF278FD6BF42B
:105F80000F10361B6CE642FE49FEA6ECD1F63AFF36
:105F9000600B0407C40EA3078EF522FB6508C00042
:105FA000840828FAF903D4FCEE01150522061A0A22
:105FB00078F5E6043DFE85040F11EA0ADC0D5E0665
:105FC000830070FA1E0DF3FB8D0E64108800580BD1
:105FD000B004D6FC72EF01FE29F4D4052B027E0436
:105FE0005A0337079CED64F4920C8201990C2EFC45
:105FF0004DFCF8F9B4FAEBFA75FB270DEBFD46FB07
:1060000062FBD504BB0DE0025803C5056FFD9AFB8A
:10601000DEFC8CF50C0BFC0018FA7A09C9010607A6
:1060200019F022FDEAF6390455023B095F0FB40A64
:10603000BBF0E104DFFA1F0B9C0641022611750D2F
:106040008BF3CCF6D8F7A3FA3203E30AB90482F94A
:106050008FE818E078DF0AE0710C180478075CFF1D
:10606000C2F9C50BF1EFA4FC69F1B9EA0EF12DFDFF
:10607000EA1115105B0D210059F1D5EB310CF60D2D
:10608000D70C8AF9AB07FDF9B1EF7C06CEF36B08AC
:10609000F4F8110354FAF7FD270C7902640E1D0978
:1060A000BDF7CC0247F4E0FB720E680AC7176F0316
:1060B00002FC8304B4FA65F6BAFDE90A8F01980977
:1060C000FAF8D707ADF332FD400CEE03C60E92FF8F
:1060D0001CFF68F922FB4DF8A7060107170707F414
:1060E000DCFBEDFA86118A0796F97C0015FC01F6B7
:1060F00073FE3CF0061AD30617FACC0FAB0B1B113C
:106100001AF895F26CFCF0FD8517E610790A1E0965
:106110008501D4F74B02D30A08033C08950C7B0594
:1061200075FB93E434114EF79C0C351073089C02F8
:10613000B7E3ABE0A2E991E99314EEFE0C0038F16D
:1061400068FB620BC4F72FF1BED86AEE6EE2F3FE75
:106150002D0F8F0ECD13BCFFA0EAADFBE1F598F536
:10616000240AFBF16F07B5F90B02180AA200F80E1A
:10617000C4FD810BEC028FF4F5F69A12E41223129F
:1061800024FF62F4FCEE88E88AFFCC005C1BB000C0
:106190002A057E0174FFB7EB7AFCE3FDBA0D600CB3
:1061A000F005BCFC1FFE46F381FF7C01240987F744
:1061B000E6EF5E041DF077ED6801FF062FFFA805EE
:1061C00044FE060EF3FCD405D2FFED051F0564F96D
:1061D000DB05A1046E13E60E4C046E10EA04F7FC16
:1061E000C40254F0C402A4029F13C90E1B0818165F
:1061F000B1F730E7C102F1FB5403530FBF0A0D069C
:10620000B9ECA7E8BDFABD012910CCFF3E04F0FCB3
:1062100082F0EADF54F7ECF626F451EEC5EFF8E72A
:10622000BBFA2E005DFABAF477CB4BF74AF6D2EC04
:10623000870DC80FD50BE9EDBDEC83FFA0E2EFF8A9
:106240006FFBD5FF860D5B0649F9B3FC86F62A097C
:10625000180B83064E0B7D0283F3F4149DF2490D57
:1062600028F646EF0EFE48F79A068FEDE514A700D4
:10627000FB0318F97EFC4EF554000206BD0A66FFCA
:106280001FFA7701A6FB74EEFA0900057A12E902FB
:10629000D0EF6F04ABEA2DE7AF005702350A0A08CA
:1062A000EA0035177BFAB517B00F52074207F4FA28
:1062B000901D4F003619E700F703DC1380003B0107
:1062C000A7F74EE7120869F6F1059D113200E60ABC
:1062D00080F850EAE6F49CFE22116D0F24069DFA28
:1062E000A7DB36EDE3FB3A053FF873F3D204000178
:1062F0008AF04EE732FCF0EA6BF8DDEA35FCB6F9DD
:106300002D01BE0EEE0DA21437D056F33FEDBAE2CA
:1063100080000F01950A49099FFB28F9EAFC79F4EE
:10632000FC093E026DFDA3FB7D0BB4F453FEE7F9BF
:10633000D5092B1A0618330592ECF3EF53FD6EF3D3
:10634000DFFE54FA9AFD390539ECD3F042FBA1FE89
:1063500095F6F8FD56F674F7F80AB6175E033CFE9C
:1063600046F7F7F8E5F5A0F4B70E840CE8080B053E
:1063700094F5450863DCEFEB9F0582026C0A5D052E
:106380009211811E15ED1419C0115A07130F7902CD
:106390004619E909731DBCF9F410570490FF0B0A64
:1063A0003F03D0F859F430EE0814E20D4B1073138C
:1063B00044F8F1F66200700C180B42061EFA61F503
:1063C0007EF3EFFAB705821F690090FFE1064AEFFE
:1063D0003AF5D4F9490DF3FCB4F716E7F6F8C4F32F
:1063E0000F006B135E16781AFBDBF7EE7BF54FE3BD
:1063F0008B057CFE4B11A60E9FEDF5DDA2FC85EF13
:1064000068FEBE019FF9C91275FFC2F7EC03A4FC38
:106410003CFB12196112901546FDFBEF6B06B9F6B5
:106420004EFEF9FF730B7D149EF040FAC6E9E4F2CC
:106430008CF0E4F3DD044C056800F20000FD67FA1F
:1064400077EB42EF020412E7C2174B117103630CA2
:106450006E07E00BB1EBA8EE2F0C0212E4F9CE0AA6
:106460006906CD151D03611526FF7609590B960D9A
:10647000EB03D001EF15DD05DE09350A6713E308EC
:1064800000FB30FA3B033F071E0104FACD0A4D0919
:10649000A8F628FBC80503185D03B7FA5EFAA1F851
:1064A00054F8FFF2A711F5139BFCBF027CF717F617
:1064B00011F11CF00C14F60105F7B1F0A5016AFA10
:1064C0002DFB120B2F048F002EFAD3E4CAE498DCC4
:1064D000680305143310CC0830F8FDEFFEF7F9EB34
:1064E000640391FC9EF8FA1546FEE4F30C173CFE9B
:1064F00046EFAB08DC017F25ADF7CBF0B6FEF8EC3C
:10650000110F5FF0A4157114C3EC99F7CBE20AF3F5
:10651000AAFE18FD9F0AFE0E570581F67EF26E0355
:10652000A1F082F3A305D3FECEFFF00EC602ECF974
:106530003F0E790639F40EFB0B067A089207CC035E
:10654000C30E9F110301530C3002A812DCF21D018F
:1065500087F9F602C513470D61FF2E089D05B105A9
:1065600099FE72FDCA0ECA08E3FCCEF4C8FC00FC1A
:10657000B2FC04FBEE0831088003C8FC99F8E50280
:1065800023F99DF13FFE5609E2F980F61B001D0636
:106590000D04A5F54B03F70A55ED4DE3B8FE79EA76
:1065A00070FADF11520D1914E0FB6AEA9BD553D43F
:1065B000EBFD371106FA2E0B6EFFF9F0E712B2EB86
:1065C0007B02BA02DFF8EAFD660732ECC6F6ED019F
:1065D000E1076703E1F47D14D0023B02500613EAA1
:1065E0000F0EB4F671145E0A01F70CFBB6F8B7FA99
:1065F0002DEF28F031048100F8FF77FED4F04AF146
:106600001D0089F933F9DF0848FC10FA1BF467F222
:10661000C007460021FC9B018509D5F929F7FBEF4E
:1066200066021011D2FAD80DF3FC92FD81F44BF9F9
:106630001F0933048C1724150CFD53FEA605C40056
:10664000790F9A140A1BF51EE2FBEDF1AAF86D0012
:1066500041040804421546FE4BF2A5F890FD62FF86
:106660003905950399037E096BFBF3F28501E8F187
:106670001D12160BDB0A7D123AF53EFA4BDC5EDE8C
:10668000B202E91D7407CA167DF49BDB37DFE3E431
:10669000D31B8F12350EE60B88E6AAFB84F481F03B
:1066A000D3F67EF48701CE001FFD47EDF5073D08C8
:1066B000E810140E39F9F215C3F7B9F5E80540ED05
:1066C0004204B904080ADF0914ED4EF81BE5D2F3C1
:1066D000F602D2F986097410DFFEAE08ABF20BEFBA
:1066E00055F6C5FD8D08D804B7FF7CFCF6ED39E5FD
:1066F000590308034BFDCA0C3BF235F3A0EC61E4EF
:10670000380A7501D6FFF70224EE5601D0F3E8FCF3
:106710006D10D70CF60A831A96F41A0059F225F276
:10672000BC093C0EF71BA51CB3F92CFCC1000202EE
:106730002E107F18161CF80002FA19F564F7610292
:106740001D092516C00BDC03D10053FA4EEFD6F419
:106750005613770F58081610A0F48BF771E73DE534
:10676000E00329185C002201A3FAD0E0CAF4BD08B6
:10677000EB118FF82213D1FFB7EC34F1CFE429F8F5
:1067800060051C0F610CC0FA8B03F2F4F1FD20FDD3
:106790003E05930FD8021805E500C3ECEAF3F3E9D0
:1067A000D8130B002CFFE6FE7DF270FB12EB1602F5
:1067B00016051400ACF79A033DFD4E0A35FEBFE9FD
:1067C000D20048040603EAFC6FFF37F7FFE4B4E3A6
:1067D000ADF7520A0CFEB0029A01A4FBB4ED2FE211
:1067E000D6FEE30976066701E5032B06B8F2D8E387
:1067F000A110741A4505920E06FAD70643F7FCF766
:1068000071114816810B6C15C904C0F50EFB26F8F2
:10681000FB1CEF0A3613F707DBFD0CFB8AF6C4FB03
:10682000E8178B0ADA087FF75AFF9308BCF43BF6A7
:10683000ED1EA414B004A10FF5F918FEE1EECEEFA1
:10684000E80BFC140E06DAF660F497E49A0AC30823
:10685000BD128D08F6FFCEFA31ED8B0519E625083D
:1068600033093BFF21023B01DCFCF5FE25FC06FC65
:106870008105EB0A570A80063401FCFC56F4CEF180
:1068800067107400D7088FF92202DBF5BA0A740387
:106890001F040C0331F0AEFB8F025703E50012FB1F
:1068A000FE02C4056502C6013EFF9404B10439FA34
:1068B0006CF8C405FAFA100CFC07760427F507FDFE
:1068C000DC103B16ADF573FA92FBE2FB8FFEADECEC
:1068D0000E15A30410017712AAFE8606F8050BF622
:1068E000840FB50E97012603E60139F7A5F5C4FA22
:1068F0005B0BDD12AA08311132F4040044F311EDF0
:10690000A011B1151A118A024BF91EFF6AF5AA00EF
:10691000C2000D142BFFEAF5B0063B02C3F00A06D5
:1069200086FCFD125AFC1BFBD8EFBBF78E00320F22
:10693000CB0454F7040D8706C6E161FDECFFDAFBDA
:10694000A8FA8A05D2004BFEAAF52E0179F6B10409
:106950006B15970E9601AD1E0EFF92EC2CF67D0284
:106960009913FFFC41081D00000858FCBEFEA7FB60
:106970005FF7BDE8C7EFA2FC13FF040A2904E90E84
:106980009F00690132019100C4036B09DFFB040120
:106990007A0822FCF301EDFDC90197F73A0CE3F701
:1069A000300D3403F5060A08E300F3FFC7FEE9F7EC
:1069B0009B03A30D2C09B00CC8093F0B86FA780283
:1069C0001003A411B90D1610350B80F8AE0219F49E
:1069D000AC0A53050D0591113909BC053EEE2D0198
:1069E000890E2E01DB099AF5470D90027D0294F87D
:1069F000B6086209B8FAF608BD02AFF7A001830431
:106A00006A075F0DAF0ACA050BF1C40343028A038C
:106A1000E118DA00A206ECF804F2DEFC59F8F2F60E
:106A200005058A049AFD530A03FEC201DFFD6303D4
:106A30004EF943083D03C704E1FE67E8030632054B
:106A400067ED3DF3AD02F1F79CF67302B310281227
:106A50008AF2DDEDD4FF1A0398027B106507E20B82
:106A600058F176FCFF08EF0D3A0BD9057B06AF0A0B
:106A7000BA018D0824016A04AA0A040EB30199031D
:106A8000AB0D0B055B01640A7D0680F93906190E12
:106A90006C0CBCFFFF0F41F6B50043FA5609920497
:106AA0008F0F3B02D4FBB406000127FBC1F5C6F9EA
:106AB00047106C02280AE1FED9F78100B0F112FEFE
:106AC000550189FBB3041802CA0658076A108300EF
:106AD000D304F8FD5A027BF2A1FDE5F41C0D780801
:106AE0004F04D30252F6E40B92E3EA02DDF08FF496
:106AF000BF0C6D042F006EFB77F787F8A3FAB00682
:106B00007000CBF7CCF89DFAB6F97E01E40670FE72
:106B100063F6ED02E5FB09F69A0678F8B0F6F30E97
:106B200045E17FF77FFADD0135FCD9F87909BE0D23
:106B300093F872E96A0BA703540291F64B04030021
:106B4000EDFD18FB9916AB10B2008FF4BB033710A4
:106B5000E7F610FA230BAF039808AB09FD0FA51455
:106B6000B80E5A09B809470387F6140294084B0374
:106B70007DFC66FF64EFA2FCF70C820F2006B000DC
:106B800093FEAC139BF3700117FC19FB9AFFA8FB53
:106B90007106E3F944043106E8FB18E8F0063D0805
:106BA0006CF48EEEEBFC76EBB0FE0B020111FF09EC
:106BB000E40245F9A4FD85F0F9F57CF0AE0245FE4E
:106BC0006202EC0044F84FF576EEC30475F5D8FB8D
:106BD00065058CF80E082002190354F6BCF58EFAF0
:106BE0007206E9F645F75F03AAF599048DFBA5F84F
:106BF000970989FBEDFD5101C803A704DC004BFD9B
:106C00002AFF04F4BE063BF6A20F6508270CF01419
:106C1000B6F749EB80EECBF006113009840FA021C6
:106C2000B40535FF76FACDE275179C09DF1F6A338C
:106C3000F3FC52FCE7FC41020AFCFBF155190C067F
:106C400024FC7BFDDEEE0FE83DF752F9751B562361
:106C500046EF24EA14DE40F2A8FEA1FA24197D0AC8
:106C60000500EAFB24F285F72FF5E1F3D20D110EB2
:106C7000BAEE22F9CEF93CF8BFFAA3E3C3174606F1
:106C800042FD0BF310F2E4DD2EFE53091D114E13ED
:106C9000BB08BA08FFE5D8F6B8FD16059D18BF1663
:106CA00085F51003AD0252FEC3035B0AD30C9C06AC
:106CB0005C012F0A2DF61E054CFCD7FCAE03FCF53B
:106CC00023F6B60838FE4505300204F88301210A90
:106CD0009E03FA017C01C1FDBAF5EEFEF6F5400215
:106CE000B7F85AF8240B450A14FBD602F4F5830CC6
:106CF0005FFAF5FAC8FD9B09AC01D901801159165C
:106D0000290BEAFE0608A3F70600DE0A8313181112
:106D100051F95C07C3E5E0EA3FFDA8F4BE11C002EB
:106D2000940426FCDAF8C4E900F6ADF9C814691732
:106D300067020AF564DD41F5EAFFB511D426E013D8
:106D4000DD013FEA3CFB81033005BA0E4B14871D81
:106D5000ACEB54FB9C003BF6C614DA0A4A150F2232
:106D6000FDEE6C0290FAA8F6140C34189A1FD41495
:106D7000F4FF44090EF9F2F5FB1C030C9A10E30B27
:106D8000E908CCFD44078FF535019707490460FBFE
:106D900012FF74067C00C5FEB0F9FFFC48F674FDD6
:106DA000BBF6BE0016F60BFB230651FDD2F90AFD19
:106DB000E303F6017C0A79FD9109B50504F8DAF7D9
:106DC0004900BC007206E1061900F4F5010790F5D0
:106DD00073065FFC44F951F936000E08F9F8A8096A
:106DE00090F955FF6DFCA5FADAFD3801E304F1F5E1
:106DF0008308B9088202FAFBF7FBD601BE026A02D9
:106E0000DA09ED08ECFE0CFF3D0505F8890779026B
:106E1000450581096AFE87FB10F36FFBD1079AF6DF
:106E200098FC5FFBDEFF22F716F8B9FC90055B00CB
:106E30003BF637FA8BF657FE9FF7CAF720F846F66F
:106E4000A707BDF9C2F5A0F90D0A86FB55FE790921
:106E5000C5FC60F665F747063E085A06E9037DFE65
:106E60004EFB9E05E9090302DBFA3A08FDF9E2014F
:106E7000680288043AF722F941F807FA0FFEFC0786
:106E8000790AFFFE97FD5A040AF95BF9E3F96CFDF4
:106E900000F7F7F7350204FFB2FB10098BF6410249
:106EA000450767FD4CFFD7FB95FE3F031AF7DBFC58
:106EB0009F06CF0816EF0EF45103F304C410690CBB
:106EC0005FFCC4FEF7F503F51BFEBBFB8CFFA307BD
:106ED000110F13082EFE5406C403950104055E1419
:106EE0008A08600A22FA0BFF350C6D0AE3FFF00FE7
:106EF0005EFCFE088D0206EF42033F060C05AD075F
:106F00009F0694F9FAF36DF58A0B26015BFFA70241
:106F100033078714C4E981EBDC064819D605350C24
:106F2000B6FFD40BCBEA51FC710B2E09D5FDB2078D
:106F30009F052A025AFDA9FD6306D810E50C7F05BE
:106F40007E035BFE71FEF9FF6202B0F81AFD63F882
:106F5000F1FA79F521015A0A8E08C9F911FAA5F951
:106F600079F639091AFFDC09330759FD0B089B0430
:106F7000D6FA42F7EF04A20E8CF52B164402160B3C
:106F80001F0004F7AF06A9FD8E0AD3F6C203AC03B7
:106F9000CCFAA90BB7EF8FFE7C04230D1304BD08B8
:106FA00018120606BDF2B2114B0186ED370AC11662
:106FB000810F9000BB0D69FA78E9F1E838253517A3
:106FC000380A99162EFEE30990E0CFE3591583F6AF
:106FD000620BE60B7603A301CDD796E58E03F20193
:106FE0007418240CE7EB91ECD2F7B2F9C4F58212D5
:106FF0005915CE10E0EF9CEECEF78307550B3EFF00
:1070000042128A131FFDC6FC72F480FB8E074D0AE4
:107010000D0E910B27F313F21204C10F82FF2B11F7
:107020008501630CCC0CA60BB206E508FD059FFE9E
:10703000AC099CF55408F6F7190578FAA8F67AF722
:10704000B8FD810A3AFFC509B308CAF61903F30867
:107050009609FD101D0B2E0ABA03D307F9FB15077D
:1070600061F4E4FD02F264F33411F605C3126B0C13
:10707000360F221EB6F171F617EAAD13120D6F0925
:1070800069204219B7F87FFE8AEE83DDD008511ED1
:107090000607FB013E018201CFEC61E15E10BB24DB
:1070A0008F17A71812F5980493FBDFDF9621E20FE4
:1070B0001000BA07D80877FD00DD46E0371C7610CF
:1070C0008A0F550F82FF3009E9EDBBFB980475026A
:1070D000D31306135C0659FC6BFFB9FF880207093E
:1070E00002FC97F5BEE532FD8609BC08FB102F00B7
:1070F00025FEAC10AF00DD02B505EF031FFE10ED5D
:10710000DBF7F2F5DAFFC3FFC7F8DD081306C81393
:1071100009EF090951FAD9F95BFE1EF8E9FF0AFCEB
:10712000C40085FBFD013E09DAF53505660767F702
:107130000F02A109D6FED4F0B5FA4A0CD3ED0D0D1D
:107140007800F909B4FD72F9490D3C1C920313FB58
:107150005D0F89FE9609C3093708F402FF00320368
:107160004A134718E3FC1305E202A1E1E6F78A0B94
:10717000DB1EED107BFB4DF275E8D4F37914F817A4
:10718000420C4A09D8F4E901FFE94BE3980E7F0B62
:10719000010E680F5FFB7AFF32E5F6E4D40F461468
:1071A0005115E011A201EB0481EF1DF752078F008A
:1071B000B61123129D030A02AC011408B11369FD34
:1071C0009CFF51FB170549FBB40067FB2201F9FD49
:1071D00072F987FDD114E3FF4CFC770BAF03D3FEAC
:1071E0001EE9D8FB43FAF5024405B0FED90ECD0CDA
:1071F0004904AAFAC6F7B4FF7C0325F4E70AD511BF
:10720000A8FA9C071709E0FB280AF1FC6409C2FEF2
:1072100077129A174CF209068403F3151AEC8C02C4
:10722000A51B71FCA6F4CAF638195116A3EC66F337
:107230005A0179FD1A05F5F7480A6F0620EA70032E
:1072400057E671E9FBFBCE0508E592E0DF08100385
:10725000CBF0D409D207F2EF3EF496E9270FD4071A
:107260008801430569FE5D0A8AD702E04113DC18F4
:10727000FC023413C3FD1EFB42F4D2F2EF084709AF
:107280002F08791345FA9C07BEF00FEC4316680FE0
:107290001202F7179116761788F2B4FC9C14111499
:1072A000B516560B181640037A0759F3EE1AD50097
:1072B0008A007F07A40684F742025D05090FB2F831
:1072C0006F0074040BF50DF17FF094EEFF04E10CF8
:1072D000770265F0DDDF5FF86F0F220C4415A5140F
:1072E0003F071808FA03E4051409FFFE43FBA9FD54
:1072F00081F9D0F262FD9AF76BFDB10C1603B7FA73
:10730000A5F6C1D268096B06AE13B90659FFF4FBA6
:107310004BDF55E57B0005FFAF0663F36CEF94FD93
:10732000ACE8D2F53E03BBF1F2F83DE5430AD3FBEE
:107330003FFBE206DCF5D0FE80ED24EDEB065612B5
:1073400038F85DFED303ECFDB1D65EE1A00DA512C9
:1073500053FF170636FC8AF810EE55F9161BAB18CA
:10736000990826FBA10A42FB77FB9DF39A1DDE12CA
:10737000F900AC0699011209DEFC8E02C110BE0FA5
:10738000EFFC7DF50212B9175210800A8802EF084F
:1073900041FA3EFB5D0FBCF6E807790193FA41F82C
:1073A000C6F1DC1014E6BBEB2DFD9EF59C0FB10E73
:1073B00032F2ED0B98DB6CF9CB0C32F9A20C56FAD9
:1073C000B5FB8CEEFAFDE100C807CEF3BAFA68030C
:1073D00023F2B9E220059F06E4F1A207D403BEF927
:1073E0000AE23CD3F613C9077909CB1892F67F025B
:1073F000D5E06BEABB093AFDDFFAD2F833062BFE83
:107400008CF2F3F39DEF0B00D0E929D776007F00D3
:10741000F2F1B5EB1EFF9C0904DC8BDF8E0B110A29
:107420001CFE5105750C9B11C0EA6DE53C06FC0B7A
:10743000970D6804320D7B01EEFDCFF5F0FF880358
:1074400051058EF8DB00AA015308E912C80A0F099A
:10745000AE0834F63A117D0C54055908E40D4B077B
:107460004EFC2DFFF10534129902ADFE80047B0520
:107470000BFDD5FBD11274FF1102250CF704F5F5B5
:1074800097FA19029CF0AF0116F1D3FB5AF2630A86
:1074900052FCAD0CE6E2B203A7F95908B8FF99F91E
:1074A00011ED94F4241569161708ABF2AD00ECEC5D
:1074B0009CF4CDED3414FF0695FE3E00EEF866F820
:1074C000FBF09DE1D209EB049D1EE916E10BF6F1FC
:1074D000D2F2A0F2B7FC17F93AF470E03AFD9EF749
:1074E00073FB37FA6FECDCFC53E93FE5CF12530B2B
:1074F000BDFF70FBF3030103F5E8AAEA3FFC2DFD95
:107500006AF1BAFAB4099EF809E90CE85AF791F061
:107510007801160AA71175FC3BF8220A65F07BE892
:1075200094093BFF14096109A6059112E9F9DDF3FD
:1075300067021904A40A5904290FA2004308ECFAAF
:107540004CF82E01E80D0A06EC0B44072FFEA604AA
:107550009A0967FEDCFC7BFBDE0BF50DF8079AF958
:107560008CF6E2FBDDFA5806190E2C0966FD27069B
:10757000240AE207A6EA48F91AF4D9FC390B7A166C
:107580001FF851E427FAE8FC51EE5BFCAD04A3FBC5
:107590006AFCDCF29C0FA3060FED5CF41C065DFF99
:1075A0003AE8A7E986070701081C000678F64AFBB7
:1075B000B70AFDF960F83AF73DDE9FF8C4EE3DFEEC
:1075C000CCFA330425F7BAFD19EC4CE1E9072401A4
:1075D000D5FF95069F079AFA7CF077E2A60045FB57
:1075E0001DFBED023606FBFE47F94D0291F33AF81A
:1075F000ACFA63FFDAF5ACF740022F0AFDF129EE91
:1076000024036C0BACFE15FD0D16AF2190ED99EC2B
:10761000F7FD9BFB1F0AFE13AA1B170CEFFAC4FA17
:107620003108E7F9A517A40A0F106409CC0AF7FC82
:107630003703870355FE53011A11D90D280BB904DE
:107640003EEF6809A804ECFDC808E3F6D911C014A0
:107650000901CBEC21ED45F9D5FF6B0AE108E6F80D
:107660000EEF91FA57FBC6FFA1FBD30942F42EF6A9
:10767000E0F08EF7C504C21411FFDFE94AFDD6FD24
:10768000960457F357FDDD0A730892F93AFEB2F8F3
:10769000A10B95032B0798FFC1F195F15102B4049A
:1076A0005500C0F887FD0CF706F0B3E200FC05F9C1
:1076B000BC018BFDBDFA7E0687F400EE690182F302
:1076C000CCFE04FEFBFE22FB3000EC0A85F3B1FC8D
:1076D000BF0B0D02AFEF87DA7114BB287EFAF3F20D
:1076E0003F015BFF77E91F128D24890E3700CA081E
:1076F000F80C870F321A06154A078F12EA0CDD08BC
:107700003207CE054A0AA309570DA804600A76FC81
:107710006605A205FB01CA069A13321BA001F0FD03
:10772000F3F6B2EA2CF356ED5E1680163D10D31335
:10773000E6094C0AF6E50104E3128AEDD20ECEF01A
:10774000E4E9E6F18AF78805EEF7AD097CFBB002C3
:1077500024E962F835FC7D0BDDFE02E2F4EC240145
:10776000A5017512F3F7B40D7B0AFAF2B8086402AA
:1077700009FC18FAE60EB60175E77BF54001E0FA60
:107780002F021AFCC1F5C0F8E8EA7CDF83FA06F4A0
:10779000E1FE3DF5EEF7B6F67BF4B4FB9FF3420352
:1077A00096F77F0AC2FC1CF9A7059221D0012EF79B
:1077B000A716FB0E88D11FC2961F1523DF075EFC9C
:1077C000740EBE0456C6F2F16517C90935FC8DFF6B
:1077D000ED05990B1409111A6E0A5A0347076DFE3D
:1077E0003B09F30E2B123904CDFB300C3BFEFCFDA4
:1077F000C1FC6E035B09FE094E03A10C10F72F0AB2
:10780000A512AB0AFCFA6DEF0F009C0B6C10780A06
:107810000319410304F07FF2A9F4FC0D7E141EF657
:107820003902EDF259050E016A0902FEC50185F91A
:1078300046EBA6FE800050FF2BFA3DECE3FC9B02DA
:10784000530546FF32FF2E00B004BDEB62FE38F355
:1078500065098809190A7F0362EB6AF4DBF6D1F83F
:10786000C9004A026201060815E907E79E05E6FC21
:1078700081F520FA3E03E90AB2073D064F0B84FE6C
:1078800002FA420EB8F82AFAB80E41160A02F10DB1
:10789000B310700F46D556C61D2B201BC0FDAAFE87
:1078A0006C07F401D6CCC6ED45FF71F5BBF6C3FD00
:1078B000790A3A13A80712FF0E063AFA0B033AF6B2
:1078C0008702750EBE0CD9FE3CE66EEF1A08BBEEC1
:1078D000EBF978FC1502CBFA64F14FE20DF452ECAF
:1078E0005DFE4FF63C086BF420DF00FEBBFC4BF75F
:1078F000BCED84FB67F348022C11DF07F205E8FFBB
:10790000780C04EC1001460248038F06480341FE40
:1079100081E7EA02531182FE23FAF8EF74ED5C1559
:107920003C0066FFB70354F315126AF7B40CFEF778
:10793000E9010302BEFEAA0620FC910896F54D015E
:10794000F2021A05A806AA0F96F831FCD1FF5F05CE
:1079500031F44DE670F4D901A616B910B703E6FB71
:107960001CF861032F038FEB22174A0CF60116084F
:107970001D19F10228E556C8DC05B6FE01F8A6F689
:107980003B0474F975D069F309FB67FE1FF9CBEE70
:10799000B505210E0CFD8DF460F0D4F78EFB73F964
:1079A00071FAEEFE47F1100159E2D8E163F48BF56C
:1079B0009DEE63EBAF060C0660E026E5A0FFA3EDAD
:1079C000B9D781E36408ECFE00D9E5E9CA0B09EEFA
:1079D000030099FD9901521473FA2DED28FEED076D
:1079E000110510F75AF78AFEFAFD610579094E0272
:1079F000E4EE84FAF1F980FFEFF8210790F427090B
:107A000052E4C2E9770CF70850F91A179DF39EFE6D
:107A1000AAFE7DF9E80161104900FBF8DB05D102FF
:107A2000010D0EF832050807D40B8CFB39082C0128
:107A30005CF9FCFED5F9C9FCC8FFCF14EDFC5FF87A
:107A4000A001841254EF0EEC37105E128B08070071
:107A5000E50E901005ED91DB0BFB18EC65FDF7F5DD
:107A60001707C7F0BED875F7B8F4C3F71FF810EFC3
:107A700024F732EC7500F7F997F715F71600F0FDCB
:107A8000DAF6D0ED050772FCB5FE59F3DE0C0FF8FF
:107A9000F3E876D0FCFD8AFAA3EB96E0EC037F00D6
:107AA0005ADDF2EE500A3E1032F48EEDF9F7D0F2C4
:107AB0009D0B77EFAA1F930D82F397F31F0417FC1A
:107AC000D0FC5C0C9A0601FFD6FA2CFD8203CB0594
:107AD000AEF33EF7A5096905EAFB35F7B5F76F097F
:107AE000DFEAA1FF1FF67D0707086E2308F871077C
:107AF000C003E3F9D402C6105318580029FFC5F09B
:107B00002E0952093A11BB0E39F505F430F54C0730
:107B100034F3ABFE1F028CF777027CF7ECFE8BFB95
:107B2000950BAB0DD4F7B0EB0E05F5FC24F602FE79
:107B300043062804D0E9EAEAF0EBFEFBDBF3B0F2FF
:107B400079F8F0F009E8C0FACC000C0781F8E6FCFF
:107B50009BFB16FD1B03AB00ED119CF3BFF7A8FDCB
:107B60000FE506DFF8012C06A20C5BEFAF0D2D0B25
:107B7000DADED2D68705EBFECDD9CCEF61FA59F328
:107B800094E11F02960720FD88E4C5D87F02E3092F
:107B9000BCF18FF6CC13AE022EEDE1FAE90B4B07E8
:107BA0008D01EC065201F8EF4F059EFE4DF494FC5A
:107BB00065FF160026FFC4FE9AF8FBF80BFD210AAC
:107BC0002CF9120028066D0CD111561BFE11BFF9BD
:107BD0008E014C02C8088C040B20DAF9F0FBDAECB9
:107BE0008EF7B2F4B5103C0FD0F471EE0DE5E5FE62
:107BF00038FA7D0214FA8F0C60EF5FEB79FB98F88E
:107C0000C80FD410D0F6D6FAB0F832F6EEFD13F362
:107C1000A50C01FDD4E56FF14FF02D017700A3FD18
:107C200035F6AEEDBE05E41A4512440EA50238073E
:107C300012E9ACE51B111C0D670CE4066FF848FF58
:107C4000FBEA67E97706D015F10759E6F90A4A0712
:107C50006FDEC5EBA00AF5F45ADBAED826081FF894
:107C60008FF1C5F01FFE6917C1E49BDC73FC7E0C2D
:107C7000FBF5F402A6203707D3EFD511E5FF6D1011
:107C8000AE07C310B008CFEF19082A08E1FFD502EC
:107C9000ACF5B10B140E05FECDED6AFA00018217AA
:107CA00036FF77F87809B300A70D3E261B05BE09FD
:107CB0002C016FF75905850867143302E5015EF062
:107CC000F5F7C302FC0E4E091BF1B9F7C4F895EDA8
:107CD000D7084AFA1F08070313EC12F4AFF842F66C
:107CE0000F058E02A1EE1FF415E47AF381F9BCEBC7
:107CF000A100D8F8E8EC2B100E07EC02A8F3F4FB77
:107D000007FB79F1BA0EB015B113891D79FA69FA3A
:107D100076EB10F88A1CEC15071730FFE6F9ECF744
:107D2000A4ED83E33B10690FE2F8FACF6600A7F2F7
:107D3000F6DC19F4C717A403CECE63E3CBF2D3EF7E
:107D40004AFCD8EF2305131819F637F8B9F52E03B6
:107D5000D8EFB40C1B20BD2021057F1224FE560E47
:107D60000702A9FF54063FFBB9049B0E9C010400C7
:107D7000D8EF5806A7F606F46FFB20F7F303850843
:107D80002DFDFEFB4301E306AA12BD0FD913F8FD3A
:107D90002B0657FBF709DC14B70BCE11ED02960941
:107DA0009D0339067E0FA30E421650FD6CF834FB7E
:107DB000F606C102CA046CE8D90B490B9EF56CF4B7
:107DC00032F5380751EB5FEA7F07EA0FCAEFA3F6F7
:107DD000350643FA5C00A3076022E50CD9FD8EF757
:107DE00092EF5EF8E81ADE19971485147D0BD2FB2A
:107DF000DAF5ACFFCB1D2C12040A3EEFDFF1A7072A
:107E00001CFAF6F2A017321A57DF9DCA13F99DF536
:107E100023F93EF9B81623079FC44CCFA4FECFFF29
:107E2000F4F82B116206160F67E8B70398F870088C
:107E30001DF1BD179F21F10E2AFAB7035BF88604E6
:107E4000E30BB3F581FBC7FE8EFC20F9E4F7D110FC
:107E500028ED58F49702F502B5F7DCE2DF130209CA
:107E6000AEF82C0A9F10EB0BE8F65407C309BD0AC5
:107E7000D606CAFB4D0367111E0A2511D508DB097A
:107E80009DF7BB057109BC1879124411050BC80197
:107E900055FDD0FB44089DF292011A14C10A3D071A
:107EA000F2F8D0FD0AEA08EDBD1C3727550107009E
:107EB0000304A60445026A115D1B7F12A0FCD400D6
:107EC000E10A8006DB08F81771FC18038CFB9904A3
:107ED00092103B0E32135A002D047AE3A5F259F4A6
:107EE000A209150AA60486071CCD6ABB470071F2D9
:107EF00009FF690D65FF33F9E1CD81E18604C2F622
:107F0000AE067D0C14EBDD082E04A11299F58FF856
:107F100040FC700DBE2139094600320AD014F50329
:107F2000500931FE86F86BFBBCFC370A1502D807F6
:107F30004DF2ECFC90102604B7F0F2F17311F0133F
:107F400059085CFD1F12201578F938FF6B15021DCA
:107F50004805040323061B0D2E046500C00601FB23
:107F6000720464F6DE14080E240D000D4A0E70181B
:107F70008AFE3EFE2B0F0E01AD13B80D2F0E240D01
:107F8000FAFD4B002703DBFA881BF71F110BF40CDB
:107F90001E0933135DF25002101208F8A2FF74FF9D
:107FA0008F13030CBB0AB40A74EBD9F994FDB6FD28
:107FB0004920210F95FDEC0D54FABADBA9F695F195
:107FC0009F0C0B0B1402920953C31DBDA9FE07F5AC
:107FD00087070B0FB7FC1C0311DBAAE1A2FDABFF67
:107FE000FB155D0823F38AFF3A077C0980023304FE
:107FF0008EFD8400AE197106640BFD08520021F459
:108000002A00C40663FF8A0ED503E9017204FE014B
:10801000710C9E19040CD2131FFDE906EC13D60E49
:108020009500990393121616330395054709C80462
:10803000FB1CB310310FE207CDF34205C4038C02E1
:108040000C054806880D950241036403B1010A0737
:1080500054049BFCFFFFE40C5B0EE401DB0DDD0C24
:108060005EFF500772F715F98E0DE410C918BC0AAF
:108070009F15560A37FD5DF96FFE55FD4F0B7801D0
:10808000EF12A4198D07EA08F3EF4BF6C901680C4B
:10809000E01B520C95045EF9F0EE5ECB0F0580F903
:1080A000890BB90F450D6C0EACD746CC78F4DBFDCF
:1080B000870BB10735FF00FB68D574EBB4037C0D6B
:1080C000FC024EFFF50E54F2C1FF570126001305C6
:1080D000A4E5A7024607FCF8D4102BFEE209EC0544
:1080E00022019E05FA044A03E2082501EF01A8F4E3
:1080F000F803250EEA06170318F105094411010BD0
:10810000AE08AB093505440AD4F557F67303B6F645
:1081100028040C0B911BB802EFF271EF2A0732060C
:1081200019066F027F13EE068BF8BC0AE208D20D27
:108130008CFBAB01780A230788033A01B8118E192A
:108140008309210C3907DA01A40930F8D616761B09
:10815000CA059B0A2DF290FA48F255E82112BF1584
:10816000A709940B8206DC02AFE944E5FB0815136E
:108170000A187B05C8F902055CE673DC9102D80495
:108180005212F70A7AFBBBFE4BDB58EED50694FC85
:108190004907D91409156DFFBCF5D8F7D40BFA11AE
:1081A000A114E4028C0386F066F8B302C40F790FC1
:1081B000CDF14B0655F9E8F8BF1650FBA0FED701EC
:1081C00009F77DF93F09BFFBF4FAF7F93EF6B4FB76
:1081D0003F1034178DF082FC32003EF8B2FD040FE0
:1081E0000DFFA1FB210205FFABFB910CE809C80CB8
:1081F000CAEAE8EF980DC50B0CF891F32106970A2F
:108200008BFEA902211417067CFB06076115610885
:10821000FFFBCD07F80D200300067EFA06181811A3
:1082200077040B0CB30B120888F2FDE5F8FE9C01F5
:108230005B01B804850D440013E6D7E08B03D01230
:10824000020C2B12EDFBBE05FDEFE7EFA6071A0FA0
:108250002711CE0F84FB88FA2CD8D0D5D60BC007B7
:108260005B1084FF3B00F800B6F288E44006DE0CA9
:10827000451A532B45FCFFE8ADFEBAF7F322E62181
:10828000DB17870806F88002B40B90F16B136411BA
:108290006F0BAAFD51F95C022705B4FA7E0676F948
:1082A000AFF93FFCCEF54E0870F8DF04D504970710
:1082B0009BF75205F10CACF06FF2D4F184F43C154D
:1082C000E0F957F81405BF05F903AC05740788FDFC
:1082D00076FBDEF2A50439F84DF867F2B906880698
:1082E000F903FA06A000621270031FFAB3FF46FA00
:1082F00080F9F2FB4707C903F1FB55EAFA0211FACC
:108300009907EBFD8D0650005BFCA6EE44FCEB05E7
:1083100066F88C0DC0F0AD0AAEE7BDEB8700CF0B61
:108320002603540C29F57E00AEEC0E04F311381C24
:10833000C411080B0CF0DDEAA8EF44FC071718097C
:108340001613310ADCEECEF153F4FEEAD209021123
:10835000C504BC0B7EE60AED60F4E0FFB210120328
:10836000DE0989118E06CC07100A07FCCF182B0EE8
:10837000BCFAF0009F04C201FF0F0C08E9037D0165
:10838000660550030A05A0FE20081A062D09A4F66A
:1083900023FF56E993F76A10D400D0F7300851F65E
:1083A0007EEA05F72A14970BC7FBB100E6F6E1FC5D
:1083B00093FFE70BACE31CE604F71BF94C08B4078A
:1083C000BC0CA6FBCCE514E02CF860F48BF96FFF35
:1083D0004FFBF8F767E2F9EAC0EFF2F61A0397FBF2
:1083E0006204800B6DDC68D985F2D9E830FD80FA33
:1083F00082078AFB18E048F5E5F4F1F80603E60881
:10840000A303D7130EF82DF1D3FDD2FE610AB504F4
:108410002E0CAD1C8FEA0EEF4AF163022C0D120BED
:10842000730850097EE315EFDF0561F9700C5605FE
:10843000F2FCF2ED56DDDCDC1FF36C043E091E1489
:10844000BDF5CC0BE5EC6D03F1ECA805E21B38FFA4
:1084500008FA7DFA410851095306B805E8011C08DD
:108460001A0168FF9B032907FDF5B0FFF9F507FF27
:10847000F902F80A5C02DDFAB107940B1AF7AB09AE
:10848000F71EBA10B714690DF01086149404D100C9
:10849000750BF8005507530EEB0C8DF9260817EDF8
:1084A0002A0EC50FB10160EF54F80B0D63F899F473
:1084B000FD03190D44ECF2F42C027E0AC8FB840F74
:1084C000C70FF013BD055CEC7B134409160157F987
:1084D000210F630BCFF7C607E519651F380069F355
:1084E0009716A11BF105A6E6E521AB0FD0F669F1C1
:1084F000691B7C09DDF408F0E90EE013D8FF920750
:10850000F9176202CF0753FBE715B8030D1781185F
:1085100004F8F30167F735FEFCF035EE73045406FA
:108520006A0CBFF32A0C9A04ECFE12FAEFF6720200
:108530009DFA26F9720AF60041086C067AFC4FFB98
:1085400067022804A6FE90056505CCFB8CF7250282
:10855000D305A4FA0CFF130AAA051CFAB80409FFF4
:108560005AFBB4EA1AF832FCC4FB15E7A90444F339
:1085700072E16CF2FDFB8BE944F6D3F621FB360584
:1085800040F152052FF356FC800141F8E2F86FFBF1
:108590008BEE660A42077F067F07C3125602D0FDA4
:1085A00035099EF857F8AC0CE704BE047404FFFAD2
:1085B00040019A12B40E640B511CC9080AF624FF3C
:1085C0006B00CFEEAEFB2408820A2605FEF090FB7E
:1085D0006803A702CF09E0064207440055FAB0003D
:1085E000030102007E02351024041FFAD0FDD2F9E7
:1085F0003CFBFDF49FFB5608CCFAA200720438FA4B
:108600000E0A59F95D0A0E066AFA13FFC6030A023A
:1086100095071008CE066DF96EFA1C0011FAACF839
:1086200025F604FBB604D8033402640619F9C6041F
:1086300071FC31013D069CFC20FBD3F5D7F99AFF74
:108640003F0074FEF9FF39FADA0168FBAFFF8303DC
:1086500053FD3604F3066BFBC001A20705046E0947
:1086600052FD6807A8050E06760558078F047101AC
:108670006D0024026FFA7009BC07200392FAABF672
:10868000BDFD6EFF0F0AA9FF3108EFFAA60415071A
:108690009203B8F6C2037EF62FFC7AFD4704B1F8C8
:1086A000F3F78F0292064507ABFB3D0182FC2501E3
:1086B000C50115045B04800997FB3908580053F67F
:1086C0003A03F9FA7FFC560378080607A3FDFB037B
:1086D000060ACD094F04ED067007E302FDFD12F610
:1086E00059F803061802BBF6A0F8E20430FD19039E
:1086F000A7FDCAFEBD0721FE29076BF7FBF9610341
:1087000064FFD3F7F105FE066BFEE4F85507FD079D
:108710009602960722F790F649FDA60878FE9FF884
:1087200068FADC032B0382FDD1FF3DF7B7037B0121
:1087300081FF85056601C6046AFB9EF729FC1AF1D4
:108740004B04B003AA14D006E2F56FEAD7FE10F787
:108750004EFA3AFEAE0EE8021EF0150A61F0A0F1E4
:10876000B4FAD8181F0444FC610914FEF2F70EFB9A
:108770005C14E60606FF11F752F445F4FAF6A4F984
:108780007CFC6F0AF4FDFBFDD9F9D700FFF73FF53C
:10879000E50A79004E0F951B42F65AEFFDFDB3F145
:1087A000E605B9F77414380267EFADEAF7EEBCF4EA
:1087B00076FFABF79D08220D07FE850489054C0660
:1087C000F40915FD3DFFF5FD590758FAAF05BB0546
:1087D000FCF597F64C01FD05710476FD2F08FAF8BB
:1087E000BFF8CF0321FA35F83DF807080C01F10274
:1087F000C1FB4A0D8BF753FDF3048300AFF8C5F6B8
:10880000C70DE4011DFE150B2C04F6F811F493F7C7
:10881000A1F614F2D00512177DECCFFC77FF74FCA3
:1088200053FA22F5261DFC1760E46FF273F310F87B
:10883000BCF7950310296928D9F00BEC56ED22FA04
:10884000130653F3F714EF0CD4F946F61F023C124B
:108850004EEB71039511CC0C97F38DEF2D067B0336
:108860009F03290072080A0D1205CCF3A3005C02D5
:108870006402B9015E04050BF1F55401CA0B1FFB3C
:10888000EAE9C2EE14096D16300540ED0B01EBFB71
:10889000B5ED5C0B0811EB1D72F0C7EDF5F87BEF41
:1088A000F9FDACF7BC1116FA23FA180995069509DB
:1088B000ECFCB005A0FCD0F9EBFC730A21017606B4
:1088C0006FFE5C0AE8F70A07D4F696042FF87B08D7
:1088D00059093C0DDFEB6EF25EF3DB07C006B6080C
:1088E000100007E4A0F359031D0D76EF7C027DF71D
:1088F000ADEAC9F63A140F0C27FD09071FFA6DFD02
:108900005DEA99F01C0482FFB30EF605C2EF7CF11C
:10891000CEE0A4FAA70C6805B2030A05EDF91DFC28
:10892000F6FED8ED61FDF8F21D0D88FE6F017F01A6
:1089300024F1F1FA53020AF98802810ABEF877019C
:1089400021F0A6E49A049DF8B20956FFDA05C1FFAA
:108950005DF9EC03DE01B4040AFE97F9A5EDAEE380
:1089600040FC9CEE1DF1A1FEF4FFABFFA6F4A6EFC8
:108970008CEE42F5AF03CE0CA5ED01EA3EE7F9E33C
:1089800090F910FEA30553042FF6380E7BF851F929
:10899000D70949F9950331F9AC0CE1F99103F604D3
:1089A00065FE2F05070837FA77FA5600ADFC2FF958
:1089B000F2FCDBFA42EEADF478047C0B4E0FBB15F3
:1089C000F9F613FACE0A3B136F02FEF09C067DFF08
:1089D0004E0878071D09F6FCC6F5EE050E0B4002A1
:1089E0001CEEBCECEA0A1F0B18089006D60113FF18
:1089F00026012A03840484068AFEEA09F30C7E0B0E
:108A000067F246F1A60A43FB2DF8EDF3330510FF9C
:108A10009AEDC1E5D4FFDCEBDA019100540A210C98
:108A2000C7EF50E784FDE4FFE7FF560E030883011C
:108A3000D0E868E0DD07A0F7F9FE88085D03FCFDDB
:108A400009EFEFEC73FD10F462FB5A0134F7EEF01E
:108A500082EB83F24CFF4D0405098905A7F6FAE77E
:108A60006DF5160FF6F75BFDBF0AC90427F660F730
:108A7000E30EA5F1A3F79C013B0B50F1240856FE31
:108A800098FD76FA8507850686FD7B08890457FAE6
:108A90007DFE9DF867FDDF0510F69F00A2FD910D9C
:108AA00033FC9C01270A47FD26FB5BFF0203C70737
:108AB0002FF22BEB0DFF4508770B3F0A870DFB03C9
:108AC00020028BF7D4134D11F507EB0D8B02DC0759
:108AD00055F503FADA07C9FAD80154FAA9041119AD
:108AE000C8FD58FC08FD0FFBB9F0D805BCFEDAFA4A
:108AF000F5ED47E610FB36F81C02B2FFA6F84CFB7A
:108B000066EFDADFAEF9C20A07041DF8D5079C0448
:108B100017ED7BFDABFC51EFAD00D5FCB20309F8BE
:108B2000290DE3027FEEDEF300034EF76BF128FA26
:108B300000075EF73CF693FC40FE320845F19CF4DA
:108B4000D4F509F964F2650988FD2AF741F1740644
:108B50005E00DA022FEE6E0400FB18F55DFE0D07D5
:108B6000C804C5FD61FFC5F6E0005C119EF73D0C31
:108B7000D8048904B802E4FE9E07ED0A31F8370BE9
:108B8000B9ED350A6402BBF477FE20147200F20ED0
:108B9000D3F5C6FDFBF69F0686095E0C0B0EC705D6
:108BA000E4F92CF1CA07BB02B8043E06070C95FF96
:108BB000B1EE3003FB087906B6FBA1056C105CFE34
:108BC00035F7E8F5E8F3CEFD5704F9FD30FAFE0776
:108BD00075F9E80320024D01EFF49EF5800A0306C3
:108BE00028F102026D0DFC04B3F5D5F08EFB260CC6
:108BF00082FF6316A4012CEDFBFDDC04A80C920996
:108C0000390F7B0D4EF180EE5800C104D40266F599
:108C10001E045112F9F3D6F4370F930506FE06F53C
:108C20008613D017AAED2F0D710C0BF8DBECAEFA02
:108C3000830AD3F62DF702F9830DBBFE1D0158F50B
:108C4000610667F1B3FDD4FA3B0A561412FF4C16C5
:108C500013FAF5FC540237015D0C9A0078F494F590
:108C60000BE966F9BA03C9FD71FE640E7FFEB60416
:108C7000E7EA87F084FC1A01610F1E0B900DDAFB06
:108C80007F06B007BCF8D808740409009AFD4506B1
:108C90009A046AFED5056308400589010BFC60FB58
:108CA000F60C5F1069F38BF7D40083FCEFF9E10356
:108CB0003D12D71988F7BE0CAEF905F7A1FBD1F923
:108CC00082202E1ECF06F1F62FFE16096004B90889
:108CD0002923AB1751F89EF011088D008CFECC03B0
:108CE000271C751A08FAC0F570053EFD250C97FB88
:108CF0009F21CC1973F1DEE23E079F0FF5F2C8F118
:108D00005415CCFE89F92D0DAD0C54FE07F53EF03F
:108D10007B12CEF0D5011C016AF86FFFDAFCCA03A2
:108D2000B1F29C000DECEBF963143C12C5EF21FE8F
:108D300039F272FD6007F7EB17159C08E00B0CFD8C
:108D400085F125F97D03E6FFE4E5F4F8A3FDE6FBF4
:108D5000DB00A005BF0D10056905490BB7F51C0523
:108D60001E0C7BFBF60721093209C001ADF480F12E
:108D70002EF8BC0484FB22F352090AFD9AFBE1FDA4
:108D80007A0211147EF6D6F4050F430688F35DF7D8
:108D90008C0D3A22EAFB78EF9607A40BE4F618064E
:108DA0005E290F1D07F10BEA800CD208AFFBA1046E
:108DB00054296C2475F844F7C7071D0AC7FC9CFFAB
:108DC0002B2BB1202DF714F238152E01C0FDBCF568
:108DD000E416082092E687DD6F11370ABEF3C2F76A
:108DE0000B24550743EC8A03EE1C5C0C07FC8EF148
:108DF000DE0E8710C6F6F5F711FEE3083BF124FD01
:108E00005901490CD2F840F9810FD30EF6FF69F5EC
:108E100018F0FBF593FBADF8890F42EF580D9C0D50
:108E2000B8F04A01BBFFEFF55DFE08FA3CEF61FDCB
:108E300058FC0110FAFA45FB7DFF6DFC8EF52BF412
:108E4000B500160241FFFCFE3C03D3030CFD6AEFA4
:108E5000BDF622058E019CF60E0ADC12BFF6B1E9C2
:108E60004AF9D6FE89F2130138173C14B0E7CEEA6E
:108E7000490AC510ACF5E2ECBA0B4903ACEF1E0889
:108E8000070D2405DAF04DF5E3FC4B11620EC1121B
:108E9000590FB414910089FA96085104520FFC0737
:108EA000E50413051700C0F5C208E4FCFDFC01ED64
:108EB000D30E680A7EF38AE7AC140E079FF23C00DB
:108EC0009A0A2511A1FB2AE57F090E093D054000FC
:108ED0006A1A9F0668EA6AF98A0529FE53F2C806EB
:108EE000B404500FA3F94707E512200913FE30EE32
:108EF0008CF041E110FECCF70317F2108908BF098E
:108F0000DFF5F50630F3130DCF03E6EE04F5E1F3DC
:108F1000480275FB620902F9BE0750FF47F42DF2C3
:108F2000E606AF06AD0152F2BEF9540024F7A1F1F6
:108F30008F0D1DF921F01CF567012B0AF1E5EEEB11
:108F400013F879FAB0F72AF1CD08DD0D2EED7BF09C
:108F500069F513F3F2F5AAEB89FD2B0ADBED69F84D
:108F600051EBDBEAB7EBFEF91105AD0AB7F5940654
:108F700090E40EE9930175FC9AFEE4FAC40697FEAC
:108F8000F1E65EEF77FEA3F49E051CFFE00655F2C6
:108F900057E49CD727F88CE9F60BA1F3E4F2DEF551
:108FA000A1F3BE1158EDAAF88FFDC2FC06FC420EDB
:108FB00016206CFFDFF95EF592035B006DF73BF660
:108FC000A3078DF9CCFDC7F865149E0A9C0160F4D7
:108FD0002A1331F631F360EB730D6C067FECEDF87C
:108FE000C2FAE2F51EF7CCFDA50725FB5DF251EEB6
:108FF000F4025003DB053EFB3210640169F385E7A0
:10900000FFF83F080604C2F607004CF969F109E5CC
:10901000430C860AB1FE5BF000FAF70972EF03FA1F
:1090200097FB8B017FFA58F8F205D5078AFA73018E
:1090300068F38CE59AEDE0F728F62707CEFDBB0430
:10904000F2E7A5D739FE39FC2A0870FEA1043A02DE
:1090500053DCBDDFECFD4B09F910C006C603B10CB3
:1090600006E1FDDB2F048EF90EFF74FEA110B8F1AE
:10907000D2EA52F506FD25FBCCEFCCFDEAFFAEFDB2
:1090800076F37215FEEED30265FDE400B400AE0483
:10909000E50EB20CD5E570F49F0743FC10FFF5FE1A
:1090A000190B5F0923F9A7FD6D0A040E0CF5FFF0FB
:1090B000F302ABED66016CEE730994078DF352FB7E
:1090C00070F2A9F503F7BE00A2FB4A0BE3F3F9E740
:1090D00048F4D10A44F7F3FD6CFFC8F93EF2BAF840
:1090E000ED040B0BBF10AA0A81FFA6023400FEF8A4
:1090F0002405320D47F7CBFB5F06E80544FFFB066E
:1091000060FD45F6ECFC43FC9708960DCC069508EF
:109110004BED3EE966F228EA10FD9E02670BDB028A
:1091200060F0DCE9E601D8FB380083F8840790039F
:1091300041EA85ED2004A9FE281CE60FAD0EFB09CF
:1091400090E0E1E025F864FF810458F4300A91FDD5
:109150008EF224F4D8FA23FF93FA04FCB4F638FA1A
:1091600052F5DA0A6B01330514E4EC06390343F9CE
:10917000F71C9B03D4EAE3F8E21CABF3BE0C48FBFC
:1091800057F87902B3035AF908FBDFFBCBFEF3F97A
:10919000640BBBF471FCCFE86410B40950F7E3F53D
:1091A000F2F7F2F7F8F53A001001E7FFFCFFD4F808
:1091B00033FE26FDEEFD73FBBAFDD60BAF07ED07C0
:1091C0002803700FEF02A50AF4F8B603B104F90EF4
:1091D000BA041903230666FDE100B907BD08C703F9
:1091E00006FEEF01B5FFB104180E6A05910E7C076B
:1091F0009BF8B003B306D00907FB4AF60CFB6BF1F2
:10920000D80326F6270066FBDBEDEAFB7AFBE60DCA
:109210005DFF66FD660B9003EE0EDB0ED9051007B1
:1092200078F9DBF1A2FEDF07FDFE15F15F071108FB
:109230006CE685E08A00BB0BDBF603039BF373F857
:1092400059FCB301791301141603EBF94E034112D3
:10925000E50B2FFB140719166505F1FA1C07F1043D
:10926000C60CC60A370142FE9806050C41F789FD77
:109270009F1265F837F1F4FDF1189F016DF785092C
:10928000B6EF6FF30FFDA9F658092005670A14041D
:10929000EAFC0BF84F02710C6608670768142A0C89
:1092A00099FEDFFD2011D5069D0145FA8413D105F5
:1092B000700FE804A302F40A94FD23F8800B82FEE9
:1092C000A2ECA0F135FE8B003F036BF9C014100433
:1092D000B80822013F041B104402350732090F066B
:1092E000A4F5CD00C41777033AF133FAF9FA7E15E5
:1092F000FBFC1713570D030DCA0C68022B0E9E0AB8
:1093000007F932FB6CFA58036EFBEEF95310820931
:10931000D6E4A8E48003B705B00BE11BBFFD45FE12
:1093200025EF8304DB035D0F7020D8F3C20F8C0E92
:109330002001EC006218150B820173EB28129207D2
:10934000EE032706D9002FFBC3F9680817FC840633
:10935000E5F473EB5BFEA21B3015F00006FBE007A3
:1093600077FF07FF82F82300EC197B02BD0F1C0C6E
:109370001FFCA2FC1E18CA0F7709CA01CA06910079
:10938000A8F786FBDA09870C8DFD75F89F0AF001B6
:109390008CFA84F4260F1F0C66EEE1EE8F05990E11
:1093A00086EBC7FB6715A3068AF42FF3D310760A62
:1093B00024F246F07810EC05DDF8FBF4770B5F0C37
:1093C0007AFED702E9056B11D7F283F65B0E9A0C91
:1093D000270947FFDB045019860CC3FE0F113E0B13
:1093E000410B13FEE90FD6123A07900E870117FFC3
:1093F0007AE78EECA30C4BF9010C2C1C83FC48FB88
:1094000015E848E76E042B1D0C181AFF0300300AFC
:10941000CEF2E0F89C1C681227FD62F8F8091F09DB
:10942000E00554003D0D42F11A02BA046E00350AFF
:109430000CF12EE90909F4FE9E02080821067D0EB2
:1094400045E7DFF05FED6B07C4062AFE6D054D0EA4
:1094500024F4F4F268180914FAFBA6EFDFFB47F8CE
:1094600005EA3C00D50B200B47F43BDDE7F8C407C9
:10947000C0F9B4FFADF7F009BEF1D3E62001B006A4
:1094800088FD2B00E70FE1041AE6B9EBD40268FE71
:1094900099FD96F0DE084F116AEEC3F68AFB980B31
:1094A000B8F65F08B613882519F1110945FFCE1BE0
:1094B000D3FEC0F5E9138C0A5BFDA500AD181F10A3
:1094C000E2EC9201A20CF4130012180D66055F1174
:1094D0007AFE34E3C803680B480DC609A70183016F
:1094E00034EBBDF187048426FA1231E016FA8500C8
:1094F0000FF2C4F34414DD049EEC0DF6C1176F04A3
:10950000A108D8F1D5079BFEB7013A051D04ED026D
:10951000EAEDC5F8AD0E4CFC0BFA4110F4FE9010CC
:109520009EEEF2E753F99605EB0DC91166FFB20303
:10953000E7FED0E8C60CA60954FD00F5C003BF0243
:10954000B7FA4FFA100B1FF9CEFB4FF01FF46CF572
:10955000A5070EFEB205280898E7E0F858F7F3EDE6
:109560001200B0083DF9320646FBA7F632EBDAF6F8
:109570004D050601EE0D41131AEDEDF53CF8E00541
:10958000FCFD5B0A0D252E1D7EF39E06F50D4A049B
:1095900071F9B103A7145A05C2FA2305F803B10201
:1095A000820375F75905DD1AF400900F17F861066C
:1095B000D30ED0ED73050811A90E9805ACFD14F576
:1095C0001F03D5024414FC2A5D0B0BEB81E965F106
:1095D0004D0084F9A20C63F71D00A804D60F2202E7
:1095E00025160AFDC1F02DF8390C3AFBD6041319E3
:1095F000FBE1D4E958011707360030104C04391448
:10960000AFF556F39BFE75046407790CF1FF62F623
:109610008BF7FDF70B112B0BB603850715F92AFB0A
:109620003DF944FE3F0A1CF67C01E1F8D6ED54E911
:109630005B02E40C8AF3C5F929F9EBF66BE4BADDB9
:109640001B0849FD13FBAC0E56F0B2F402D64BE3F7
:1096500032050D05B410001036FB7FFB57F17D0479
:109660005AFD6C048414530E4E087600DD069409EE
:10967000D405FE030511711046FFE8FD540D37FDBA
:10968000FFFE65026106FC0EE1014506A0F0A1FAAD
:109690003AFE22FAD409EE0E1714A80266EE66EF1F
:1096A0008FFC33FA4F15FA23B6FFC3E8A1ED56FB42
:1096B000CD195F06CA15850EC80E4DFF3310510334
:1096C0003405F50410FE54ED9CF8351208F9200914
:1096D000DFF4DAF640FAA3059E13F816B00B0F0B71
:1096E0000AF63DF426FE8D0103004F0EDBFBADF9BB
:1096F000BCF98C07F501AC076813240666F8ADFACF
:10970000760CB609BC02BFE666125B0A46FB80F91E
:10971000D103B212A1F2AE01ACF79BFEB4E63FE872
:109720008F110A0C91F5320B89076D019CEBAFFB91
:1097300045FBF4F856108117A403AEF8E2F490F15B
:10974000690093FA1D151F1100076AF81AF459FAF7
:1097500016FAC30652FCFC08AAFC33F6D8F8BFF68A
:109760008503A40A6E01ABFB6407B2FDA5059EFB51
:10977000AA00AB0613F94808A9FBD5012AF31DF18D
:109780002807E5FEBE03630E5CF9FEE920F44D13E5
:10979000A20C54059213A6FFD8EF79EE950DC900DF
:1097A0005DFE82EEB905ADEE7FF7DD0403FDEA163E
:1097B0004F0192EF860C8B0B08F93A1136023E16D8
:1097C0004BF20209FD08E9FC7910AB02EEF88FF9C3
:1097D0004F01D3055DF9E001560177018AEF7AF078
:1097E0007E05D5FE560056EBA90CC9FE150137F9CA
:1097F0008307E91011FA73EE3C08C40888002202BE
:10980000C407A90902F232056702E808C205A90DDA
:10981000DFFB3106E6046B0DD40AEAF905051800F2
:109820003BFF7DFB4F09B8F81A0182FEFCFCC7F82C
:1098300066066708B80555FBA6FA0BFEAEFB43F7B4
:10984000D1F9C9FD20F384FFD7F95BFCA6FC53FED8
:10985000F00C1908C3FD31090E0205F4E5E242F9E6
:10986000EE11F713740642060DEEB1E690FF5A11A1
:10987000A5F916F79624FA08D0F38A024E13A90721
:10988000CA03A0FEE2059A0FD9F3D7FD72F5A20331
:10989000750C6000EDF754FC0DFC47E9140E431CF9
:1098A0006F018005E70438070807E8F72C01F6E99F
:1098B0000D12E403BCEEB8037EF794007AEB81F25C
:1098C0009F0040FF9FFA5DFC94FBE3F5C7FDBBF7EB
:1098D00068F7D8FB48FDBBFFBBFFC405450738064A
:1098E0008CFE36FA62F4A6F93504BBFE170496FF27
:1098F000F5045A004BFC8FF5C5059BF47FF7D4F7B0
:109900001304310169F3BEEEF5FCDBF08703CCF5FF
:1099100074040B0557FB58EAC4FC86FA32F835008C
:109920007402FDFCFBE2E2FF280396F088F1A0EA56
:10993000F5F17900F2EE22F896088FF73DF143EF4A
:10994000F10444FCCB0217F5DEF87200E2FE711060
:1099500022E719FB3BF917F7A309E00A60F9AD010B
:10996000280BE403460768F621F5940590F935F7CE
:109970006204CBFABBF6BF0A1AF68AF31C06540639
:10998000AC03E7FB64F4DFF6A8FBEDFC97F9EAEF24
:1099900033060F0270E870FAE2F77E0391F850F593
:1099A0006DFEB2F973FDC403E00620F937F46FF8D9
:1099B00099031207D0FD60F7EBF67EF67C01A00B51
:1099C00092056B090003AAFA3406D2FF9A0A9EFD9B
:1099D000610E35FE37F997ED5D01860761FFD4F81A
:1099E0007EF8F00718EB37E74D056A0120F96CF7B0
:1099F00088FF8105CFEF95EBD8F544FDF1F56CFCC0
:109A0000F20176EDF2DEB2F616EFD1FF95F2FEEA44
:109A1000C1F88A00F8FCACF1F6047EFBA5FCBAFFA5
:109A2000F3F047F8E4F65AFC85F3BCE97D10A20890
:109A300003ECA40568EC49F7B1067702620F0D004C
:109A4000C804530130FB2F046301FD00EF060BF83F
:109A5000A9F873FCEBF3FBEDFB1252FF000C7E0444
:109A6000860EFB041FFC41F1AD09DEFD82059D0B56
:109A7000D20292F286ECCDF39E0D9703EBF8A0FE96
:109A80001DF8C1F5F7F774FDC6F68CF76A0B1FFFDA
:109A9000BEFB19FDCAF10EF74B0AF00A7F02480D12
:109AA000260A31FE8CF5B8EE98FA21F9BE0AEDF9D6
:109AB000FDFF1BF991F157ED4807AE00DFFA94FB6B
:109AC0005C02D7026BE513F078045DFB5DFEB9F82C
:109AD000C50430F70AE057E9CDF66003A6FC12F69C
:109AE000B3F76B032FF5A8FAA6EC6DFF64FAF40246
:109AF0002DFD020444FC11FF59E8D9ED27F6ED06CF
:109B000097EEA8EE8EFED6FC09FA2AFB011FEC1395
:109B100085EA74F7AAF1BAF503FAD404631154FF85
:109B20006A0323FD65FAD7091D0AE7F9C0F5BAFDF6
:109B30000004ECEBCF087FE98905301EAAF3DF11A2
:109B40005CF1B7F2ADF921FBAE283313F01B5F0EC9
:109B5000A6F8EFF20AF7D9FA2B110609FA0CC50597
:109B60007AF281F9B7FE5EF810F7B7077408820839
:109B7000F7FE270AF8EFF8014103EB009A07F60E0B
:109B80007E01F704ABEBEEF64805040C890AB7FB3F
:109B90006F047811D3EB0AFE900F6DF640F9FDF3D8
:109BA000BC03290493F4D6F1C2FAC7F8D9FDC2F375
:109BB0008D058612DDF712FAFDF791F73DFE0DFDDA
:109BC000640B05016BF661FF84FBF70122F92506A2
:109BD000EDFC11ECA8F9A1FE4A04CBF6B10E4D063E
:109BE0007304BCECAD0B2E11CE056BEF0A1065189B
:109BF00063FF32025D01250776004FFCBB0830078A
:109C0000B0FFB709320986FA5DF73100A6FE7DF78D
:109C10000EFB2C0FC4FCA2F607FF300955FD1B03F9
:109C200008F729E9A605510AB324EE18730DFA1BAB
:109C3000D1F267F23D05FBF89803980D3E1CBC1D60
:109C40005703DAFFB10190F70A0344149D1F971AD6
:109C500086F0D50AC3F7BD1020060F1CFA16810C3A
:109C60009209CB02FF078C068D0396FA8E0B7001CA
:109C70005D00930B2E091EFF53FB430068F3B7F8FA
:109C800047089708F502D1FD4109CEFBC4F71D0333
:109C900014158E0555FC63F25E000CF4D8FD01F539
:109CA0000F0B94172AFB99F5FFFC150A18F6E4022E
:109CB00015158811B6ED7CEDED16BB18B0F93D0217
:109CC000A106D3089FE77010810DCFF7C9046B027E
:109CD000C1FFEFF515114EFB05F7E0FC4D0E8804B2
:109CE0004D0AFCFB0D0790FC90FE11FAC109B50965
:109CF0002FFA6404220943F980F7E202ECFF3502EF
:109D0000BBED07FC8A0D160BFBE2A0EAD40F3B1556
:109D1000EEEF97056E088A0108EF98F1FB0E7A12B4
:109D20001A08CD158A0A9312AAF69FFD7C0B120C15
:109D3000010B50FD740952FA08F8D4FA1C1DAF0942
:109D4000B1015418790A370AADFBA4083E0D81FC15
:109D5000DE19AB0AB50CD80ACAF41A06A2083905EE
:109D6000F60AF4F72E0A02F33D06A5FB09010A0BD9
:109D7000E702CA104905BB032106690DB6FFAF040F
:109D8000E60C430EBDF4DA0764FFC6E8BD108B0A8B
:109D9000F40B140774FD980BCDF26DF0490CFFFB2A
:109DA0009007BC00A90AA3F5C2EC0505810078FB69
:109DB00090012207EE02F0FBA703FFFCA601D1FDF4
:109DC00013090F044EFE5B01E306610204F6D4FBA7
:109DD00057FB7503CDFB5F0A68025C088AF6AD0984
:109DE000EB09000842020303E6FC53045EFE510740
:109DF0008011E706E9F8EE092A05D7F9D4F136FB18
:109E0000F40E77094FFDDE04E4FE65FAEAF868FF18
:109E1000C70FC30CE0082C05B7050B0382027E02B6
:109E2000A11F4334FB0397FDA0066E106EF752F797
:109E3000DF25B2078706A70760EF2CEE88FCA3FB9F
:109E40002A09C2056BFC28FDBE05BA016B048AFC19
:109E5000CCF785F3690D8A13C4015CFD3E0F750BC9
:109E60000508C9044514DDFBA2FA81F953F8C9F8C5
:109E70006FFE88FF900AD00050023800D605A2FB82
:109E8000F0F6670325FE98FB6B06DBFE1607B0F7BE
:109E90008FFD4CF78E021E00AEF8BAF750F645FF64
:109EA000A9F739FED10710090FF923F67F00E9FF62
:109EB000C4FDA906850024FD330514FF1D0AA90869
:109EC000210A8E0247027209DDF97B027403460102
:109ED0007FF57B0192FD21F99505B804B409440A88
:109EE000ABFBBBF97B001709DA09530347FF03FFFC
:109EF0005FFF4B09EC06C2092C079BFADD0135FA1E
:109F00008004BF03EDFA40FA52F686F779FE500D51
:109F100089FFD9FAC1F7E202D8FCD9F54AFC92F6DA
:109F2000C6016CFBF7F8DFF7DF0963085AFB46054B
:109F3000B5FBD3F5FB06F2008D071DF956F9370383
:109F4000A4FEB2F59AFB2BFC7D0398F9AAFE8EFDC8
:109F50004DF7270102F682F7FC068C0947FB300912
:109F6000A20002069504D70627F659FEC8082DF769
:109F7000D709C6F8B0FCDE02B5FC77FFF507F9FD9E
:109F8000DDFCFD00FC03490758F7E2FA700423FCEE
:109F9000FCF584FF32FFD4FB38FD7AFE6FF8CB036B
:109FA000FF096BFB7BFE63F63CF9F7067D05AA040F
:109FB0000512A41003FD89F2FEEF42F5850FE715A7
:109FC00033034A136AFFE8F155F227F8A506BD08E6
:109FD000130D031419FF21FB12ED38059E187807A5
:109FE0002315510B15F494EE0007C8FD3A0BB50983
:109FF000D50CD01D210325001701B6088DFE2C1F9E
:10A000003B10A8120EF51CF5C60C61035C1F33173C
:10A010002B19C90EDBEFE2EB01F3C0F69A0D5909DB
:10A020007A18860336F398EB86F0ECF2D10A58FFE3
:10A0300093090B1249016BEF88F21A05A2FFB10FC9
:10A040007B0294087408BCF704F6A2F87807F0F9CC
:10A050005DFDB900570AE3000B0896FF23FD790662
:10A0600003089C057608250A730758F6C7F8E0FA36
:10A0700098062907B502EEF54D082C0C25071A079E
:10A080001913BC0952FCA9F0D501330341171B0673
:10A090007212CA0E5EE82BE5B6F1D7ECE90F0E0D91
:10A0A000ED1BE51C0DED89E6CCECFDF5C11493F834
:10A0B0004C1C0520BAE629E535E109F5D0FFF2167A
:10A0C000CC14390DB3E240EC2CFF07EA5E04AC1867
:10A0D0003A0DD114C4E91FEB6AE865E56813F61080
:10A0E00044027101C6FFE8FCE9FB5FF9C8153B0FAC
:10A0F0004C0C3005B80D8D02A0FAA3F393145B0E3F
:10A100000A10B8111EFD00ED5BF22BF4E9F36BF1C0
:10A11000C6123D030EFC9BEFF0EC02FE3EF06BF02E
:10A12000AF099C06D8FD34FC12EC6BF837FCACF69A
:10A13000AEFADC00D6047DFC91F9D90294027D01CF
:10A1400043015E0897F822F8A1FD9BFE78FEC10648
:10A15000A80CEE09301475FC1DF2680149078E0445
:10A16000D6EF0CF8880A12FD5D06CFF58909820E3C
:10A17000900D68FD37F5C207D5F4AE01A6162E176F
:10A1800013FB05124200E7EBA907F8FF1203EDF8F5
:10A19000EF0685097EF32FFB2F0639043B0452F9A5
:10A1A0008CF958103EEE4BF7A700A2063908381C70
:10A1B00088FC15F5CCEDD0024E107D01B613D50804
:10A1C0006E0D6203DCFE71071604CE03EE1A402901
:10A1D000B806170066073214A7FC39F6BA13CE0D7D
:10A1E00021E7EEFA3116DAFE3E0062F14DF655F443
:10A1F000B305CF048405160912F4FBEDF0F851FD08
:10A20000040992F95F0320EF02FABE0B44F5D1076F
:10A21000D8EE8F0180F8B605E807170127098000FE
:10A2200030FE05FB89FAA4092CFD9702C501E1FB6C
:10A23000F50D79E45A15D11CC5EEC80D6B09A803BC
:10A240007FFAA208A601BC02F2F716E58F0B1412E2
:10A2500011FFC409B4F49CEF58FC09FD0D0C410D2D
:10A260007407C9166A01ABFC5007B805350C3004F9
:10A270008506380C38F6C10013F87A02E6040AF7AE
:10A280008E0D820FBD054BF76C0BCB012B0D3E0FD6
:10A29000350E5CFEABF70103230A2305CB0FA51E89
:10A2A000C30D4D0373FB3F0008F7D900F911F816F1
:10A2B000A0FC0D0A4EFF7D07AFFB11FFDD01FCEF97
:10A2C0003605FBF790088D0B25F434FC2BE578EB75
:10A2D00092F603F1E5FB61F82DF8D6F5B6E4BAE1A4
:10A2E0008BF69CF5B70705052F026B0D22EB66EA8E
:10A2F0002603BF0867062EF6D11058FA00F90FF7AB
:10A3000041F732029D03E006590443F8EFFEEE01E7
:10A31000080612F2960454042DE93DFB1F014AE899
:10A32000AE0942EC4EF16B0AB8F6B70008058C1086
:10A330009FF70FF4B6066B11D803E8016C10E4FB2D
:10A3400042EF0E012FFFAD0722096F02ECFF15EF60
:10A35000F2FF3BFD69F192FDA40EE817F7ED42EA2A
:10A36000A6013709FD04660A5004361600033B12A5
:10A3700025FFAE00EDFF3D071D062F06501D1D0BEE
:10A38000C60779059C0B72FB54F7FDF873FC1BF8AC
:10A39000C7FA1600450861FECAF53F02BCF8ECEFAB
:10A3A0006FFAC006B901A6FC8A0236F0D5DFB3EE1B
:10A3B00088F3F60043FAD0EA1E0707F05CED43EBA2
:10A3C0005CF6180DF2F6FE088FFAE50BFAF114FCB4
:10A3D0009D0836F7EAFAB9F283027BFA25F4DB002E
:10A3E000ABFA84FB6F08550B7BF9FA049309E80973
:10A3F0009DF4F0F91A092F1007001AF008FE94FCDA
:10A40000FEEDBEE97B08BA0632F3CF047E0AF0F413
:10A41000C4F253FCD0FD83053F076706ADF36BF034
:10A42000F1F581E8A8023309DD17D60403F942F0FB
:10A43000A7047FF719FA9E0B9F14920FACFD02132D
:10A440001AFC97F76704550072064211A6188B1381
:10A45000610770FFBC04A00D40073A01A5081D0D5F
:10A460006C06D603841463077501E106D3FFB4FCC0
:10A47000CFFC3203C6076D074CFCE50CB5E707E7D8
:10A4800023F569FF56074607D7022B0B86E0DBDD75
:10A49000ECFB29FCA9FC7AFE150741FC3CEA0BE326
:10A4A0006EF6ED01B5FFD105A2045A00BCF3C2F768
:10A4B000A6FEE40206F97BFA7CF912F7FCF820FF0D
:10A4C000D901D4F9BDFC4608DFF7F90AD5F9450EE4
:10A4D0001DF7EBFB790D7F07FEFCAC0ADB021700D2
:10A4E0000BF623E92AF730FB71E0F3FD2BFAAAE023
:10A4F00094FB0D027803F3002C0397078BE507FD0F
:10A50000B9F0C1FE1C0F43F953125F091BEE1BFE8D
:10A510005BFEA5005F01B6F8BE04A508DA120510BF
:10A520004FFDC203A10C950519FC20114C115B0BCA
:10A5300017FFD9063006BD066D09C10198FC65FEFE
:10A5400027FDEA03B8FAA0FF46064701D4F54AED15
:10A55000AF05F9FB620A2F06F20A560B9CE3D9DF1E
:10A5600054F71004150D3CFF180614FF18DEE7F42D
:10A57000D9091205DBFA10012402700A79E077DFAD
:10A580001EFD65F5E5FA7B0331040409E8E695EF65
:10A590008CFFF206FDF931F1EEF1C9EFBAFD0A09BF
:10A5A000651802F745E9F810D30675F7F4FFA1081E
:10A5B0006EFC340623F2DF0BDCF6F5F670F39AFF3F
:10A5C000ED06FFEF7AFDB7020EE3F8FBE9030AF5AB
:10A5D000ADFA0EFE8C091B1051FFC304D0FE59FCCE
:10A5E000FBFE5102C7075C01A414BF118BF7A7043F
:10A5F000570ABEF69E089C12100C0108E70AF906DD
:10A6000052056F0F410136092F09F60657023E0524
:10A61000870B4F0D32093D009E021B068AFE55FB3B
:10A62000AA0A640EA0F5D5095617B4157FE7B6EB54
:10A63000BFF472F98C04840E6314AB0EB9F3EBFF14
:10A640000902B802E60548103504E5FF6CEC36EA6D
:10A65000490029F6EB084B084C140F15A9F232EB10
:10A6600094FA8CF8300C720C3A1F920A7FF807F4B7
:10A670008402E7FF7F0EAE11B5018A126E0A7905DA
:10A6800058EE87F6A90A270D4409AB05BE018D05D2
:10A6900005F2C3121DF0DF03F5F772F2BF0DDA0FFA
:10A6A00018048801FAFFA90291F33203950AD8F33E
:10A6B0009A01B3F214092C0FB5090F0230FBD9022D
:10A6C000ABF7F5F89402DF0196031A041904F703B7
:10A6D000BF01C1FA83110A0EF30A970D79063709F3
:10A6E0005EF9950F0F07A906300D3A08E00A68FADF
:10A6F000DF0C16071709AE0EF60DB5F68CFEC9F283
:10A700002601D207480BC8054C10481884E541F0D3
:10A7100024F1FBFDB40EE8145B090310EFF91607F2
:10A720000EFB440A900C2011D8117A0E42FE71FDE6
:10A730000D0209069E10E6084702F90876F478FE35
:10A7400050F4A0F6F4038018FB156F15A7F3CEF9AB
:10A75000BAF4BBFA081E44151101A8F5ECF710F97C
:10A760009FFDE605F3036301990F5BF6F9FBDFFB41
:10A7700058F94307FD0103FB1801DEFCC512F10285
:10A780000200F3FBBA00890B99FCFEF9A6069AFCBD
:10A79000950526FD0C03930F04028A06890B8FFD95
:10A7A000CCFA0504D10894067A06F10F37FFF309B5
:10A7B000470818FA6312D10866048A010103C80425
:10A7C000E802F606240F141635069610C0F51B098C
:10A7D000DC15480A590AD004DF05FE0828FA98EB70
:10A7E00081F8D9FEC5041702BD00C81459ED17EE53
:10A7F0001905CCF54C0B9E0DC10534FC1D00E3FE84
:10A80000E206D4FF6711870F1F02970A620EA8079E
:10A810003A03C908DE0A820AC50B8A1B13083F02E5
:10A820000B0669EA920E6A1D941CE01B5CEE12E7AF
:10A8300004FF210EA01F4D17D414260647EEF30087
:10A84000C5FEEB0EE6127B0559016A05E507EC0E25
:10A8500019004DF7B1087F05D5000912BF18E503AF
:10A8600056FDC10CDF14A113640B0BF52B133D0136
:10A87000320AF30F6DFB1F0B670E8C0FADFC4C0201
:10A88000DE066604310E9FFC1C1442079A0C061368
:10A89000ADF8A5063207F310790A3DFC74FFEFFA14
:10A8A0004703510F9A06BA0884091B0A4D009A14EF
:10A8B000CE1683074E0EA8131706B000A109B104E7
:10A8C0008BFECFF4D4F9D206520A10172D0072FE77
:10A8D0009AFF1D09F4052CFC36067604A60041FFFC
:10A8E0005BFBD80652026403950E190DBD0E140FC2
:10A8F000D40ED9100EFEFA0AD916D90D2915610BFE
:10A90000770527F876017B17C0183113CE00CFE802
:10A910006D07ECFBF91EEF03BB195FFDC1F8501981
:10A920001CFE4A0053085A056701EEFB720B070E26
:10A93000E8F1A2F93203B001DFFDAE0E630630117B
:10A940002FF5EC04240385053D075301AC1160137A
:10A95000EF08110F4B02BEF89A150E0B26F757FFA2
:10A9600001F8490C32042D0299FAE0F5D619D10705
:10A97000C4F74A0305FADBF08200C8FBDDFDC2EE36
:10A980002D008BFF84FDFDF5AFFFC8137CFC1E037B
:10A990001A0988F88715850FB108910E7C129B164D
:10A9A0001AF22EFF3810DDFE7EF9F40211FE3EFB96
:10A9B000A2FD1707720C0105570A101AD60475FF7D
:10A9C000520273099CF881FFFD062BFC0F08390821
:10A9D000340DCD123C01E7FB33FB1E09AFFFC2086B
:10A9E000A520A1FD4FDF79060402AEF6D91805F7C0
:10A9F000B2F0A2FEDD0A620DF514FDFFD90797162D
:10AA0000B20A490128F86805200881FAE40278FAB8
:10AA1000440036FE1C0E67026AFC9F1DA111490806
:10AA20001BEC95F956F961FC2120B014EF1848137E
:10AA3000780297FFD8FC5BF3FD0B410CD90E510750
:10AA4000DD07CD01C6F217F39EFFD7FE580A420F6D
:10AA50007903FF010BF76FEF95F65C0208FDD7F263
:10AA60006B065E0DF3F193F79D0AA80896F15DFB66
:10AA7000F8002E09CB1C5B0BA7FD90FE5117F307C6
:10AA800013048CFAB10CA10EEAEE69024BF732FE08
:10AA90003BFEEC04180B46FD4B14F512B302F8F81C
:10AAA000A9FF54043307CBFCD1FC68071A0EA60B90
:10AAB0004208EB17C0EE47DEBC0F45FAFA10F6125B
:10AAC000D0115A0460DB4EFBA2F541042010FCFCBF
:10AAD00051092318940499F174F281E82BFD0EEFCB
:10AAE0006FFF57FA30F62504B2FCDE011FFFB805F0
:10AAF0005A0405FFB50D5110F8F6F10A02160C18AC
:10AB0000DADC1B0485F5C3EFC012A3038B08B80C75
:10AB1000B20B070096F88BF32102810A82FD5205E1
:10AB2000E5FC9C0660F8B5F384F7A0EE3D1218032F
:10AB3000F7036F02BDFA86EB1B0559051C109EF149
:10AB400000FEBC1295FD6607D201D3FFD2EEC0080D
:10AB50004200F200CD0DC6125C015FF62C032EFD03
:10AB600003F6C8066C107606A6E9E7F354FEE6F491
:10AB7000060391F7FA0775FA830BEE0128049BF39D
:10AB8000C3F132005EFA14FE4E0C72058E0BDB0D23
:10AB90009803EE02ECEAC4EBDB021E08C30F2A178F
:10ABA000D60E8E1FC1DA64EA521320F7E402C00207
:10ABB000EE1AA505A7FE2FF0F5DDEFF492ED04F3F4
:10ABC0000E010BF939FACF0A1A01E3FFDC05B8F5DB
:10ABD000BFF8F5F869F720FD91F429FB4EFD03F964
:10ABE00042EDE7F805F295F5460E141409F057FB0F
:10ABF0005C03CA03F8F661F8F302D1003C03EB13DF
:10AC00009C081105A4F386EBEFF7CCF6B1002E0CEF
:10AC1000F90CCC0E51F42AEF7F08FDFAF4F46B081E
:10AC2000C40CE00E76EE0407ABFFDAF18CF4DD0421
:10AC300001128009F1181C0A02F26DF0571C90FFF6
:10AC400043FC5BF18A065C09DBE7B3011EF71201E6
:10AC5000B7F890F7C8FBCFF9F20B9300BBF9BE0130
:10AC600050F19EEB8AFBF700660719034704490A77
:10AC7000C9FC57F19AFD3FF7DFFF750B9C08B60E34
:10AC80003B0A0D26CDF093DAC214ADFA35F8A90FC0
:10AC9000D2085C154EE9ABFFB5EE04E90AEE6BF69F
:10ACA000C0F8BA0366087604C1FE5209B2FF740008
:10ACB000DF0493FF800ADDFEB60597F7B6FC72FC51
:10ACC0002F03C700F90681FAC007B40D470E860DA1
:10ACD00079F6F209BBF950F675090BFC09FF3D083E
:10ACE000F8001D13A1F69500D102F2F6C103F90D8B
:10ACF0000A18830F77FD99EDCA045BFDADFA94F94C
:10AD00001618B7113C03690FC105C6F933E7721273
:10AD10002016DEF9C5FA63F94DF3ABF5AE18EF096D
:10AD2000B80716FF21FBCD09BDEE14FBEAF530F69E
:10AD300015F8FBF17601C3FEA2042A045AFBBB0AF4
:10AD4000E4EBEAF74E04C4F17B0F36F94AFE28FA29
:10AD50001DFD0D070FF962F0880546139D0442FAA8
:10AD60006DFDC5197EEEECD4B30709DA01FEB80813
:10AD70006408821637F193F325E67CF4E7E84AF994
:10AD8000000023F2C5042206F705EC000AF7E904E7
:10AD90007C02D400A6F48302B1F4F30E6EFEAA077F
:10ADA000ABF570F40903B3F8500F7F0F4305920120
:10ADB00036FA7E02A80132F5DEFDE70F06F9F1FF53
:10ADC0004FF8510E0B044F02AF006DFE6A03C1F93C
:10ADD000AF104B0BE5F387FEFCFB6A06B5F44AEABD
:10ADE000A312CC12D3F784FD63041DF09CFC170A58
:10ADF0006A0C7B079708CDFB7AF53BEE111BFC0430
:10AE00007EFE3EFEDE0AAEFFE9FE1E0BB6FB3EFFF7
:10AE100051EC38F60FFAF00B0F0603002E04BFF5C5
:10AE2000EAFF5BFA8909FFF2CF00FF034C0E81F7BE
:10AE3000AE037EFD6CF0EBF368FAE80C8B0737FB92
:10AE40002101350FCBF937DA2A0247DAB9EF1406B8
:10AE50000403671DC5FCA3F049F1030D51E48DD82F
:10AE60000CF65C0662019410D51427FD5AFD6408A7
:10AE7000FCEE8DF6460C39FB7A00B8FC770346F9F8
:10AE80008805DEFBC5F614F90DFC3D0B58022CECD1
:10AE9000D3F988F1E50DB9FC500ACB0477F269F4D7
:10AEA0000B0349F67EF856F42B06B50E14EA1FE79D
:10AEB00051FB68048CF84FFC8300DD0078F0B1EBA7
:10AEC0009AFC240FA606C90F26F894FF31ED7F00E7
:10AED000C0F965F60BFD4F096FF5DB01AA15600699
:10AEE00043FBA6F6C80A4D0F9CFFC0FF3A03E911C9
:10AEF00073F834FE87F735F9AFF77E0A6010B2FEBB
:10AF00005BF84CF48D0114F3A2050E025D05DDFB28
:10AF100056FA1404AB0069EC1D016C009501CBFFDF
:10AF2000A915E81B25F6FFE4D5F331DC5AF3010D32
:10AF30001A08F510950C6CF451032CF077DE6FEEC7
:10AF4000580A20F48002EB0E05F5E50F9307FC0488
:10AF500069EE5EF644F8DDF2930F9C0B27F0E3F305
:10AF60002FF3B0F314FF04016000B21311FF50FA85
:10AF7000A1F3ADF5FFFA41F9B705460101FCC0F3B5
:10AF80005CF8AA0628FBB1FCA2042DF93CFE64E99A
:10AF90007409630509F40FF23AFB63F189F110F0CB
:10AFA00035023F06AF004E0A21FC1901ACF99704A7
:10AFB0003FF48FFC8BF663FDA9F3D6FCF306E101A9
:10AFC00046FB57F8850214051FF7A3091B01261736
:10AFD000B203EBFE1B0A0909F7F81D09880ECC071E
:10AFE00092FD7203FBF94BF960FB710039026BFEB5
:10AFF0004B0FA01111F3F8FA8DF4E8FF0B081102C2
:10B0000065FE161DB108E209D4FB2AE9260C0506E7
:10B01000391ECE0A78ED08F21DF29FF956ED01FABD
:10B02000BA08E306CBFB26F7CCFA6D0D5E0579F680
:10B03000020943F2F0F0ACF1B8F9B1FF90FD8DE7F1
:10B04000C3FFEEEF9AEA76FBBA03AB066C06D6FCBA
:10B050007BFDE4075406F3F69602B5F7B4FA89F6D9
:10B0600043051BFF4BF9F2F98601B4F755F7DDF103
:10B0700057098C09B3FC99F0C4F79FFDBAF432F27A
:10B0800013104CFBE4F5D402E306B606B209F70F41
:10B09000D1FC3E01C4087C02EAFD52EF0C134304CC
:10B0A0004BF4A2FFDE0150FBB0EFFC0110122F1396
:10B0B0006C03C7064306220765FCEBFA4B125901E5
:10B0C000BE034E05BA015EF1DFFB22EA3E0173F3D7
:10B0D0007D0AFF052708E2FC5FF278F4DAEFADFBAA
:10B0E0009A072DFEE414CC0E90FD9FFE0D0ACD0AAA
:10B0F000241CA1073FE837FF1DEE67F26FF1EBFA62
:10B100001B044B0B29F69D0677FAD2F1F8FD78F86F
:10B110009B07A81BA6F09CE47BE99BFB61FC36F631
:10B12000C80DC0F8DBF4E9010E04F1F966FDD301A6
:10B13000DE0E380FE8FA6501B500FF075E058A0AE2
:10B140000D0E9A0E83F563FA37F816FB2300B7F05D
:10B15000050FFD02EDF9FAF137F0C5079501A5ECF1
:10B16000F909950A3B0481FEED024FF074157F0A40
:10B1700083FD660370029009DAFF1FFA100B030FBC
:10B18000AA0065FDBCFA240424F34DFA6F08020CF2
:10B19000F3FFBF02B70943FCD5EA80F8D30AFAFFF0
:10B1A00065016E0BDDFF89FDEEF2EEF14C093A040C
:10B1B00006054205FE075D0945039903A9F65BF7FD
:10B1C0007AFB53F3EA00D20B00F786FEE00747FA5A
:10B1D0000D1555093BEB0D01ED0E1EF9DBE6A7FD44
:10B1E000BD0BB5FE4CFEA7F96BFAE10597F87DFEA5
:10B1F0004507FC0EA00184F389FE0907DAFEA9F3D6
:10B20000E40985146CF935FC6DF63CF279F3AEFD7A
:10B21000201BFC1139097E0339015103EE019BF813
:10B220001E0AB912E80769FC95FD3E02ADF636F438
:10B23000970B1C0CBCFA61056F05A801C8E9DDF687
:10B24000310C7703660A31FC09F9760740F90306E9
:10B25000C70626FC9807EBF8E10977FFA706CD1093
:10B26000FE00F9F2A50040FC15054B057D11680CA8
:10B27000570837F6A0FBB60471FA43F1F30CD5007A
:10B28000CD09C3F9520321F266F277E50C04CCFF35
:10B2900011040903C9FF7A0DD70767FFADF79201C3
:10B2A00023FAA3046704EBFC3AFF46032D11EFFCDD
:10B2B00023F72A03AF01A70477113B09A3F08EFA05
:10B2C0001B083209CCFF17FBF6FA74FC31F65B0061
:10B2D000870421FB50FD010044FE190D16FCE70513
:10B2E0002BF1AFFBA70C85005F031F05BBFC25FC02
:10B2F000ED09BB095E0320FB140AEF0D4C0489E83D
:10B30000FB10271234F711FF4102AB0B43EB6BEB41
:10B31000FC0246FB11F982027B042802F7DAE6D828
:10B32000B501D80F0BFBE8FE41F63D081BD41CE528
:10B330009FF8980BE3FC51FAB1038C0542F314FF1C
:10B3400025067A0936FEB80A110E8A02B8156D1460
:10B35000610A92087DFDC8000A07E9F6E514431466
:10B360008505420B86FFF2FB5BF555F56BFF61032C
:10B37000421414FB09089818A0F3F50A9EF88205F8
:10B38000B5F6B7053E10EE088C15BB0696F883F1AE
:10B39000B9F508F6C7072DF7F3F50906DEEDB4F9A0
:10B3A0002D0326FD4CFB79082B0969FAF6FDCCFC30
:10B3B00017F804F9CB010A060004DE1955FAFEF568
:10B3C00053E59EF09D1008144A20DE1C14F532EC63
:10B3D00056F0A4EF6219B6114C158F088EEFAFFF2F
:10B3E0008DEF47FB530FDAF7AD0DC00C060229EFC6
:10B3F000E4F851FE600AC1036F10A4FBBCE815E03D
:10B40000020D51003F0D360E3F0D970FFBCF99D225
:10B410007F02F10206F94D01D01221079CE882F06B
:10B4200080FD95EDBA00200C34FDA7F7520CC50A3B
:10B43000F0FB120284F4BE028BFE78F0850B6813D9
:10B440000702A4FA6FFF010361F8A9F1140A64016D
:10B45000A7F2EEEFDD0836074002160061F6B207EC
:10B46000DB0BB4197BF9E0F3ADF714E7F608E8FA63
:10B470003BFEF80808FE5604F6FE5E07D708A7FB59
:10B480007F0A1606DEFD090AECFB4C07070A19FBCA
:10B49000BBFE97F1E8F39507260DB40337F86EFE6F
:10B4A000D4E103E6F209501003146A0BF5013500EC
:10B4B000C1EF3FEE870C4215FC105213270B8B0592
:10B4C000CAF1DDF24E141018A80DDD062C0903F2A6
:10B4D000CDF456EBB2189F17F912E5195AE944F169
:10B4E000ECF25BF0BC2032171B07D10D07D021DD39
:10B4F0003307DE04371AD219260C69FCA8E69FF53B
:10B500008502AD01DD09B90BD40AF40A01168509DB
:10B5100010F027FF2012B222DAFBC30C7C0EF809D0
:10B52000F5FA75E39419000335FD8905D00F0F076F
:10B53000C1DF90E06DFD0D00F711900C190A460572
:10B54000DBE1CD03DE0670F22412A8077C1360FB5A
:10B550002701A0FD2FFE34FCD0FD480161F71A043D
:10B56000EDF84A027701DC0483FFD203E804BF064A
:10B570001C0220F9D30219F41A069DF850035EF656
:10B5800085F86DE6ECF30AF545079E0766FF150A98
:10B590002DE8E9FECC01EA178FF99B08B70EB60E2D
:10B5A00075F555FAF925FE28C912BE19520B200669
:10B5B000EDEB99002B1B11103F1CB62565FCDC0739
:10B5C0005FF8B2EA441AA924B62BDA354DF501EE3C
:10B5D000A7FC83EE2327D917802ADB13070025FA5F
:10B5E00046F308F33117B92B6225BD2A39123F1FE4
:10B5F0009AF74EF4A01FE11F8A21A923AB16031B63
:10B600004AE659F7651ED81D32182418120DC507D1
:10B61000BF02F601D40E2A16C416F810B610631035
:10B620008D1120FA0C16D504430B82FAF0169803FC
:10B6300096F8B7FF8EF8BA074D01E1F94F011301F3
:10B6400066F978F551F6DB08C2F5A8FE8DF5C2F66D
:10B65000D9FE090667F7A1084602E1FA1FFF430376
:10B66000B30742FED80180FA7907B2FAD40B6F0013
:10B6700083FE9EFB3F13DE0792FBB00DF811C30360
:10B680003A083608650836039AFFDE06AC167211D2
:10B6900066EEA2F2A41A3E03430E4E06FC1E5F0C99
:10B6A0009DFACDFB550DE30C7B0C3D02B40D2A1C1D
:10B6B0001BFE8FFCC114C310B10FF9FF6014AEFE66
:10B6C000AF0407075613720ED40BD30D331A7D1D2A
:10B6D0000F075E0ACC1D1B07BE03EB0A8B1F400B36
:10B6E000430EB4FC6B02E2185000320189071810B7
:10B6F000B600BC066A14A600FD059DFE8508D508A7
:10B70000BCFE70F9B7FD4807E8FF56FB8FF5EEFC6D
:10B71000D0F94C04C00729033DFF540822FF55FC13
:10B72000A1081304B90086036F07290128FDF0085A
:10B73000B6040B04B103D706CD05E6F530F9D30006
:10B74000360A62F832FA5EFD3EFC6BF6AAFF1B0673
:10B750007CF6F4F6C0FB8AFA18F9E1FCE9F7A7FADF
:10B7600077064402F80544075707090982FCEA04F2
:10B770007EFE2309D0F5520981FF77031404A7F751
:10B7800091062AF4A502EDFD0EF6E2F78BF7CAF654
:10B7900041F77E09300FFF05710A41FF450375F837
:10B7A000D7F76600D40002F7EEF5C7F878F5B301D5
:10B7B000BD01F6FC76069FFE4D0AE7FFE0F995F81D
:10B7C00036FA61F9D8FF2DFD02FF06F603F69BF964
:10B7D0004804A302C6FF5903B1FF96FFCD021AFE2B
:10B7E000F4F793F986FAFBFEE4FA4409E5FB5EF907
:10B7F00095FD250874FD59FF3BF9C809EBF773FC6B
:10B8000028FF4FF7D30905F644FF81F7E1FE32FC2C
:10B81000D400CBFDE0FD5D01D109EFFC66FC1E0309
:10B820006F006C029CFC2F05FEF6E606A004CFF428
:10B8300075F8FAF0BE153B061BFEAEFA08077DF65A
:10B840004FF986FF3A088DFEB4047602500176085F
:10B85000A5FB4EF48E0A3416EBFA7CFC58F8FFFC7C
:10B86000EBF1A0FE4410A4FF42069BFFBE0552F977
:10B870000DF395F7C9053609B2F5BE089903D9FD50
:10B88000C00322F576096117C5051CF7F9F853FACC
:10B89000D2FB1AF4D2FCF500C6044308D004E9FB3D
:10B8A000B4F135050F07BEF90C0A210A54019502BF
:10B8B0009804C200E801F2FFFCFB2CFFE5F7EB095E
:10B8C000A9F715054505250AC3027CFA7407A902E4
:10B8D0002BFDEFFEFA09A0058B001BFDE0F8F50635
:10B8E000B707120ABB0762086504B9FDE502430801
:10B8F0008FFFFFFC3FFF060015FAFA059AF7A7092C
:10B9000090F68502A506CF06CF080CF8BB095504B2
:10B910003EFDC1EF1DFDAA11E306E1FB6CF4D9ED7C
:10B92000A8F5CAF1FF189D1DAA09060AF7FB2814FD
:10B93000E5F208F71320C417BE0266090DFF0802DE
:10B94000BCF0C3F621069904520301F7C70135FE86
:10B95000500037FBA407CF0ABEFEB0FEB40E15F4AC
:10B96000AEF1E0058E111E03AA05A6F5A9EA70F056
:10B97000420B8FFB7614E208C3F875FF8902B8FF0B
:10B980001A006CFB07FE60F6CDF9A2F68D0517F3E1
:10B9900075FA07F76B0250019C06DCFFACF7F3F970
:10B9A000DCF2E7F23EFFB1FF5508D3F7F409BC071C
:10B9B000AE0054F7BEFC400523F63D0AED083BFB04
:10B9C000F6FDD3002E045C0187F56A05BFF88A04F2
:10B9D000B5F125F117021D1082F621FB13F657FF72
:10B9E000D703F50A5E0863FF97F9C907D305FEFF81
:10B9F0003108EB003B044CFFCC034F0282F8B60346
:10BA00000FFE9A0059FB991090F51AF6760E750AFA
:10BA10002FEAF6FF2C10BF020A0AB0FBA0179A0407
:10BA2000750F240C7F0A1B023B035FFD8019541322
:10BA30005C07C116DDFAED046E04190221170C0C27
:10BA40009202FEF551FDF0048CFFEBFAE60B260D99
:10BA5000170077F275FE11017DF8E00094FC7EFE80
:10BA600034003E039AF2B50198F8400170FBFDFCEA
:10BA7000B3F115F6C9FBECEF6A09DDF779FDACF21D
:10BA8000140F6C0187FAA40E59FF12FE59FFCAF772
:10BA9000E7F642026C0DDB04650769FAE8F60EFC76
:10BAA00099006AFCE1FC10F5E9F5A0F8650051F594
:10BAB0009BF1230B81EC14FAF303E6FF2D0755FAF3
:10BAC0003EFF4BFF60E757FA8A027F037FF28E0D3D
:10BAD0005BFF12FF0E075AFA2EFDC8F7511FC22056
:10BAE00030FD68FC6DF9BAFCF7F67DF9740DDC05E4
:10BAF000520419145507CB01C9FB85016D179D1B15
:10BB0000080EED0432FF07FE45FD7A06E007F60E4B
:10BB1000D204910FB5FD7F027D023907C5152A12A7
:10BB20007502E006D3FA27074A019000C0FE021012
:10BB30005009DEFBE21109077A07CB07850FB9012F
:10BB40003EF1B00700F383FE660614F568EE97F049
:10BB500076F295F237F656052A0912011107E1F936
:10BB6000100E8205490761FFE203B90645FC911DED
:10BB700026FF8AEE0C0717F8E2F7350A6C13560415
:10BB8000AAFD75FF86F5CBFE9108CDFF3E04C9FCEA
:10BB900051F5080BBEF7C1FB96FCADF8B2FEEE17EF
:10BBA0002A0401FCB5F68DF02E069E023AFD4CF5F6
:10BBB0001BFA06004FEF04F93009450B99078BF784
:10BBC00046FBC2030C05B8F3B9FE7E0A580A37FCDF
:10BBD000A20534131E044FFDB7FA47F9EA07B01265
:10BBE0000007F608B0FD730119FFC806C406840AF1
:10BBF000E206DB0970FB96FE53FDC0F69AFCE105F8
:10BC0000020B8A0B99FC7B0B52F933F8B003900CB2
:10BC10003804C2000D025503EEF95206BA05E901D7
:10BC2000A3F9CCF9E40A3E14F5FED703C9FAB8FE2D
:10BC300005FA96FB4C141007670527069609500C69
:10BC40004CF4CA075D000CFEBF000F00EFF7261A88
:10BC500085FAC7F62007E4081CFE3AFB5B0B8AF85E
:10BC60006DFA4E115E0843027FFC1C0838FDA907DF
:10BC7000CCFBC4FABA03EDF8EF074308190552FFED
:10BC800058FF56FF35FE5FE7DF0820FD5FF6240012
:10BC90002D033CF8A7EC0BED3D090009F30CEF0A6E
:10BCA0003001D00109FA5BED9DFAAD0515FE8D0E50
:10BCB000CE01220C19FCFFF74F0065FABCFE730998
:10BCC00067092A0BB10240FA12F9E3FE1FFBE814E0
:10BCD0002DFFEEFE04035EF750F7B0FB460C480F55
:10BCE000ED0274FCC0F666FC99FD0BFDD905FF035F
:10BCF000A7FD0200B9064B03F7FE92070A0546109E
:10BD000030027DFA6BFCEB034E08DF05D907FF0913
:10BD1000C1FBDA0422FF030955F704F5D302C30877
:10BD20007308F7EF92F6A80C92F9C402670DDC04D1
:10BD3000FE046BF8FE0067FD0BF70EF6970A410252
:10BD4000ABF69FFD60FB8DEB37F618FD8F062704E1
:10BD5000FCFD68F65C0261FD89FD40F655F7E509DA
:10BD600076F22FF4F1E6A0E599FEB30127FAF80D7B
:10BD700069ED2DEBAFF1DCE0DDFCA8FC4C07700AAF
:10BD800060FF15FE94F92DF288050CF46C03C504D0
:10BD9000EAFCC50954EFE2F873F687F624FCDA14DE
:10BDA00015F5EDFBA0FA9DFEF7FB0E06B314060D8C
:10BDB000DD0028F9DAFDB204070065029A171307BF
:10BDC00073F7C906850A1BF517FF410012102F07EC
:10BDD000C60148FFE3FD4CF025FD40F7730487FFE3
:10BDE0002609FEF09CF88603D300250195067BFD0D
:10BDF000670EEA088A030DFA37F8670477F7F30647
:10BE00006D087100B1031A0CDBFC91071AF67C086F
:10BE1000D0052EFDEF0DBC03D707460671055EFE6B
:10BE200077007EF38B02FEF0FAF780F79DFC6AED57
:10BE3000F8F180FF48FA30F494FBBDF57DFB58F132
:10BE40000CF03DFA25E142E1F7F680094307E112E3
:10BE50001CF63EF3DEEBDFEE7F02EAFA4D0203064C
:10BE60001EFF67078EF867F4FDF97E02CF04DA073C
:10BE70006B01ACFFA5F91DFF62F7C8FDDB044101B2
:10BE8000F4F54CF707042B0AE6FE66F3410B3D027E
:10BE900011012E08F80119F42C068AF73A0DEF0B60
:10BEA0003A0207FF8AFDA804E2F7DDFD560A3903CE
:10BEB000E7F8B2FDB0F161F9D701F7F5AA04CDFEBC
:10BEC00078003CFC88FBEDFBA7F648F948051C040C
:10BED0007C1200FEF6EE6AFE0601EB04D801EC09C6
:10BEE000B103D80BF70D5407FC0450FA25FE651179
:10BEF00047080FFFB2F7ABFEB9FDE50293FFCBFB9E
:10BF000076F88BFC5100FAEEBEFB840996FFBAF975
:10BF1000CBF495FDF0FABFFDC4FF27FD870B2EF88B
:10BF200034EEAEE6A7EC16F01209E1F6D4092F18AC
:10BF3000B5F9BEECB4EFD7FB35068CF701093F0924
:10BF4000EBFA210BE1F001F53602A2FC67FFEA05EE
:10BF50005109720320057EFD93FBF0FCC3F5EAF264
:10BF6000B4F48CFF1E05500E39FCACF3DDF99A02D7
:10BF70002FFC26EC5C01AB004F0649FBC7F97501AD
:10BF800064F586FED5089E0921FDC507540E6EFC9A
:10BF90004FFE56FEC601F1FF5AF59AF7C30293040D
:10BFA00072FB880759F2C9F655FFD4033FF488069F
:10BFB0006210A60FF7E4D6E346FDEDF8F00389FE24
:10BFC00020184111F20168026E0A2100C80A3A11D4
:10BFD000FDF9CDFE75FC7EFAF4FC34FCCD05FA05C6
:10BFE000AEF6A8F8C1FB6903C10791F50DF443F162
:10BFF000B9E90DF482F59606A1F749008312010311
:10C00000E8F7DFEDC303DBF4F8017302FF06020873
:10C010005EED29EC96044CFBBBFA09F415FB7503A5
:10C020002B063504870670FA71FAF5F5DF0110F377
:10C0300051060301310DEFFBAA06A10082F14CFA73
:10C040003D058205FA0865014AFDD901D7002D0298
:10C050007EF562F62B0198F87CF84CF76DED5AEE00
:10C06000F2F71BEF20F9AF0415FBB4F41F008F00AB
:10C0700070015AFAD4F2B2F8B405EFF6A8F97EFBD3
:10C0800017F9C4F969F6AA036DF622FB10EF9C0FAD
:10C09000530F90136EED52F3D30696FB0D0D41072F
:10C0A0009217300A9508141140FDDBFEA60CA81467
:10C0B000D5051CF57A069DE217FAE7FD5413BE0379
:10C0C00015F12C027BFE8303F90801F6BBFD5FEF3F
:10C0D00062E22FF5B5F9C602ADF84DFB3CEC63F218
:10C0E000A0F5B5F12EF93909B6FCB908CA09540012
:10C0F00014F2E0F9AF10D409550045FCE0FC9DF9BD
:10C1000033FB0A07C6057EFABEFF6800450592F2BA
:10C1100087F8FC0341029FF387FDCA0579FF16F7F4
:10C1200041F8F10A35FD20F428F462F1C0FA23F653
:10C1300019FC090242F8E8F65CF7B1FB40E324E49D
:10C140008FFD68F608F9FEEF0DF6630815EF51FE56
:10C150003400E0F6E4F405FC850048FCE308F50053
:10C1600007F6A3F02EFAA4FC770203F1E504730CA2
:10C17000D7FC69F9C3F6CF02EA06DC0881036B0C31
:10C180001D0011168821DA1A75FA6904DA06450EBF
:10C19000E919140499FDF0F93A0A91089D18BC05B3
:10C1A000BBF41BFB740718F03902DA05FAF046FB02
:10C1B000B1FAE0DF7AF2150520FFF9060B03BFFEA6
:10C1C000A6FD96EA5A0133FE1AFD61FDF213EFFC5B
:10C1D00012EF95FAF60DAE072E029DFCB3079E02F4
:10C1E00069F872F5F3FEE0017DFDD0067E0D08F9D9
:10C1F000090C640131F523FDF0F6B403CAFE95FD88
:10C200009308E21A59EE7B0022F3C90235FCBBEB1E
:10C210002A083A0AD3E917E64400BEFB72DB26DEA1
:10C22000C00D06FEBBF5E7EF22F4B3FD60E6BFFCF0
:10C2300064FD87F793007DFE78F728FF4001E7064D
:10C240005D0001EF1900440884FCE100D501DEFD2A
:10C250003EF5E2F03809360F45014500B3F92FFEEF
:10C26000F8F78F14CE009B10C7FDBF02FB01D6F874
:10C27000931037EFA20E99FB24F7D1F98A0EE5004F
:10C280005BF6D20628F61B03FBFDAF03D60601F5CD
:10C2900001ECC8F69DF2CB0BAA01ECF569F6A0FF04
:10C2A000B7F280FFFAF53B07EBFFAC044616F4FF4C
:10C2B0006BFA49F87306400FF9FFAD0785F9B7002F
:10C2C0006AF9DCFF8C1679088D0385F7C2F136F523
:10C2D000220443093705870310FCFFFB47058F0342
:10C2E0001D19CA0FE40ED5FEB7FA02034FF21DF472
:10C2F0000A08F912F600A2F2C6F3B8F320EA78F0C1
:10C300005A0F900E16F3DCF5C9008EFCAAE652F621
:10C310001A0D62F8B1F5C30304F25A0439EE01F8BC
:10C32000F0F84600E5FC1906DBF67E0713FF580817
:10C330006CEA90F5D70A63120F07BAF63F05A5021B
:10C3400062F736F9F70C0404C3F973F8B2FD66F727
:10C35000B5FE01F4D81C741A39036604D208030927
:10C36000C201BD00D1F80BFEFEFA1E072E0FD1FC54
:10C3700085FC22FD9DF6F8126804A4FC47EFFEFC44
:10C38000B5F28AF0E8FDC1FC65F41FF8980A3FF5A4
:10C39000C5E758F43CFEE90F2604E2FC60F6E1FF35
:10C3A0001DE78EEC00031519F4F5FCF5DBF125F81B
:10C3B000A5016213F6111415BCFEAFFBE2F620F6E0
:10C3C000561E6A1DC809330780F9BB0604FA37F800
:10C3D000B0089F0DFBF50D012EF519F5C3F8DEF53C
:10C3E000BF018A02ADFF18F930FFA7F8BEE198E05F
:10C3F00028FA6307FE053EF4AA01A300CBE614FE6B
:10C4000090042F01FA04CCF7E1F5DF03410A9B0207
:10C41000A1F22FF9D3034B101EF79DFBC708BE01F5
:10C42000A7EECCFD6819471809FEAFF7BDF1C4E6C9
:10C43000C9F43CF5D319C60D6C052E09180E490731
:10C44000560863FDAB0BAB03C703FA08190BD903FE
:10C45000D4FC44E947F0E60FE40130FE83EF13F724
:10C4600016F08BE0720C0D07D2FFD8FB6202F0F8D9
:10C4700098CFC8CEC6050E06E6F8510299ED4EF4E7
:10C48000A5D7C4E51C10EB064DFFD6FE2ADC0BE851
:10C4900033EF7D00DE0D480E0EFE38FC19EB10F672
:10C4A000D518D80CF60F9CFD2CFF49F87EF74700F5
:10C4B0001100130745F2EEF52606F601F6EC53E9F6
:10C4C0009906E50AE20B110421FCC500D0DF71E4F6
:10C4D000F9058D03BBF412F79FF475FBFCF128FA04
:10C4E000DA0A85FA67F80805E803AF023906D207C9
:10C4F000FDFFD3F91001B8F131077BF63AEEDBF618
:10C50000F8FB63F8A51E972BC1FC0D030BEFE2E6C9
:10C51000A5F57B04C510A11999F5AEFCB20C131357
:10C52000A4FD080365FDF9F13EFA9E05E7F9ADFFAC
:10C53000960728F2A4F4EC0692FE0EFFE7F028FB23
:10C54000F1FD49F0FB0C3915BF004DF162F0FF0120
:10C550004ED69AD6F8088FF64AF3CFFF56DA7EE326
:10C56000CDBEBBD6C700E0FE43F60BF814D462DAAA
:10C570006FE58AE4DD11700C82FE650367DB2AE259
:10C58000AF07AC0C8B0F5E0BA3FF7902DDE8ABFEAF
:10C590004EF710FC7F0BD9FBF8FBD00480EC09EFC1
:10C5A0002707F204BE007DFDBBF640FA0FDF81E7EE
:10C5B00026096BF8F2F71E089C05980327F3290556
:10C5C0007202DEFD430C77088E05FDFBDE00640879
:10C5D000B2FBDBF23503C70012005F0027F0CDF39A
:10C5E0000FEF00F1B507681F6DF88DFA9FFAC2F4DE
:10C5F0002C00D8F12118BA17F0FE1DFE1315E40225
:10C60000A6006E0FFAF58B020FF63F0945F7ABF265
:10C61000CCF92A0561F314030CFB4508CCFA820D12
:10C620001B09FBFA350292075C0108F57CF4C3E0B4
:10C630007CEE38D4310412FCE9F4B4F5B9E05EEBD9
:10C64000CDD797C2670BA30D99FB77FA2CDD0CE3CE
:10C65000EEBFD2E3451CE910EA053FFAE9D742E311
:10C660006ADFE0FD52100DFC1FFCE805F6D890E2F1
:10C670008DFA3AFDC1064A0D86FB2209D8D66AD644
:10C6800006031C145F0FF7FC5B01AE06CEE57BEEE4
:10C69000800863F60908A201F2F77BFF22FBD3F3BF
:10C6A00043F2650147F8F5051601770117FD32F4ED
:10C6B000CAF7BDF23EF8A9F58704270302FE88FBFE
:10C6C0009BF437F5D606D11048FFACF73301C60D01
:10C6D000D3F82A01C811742BD3F909FE7A0A9A07F4
:10C6E000CEFC0F00A2FE89E8DE0641FA7A0535F994
:10C6F0009CF51E16FFFC830217051307BDED4801CC
:10C700006F049507C509880AA303DEF5A1F083E34A
:10C7100028006BF23508ED0371F2A6FA3AEDF8EA5B
:10C72000F5ED54DA1A0513185AFA5BF995EBF5E6AC
:10C7300072D903DFF820981291FF11F705E84CDA5F
:10C74000DAE6DDE5AFFDE9053A038F01E4D429CD52
:10C750009BFA5DFB73020E11430021F9FBDC69E1DA
:10C76000220D3F0CBBFD6F01AB008D0141FA5FF55F
:10C77000B5048EFCC0F566F55B084EFE77079DFCA0
:10C78000ACF41CEE64FE0EFA2A0200FCB1F549037B
:10C79000B3EBE8F3E3FAF9033EF975FCB9FBCAF829
:10C7A0007AF03CEF1804541799F625FEE606BE0E03
:10C7B0008D0F82F81702E7183D00E1F9DD0C630BDD
:10C7C000A2F61CF9040466FD7AFA98F8FEFA1CFF3A
:10C7D0003EFBC416F506A4FCFD08FB02850602FB21
:10C7E000CF10EE1448121402F5FE590474F884FEBA
:10C7F0004D0CE6080213250D95030AFE0CF8AC0952
:10C8000004FF4DFAE000680800FB3904AEF4C4E60A
:10C8100089FB15EFE919B70DC50472FF8FEB74FBA7
:10C820003DF15CF9E909E909540373FAA904F9FC3B
:10C830007BFD8D00850F811508F7DFFEE3F5D7FB43
:10C84000B0FB3CFC7B0743FF9EF7BDF9B208050334
:10C85000E409F2F6B80DF2074CF6DD04950E8608F1
:10C860007EEDE4E11F04DA0CB1FE21F6A200E4FC47
:10C87000D2DF64F2D0082C048E05A8F94CF0D2FF68
:10C880006BFD13F50F041D1C01FEA5078AFA180A9B
:10C890009FFF4EEB761C1F09BEFEEFF7DD1CA710B5
:10C8A0000CFD78015FFC5F0C3BFECE02A2FB3A015F
:10C8B0004FF4180D04102810C7F8800ADC0C190278
:10C8C000D80FAC122D0D1915A6F8D500F9EF2306D7
:10C8D000D1064310740EE007EBFF82F79E14DC09CB
:10C8E000790AE20B5B0A761375F44FF8FC019DFEA2
:10C8F0008C0D57F85E0E42083BFAD2FB110361091A
:10C90000A1F5F0FEBCFCB3F9E8FC5804B615FC1E1A
:10C91000EB0721FF15FA0F0B5FFF440072258420FF
:10C920005C02FAFFD4084E07E3FBF9FB7319C80851
:10C93000A6FEF6EF4B03DFFDE9F7E6F6EDFF37095C
:10C940007BEFDBE33D102C0253F3E1046CFDF007B9
:10C9500041F145FDA7091E11EF03D1FD2AFF9805FE
:10C96000BFF6BCF55310B91E590527F670FAA6FE9E
:10C9700080FFE4F831157AFF6EFCDF02512BDE08F0
:10C980000600D31029FBFE02C3F516FCF803680766
:10C9900092FB22F72D11E310BB093FFCF010040EAF
:10C9A000C817E212E615B71617F339036FFAB20784
:10C9B0008B0A980D100392FC2800AFF79D0B180707
:10C9C000DC14A20CFC048A0EF3FD7606B81FE50BFE
:10C9D00019FE6701020AE1F6BC042CF9C00E5E24C0
:10C9E000E1FB1101C30327021FF6DB05CB26681EFE
:10C9F00042FE3E02B3060C029FF93EF8C531811E8D
:10CA000021F9A4F8500978020D08E6FAD322FE04B1
:10CA1000CFF092E94301500A6AFCB6F22E09BC0736
:10CA200071F209EC5307CD04B1FD63F89A0D77FF5D
:10CA30008DE87CEA5C137A0292FF7AF85DFDEF28BC
:10CA400062F590F7E513701FFDF6D6020D26471923
:10CA50005FFBD1F94122D1F95EFFD5FB2B1CE9FE2A
:10CA600096FF78F571FD8601E7F6CCF8B503A004D2
:10CA70006604D4FFF405FC15D20493012D08F1FCE3
:10CA800096067AFCD30A5D12A6FED8F8540B380D30
:10CA9000CD03B605830370FD410178F909035217F0
:10CAA000E603200651FCBB059A07D007AB24E52B13
:10CAB0002A0CAD0997F95804B1FE360A8A19D8250F
:10CAC000DF0989055104100404F89E016021FE1954
:10CAD00073042904D7FCFDF5DFF60402EA22B91637
:10CAE000B1010CF86FFA28066C05C0074415320C2A
:10CAF00083E968FAEC08BE0A20F400063C166F16BB
:10CB000068D8CAE75F051004E3FE66F841FC8806B2
:10CB1000FEF810F50D02DC0D1AFCDFFC570D9C171A
:10CB200000F963F9201C530AA80206FD522F35169E
:10CB30007DF139FF3418C8F65C094FF66C0E03041A
:10CB40002D0899FBBA099AF6CE0075F78C031DFBE8
:10CB500034023E108A01EA0E59009BFF4B0C6F0015
:10CB600056119A0AB90482045900D9F776090516B4
:10CB7000E9F7BBFAABF5A1EA45F9420ACB16FC117D
:10CB80006F0117FFADFFBFF7A0F974FE4E115A21D8
:10CB90002505CF10D602C3F7BAFCF503201E5C288A
:10CBA00075FFDC09BFFD95F03C02E50464201B160F
:10CBB000D000C9FF41F93EFB14F628FA221DFE0CF5
:10CBC000E2F285F750FD66FE93FFDEFEF8114E1788
:10CBD000A6F2ECE80DFD4A00290149F6D50602103F
:10CBE0008FF17DE306029C08FCF784FAC9FFE0168A
:10CBF0002AF532F86C04330D8EFD0DF60821E41889
:10CC0000F9FEB1EEBF0F350E3801D9F8CC0E140B7A
:10CC100046FB97FC540AF70426FF7808030F2C06FE
:10CC2000D6FB7F01BC00C4F53F010809190AFC06C8
:10CC3000A202130D44F673FB540AA801A7F5D3FE14
:10CC40000807AB051DF523F3C7088407CBFD8E0B42
:10CC5000E70A1A06F5F436F43A0553077A080B0684
:10CC6000A0099A05B0F4F2FCB5F847075A182A1A39
:10CC7000AF0E2009A00321F23301D5FB370ACC0CFB
:10CC80004DFF8C0907F8A9F858F75001CB0BC40DDC
:10CC9000970A47EB3DF93BFB9708B2FFEB0A2A12D4
:10CCA00083EF05EFC5EFDCE963F669F5A704B92466
:10CCB000F1EB0EEDC6F820FADCFD02FA2A1B810228
:10CCC000DFE6BCF4B60639FB1E05980BF9FD3D0006
:10CCD000F0036900D40C831602081D004B187A0477
:10CCE00045014BF45A18EE134B07FC065C12001A70
:10CCF0000D07EF065F07A4F86302D0FB7A08A504CE
:10CD00006E01F8FAD705D5049EF8D4FF4A04DD0178
:10CD100086FEFEFD710D13F7E104EB0287FEFA05B6
:10CD2000ECFF090724FE57F620F6C50615FD4C0753
:10CD3000080466025EFD80E98FFEC90030F96500D7
:10CD4000580C900855EE78EBEB093204CFE357EC22
:10CD50006C197B0EE8F158FD1AF8E1F95EF4CAF897
:10CD6000A905EEFFE2E802F61FFB91006C0775FCD7
:10CD700089E9B5F314F109F8E0059F02DAFA84F3C2
:10CD80009FF24DEFF9F022FF13FD94F6C5F6E6028F
:10CD900029033EFF19FDFA06780414FF72F9F00A20
:10CDA000F501F6FF110709F8A205A9028002F4F2C5
:10CDB00058098F18710B2A1F9806DE05E10E070B24
:10CDC00059FDD7FDE117D20AD009EAFCB3057E0A66
:10CDD0001804E7037100AAF96B006702F1005E0A0C
:10CDE000CDFD350A51F6A0FAC4FA81FC8601A7F8F8
:10CDF000020101F989FC6F07CFFF2CFE1700A40385
:10CE0000B80B6C065910FE0B150264FC51FC720540
:10CE100061FD33F6D306E6FA31004BFA4A0101E927
:10CE20005BE717F374FF15ECD7FE4EF747D5C0E567
:10CE3000B7021700BA087018310104F74EEE71E519
:10CE40009AEDCCEB001592099BFBD70449EB0CF152
:10CE50000EF222F496012EFD6006A1F5A6DA4DD061
:10CE6000F5FFB9008A0A3D0A1901C8FD76D521D01F
:10CE7000EAF561FFD8051EF4270239042ED9A3D99B
:10CE8000660B2E0AC205B50156F723F675F474FC3D
:10CE9000B90069F5BDEF5BFC4DFCA4050EFF4E002B
:10CEA0007A09C2041A080CF80403CFFAB30658FE34
:10CEB00031FC80065C01CD06CD02D8FB9EFBA7FCB1
:10CEC000960012FFA8F6F406D90488F887FD4CFEF8
:10CED000CA03C0056C029B02500AFFFFE9084D0A15
:10CEE0002EF50BFAB5FE74F7D005920030EEF8F58A
:10CEF00049FB18F430FD9B0C5D089FFCCFF9FDF653
:10CF0000C5ECAEFF63FE640CB501E60495ED4DEA99
:10CF10007BE30F0479FD38FFB5F968F6DCE195E6AF
:10CF200026FCD6FBBF0922F800FC8DFBA6E642ECEE
:10CF300072EFF7F23B0CFB0A40FB670527E4E6E6DD
:10CF4000C7EF0DFC4F0A8FF61D024208CCF2C3F367
:10CF5000D9F45DF3C303760B05090CF9BFF5A30201
:10CF600086F20DFE01F81CF4BD04C5F8D706E101F8
:10CF700069066105E1FD94F788F9120991FD710ACE
:10CF8000C2FF9DFFCDFB3805F0F5BE01C408ABFD27
:10CF9000270488F5340022FCC807BFFD7A04C102CB
:10CFA0000FFBCEF6DBFF7E0345005101E9F8770A5F
:10CFB0004D0765F9FAFAE2F9C60506038F03F7FF94
:10CFC000E7FF220939FD7FF5CFF831007E04ACF58B
:10CFD0009EF90204BCFE2EFC9A0078FDAA075C00B4
:10CFE00055026CFD8E05CCFDD9FEC7FA4B0283FAC3
:10CFF000FEFC4C03C00165015AFB69F92DFE90F956
:10D00000A5041BFF8F0338FC350DF502C3FF1BFA87
:10D0100078036D06D8FFB2097AFF4FF63EF726FB7C
:10D0200017FDDA086B08A2F9CBF6D4076A064D079C
:10D030005CFC4DFDF4FBA4F9F4037709330061F9BE
:10D040009803BF03BF00F5038300930930051CF864
:10D05000EA0003FDBF060EFC74FD39FAB506C5FEF5
:10D06000E7F834F71904F0FAAEF691060400A8FBCD
:10D070000CFE6002D903FFFE4DFB2CFBDA00EEF93B
:10D0800090F73DF66DFCA6FF7EF9F6F535014003FD
:10D09000570168FD97081807CC0211042CFD6008A1
:10D0A000D0FA3A06ABF98404CEFECC00A605D90925
:10D0B000CD0009044A009A078800410591FC11F847
:10D0C0008EFEC4FFF9FD8EF5DC087F1D08080505FE
:10D0D00074016DF950FB0E0E5B04900AB20814FB4C
:10D0E000C00296035F0D90088914700B630153FF13
:10D0F000F1FA14F035F5B90681FE29051AFCC2F1E2
:10D100009E09E707C713290E1921491422ED41FF93
:10D1100093FA310752F4DEEE4F1970116109B20B28
:10D120002A072D02CDF95AF78C1634FD490BD50686
:10D1300084FFBD094A02D1F4EEFD9F0E52FFF9F8BB
:10D140007E05E7078106010A9702DBFCCBF9EDFFBC
:10D15000D6023BFFB8FFCAFFA800B2072609330872
:10D16000BA02F1FB1204C0F74BFCB0FA9201AC0515
:10D170001705BC012FFB6E0BD60AAB12C30383F657
:10D1800055025D05870D03FD1E13C300C8F7ABFBF9
:10D190008505C60AB2FD4502E40DE71663010E0AD5
:10D1A000590C2E1CC803EEF3A71885175CFDF2EF8F
:10D1B000AE15FA1B150459F6FC1B9520AFF6530A61
:10D1C000A7146F013DFBD300A41598FA8E0ACC007A
:10D1D000000822FC2FFD3105C40F12FD2B0E620347
:10D1E000FFFEDC038CF49BEE2D014A123EF6F602A4
:10D1F0004D016503A4EF61D7F406330036F8A5FEB0
:10D20000D7FC1F04CEDE7BE188FDFF0A3B0AE90E56
:10D21000B4036CFF5DE4A1EEC8153B142B05660951
:10D220009C02B30C3E02C7F2AA061AFE90F96EFEEB
:10D2300060F623FFE7FB2B09F8FBFD06FCFE1A0551
:10D240009CF8C5F84703F1F7C309C6007D069106AF
:10D25000A7F8A7032BF72C0EE1EBE414E4EB8BEE1D
:10D260007006A10DBB005C002913B8004FFD021829
:10D2700076106E0FCE049AF90A026D023F0B1D154F
:10D280001D1F91242BFE30FCEA00421AF81101F90F
:10D2900044270E23B7EA43F25A0A6A0723056E06AB
:10D2A0002B1FFC127BE681EAC30D710B86FC3B024F
:10D2B000C015970C70ECF7F5510CB3057908670DA4
:10D2C00062FF76062305FB07F4FEB609910761FFAE
:10D2D000851047FD06FE64E4490B44FC0207D400B8
:10D2E0004A03F0F25BF1520846F58910700ED20A3B
:10D2F000DBE927F34000E912730C87129D018910C6
:10D300006F0DDB103F0A80149513F6FE45071BF2E4
:10D31000890E57F746F88C09BE0176FAB00660F818
:10D32000D606F109A3067C077F033304BC07F90A7C
:10D330000DFA9119A2F2C7F4AAFB51F5CBF2FFFD49
:10D34000E1F9B70ED3001DEFC0F716F592115A0E92
:10D350008510E31823F754F6DCFF5F0783FA3504E2
:10D360002813F0199DEA9BFC2403D70B1C00C40E64
:10D370005E195E16E2EE4CF0B711C00A7E05F809A0
:10D3800042077F0B9DF443F4F0016DFB910A4510B9
:10D39000D500B40006F3A1024C06490BAB09E10A23
:10D3A00067FCA906A50104F8A104F8129404610B16
:10D3B000410E3AFDF2EF46E64D132710A1FA5E0743
:10D3C0008705BCFB44EFB3EAD90A120A7A15601349
:10D3D00091F824F602F370FC7D06B60D010ABE0931
:10D3E00020088105F3F13A0B9C14C20CAE07F20938
:10D3F0003B1211FB980B39F405126311D1F920147B
:10D4000034FF2008440244F6D0F98FFD4EFE55FF4C
:10D4100010078D15BFF957E9D8F568F7F8F316ED41
:10D42000FEF754FBB1F59AF02DE933E254140CF2F7
:10D4300031F3B60559EED1F226F70F0099011A0122
:10D4400023F90EF4A8EDE7E80AF9C604840105FC07
:10D45000830A7FFF0BF418F5080647015AFFE8011D
:10D46000AB036B092CF6C601D7063D048CFEDE0922
:10D47000E90385FE4A01651242FDD2F89C141E0F95
:10D48000210A7B0CDD0D3F0ACF078A02AFFF110F87
:10D4900096007E0D2300F60E0801CB0565066C1282
:10D4A000090BAA13A7F767034B121010900525FB71
:10D4B0000B03EF04AC00DCEC890C9AFF4008760FFC
:10D4C00093F7011054E258F5C70D6E1577079F0AC0
:10D4D000BE0FF3061EE865E855206717110D4E03D1
:10D4E000AAFEC6FC8D0517F547010F0B8F01A30699
:10D4F000BB136E028FF28EFC100433F894F24AEEE6
:10D50000A5FB57E6F5F81BEBE5FCCCEE3502AA08C7
:10D5100008F5D3EE1AF334F4DBEB5302FFF771F79F
:10D520004BFF760438E656F9EC0BB9088708C601BC
:10D530006E02A81657F941ECDCF580F5D603AEFB78
:10D54000E20A5A13D3F595FEFBFA8DFA67F92D0717
:10D55000061EE3148308E009600063FD9FF8F307EB
:10D560006C1C5511FF18C51C83F17DFA41054B0158
:10D5700000134E084F18750700EA1FF64601A30E68
:10D580009300B8FFEE06E3FE11F5A0F24F12F50589
:10D59000BFFB8AFF39FC40ED8D02610DF3FA2017C5
:10D5A000BB0A210B03D6BC014208FA17D90C9E0A0C
:10D5B00050FAFCF3D8E916FCCB05620EB0FEFDFD77
:10D5C000D0FBF30979F8E0F59A07671301011EF221
:10D5D00043FBB1F693FE06F77F0091FEA0F65808D4
:10D5E00051F5F6E8D8F398FC47F7D705AF000212DB
:10D5F00007EAEEF7BCF885F6D1FDA6F5DBF47FF57A
:10D600004811E4074EF12EF49E0F2CFAA0F865F8AD
:10D61000B304B309FEFF03EC70FC9501CAFCAEF93C
:10D62000000E541AE4FE6CF510F86EF8BCF0C1FD63
:10D63000D2193D16C0F55C08D9F46BEA68F0B9F56B
:10D64000F907B2036108E51AB4F144F275F68906E8
:10D6500044F410F3E019691101F36EF7E6038A0848
:10D6600035F5B202AB08A61052FE65F7480056F831
:10D67000000376F51CFD16F7F2FE650B2304880304
:10D6800034F750F2FDF222F78912E9190115D81288
:10D69000D4F7B30231F68FFE19098C0E8005D60E31
:10D6A0000FF9A3FA8F068CFB4A19220A7408F0E1DD
:10D6B00023F1D8EC21F719F913FE81F93300AF0CEF
:10D6C000A3F039ED72FCE7EF7AFE6E041D05980CAD
:10D6D0006BF17CF128F043E739FF51FE27F5B2F7F3
:10D6E000BC091AF77800CDF2BDF82FFA830202FECA
:10D6F0002005E309B1F9B7FA830BB2030DFA46042A
:10D70000A7059E0C7CF769007407B5FD39046BFA18
:10D710008517A2076FF662FB21FEB6F59DF1250283
:10D72000EDFA3607B6039A098AF24FF99604C2FD5C
:10D73000FBFE6E040C137606E0F1D305850AAC02FD
:10D7400065F7E4F6A3064A0D93FC63087D02A10683
:10D750006305E1F7E7FC310E42FE0413D8FACAFC78
:10D76000E3F45DF8C0080BF2ED07AD0145FD360CA2
:10D770004206C10600F550FEF406980D62088FF3CC
:10D78000AE044FEEDEF59CF9DD11DB0AE6ED69E84B
:10D7900018FD1DFB4EFD26FDA70D1E0B5012EE0AB7
:10D7A0006EF488F163F39EF433FE8F00A306B30A90
:10D7B0004EF95F0B30EB8DF66CF355F6C4F699FF1E
:10D7C0007204F80AFCFDD5FE5FFB980B41F8A1FB43
:10D7D00095156BFFF70D05FDFBFD37000EFA4AF3BB
:10D7E0004206B5FE7AFD47103F06ACFAC4F8BBF915
:10D7F000EDF901FCC7FCCC023B06A8EDADFEEAEA60
:10D800006905AA0AFBF39BF8C2F33000D9EF71F265
:10D810005C062503C2074919C2FC520119F76AFACE
:10D82000FAFBA3E88E108A00E90273FDBC0FD30354
:10D830003C0F9E0D43FF3E095AFB500475EF0E004E
:10D840005514B6091F04C7FF2513001A04FF5DF322
:10D850004AFDF7F9F5F749F1E817D8EFB1ED47F6CA
:10D8600058F3B602F0FE30F036134EEF5102D301FA
:10D8700017ECFDFF07052AFDBC03A8018C0282FD01
:10D88000FA0431079AF3CBE99DFCA7FBA0F75DFBF7
:10D890003A12ED084402450634FBC600C4FA1C03E4
:10D8A0002E08CFFC2D069B059CFA0E0C4DFA38076E
:10D8B000B1FE05FADC05710724FAC40E3DF9C3F484
:10D8C0000BECA9EF260ACAFAAB07670E46F7EEF98A
:10D8D000B8EC1DFBCB00CBF7BB0AF105DAEE69F91A
:10D8E0002FFCBC0E9BF6ABF73A0027FE55EAB501BC
:10D8F000570E6B094902CA07D20BA901EFFBBFF310
:10D900007DFA7CEFD602EC10F607DC05A9FF79FE64
:10D91000E8039B009D0BE51B7EFA2F0C730663004A
:10D9200074097A14450969F8DC0E1A0110FFA8E69B
:10D930001C06E1FFBCFECB062C14EAFEE0E991EDEB
:10D940000EF11C013EFAF9081106D412F6F1F5FAAF
:10D9500045EF22FADC0AECEA5CF910FF63F58FFB75
:10D9600088FED9FD04E31EFDE501AB0654FCF3FE81
:10D970003BFD06F52D04B9072E111A077DFB58FF54
:10D9800071FDB8ED84007205D4037805D311B91187
:10D99000CEEFC5FA37FDD50FBF03D4FD50FAA4FC76
:10D9A000D6E8A4E913F60603DC075A0B86FD5001FE
:10D9B00050F33D056C01F1F1BE0A42F66DF686FCAE
:10D9C00004FED10A45F221FC7001B9F173FAEC02B0
:10D9D0007C06BB0734FF590A3607410B27F62201A4
:10D9E0007D0607F45E125D1990FAFFFBB1FFB0FAF5
:10D9F000A906FCF4660CEE1E4204A00AB8F983F4F2
:10DA0000E0EA5EF7D00E39FDA11B9F17DAEA18EEA7
:10DA1000C0055DF696108301301A0600E7F150E26A
:10DA2000C9FE7F08AE006EF127F8B1F892FD4BFFFA
:10DA30008CFA7306150E69F6BCFA430218F935081C
:10DA4000200208095CF85703AAF7B3FD30F49C01E3
:10DA50006CF0F4FEBEFE7A01B303D5038F0FD8112C
:10DA600067F4F0F00E030B0717F7F1F3920A1110A9
:10DA70006BF125EB520B9BFBDFFE26FFD209580A08
:10DA8000B2F247F03AF793F85C097B03130F590D94
:10DA90005006DDFC11ED2CFE38F60BF3CCFE08062B
:10DAA00082FD1009D3F00C032EFE7FF7B40A000D9F
:10DAB000EE093D052BFE61079AFCD7F64101860071
:10DAC000100848F7B3126011B0FD88FA4B106606D3
:10DAD000A1F085F3D01C411EBCF90508A00DAE0EC7
:10DAE00027EBF9E800085DF05B1FE922040D2EE446
:10DAF000B8F6C8F63A12F9180709B5E974E427F13F
:10DB0000C9FADBF48F00F1FBA3F5E40779FCC20747
:10DB1000F9F918FE290141F58803E40A49FA5D057F
:10DB2000DAFF1FF7780C3EFEE4ECB4F81D0AAD04F2
:10DB3000C8F7C0FA100308FDB803DDFCF719CB01E4
:10DB4000D7F7C0FD9B0C48003601D1FB9D0F2D0C73
:10DB500086F100F3CB091F02B10403079001B4F76B
:10DB600002F8AF07C7003CFF0710C305A50A6B0109
:10DB7000C8003EF86CF4DA029E0742FB5DFEAD067B
:10DB80002F06C10765F936FBB0ED8BFB3AFC280B7D
:10DB900019FCAC0032FABB02EBFB5F0AD20FDD0BC3
:10DBA00069032CFDF2070A0CE8FAC5FA4C06361494
:10DBB00030F4BFE64611E905B6F694103A0D420F6F
:10DBC0009AF380E5250057047118E6144702A5E48E
:10DBD000C105E2FC040A980B04125112F2DFFBE9C2
:10DBE0008B05970440FC0AF6250393FD1CF752FBB6
:10DBF000F5F7A70132EE1CFCC40316FDCAF8EF03CB
:10DC00004CE6A4EA75FEBBFC86ED1DF04D13CF0B70
:10DC10005A02F3F14D09DDFE6AFC6BFA7A0408033F
:10DC20006BF40CF46EF642F0EBEEBBFC2D114A00E7
:10DC300090EAADEC0FFF2FFFA109F717C3F617FF0E
:10DC40001DE9E4F6DFF1E70981033400BB02AB070D
:10DC50000205AF0A33FEF802AD05C4F668F77EFE92
:10DC60007DFDB7FA090764FD26F088FCB101751047
:10DC70009303BD05AB02D9082CF68BF42110B00F2D
:10DC800004FC26FB2D013D1011EE07FAB9193F0ED9
:10DC9000A7F861F3D70908F9D0F65A0CA51630FA9F
:10DCA0004AEF80F5C40A87FAEC0D371067FA3AFF9D
:10DCB000D00136FB52262F12CF0CA71326DC08F317
:10DCC000C1F84707C8067702AB07520330067FFD4D
:10DCD00077E8E8F27BF136ECDB00E9097FF7B60B79
:10DCE000B90346F0C50AA80BAEF1FBFFE5FFD7016B
:10DCF0008E0140F111F9B5F591F4AFF7A810420685
:10DD0000EBF9BFEC78F203FF96FC66FF120D96FE6E
:10DD1000F6FA11E9ED011BFF3011E50C7FFD370725
:10DD200075EEE7FC5E00F60E21041011E500C6FA60
:10DD3000DAFDE006A404FFF888FB1BF47801610714
:10DD4000E708770519FE96F324F47802A0FE290966
:10DD50003D0B4D0934FBBCFE8E0752030007EA124F
:10DD6000DEFC67FB79021910B801ABFC1818E50F4F
:10DD700081F993F830FE3F01F4F313FAC316FD0B5B
:10DD8000CCF8B8EFE00AD2F61E0E3C1D2DF755FD7B
:10DD9000DB0177038A0ABE05C601F005AAF6C5F6BF
:10DDA00056FE15037902FA0347F35DF076FA52083E
:10DDB0005002690EACF2FAE62A0624159AFDBDF867
:10DDC0003C0FBEFA5209FA0DDE0122FCE3F6F30D18
:10DDD000DF0306E81C015E021CF564F8890C2D0BBC
:10DDE0009EF41EEF37FF3CFFE2F9A306D0109B0B19
:10DDF00073044DF4F9018310B40C500E86109B0986
:10DE00006C0057FB840376060010C70A3AFF350101
:10DE100053F873F452F521FE46FB4B045303FDF116
:10DE20008FFB360A12F83DFAD4FA00024501030EC0
:10DE3000D506A7FCFEF648F7BBFBC8FF151547093A
:10DE40007BFA750167FBEA044E04FFFF2C1622FAE9
:10DE500009F8ABFE76047FF3CE03660E6100F9038A
:10DE6000E4F7860B5CE82FFE81059D1F03FCB102E1
:10DE70006B018F054C10C609C012880450F3DAF903
:10DE8000F603CA013308C5017AF774F35B0469FF2E
:10DE90007B03710D2CE5C8EC1D03F00F0607CB00CA
:10DEA000E3FF1101F2FB48F9000094F97D06E0035D
:10DEB0007603F0F14E04DE02AD0152F77E0D271716
:10DEC0009CF499EC3D08E50BD6F43602001A1C05CB
:10DED0000DF93CF90216660A381821133312E000D6
:10DEE0003BFB27FDA301ECF71D0C65109E03DC092D
:10DEF0004CFAF4000BF057FF7FFE93050E008EF8EE
:10DF0000C3F6140DE0FDA3EDE4FBA103CF0603026D
:10DF10002602990591F258E92705EAF5050E131234
:10DF20004AF38AEF24F230F4030A9105C1FC110987
:10DF30009BEB67E04FF447F950056203ED0F740A5D
:10DF40002CF23B17B205670EE308060801F1D7F67D
:10DF5000D402C102BF0F4406CB0A8A1160E4C9E5AE
:10DF60009B05E50507149DF4A7FCAEEF1DFD3709E1
:10DF700099FA410B88E866E99AFD26068E0941FB6D
:10DF800051FF760511F93EFF6D0AE207BCFD430221
:10DF90007A1239115407A708CB07C5011206C00B26
:10DFA000280752EF3B129E16C000320D0E10A00D36
:10DFB0002D0247FC1C1BDB0C310B6316EF0FBCFF63
:10DFC00002F3D6FB2DF8A5E1C21B730D0814BFFEAA
:10DFD00062FDE80441FCE7F98D00DF07C702060295
:10DFE0005D0095FDEEF3B1F0980C4A01C0FF4000D2
:10DFF000390875026AE7FFE8FB079701E0FDAD0706
:10E0000058EE0C02C7F482FCDAF82A039202490C9B
:10E01000CEEB2DE47913D2075BF4AD071FF133FD8E
:10E02000B1F0A00B330ED90272FBABFB44E936ED25
:10E03000E30A7709CAFE7BFA87FDDFF753EEC6F2E3
:10E040001CFB760C81FE9202A1F7C00327F44FF867
:10E0500000FEF00716F132F0360B980BABF6D40445
:10E060005107DC120003B707FE0CF3078BFE4D08C7
:10E070008D12A5FFBF08EC11CDFBAFF256FDE40EEB
:10E080004B0F5A094117EF118E006202780C37FAD4
:10E0900069FF200DA807D2FEFD17B113ACFC0FFDE0
:10E0A000C303C50A79F60AF6BE043A0398066DF072
:10E0B000880BE2055CF59AFCFA0694FCF907B206B7
:10E0C000E1FFC60581FFA1F96203DBFBF8032FFE28
:10E0D000A603B60BD3F2A6F728F4EFF6D105D504C4
:10E0E0008BFA9FF24AFBDCFB37F7A507B00A15FF56
:10E0F00085EE9103D10F850B920569FC03ECDAEDF7
:10E10000A1061CF9D604EB0022F146FA62F69AEB5E
:10E11000CA06B80747FB17FE6B083BF647E8F8FC52
:10E1200084FFA9FDD803250DD8FF9AF8E6F7B6F5C8
:10E130004E07BF07B208CBFEB512A30772EEBEFEB4
:10E14000D70FB21A00000E02EFF9F50538FEB50739
:10E15000CC0318004B07CE009CF7F0094E05C40312
:10E16000D806B302BF0EB5041412FC0E9DFDB20D0D
:10E170000900CF0D2E004AF105111B1767FCFA00AC
:10E180009C09F410C9E806EFD50A3A0EF5FF37FFEF
:10E190005CFEAB0307F763FA6AFD2E08550A31FFF0
:10E1A0000107510A7EF6B6011EF355FB32FBA80AA1
:10E1B0000C0898F8A2F488FC94FAC4ED71FD0EF9ED
:10E1C0004CF993FD1FEF9AED01FCC4FD4CFF56077F
:10E1D000BAF9320D0EF91D048303E3F8F7EE70FC73
:10E1E0008A0AEA113C039609C9F31BF3AAE8F9F974
:10E1F00019007BFCF1FFE50033FC88FEB2E7E50285
:10E20000DDFC210C2804D509F8FA1F070703F206E4
:10E21000B511D1025A02F70FE610F2F53FFB68F78D
:10E22000FE0381038A05250B9F0552FECEEF62F5A2
:10E230004E039312A40B8506340034FC0FEB28F92F
:10E24000BDFC9213C902740B5607CB030806840663
:10E25000FF0AD103410A4AFACB094D17E803AB0381
:10E26000C7117A0668E1B6F67B179014D50926081F
:10E270009606DC0C4BF8BDFB0C077F049707811258
:10E280003C08AB0C2A032AFA3107490863FAEAFF73
:10E29000460A55026CFA27E78D06D4F54AFA64F768
:10E2A0005400FFF91AE126ECC3F2D601B1037AED6E
:10E2B0002102AC1CCEF642F500FC25F7BEF59BFB17
:10E2C000DB0F290827FF4901C6E77F0480E0D9ED6D
:10E2D00035FD8BF5DC0249F7A415740334F6750996
:10E2E00060FD36F6380470FBB4F2B1058EF383049A
:10E2F0003E0BD6068209A60DD30BFD0A560816055D
:10E3000088FBD2F5330E5C1ADA0438EE28F52EE6D7
:10E31000320558079D167812F5F49BF9BBF6CFF934
:10E320000206B20C1C07AB11DA06C0FEB8FEABFB4E
:10E33000C60B990CD40B1AFDDB0CF618D501830F14
:10E34000680277FA72F5E7FADC098D0BC9105E02F4
:10E350007605D407DEF980F86AFE2A0CA30C8E033A
:10E36000E4091F0090F317F29CFE1E023E0EDC0033
:10E370008CFF48FF1BF407F10705430970EDDEF33E
:10E38000CD0688FFF5EA98EBAEE650E764FF90FF14
:10E39000EC0A8B22EEE9D4E742F92DFAE5F9700296
:10E3A000BC1F5CFB94F676FB9CF15BFAC8EDBEEEFD
:10E3B000FCFDC8094EF40706700CC5FCEE0A76F9A0
:10E3C00054FA1AF7C0088DF7FD00B601DEF737FCE6
:10E3D0008510D3161CF08D0A4701B90BE8FD3617DE
:10E3E000450FDAFED5F957FD5312ED078EFBF9FA0A
:10E3F000AAF96D0268053B0797F33DFC91F1B10462
:10E4000054052FEFD8125405A6044F0335129D076B
:10E41000A3FA2E017310D0071C049B0D91081C0059
:10E4200079F804082A089C03B9F866089405FDF9F0
:10E4300015064208F4008AF7AB0EAA069406C6FD3C
:10E440000B060EF72AFA79F07A043AFA8CFD02EA02
:10E450000D05A8FB3DF5AEF44A067CFDD1FC3A085B
:10E46000A8031B1182E277E87EFF4EF8440425FFE3
:10E47000E216C32CC40520FE600392FA130265F273
:10E48000CF2CFB0AAEFE4AFDE7F8ED0304F11FF8BE
:10E4900037F28B07B4E9B3026AF02CFF4B0147FC5B
:10E4A000D0F94508090741FDA1F647F6040176F7C2
:10E4B0006400680542FCF7EDEBFC28FF12F5EB1356
:10E4C0009B03B50273F92DF96BE658EDF5FE7DFA65
:10E4D00067049F0B030007F4CBE41DF0B0029C0E11
:10E4E0005A055CEFC804C3004E007DF9F409A4028C
:10E4F0009DFDDD05CA0F0F122BFD97061E0850006B
:10E50000E60638FF660A310B23058502C100BBFF12
:10E510009EFF2502B5FCB506520B61FE460045FA8A
:10E520007805D104DB0160FDD20B2B0263002AF9D0
:10E53000FF06EFFBA0FE51FE1B011807DEFAD4F721
:10E54000BF09191DCF00AD0390061FFB2A07420229
:10E55000E80DE41A45FFB7FD80F22BF3BAFAF30198
:10E560000D2F0B046A027BFBFB0193FBA4E716EE65
:10E57000BAFEFCFB06F85CFBD6F8100943F13B043D
:10E580008FF5CFFDDC099DFBF60114F600FD5DFA69
:10E59000EC0B2AFBB5FA43EF00005EFE9E0643FC3F
:10E5A0004CF6020222F056F917EB8DE6DFF4D20F9B
:10E5B000510E4E1176FB98FAF2E9D4ECD70EECFA34
:10E5C0009802A60380F711EDCFDC71E169F9780BB1
:10E5D000AF0DCB0B81FBAC02CDEB3CF69119840661
:10E5E0006E056F12AAFE84038FF037F912EFA3FEB7
:10E5F000660F13101A097D0A6EF71A011D0570F3D4
:10E60000F8118308E80CDDF1620B3DFF1A0249FFA7
:10E61000C1074D1E31FEA90B6BFE1B012DFABCED8F
:10E62000EE117D12C20B0F0FCCEF90FBB3F447FC41
:10E63000750C961D0F0602FB7A0346F66600CD00A8
:10E64000590FAB086BFC6A0519FF6D098DE736029F
:10E65000BD05ED00E20010F642FF7B0531F47CF6CB
:10E660008A0A97F74AFB8B054F0822FC6EF7A00930
:10E67000F204BA052AFBE9068402D0FA3D05870AAE
:10E68000820243F6A70A5E07F9FE0DE9AB059D0776
:10E69000200CD3FCAC0927129EEEEDE68C033FF173
:10E6A000690C750BED08E00A9EEAB2E7EFEF13F68E
:10E6B0008B12251C57096A1419F22CFD59F067F8C2
:10E6C000D210031FF40348118BFE9AFEE5F980F780
:10E6D000012A1918CE0EA109D1EF08F368FD1DF12A
:10E6E0007B1C26157E01AFF822FA75F92DF3F7FD94
:10E6F000E11E1C1E540091120AFD11F7C2F6C8E477
:10E7000078269D12B4100517A6EDFCF85CFB23F7E4
:10E71000FA214D19E30981001DF52504D1EFA0056B
:10E72000FE09D1F29AF809FC2EFF32FDBAF7730503
:10E73000F8FDE8FB38FA5F08C7FE5FFB0D08BB0079
:10E7400071FC030973028904EFFB6EFC33001A02AB
:10E7500046026DFB34027500A0017309310748FFC2
:10E7600003F2E2F801FDEAFE47037DFEC7033EFF28
:10E77000EAFE67F7EEF9D80E83F04B021FF2F9F0CC
:10E78000F0F88BFE2F0A18095FF972F87BF56FF02D
:10E79000C3F1FB06B504CF0BF7EEABFE6CECCDF38B
:10E7A000FF0957F1FDFDA8FB2AFD8F0750FBB6EFCF
:10E7B000A616591277112DFE9BED52EFCBF2B10147
:10E7C000900B81FC010998FD4CFA3CF2ADFA84E90A
:10E7D000DC0E83FC4510E80912FFC9022BF3FFFB96
:10E7E000380AC5128D04C1FCC5FB29F8180034FF96
:10E7F000FE0C77FA53F7B40086F34A0586F0E9EB8E
:10E8000059FCC2FEE408F3052706C502FAF67406B1
:10E8100018FADF049FF815F8E108ABFD0EFD6AFD5C
:10E820006005AA010F04B3FB8000E2FC67FEA601AD
:10E830002CFBB2F662FF360560F75A005D07300A1E
:10E84000B4FBBAF826FCDF00B205DA09120932FE81
:10E8500047056D047008A1F871FD4807A100890201
:10E860008408D3F9D60841090A074F02EA04F203E3
:10E8700064F7A1F6280767FE4008860521099BF684
:10E88000ECFD6DFAEC007C053FF1220280FE53099D
:10E890001AF9CAF726FBA9FC1102F8FF780382FED9
:10E8A00097FB45FE0501D1F68F05FD06B502BE01B9
:10E8B0008F035C0A370ADFF81AFAD6FBF202BB03B1
:10E8C0008D065A0AA6008B03E0F822FA7C091A0783
:10E8D00045FC8D010402F10923FF11F6FA077108C6
:10E8E000B8078CF68200DBF70AFDC4F7F8F70FFDD6
:10E8F00056FAE4FE32057A028D0841F8A207530A5F
:10E9000063051006F6FEF1FFDC05ACFB2CFCAEFD4A
:10E910002803AF00620024F685FE0801EAFCA2FB92
:10E920002BF9DF0069FDC906A6FAFCFA8D0700097C
:10E9300077F57CF14700050486F85EEB000235FBB5
:10E9400020FB4EF7E509701617F974F82F049FF7AE
:10E95000D8F09BFAAF0E5C132E004F01B2FBE4EB34
:10E9600076F61AF3D6070005E903AAFB7FEF23F634
:10E97000BCF61EEED403CC0A89FD6100910457F069
:10E980009BF4D10383103D0961F9BEFA85FE3FF384
:10E99000FEF923F12D08F90545ED75FB1BF99EE8FD
:10E9A0004BF7D6073901ADFC5AF0BAF2C7F6BFF9FA
:10E9B000CEF184F055FEE1088F02A4FCC30148FCAF
:10E9C00067005EFFFC0100FB68FB8CFC8CF5B0F679
:10E9D000C5FC3900C2F948F7AEF86AF86C04FD08C6
:10E9E0004C00B8FD10F99A06DFFDAD0112044E0A85
:10E9F000B6068003B7FF3E0F190079F60A0556FFE9
:10EA00006CFFB0F5C21749FD38FCE5F259EDEFF99E
:10EA100094FC13EE6A09180C99FB44FA6A0488FF07
:10EA2000DBE82DE1C00410FD1AE49BE308031EF1AE
:10EA300015E943ED20FECC0388E0E6DB24F23BEA57
:10EA400020E68EEEA4F89E0020EAB8F2FFF117EC63
:10EA5000A4F779F9BAFFF8FCF7F331EE78EB72DD41
:10EA6000E604260495FFDF0B90F06DFA49EFFFF501
:10EA7000DA022AE4C70F750834FA8B019706C2EF51
:10EA800072F3DEFAFF0D9D12ADFD79F0EAF1F8F5B3
:10EA9000FBF061F0ED04C1102BEFFBEB14EE49E845
:10EAA0001CF521FB88FDA508C3EC66073702BB04F3
:10EAB00068FF96F9C7F62FFEF3F9CA0326F958083E
:10EAC000D8047C067AFDB9FDDB042A087BFD3401FD
:10EAD00096FBE2F1DFFC2F0FB4FE53F98D0963FBC7
:10EAE0001FE89AF215FE8002E70125FF470021FD8D
:10EAF000DDE839DBC4F8F5F867ECFDFB8EF805F2CC
:10EB0000FFD0F0EBD2F7550867F757EB2AD8AAE405
:10EB10002BE651EE6CFB88F3BBE163E160EBA1EB0C
:10EB2000B2EEEFD83500AE04B2E4EDE816EF0FE335
:10EB30005FDFDDD7F1F7E7EEC1FB12EF30E4EAFA71
:10EB400057F0DD0A24FF6802300094019BF8E302CD
:10EB500061F148F1D005E313C3F8F40652FB29F93B
:10EB60008BF6BEF0C3076403570999FEF0FF420A13
:10EB7000880071F333020E081907CFFB74FF44F9C4
:10EB8000FBE9B206C407EFF00EEF9D03A7ECEB1014
:10EB90006CF3D1F6930045044504B4FAA0FBAFFC36
:10EBA0000508F803EB0489FA85FEBEFBAA0517FDEC
:10EBB000BF08D1F2A4FA68F995FEAEED030429F37B
:10EBC00028FB8AF9BC09F20224F3B3EC98F15BF953
:10EBD000C9F4A7F0BAF7620496FF450765F0BAEBEF
:10EBE00094F51CEF49069FF6A1E713F6F2DB70E0FF
:10EBF000BCF5C7EF4AE932E72CEBE8FF71E997EC87
:10EC000000F07AF0C6F571F191FE8702D2FFD4FAD6
:10EC1000B3E00BF301EAD8E965F94204E0F88902B0
:10EC20004802B000B3FC4903ECFDEDF84AEDDE010B
:10EC300086FBF9041D14FA0E0CF21C02B1F82AF03E
:10EC4000B0FA0312DB0CA90E8DF9CFF732F51DEFE8
:10EC5000A6025001EE01C209830083032BF1D6F80E
:10EC6000FDF891F1D3FC93ECEC0A62126BFD551C9C
:10EC70003EE976F180FEAC0897006CFB0E0F74F84D
:10EC800054FBF0F699F8CFFB0CFF02009A0528FD23
:10EC9000FCF507EFA3077FEE9CED00F40800C1F53B
:10ECA0002EF7A60D76F8AAED32F867F11CF6AEF451
:10ECB000440FBB040DF93CF74902DC0200F510EAF1
:10ECC00010FD5B053AFF15EFAB08B90603FEE1FD49
:10ECD000C7F9AFFA1CF8C9DF09006C038E002B07D7
:10ECE000E7F5CDEBF8E5E1EB8002CBEEDE15380B76
:10ECF00059FB88F161F3EEF024FE2EFE64FFF0F480
:10ED00004107A509F2EFE8FA82F817F79FF8F20039
:10ED1000F500FE014507C8FA9000DEFD9BF4AFF553
:10ED2000E2FB18FF5DFB820697F548032D062FFFD7
:10ED3000BB1245FE32FF00FC6F0C2A0281FDC5F5B7
:10ED400082ECE1F7A8FBE2FF06F9B20DE205A4129E
:10ED5000FEE8A5F929FD79FFBF02E2F443F87FF749
:10ED6000540830E95B093703B209E102C7FC6BEFD5
:10ED7000240DBF02DE074908C5F206FC76035B02DC
:10ED80004B0817205D0A0E1A5509C412E6F6E90A67
:10ED900050123D0BC300D105A9F977F5F2F694F6B0
:10EDA000CD0356FD1704D7F25C07940815F8C50F7C
:10EDB000EB0067075AE5C6EAF4FFF700790A920705
:10EDC00076F792F674EC18FF9FFFB4F4D609E906C3
:10EDD000BCF26CF743FE38E311ED9D0232FDEBEF20
:10EDE000C1FD83FC54F7C6FC40EF4BF9CCF13EF279
:10EDF0001E0AE80D6DF827FE22FA5FF808FA3D0AB0
:10EE0000C8FA47111E0731FFC7FD1FF128FFE201B5
:10EE100094FF52021001A8F4D20884FEB7FD17FA3D
:10EE200082F067FDB6FBE2F378057A0E7202740D8C
:10EE300019FB9DEF07F74503EDFD6AFEEE0D42005D
:10EE4000C50723FA97FD0510A0071206A4FF55FE7B
:10EE5000B1096A09970A8E0151110D036D119B07C3
:10EE60000C0B631721047D10AAF93D1CABF458FB71
:10EE700045151413981D720A080B57FC33F87307D5
:10EE8000E006A10572FD31F10F1622190E0B47089D
:10EE9000EB05A2F6850159F58614E1F8F70976002D
:10EEA000F4F894F6D8F922F626F28AF2E00802097C
:10EEB00064EA31FD82F512FA1BFA3AF788F286F716
:10EEC000A1006A0EF8F32002A0FD68F3B6FCA202CE
:10EED0000F02B912200373FBDBF65DFC9C095E0E8A
:10EEE000160AAA022BF678FC18F058065305CA1722
:10EEF000A60105F704F98AF323125816B90F120078
:10EF0000DDF729E70503BBED93038A0310FD5206E5
:10EF100062F122F9C0F99300050E60FC0F0788FE2C
:10EF200011156313D30EF1125A0A9612CEF4821AF7
:10EF300043FF2F1343F3E0076915BC0848F9240584
:10EF4000141AD211AB046B17FD0CB00A58FD110254
:10EF5000EB11420B6F0660002204E512AA13300782
:10EF6000C5055B1B07010FFC8F0D6417BDF98BFAFC
:10EF70005C08E9FB6AFDAC00EA07AD0CC8FCB00513
:10EF8000B5F20AFAE208B6FA68FB7CEF6303980D63
:10EF900083F9F3FD0F0498FA2CF97C0DD3056F0C5F
:10EFA0009E0B7E147B0B2105CDFAC80756049F09E2
:10EFB000FF105D022F0946F269FD00F75412D7FEDB
:10EFC0007BFCF2F806088505190AF30A8D134F0534
:10EFD0006FF33E09A703880D210DFB28FD0C7B1361
:10EFE00049027BEFFAFAFBEAA4205224E818BD1B81
:10EFF00011E0CEEF3CEF0A083B1AC7140C0DB30E1C
:10F000001C13111836117A1AF8052D0B37132D1011
:10F01000B106130C860490FE870F63031AF6680985
:10F0200019124B1A3B15510728F8DE088CF412060A
:10F030000B008207B30A150DBE04A205BD0FBA006E
:10F04000D8017AFF44FCD1F181021B175A0245F81E
:10F05000A4062DFFD400410A0D16A001BFF6E2FD63
:10F060008DFEA4022306BA0C90F79A0169077C175B
:10F07000E7F386FB9418951166F9510B6908320382
:10F08000621B5617830EE70E6410AFFD7707FA1266
:10F09000210B17005C10860A11045FF66210AD08A0
:10F0A000B4F650F76004A7FF3F10C41112FD3308F7
:10F0B000DBFCC5F590F9F215CE06C720C7FE7F1A16
:10F0C000DBF5ACF0370BF2F55721C5226921E715C6
:10F0D00048EDD40458ECA60BC1240DF3991B220271
:10F0E0005A07070E3B11E005EA093F101E0A2B00E4
:10F0F0007310D500800B7D04E10F11FEE20637F599
:10F100000E0A7302DB0CD6FE67FFE60B9B0C3B0D71
:10F110008BFBF503A5075E060103440ACF0F23F717
:10F12000C1060EF710092F087A13D610C7F8220B64
:10F1300092FB4206AC111C0F781EC002E906EF11CB
:10F1400016F560F2D2141B0E4C00D502530E8A1431
:10F150004FDD9701FF08980E6001E9FED412C70643
:10F16000D90D550F9A1AF10B5E0B31F8CAFAE6FA6F
:10F17000020769023F17890C31FAB60CD913B4148F
:10F180009DFA5001AE0DBD0CB6014205870963071B
:10F1900094FB3DEDAC18B6084E1180F782075BFB7F
:10F1A0009AE3A6EB6A12E0F97E164907A1180F054B
:10F1B00077FA0AF4BCEB5FF42019990EF119080BE9
:10F1C000FE10C10F2F148110930CE41B360E4D005E
:10F1D000DA121F09AB21A90F3C0C0F02E512A9F0AE
:10F1E0007C000308C60460F64D06C9068B101D138B
:10F1F000750A7F078CF87FFECCFEA208FA0D160B6D
:10F2000024FDF50D69FF270F1D02542099010E07FB
:10F2100001FC47083B0EE5108718720EF808AA0299
:10F2200098FBB6E74214BF08330C21EC7308EB01DE
:10F23000C9DEB1FBA20AF401FFFBB506F1F730FD10
:10F2400014143A14B501240B56F8D0F239F84BFCDB
:10F250003A0743FF2A01440B52F44A0B7104BD04E0
:10F26000FCF3A9E921116D0319F65EF8E0FDBEFC7F
:10F2700019F06AE31306320ED2FBCFFEAFF7E202BB
:10F2800053D52BE62F25CAFDC0F2E0F3C20E5A0F6C
:10F290000AF6180582ED76F7AB1B5B08B81BE20C8B
:10F2A0005101531310FA1908970A5C08EA07A60BD4
:10F2B000D9089C0E84058AFC0B13D6FFA6044C05C6
:10F2C000BFFA8DF9D0FF62F733F3BDF9E301EA0C21
:10F2D00009F77BFF7202AD024BF88403D80DE507F6
:10F2E000350F0508B5FF8D19910D8E157E0D56FC55
:10F2F000FD058A0A4F15541B0A1EA20FE4F9F4F407
:10F3000079FF27E12907D2FB0C0D71F975FEBBF5DA
:10F31000C4CC18F84B006BF6EAFAB0F664F9BEF309
:10F320007419CD0B82FAE60076F981F7840197F51E
:10F330008F14ABFBA2086A0018002308ABFD95FCF4
:10F34000F8E8C4FCDB00F10881090C0080FCC9F27C
:10F3500078FBEAE9C212710A91FDBFF10EEB75006C
:10F36000AEED37FADF1AC8FFB8FC2A0BADF710076D
:10F37000ADFE8500A6F512FE130F7BF5DE1B03051F
:10F38000CDF7BF0AA3FEABFB2702CF0B7BF7E20E44
:10F39000180BE6FE8D11B5FFC91547FFAA0839F80D
:10F3A00093FDDAF1B2FEA9F5B8F550F6F8FDCE09F5
:10F3B0007B0AC102DC101B0284F79807A8007403C3
:10F3C00063046B08070FBE1C6C097D13EEFC080D6F
:10F3D000F107840CE3126C191E12AE0F78081204A8
:10F3E000F0FFB3E288062FF1660C80F5FBF725EC01
:10F3F000B6E648F242E134E54EF07CF5E3FF9D00CD
:10F40000F60FC71443EF68FF1DF77FF85D01EA04AC
:10F410000F0AB900A9F5DAF4BC0ACC07500776F157
:10F4200029FB520634F7480A3C109D06C7F94404EC
:10F4300011F90FF0010BD90B290A19FBF4F89DFA09
:10F4400044FF1B097F190A019302650145F3EC0D86
:10F45000D7028A0BAD0068FE95194C02E4173605F9
:10F46000C006140A300B00FA5BFA84F903F98DFB2D
:10F47000182496FE790D5BFDFE0EA5F0431855F598
:10F4800057126A0B63E4B0057BE1C2002DF8D0018E
:10F4900093FED303B6108CFEE90357F989FCF4FB05
:10F4A00076FB1CF96E09041ADEF5AA07D1F890F66E
:10F4B0003C0F2D0A601EBE076C0EBF125E067B015C
:10F4C000EDFB0EE16FF874DB440B92FA84F74DF11B
:10F4D000D4E99AFCBEE6B5F45BFBE0F377FA66F894
:10F4E000DD03B91579EFC3F0AFF0A7059A05E10F79
:10F4F00025081C09BBEA2EFF43FDED02F3FC3DF29B
:10F50000CB09CFFB6E02D7FD43090E07F0FACFF30C
:10F51000E80C010F0E03CE107D059A0B7F0437FD1A
:10F52000E505530FFF137E0BA606CB01F5F2D6FBC4
:10F530008B077E007EEAC1FE5A078507DA13F505C0
:10F540001C108CFFB5052E07270B9807920A85F82B
:10F550006B08AE05A005A2FEA20C4BEED00684F906
:10F56000C7122602D1F404038CF9A3F584F18FF2BB
:10F5700071FC7306CE0A1514CFF58CF787F502FAE5
:10F580004AF97108E60FC3209A01BEFDFBF167043A
:10F590002DFFBDFBDF10CAF9D30267068D09F0F716
:10F5A000E2EAB4E263E1CFDBC003D400D50077FF29
:10F5B000F0ED7B0B42E3E3F7D3F747EF830737FA2E
:10F5C0009E092D13BAEE8DF166F6C8F1C408C10884
:10F5D0005A166514B5FCF6EF580581FC1203F3F5D5
:10F5E0007509A70FCBF4B701B1057A0781FB3AF68D
:10F5F0002F12B7093606EF0FE200E6FEC2F2BA0B91
:10F600003C062B069E10170AF6071D06F8F983EE36
:10F610006707AD0DD6EDB6F87B13BD10C712FC160B
:10F620005C0FA7FFE9FFE5FD08035E059A00E4F023
:10F6300011049509A5FB1400E1F528F8A2FE1402B7
:10F64000A30BE2FFAD05700930F92AFA6FE6E2E795
:10F650006AFF5D0B090D121065EEDAF8BCED1DEEC8
:10F66000C6FD1FF621164714D80084036BF788FFE8
:10F6700023F156E9ACFC26DD25FF81FDF5001E03D4
:10F6800009EF9DEF9FD565E246FC7D00A60E9A022C
:10F6900056F7291615F617FD60006DFFC5086F04B3
:10F6A000DD17CE140CFAF2EC96F8AE04C6046BF635
:10F6B0009DFEB80ECFEE3DF2D9035BFC2AECBBF801
:10F6C0003F0F4308F6F5C9059702A815ABF64DFAAA
:10F6D0009500E9074B056B03EB0201111F04C30101
:10F6E000CAFF1008360583EECF093CF81500D1019A
:10F6F0002C01CFFA7FF5C3F1E9197B12751EBC0B03
:10F70000E0FDCFF210033E043B0631FB7A05A60371
:10F71000BA0C7F055EF3E4F9260644F71500A1F55F
:10F72000FD182C009106F1012AFFE3F9B9F45FF10D
:10F73000E60486F803F939003A01C1F6A3FADDF2CE
:10F740005DEEDFFF960B380310F64A0048FB7CFEA7
:10F750004DFED5EF8FF9BED7EDFAAC07CA09960575
:10F7600068E067EDA1E144F0FF0B810FC0043110A8
:10F77000580F6113ABFAF1F32A041C001F0770093C
:10F780004A194104DDEFAFEFC707D702D20613FDD8
:10F7900019058EF61CFDB000D605380C5BE97BE937
:10F7A0001105E6F180F292F76411B710D0FBF7FC77
:10F7B000E4EFD8FAFC08A008CFFF36052BFCC108FF
:10F7C000790E3DFEE9044DEB91030FFF5BF8D5F692
:10F7D0002AF9A3FF6BF1F80C2105F91C070A2CFC90
:10F7E0004607B408BF04050989F3FBFDC406EEFB18
:10F7F000C20B4801F90383F53405C50168F3FAF932
:10F80000D9073605C3F7B9F86708DB02DFF0D3F88C
:10F81000E1F018EE20FCC006C3003BFA160FB80B4F
:10F82000C5EF87E2770EF90D1AF522FB8E0D81FBED
:10F83000DFE27CE5A2F8CBDD0AF5C9F869031B0F0E
:10F840001CEBF900C1DC63F2FE082903B6FFEC02F1
:10F8500041FA7FF9B9ED8BF91D1272F8260DBDF74B
:10F8600042040DFC65FA7602FEF639F3FD0177EFEE
:10F87000FDFACCFD1EFDE0F99AF718F83AF2DBF537
:10F880004CE99EF45CEE56FCDEF7490648F6C0F7FC
:10F8900019E418E69DF7F1F2AAECF3FEAFF857FD74
:10F8A000810055FC74FBE6F33812D4FB1A0527FFE0
:10F8B0000509E70D64FA1EF1411B510CC10CEF085C
:10F8C0003F01160B04FE581157FB29047DFE6D0CF9
:10F8D000AD0A54F804FFE3E73B0B1FFF23FA2B01AB
:10F8E00095F7AF036902130638FE05FC61F956026D
:10F8F000D6E360E54F0854FAE3F81CF2C202BBF805
:10F9000034E780E7FDFA1C0402FC07F584101AFFB7
:10F9100035F567E50FEEF6E8EBECC6EB88049700EB
:10F92000A4F385010EF6E9FCEA03A001D0F6A404D5
:10F930006905DDFD65F05FECF009FB016FFB9204EA
:10F940001EFDC9FBEFE9F60222EB09F3E00000F827
:10F9500033F70AF268F585F910F62BFEEEFA61FA34
:10F960006AF6EFE160F19DF96304430071EF52EC38
:10F970007DDF50EA8403E2F784EE64FC8B018504AA
:10F98000A0F6BAEF4E0B83FDC702A4FBD812AF015D
:10F9900064036C0AD3E7E2FAD71A9D04560ADCEC3A
:10F9A0004DF61EFDD7F9D20283FC29001BF9CDFDCF
:10F9B00010FC6CEC47F159E48E06C5FD6A0851EB6A
:10F9C00097F0ADE5B608FE0BC8F214FDC0F263FB7C
:10F9D0000CDF9CE6730453023FFDA7F961F693FF29
:10F9E00046E538F28E05E2029A022C050606BA03B5
:10F9F00042013F12810683F300F0B1074F09EAF399
:10FA0000AD11160620082EFBCC025D065805320902
:10FA10003DFD320D97FDF2EE2BFEEBFED8F03500EA
:10FA20005C09CC00B2ECFF06E0F332FB88FE01FE7D
:10FA3000F2FE93FD6D08BFFBB7F94C0221F400FF05
:10FA400053EA29FAE00045F98EFDBFFD6EF241F45C
:10FA500074E8A6EDD3FE8AECD80349FEE0F29EF9E5
:10FA60000103B4F929EF190166FF4CF61C0C92054D
:10FA7000870A20FD2FF53FFBD80583F6DEFCE4FC6A
:10FA80007AFA1FF518FE5EFD6D05D7002FF90E00FE
:10FA90001CFFE3E8EBF5D0F0340586FE66031DF9A4
:10FAA000C2FA50F018F34A032DFB35F44DF8040464
:10FAB00008E5CADE390BEC09730016FD92FE6D01F4
:10FAC000E2E9C3032705A110020335F55DFFB70482
:10FAD00004073607D012AF043EFB31FFCDFEC7F658
:10FAE000450CE7FF04000C019A085D06EEF60806D7
:10FAF000B308E206DFF5A6F467F83B01E300DAF6A7
:10FB0000CB0B010D9902D6F82800BA0127058B0509
:10FB1000CFFCFEF96C037BF72CF81F00E2F566EBD7
:10FB200033F999F6D7FAD3F954F71E0380F6FDF3AB
:10FB300094011CF5C7F7A3EC5009810A8F03E30871
:10FB400016086006B205C3F3C1F4A7FB851C000DBF
:10FB50001F099D04A40900FCC30DF5014FF75D03C7
:10FB6000EBFDD608FFF70005F9F4DA077F001A016C
:10FB700058ECA6DCFDF863FF53045F02F8023CF486
:10FB80003FFA52F292F93D0571EF7EEBCA03B3F7EB
:10FB900075F0C8F0DE00680033F5A4FE1DF77DF6B1
:10FBA0007104400272001305870F1606B1F19E051D
:10FBB0007F0A5E06960FA8FE76F5E408520433F934
:10FBC0003907C30799094F114403C7FECB00C80B7F
:10FBD00044100A0C031661073EF5050375FA7AF323
:10FBE000A8066FFE92FCA503D8FD0CFE990572FDD8
:10FBF0007DF54DEB880DB1FAD4FB34F6B0F107FA80
:10FC00007CEB110263FF9E069FFCA1FEC4022B0346
:10FC100030FC8DF821EE7DED450CCC076F07910986
:10FC20005A0F030D18F17FFEFDF9A8F5FE19FE131A
:10FC3000191AF2F71D0AD1F70F042502B60D0AF6BC
:10FC400019F858041609CAFD48F97DFDABFB1905E2
:10FC500084EB83EE4706900496F9EAFFA4F5C4FF0F
:10FC6000BCF1E5E8550014F9240999F4D3124706CC
:10FC700055F182043D04F8FAD50370F438FCAFFC6A
:10FC800017F7C011B504DE10ED031C11DCFCFEFFFC
:10FC900027F62AF4EB06C6F82F0ED5077806B70329
:10FCA000B8FBDC01EFFFC8034201CA02E2FCC70453
:10FCB0007E092403D404AA06B40A2006BD064FFC1C
:10FCC000ACFC2A09EA07AB109A0234088D063FFF04
:10FCD000FAFEA8FA1004DC03D9011A06D00964055B
:10FCE0004FFA620C97F83AE9F3F19FFA3A01C2022F
:10FCF0005AF9D6FEBF0115F9DBF42FF9AB102B240E
:10FD00001CFEC9158E05B5FACBF10C0B4C20850AEB
:10FD1000600094F8ECF37CF7A60AC40219F956F8CF
:10FD20000B0433F69AF936FF52000AFECBFB9FF61E
:10FD300085FFC008A10757F58104B0F725F46DFAD7
:10FD40003F0373F11F098002EFF24CF6BEE87A0020
:10FD50002BFAC0ED1FFA4EFA8EF9D3F36101C2F609
:10FD600038FEE4FC910449005505340C7305120675
:10FD70003FF833FA810FDFFEA10C8B0306FAF7027E
:10FD8000FCFE5B0369071702A00756144C020B0A1E
:10FD900034046EFBE501BFFD5708130FC303290AA6
:10FDA000A3FBF9057604E50716097C0A1FFFA601E7
:10FDB000BA0A95010504D20482FD29FB25127A199D
:10FDC00043105A07AFF804FC83F2AEF0D410E404F9
:10FDD0005C0472EEB6048F0A4D03B7FEA309E30478
:10FDE000DB0C9412C704E1EDD5FFB5FA9D0CCAFDFA
:10FDF000BF0A9606F0F69DFE3FFF18F95103090869
:10FE00004FFDAF016508CF062504A2FFF309E40802
:10FE10003DFDC7FBD1FB0804F7F8BA02B1FE29FC8F
:10FE20009CFEBDFC2B091301BF0AFFF754FE67F0CF
:10FE30006FFE35FC970B81FEF5FA2EF0A3F46400FB
:10FE4000D5F273F3340330038BF1EDF497E717FE2B
:10FE5000B3F01AFE90EE58FDB3FD2A01DA009B0ABA
:10FE6000640596FBB407950EA3F434079FFE900A31
:10FE700042FB840F07110E0531012714AE0F26181F
:10FE80005807C8FCFA142F0B1A090D043B0F11195F
:10FE90004D0823EF3F0FD31AAA01CDF51320D30A43
:10FEA000E2EF68FE2F07031A41FA8BFF94077B13DA
:10FEB0004BFC82FB040E9B102207EA033D1AC70786
:10FEC00038EB75FDE313E8FD0612AA039617A0FDB3
:10FED000DD053D01D5F842019C06D4F81306440126
:10FEE000AAF8A6F7690030FF97F60105F405F609B0
:10FEF0002DF9FD01CEFBCFF7F3F8E7F409FB4D0533
:10FF0000C7E6CAF3F0ECBDF372F134F900F882E70A
:10FF1000A5F305FD2902DA0199F67BE02FE382FFC4
:10FF2000D600B3F44108F6FE8DF45DEA2F062700F3
:10FF3000EFEBAAF82CFF2D0670F2ACF7EAFF5E0398
:10FF400082F50A0AFD08CC12BCF87CEECEFDBC0599
:10FF500039FA19F70F024207B0EE0EEB60FDA80167
:10FF6000D7FA50EE8706D90029E8CAED5D01F00600
:10FF7000B2FB2F02E5138E130AF5DDF394009CFF0C
:10FF80009CF361E517027812EFEA47F13904BFF1FB
:10FF900086E706F436201D06A4F74DEE180AEA039C
:10FFA0005508BEFB78FB8C086CFAA30065FEDF0ADF
:10FFB00082FF75F829FC70FE7108E6FC7BF8E50409
:10FFC00047F75FF8F306960854090401B8053600B0
:10FFD0002B0533087004CBF9B2010E0768FC82FAD6
:10FFE00053FB0B08CD0B4C00B30AFA011D0ABD0BE5
:10FFF000DE027B02A3025707BD0268FFA0FEBD061A
:020000024000BC
:100000002E013AFC1E082700BCFC00FE94033709B1
:10001000DC04A902BD152F097500DE041F0E98042B
:1000200089001E18D6022820C7F4D701DC087911F0
:10003000B8FFBEFE7D0EFB0859E7C4F15901A8F8D0
:10004000E8FEB213E0090C1830016F0069FF980D4B
:100050001B03A1FB9704880294F7A9F403FCAA00F0
:10006000BCFF8AFAA5F7010E9EF971F7FCFDB004FA
:100070006FFB97FE8B152C05B3F8F9163DFB3D077A
:1000800062F759FD78F7A6FE42074EFE70093FF968
:10009000D4022D097103E806CAFCCD006EF71BFEE1
:1000A000BCF94D01CB0954F71B01600829FEDDFFA7
:1000B0008907A0FDBA028A0AF5FE8AFC17018FF9AA
:1000C00089FC08FDEC032E009201FF006F09560623
:1000D00018020E00ABFEFA002BF6890987044AF8D5
:1000E00077FD2BFE16FA410A0E03CDF66D0AC1F814
:1000F000F1F7310609FA37F8170A23FD3EFF010A26
:10010000A501B10604F179054AFF5B03C30289FE2C
:100110009CFECDFBCC041E05E40158FD1CFF8606A9
:100120005B0849FBACFF6FF9B7FF99F847049D06E0
:100130000E08F6F92BFCA4FDB8FE2F06620606FA9F
:1001400058FE2FFB8407CAFCC80773FAA9FA950466
:1001500030070A0ADB015200B7FF3001BAF7E706A1
:1001600033F81DFAD3031F006BF8760391FF7C0A66
:10017000D408EF0058F86E024D05340090FD5D057F
:1001800028084D0803FAE606F80366FEE50600FEB9
:1001900067003B0922035901BCF7C7FBDEFC92084C
:1001A000A0F6F40293F904008FF84E0547FF0BFC0C
:1001B000AEFE17FE11EDA7F4F70264011B0B320827
:1001C0006CFF390E49F179EB9607C60178051B12D1
:1001D0006A0F40FBE2E7CAF971F7F8059107490C8D
:1001E00041F8CBFA03F86EF261F69DEE0812DF0FCC
:1001F000ABF7FAFDCEFB65F596FFC5F973F4350D47
:1002000070ED0B064AFFC6FD36F465F5CB07D31338
:1002100097101F0C2BFECFE8A6F754F9DC14A509A4
:1002200076FD6606D7F0C5F3C3FC43F7E00B0A0B77
:100230009EF598F9C7FC3B01D1F91EFC4702650DFC
:1002400069F6C2F9C6F74908CC04D8047B03F5085F
:1002500037084BFC22FB9DF9430114047A046AFE23
:10026000D0FF03FA0504B50803F7E8FC3E080CFFCD
:1002700025FC6D088EFAC40572F71EFA48FE84FA52
:10028000CA07ACFE77028BF2D4F772F47B011C052F
:1002900063008B02A9F09FF4410107FC3C0F4C0F57
:1002A000CA1A4407EAE4B1F4E4FCCC0337102DFC8D
:1002B000700658FC06F43FF4C7F8F0FBE1020207B1
:1002C0009D0B9B0B35FAC00FCAFA00FDFA08860099
:1002D000F409D8F9800CE61525EFB509460DF507A8
:1002E00054F05DF4291E6711B60704FC550A3E045C
:1002F000C1F80008AAFB7EF558FDAD061802740689
:100300003211C31B3DF41FE6C7F4F4F8880E6E1DCE
:100310002327940542ECBCED1EEB83E7B10BD90D0E
:10032000CB14980412F323F58EF4E40CB9FF9F0369
:1003300004F71BF77D0958009FF53801F7FC43FDD2
:1003400062FA7CF66AF9D9F9F50586FD97F54E074C
:10035000A7FD100390FB9EF98001DB0A67FAD3FC2E
:1003600082F4D111670076F7AE0A51F40B008DF6D6
:10037000EC0BC406E0F36CDD7CECAAEFA506CC1117
:10038000050B9105FDD91CEA99E42DF4111DBF025E
:100390001F045D051EF6E5F46EF0DFE21AF6C5FFF8
:1003A000C704ACE41C037105A1F90BF3FBFCAF051A
:1003B0007AEAD2DC720F090AADF0D00D530D540663
:1003C000DBDBC1F8160EDF08BEFF9604F1FEA6F9CE
:1003D00053F5360975FD40F9F803A407160786138F
:1003E0004F0121FD060FDCF80CFC840BD90295F9B6
:1003F000CB0ED214D6E86ED69AFAB105ACF654EA12
:100400004D032E0104F5FFFBC8F6950819E8D7FC4B
:100410001AF6A5FCF1F8D9098F00390567F53505FD
:1004200042FF5E06B7FADC0051FA230394F63BFE66
:10043000DBFBCAE7E504B4FD83143A0EC8F1100DE6
:100440006B03E0072FFB70F3B4F2FCF16D1451F96C
:100450001E108B09A7E1B6FF880784F416F6BEF4D8
:100460002D0FF90356F92DEBB2F98AF5B80B00F30D
:10047000340364EC91F93F032AFEAA055FF3F4EE1E
:10048000F5F213E55C0572088CFE700887F106F53D
:10049000EAE8E6E143FD2301ED058DFD16F80D06C2
:1004A0007AF80EF0B50C1BFB6B088C126EFEE404A0
:1004B0001AF92910B7FBD9091D0EBF0680FEAB0340
:1004C0001F19530DD504DE0EAC004E0363F664E82D
:1004D00050133E0B740356F0CA051AF6D5E15EE4DC
:1004E00014033BF9CEF100EC7AF6C50C07E1CBEC36
:1004F000E5F40606D0063907D4FF79F8DAEA05FCF8
:1005000034F948FEB0072A054201ADF668F9C5F88E
:100510006FF30AE9E4FFC4F94EFEE913FCFC120A8A
:1005200041FBCA0474F233EAEFFDC302C0F8ECECFD
:10053000A612F81705EECAF90D0949FDA0EC6208EC
:100540004413A60BC6FD8CEDC30129F05C00750BAE
:10055000E1F877E2ADF972EF85F6BA09710468F255
:1005600086F348EB84EDEBF4360DB70134F12FFD43
:10057000D7E607F924FBE507810BA5FC2AF1190151
:10058000C2FE890A5D16EA192803B00706FE27F79E
:100590002210C71ADD01B6F294FFFBFE99FBE701BA
:1005A0005C083811DAF7AAF9930D8A0A45F1B0DF31
:1005B0008B0DE10C2E0527F581FE43F326E157F064
:1005C000B808A80900FF2B02ECFEDE0197ECCDF085
:1005D000AE039112B0FEADF68C040BF1EAF0A8F375
:1005E0001007EBFD53FC8BF8F704050501FB28FB16
:1005F00046FE12ED2801A8045AF3B2F86815440B20
:10060000A50F9606380A0D0CD2F84A0A3E0193EC63
:100610005B0CD8083DFE0DF18C0D5E0758FEA4FB67
:10062000E20519F607FED0F00FFE71FC0F07250357
:1006300058EB11F4C1E2A0D3D0086CFF65F633F695
:1006400016E300E17BDAA7D99C02D5F6B802F3F1F4
:1006500053EAB5EAE3F39B0D740119020DF6160394
:1006600055FFD2FBE313A114F00A12FD4B01E9047C
:100670007EFE7316321199F8B5097D06BA0952F15A
:100680006714930938FFBAFA7307A10496E290EF52
:100690003E135F176805470BFB047908B7EAB1E220
:1006A00096009E052F0E9A12DDFC860CFFED93E658
:1006B00096096A06E1FE0805B1F404FD2EF6A8FDD0
:1006C000880627FC3C00040627070516F202DEF622
:1006D000CA0EFAFA560AAC1307F343FEF7062F08C0
:1006E00063049F0DE61BDB201F0D36F3E70673E75F
:1006F0008F09D1140C0F970A3FF88B0F8F008407D6
:1007000095FEB7FF9208A3EE70F9B904EF06C5FB9A
:100710002FFF97F6E2E5DBD79010A80397FD60FE68
:100720009CF577E7B3DB4BDAF7FAD1F807056002FF
:100730003AEEA8FFCDEA7418CDF9B400480C951133
:100740005A08310AEC161614660288075A07A800E0
:10075000A413C714FC09C7EE430CD3021A01C2F05C
:100760007715F3047CFE300137F9DCF81EF654EE01
:10077000E9FCBEF7FD00B6F60105F309CEEC78E022
:100780001C0229FD73037C1917029209E7E1F3DCCF
:1007900037025E0F2505CA0323FE4AFB14EC9EEFC9
:1007A000BA0416F7C200C30FAFFAD3035E18C8FB32
:1007B000A603320DB112F40D05FD5E0E3F05531177
:1007C00035177712B9065E084FF8B70AF8FEF3E25C
:1007D000C50DF5133E074311740EA80565E770FCBF
:1007E0002BFFCA089E085301E4FE380C990DCF0078
:1007F000BBF1BEEE38F97BE955FFD1FD95018603CB
:1008000003EF56EDE8D023E58100AE04EE02840C40
:1008100029FE02FE7DEEB10894042403B2092A18D1
:100820007EF9EF14AB1057F8FAFC53FE2B0A3DFB90
:10083000990B640BB0F8F4EC3800AE0C40F41BF6E6
:100840000DFBC6FD41F669FCC0F73CF97CEE97F75D
:1008500046F1FDEAF606AAFD950BCE0A97ECADC36C
:1008600034E413F48CF9490B99110A0AA1CD6FF401
:1008700066F04EEBAEF689FB251CD30658F5A0F8C2
:10088000A2FCDCFAF200150DCB0902196D049AFAEC
:10089000660440F49004F60389EFDA135A095B0EFC
:1008A0005C0D5CFF7DFE8C10810068F8C903CDE80B
:1008B0002711E70DFD06EB0B820894FA3FF4F30DC8
:1008C0008C035D029D061A0D8BFD0AFBB6022011FA
:1008D00073F41BEC5BEEBDE969FB4901A9058100DE
:1008E000DCE52DF439D7E2DAAA0435092C12390EE9
:1008F000F9F900030DF948003F0E5012CA071B1406
:10090000D4028C00170400F9C20A4E0E05FE03F84B
:10091000A80626FD47E5B1F0590361063BEC0DFA48
:1009200058F8A4EF7F07BD07B6F67708990152F98A
:10093000CAEE5FE50B0A160AC2FEAB0696DC2DD99D
:1009400037EABEF6C3F9070EC9064221F6DE30EAE1
:100950009BEA39F2B10152FF4F115CF846EEAE0549
:100960001E080E05B8FE87159102611655FB4C0155
:100970004D060EF88A141CEED2000FFDEF10FC0499
:100980004E12B5F7B3FB270E5710BBF99006BEF118
:10099000DBFAE6FFE914AD0B6DFF930782E88B03EA
:1009A0008CF85F02320D9C1496FA6EF6580501FE23
:1009B00096F7BBF13CF61BEF3104D407D8F955018B
:1009C000BFEA0DF4B2E03FDE46FFAF096001680EFA
:1009D000F6F4630786F1AA0D9515BE06FD06A6FC82
:1009E0006E0B1902C5FDB0F51DFED80403FD3EF4E3
:1009F0000C059BF519F40AFCFB0CF9024EFCA00156
:100A00006FEBC0E8530BE704ECF9AEFB12F2A0E485
:100A1000DEE699E2B20834F51E102D0C88DEB8E24D
:100A200088EACDF652F1880BCE0F5A02C9E871FA66
:100A300007EF96FD7EF640FF2B1B3C135CFE390052
:100A40001202D0072A007207EBFF3BF7AE076613CE
:100A50003C04ECFD9D1254FE2204010375051FF9B0
:100A6000F205D0051AF561009A13CB0945F366E645
:100A7000FC09F1F943089601730833FA90F678FF00
:100A80005A0922113B0F6E13D7FA5B0250F618F584
:100A9000C30396F8D618F5FB2DF58FFED809B810CC
:100AA0007BFCCC06D0E5EBEFA9FB73104417B61620
:100AB000C9068A0D2D07A90FD80BED036D032DF480
:100AC000FC0DAA01FEF7B8EAF202F6F91DF1E903FE
:100AD00047EB6AE58AFD7EFA40FBF3004A04C0FF5B
:100AE00022EF14E45400140B97FB71F78B0792F27A
:100AF0008EEACAF46A0786F2B6022D0015EA54D9C6
:100B000066EC3DE125E83505130EDF1B92DA3AD29B
:100B100065EB2AF646F7D504590E2E155DEC88F4E0
:100B20007C02B4FCEEFA241B77FC7500CD0710089C
:100B3000B109C10A0511AE0CD5FCEB14FFFF310C55
:100B4000220A7DF783F533015F00220F5AFB00E391
:100B500042FFE30D1B01C907B704FC0A7AEDBBF99C
:100B6000F80E2DFE4F149A1A18FD0BF16EEF9E0E23
:100B7000D3065F0A4523161D17F085FE7CFF32045D
:100B8000A210110CB20F9D0736FB36FCC908F80401
:100B900088FC89024EFF2F07B1010CFF3F041107AB
:100BA000EB0C21F313FE4CECE405AE0DEF0B380219
:100BB000F0F657E611FD4000F60782FD6706C01308
:100BC000780191FB1910E70D8D00BC00D709B2E246
:100BD000F50205018D04A0F4CEF26AFA9AE6CEDEA3
:100BE00029F992E1BEF31D03F80A96FDFDD451DF09
:100BF00044DE4FF439220818790926185CE4FA011A
:100C000004FE8F0AEEFC4F0B23098D1516FFCF094A
:100C10000408A20DD40DC60FE5015A016BFF4AFD71
:100C20008A05C4023AF14C09D4FF7206280228EB67
:100C3000AB0AAC03890FF40B63021402A7E7C5F2F9
:100C400033061A004D19CE0D7EFA53FC7EFE2E039C
:100C500022074EF8F71B9511CBF3FBF3BC0A3E0AB3
:100C60002A0779FBA8092D0CAE02E1051FFF7BF5D1
:100C7000E7F7C206AB09E906720AD40881FB4A020B
:100C8000791192F9C3069702FD0ACD05DC06DC0551
:100C9000F5F7B7018E05D70970FCC1FBEF0CC60F45
:100CA0006A09C70AFE177C10B1081BEF020359F14D
:100CB0007204CFFE901BFCF206FD2EE99ADD4ACBB2
:100CC00004EBEADC60F4A90787F07EF84AD017DD70
:100CD00047E8A1FBC61FDE05C8FACFF992D83AF85B
:100CE000B3F49A0A83FECD035FFAEAFE0203A0FE84
:100CF0003CF5AE013D12CC0E3E10520A3DF2D70437
:100D0000F9094B0F90FA710DF3F8BFFD38FD76EB42
:100D10003E026104F1112B0FDDF450EF27DD48EAAC
:100D200070FA410539148620CAF3FAF60EFBB20DAB
:100D30004B09D9F8C206E811E00068FF880675087B
:100D40008102F7FC680B3E0D09FD5107DBFFAE0089
:100D50003806200C2407460BCF056A0D03F8D5F49E
:100D6000F6FF690324F97B0A3F0DA90B0908C8F5B2
:100D700061F9BE0AB402910FCCFC76FDC712D919F5
:100D800017F8D7F5A30731FE90F4BFF52B1032FB0F
:100D9000F2072AF37105E9FFB0F862F2C0E664D900
:100DA0004EF9B7EBE6F101052AE854F500D26BECF9
:100DB00097EA0FFC3B219DF6DCFE25EC71E0A6F0E6
:100DC000250945049F03AAFBC3F94FFEB6004DF762
:100DD0005A17FD13680AE81CFA0EAF0518F7EAED7A
:100DE000BA035A049803B30BCDDE29ED7201F7ED77
:100DF00067112C144412991F18F249F5B2EBE7DC85
:100E00009A037900F61428170301C7F7ECFAB11119
:100E10000CFC38006E00C403EEF7E9FF26202B1906
:100E2000B3FEAC098500870C8B067F0C8C0613FF84
:100E3000C00F050DF30F400FF518BFFFB2F31D04EF
:100E4000430BE8FD140C52083F08F6FED1FA87095F
:100E5000A2016BFE1D0AAE02EDF308F1F50CDD08F0
:100E6000CD0168086AFEE60566EEA7FE1B04D30204
:100E7000A610F3FDDCFE510410F3D9F50FE85ED6A1
:100E800090F79AFAEAE74CF307ED5DE629CF10EC0C
:100E90004AFF71F277F8A1F8C0ED13F2EBE4FFE737
:100EA00065FEB80C9001F601E9FDF1052B02490839
:100EB0002C04B6FD52FB8E25110921FCBC0264F303
:100EC00099013603E30C7E1315DB8FDC85005DEBA7
:100ED00016093116C01D3E18CCF303F22DEA5FEA65
:100EE000A004E707970DAAFC49F5F5040B067C0959
:100EF000CDEEA7F826ED32F1790CBD0865228F1DE5
:100F0000F706E4F8ADF185FCEA026F0CDB10B501E1
:100F1000DC0DDD04020AAB165E06AD1263F0A20121
:100F2000080E2EFB290D9509190AFDEBF201C414D8
:100F3000550328FB6AFCC011F9F5D0ECD105E0039C
:100F400049FE28FF140CFF0036F4CAF6EC006CEAE8
:100F50007C027CF4360A3203B4F4500355E932D2F1
:100F600073F41EFC3CF359F178F825E086D0ABD73A
:100F70003BECE4FB2A126FF5CDFE880212DFF2F69D
:100F80009CFCD202ECFD17FE560017108AFA340CB6
:100F900044F7B8F4030A2820220A020B09026F065C
:100FA000060011031D21371024F6EFF24FFFB3E8BE
:100FB000A604650DBE0A6F0C3DF50EFB76E23BE71D
:100FC0000901DBFE03FD1BF946FECA059EF96F0D04
:100FD000B601F0ECDFE4C4DBBB03ABFD8D0DF81212
:100FE00071F0BB0D53DF10F50E0984053E10A6FE0F
:100FF0001309740DCA0A12129313C30BEFFFE5070E
:10100000250CAC039A11AA0D09FA20EFA611A80924
:1010100015F490FEC107B4F7D6F7F1FF1EFED2FE1D
:101020000CF9D1FE08FE5B0FC5FC9E086F02DCF2D6
:10103000B9F679EDDF07E3074206A2FA90E496DB02
:1010400032F874F9A4F68E063CFDD9F5B4DAF6D080
:101050004CF98BFD8716B0FD160286EDD6E48803A9
:1010600010F1520C8A023AFA0A0A0206EE090FFE41
:10107000360007049710E31AF80D3BFD140A00052B
:101080008402E30B022B35127BFE41F6B7079FF378
:10109000A90425FDC60185EFE5F7DFF4B1ECA1EA6F
:1010A000C301EEF3D7EDBCE785F96C08E4EEAF10B1
:1010B000D2F03CF8FCCCDFDC4FFDD6FB3D0E01024C
:1010C0008011431551DC92F6A901D2FE870DBBF3C6
:1010D000080EBF099AFEE30D6F09E301BBFAC907C9
:1010E000F1043FF8D313E105B8F637FA1805D70B2A
:1010F000A700FEEC9F022EFE1DED7501FB0A3307D3
:101100005D0676FCF1FAB6FADD08F0011FEF5FF23A
:101110009BF4B2E6AEFF57FDF806AB030CE89AE18C
:1011200064F80CFEC20C39FE79FC2D03F1D1D3D743
:101130004EFAA70227FB3900A402F5FCE005D0ED2A
:10114000B3FFB0EE69082E0EFDFC5103A2F7250E89
:1011500050F071081C082D0961FFA4F5140CD6F895
:1011600061FCFFF7D417EA15550354F5B30387FF65
:10117000B00703026AFF6EF35BFA1F0150FCACF389
:1011800008F63AF5ACF9F0E676FA8F07D6FCBD061C
:101190002DE8FC01C4D685DD26F811FC7D029706FA
:1011A00051F2880593D502E7E3F78201930CEEF044
:1011B00021073604C202BC0C9CFF7DFD68FCE6F6EC
:1011C00067067A0987060C168B004BFACB087A0261
:1011D000280929F953053C00D3F641F91E02F6FB14
:1011E000F9F67805CA058C063A007405B2F080FD60
:1011F00091F21EF99B0091F8C4F7760516EB0BF8F7
:101200009BF022F080FB8CED85059602C9DCE5DDC4
:10121000C5F74312F20A15FF8D002501F9ECF6FE21
:10122000540021FCF006ACFBB2FB9AF65FF8C8064E
:10123000F4F8AAF8A107080817ED9EF4BDFA96F293
:101240009DEF16F4A102EBFAC7F4EEFBF8031EFDC6
:10125000A803D80510F987042007F5096A024C068F
:10126000A4F187EC0EF2D9E3850D6AFE20F688F032
:101270004DEE5CFC74EE64E293FF63F3C4F557FD3E
:10128000ACF9E9F9ABE295F89E06DE082AFA7CF79C
:10129000AC0DA3070702C3FC4201BBFDAB02B007C4
:1012A0001406F0022A05DA03A80122FF600A51FBA6
:1012B000280165F781FD1FFC6FFB74FFEAFB28F72F
:1012C0005DF87AFB4406CA09590B65F7CDE411F0C5
:1012D00061EDBEF541F81EEFAC0E1B0A14FE95FC45
:1012E000CBEF4BEED8F6FEF137FA7CFB4AE85CE731
:1012F0008406E800B904610834F14D085505D9FFAA
:10130000150C1005CAF5650232FDC5FD75FB25F506
:10131000F402A3EC62088205C5FDBB01C3020EFA0C
:101320007AFBB1DFE9FD3DFAD3FB610A3BFF15FB18
:1013300044F0E9F85DF77FF9C31BA10BDA000EFA60
:101340002807DF040AF99DE2D307D105E3F601E39C
:10135000B4FEA300E3EF8EEA3101BAFDD4E658F201
:101360003808D8084EE3A3F25B03E40016FDA4019D
:101370004F161D098FF1E9FAEF08AF09F5009E0538
:10138000BEFF3509DE0BED0472F62CFB9E0A7D04D0
:10139000D7084DFFD1FBC3FDC1F92EF9E7F98BF555
:1013A00001F844FA4FFE2D09EEF8710D70F542F286
:1013B000950498FCA705E7FDADFD060626058B0400
:1013C0003EF3DCFA45F423E6BDF23BFF20E7BAF634
:1013D000C6FE78FF7709D8FA53EE3FFC22FB66F68B
:1013E000660D6CF776FD4D02220160FA4CF66E0434
:1013F000DF054CF77FF6150C090252030EF91507AD
:101400009FFF92F9B6FA4CFC700F7F114AED27004E
:10141000E0F07FE8DF0341FD480C021824F90CEEF0
:101420004A0024F8D1EE40EF4B0D01023CF5EEF1FD
:1014300006005A0444F60CEB95F5BD04C8E93EF2EB
:101440006601B40E09E30CE7D2FABF0388FF10016E
:10145000610C3C11F3019907BA03400085FC82043A
:10146000E504230A62FC2406BCF5DEFCFE0D470100
:10147000AD0355025004A8155F00BC05B9F710FA7A
:101480000700EF0DB9068312840C70FFD7FDC6006C
:10149000790571FC33019DFED70313060C0AD6FAB9
:1014A000E7F425FC650EBFFB5F017706EFE43FFE26
:1014B000141046FA3D1094F6A4F5C3FEFB079F07EF
:1014C000D400BA000F0034017709420357063AF8F6
:1014D000C401E0F848EF070522FEE2FC2AFA76078D
:1014E0002CFA77ECF50134FD3F06D70FC20356EC1A
:1014F00097FC21F7A0F3C3FF8F00950B38F4A6DF0C
:1015000023F20500BE09EDFFAAFD1E0A99DE70DB7D
:101510008FECDEEF31FA64E098F9C905E1F357F892
:101520007C0A8B06CCEFCCEC59FFB31114018AF87E
:101530002D16DD04A0F73700C0FDB4F6D104D4F9B0
:101540006FFE730FCE0D010BF203BC0065F6CE06E5
:101550007D0B2414FF14BE081108DDFE0F0734FBB9
:1015600092097609930DBD11FD05F203FA014AFABD
:101570005C00CAEE0FF969F2ABF4F3F968F9D3FA3B
:10158000FEFA74039D0492F193FFA2FFB7EC3FF2C1
:101590000C09160433FC55F9C21137FE64E83DFE10
:1015A0002A0A820350054F058803FCF5F1055DFE0C
:1015B0003CFBDAF537068B0A41FAF6F99AF980FA1C
:1015C000A1F430F803FDC7F66BF2ABF21C067F0105
:1015D00060EF26ED8602D803EBFCD40372F122F211
:1015E00008DFC6E3C5FB7EF60EFC3C0407E3ECD542
:1015F00013E810FC98DAB4ED2C0A240915E735FA43
:101600008AF60307D3EB07E2050F460C65FC64F688
:10161000E5FD540834F5EDFE1E088D03B0F15F05BD
:10162000A30C82F1A202500CA5EF18EEDD064614C1
:10163000EB0A23FFD505381E3CF5070308FFB0FC75
:101640008E02160DF106700F17FC99F3FAF8F3F6F7
:101650001B0F3204480960E76C0120F7A1FF460325
:101660002DF3BCF4FAF077FA5DE41EEB71EBB3F303
:1016700076F65809D9FBF206110665041CFD0DFE2D
:101680003D03A8088CFFD1FFB407C9FDB7FCE903EF
:101690005704C2FD71021411CBF7E9FB340295FB2C
:1016A000BC027EF7C60314F40BF853F08716CA1F6A
:1016B000EFF981F9BDF494F35BFCF901D806BCF6AF
:1016C000CAE89EE0EFF363EDA3004509D5FB24F2E1
:1016D000F4EDFFFB99CB80E6AEFB41F4E7FF0E1281
:1016E000CDED96ECB9E2A5EE23079BFF2517340A52
:1016F0000AFDEEF6C1F3A4F50903E906550A9FFEBB
:1017000031F08DE9010DCE185D013DFC51FE25063D
:1017100096F7D6E4D11BC80E5B05A5F8770E49F9FC
:1017200052FBF8FB75FA80FEE8F773E638F5D5FC56
:101730009BFC8BFC6007550B23EFE8F9AEF3BAFE78
:10174000F0EEECF19BF262F4850144F8F70666FDD9
:1017500058FBEC0615F75B0190026B0837F4C8FDE7
:1017600030F616FD17FF4700BDF85C0594091CFF15
:1017700078FD53F644FA76F5EDFDF9001E07DC0B13
:10178000B3FB5EFBC002C1FB11F1E6EB86186313ED
:1017900031016CE927F3C3EE6EE39DF86023501B23
:1017A0001CED09DAB9E7A3F4C0FFF2F5E308C413AE
:1017B000A4E6B2E313E86AE7CAF49AF6EB12EB0385
:1017C00098DE28E641E98EE286ED40F5F1149811A5
:1017D000F0D057D89AE8F4E53EE295DD300F4C02A0
:1017E00030D5A6DCFFF6DEF7C1E388FD8914611869
:1017F0001BDCFAD016F2F4FB77F174E435226500B5
:10180000FEDF5CE6A5F150F2D5E3ECE1881CA70F02
:10181000B2EAF1EA260644EF5AF4D3F65F0A180E4C
:10182000BCF9F0FD69E756FC2F09280BC207E9094E
:101830001300F0081EF997073A096C08AB05790404
:101840006F09BDF525FAF709B0FBEAFDB20406FF02
:101850000601B8F9410552FB4702930023F8B9018C
:10186000F6FB64053F0A3C094B0B340E58FA310471
:101870006E01A1F7D4F57E033E05AFFF000EBC0F4D
:10188000B3F351006CFDE90446FAD4FF830C3D1418
:10189000C9F14EFA3FFBC005540174EC2906F9FE6C
:1018A00014EA37E878F6930A22EFBD0BBA0C510818
:1018B0009EEE0AE375F9490143F333EB8B209C104C
:1018C0007EF30002620A2C1207005C00C113731839
:1018D0008F04AEEC5907E803D0F04DFA64092712E3
:1018E000820436F5ABFFAF04E2E71EEA14FFF1090C
:1018F0009101490887129D1AA1EEF5FEB606A0F5E2
:1019000023F8C609B6F93AF80E01BBFA02026D08CF
:101910003C08110AE8039FF5C4FFE7F9B6FCFF088D
:10192000D9F79B00B0FD6AFA45FB58FF50FB110642
:10193000DEF54804C7F765F7CB09DB0837FDDF059F
:101940007F025CF65E080BF97BFDD507740AD304B1
:10195000FC098904A903710A21F79E02680551FD5B
:101960003BFB99F7ECF77B08A704AFF874F6B2FAE3
:1019700095F61C07B20712FEE803FDF594008509F1
:10198000560C0101B909410235FAD009D6FD94047B
:101990006DF63EF841FA08F758034B080A072EF790
:1019A0006F0AEF05BD035E09EBF67C0628FFF6FA29
:1019B0001A077EF91BF752F75509D20735FF9B042A
:1019C00053FDAB093EFB54F9B7026FFEF504E7F592
:1019D00084FAE3FB0C09050AD404ED0452FEB102BB
:1019E0005EFD6CF8590140FC6F043BFFCB04BBFA71
:1019F0009E047C08FF02F002C2FADCFA85F981FF3E
:101A00009209B6076D00AA08A1FCD2F53B0535F98D
:101A1000EC03E9FB53FDD4F730FC1309C403CD00FC
:101A20003C04A4FB16F8B5019005DD064CFD5104FD
:101A3000C1053211C3F70F00A70AD30FC5FA490435
:101A400028081113FE0E430E320A3701B4FF95FF2A
:101A5000ED09090DEEFAD814F502D500A4FC21FB1E
:101A600033FD6907EF00B20EE9FDF5F43E02ABFA73
:101A70005BFDFF168A0030FA5DFF0C01B002970192
:101A8000F10E641639F84EFAE807CCFED90DFA0DBE
:101A9000C7192214060E7C085F0AA50559FB8DFCA8
:101AA0001514411107FEE70E0A1302027A0588F7A2
:101AB000D7102F09090672F68D071E0A6CF8ED0182
:101AC0009EFD32FA70F6B400EC00420A5CFCE402BF
:101AD0005A026A006805E1F532084AFAE8096DFF22
:101AE0009C08F308190643F782F70D0A5AF7B40069
:101AF0005507E8082007860AA5F72FF6100A00F513
:101B0000E00BDC038A03B104D0F966FFA9F94D01AB
:101B100024068707B100170C810A9A0ADB06F3FF37
:101B2000B2170110ABFFE2F9FE1DBC2A9807560A56
:101B30001810911EE40BF3072B29D719FD06B10FDE
:101B40008418CE139BEE5AED8F1C5B039D0A36F76B
:101B50005625B21B56EEF2F37A10320D77FBE0FDFC
:101B6000B3077FFDD90957075D004BF787FE9FFB41
:101B7000D5F6D3068605B001C2FD55F005008DFFF0
:101B800087F62D0B81034B16C907B416E0FE68F0EB
:101B9000CDFBA8F6EC0DC017B70C8708CFF73700C0
:101BA00074039504F7FA38F64F0A0108950AE0FA2B
:101BB0003107EBF6A8082DFB8FFC1BF817FC620A17
:101BC000EC07F4F807FDC40079FBBE0908F80BFD2B
:101BD000E0FFAD02F30421F662F236F7C7081F0CEE
:101BE0000AFB061738F44B0058FFB912ABF99C00FA
:101BF000441E9011F1072FFC37174010D401AAFCA6
:101C0000F3F8DF0475F9F1FB400DC10D390AF31843
:101C1000F301A5FA4F04F7EEF91555178310AB063B
:101C2000EAFB7F04D7E8F1FC100C7A0F160CD1FE0A
:101C3000BA0717FD9302D60CDAFF1709F00178EF07
:101C40003B01B704A4090C038BFFA70342F265F123
:101C500005009CF1E6192A0EE3FF940031F53EF8E9
:101C6000DB05E8FDBFF86B05EBF21AF985FE6108AC
:101C700004F6C3F7F9070619FF085FFD1A0678F1A5
:101C8000CBFD6E0AAE13BDF807FBDEF3E3F545149A
:101C9000CD01060A0F07C9F8B80689F8150E11FB21
:101CA0008E0146FC080A0B0988FC98FDF006A00787
:101CB000A005ADF92AFA67FD0FF6B4F5B8FC88F176
:101CC000E61B911E3A05C1F13B0D30160BF879FD6C
:101CD000711BC40A93EF32F3581158FE9C05BAFEEB
:101CE0004F03FC008AFBD8FE630D770D40E69F0191
:101CF0008EF2C2FA1F01E3FDCC06B6FF820945F958
:101D0000560624135AED2E043404E00287FE74FEB6
:101D1000FD06FEF59D0D08099A05F4FCCFFB23FB9B
:101D2000A6E101DB4016FA09540D5802B9F6100875
:101D30001EE80BF53E071308CDFD4BF7151019FAF9
:101D4000C1DEF6EC37FF6FF939FBF2EB36084802DB
:101D5000F8E1E5FDA4FF8DFE15FDCFF54B0BE20D7F
:101D6000E3EFB9F4BAF70EFA26F1EDEC7B060E0AB2
:101D700098F3D907E903E3059FF42011E70F7CEFFF
:101D8000D600800239F996037CF5A5F81A0679FC8D
:101D9000400AB60F46F620F9F605C8FDA20E330537
:101DA0003C17BE1A97F45BECE41B85062FF2BFFAD2
:101DB0000018150C4DEC51FCA0033F0965E76EFAC5
:101DC000290B8F0BAE080302A3FD9000D4FB27FB69
:101DD000D203570986F4D5F6BEFB3B07690491FF91
:101DE00053100EF957EFBBF9FFFE33FCABFC270392
:101DF000EAFC240115FE7FFD37FBE20A17F5B10569
:101E000042F3D0DD2B02980D45FE63F872FD1401FC
:101E100096E13DDC3D0A73028D02B60645FB4FF7A5
:101E200081DAB0DA6B0C770E83FD09055C06F216D9
:101E3000D2D99EE830F904F7510427FF5C14A512AB
:101E400062FBD4FC65FF19EE0B019FFC66060A13CA
:101E5000CBF853F94F0F4FFA24038CFDD609D7F96D
:101E6000E9FEFA03EC051F006005F61020004709A3
:101E700081F53E0654F759FCB3FE7800F2FEFE0CE5
:101E8000220AC0FD6E00EEEB580B66FE72FEF8F300
:101E9000EF09B80284FB170DF5F969006601A6FB8E
:101EA0002213CB0740FC65FCCAFC21FB30FA150865
:101EB000EF0A8BFCA9FDBDF04008DE074B076AFA6C
:101EC0004BF5BEF5D9E83EED450A6F03B6FCED08CB
:101ED00033FCF10880FFB0F64F08EA0A9A0182FA53
:101EE000FBF85CFC6EFE020B4302CEFC83F505FBA7
:101EF00022F62EDA5A05800685FA3EFA2EF7FBFD09
:101F000081E5A1FC5408E5FF41F80303A4FA200988
:101F100004DCBDD9D016150A56F52F020B00EF0AC6
:101F200004DF8DF1A2F25003CE02D30776123915E9
:101F30000BF498FA11F0B8117DFD61FE47FC9AF29E
:101F40000D0576049BFA1F0502F72DF9C9FBBE1893
:101F50008906161440F26BF046FF8F0167FD4D04B1
:101F60006E09A5F89BEEE8F3AA1B56068407D40574
:101F70004FFE48054DFB87F0CDFFF7F5ABF3B301FE
:101F80006FFF0E0E0BEC20FB92034AF57F08960EB6
:101F90006405CE023BFB29F5E8FE7103B900220C73
:101FA000CA0B51F9A9F480FD5008FF082D04BD09A2
:101FB0009500C505A9EF35F932092107B70BDCF506
:101FC00071042407E4F51E02E5FF97FCD5FDCE0061
:101FD000BFECCBE347102505C9F7FF007F022C10AB
:101FE000A6E384F25801060620F9E5FB36057705DD
:101FF00061D70BEA9D14C805BDF79CF56815610C07
:102000003EF3A4FE12F9FBFABF051A0526066A097B
:10201000BFFFD8EFA5FF471386FC1700B5F9EDFC0D
:10202000A303D21E1F0AB8FA92E4B5EB0007960E7E
:10203000F8F47E07B4FA62FA66FF75FA6001940755
:10204000080DD9031EECF1EF050E65031302A2077C
:10205000D2F9EB08FDF1E2F424023BF766016C06CD
:102060006A0D32071DF3DAFAF3F5F8FEDC00EE0331
:10207000B50676F9B8F94704ABFE70FAAE15DC1078
:1020800095F94E0A41FD8A0A19FC41FE94052C116E
:10209000DC19EE09AE01DE0ACF0FE4F94B1ACE14BB
:1020A000190B3BF80208C70A330517F6CD04AF0039
:1020B00010F3FFF2A500B0045CFC99094E0AC215AA
:1020C000F5ED79F23B0DE6037DF566FDE60CD40CEB
:1020D00002F527F9840FA5037AFF0EF3A31ADC1A81
:1020E0002CF21DF7010BDDEE9CEE65FC570020097C
:1020F000F90412F00FF8D0FEC2FE25F0A403101868
:102100006C0436146AFFC8FA33EFD3F32E0A641353
:1021100066FACFFE02091802D206B307410EFEFC92
:102120003017CD0CD9E282EEF203830A610B1C0E4C
:1021300035076E10AFED47FB2000FFFA9510DD0C60
:102140000E001BFB9804C5FBA6FF4DF3E204BC0A7E
:10215000F00BB2005011F10AE6FF30037F05C815FD
:10216000BF0F5B0D31127309530568FF3A170C1E40
:1021700010135B06EFFFD404CA0E51FD8F1D111121
:10218000B0026FFD370BE9050D0A4C01CD10C308F5
:102190003BF5BEE867F5EBF79CF160F9D911D7097B
:1021A000ACF4BDFD2C0A8A01F704A6FB880D9EFF46
:1021B000A00295FA44FB580F20FB3BF4D1043A0BE4
:1021C0003003BAF4DC1AF10666E165EF720AAD0677
:1021D0003207AE136CF723F88DFA89EBEC016E032E
:1021E000E6153F149FFEA90329EE55FF39050804A3
:1021F00049FD7DFCD802D706FDF319147801E20BE6
:10220000DCFD800E63F9AAE8430500069B11021A63
:102210000C08B4128AFF4EF978FCF807570BE11648
:10222000FA0549FCACFDBA023CF7DCF39F18E41157
:10223000A911BF0A86088D006AF215FE6811270AE7
:102240003907E3138C156C0397022707B8036A0C50
:102250005B14050E91188711E0FCBCF92FFD35F6D3
:10226000300A0CF72B00A904A003FB059DF7B3F27D
:102270004BF911E77CF832FE46025BFB28039FFA1C
:1022800016FBE1FE1B0B0CFD40F77AF612F59CF0F5
:10229000040F7BFC9A017D0D7BFE610AA0FEAB0062
:1022A0002AF279024513A8FCC1E06FDFFDF31B01A0
:1022B00011FD4109E5FFDC0204F85BF64E05C2079B
:1022C0007106890CC3FF8EFEBBF4C3F4FF03EA045E
:1022D0005214D809080292075AEF1A1277FD1B060A
:1022E000F8046F0C8DE1B0F001093A09BB10EB2244
:1022F00058004706F8F92E08FAF901FF43134D017B
:1023000044027406EBFD5E061FFB1CFCDAFE20F2A5
:10231000800C280071FD4CFD5DFA31FA6EEDD2F0B3
:1023200075071FFDDCF27AFA74FE2C0107E449DC24
:102330001B0520077D0BFA07C7070A0313E42EE7E6
:10234000E8013504C20D710387FAE5F8D7F141EED3
:10235000480101FA4F08FFF752F8C1FB42F707F3B3
:10236000C701370C64F3C70135FEA50255E8E3F356
:10237000CE11A201D9FB0E11AF02EDF75AEDA8F96B
:10238000A7DFCBE399159F0DC8EEBCF525E3C80088
:102390002DE15A108C11A30E1AE2F5E1F30EF907A4
:1023A0004D0B11FE660752F53F03E9000501F504E8
:1023B000630D33FB4209EE0BF6F24BFA300708E9E6
:1023C0006C0FD8FE73EBDFF7DAFBEF08560A01FF5C
:1023D00084FF99079F065B143206DFF022EED8F7E0
:1023E0004E0CB409BFF4D60AD2F5CE0A8FF367E6D5
:1023F0004F026DFBE8F775FA6BF85B0216EE53D9E6
:102400005EF502F76EF57006F7081E1492DDF6CA47
:102410000F08541BC91340FEF10BE8FA24D76FE6EE
:10242000441B1A12ACF6AEFC7809600909F19CF362
:102430004401AC04B3FC9E016B076E07C7F95EFB59
:102440001DFE2409B0FACB02C90B9A0AC7F844EB67
:10245000D709C1059805E4FC45031A01D9E90DEF38
:10246000DAECEAE0F00AFCEEE10A92F582F21DF7FE
:102470001EF33018FA0417FCE6F387F4D30935008D
:102480005708E2F808FF85F96F03BFF9ADF693111D
:102490005D0E8005BCFE9406C9EB1EF2330A24F0E3
:1024A000BD1AF1F5CAFDC7F3100264FF57EA8AD9D5
:1024B000CC01A007A309D805F3043AF2BDD8B4DCD7
:1024C00051FE1DF9CBFCA8020B07CAFEC2EA2ADEA8
:1024D0005FF972FAFFFA57FCC706F90580D92DD8C3
:1024E000FFF4D1FAA209D80B2508E00B42E402F36D
:1024F000E0058C0F5103ED08070B15FD6E0382F00C
:10250000FD132017DD026EEF3D026F0687F77401A1
:102510000413F3FF6AF490FB370BA70542F7A2F10F
:102520002707320E06EF59FF04020904EFF62EF2D8
:10253000E801541069073F1148043C0486E249E76A
:1025400014FDF2F7630335FB501BA0157BED5D0115
:10255000FAFBFB0870EB2805DA15AA0CC4063AFF53
:10256000E7023906A90E3DF9D2FB9B08140B81F650
:10257000AA187E0DD9F2C5FA4DF69B000B04C3DDF7
:1025800048FC95FE1804F00316035FF776CD86BD70
:1025900067F3FC009209940F3A076FFDAACC96D41A
:1025A000D6FFDD01C7FB84F6A3F950FFF8CDD4DFD9
:1025B000CD0833007007E2025DFDA0FB8AE2D6DBA6
:1025C00080F007F83310A1173D16031DB1ED7FF918
:1025D0000E0B2D0FABF652FC2C09090FAA0463F861
:1025E000971A781547EDA9F5530FE60B890352F0BA
:1025F0000C07891083F44DEFF60C99FD6504CCF6B9
:102600004C08010BA802F4F90B00930FC3F6FFFB73
:1026100061045B1363075001170954FCA8FADEF448
:102620004E058DFE3D0D850AE403501A4AF54CEF28
:102630007F0E7C049EFA0C00311D660B0B1B0A0BEF
:1026400064F775FF5507C2032DF28CF9440C900016
:102650007A168A1720FE5EF11D0154FFB9F57DEF51
:10266000C9F426F5D00A601503FFE80896DB7DDD86
:102670005CF8BDFA4F102911390E75FEA1D760E143
:1026800013FBADF5D60CA6FF0108010515D812E61F
:1026900020FDB501760006159405D9FA92EBDCF120
:1026A000C6F1320AEE18BC08BB05B82007F7F503DF
:1026B000880F970E2CECB1EC1820400BE8F97EF255
:1026C0001C0FB30628EE68F107097E022CF832FCD5
:1026D000160152074EF39DEEAE00600FB7F6C3E948
:1026E00032137608D500C2045B062F1099ECFAFD70
:1026F000310E2A0D56FE080B0A0B49F7EAFBFDF1D5
:102700004B04B6FC9C16A7FC2E053210B30CB30E7E
:1027100037F3970624E82BF45F0D571842131F0E6A
:10272000A8FF85FDEDF75706DD0218FFC80670F01B
:10273000171389F9C8F509F594094FFFCCFEC1F8C4
:102740002D030AF827FD07073F1004FDC7E0AEDEA2
:10275000BF03020DA2FFF7034C043CFD8FE5C7EA5F
:10276000660C160B3E08120D37F9BC0A63F115FE14
:102770006BF7340395141D0F05016C0CCAFDDB00CB
:1027800094F486078A0F49EA8913DF1D230C661427
:10279000C217B70DF5DDCDE47D148612250A7EFA49
:1027A0005C128101ECF7D7F4D301770A2CFE98F282
:1027B0008A0C20006BF8ECEC44046F0F8BFEE602F1
:1027C0000F016F09CCF0C4F4CB0BC802A902BD0302
:1027D000A7FDBDF8D7F35D045300260380F8B502CA
:1027E00075079B04690E02F1E10CEB246B02D81013
:1027F000A70362F3ADEEA2FE1B17B005DD0CB91501
:10280000C702E102D3058902D9F90109B0FE4BF1F3
:10281000CF04FE07E4E5A703C2068502FA013603EA
:10282000B0F9E4EE6A0259FCDAF5F90548F24CE930
:10283000ADF6D9F39F071704D1F12C08CBEE74EF56
:102840004CF561F5DD0D2A0A99024A08B907040022
:1028500064FBE1F5CE1F57158809E21171036EF98B
:102860008CF3080E660626E358096F1C0A0405114E
:10287000F61A9E1977DEFAE8BA064A0872011CF6C3
:10288000CF01D40BC5EE91F73E085F0BF4FEF3FDCC
:10289000E3022E0200FC1BFCDC052D0CC4029DFB98
:1028A000B4FE7E0D59F5A7FB56FE9BFDAEF34CFF23
:1028B000F209BF00020306F89405A30310039BF37B
:1028C0000C00E21536043BEEEDFF881F99F9DF118D
:1028D000C7FEDBEFD9E73C08920C640F8B10C51ADA
:1028E00039158F0151104D00C3ED420CF8FBE5F98D
:1028F000260C0B0120E8A0EC8E07200DDE028A09D1
:10290000050605F546076BFEE0F60AF768011902B1
:10291000A6F752FAD207C805820900FCE802430371
:1029200011F362ECD5FC8D03A60CC3FD190BF4F773
:102930007BF231F0B50465F6C5FD790E2D020B046E
:10294000C9F97510C7EB2CCFF008DB099107CC0D46
:10295000360D080F5DD83CF4720E1DFD1D0DBC092F
:1029600072FEDEFF9E0398FCD0061F0BDAFF7B0889
:10297000541044070AFFEFFE0E040C0AD8003B086F
:10298000F5F9ACFAF5F7F9F5AF009C06030313FC73
:10299000CCFCF6F4B8039DFC6707F6FB04FB1902B8
:1029A00024F650211AFF45F6ADF12408250B0D0C35
:1029B0001417890CD4F9FF011E0382102007FE07AB
:1029C00039081C10B900C00788FC52F4D006EAF799
:1029D000040AF6E1BCFC87F4D2F327FDB312E81732
:1029E0004EF1DDE036FFDA052A080C0B70202906CF
:1029F000B8EF94E988FBE9F92CF6B0077309110BDD
:102A0000A7E5B0E3F4055AFDC0F44BFF150BA30096
:102A100080F140EC760857EC52FF950ED1FF540838
:102A20007BFCAE0C04F1FCE78E097304FA03031877
:102A3000C216EB0D63EF8EFFCF0A83089107F10CEE
:102A4000B3016BF93906E303100852FFA7021C0318
:102A50005804FC0067FE91FA610141FCC009C8FE00
:102A600032F67004E701A2043BF485FAE8119C08F1
:102A700059F690EB5405D6059310660B2E0B060401
:102A80001EF2CD086B0726FB23F46A026D05700861
:102A90003E01941166FD14F43B17CD0A550B460117
:102AA00034FF66FED3029C01A9FF60F37006EF04B9
:102AB000ACEDC7EAF003680005072F0A051D1B22CD
:102AC00038ED3CE3AB0502F64800BCFD8E13770CF5
:102AD000FEE27CED23029DF7A401C10B5C15EA0A1E
:102AE000E9F295DF8C051B0CE304470A0018481235
:102AF0009EEE44F5A606E608CF0E52FD9D10420953
:102B00001304D70A50FE090452025205790D5D16CE
:102B1000C807EB0369FA56FCBB0D57FBFC13DE1626
:102B20008503020852FE11095301E7FF5100E50435
:102B30001DF95EFDD7FCA10B870DE2082911E0FF0E
:102B4000C0F051FA1611C700040CBB016609F9FD6B
:102B5000F0FB0DFADE0BF4FD18FA0D0CC7FB72FF4B
:102B600084F45F0025FDA2011F09ECFA9DFCA50875
:102B70007E027204F0FCBD05840EC9031A0117FC25
:102B8000B8FAC9FE7E0125F49204240D5EFEF4001D
:102B9000EEF4D4FD4FED300D94241F1FD6149E1B70
:102BA00096F316EE4506D0058904E40047209311FC
:102BB00082E920E4460097024DFA1809D90C7811F1
:102BC00010F07CEABBFF4908660EB8FBD20D5C0B27
:102BD000A5F751F6CE05C609B9F9F0FC430F60041C
:102BE0007009BB01550EE203E801A90CF61310139E
:102BF00093FFBCFCF400C403DCF87E049C05CB15F9
:102C00009F019AFB0F01470337060BFEDE01670F9A
:102C1000E5FACDF140060206F7FA2FFD7B14DB0C36
:102C2000A0F6DDF2E40CAC0638FDC3039806BD0047
:102C3000EDEF98F140FA6BF069080904950DB209BF
:102C40008CFB25FB71F24602A7F95FF2A00EE001B2
:102C5000D1EC5BFD44F82103A1FC2B08EE106A03C4
:102C60009504E508FC019C07A9FDD3F82A02E2F6C9
:102C700073F567F336F26E11CE1D4516B218B61213
:102C800089F5C5EB1B09A5060FF7B700AD1977133A
:102C90004DDE3AE13E0B0413CD098208A40E38063E
:102CA0005DE202FC80FC730608FE0C09420C0F0971
:102CB0003C0613F88212881B8A0D86FF8C03890C50
:102CC000DEF746F87E13CA16DD02B6FFD0FAAFF77C
:102CD000FFFE0FF7A507FD0BDEF81FFF80FFEA09D7
:102CE00057F9A6F550003CF6EDFE480AC30D7A07E9
:102CF000B8EB87F16EFF0303C4FFD3F51B12D705B2
:102D0000D30513EE76F979E6710311FBC0F6ED06F3
:102D1000C6F787EC15ED0EFC1B0B26037C0640085E
:102D200012F0E209E9ED65063E07C307E90CF4FF7E
:102D3000A0F64EF70308D60AACE38004D8EE1600DE
:102D4000B308220944F688045000CE074D0250FE15
:102D50001EF2D8E3A40299024908FD1BC507AB087F
:102D6000EAF58FF655F90CFDBDFAEAF03716410E7B
:102D70002DE56AF88F0A6205CDF697FAEA0A70FD2A
:102D8000A1E62AF84307E606240A0100FD0EAF0F6C
:102D900054088DF89D08CA0AD805BAFB02004C08F1
:102DA00073FB38FF17165C0E1AF55C0769FBEE061D
:102DB00014FF25FCEF0D7E0513F8D5F9A409FC10CE
:102DC00042E4E6F617F07AEF9CFC03FC65021B0A6E
:102DD0007BF0D7F33FF8A9EFDF11D1087A09320071
:102DE000B0ED5CF40AE522EB391237095C059AF77D
:102DF0005A017EE99004BBF1FC147D05EF0C0F181D
:102E000027FE57F72BFCD1098B07F50588152209FA
:102E10001F02C0F846FB73F884F2ACFDE505D50649
:102E200018F7A1FDB7FA9006E8065D0754FBA60760
:102E30001E0885FE60FD47FB38FCE90828F8BBF753
:102E4000590BED04CDEE43F304011CF2FF0852FCD4
:102E500099FCC1FC360013F0C8FBC8FAFFFA21F850
:102E6000C0FCC6FBCF07611756083FF17602650D1F
:102E700077FA31FE830C8B0612FD2AF883F7FC03E8
:102E8000B5FEBBF5630CED09D3F61FF21307E3059E
:102E900077F399F9E7F5CBF690F994035008C90850
:102EA0002FEDC70000F154F6450DE1FF250FBF13CC
:102EB0005EF82F0A88F301F20506A8004F1A1215D2
:102EC00010FD1AFDEFEFA1FB2E01E908E1056603F5
:102ED00025F3EDFE590687048E0D751794030F0335
:102EE0008EF7FB10510715F973FBE814CD256E150D
:102EF000400500F7BD037DFBA7FFD901C006D3F74E
:102F00005F05D90213038FF81D01D1FF62FB090190
:102F100085003EFB460791F649FC6EFCDAF550FC55
:102F2000C903490717EA73E5BEF3B30BCAEF69EBB0
:102F30006D06B0FD76F48FFB9C0A9B0643FC550A98
:102F40000406C00EA9037B0B0D089001420E82FF00
:102F5000E4FD79FBF6F862FC9607B9F8B8EF15F1D5
:102F60000B0287F291FB1FF5C501B0FC840BDF0C4F
:102F7000EC0D25FB71ECFEF755049FF387079C18B9
:102F80005C0992FA71F9ABFE17F53A039E1DC01B5E
:102F90006AFA2EF5A3FDB0F8BB073909AD0FE309B6
:102FA0007AF8CAFB35FB44EEA50C25FE5406AB07A8
:102FB00056EF4AF58CE714F6B6EC1DF5730FB20028
:102FC000F4F2F9FA8600A80A46E2B507C1017808CA
:102FD0005F0337FD76FA09FC98013709CA0A6706CC
:102FE000F1F8F0F70803DCFE8807EF01F805B3F904
:102FF0006C0458F894F7C009B4FCA8F89E0631FE9A
:10300000CDEB11F11FFA5206B51A141182EB3EE511
:10301000DBFECB0ABCF932F5D316BA05F8F7BF02CE
:10302000CD1BCD1792F9D9F137F4FB03D90349FF32
:103030009C033B0557F686090908C406ECEE55F1DA
:1030400068FC6109BD01D9FE450320FBA0003409DD
:10305000EC15C30DEBFA7C06EEFF50FDAF0F5410DC
:10306000AF157509710B3BFFD3FF8CF8820C18006C
:103070006007E81503EE43FC2400CFF28A09E5223D
:10308000D10A8B04C8EFEAE03EFB4C0F0407C1F500
:10309000700372FD57F857088C01B40CACE9DC05DD
:1030A000DA0287FD9F03FBF89114AD03A0076E05BC
:1030B00032FF48FBAAFAFAF707011F0102FFD70205
:1030C000D2F7590963F82802C8FC2501D705D1FDBC
:1030D0009900BBFC9EFE10061BFBB40220FFAC0651
:1030E00005F81C0BDD08A70714F11BEB5D11480761
:1030F000E70CEE0C95098EFE5CF2F5F9190FE0175E
:10310000B60C9E0AE6017BFD5AFED1F839074F0C3A
:10311000C71651025300D7FC5AEE9BF34611880E96
:10312000A30ACE08F806CAF9DFF448ED49160926C5
:10313000F70B6E0D1814A112A106570C451A161E96
:103140003A164816DB08A3FF64F635F9E924781E21
:1031500028134D10770CB3F968FF6812DB05F0FAFD
:103160001613681AA804B9F81D0238FCF9FC48EADD
:10317000DE087603A5FE0DFF0FF7A7F323EF43FE4E
:103180001700C70942FEAE0291F55C09FBFCC0FEC8
:103190000308B20606FB67FDB5FD3201D103A3FEAD
:1031A000B90293FB74005AFB1B09850540FFCD074C
:1031B00009079CF8A3F71B0A71083BFF610AF1FBA2
:1031C000E0F686F583FD10005C010504BAFBB2054C
:1031D000D30315FDEBFE8A02720A71FEE102F0FFD5
:1031E00065063408070563069A076406EF02DBFFED
:1031F0008503AF0259069FFFA0FA08FC4D0A06019D
:10320000FAFBE70B0709C405D8FF1FF92C0A700E5B
:103210000002C605ADFA5D003CFB0BF740F7E5F692
:1032200069F84802F4FF88F879FE44012D0922F874
:103230007A051301B7FA8D03B6FD280A0FF69D0330
:1032400091F720FA1402C906670802FFE007240775
:103250005DF6B9057102CFF99BFDEBF70508E808AB
:10326000F70391065BFA4CFD2F0985FAFBFEB403C8
:1032700087008A07B6FE4EFD6C007E01490794F870
:10328000F00450F8F2FBA604C2068F0541061D00AB
:1032900024083EF601FCEAFF8105C3F608FFD1FFD2
:1032A000BF091F061A0997FE0909A90079F8AC049D
:1032B000A003FCFA2D0327F6A4EDC8F985FD03034E
:1032C000F90486F76EEF06F60AF7EEF2B10BB20AD2
:1032D0008BFDD90050F875F967F53BEF300B86FF91
:1032E000180A1C02BCFBB4F902F657F10814CD0809
:1032F00035FE66038EF767020702B4F7A10E3002AF
:10330000260E8001CBF22C00370219EFF00644FEA6
:10331000B7082A00D7039FF6D7F6F5F2450B390810
:10332000AB0C5708F9FB48FB93F5F1F73C0A8A0D03
:103330007D003E0ABBFD07F62FF5DEEE270E4302A9
:10334000F0FB24FC4D00670686F7E7F5C2FD10F898
:1033500035FB170A2DF681F90E05D9FDD004D503EA
:103360008FFE1006FD051F08AB022503420A4CFA2A
:10337000B7FADF06EB0385FC4806B8EC7601E5FFFB
:103380008B1243F94205EEFD45EA5208020DBB08D7
:103390008E05DD008CFEC4F313F952F2F10DCF045B
:1033A000A70ED71171FF4DEB1BF66412390311EE16
:1033B0000E0A6E05E2EE290159FD7DFD6CE94BF523
:1033C000521FB40FECF94AF58001C80994026E1639
:1033D000220834F721FFD3F82209700486151F0B49
:1033E000C7F8FAFC05FE2708AFFCB5FD5803100727
:1033F0006BFC28FA6208BD18A0F106EA3FF4D10779
:10340000840AE20FD213840663E7B2F4A3F6CEF97E
:1034100005028E0702FECBF564F4F3E5A010ACFDC7
:103420006108B2F86F04D503220B1D07C00928FA02
:103430007FFE3C01A208F5039A00D1F7A4F9EBFC4A
:10344000BCF6AC0876FD140710037AF588FC32FC54
:103450005AFAC60ED308C5FA81EE9AEE0F05260079
:1034600058F60504F4FE61016603E9F8CEF6520150
:10347000A2FC29FDB70604EEB8F018FD1EFA08FEFE
:1034800080128F097EF961FA13FC0201B0E66FE445
:10349000FB0DB119CAFB77F735029510B9E791F327
:1034A000A60EB4166CF80CE8A5FA3C079D06290791
:1034B0007207100A4EF1CCFC17053D03891B6A0107
:1034C000AF0C60091B009D099BFAC2F1CDFB69F6A8
:1034D0002DFBF2EAC508C805AFF3EDF10CF8FFF2D9
:1034E000450160F3C415F81A73FDC209C8FE8FEFD9
:1034F0006C0823FBD503DCF19D06880557F972F8AB
:10350000510A9301D1F598EA74F1BAFAD20201F2A4
:1035100026EF9EF837F83FFE9DFE07FDC4EB24FD25
:10352000AEF67CF6EC0420FF6E09D707FCF9ED0936
:10353000780E880094052811A4F628FFBCFFD0F56A
:103540006BFB9EFED616D60835F3A7FB15023FF09F
:10355000040524020EF70AF7A009860ABCDFCDE9AC
:103560005A0B16017DFB470644075304CAD857DDA2
:10357000590EC70C140A16FCEE019707F8E827FF4E
:1035800094009AFB930B5909EF03BB04F008091749
:10359000890852FD91ED030AEC136CFDF41054F907
:1035A000E1035E0309004B043C0D36124DFF78FB2E
:1035B0008D10D20C8404EFFE54FB3E03BDF105FADE
:1035C000ABF63AF8C3F2DE0B070D10FD8FF41302D1
:1035D000CCFCD9ED6B01E0FFFA02491847037A0FE2
:1035E000C1F523E6CC06501A681E3201BCF472F70E
:1035F00024F7B50C7B0369014AFC81F269F094F36E
:103600006DFDFC03800480FA71FE2D061F07E6FBAA
:10361000C90358035E068B1472FF3406B0F4B4F18C
:1036200014095506BEFC700EB908F9067AE881DF68
:103630000CFFF1FEF6FE1908DEFA84F828D840D611
:10364000FC05A600E4113201ACF335FC6DD7BBD705
:103650001D02C9FA250A070577F63FF40DF6CD0BD2
:103660003B05C4FD850B39F904056BFFA11EA50BB5
:103670008B02200BDC016EF44B013006090BF60FB8
:103680004D0B68036B056FFE430C7B08F1E8A9E75F
:103690003B0E6C05B9F718FE8F033D0786F2E3FB7E
:1036A0005DFCDAF66AFBF6FBCD08FA08D4FAC7F936
:1036B000430043F91109F10DF208C30ECE03D814EB
:1036C0000FFBD5FFF50AB41CF4193E1E4EFD07F79B
:1036D00064FFF2F241035B04260010F6EAF549EBC1
:1036E0006209420F09F6C4076B08BFF7A5090E046B
:1036F0001604E608640CD5FEDF0A84F700F4B5F979
:1037000015FED91D4004261990091C02FFE72CE381
:10371000210641039B0BAB06A0F562FBDCCDD4CEAA
:10372000C0117C0FEDFD5D0BEEEBA7E962DB90E2D3
:103730000615BC10A1023902A6EDEFFD73FA740F55
:10374000700B1D05E203B4F331FB87EB0816F81983
:10375000F0043BFBE1012EEFCCEF6BFF3B1A7CFC4E
:1037600070FEC50BC4F9DAFF18F7ECFD72DB7AE4E2
:10377000FD0A99077D092DFDA5F7A1ED82DEE9EB94
:10378000E2022B0BDBFF0FF93EEFDCF647EF9AEF7F
:10379000B7FA36EECD030D07E1F895071FFE650178
:1037A00001FA35F39913FE1D9BFAA805100276F174
:1037B00082E89EFC84192104A20B3FF74DFF52ECD6
:1037C000DE083913E3FD6D1983FF49F873F92E07FD
:1037D0008219020BBB1797FA280E4FFBF2F012FE6C
:1037E000D007B10108158F19B5F7F3EEC7F175E1F0
:1037F000E207A510BE092704D8EC26F663D297DAB3
:103800008709E00B3CFB42F726F6B7F0C3D28BE505
:103810005B0F790FF106C9FCA602A5FB28FF2D104E
:103820001719BC0D9EFC8EFA00FA1CF8E312062351
:10383000120741090FF7D7F4CAFAFCFD121B62ED1B
:103840008C0BC508A8F4100090F044EF15E138E7A0
:10385000A10A0C0F5809A7069FEF7EFE00F669F536
:10386000A7037C082F09940203F6C6F1A6FC2FFFDC
:10387000620B7406CB0278133CFD86F74BFE020EFA
:10388000DE002CF8911FCE1D67F8D700D0060E0879
:103890003FED09044625AC033C0527FC7BFF7EE792
:1038A000800FBD18C3FED40AA307AAF3371AF8F491
:1038B0000A0B1A0AA31ED701DD00C0F5D9FD01FBD2
:1038C000490868068508C30706F4FDFF95E27DE018
:1038D0005FFB7306830045FDABF859F38FE9D0F227
:1038E000C4141111FCFC78FA4FF258F8D9E07EEAC2
:1038F000EA141D151AF371FD6A0C28FD5BFBCCFD63
:10390000D8107A11FFFC8DF299F604F4EA1BE2213B
:103910009711401420FEC3F624EDE7F8830BBE0098
:10392000A900450CFFFCA20AFDFCB802DBD9B9EEE8
:10393000670E0701A202D308C9F2B6F00CEA1C0018
:10394000FC0CBE01590FD80658FF34F9F3F39CFA6A
:10395000EC0E8E088810CC1079FE5701F8FE0C038F
:10396000EEEFA2F31222661398FEFB01D1FFB70B14
:1039700037F109014915D906C6047F09680070FBB3
:10398000BEFE060F19FA630C3804ABE116FE060CF6
:10399000D00B4F107F1D9F04770FB8F760EE6EF1CC
:1039A000C40EC3F63A0C4905DDED41FD9BEA3CE748
:1039B00000092900E8FB3FF3D3ED590328EFE0F0BD
:1039C0000C03ACF88AF876FBEBF402FD7AEA7CDDB6
:1039D0003AF2DCF878F3C4F40405F403B8EB5E0CB7
:1039E00034F2F5FA98F408FF25F2A3ED83156A1B6B
:1039F0005A032D0296F28BF712F105F7C018EEEE7E
:103A0000810E8113ECECE6F9FEFDF0F8CFD7B7EFAD
:103A10001914500EA3F7A4042604D802E7FD50F9A8
:103A20000DFE49050DFF8B05A303AB06840A510368
:103A30009813BE14D408D9080CFBE30358FCC40146
:103A4000CCE5FFF84806711694FE6BF7360B7BFF4A
:103A5000CFF8C5F7BB06F30987F40CF13AF2B8FDCD
:103A600016073C0C8805FFFD41FFEBF32C0FA2FB72
:103A7000300DB30ACC1A0208E4F3C8F4D4F5EEE82A
:103A8000E60590EEB600F3E86405A20EB4EED1DDD3
:103A9000C1EE51F7DFF018F20EFF18F663E118FBE4
:103AA000A7F7B9E289F7F4F24C01CDFE64F18EEA92
:103AB00034E2A4D90AF689FEF7F517FB85E773040B
:103AC000DFD67CEC070C22FF72041DEEDB1BDF242B
:103AD0000FF7F7F8C5ED37F315ECA903AC0B25F09C
:103AE000B403240518EDC2EEDC02FF05E9E8D3EBD0
:103AF00036039103C5E979E8BB004905F300970156
:103B0000D0107B05A5FCB0F82BFBF1FD5B06D209BC
:103B1000650E88FA31F81CF5C6FAC1EDE4FED2FA5A
:103B20004BEA6FF2B5FE8B08D5FF31F476F7ACF8AF
:103B30000FFD77F92610F60ABBF680FA66E99EFAC1
:103B4000060DA60E63F68106E7FDCC001D04FA06FD
:103B5000FB06630802121B0648FBB5FF7CE67AF100
:103B60007CF3C8DD59F539EF65FFFDFEB8F4BBEB1A
:103B7000EEEE38DA65EB3AF26A06CBF83AF199F6EE
:103B800088D4D1DC74F7E701A102A30B74E9AAEE93
:103B900049D55AE67E030C00A2066B00CA096A1DCD
:103BA000C3EFCFF7B70258096A00CEEDCD1CE21083
:103BB000A700DEF2CDEE88F528EA55F103E4F7ED33
:103BC00003FA01FD76EF6CF8A5F687F4E2F0040342
:103BD00076F9FFFBBEECCFE643F76B08F8FB3A093A
:103BE000A2024608BDF5BDE34AEEAAEBC2FAC1FD4A
:103BF0007B0E2D015AE484EF1BF295F98DF29BF2B6
:103C00007BFBBDFBEADF9C093FF94A05B2E328E5EF
:103C1000B2F385FCEB030804B00D2AF070E7E8FF6F
:103C20000AFFD8F8DAFEC702F3F92300EAFBEEFC3C
:103C3000BDF9A5FA7D0A42FCFC01EC079FE6AE0443
:103C4000ECDC7DE049F0EDF76B05D00AE6F3B4EA71
:103C5000A2D6BAD42901DAFA97FE2B08EFF60D02A4
:103C6000E7D6F5DB6E003604C7FD560304F7880976
:103C70005EF5A8011C0DDD0EDB03A4068911BA1840
:103C80004706EDF79917D903EC08EDFAC025DC0BD0
:103C9000A3FFCEF1390ED1F8C0ED26F2F0EFA7E97F
:103CA000DEFFB5EC50F826FFB0043EF17AECB4F735
:103CB00058FEB6EF82F861E93504ED068D0B6CF421
:103CC00008FC440C70EC6BEA3402E4F949F673FB2F
:103CD0008707DFF8E4F23DE203F5A5EF740BAC09CA
:103CE000B6FE1D1355F507E9FD0C2D0222E841DB58
:103CF000C7FF26FB9EE7760298FED5FCB8EBBD0118
:103D0000390080F6F4FDBF0491042105210191F9E9
:103D1000E8084FEF170612FBA3F954FCBE012CFD77
:103D200035D58BC919FF990E5AEFC003F2E68DEE17
:103D300044E936E705109A0B06042B0526F28604A3
:103D4000BCED2A02800BE403DEFFB6109B0A3E0F97
:103D50006103E0046418610CC202361CB11AFE1E35
:103D6000D60A9504410EBC05421633077E0C3EF37D
:103D700091F3DCFBBF1165FEDD00E7FA0DEE6DF59A
:103D800041F7E1FEE2F9F00FDC080500B5F8590152
:103D900063EE66F191FA5FFCF7053B028F09CAF802
:103DA0003BF94DFB790045F6D30079F2F2FEE600CF
:103DB000F5FBECE816F56E016E011606E901CE0979
:103DC0009D040E0D73F284DC220A290B32EB1CF4E5
:103DD0009FFB45EEB6DEA90160122018EFF74BFD00
:103DE00085FCEF08680883052BF7FF06FF009C01A0
:103DF00005FEF0EB07FAE30A5DF3A3EFD4FBF8FC52
:103E000079EC9DF4D11B0D1D1603DD0503E9B4F219
:103E100084FAFA05B517450DC618CB0DF7FAFE085A
:103E2000700ABA0FEE120410C1044208AB0EA718B4
:103E30008A0FF7125D145B0771095705F2194B01E0
:103E4000C90871F80209D602710BA01240F851F6A8
:103E5000BC03AEEE9408D8080F101C12B7F7D7EFCA
:103E60001BF89D020C0B78FF890D980417FF9C0529
:103E70002F017BF2A9049BFFEB000FF8C8FC6F0138
:103E80000003CF09D506FB03E8F100F7BB04A2034A
:103E9000500152FC74001100D60090FD1C0B8213DF
:103EA0008D00F0035E0D55E25D022D15D0F9D8F4BA
:103EB0003E01CDEE55E8E2016F1F81110FE8FDEFE5
:103EC000AAF88700600BE802AAF93304D6062FFD92
:103ED0002807C0FCCF156009440001096217AD0B2B
:103EE00097FBB80E450BE2172D0869FF0FF128EA82
:103EF000EF0FEF16B411D10595039D093004C513DA
:103F00007C12FC0F740C921E4707E8100F0CFE1277
:103F1000091016FBB1147D0B6BFA60001503C0FA93
:103F2000ACF60A01B90F520F3D09B80B6AF3A5EFC1
:103F30001EF93402DE03AC0C0818760AF5FA7DF09F
:103F400025FB2EFA60072001D410E105A4FFE0F95B
:103F5000D1F8F3F5440F2905D0FAA3FDEC0B87FF48
:103F60008BFC670E5206D50B31ED5000C3F3C2FA3D
:103F700053FCDC0AA4014C12F105CCF62B00D70847
:103F8000430822F5C60D36E81E0A9F12C8EF2AFA2A
:103F9000CBFFED145A07D6F86D1CFF1172E04CFEF2
:103FA000B908FEFCC0FD54029E0096FAEC00130412
:103FB0005D072D07B504A000C70502131C01740B93
:103FC000EA15D111C70425F92DFD2B027E00E90168
:103FD000F1FF5E1B2CF92EFFCC03E90398F4E604F5
:103FE000260A09154506790AC0FC06FCCC163801DC
:103FF000E60771EF9414C211BAF337F2E803ABFD90
:10400000EFFE84015910D50EF10B7D0D64FACDF64B
:104010003EF67108510CD111B811A7180002910495
:10402000B2FE0F0A46FCA909D017F51348007F011C
:1040300025FEC9F9E5065707E2FD44F55D01B91112
:10404000E0F7B8FFA8F59BF813FD030D080937F555
:1040500088FD970C20022FFCAB0B55089EF92AFE19
:10406000A208880B6DF8C4EA3206511964EAC7E069
:10407000E40381FE0BE7D6059214EA10A6E89AF64F
:10408000AA06F910BEF8E9FBD0F5DCF8750784093B
:104090006A114A0E5007BFFD170738098C10D30369
:1040A0006914F60AA2F7A3E43F0635FBF30910FBF7
:1040B000E50438081DE7B5E249109B0A9106E108BE
:1040C000C705BA0636E1BEF24101B3F15810B2FF9E
:1040D0004EFBA8F8BCEEC0F760F356F8630190F908
:1040E00026F4C700D0E936F298FFCD18E7F4E6FDD4
:1040F00029F153FE6CF0DA01E212BC04F40ADB028F
:1041000069F83900800650086911B4096DFC760A17
:1041100062FD2202EE0A75F80D135CFA550EF10DE0
:10412000DE043CFB83FCB4FDA20B220CF00134FF47
:104130006001E201CC0122F97A0BB6F95A06D101ED
:10414000191291FFF4FDF1F2D0F581098DF045E9E6
:1041500072041C0473F0CA00CF15D4FD6EDF78EB37
:104160003109F618F9F72101A8F019FBCBF29307F2
:10417000DC0F6E09680997FCA1F7320751FCAC11FE
:104180006201D7F60CF5C7DE9611B410AC0931F711
:1041900055FC6EFA47D84ED12F1390F62E009D068F
:1041A00055086CFA8EC2F9C9A9F99BEE98FF18FE62
:1041B000BFF84EEE46CB4DCFC7EA39FDEFF598F884
:1041C0007BFB53EE50D372D583131A0D2DFFB6042B
:1041D00026F938FD78F5FAEEB90E980E5E086609F4
:1041E000250BC5FDDBF55AFE78152E0AFF084AFEA1
:1041F000E2FC46F21CF616FF5106470AE706630E7C
:10420000C2F619FAC7F863F6500846FEE30EB20983
:104210000907B90AE4F7510622FA9E0E8DF806EF57
:10422000DCF90E0AEFF852F9850B100B26F377E54F
:10423000A511A30B7FFC7604D900A20C2FF52FF15A
:10424000BF07690CF90750F9B605C5F63F07040228
:104250007E0810FF6E07B91003F2450DAC089517E4
:104260005EFB8705A8E8E2CD7BFDA4026412A8FAF4
:10427000DAF3DC07BDCD42CED7FD73ED6AFFE4076C
:10428000F7075AF565C492C319EB37F7A0FDD608B6
:1042900020F837EF11D3CAE0FFF80604D6F523FF64
:1042A00089F832069AD26DE2C807D516FD011701CA
:1042B00093071707C1F32DFDC50F3C06CC026D0017
:1042C000FEFA59068708EEF9C90F430CE209EDF82A
:1042D00021FE38EE7FFC7FEC9D13E6FE5EFD690259
:1042E0005EF4AA02A0F79404B5FA360601077BF043
:1042F00040FDC1FA810422F7EF0C500D89E82FEF41
:10430000FDF52BFC530512EA01FEA3F841F402E08F
:10431000EE0CDA01C4FF6201C80CF10C1AE338EFAD
:10432000BEFCE708E60764041EFEE3F7BDFF00FDE0
:10433000DAFA0D045D0C8C08A708480DC1007AFE5E
:1043400031FBF0F296F735E47AF911FFA00147FE50
:104350000FFF6BFC7ADC62ED01F686FD93F9B2FB90
:1043600037054602CEF95BE3EEF2C3ED92F2200B85
:1043700086FF3E04EDF671E7BC035115A803030761
:1043800074F9F1FF72F809F89316230425029A01D3
:10439000E5013C02D70176FD23FC1F0276FF8F0169
:1043A00054F389FDA80017FDDF08EC04E106410184
:1043B00077FB00FAE2098DF3C80D95055AFF4D070A
:1043C00075FB13020608D1F945106B02E1F643FDB7
:1043D000CDF774F596F62B08EFF6C9FB68F4A5EF58
:1043E0004C00BAEE6C008BFAC6FBE2F127ED92DDD1
:1043F0003D0CC0FCC30E5C0BB1FE2AFCDBF16C0073
:1044000072F9E3056203200D7603AD0CECF914FAA2
:104410002B0AE10CD4FCE215A8F9FA0F3AFC640D62
:1044200068FDEDF7E5143BF6D90E0B0565FDCBF104
:10443000910011063002F200C0F7CDF128FEA5EB85
:1044400064FCB6F25A060B0C4FFEBD01AD009DF8A0
:10445000D7F1E3FFDA07C80B50FB290F63FBDE0A35
:1044600088FC3801F313A40FAF02CAFF430605030B
:1044700088F7C1FB8E0B1EFABAF716FEFD01990AEA
:10448000E60684FBA4FE3B0226F48E0E4BFA71FD79
:10449000A6FA8A0914096906240A041469094D0751
:1044A0002505CDF0D5FAFEF87B0B1D0FCC0BF9F1ED
:1044B000EBF844FBD2F9B1006007D10761F16AF172
:1044C00006F66304F40161028DF657F3DCF47CFB1D
:1044D000740027F67302B001660F350678074209AB
:1044E00096F5870233FFC102590582FAA30021FF26
:1044F0003702B6F80D037B0C0B0F47044BFDB9FDDB
:10450000BAFDA30CA81CC00E81116702A3F6FBF232
:1045100092080A062D06B70ADFFEE401B3FD13F286
:104520005800E0FE4A0B150711ED43FD1DFBE3F2B9
:1045300012FC050855167011910870FBF6087701FA
:104540008AFA4F054115A004CF005EEE3E07EBF856
:1045500078029200BC0B0205EFED2FF75FFBC6114E
:10456000D201A30D4EF67E008E0333F5FF096FFDD9
:10457000E80EB8051D08800643045114A301E60E99
:1045800060F5DEFC36FE5202A4FEDC01C9FA5CF9DD
:104590004BF86F054E07FDFC3508FB007BFBD0F7A1
:1045A000BBECF8FE5E053C03BE0184ECA9F5FBFE06
:1045B0009107BB04A317E1F7F8ECA9F7D00F39F87E
:1045C0005DF71F007E006DF990FA700599F73F01C5
:1045D0005809F700F3065219B3FB4FFFDB02F0084E
:1045E0008301530BD02C9320A9031402ECFCD9F6C1
:1045F000A41326081A13721F39F79DE930FF91079B
:104600000704F4048710FA1093F401E84F09D80E58
:104610004807DE02D3179F14A8F2BCF39108920B4F
:10462000E303E70311117F0055F97EF462FDD8081A
:10463000DD004C012811B008290044FCBD09000D23
:1046400089003706D4F6BCFAF1FB81F853F84DFD2A
:10465000810587F246FA12080C07230212FD17FDA6
:1046600057FBFBF23C02DB0261063B052F0742FED3
:1046700035FB75FE9EFDF502DD00B0FE11F2CDE8C2
:1046800095E623F8AF0568FFFCF323F30FECD4F5B0
:10469000A3044BFF120A360974F582FAC2066209B6
:1046A000EA08E8FE5BFF42F81F02A70544FD69FA2D
:1046B000D01A330EFEF53C1B8F0104FAFFF62200E0
:1046C000B51C6011AD2358148B0463FBCF05441057
:1046D000E709100E201EB92243E588E0A10531004C
:1046E000B507EF04E80856178AE0F2E8A302F003E2
:1046F000D8FFDF044813750DD4E2E9F3410155FA00
:1047000023FBDA054907E307DBF869E995FF710048
:1047100084061B02CD0F06FF7DFA0EFE14F36EFA1F
:10472000500BAB02CE087C0E1BF21DEFF70026F7F4
:10473000CFEC8BF56D10B7FF15F1520741F723F35E
:10474000AFEF32FEA10A1D09E9F24CFF40F54C051E
:10475000A7F643F991107D0F8B01DDF3C1FC4308EF
:10476000E5FEA2F7DA0A7AFD86F22A027FFAE5FD73
:10477000E1FA40FC2A0352FAF009E7F5A8FECD0160
:104780000D05C7F78CFA95F9CE07B1FB2BFC040990
:10479000E902BBF9080EBA08CEF321F262F5600314
:1047A0007B04FFF7F9173E1082F34FF050010EEC37
:1047B000CCFCCA15910D930212E14EEC62EE1FF78C
:1047C000701099077B17920E6EE9F8DF490069F9BE
:1047D00035102708320263FEE5E265EBDCFE1DFEC4
:1047E0004E09900635070BFCE5F237EC6EE6B4EDAA
:1047F0008305010B7CFB4200DFED0FF317EC65E452
:10480000F2169A06A20A7DF6B5FFB4E682DD41E112
:10481000E40358F5DDF940099DF5FFE5A9EEDDE378
:104820009EECE2EC360A5E0D78EAA9F9C7D4D3F91A
:10483000ABF573FDE70D2D0F36FD62F8F1027C003C
:104840009DFF1CF3C00519F7A908BE051105E0FD81
:104850001604A708F4086F091C047B00D70424F78A
:10486000840A40012E041B0ACBFEB807E4FB59F66C
:10487000A5FBA8F370F88801C5FD8F05AAF6F1FE27
:10488000E3EFF0E78FEC87F2FCEE28EDDAF747F77D
:1048900095F0B509F0E1A8E975EF1FEFECE339DF1A
:1048A000570BFB0C78DDECE768E000E073E32BEEE0
:1048B0006A07E30777E2EDE394E0A1E813E4F8EE9A
:1048C00056F85F011CEA7CE301F273DFB0EE07F2F9
:1048D000AE0EF3164ED9EFF8FDDE64EA94D90EFD64
:1048E0007419040D67F7DAE50BDF32E193F4BBE7E7
:1048F00073022601FAEA47EC28D342DA42E44DFF7C
:1049000074F988F129F523F5A0E305F231ED33F9C7
:104910007102B1FC00F5FFEF4EE14EFBFE0575F4B0
:104920000DFDF70B62FFB1FADDF46D06B5FFE3FB99
:10493000B10153F92FFA1901CEF9830695F5DB0978
:10494000E7F5EE04D102C9FE79F96E06E1F7B40786
:10495000E509CAFDE905EDFF4BF62CF8B404530A4E
:104960005BFC56FEDEFE8EFB2E07C00734F97EFB95
:104970007BFB7A04A3F9FDFAAFF47EF3E1F7E3EFF2
:104980002A06AFF8E0F35DFB4DF0EDF315EB84ED97
:10499000530065064CFCDCFEDAF117F7D2E228E79B
:1049A000F903E3FE4FF6C9F496EC76ED94E847FA86
:1049B0003708970343EB52FD1ADE63F57CEC0BE9F5
:1049C0003809381075EF1EEAB1EA3AE338F41BFCF7
:1049D00030026B05AFFBBAEF3DF1FFF944EF4AF04F
:1049E0009700FDF871FAA1019EF285F7B200080C5C
:1049F00092063CFC08F0590110F80E06EF0BA003DC
:104A0000DA0688FE98FE420A10F95EF67008AA02DD
:104A1000B4084500660AFCFAC8FED0034FF877FFD9
:104A200035FC58FD1CF6D6FFF803CDF62EFF41FDF0
:104A300088F56D0077016F0A300772F819FD050AD5
:104A4000DA036AF6FBFCCDF54F018C0373F7190905
:104A5000A4F76EFE89FDD106F00739089BF86B00BC
:104A60002D056EFEFC022A056D001EF79D01240433
:104A70007305BAF722F9F800AFFBDEF8AC071B08A4
:104A80005F0A3906DB03080023088DF9DCF946FAD2
:104A900074FCDAFC9A0050F946F6330032040D0932
:104AA0003E0549F9E6054F0A1604B4FDCA06860319
:104AB000D8FCF2FD3A06F9FB80F9E609FB048D0704
:104AC000BEFC2F0808FA400A52FF79F831FA600458
:104AD0001B0820FC86F7B10053056A0799F7700A96
:104AE00098035F008A0246054B0068F8D8F565F91F
:104AF00026FB010A3FFE8A018407ED040AFB6308D6
:104B00005BF6AFF54603E6FB36F85CFEB2F9BEF99C
:104B1000BDFE1DFF45F97000D2F9670A9C071E050E
:104B20001CFA91FEBE06F60594FEF2FBF7F6C1FFF5
:104B30009CF93BFAD7FC15FED7081603A9062CF5FD
:104B4000960BC90F07F5A7044FF9F50549F9E0F1F0
:104B50004B0A81F8C0FD08F95BF499012DF30EFFB3
:104B600029F39B050FFEEDFA7EF578FE210658032A
:104B7000120E0E006AF00EF7F0F0DAF3A407830CC1
:104B800060ED5AF9EDE3B5ECD1EE92FCA2052606F4
:104B90003209F0069BEF70F9130A7608B5FDDDF0D7
:104BA000080C151213FDACFC86F651F78B0121FBA6
:104BB000F80318FA20FA8EF444FC16FCBAF853FAFB
:104BC00076F908017B0AB3FFAC01D3024D05C3029D
:104BD000270227FD6801B1FB1200FBFA9406E505E8
:104BE0009303D0003D0844FA6206F40813F7D8FF97
:104BF000360AD2EF74053F04E4003D0405FF8C073C
:104C0000A6FA1AFF35FD7F07FAFE4007EAFEC50641
:104C100003FA1FF98DF662F59EF560F980FE2B040C
:104C200017FE52EC6DFB8EE68801AC10F5EE7DF6BA
:104C300000F32DF20DF7FFFB3113710F8BFA9DE797
:104C4000F60175FF3CEC8BF71301D00AF1F4780301
:104C50000503A20771F0A7EEC4FFE10879EC210B70
:104C60001DFD4C0D45EB39F4E9F502E8F10649016B
:104C7000A80EAB175CEA0EF511EE74EE3216FCFFCF
:104C80000700320159FEB4EC95FE9A0567FA08F761
:104C9000420D55FB7CF831F4D1F50CFDC8F013FB47
:104CA00051F4CA06F4F944F4DCFCF708F4FCDA0227
:104CB00093FE4FFCD6080DF9E107FA056FFB3EFAAB
:104CC0004304BF0347FA8FFA01F68AFAADF7F4F509
:104CD0009DF55AFA9E0D6CFDA8FA5B092701320674
:104CE000DD0E3A0C71FF36E87A149D0E0E1651F166
:104CF0004C02820B54F839009F10AB0E10F8ABF049
:104D00007D0E6FF781E981E961154AFD65F7EB00DA
:104D100074FB4AFB59E9F7E6C316DC1902010FF0F0
:104D2000DC0185FA5DE159E62F0A7DEEEFFDC51441
:104D3000E70B1510E4D9BFD90BEF12FD19043A05A2
:104D4000ACFF2114A7D056D79E07130AF302AD0F6C
:104D5000870A2C2057E532F34CF064E4B207620D69
:104D6000CF19AF15FEF4EAE8FBE606E344011204AE
:104D70008802A4FF6BF93BFBE0E756FF45F1950283
:104D8000B6066009D9EFF4FBE0EFEA083D04F9FA52
:104D9000BC025E06B3F7830417FFDD09A505D0004A
:104DA00036FC84FCC5F9DA065DFFE1FAC1FDA9FA1B
:104DB00038F7A21601078F0405FAFD176506930C54
:104DC0009DFE45F15AF6EDF50C15F606FFFA2FE7B4
:104DD00042F8C4FB39F902FF1712491050FFEFF9EE
:104DE0004EEDA5FA7AE2B4EDFB12740A53FCFD0411
:104DF00081FF4D0060EA07FCD81D931E3F00CD0ED9
:104E0000DF0125FAAFF2ABF0FA1906074B0632F9CB
:104E10008D0208065BE2BFE3130A2F02FBFD650D5E
:104E200014FE88FD74F73CEE7BFC86FD7701C30A17
:104E30003C024D0AB6F78F0905FAF5E86409FA1045
:104E4000B4160625A3FB73FC1ED9DED86A02D9FB73
:104E50001902E81353FEC9F832D94AEF6709D2069E
:104E60003214960E0BF3EFEAD9F46A06D80A6710EB
:104E7000EA09DF04D1F950F984FFA6FA7D153DF463
:104E80000305B3F5F4FECCFB6207BD00BB00D00206
:104E9000AEF2F3F65F0BD5FBE30B760964F7DAFEAF
:104EA00036F36402B7093009101B4A2449E8DFF7DA
:104EB00024FFEF065B01CFF9DE19E514650482FAE1
:104EC00045010B0797F625FBA9FC490313F983025B
:104ED000ACF958F75BEF2FF87C0D6112FB00AC0EBC
:104EE00006031B00FB002EF0D2124C1920037002A7
:104EF00061F94FF7FBF566038107470EA90B6E0BAF
:104F00008107550237F117FEF1058CFDF20B3802CF
:104F10007107D409B10214F758FE73FD2A06010681
:104F2000E40892040401FBF998F46CDBCB0CC10D8E
:104F30007103D411F6FCDBEF79CA40DDE70B82F98F
:104F4000A012F0F3D5F485F967E809FBC6FADE078D
:104F5000DD0CE30EB1F183F0A20C9002B401B3EFCB
:104F600009FDACFFC506EBEBC2F98500D7FC9F023B
:104F70006E07F6073DFA9C061FE80C14A3FC02EB33
:104F8000B8F32F0A83F861F7890E1B1216EA01FFA6
:104F9000B3F19CFF27053C09AF14310AEDF4EF0093
:104FA0002508A3F5E309AB006CF87001FA091601B6
:104FB0004002C70181EFFBFFF10BD306490E11053B
:104FC0006D02E4F471031D057C111D038503F408D3
:104FD00075ED46F9E3FCEA050F067400AFFFE8F84B
:104FE000C4FC57031B0652FC680129001708E5FCA6
:104FF0000B0B5714E1F966ED40F535F7A80AD70217
:105000005314C404070112FDF9EC7AE245F52206B7
:10501000DB07751448F8F0E774C659D69FFF900176
:10502000551C6C0402E11CF5FAD770FD8C09DB0BF2
:10503000311348F9E9EE39FD27015009C40030FB6E
:1050400083FEF513CAF7B0E6FDFF4D02B409C400B4
:105050002C0971FAEDFC700724F9010D8FE25AE278
:1050600055F36DFE0BFC4EFBE4153D0A07F39BF96F
:10507000B9FC43FF67F935F57DFDC9FE420362FCCB
:10508000B607B8FAD9026EF9CE01940BAC0A1DFE30
:10509000C70D390AB0FAE3F92C00CA02BE0587062B
:1050A0005B05EDF7CFFE63F9FF07740A1FF508F9FA
:1050B0006B0681FE51F503FEF2F867FB1E054707FC
:1050C00055F3DAFEED09CC0B98F933F6DAFA7C02E7
:1050D0006501260DDA02E8FE060228FAC80A82FDFA
:1050E000490748F8A60C550589F448D615F4FD087B
:1050F0006D023A0A58F8F7FFCFC511E9BB00BD0DA4
:10510000180538FDF5F692E7FDDC30DAA2FC7500F3
:10511000861479F807FD35F2FEFBA0F1A3032F03F7
:1051200033F021075FF88EE71BFA0EFBF106150B33
:105130001603C1071A042C0DF203B41185F53800CB
:105140003BF8BE05D406C20A550C0EEF2BF3A7F9A7
:10515000C9FF4F003E01AD043FF4AC056C0F060CD7
:10516000D20A1AF7780A00F6B6037BFE6C0BAA0D7A
:1051700087FE5D01E207DE00EDFA86E1030ECB0259
:10518000AE0411055FED7EF247E108F4E700C302CB
:10519000A4F666021E03F50172FFD70017FAA3FA00
:1051A000750084FCAE087304C716EE0C060B3A03B8
:1051B000A40119035111E3F8D7FD9BED6705FE0625
:1051C000C6FE2EFE02FC4FFA71E70BCB000BDD048E
:1051D00055044B083AF666F3A6CEE8CC9D0B621256
:1051E00030218A20A6FA86F632D0E3DD380D470A50
:1051F000DA05BEF7BBFEA4F879FA7505CB071B13D9
:105200001A071D1A84F004FDD0F02EF29B02A306AB
:105210005A0673029CF988032FE6C8FFCD06530493
:10522000E4F44EEF1D00D9FD400ACDF2DDF193EE1E
:10523000A9FF9D04E304B4044DF81509900461F836
:105240005DFBDAF771FB740952F016E6C5FFDF006B
:105250006204621156FE08F733E47EE087FC4905DC
:105260007B11F5FA29F246FAC6EE8E065DFC0005C2
:10527000B0FBE4F4CB05D21DA418881B74FDBFF06D
:105280001A0992FE820E690C971A9F1983FD93FDED
:1052900001FD6C09160BB4F7F4F789DFF504CA0FAA
:1052A000CAF66C0544EB31EAC5DAB2BDC604151086
:1052B0003C10BB058BFAACFE48CCD5DAF70D77165F
:1052C000B6185C20BF017EF6C9D2AD04BD0BDA175B
:1052D0003104F303FA067D11CAF835F80B06D1FF45
:1052E000B1094808B2F153FC8BFCDAFCF0F90E0D61
:1052F000DE0039FE7903F4ECD901C709FFF69EF010
:1053000068F12EF39F043B0149EB63F8510CB4059F
:1053100037F12BF573EC640536ED58F070F5A5FA0E
:105320006DFAF80245FB460506F194DFB20268FC0F
:1053300046F799049A054FFD33ED91F762FF1B067E
:10534000250AE60C79F74303060A391FC4025406FE
:10535000960D7906FD011D1E822DEA1DC10D8F09D6
:10536000AE0EE507D00D0413910EA20772087A0D58
:105370003B09CCFB8209ACF68CED1FDECC0B1EFD8D
:10538000DE086AF18AE954F90FD2BFD3EC0428137E
:105390002FF9E2EFBBF061FEA4D238EA8F091A0DB3
:1053A0001A116C141FF182EFEFD9F2F7FA10AD0465
:1053B0008B0458FB11F8E00FF40816F7B013D20570
:1053C000E5016EFF3FF93AF7DAFF9A016A0831000A
:1053D0009916C5FC10FB1DF802F7DC05D503E0FDAE
:1053E000830147F04FF796FB86F95FF1DC050BFE72
:1053F00003F18DF0BC0166FE54EF4EECCAF8B1F635
:1054000097F9D8F56C0A47002CF46A01C7FF4BFDE9
:10541000F30D67FF32FF9307210DC51949F9FBFD15
:10542000060DEE0F73FA10FEBA2AA81F6CFF0A03CE
:105430002810AA11BD169609172CAA053B0AC3030A
:10544000E211190C05183614D3F665FB16F40AFEA2
:105450001E097C029F064BFD26E6A8DB130C67069F
:10546000A7ED27EAD0F679FA74EEFDF4D20876FBC0
:1054700093E0BADFE5F3E9E193E75AE892F8C2076F
:10548000E2DBBCF487E6F1F4AAE0A1F96F1E0D1D82
:10549000CC098C041A00D8FE0D034F05B416CD04B8
:1054A000730543059902A200ACFA30F530F93801D2
:1054B000B905700B530B1A0F3DF7D4078AF5E116A7
:1054C00028F4AE03550D2501C6FAB2F6EAFA200417
:1054D000E1EFB403060D4108F8E79FFE050574FDF2
:1054E0000FF14CEC7C12C00B95104E1305FE6AF8C0
:1054F000A4074E108AFB35FE2C2AAC23C4006AF8A0
:10550000CD0BCBFB47FE7106891D0B1831F95E03ED
:10551000AAFF47196414D819A20D01F708029E00CA
:105520004E07F4F8C319F009C9FB7DEA060051FDE6
:10553000790ADFEB2A0F3B0642E870D599F83A0763
:105540005EF804EC1D06CDFA9BE6DEFCD9FBD6F432
:1055500057E2A6DD1CE7D1E12B00CEEB8FF1A1F1E4
:105560002ED669E7C7EE5EEB0504E208B9018AFDB5
:10557000CAFDD0FDC3E858F909F6920D8B0EABF8C1
:1055800064005E0BAEFC5403EA0B1DF72A0008060C
:10559000780EC7F7B7F3750D38F150F319F85214B8
:1055A000A90484016E0E4AF46CF349F3CCFEFD04A9
:1055B0000BF918F7B2FB2A0EF20258FED107740756
:1055C0006FF12EF91C07030BC911711E66FB9701C1
:1055D000E7070A08040B830C5D184F148AFEAEFD22
:1055E000DE0049F854F6B1F9C00F830EAD083A0A4F
:1055F000350131FCD603171001FDFA013B09FDFE10
:10560000140074F9CA1869142CF41EF4F2F3CC04D3
:10561000A6F50C0319FB2A009BEBE7F01FF67CF6BE
:10562000DE05D3FE57F9F4E892FB0DFA76F493F415
:105630006CF1E2DE46E975E5740EE11007EC89EBEA
:105640001BE132F039F586F55913FB118DE656F161
:10565000B6EF19FCA3E93AFC71FE6EFA5BFF5FFF3F
:105660005804CB0D1D0285082C0212F3B1074EFF22
:10567000360BA60AD2EE060D0FED3D017902F201BE
:10568000C509880582073CEF9FEEC9E992F320F92E
:10569000F401B8F856F0A505D0FD070AF60A36065B
:1056A0003500F8FDEB08FF0D9EFF0CF46106C6F314
:1056B0003F005FF8ECFF700F4CF8C1EF61FD0DFB90
:1056C000CDF997ECAF0A4D041500E705FFFFC405BF
:1056D00023FDF4FAAD0AEB0BC701CA05230202FF52
:1056E0004503B3071B14AF0C60FFDFF18EEF75FFAE
:1056F000F1F87FF7E0033505FFF99CF92BF719ED79
:1057000051088B0678F7F6E364FDFD0CA8F508EA6E
:105710001C056DE9DEE320DE010846138DF338EB4E
:10572000E9F9C2ED7FE692F269081F16F9F3A9EBD9
:1057300035EC75F05BFDB002D8FB21EEB7ECBFF4A1
:1057400084FC01FD3CF9B2FBC602CB0323FEE40B53
:1057500011057201D7F6350576FF25F862018AF644
:10576000610BD6096200F3DFCDE8C8E7B3F46D0A38
:10577000F103E3F614EFFFFF19EF93F15BFC96FAE8
:105780007C01B3F27E04B601ECE92BE3B7F3910B95
:105790003BFDAFFB25FF2B0DE9E626E3EF0A99FE63
:1057A000C6F064E70609BF0599DF04F70802990C03
:1057B0001FE96DFBFF05EBFF27F40AF4070D65FBFE
:1057C000FEFFBEFFA013661585058BFD38F413FEA2
:1057D0008D0567FD670A93EB9B03530A44F2CBE503
:1057E0006E0C1E02D1F158F2EC09E21496E683F435
:1057F0002B0C5901B9FA75F68210192461ED580382
:1058000077EEC8EC82F089F0D015A80EAB0850EE08
:1058100087E61EEB4B0A30FC6F08120D77E95DF34B
:1058200044FD8008010513FED501D2FAF4F25602B8
:1058300098F911F577F380FB0C0DDA000FF8A00949
:105840002005E00443F8A5E8B2E6A0ECD60298F8FB
:10585000E1002B0943DDACF715E62BEBE0FF55F437
:105860001E09F5F73F0EF204B8E65CE5E202DCFD46
:1058700012F481FAA1FFCBFF1FDD86C82E0048FD80
:105880006FFD91FCCD119001C7CD15DA890B2DFD6F
:10589000C1F1B4F4EF0A9101FBE901F7B8F839FA64
:1058A0003FF14502810E92143EFB05014EF82A029B
:1058B0007F0C1407DFF4A8F2E601F009BBF4ADF0A9
:1058C00023004BF504FA0DE24FFA030B6EEE9BF347
:1058D000AAF921FB35E36FE96A1FEA25B401C2FA90
:1058E000A0F955EA94F578F6A22693FDBFFE63FA77
:1058F000B8EE3CF51A048F04A6F898FB92FD88F8E0
:10590000CDFFE00D4A083F0AF6FC2501C109E70179
:10591000AFFEEC0383F961F72814F7EDE4E6B0116C
:10592000930C9B0AA7F7EBEF57DA90E9BB02F50C53
:10593000D0088D05B4EDD6FD14E46900A7FED2FCB5
:10594000760850FD1C02EA0100F77CE509F9BF0268
:10595000C6034EF587019F0026CEF3B84402A10985
:105960008CFC6301E3FF06FAFDB0DDBF1D08E4F81F
:10597000B9F5CF01F6FBF50579DE75F6AAF1C1F9A7
:10598000960048101003B5F6380DFF0506F9DCFF48
:10599000280ACB03DCFB52E464FBFB08CDF173FA6D
:1059A000A40587F14FF615F36D06260D8405FFF665
:1059B00060EA96FB31F717F0CE10DD09B3FA08FF65
:1059C0003CFE70E1F600D5F3701029DBEF061CE118
:1059D00082F19FE539FBA1FFCFEA760381ED28062E
:1059E0000606F3FD360185F7BDF02707E4F57DF0E7
:1059F0001010F0FCE103F2F5F90A38036FE9BFF883
:105A00009CFE66088EE02EDF13DF4DF11E07990D18
:105A1000E0045E0793EADFF0D0F527FE960B010263
:105A2000BC14AA13A0FA4CF86E09D404C0F269F8A9
:105A30009BF7E10B48F8D9EF71F01CDDA90697FF41
:105A400048FD6507EA03750A6ED628D9E9045DF4B6
:105A5000AE00230EBDF851F112D787EFBEEC96F8D9
:105A60004A031E1298F6E9FD92FB180A05F25CFB48
:105A70001307FC0D3BF259ED74FFFCFD30F99BF868
:105A80006005EEFA0CEDE0FAE8019DFC900812F4D6
:105A900050F55CF60BE69DEE8F06540D1109570884
:105AA000CCEAB2E628F6BE087203DCED730D88EF8F
:105AB0007506D8013611F90397FB520B95F22EF1BA
:105AC000D5033D0800054CEA4AFD9A0AB3FEE108F9
:105AD000150A880725FB3AF7DDF9E7E8B6FB41F63A
:105AE00023F5A8086CE475F120E678FB67FF07064C
:105AF0005A05470D87EF3201A1F80B0041082BF53D
:105B0000B515DEFEB2FFA1EF5A04D10313F93D0033
:105B10009EFE48F77EF780ED7E01F4F35B02C5F848
:105B20002DFBFAFEB9FB250132097AF51F009CF620
:105B300029076C05F3FB37FABDFE29F434EA44F576
:105B4000330E7D08FCEED6F18E0E4705110668F97E
:105B50006C123E00F9F250F8FBFAB302F8F7660552
:105B6000BEF851F01BF152ED38FC2A0EE201AA0FEB
:105B700001E706E964E584E98D14A8232F115A0C86
:105B800006F635E60BF2B003870C53F50314C5FE99
:105B9000BFF0CDFAEDF8890D43F993F91AFACAF678
:105BA00033F747FE32FBE40120077016BF09CD052D
:105BB0002DFFF1FC34F9B8F3A5FCAD010CF9BEF9E9
:105BC0006AF890FDC1FC23F5F3DE2FF218F87F0789
:105BD0007BF03BF48BF1BEEB22078F0A680B990137
:105BE000D70455FBDDEFEDF0E104BA0D77FF2FFE92
:105BF00059FBD8F0AEEC4CFCC70D9E0D96034DFF43
:105C0000D1F7ACFCB2031CFBAB014DFFDB0864FE1B
:105C10007508EC06DBF101F35E02D3F57FFC9A090F
:105C2000300C5D1644FEA9F02A02A4F670F90002B9
:105C30003A0601F957FBD8EF8E03DF029B04900C64
:105C400015FA9CE5FBF433FA19058EF9160C320BA4
:105C50002EE244E417F986E97403B310C30B500B2A
:105C60008FEF11E61CF6FA0CA3017EEF58067D03B8
:105C700061F52C08E0006BF8EEFE67F6FBE9120711
:105C800044012CF69C02F9F318FDE90DBF0CA501A7
:105C9000D0E6E6E39DF9ACF82335F400D8E59BF1B6
:105CA000FDF270F86CF5E7FDEDE0C3F6A8FE0F0A13
:105CB0006CE427F989EF2AFBA605D2027F062306AA
:105CC0009D05ACFF95F46D02B0FB020AF00179006E
:105CD0003AF89002D4F25CF1A309A1043DF6FB0B63
:105CE00008090803D8FD38F3E908170725FDD90F7F
:105CF00011005C0B11FE94EF7A009908C007EC07C5
:105D0000BA08400717F42FEDF0FA110027FAC3FE86
:105D100011050DF2B5EADAF6E4FEAC11C90E780908
:105D2000B2F3E4F69AEF1600BF0B4AFFBE0F071757
:105D30005BE555E4BDF332EBAB0CB1085217C6106E
:105D400021EEEFE75903BCFEBEE31CF492F6E70D2B
:105D5000E9F07303CBE95605A70033FCCE06A80291
:105D600097F6A901C7FA980950F7C4FA0007EBFDA6
:105D700081FCECF15DF406EDB029D02186F37702C9
:105D800034E91BDEF2F2ADFD630746E97302B900A8
:105D90006CD933E642F3DCF8310430FF3101E7041B
:105DA000CEE8D3EE8EED01F0900DEFFF9F06A2023C
:105DB00085F9FFF990F82B01A3121501C700A7FE82
:105DC000390405028306FD041704190BAE045000C4
:105DD0005DFFA100540CA70584FB8E088E154C06B0
:105DE0007E16750FD3FCC2F5EBFCA7FF7F0D4D109F
:105DF00023F901F20BF5CAF432F2DBF8470FB60DC6
:105E000057EB87E967FA2A0275FFEB02EA037C0683
:105E1000D7FB44E4B1E7A2EA070EC6FD4903510FE0
:105E2000C7EC62F918FD3CF6AEEC6BFE5E0671FF46
:105E30007DEC60F78EFFE9FB2AF2B4F9BA105B083B
:105E40003F0A9805CF012C06DCF8F6F86103E50956
:105E50006902540456F1F2F8DA118D0C9C0A931180
:105E60004B0313EEC1E303FF8E01F7EB5D084A0419
:105E7000EAEA1AEDABFBBCF05BFBAE0A7DF5C4F5BC
:105E80001EE22FF2DAFA28F8A5FAD5079501FA06EC
:105E9000D20101063F022D04DB12DE14E30B0701E1
:105EA000C7FBD304AC14B70FD9033801F1029A1021
:105EB0007009F7FD8D198D0CD4FBE003920BB50C26
:105EC000F408EEEF39014D0A46009CFEF311CF0AAB
:105ED00071F137EE4105770A580B64073105DBFA9B
:105EE000A7E988E9AC01840A18059BFB0A04D305DD
:105EF000C3E0C8E4F5F6C9F952FCA5F20F13900E01
:105F00002FF30CF6E3FCAD0413FBF90C5506580512
:105F1000B2F50E06DC1114F66D0A60FFCD072BFEFC
:105F200051FD52066009A609E4F7AB033B06530195
:105F3000AD04361382079BF9FA05C7F586F97E038F
:105F40009A0D2B0B53F5A7F418FEE80D05EA16EC95
:105F50007707ABFFBFF45AEB6DF93415B1F37E0050
:105F6000B0FB0D0205E9B4E825163B0DD307E80E9A
:105F70006EF9C40489004D01A805C901CB0C8C0E33
:105F8000EC077401E90160F3C9F37003C020341019
:105F9000E0087004C704080730FF7B01EF095F11B8
:105FA000310DF1F72B0450FBF10220F9A4FEC10BD7
:105FB0003BEA26E28B0ADF0FD3F951E9D00F64FEEA
:105FC000E5EFA2F07E0ECC014FED9DFED8FEFAF972
:105FD00078EBDDF1BBF92EF99FFA72F5FCFFD200E8
:105FE000A6F9C2EDBEEB51F770F83B07860C97EAB5
:105FF000A4F849086404D1FF1E04FBFD3FFD7802AC
:10600000530612FE7EFD7D0955FADBF941FF21FBA7
:1060100040F3E612100A60FF010A1104A2F90C0015
:106020000C192A05A1F700F97F04890A58F419E828
:10603000280F870C9AEBBCF3B4FE140BA0F4CFF43A
:106040000318A32156F30EFFB4119E03A2FE72FFA4
:10605000C30FEA207BF871EA65FBFBEF81F6E2F6FD
:106060007B12531071F1B40246FA2105D703FD01EA
:106070001E0FC20B28049A03FB0556FFFCF909F911
:106080007E006602D3EF5F00070A28F4AF04990A86
:1060900069F80AFA2FFA0CF8470297F073023B12DC
:1060A00045F4B8F802004705FD00F8FC9FEE60FEDD
:1060B0005613CD06C1FB18F019F565F2E0FDBC06DC
:1060C0007B066BF46AF210FA45F96AFA4E111BF876
:1060D000E2040904D7F8ADF89209B5084207E904CB
:1060E00026FB7CFE3803D4FFEC03AA040B02E3FF7B
:1060F0004E0957FD19FF52F85301B0F56806A60086
:1061000000F0CDF57D14CA1924FDD0FD8F0421F9CE
:1061100054FC4E07020DEF17C2FFADF391ED2DE4D5
:10612000EE11950513104B10550A31F845E791E92A
:10613000720A450F30015BF4C1E4C1D92CED92081D
:106140002E0A2F0A0F006A05A0F34CF49302CFF831
:106150004AFF9C098E18A2053DF6F8092EE033F798
:1061600051097D0CBFFED907381BC612990253FB9B
:106170007C1181077B14EFF9E61D0B07C3FB6A0056
:10618000080B020CE8069B0D4B0032F80AFE01F8E2
:106190006EFFC2FEE908340DEFF9B5FE7DF632F868
:1061A0004B043D0820F8D9F86E033BFDC6F574009A
:1061B000BC06F1F85F0182FB88F88204DE02480623
:1061C0004C015C003806EDF73BF7A4F7A1FFBAFAE3
:1061D0005C0A28F9D4F50003D9FBA5FDBCFC33FE0D
:1061E000FA0438081804F7FCEA0782F5C7FF2B0900
:1061F00093FF0E02A2FF5B048AF8C6F9AE02BCF957
:106200000407250AE309700F5AFC300217065C02E6
:106210008D0D450A07092EFA8DEB1EF3E6F6E2F71F
:106220007300A6095FF9E70538F8C1F1B5F53C0838
:10623000B700A4F5DE12571BF500C90346F8A2F714
:10624000A5FE4212A6014CFECC07B6EE2CEB16EAD8
:10625000D50D22069E11D01167DF51F641F9D0F518
:10626000B4F8AD018511800D96EC33F09BE9C7EFD2
:106270006B035801B115160107F4BF01B8F45FF0C4
:106280006C0825FD3D0A6EFF9607F3FC7809870A26
:10629000F6044903A5F725FAF801AD09D7FDC706AD
:1062A000E7FA85FD0D0A18F70005320AB70888F7E6
:1062B00019080EFD88F790000304BCF68301CD0990
:1062C000620920FA2403A8FFE7F7230450FF9EFB8E
:1062D0009FF50A0A35F79DFBA2F8EFFA240924017D
:1062E0008AFAC5021EF9E7FFDF05140AA2F9D4FFF6
:1062F000AC002E07DF081EF7FEF510061A087CFF1B
:106300002E0CB5029C00CA066E0B9BFDE9FE720ABC
:1063100072F475070CF911FBF908FC004408E80752
:106320006AFE9A0808071003D5FF35F77FF59E0728
:1063300029095D001F075D02AE0563FD5F057CFF57
:10634000A30686FFA80992FC19F9D8F9060040F6C1
:10635000CF00D904CC08C7FF32026601DE07560918
:106360001C0989FCAE0695FA8F073F0668F8A4075A
:106370006AFD7607A0019403C3F75AFF600A6F0312
:10638000E1FB3009FEFF69FAF9021A00C807E104CF
:106390007EFD040844F6A400FA06260AA90078FB4C
:1063A00040050CFFC0056008940876FA56062C01DB
:1063B000C30E660C8503FD1323FF6A1463059D025B
:1063C000AB08070A5A128E172511651870F61C0CB7
:1063D000600D620B60136A00F614560E0D143C0932
:1063E0001E0C9006FD02B10B6411380B9016340C94
:1063F000B50238F4900465012F02F103AE02A10347
:106400007C006301A603E80E2401BEFA5CFCE307EE
:10641000D0110B05DA014606580646075D0F9803B2
:106420008D122C0CD502C902420FB314B212750B97
:10643000380C9D118905080B78035F05261155FF5F
:106440000CF78F017AF7000972FBB8F5C6FB12F959
:106450001FFC8008D60587F77FF9C9F8840AFA037C
:10646000B905D9F860F647FFD0F90F013608830463
:106470004E00CC015F0A93025003EFF77B086100E6
:10648000FF0DE9F96E0753FFAC0B5B12270CD2FB33
:106490005907CC0F7407D117DB0CCE198EF916FAF9
:1064A00030018E00EB0DFFFE262D3316B8F759FD97
:1064B0008807A3FF1C05BA13B61DC81B06F261EEC0
:1064C0008C0A7A036404C80CE613CB1241EE1AEB73
:1064D000D406B9FF3306DA074F0F17F621071A0D56
:1064E0000EF88B0A9C09B90020F346EF1D075D0AE0
:1064F000ABFF850B65198208F8FB39F20B018B03A2
:106500000800EA062112B712170F250523138C186D
:106510003113C5134F160016A60BA7038D16360FA1
:106520000502400707FAAAFF870A50F51B12750DEE
:10653000830935069707E301C3F892F924FB370175
:106540001401EEFEAAFA0004FE007FFEB3FE22084C
:10655000B3F3EFF7E7F339FCF1FCE4FD5C046F0BF8
:10656000FCFA0108EF0D4402510C7C11F20B72058C
:10657000B603F409C410321780FE8B0F200563F7B1
:106580002AFC0D09690392F44118D512B3E977E5A5
:1065900098FFDE0C37FCF9FFB20945119DF129EB9C
:1065A00075F786FAA205730C5F167F0593E745FA27
:1065B000AC00B2FC65017F0B0BF8FCEE6EEE74F5DF
:1065C000A2FE01FB280A9D16FAEABBE11D00CC04DD
:1065D0004F031FF9EC0E9517CDF3D600C8FDE0026E
:1065E000C5FC690BB00F920C71F8E809DA1511FDC2
:1065F000DD0BD103FD0B2012E5015B037A0A50028B
:10660000FDFF24EF340943EF0BFC9C04B710C400DA
:10661000B2FFDB0140F23BF9A102FBF51E01EBFBEF
:1066200035FE95FFB7092904ACF609011E02FEF7F5
:106630005CF20FEBD1F5860BCA02920DFE06E0F478
:10664000050D6FFF9807D8F6BD024803F6020A064B
:10665000FAFAD408A9FC55F623FE4AFD98FFE9F69C
:10666000D50E490C38FAD8F2E400970179FA78E9A6
:10667000E00212FF4F068CFAFF01EEFC7DEEE1EB2B
:106680002800AFF4E4F5F100C8F932FF49FAEB0550
:10669000FEFD3A00EAF7DF0A7907E5EE52F31FFC48
:1066A00039FE960DB30F3C11CEF6E2E9B1EFF8F4E6
:1066B00034F5D201AF0C511078F50DFAC3F48AFE0F
:1066C000150BA002F707F312B70BAB0FFBFDCAFEC9
:1066D000770E9E08CD12F600EE02F5137E01B0F59E
:1066E0001F06070624073CFA111C921AC9F37DF80D
:1066F000E2FF5A0CFA00C0005218110459F21C01B2
:10670000D4FE9E07D7FE8208E9FBDAFD4EF754F669
:1067100099F5A1E2D2020801240221F4B10EE0FDB4
:10672000A703E5F8CDFB12F9B7F8D9F8DA0B110396
:106730006BFE5A0B88F9FCFA2B05B30201046DEDD0
:10674000A9F8F20A37FDBBF065FAFAFFF9E59AE815
:10675000FA0DF600C201CDF9280AD2FABAF6F6ED22
:1067600015F8D7F3B4F368FAFBF2C1EFE4E36DF484
:10677000AA0D710666F9D40A25F74FFD1EEC41FEFD
:1067800099FCE3F6E1056B1423F3AB0069EDE1F747
:106790004E0192FA1B139319C8FE7505F5F3990083
:1067A000BF00DEFC55133C07300FD8F4A7EE76F59A
:1067B000A4FDDF0D4D0E7B019B03B903A1F430F85E
:1067C0004A16910B16F3A4FB94123627DFFC99F3BB
:1067D0004B146E00B5096D0BA6199510780633F7AA
:1067E0009A0416F3CE001C01BAFA97053CF9B6EEEE
:1067F0009D0698FD67FB8CF94514BDF4CDF59F000F
:10680000E415820B71FFD9FC5EF8580341FB9A0333
:106810001FF424FBF700F6FE09FC76074AF71BE598
:10682000B0F76E0296FB3902770B140CBBFBA9E79D
:10683000D2F51D01A4FF4FFB07FD11F2F2EA87EA32
:1068400082F1170175F918FF0DF2B0FD80E513F420
:10685000D1F7F9F58B04340C52F1D8E176FB2BFF1C
:10686000EEFCC0EA3613660A36E6D5F20711AEFE34
:1068700044E8DDF6D70B611621F93401DF0DA5FBE5
:10688000A1F00500A20B35FF90FE92F1F0F30EFB94
:10689000E1065012BF0A030CB6FEC503B1F9F7EDCD
:1068A000030BFA063A0E4708E0062C1DFEF18CF7A2
:1068B00002187A03BB0A0AFF7F0AA601F1FB04FC57
:1068C000A50366F921FDF7F888FFEA0504F9FAE562
:1068D0000B0DDAFCACF10CF5CC038BF684EAA103CA
:1068E0006A0409F68102ACF4D505A41C7CF16EF7AC
:1068F000BCE949FA84FABFF479FEF01025F1ADE65F
:106900004BFF260960FFC0F19E1A4D0B4903B5DD10
:106910009F09C2F55D010F04060435EF8DD4B9E47B
:106920009AF92AF971086407F4EDC6F7C601FA006E
:1069300051F77FFE16155E128BF1D2F65A0C5D00F0
:1069400078ED85FDC90B6A0203FA8B06D108E618BB
:1069500076FD2BF53A0EDA0461FC050239F9ECEE0E
:106960005903F5054405520F43FD59F9150068F424
:1069700063FB78FD200E1E00630305FCAE03B4F13B
:10698000290ED51FB3F941F887F2D30402FC2BF886
:10699000690C38058209E507881C72FDB0050B0CEF
:1069A000BE075AEF8AF96DF7FEFFBEEBB2FC59ED58
:1069B000EF02E7FBFDFFED08A512D91082F5A1FE5D
:1069C00058EC6CF743015BFA17FC46F40AFB13EC36
:1069D000E3F815F133EB90F88601B40720F9C9F418
:1069E000AFF80AFDFBF76409250ACC05DDF125E2C5
:1069F00011F8BDF79E097802E9FB65F4FCEC8DED1A
:106A000061F13E012B11AC0F4FF80EFBA5F25F00B8
:106A10004400FCEC6701670D66F6BEF4FA04EE0D67
:106A20009C0141FA160AD0059C14430DA206060FDC
:106A300080FA3EFD7B0241FF9204E3055DFC1DF6FA
:106A400026F8EC097804AE065A0C2A0BF5E4D5E6D4
:106A5000B2FBFFEF8D0CFEF9F9F97AF4BCEECBEC4A
:106A60009F0F791BED0B8A006308191972F488F9DE
:106A70009F0339FC720705FFB5123B126CF7C1ED9D
:106A800091FB66F5E3FC2BFC00F916EF7FF047F273
:106A9000410356F764F63303EF18F1022DF914F5AC
:106AA000B1E908ED14060CFBC9FD09F0CFF460EF65
:106AB000F1FF8FFFD8FB73041DFF52101AE173F131
:106AC0000E08AE05E906FB03501465080CFA04F342
:106AD00067F211F1F002E2FC41033E01F90646FAC9
:106AE000BDF3A6F7E3073E0CFBFB38FE50FFCD0BD2
:106AF00039ED98F984F289ED68EC76FDE90BC41460
:106B00009D02B1FC42EB1AF9A714720A560884EBF5
:106B10007AFE35FBCEF686F6A70C20042AE381EE3A
:106B2000EDF912F68CFD2EF7BA017305FEDF71E95F
:106B30003CE1BCF6F9FA2AFEDF0A55F915FC75F9B5
:106B400022075B0CDD066C0C970B45102BF501EB57
:106B5000BDF61DF05E06F0FDC70464FAD6FF100511
:106B6000E800ABF894F66F061804DBFEF3FF3DFE79
:106B700084F34EF50AF4E200B7057509EEF9BDE9B4
:106B80008BF720F65BF9A3F3ED0073EF28EFD9F252
:106B900010070B0EE3F63DFADCFE0B0A02E6E2F309
:106BA000D90B000A0F05710644062D1287018AF2DF
:106BB000C7FE2EEE4102EFF0A20188F7ADF7D0F646
:106BC00084F683F41FF760FE80EF1EE9C000000D1D
:106BD000C9E8F4FD88F28DEBB2E17AF6500DF414B9
:106BE00025FDC0F8D2F272F2B1FE5C09780CDBF23E
:106BF0007BF2090156F1CFEC6C03BEFF72F0E0EDC1
:106C000026F828F3D503C3F17F0CC214E2EDC0E6E9
:106C10002DF8CDEC96F6E8FD6B01D2140EE9BDFB24
:106C2000210E030BA3FF7AFD24175709C40382F139
:106C300098F2ACF7F80BC1F7130AD7F329E689FAF3
:106C40000CFD51FE6EF506F522F7EBF931EEC9F5B4
:106C50003AFCBBEE3DFDD10D92F8E8E7310B5DF556
:106C6000F4E77D01160D24EF12ECE0FB74EFE8ED84
:106C7000AD02B208E0FCDDF66BF8A80AEEEB53F8C3
:106C8000E308AE067D0A9E05700AE40FC7FDD9EA47
:106C9000C9FD1A00E7FBBA006E07EFEBF7FCC00E68
:106CA00035F837F478051A0345F6B0EAB109380C1F
:106CB000FFE1D6E7B2F967F309EE7AE5E10F1B09C8
:106CC00040F1A4FBB2ED1FF940003D040AFC6EFA4E
:106CD00043F2CAF622FA7CFA8800650E590063F97D
:106CE0005501AFFAE2EC47E8DD12000F5BEAE2EB98
:106CF00032F538F3DBEA29DAB109811A5DEB02FDDE
:106D00000A0486FF9DFE1FF70423021503F2ABE180
:106D1000CDFD54E8CF0E3BF9D20DF0ECBCE440F7CA
:106D2000590083028B03120665026A064CFBC5FA02
:106D300017F8F8F939F423099BF4AFF6A506C8F063
:106D400059F774005BF815F0E0EB570393E627EC76
:106D5000E40DC00AFFE881F73D0A9A0B86F128FB93
:106D6000070FA10DF4FB4D0C5910CE106201460126
:106D70001B09B2038EF7FD0F2208A705430A57131C
:106D800069FDF5F581FCC7027904AD0B0A24181FD3
:106D9000EDF118EF36FBA2EE0EFDBFF9CA12F308B3
:106DA000B4F53CFABFFFABF86AF553F30112B6082D
:106DB00008FCF9F5DB056EF4B10159064D127F04AC
:106DC000FFF59D01C2EDF3E7650CAB03F4F364E955
:106DD000F0FC290BE9D926D93707960F17EC1BF8D9
:106DE000530FACF86BE879F5360AAE0AA5DF98E4E4
:106DF000FEDD7BDF63F6DCF73E0371F31CDEEA04A5
:106E0000B4FE9EFF4C094EFF7BFDCBFF150F9C058A
:106E1000B503C8E741FE8DFB33FF8FF4A5F9F6F209
:106E2000CEEFEC0699EEC3EA8FE765F884F436E41A
:106E3000910D4D16C0FC1B03DC03660AC2E4B6F6D6
:106E4000F406D91AF4061BFF7011FC13BDF1710989
:106E50003F171BFB64FFB3066D035513CC134C1B8C
:106E60001802A1E80109900E7D179502131E601A01
:106E700091E9D0F9BCFA34F5C1ED34044818130097
:106E80004BF4A9F33BF9ACF4CFF71FE9A613CE0FEF
:106E90000903390B2DF7C4EA90F6F6F20A02BA0597
:106EA0000EFBC30E72ED54D68AFFB7F6EDEF38EF46
:106EB000ED04D20F59CBC6DE99003B04A1EC28DCCF
:106EC00059FE07F178F3ECECD80B9EF2B7CF9CD2C9
:106ED000D5E869F5B0F8B9F869ED74F861E4CC0368
:106EE000E80122002307BC032A08E1FCAAF05C09A0
:106EF00034F5E0FF7BED8FF766E42BF07DFAEB01D4
:106F0000B6FBE3003FEA34E4FDE6E6FC9BF390E0E9
:106F1000531094109EF33008CFFCED0C56E2D3EEE4
:106F2000A5153412B906E1FF68139C1236EF5F1500
:106F3000070F2D0B3BFEA60A9119891AEF1F2C1A79
:106F400021FBE2F4FF046D083317930F96194B12DF
:106F5000CFF1FEF74800C1F8BC036909F9FDB10C97
:106F6000C30A46090FF757F882003DEFF5172313C0
:106F7000D3FC07F80CFEC3E6A1EF55EF83183FFCE6
:106F800087FBAA06E7F969FD9FEA9DF7B3FE05E4D2
:106F90009A19DC0BD5DB9FE7F610ABFA27E6BDE0CC
:106FA000590E91FBE5ED43FE180AF9E8BCE33CE914
:106FB000EDDCECFEB6EC5DF40DF2B3F415EF4FF042
:106FC0000D0C770514028707ED0206003BF4B1FEB5
:106FD0008B01A7FE75F7D7EE1D061F00BEFB81F4DF
:106FE000C0F662FEDD0171FAF1E4A1EFD9FFB2F261
:106FF000B4041D0952F8610AE8F4F2F14BE19ED4A1
:10700000E711A213B2FC8C015EF85C13E9F2CD0526
:107010000009570C3CF60A0F1B19ED15CA1ABF1FC1
:10702000B81B3608B414640979133316281A88007B
:1070300013F92F04C6061505751CB909DAFBF80CFF
:107040000AFE7C01ADFDCBF902FAF5FBCB1C971CC7
:10705000F800EC024DF2A8FEA2EB4AF035024F0018
:10706000BEFEBDFC2F0A0E01A3E339F0BDED86F68E
:10707000DA010506D4FA3AEFC508EF07B4EB15FAC2
:107080003702A11216049EEF79FE69FCB3E6A3E372
:107090001BF350E556DEB6EBB7EC8EF515F1AEFE00
:1070A0001BF624FEB5032B0D05F3660A8BFAC60A00
:1070B0003304EEED0103F4FCBAFCAC093FF6290001
:1070C0001BEF56F5D1F7DBEE66D201ED94036E07A8
:1070D000F80261119BECC1F440F5F3DE43E06EE28F
:1070E000930842061CFCCAFED0EAEAF7B2FF6C0A1B
:1070F000DC0F241B8502241800089217B8172D15E1
:107100008911560C89135E0B7D15FB0DB612BAF86A
:10711000A5FFA7FD0205AEFFA30C9C00B7049B08CA
:10712000760C06FF83F249FCF3022FF7AF21DC084F
:10713000610432097FEFAB02BBEE5CE855FA52F80E
:10714000AAFF51092D0267114BE6B7F217ED5BEA72
:107150005109500202095CF94B0F0A0A6AFFBAFC96
:107160006BF9470677FF7EEE590825F613EE82EE9F
:1071700068EE7FEFB4015AED89E257EE62E823042E
:107180007E041B001302B4036F09220150FAD603D8
:1071900055FC14F97204350C09F5B4F527FF77FC9A
:1071A00074E843049EFC65F364EA03ED850067FB25
:1071B000CB0A420EDFF12800CBE528E18FD611E1A2
:1071C000180B550E69021102F4DA1EEE74F28AF3FE
:1071D000151A10179E04950358F10D02490B72FC05
:1071E0002209C510EE0FD1FDB9018702B901C3F71D
:1071F000A50A4B058CFB2CEB870687FB24FF4A1264
:10720000521005FCFCE50DED1F04B6F741FF6EF7CB
:107210003CFFF7FDC3FF0219DDF6BFF92EF58DE344
:107220008FF672033B1062116AE168084FED41EF7F
:1072300088FC0B01D50753FAB00B9604AAF4170487
:107240000BFC64099DED64DCB3F55DE613F44BF9CA
:1072500039F986EE72ECDB018BED21FB39F855FA3A
:107260008AFE45FA4E0F7A1168ECE4FA76F78FFB46
:10727000F9F59BF2B606D702F3F097EA81FD6607AF
:10728000FEF409F5CB0150F982FA95F494FF6DED07
:107290000AFC81FDA4EE5EF24BF326F7AEE26EE847
:1072A000DF0FCA117100DCF953EB8DE6CFE8CDEBAF
:1072B000590D72089EF73EF95CEE84FAD7EF72F032
:1072C00086130116E903A0FACD0D6A049F04A809EC
:1072D000EA09230D2BE106F99CFCB2F2B40FBEFFC4
:1072E0006C09950081F9A4FE2DFD280020FADDEA45
:1072F000A5003904EA00A41E23F89D0417EAD8DF8C
:1073000045F80B0601186D17D1FF48FC97E50EEF05
:1073100021FAA50AEAFCC5EA250552FEBDF6330AA4
:1073200082F9B500D5D468D992F21BEF48F95F0411
:107330009CE7F8F368F737F4E4EC390036F82F06E9
:10734000EF04BFF125016A078C05AAF6A3F828FD12
:10735000BCF6550006F886FB0AEC8BFE5FF6CA0603
:10736000430488F886F406EF25F83F060D09E9F78F
:1073700061F93908BCF1A8055304BCF33DE09DEB6D
:10738000110C3808F6F6BFED07FF9EF1E0E1B8E713
:10739000A605711498F3F1F947FC40FA82FA150238
:1073A000460B49073EEFA1E728F23DF11F06120602
:1073B00067FEFF0A5DE516FCABFE33FF641245F77E
:1073C0006D0BF4041DFFDB0C34F8D0FA08ED1AE164
:1073D000B2F5E1FCAD0DCC164E0B5C0388F1DCFA86
:1073E000ACF5CD068618AB147BFEF60EABEBF302C4
:1073F00012016106A91000FDC204170415F8131547
:10740000B8FD0503ADEF0FDB7AF963F8E807150463
:107410002DEEA700B4ED5202BCF7AEF2C50008FF96
:10742000A80840FB18F9B70E0F00A0F9BA0919F81F
:1074300010F98C0E65FB3209A612F50F46F9EB0226
:1074400033F5E1F569FC43F3EC0654FCE4110EF668
:1074500025F23003C4EC940542033105E2ECF3EE6F
:10746000AD00BE097BF778F793FAB30D95DCD9DF51
:10747000B004BD08E9F943F62302CB08E5F911FF92
:10748000E7045AFD86E312EECFFA89F78A0DE10888
:10749000CE09C112D2F20F042CFFDEFCA7052AFE92
:1074A000D30D480994F84B06D306310E3DF8BEF0D3
:1074B00086FEA700DE15A519CB02C5FD11F9BFECAC
:1074C000B4FABE0D8B17F9150B0520083AFD43EEF3
:1074D000CD077EFCA605A5FE120E7714C0F75CFE54
:1074E0009EFD2907A9E2DFEBF0EC24F1F70BA108E0
:1074F00010FE0304B1EBBF00AAF590019A03B40299
:10750000CF077AFDEA07CA0C91F7260D9C0CAE074F
:107510003409E81106F50EF8A70EC2FA70F911FF4A
:10752000FA03E1EFF805EAED5B1692FE9903F0F33A
:107530002AE8ADF2DAF436FDA30AE900F6E79AF597
:10754000F706260796FBDEED2407AF0774F994FAD9
:10755000D2FE2004CBF362F7F3033DFECCF379FDBA
:1075600038116C1105004F0424FEAFF4DB0715FF42
:1075700068096400EE0F081142F34E0676FEBCF176
:10758000450B8EFEB602F105FEFA460D2DF8E6E338
:107590003EFE16FB631AEF1013048FF3F3FABEFCE2
:1075A000E1FAFBF73810FBFC830DA31095F85BFAAA
:1075B000ED0357048D087DF8E30C51FD1D0897F984
:1075C00044E9B7FE96E817EE70000FF781F970EF07
:1075D0009E0F9FF7D1F07FF773E7C70507FAB6084C
:1075E00036F84FF5F4003E0420F8E8F8170B0C02CB
:1075F0008C034D080CFC1309DA07B702820DFCF866
:10760000DD02FBEAF30D2CFFF5110F0C3DFFBBE78C
:1076100089E37AE75B040B0B8C04DC072DF296F907
:1076200061F9D1FAEBF041F2B9092103E6060C0544
:107630008800AE04C205900D4506F10245FF4DF1EC
:10764000081A6817A0148D0AB3F7030933F963F514
:10765000D30864119D142E1BAB057E0D40F546F03A
:10766000CD01AA00AB13ED0B4E02D1097600A9F7AC
:1076700039029A032F01E40FA50E9709A308D80138
:10768000DB036B03BF08ABF4E70D330B0C0D8C0E63
:10769000FDFC9C01600629FB9CF55F054C02D011A6
:1076A000F0F3C5FCF5E29DEE51F98EF9B00203F955
:1076B0004406EFF82CF490F52C103500EA0B4CFE44
:1076C000AC01E5F7DAF8FAFE6F0833FDB6FE2EF6E8
:1076D00084F81E08440E6212BC0CE222BDF8B3FA14
:1076E000620288F2ED176302281AD61170FB23F6A6
:1076F000D3EB1AF4860CB213E7F94FF8AEEC78F13D
:107700002F0067FC08034D127FFF3C0B21FA3B0161
:10771000D0F74EF247097618E003E4F443FEB6F9D9
:107720009BFB8EF6BA0F56120904F6FA2A06FFEDF5
:1077300043F38BF8DC0BBD136406C70701FA95EE23
:10774000FDFE0E0154187A141E0D8C1159F6B80462
:107750001BFC9A0762025BF55011480421FDC4FA34
:10776000B70720013B05A0F9B505E2EAE5FA12F8F2
:10777000430053FE49F70D0787EAFF009EFC29FCF2
:10778000A8F2A9041AFC7DEC36F324E9F8019CF96F
:107790002CFA4A0A50F7A706430A2A010D0F2500C2
:1077A0000608CB049EF90C00A3073BF85903D4FC50
:1077B000ABF9250405026615F5085B17EE07F1FB2A
:1077C00075F397FE5B1E0A16F3086D02E018EE0AC9
:1077D00071F5B5F10D1D8A20C2F51BFAB1FC3E060C
:1077E000C4E61DEF6019FE2489F81C08E3031F0995
:1077F0004DF7E6F28221EF144D08FD07940388F05F
:107800000EF7EAF75C20441A1C0C430D73FBB8FB1F
:10781000D2F7FB0000177B17430E64043AF73101DF
:10782000FDFECEF60C19A90C851B260D92FF6B15DB
:10783000C402B6F9DF0A35FFCC071705391C5A0C0C
:10784000C0056FF5A3F505F9B8FF70F48BF9DB07F8
:1078500076F5E7055001BEF9F80ACFFE22FD4A157C
:1078600099E28D02D2FFC9F063015DF80322C00CDA
:1078700009F9C60104F81104EFF659020206320AAA
:1078800075026C0079FEBE078606450385FCEEF99D
:10789000FA0FBA0412FA83F0E0033DFEFCF7CC01C4
:1078A0008907D6FA5302020693F3D1F65215C204A1
:1078B00067F057EE492A3B22EDEA6CE853F7BD0921
:1078C00094E968ED002C4126CF004404BE1A7E0ED8
:1078D00016FD02F5D32CFD1C3B0453FA5A0BE30AA8
:1078E000ADE9C1F30E2ED72547004306C907DE01D7
:1078F000BFEC8500BA00610A8D08720C360F9C0C33
:107900009FF02AF8F315E51C17FCB8F7FC13590E85
:107910001DFBF2F7A10AAF1AB80AD0FCB117B302E7
:10792000BCFAF3F91CFEC3FE88F72A0DC1EB33F352
:1079300033FB5A0AE311DF0570038B112205041390
:10794000FC09DF039B05AFFED3090FF59D12F4057B
:1079500091FD32FAF1FF20F6A302F905C20D2A02C9
:10796000DAFA4C040BF87D0761F94A0A4F093D0326
:1079700048061FFAFE004C04E3F7B8FB27FAF904A7
:107980009C012303A30E32FB9D076DF28D0E9D110A
:107990003202D101B6F46BEED6DE72E7F1FFB31915
:1079A0004BFFAFF137FDF1F92FED6CF1E5006B16F0
:1079B00064F456018E0E461E06F738F6F50E10FDDD
:1079C000B715520A5416261E3BF781F6DA0AAD089F
:1079D000E6F8D8FDA6085C0866E7E0EDE521A31708
:1079E00090F9A500AC0C5C0EC300AF05991A7C2081
:1079F000FE0363F5C41AAE0E28F87DFFD323B00250
:107A0000B6F0ADEB560D7902F7F958F94CFF2BF7AC
:107A1000AEF268FDBD0C971601F439006BF362F20B
:107A200095F6CEF86E0221FFDFFF73F7CEF8D1FD99
:107A30004A076208030A7500F1F9CAFCBE02B802DF
:107A4000B4F9E6FDC0070A04C1087F04E90988FB10
:107A500069FCCFFA60FDF3FB250494083F0006FEA5
:107A6000E207530410FFD9F9190153FD55FF65FAD8
:107A70009CF996F46906EC072DEB67E5E5F48DEECD
:107A800030F5C2F7BDFAFDF432EA11FCA9F22BFC85
:107A90006D03EAFE080059FDD1E4F9EF1C0D520D0B
:107AA00063FE4CF5DB08E8FE47FA34F6280314FCC5
:107AB000ACF2060921FC6208F8E7CBFB201FF20BB1
:107AC0005CF817FF59FB7FF9C3FBEFEA0117880643
:107AD0009005CFFF1BF20CF252E841F59211D6113E
:107AE000A9FC7EF67BF3DEF5E0FA88F00B04EB01EF
:107AF0005CE7F7F27BFE480723FE1B095BFA0B0AE3
:107B0000F6F8450033F9B40021F76DF6CEFB63F7C4
:107B100026FE22049C0859FAB1FD7D0148FF8CFA2B
:107B200075FF150AB4FABFF51E051FFCBAFDEC0679
:107B30000A0A090725045EF87E010B010FFD02FC0D
:107B40006203B2F71B09ABFBB8F73CFCE8FC0B087F
:107B50001D0596000FF75B0286FE8501860113085E
:107B6000DD08F70854FE60FE15003D0AB302BFFBB6
:107B70000B01BAFD270352FF29F8F4F712F985F833
:107B800048012201B402A502470764FB79FC1FFFEC
:107B90000412B1F859FD62FBF2FD40016BF3C3F72B
:107BA0006902F1095809C2025F0838F9F802B406FF
:107BB000C2F93F08D7077C08CC00FBF5C5FEEE02F2
:107BC000CA04CFFB4FFE9B0039FCF409C4F993F6BD
:107BD000A3F97B02690013FC4905F800B7052F06DD
:107BE000AFF51FF69BFCB905C3FC0B0538FCB507C8
:107BF0001AFA3B0306FE4AFA5BFE30F94A00150604
:107C000087F8EE03BAFD9AF59905E50863F8F1FAED
:107C100060FDB1F8BBFE9F074B04BC03C6056E04B4
:107C2000FA0A7CF909FB3307280A310BABF777FD19
:107C3000770FB108C9F0E8F3D7122B133D075A07A5
:107C40004F109C1056F6E5FACF071211341679132F
:107C50000103FA0E1AFDE1F65208CDFDD8FD070228
:107C6000600E101CF1E8C8F1BDFBD807A604B906E8
:107C7000C8F5090B1CFD76F30801ADFA32F8350C96
:107C8000EE0EC91A69F19DF9F411060EA6069604C6
:107C9000930ACC074FF4F5E3AD103012870FFA09C1
:107CA0002F1662015AF1E3EE1214BF0502069F136C
:107CB0004B07540F4DFAC3F5FC10B007DA0AEA057A
:107CC0001BFA54FFB3FE44065A01BE061BF61FFA08
:107CD000D70960FEEC03B8F87AF5010A92F8AD090D
:107CE000D80816F75CFC6609B3025801F9F660047F
:107CF0006DFEEF0F6704F2F23806FCFF0B0A9511D8
:107D0000BA18390AB7F8D7FDE1025009380CFE0459
:107D1000090C3B1FF8F894F6A10B4B13B7FD391073
:107D2000101FFC267FEFA4FA061FA626380B6A0256
:107D300040195D2333F74CECC21B6E0F9AFC5208BE
:107D40001C168101CCF3FFF2AE22A50E9509AC05FD
:107D500067FCD9FE780429F6D50BB31F69003DF9FD
:107D600093FDFE0150011A054D1E742A8707471224
:107D7000110EEB0235F840EDBE212A09F2014E0446
:107D8000BC08331555FB66F79E22EF2253111506EA
:107D90008B1A481B8DE87CE18D16FD13A517D011B9
:107DA000AE046A0095F64DEBC510C0084BF5B1F472
:107DB00094FE9502D2FC50F79709C70953FE74014F
:107DC00095F811FDC507540527FE1DFE670294FFB7
:107DD0007CFE2108020643F52E04C602BFF43703D9
:107DE00041F9B70A83E57103030D40FDF00A02096A
:107DF000170AE4FB77FB8BEB87087B034900270816
:107E00004EF6051DFEE3DCE37A06D70EC910CFFA65
:107E1000A00C3F0CA3FEB9FB600AE00D980A560FB8
:107E20007D093A049DF38EE1790477025E0A4106EA
:107E3000F0FB39FFC0FF3D0E950E98156CF7450518
:107E400012F86D01A11B2D18B3155705B90650FC8A
:107E5000AB04D7008517070CD70AE20B880B2C0C54
:107E600041F388F911067900BBFB3B147302D11072
:107E70003305F715FDF59EE93620701699095E0861
:107E80007603AE04B3EA04EC200832FC940C6BF7E2
:107E9000B5F74E02FFF011FBB50B8A005706EAFC5E
:107EA0002DFB9DFD9BF6D4FF7A01F90692F5B800F3
:107EB0008AF959F4C30BBBF951EDDCF505F9F6006D
:107EC0000CF191FD1301D2F64AFB3AF9CD14ED09FC
:107ED00038017CF695EC16EAF609ADED41F1A806FD
:107EE00094FCB81644FA4AEB3706540DFDFDBB0866
:107EF000A3FD54FB21FE5B096E033302650D3403C1
:107F000012FD0C047A0289FCCD1CC50D0805010088
:107F1000A00B63F9F2042B06A4170701ACF313F7C7
:107F200097F62C00D416B918AA0C3107370540F77C
:107F30002007B7F8201C860D38FD75062F01A30A0F
:107F400015FE45F1591DE703B6F9EB0ABA0BEC0E25
:107F500008FBD7F9A5012FF70D06D70DB2150916A5
:107F6000CBFDF50295F7BEFED7089205FE0ECCFFBD
:107F700020081016A3EC6CEFD501750CF009B501C3
:107F80000504C107170A480307FA77F52B02950481
:107F900093F7FCFCA8F9A7F2BCFA460434EF39EFDA
:107FA0006C0990F590F4F0F130FFF0F8A30741ED83
:107FB0007EF627FF6CEC33EAB0F0B6F6D6F7060A89
:107FC000C0024FFEB1F2B5F455FB8C048A0256187C
:107FD000DD047D0D2DF96FFA970C4708E00AA50224
:107FE000E3070B0374F605F2B605070931F163EDFB
:107FF00061FF2B0BDEFCE7FE81034E0B0CF7ABFBA6
:10800000DF06E6042014820B9B0CAE0850F59BEDB6
:108010005EF817FD4425B11B6EFEC6F853F17B01D7
:108020006EF64104021C310999FE12F9DEFC3D0591
:10803000A9F1E4FBAE145E08A6002FFAF80D751442
:10804000B1F41E0486FBD4FF580FFE05C918870B38
:10805000EC004C0EEDE3DDF4EF1B2505901D4D0CFF
:1080600059F9A0FDD608AB014EF642FC0DF72507E5
:108070007D0AB00FB90204EA3D059B047FFC2EF394
:108080008DFE900243E726FF50F614E39400810131
:108090009104260EC4EFA1FD4FE700F4F801200281
:1080A00043092E08BDF77F0E510AC610CD0E090EEA
:1080B000F70749FFE1FECFE6100927FD9C01720892
:1080C0008C0A4FFB3AF4E2EE5B079803630365F515
:1080D0001505590190EEE4F878FA8F0410E74EE4A4
:1080E000BAF9B3F6A0F9E00C50FF32F691F15FED6A
:1080F000F3FDE6FC6F16361F59F8C601D2DCA0F777
:108100000F00A408C217490F78E9E3E731EA93F2B8
:108110005E0839F945FDE100C5E402E96B0A9B20E0
:1081200018FFDC0CA6015CF96504202CBF1A52195B
:1081300003EDBE0CCD0091F1490854072F0DA208A4
:10814000B2FAEA08D207170E8600D603650964FC66
:10815000E507B80D98F5AEF998EC79F005078EEEC5
:108160005101E3FB8EEE1C0857E009E9B00CF8055D
:10817000FFF9F8088EFCB9F900ED66052BEEA106B3
:108180008502BC03F0F984F57C08620D480189037F
:108190007406DA064B0165FC760C06FD5E0AC10327
:1081A000AC03CB0AD8FDA1F8BFEF1BEBD9F8A4F5BF
:1081B0002601F6F83AF0F3F400F9A3F0E8E459F5F3
:1081C000E2F99C01BFEFE81018ECA7EAE9EAD5F460
:1081D0007601AA088F19A61818E54FD6E2EBCBED69
:1081E00088011A0AE022BB052CE5E7E4BEEC480052
:1081F000320D2606C40BF3FF75E6BBEC2DFB08170A
:10820000D50DF8FD380063F8A2EE2510690F871A26
:10821000E3EF5A125CF60AF6170B6F07E715F90041
:1082200084196316A4F2CE059C00C80E61102BE6DB
:10823000F904490B77FE3E0016EEDCDF2601D7FF7E
:108240009201510352033DFA37CA6AE48AF756F79E
:10825000AF091B0190F33DEEE0F4EAF62FF591042F
:1082600063027EFF62F712F28F054308410B390863
:108270005EFE4A0104F57AF82B0A89FD3104C3FF3A
:10828000EEFED00349FA3DFEF40478F67A04B6F225
:1082900002FE68FC36EC1EE402E785DBB5F0DFF198
:1082A0002F0BF608DCDBD709B3E826DFDCEFC5FDD2
:1082B000E5FDB00A84100D18ECD1E3D38AFA14F16D
:1082C0003E0990FE7019A918F6E7B2EA0A065C00AA
:1082D0005B0B8609F50DB2F519E516F749055F0D3B
:1082E0000A06E2F89AE87AF41C031909E514891DD4
:1082F00013FC39021AE5F9FF7DFCA20FDC0A9B1082
:10830000780EDB08D0F821FF0A0AB9135AF81EE5E7
:1083100010FF920FDA05091098FE63F09BFEF5F846
:108320008CFEF2FF32E756EA10CF53E01604BCECA5
:10833000E4FB5C0167F7BBFCA4E76EE6E9EECAF07C
:108340000507240B12F3AB0016F3C9FAF90411FF69
:108350005D022EF7CE09160350F520072E045C06A9
:108360008800A2FC11F371F5F6FB44E0B8FE2DED98
:10837000EEFC4E0183DBEBC8E8EAAFE00FE28EE3F0
:108380008D0685F6FBEB5A058FE0DFE1EC02EDFD93
:1083900097F99F05AF190B18D6EB80EF13F99DFFE6
:1083A0004E07D5010917960941EEB9FFE6059E0C67
:1083B000AB027B09C507CEF7F5F210FBF9FB5502BE
:1083C00064FB68F58CDF01EA3A131B0FF309621DA9
:1083D000D404B4FC4CD6DCF09B1C8D153A0063EC45
:1083E0002F164FFCDF039F048705CD054F00BEFD10
:1083F0000E121EF88AFEFD09FC089EE42400EAFE27
:108400005BFDADFE67EC35EE99E96EE17CFAFDE3CC
:108410000F0447055FFDAAF686DCF9F1B2ECE7FC34
:108420002E05ACFA2D03190377F5800748032F0DAD
:10843000D2F98BF859F873F906F762F9430C610D1C
:10844000C3FBBF0164F6F4E95707CDF96A0B97F156
:108450004009D5F6D3C6F0CD81ED3AFEA8F4C7EABF
:1084600093F58FFDF2F24A0BC7F5A6FE9E008D0331
:1084700084023A06AA10DC2538F703095806F9F0F9
:10848000E7015A0EEA1BC1035610640D27F8780065
:10849000A704470B7EFAAAEB180F620FCF01C6F6AE
:1084A000D90F76ED2AD9D0E68A25E315130EC6FF3B
:1084B00095FE1AFEFDE1ACFC0E2D370A3408A3F13F
:1084C000CC123F1B9403AEF322FB63FF83FC6305D6
:1084D00012F58C110DF6A6E98AF488EEE5FC0DEB99
:1084E000AA000FF745E90EF9D0EF84F385F095ED7A
:1084F0002E0225109DFD7DF787EFCDF4FEF63105A8
:10850000F9FAF7010706D1FD170016F4F7FE0B1470
:10851000F1F36208E7FFCFEFDDF589FF060BD80422
:10852000AAFDE1FE16FF4EF86D038F0FF601F0FE77
:108530006703E6ED87E5AEE630125A1416F50CED4A
:108540009BECD3E763F5630FA001D0F9D80FA80B1C
:108550001CF3CA06F7187C1EA9094E18510C2DFFF2
:1085600034FFF401C210ED0AC10970138FF6F7F45D
:10857000DF010F1759F851DC480EFE14F2FCA8FC7D
:108580004A107CFDCED449E9361AA525080F5507B7
:10859000D0FCECFBD2F2F4F5F918E70DD90AE6FBB2
:1085A000D9094206E9FB0AFEBBFDF6105BF7B2F6FD
:1085B0007CF3AE046CF617EDE315E31DBCF0E707A2
:1085C0006CF30D0184F2C202CAED69E42DE972F781
:1085D00025F177FB2709E3FCABDE09F0DA09F20DA0
:1085E00083030A055B003DF9E500BBF2CC0181077E
:1085F00041068DFFDCF2BAF3AFFF89FF4511491345
:1086000047FB6AF8A5FCAC04AB0D4F1935FEE80634
:10861000DBF350F2E6EAB3F7AF1A3D15F9E549FF8F
:10862000F5E5B3FBECF8F2064C13F605DAFE49FD6E
:1086300057F35205E30E7E16C40D80122CF88BF50D
:108640003402BB0580163F0003140A12A70A400932
:108650003E15701759F62AD4590C5905A303120672
:108660008E2F050FD6DD14F2421367241A114EF235
:108670000006530A6F0B6708BA23E20A24E8FDEFED
:10868000100449FE48FAE201A6FBEAFF7C08050354
:10869000890CA81186F88DF7B61E3B11F4F763F329
:1086A00061F321FEFEEEBC05CDFCB3FD2EF02E03E2
:1086B0009F03E4F6F30A30FD67EA40F34C0327FE1C
:1086C0004905740667FB190683F7C7F5BD0A7508E7
:1086D00078FE810C13FEF401B606F10E490B65FD20
:1086E000110F7002BF0B9304841A7F1062FE76F99B
:1086F000B10222FB64FC12EEA50EF9107DE9B7F879
:10870000F4FD31EF8E0183085113150A45029C02D6
:108710003804F4F496105D14B00E6A0D140FEA08D4
:108720001AFC060807156B03930C3014450D520A0A
:108730006607E22187F9E1E81213BA0F6F063619CE
:10874000211FCC15E4E712013D145A0D31FE63E8F8
:108750008D088E0FBD11FC063917111CE3E2C9F21A
:10876000D5FE9DF643051B02C4FE27027A04F506DA
:10877000560468FD0EE01EFC4507C80D5F0053F768
:1087800077E89100A1FEF51337F8CEEDDDF2DC04B9
:10879000A40B7C08090B9D0AB6FFA1F4F40A2A0178
:1087A000BCF72A0D06138C031701FFFF1C076A1282
:1087B000B6047F0BF2F726F5971171212D072212CF
:1087C000EF0C4D057105E0FBAA1A4A0D07FE08FEE5
:1087D0003A0757FF76F631F50A127619E0EF9CF862
:1087E00028F694FD4CFAE8111416AE08C3F408FA02
:1087F00003036DF6270D6C02B913190D5F0B0BFB0C
:10880000CDF7B30027084EF8AA07580E49010A0908
:10881000BC08CF0209EFB8DCDE067E0B8B10290501
:108820006F109012A7F7F014320FD805B618E005B4
:10883000491E1C046E102CFE5A169E1674DCD9F8C4
:108840001CF8B00159F20302E8FBDCF6C903B306D9
:10885000D1EF15000304E4FEEFFE03047C0B76F475
:1088600000F15FFA04135809D7E6EDFA63F0870BBD
:108870004104D2007212970A92098BF8D4FE2A178B
:10888000EE03060D5216FF11B712BE074D0EEC0F88
:108890005E0FF50A2DFEBC09721CD623F400780584
:1088A0000B0CFA0BE5F9AEF1C810D50F440D6A04B4
:1088B0001DF8130BA9F07D003E09790A9908A9F863
:1088C00083FD9400E60BCD0CFA0FB910A4001C0434
:1088D000A2F949F8DD08B70DBC0FC80E3E04FA0234
:1088E0006FFDD2FC8CF323EC4A02E60F29F2ED0176
:1088F000E204F7FDCF0156EE90048EFA1010690ED7
:1089000025118023F2FBFDF32F00850A8604F40075
:10891000560CE616AF150508BE09321140F0CCF32F
:108920003DFA4DF462F9CE114FF876FA4DF32F036C
:1089300049F82EF97608120573FE77FA06F79D0CB2
:1089400038EF5FF5B807F907FAF05EF7F5F331FD98
:108950007203B8FD9A02F700970D4F036603A50A4C
:10896000BF07830D1A04A90F93160C12880DD3FDAF
:10897000E30B1814581152018A22911DA2034803D7
:1089800002012B0A9AF9540117145C05AC0A43063C
:108990003FFBE90DD4FBDC0A5702800BAB09220D2B
:1089A000AB036B05CB018A069D05B3122CED50F687
:1089B0008BF1D2FD90FE63F7F204C4FE1FF2BB04FC
:1089C0002EEEBFFE64F9B4FA450B3E053BF5B70445
:1089D0009C0648097DF956ECA60AE60598093B0B6A
:1089E0001208EA179EF414063FF6F51BBAFB540072
:1089F000F00C5C1572105CFDA80D1C0364EAADEC74
:108A00002C0AC2F436031009F9041DED1109D2082D
:108A1000E2F024FBF61228081E0CACF5090623FD33
:108A20008E02E20253144E033108C605A8FE190156
:108A30009AF7840521FE700EE50E2904740AF0FAF7
:108A400033FB4A06CB10EC031E10A01EBC0D4BFCE2
:108A500081103C0BAA0D50078F136F191A02670281
:108A60000C168D0108095808E8FAE4FBD50BE50659
:108A7000A8FA8C025300CD07C2F88CF7EA028208EC
:108A8000D1033102390E2A0260FA480B0D00A5F914
:108A9000B3EDABF293051EF98D074D09D2FCA6FF8D
:108AA000B4F261FE51F6CEF9A9085711B3FEF5FEF6
:108AB00004FA7705A1FE3DF4DBF84CFD2C14DE0F23
:108AC000E60B8B1D13EFE700A80E0D19920120F69F
:108AD000940086111F10C7014B19BBF924EA93F5C6
:108AE000FF00BDED18F87C0B0AF6D3F023FC3FF72E
:108AF000BEE914F624099224F1FA4AF9B8F15600B5
:108B0000370192FF9D0C15058B07CE08AD070D08A8
:108B10008AF6E9FB3AFD2A1053167D18AF0013FAC6
:108B20006703B3FB28FFC101B30E53081E0277FE93
:108B300089FF520CDB02A1F9110C0FF4EA04E10FDA
:108B4000EB07B5057401EB0977EDBFEBA1183618FB
:108B50007EF275F5E606140600EBCDE8A10232FDC3
:108B600003033CF36510420B92F4D1F59CF4D9F663
:108B7000ACFD26FEA309A7F60EF93EFA4DFC88F5DA
:108B8000C5FF13FE5AF66BFB5BFDEC02B0F73D0B25
:108B900092FB0F0012F031F29503E70F0B083AFC3D
:108BA000AF03C41322ED42FB4B17A6158AF8D1EB95
:108BB000E00F550F09FDA5FC4523E118DAEECBEFD8
:108BC0008DF2CD0F420AB4FE32024B06CAFFEAFB19
:108BD00053FDE4F2EF0F851583085B028BF26612FA
:108BE000EFF65CF17111C20B24179B03DCF477FBE9
:108BF000F5F33704BC0F200318030A04F2FE01FF4B
:108C00000E04E3FC80012B06DD083D09100062091B
:108C10001F10C9021FF888FF57FB38FEF5FC3E19EC
:108C20003308AEF9EAFDE0F9CFEBE6F2DA21B1065E
:108C30008004DA01D7091D1169F3A6F56D05B50C9D
:108C400038031704A20BB90669FA4CEFC2FDF9F21A
:108C50007BFCF9F44007E10196F474F3C909640A56
:108C6000D1F386F6EFFDBAFA09FBC0F5E0FB8D0300
:108C70001602C80368F0F9F7F8FE3F0018F417F77A
:108C80001AF9BE0414FB2900B8F4BD09CCF997E425
:108C9000DA15ECFFEA0EE3FD470B270A15E536F877
:108CA000C4F5020634FF730D76F54BF60EF925FF79
:108CB0005DFD0D054F030027A2116C0BB4F8CBF836
:108CC000CEFC38050D189714380931043E03B7F867
:108CD000ACF2D003CF0A8E02DE09A10116EB41FEF1
:108CE000D30A61FBD402EA0232F6DBF59FF778047F
:108CF000010C17159BEBF2F8330011EF6204910B96
:108D00001012B90FBDFC9503D8F75DF3FE15570E91
:108D10009C052EFDF0FBEB046CF042FC9705D71090
:108D2000CFFA6AFB62113D1474F517EFD6F932F9E8
:108D300014F383F6B10FD0F3A5E7B8EA2308790559
:108D4000CDFE6F03D3EF6FED50FEC402741048F2F6
:108D500013F854FA1200C5046A0234FCE9F449E835
:108D60002BE846E6400FD2F6CBF414FCF3F047F2C2
:108D70004A08B2054D089CF92C03FFF2ADFB9AFEA0
:108D8000ECFF08079AF66607F0FC0202E9F47E059C
:108D90004911560B3A219B1BF0FA8F030104AEF6E2
:108DA0002AF432F49B09F50A1C01890CFDF931F013
:108DB000D70630F925FC83F62CFE5F1433E2FBF670
:108DC00041FE571169003FFC390D6B11940450FDB1
:108DD0003F15B50CE9EFFCF16EF96206630D1D1548
:108DE000950D5211A901F2017408EE0C8B0BAA0B20
:108DF00022090500CEF6E4063DFD0601A0059C090A
:108E0000F5ED84FC000AB40F7FFC08FFAE028A0F68
:108E10007FF493039EFF9501CBEB0502D80468080D
:108E200084FE07F850F79F02BD0558046B01F6F267
:108E30006E0948FF6F04B80774FC7DF9210361EBEC
:108E40004FF139F3D61BEEFB40F8E80207E32BEFB6
:108E5000B90AE30384FAB9F9AD0EF30723080A0A45
:108E60008DFA10FECB04F6041805E2F99BF49C0081
:108E7000190E08147F1BB7FDE2FE78EFC1EF8BF1EE
:108E80003D014D0AA0F270FC710333032AE913E19E
:108E9000DD131114D90CE4FCA5069C00FBDB84DF78
:108EA000670EFA1505FBDFF94004B505C5F2FBFEB8
:108EB0008916130A3E02C8FC2005B21614062E12AB
:108EC000C014080B35F362FCAD067C023009050DB9
:108ED0008906F601D0F74007E3EB4AEFB205380800
:108EE000CF0404F3D80DCBFE87FCB9F68C159500A2
:108EF0006F01BB00CE0BE3F7B6E9C0FD3800A7FF5A
:108F000026FEAC027D122E156AF540F7C7E6ADF0DD
:108F10003604D2F4CB176509A7F142F29CF98CED27
:108F200077FB3801BA088EFE7F0137028AE65CFEC5
:108F300084EE36F93402FE012EF470FF1D1695FC06
:108F4000B2FF34F605F69E09D5FB27F7F50031FF91
:108F50006F01F9FF3F08D1FB44FC1BE48606440186
:108F600088F8A10231F6DBF43A0CF2FD44FE0CE77E
:108F70003404D709B6095E0719FE87FB3EE324D8FF
:108F80001813B70A28F7CCF7B00C0B1103F249ED10
:108F900050074A119602E4F3370097036CEBC2FCCA
:108FA000F1090B0A87F4A4FB3C018BECAAFF310505
:108FB0001F07A8066F0058F9F3EAFAEDF2117E12C6
:108FC00050FACA0816FB4104A4F9EEEBEE11E8FDD5
:108FD0009CFA8606B809340DCEF157E720FA25F43D
:108FE0001BFBDEF92E0EF617C5D8B5F3F7DEE3E767
:108FF000B60BF5FA59112DFF34F9BB02BAE910F995
:109000009DF375F04D0829046AE974FFCAE644042B
:1090100000E8F4FDBD0515F7370121FD660D5B0A7B
:109020008B05E605A208B606FEFEE305EE050C0379
:109030007CFDC7E9DFF8B707E2FA0AF4ADF23AFBC4
:109040000CF6C2FFFA0474FA5DF611FC0C0897EAFC
:10905000B4F655FA030DA5F8E70497FE49D8EFE0FA
:1090600037F4B402EFFD84012302281909E27DF2EE
:10907000CFFFD9F6110F970CCE0D740924EA1AEF21
:10908000ED0C2500890453F93F0351049906230F81
:109090002107C20297004CF971013AEFEB07E30A8E
:1090A000490F5B09DAFB85FE160829F76D0648EFC4
:1090B000C701400D06FAF3006CDC86DDD7EEB8EC94
:1090C0001CFAEDF9F00E4010CDDA18E705E345F192
:1090D0001FF2F0F6EE0CC314A3F539FA8FF663F61F
:1090E000FB151310C6075F06BFFF7BFC54ED1FF492
:1090F000C0FC47FB440026FDFA03ACFFBDF4FEF5BF
:1091000039F950FE6B072FFBAA067DF74B00FEFCDA
:1091100029019AF911101BE47FF894133704A6096A
:10912000A7F1EBDA3CFDCB1289F128E3B0F27BE644
:109130007FEAE4FED304DA0F57F08BF44ED6F9D66B
:1091400095E826EBAA0362055CF260FC20D4ACDE55
:1091500037F4B0F87B185E099308FD0757E43EF337
:1091600038F0F4F5730516FF6B19D10C3AF66AF274
:10917000F900C4090DFD63FB2A1B341047F689FF73
:109180008912F7074C0BAC026A02ACF44DF573FD83
:10919000D600B4F70E04CBF5C7D86FEDC5F62CE9B1
:1091A00088FE33F510F0F5F5D9E9DC08DFED8DF236
:1091B00052E3EAEB52ECBFFD871AEB0A76FD27FE7D
:1091C0001AF48A09B90786071C0668103C04AFF731
:1091D0002A0098FE6E0707FA1E060B0036F9A7FF55
:1091E000A001A506BC01E3FB150382F93C05FEF8CE
:1091F000C500A0F464085908F7FBAFFF74FE9E0891
:10920000A6F179E2AA0C530227FFCCE415F3CDF5C1
:1092100091EBBCFB7E0CC109A8F419EFD8EFCDD8B7
:10922000B5F8AFF8E2FEABF471E53C0334E27DD46F
:109230002DFEE5F6CE0254F2E7058AF828DA4CEB6B
:109240006FF74FF526F97FF43FFB68FFE5E545EF43
:10925000B402D7FDACFD58032CF0D4F4CCD0C7DF5A
:1092600069FBE0F0A8FBAEFDB1EA2EECAFE332F112
:1092700094FCAAF7BAF35DEA9EF0E603DAF0F7E0B1
:10928000E7EBE3F859EDFF075BF34AF061E215F411
:10929000B8F9F10A3EF937102B0FFFEECAF7C0F507
:1092A000C5FA4802CD10EEF45AF7DE0973F393F5D0
:1092B0006300C5FF8EF5F2F665FACFF57F04DF0295
:1092C000D4F645FDBE07E3FCA8FE24F85A09DDFFED
:1092D000A50499F81CFAE3069306A50916060CFFE7
:1092E0009803450A10F3F8F0110521FCBAF8E305DC
:1092F00043FB550588F370FEF7F34DEE8503F6F05A
:109300003E05EA0690F2B6F4C7EDADFEC2F113EEEB
:10931000CC0C2D03D4EC12FA960881FB27E841000F
:10932000A5F710FF2FF336F5D1FB1AE1C9FBC7EB08
:10933000A7082D0189EA2DF530EC36F265EC25F011
:10934000230C5F0733E852F5EFF8DDEE4CF0DFEA6F
:109350009A00AEF3D9FAE0FCE4EB44E9B9F2A1EBF0
:109360006FF528F9DF082EF9C6F844083CF639F6FF
:10937000ECFAFD0432067306DA08410266EEEFFEEF
:1093800094F50D0676F5B702E6FF4EFC3BFED902DA
:109390001C00580794F99301E3F6570A7EFD420535
:1093A00074FDAEF9B602AF083C05AE0528FA170009
:1093B000390078FDBC016BFE1106FF0657087304E7
:1093C0006205C8003C06670A780843FD2702440985
:1093D00085F638F624019FF5F7009209A70898FA58
:1093E0003B0337F9310AC905E0FE6DF86D0202084A
:1093F00092020EF6210469FFE9034AF9DE027004C5
:10940000D6F7ABF38F02B4FBBC039202C402DDFEBD
:109410005C07F5FB30FEC6FB01FE88FDCB0E590054
:10942000ACF950FF93068DF831FCBAFDEA0437021F
:10943000DAFCF3F92A05DD050309EA00AD070EF6AB
:10944000860044F9C8F953F998017FFB79F52FFF9D
:1094500077088DFB31F9640376F63D027A099EF7B1
:10946000EEF829069FFA1DFDD8F57806CC05890689
:1094700089068407EA0100F8DFFB53FCC80198FA6B
:10948000BBFA5EF7FAFE5A0A30063D07F9F8C60540
:10949000D8F77F065E0022F6C309CEF5EEF7020A82
:1094A000B3F6AFFEB500B40BA300E0F8DC07B809D3
:1094B0001F055E03C6FD740378F630FD2304FE131A
:1094C0005701EDE7EB04C610D206D405ED06A91945
:1094D00081E5C1FA5703D5069D13A4FCA1FEFE0D3C
:1094E00097E5FEF2E20FC518BA04F40F3510A60C8A
:1094F00030F9B0EBE60C670ED9FF7BF930FB960B29
:1095000088E962F7DB0735066FF363F05B130F1B27
:1095100054F84F003A00BD10950B660DDD14381B52
:10952000E3EA78E801129FFE270A9B00791588106C
:10953000AEFAF6001E006D0AAEF62E007C0668003C
:10954000FAFB87F876F60B029EF9660637F89EFB63
:109550000F083DF8CF0356FD200479092FF62C0A99
:1095600087F651F7C8F822F8CAFBB201920412FD3F
:109570005CF74B0A0FFD97FDDAFD48F078FCF10728
:10958000170073FD3F0BEB058106EF0140019F08BB
:10959000C6F4EBFBF3068314D9FBA0FB200483176E
:1095A000B9F465F1D4043FFB6EFCEAF724126D2395
:1095B00017F956FD4A04350699FDFF04AB29C71F6C
:1095C0006F039DF0F90DAF1C780D29101110020BDF
:1095D00034EC9AF46C0465062803AA049B11480C29
:1095E0004CF689E58D112A11850B76FC5F0A1A0B62
:1095F000EFEAE4F0BA0D7317EBFD9B04500143FD55
:1096000048F47AF3221304FF0206671B1B0BE418CD
:1096100091F8B4FFE608DE029512EF168F0AB30A3E
:1096200099FD890A280952FB7E0C430C350118006C
:10963000A9FF13FBA80314062D0A4E0361FD4BFC82
:1096400004F947FD410782FDFF08F400FF04DB0336
:10965000290794001603D212DFEB76E96EF358FD6A
:10966000FBFE430670095EF513EF53091402E11582
:109670001B004DE58DFAF2F309063AF7A319520AD9
:109680005FE2A1EDE5F99F058DE422E6EC2257208B
:10969000620548001B0C780B5DFEF2FC6B13A424E2
:1096A00070F1DCF582030D09EBE742E6540D101270
:1096B0005FED66E2991BF616FEF9D2F07EFE07FF1B
:1096C000EBDBA2EB150C7308ADF0F6E85503EBFDF0
:1096D000A5F5B2E97807F10AFAEF09F4C2FA2B000E
:1096E00095F5C6EA48F2CD082604EAFE7DF58AF82B
:1096F00075F4A5FE7CFDCE03F201830C4EF970F3E8
:10970000AB009D01760C67FDA00287F9DF0BCE054B
:109710004FFE16FA13F6B8F95A08C5049AFC050963
:10972000ABF8D2FDEFF8D8FFAFFA970A8508B70873
:10973000B500D00293F5190303EE42EFF2FA100DD3
:1097400067FDEFF99503F5FCAA0E40F808FE5108F5
:10975000A706080619F21C06DAF048E88109370C5A
:10976000D5FF090F23F0ABFF56EA9BF4E5119CFDF2
:10977000AD02FAED8902E6F5D9FB39EA3209320089
:1097800066E8F5E76604E30192F1FDF594FBB0F6B7
:109790008ADFC5E4D700A0048AF98CF923FAABFC70
:1097A000BAFDEFFADA070204CA037CF584FDA6F8D5
:1097B000A8FA150E7EFB4C0240F8680353F435FE00
:1097C000D9017F06C50398081001220536FB97E9E9
:1097D00054FF33FD9EFDD302EE12310A62F275E4AE
:1097E00098EB0BEDB2EAB9FC930B64FCCAEC70F792
:1097F000C5EA65F131F251FA90EDF30F9E05640769
:109800008D08CDFA07F9D60797084E0943F7AAF74E
:10981000D80400131A06F6F866FD5BF49C112502C5
:10982000D612BE0FA7EF6604F4F36DF5F507231209
:109830000B0F3B06ADF07CFAB0F9A3F67D061E05D2
:10984000EDFED10C470114095201560EAAF657F944
:1098500037FFD7FCF4109606F211D5FA6605A2027E
:109860000FF607F3560A1403F3F529F7E0F93E045F
:1098700000E941F63BFF0BFB1CFEDD0549FA50F504
:109880002FF35BF66AFE92F6EFF29FFC1BF9FB00EA
:10989000F808F5032407C6065CFE28FD8DFD4F0081
:1098A00023FC44135EF62208B5FD7201A802F0FC09
:1098B000010FAC0BF909CD0ECD07590B37FBFAE6BA
:1098C00065F91BE54F0224EB0B00B4FCD6F801064A
:1098D000A5E895FA21FE55F666FBAB1049FDC905D2
:1098E0005DF7D80973F6F400F308A4EC3F09AC0562
:1098F00098FBC109890BC3DD56FF3CFE6113CA0DFD
:10990000FAFC6DEBF3EFF803DC0306F8B302D707BC
:1099100019EDD3FBD1F9B0F52BE9D4EF61FE42018B
:10992000AEF6510989F4FFEEEC003A0FCDFBC2050B
:109930000800CE043509EC152D05C8F58611C213B3
:10994000690120F8B90E2E0432FC37F4DA05D0078D
:1099500019F569E219F00AECC8F1EA019613E80872
:1099600050F1ADFF14EF09F82B03440365162610E0
:109970002A086E00E4F72CF8DDF332FED7FF20F35F
:10998000DB047F0656EF51ED670A8EFDFEF47DF194
:10999000D105060C66F72B038C04AEFEBCEC3BE550
:1099A0009BF739E464061F0D360AE30452E7CAED5B
:1099B0003B0D85021808F8F805FAC608BBF1EB065E
:1099C000EE0036EACA02F5FB42064AE184FA891043
:1099D000A5ED0CFEE2FC56E34FF8B7F591FFAE0F94
:1099E00022EF74EB15DBC9F22D06C802690D36F6BD
:1099F0002FE155E1C8EA06FE77F2B5EF1A01E00A59
:109A0000E1FD120A7300280200FB5808CA094D1133
:109A100014096FFAC90F21185BEF3B07071194185F
:109A2000E7FBD603D0183C0379F33F00F00E1F1676
:109A30008EF4C5E577F901FACEFF0B049719F117FB
:109A400015FDC4041DFF1B0DB20428132D07BFFD17
:109A5000B406900C4DFA1A04B70CF20792F6C7FA46
:109A6000800F9AF9DC0183FB2806EC04BEEEF7F7C1
:109A70006003F308F6FAF4048206390C8EEC5ADD22
:109A80000EF557F47B0B990C210BAD02D2DFBCEF26
:109A90007600B80AAF0610F938021F05FDEC06FB88
:109AA00017FA39F60F13C0F0BC0901E839F4CD16E6
:109AB000D3F50BF740F27AEF19007F004BFD4DF81C
:109AC0000A06A8ED03E0C0F8550C0B03F3FD3DFBBF
:109AD000A3EBA9F430F8C5002EE698F23708190B6D
:109AE00070FA0E0B77F50D0193FB8D05A5108D090E
:109AF0004A0A2E06950B65152BFC3E009F0F3A1562
:109B0000FCF381E7C113D6FBEC06B00152129D13A2
:109B1000CFE1BFF86AF2EA053504B6F80817860304
:109B2000B80AF210C9FA8CFD3A0BF0FEF4FC9F0162
:109B300056F776FD47031AF629044EFB3EFBEB076A
:109B4000E0F35B01D4FBF40385F4850B3800BDF42E
:109B5000FEFD84F306FABF0470F934E4840172F167
:109B6000CEFACDF3860E361312FBB406F0E3B9F04D
:109B7000F0F686FAF902800182FF0BEF2DFAAA0FA8
:109B8000C6FBE3FCC0FE15EE43F434F0AEFDA611B7
:109B9000C10B5F1900F007EF240A84F24F052FFB79
:109BA0000404BF01D4E316EB0000E8F05A1999FD54
:109BB000A4F855F6FEE7A30058E6D8F317070815F2
:109BC00090FDA210F1FC4FFD9E006CFC9E062B093F
:109BD000E401EF072B0F791355F9B60A2704250185
:109BE0007BE756D3C714CFFC50F62AF55212F7087C
:109BF00033E84B00C5F0F7ED22F900FED202B4FEC7
:109C00002F1BFF1579F4D5FAC30575F87DF4A5FA75
:109C1000C10962F1AAEDC9FC8500E8FDFC0332012F
:109C2000F8F418054BFD87FF3C051EF21205C8F03D
:109C3000C0071E009CFA9100AFE4FAE2C7006DF184
:109C400043F569EB591A4D16F9F42CEAEBEED8F707
:109C5000E0E95E0D25F7110FC4E715FFD001C3073A
:109C60008009310653FD60F975FA6EFF98FEE10B2D
:109C7000E506591BCF018AF393FA49F21BF38F1AB9
:109C80003408EA05A1E7A3E952FD88EBEA041101D3
:109C90002BFDBBFFFCFB71F8FEEC74F3DE03FA0452
:109CA000A904741433F6780222F45E0118FDE50766
:109CB000E8199BFCEFFD940ED40011F4A6FFC1023D
:109CC00008EB5AD135174FF706F633F409E795FA42
:109CD000AAE308188FE787F56702E003CAF8CDE426
:109CE0005E2761171EF19AF45FF46EF954EF30F5B8
:109CF00019109EF986EF28EFD7FA9EF8D202D8FC09
:109D0000CF09950108F467FBD5FE2AF1050CFD0E7D
:109D1000F103C6ED5FFA08FA20EF84ECEDFE4B008C
:109D200011F78BF9E906F512A9DB39F18AF5B2F8DA
:109D300058F358057707ABF979DC1EF0B512990096
:109D4000ECF932F606F9FBF9ADFA8CF80D000F09C3
:109D50001E0C3206BEEC80EDD3F3BEF48EFE8218EC
:109D60005EFFCA1072E6FAE924EEF7ECE80A8E000C
:109D7000FCF50DF6C8FF7E0824F610F822096AFCEF
:109D80004207371B9FF47600E3FB5CFB79F9F0F1A7
:109D9000E5124BFE71FD0F07290DFB0B3FF074E43C
:109DA00085E0C1DCE70712E71F0EA4080CD623E705
:109DB00046F5FF18CCD629F3D6028D0040EB17E507
:109DC0005322491AC3F70405270886F764F8B80335
:109DD0005C150109DFF7AAFE3CF558FB4409550064
:109DE000A41AC20972FADDF159F49AF505036F0855
:109DF0008705E0F5C3F945F8BFE27DE0CD05E50D47
:109E00001EE669F7A9F868FF7DDAA9D4EC07300AE5
:109E10000FF2190961F78EF7DBE71BF5C109E807B7
:109E200065F97B01E8F5DA00E40645F0090675FFFF
:109E30004E022F0323F0B9EAF6FCB7F03507100CF9
:109E40006E07A0080FE399F25EF33FEF790C45F43B
:109E5000230C42FDB902780CCFF0C7F5E7E947F0D3
:109E60006A095A07670A79FDB6FB131007EBD1EDB3
:109E7000B00178EDDD07EB16F2073414E3E5DEEB15
:109E8000A7E355E31D06BFE6F609D904A1E5C3E93A
:109E90007608261448E157EEE80274F4930775F546
:109EA000331B2B1482FA85FEFB0FA8FEC1039B0017
:109EB0002012A31CB5FC6EEB24FEC40876063709FD
:109EC0008C13021A83FA42F0E9069209E3F8480774
:109ED0001F1608FB0A0423F8D7F4DBEE660832FAF3
:109EE000F4FD13F32E062B0603EAC1DF2A0E900BB6
:109EF000BEEB7D045B083FEE57E74CE4AE04D00FA9
:109F00008703830A07FCB2019405C504E2F56403E4
:109F1000CBFBEF08DFF4D0FE94F109FF1904A20097
:109F200047127BFD63F88A0942F7E2EFE0FACCE2E0
:109F3000EA0B021177100D0FC9FD83F5F1E34AEA30
:109F40004B06510C910BBA0B6405650C36E9ADF26A
:109F5000560459E5F20D79053F128B0E4FF787EB4A
:109F60008BF6A1019FF2EBDDAE10190B34F9DC0585
:109F70002812E50F3AEB9BFBFFF4A6096FFFD20412
:109F8000C50D2C10A8FB36F30E0C1202AC09C2FE54
:109F900050168018BAF77DF8E404610DB6FF3F074C
:109FA000F9184E1EE0ED9AF8F70CF10D970091F2BA
:109FB000191356FAE10FF50D7DFB3FEA1FEE50FB3A
:109FC0000A009C0E96125111ECEB83E46D12C30A49
:109FD000530AE7F58FFC9BF629F1B3EEF5094C1116
:109FE00086F56403A90D70F98FFAE3FAE8FB0F0216
:109FF000CD02280CA3F71C03F7E794FD3B08DF080C
:10A00000A719CAF01BFA450A88EEE5EB8DF0A0ED22
:10A010002CFB3E16F20FB812CEE230FB3C0128F9C1
:10A02000AF1264013C14A3FEE002FD1096FF4AF358
:10A03000BAF652F71607D5EDF810E71805FA4BFBFC
:10A0400096FD6F093EF071EC261432F8C2F56F0EE2
:10A050004611E9029AF255FF5AFF5F0951094F0B69
:10A06000850F480B9CF368FF5B0A6F0EBA08F4F883
:10A07000B80BCA05E6EF4BE8980BA60909FC19FED8
:10A080005A119D0950F4D4FC440092093FFA23F57B
:10A09000F91278FA4903011BAAFE14EB47F7CA0428
:10A0A0008A016F1139158D02F8EE6EE6D50E6DF747
:10A0B000CC04B5F9DFE41CF22BEB29F6BF0E9C0EA5
:10A0C00008082BFC0C07020333FC7CFDF8F689FE24
:10A0D0003C07FA0BAC0A5C0E52FDF2F8C0FDF10829
:10A0E000B30EEEEF640A870FFCE667ED99EFB5F368
:10A0F0008BEE3C0CDF0AF11B10E6B806AFFF210324
:10A10000530EFB0F7F08830E4E09AC102EF473F232
:10A11000F2F50FFBA706E6FA5414B011A3FC9AFB64
:10A120002101C31720F4DAE69B01D70218003E0F85
:10A1300054030A01BEFDC9F81C0388029E15350AA6
:10A1400096F0A5F8D2FE06FCEE056A0737065A031C
:10A1500079E788F6B4F3FAF53F0CE90E0705EDF759
:10A16000C1F9F60714F7D803550644F624FB670631
:10A17000A8FECDF9EE0B9F1185FDF1EAB2F77CF94F
:10A180002AF1FEF57E03880E08DCCCF28E0E66FA0C
:10A190002914690BCEE642F67CFD7DF82BF5EC1315
:10A1A00052FEA0FA1902BFF9A2FA9E005402E90772
:10A1B000B407EAFE28FFA81383F782ECF3115212CA
:10A1C000260563F518FC510890E194E42E05F7F894
:10A1D00041F4A3F86204F806E0E9CB01E40220EFC1
:10A1E000C7098CF97A10A1014915950632EC87F65A
:10A1F00056F9C7F309F76F05CD0211187BFC37F646
:10A200000816A41311F547EB400B87FFC503301860
:10A21000620CA1F13807AD0F80F62104D60870FA60
:10A220006EEE23ED100EA0F2AE06B30B5B077AFEC6
:10A23000EFE75EFBE6FF77F8C3FEE809B501AF0381
:10A24000F4F6B904E3084DFEB201BCF4160183FF35
:10A25000510215F73A00C60D38EDF0F48F04C8012D
:10A260002BF55C0EFC08FE1348F676EEBA06B2013A
:10A270005119E315F3ED9DEFDAF543F4A9019B11B4
:10A2800039FB2A0CA30144F34A007DF9AEFDAC0D65
:10A29000E30232FD8D0CC0F9E3076DEA69FB291476
:10A2A000A1FDE2E444F2EEFE74F36EEAAB0E9B0A0B
:10A2B00031D97FE96B02D50AE6E80103E602CA0557
:10A2C00049F679ED0D07A401760E7D0FA9F963FB20
:10A2D000E1FD2F0D0FFFADFA940D91FFEEFDAEF5F0
:10A2E000A5156C098DE013E51009AEF71308A71347
:10A2F000C6EAF1D599032C156E0D4F04C003B10BBE
:10A30000EFD94EE96F06E507390D030981FA8E0191
:10A31000C0E818F0ECFB35F95102E8063BF92D02D4
:10A3200003F7CA0E47FFBF0C20FDD2EC5406AC0564
:10A33000C0F2C2F56F11F2070CF12BFF74F7C3F2F4
:10A340007BF6B01FFA0F420260F399FCF6051C146D
:10A35000DC1D6A02D3EA9BE985F852F39708041DD5
:10A3600008FDE4F4C7FFFBF861F129FC0F000902C6
:10A37000D3F7C403E7FAA0FB490E58F63C0C371795
:10A38000A5E5A3DDC8FEAFFFC1F624F7460C8F0894
:10A39000E5DFCEF17300F50333F374EFBB076DF720
:10A3A00073F0EDF4BE074801240AA809A5025FF87E
:10A3B0009BFC1B176CFD8FEDFAF8D805EBF676F9D0
:10A3C0002122E1FDA8DF88E997119708330ED0FD1F
:10A3D0007FD728CB4407AA1A7A0E250ACD0736FF65
:10A3E000FBD635027A082B066905DAFC940A5E056D
:10A3F00024FE7BF3680967FF750A3BF4B809DB0CA0
:10A40000C201D6F9BE02970FFB029FF09BF27D05B9
:10A410005CEECEECB3129C061FED57F9070F9002CD
:10A42000F8DB4AF9C7055FF7C1E861E06209DA1FA6
:10A430007117E701A4F447F21CF5F4FF7D04ED0366
:10A440001C0227FEA6FA10FFB4FF2CFE0C00F3FE40
:10A45000BDEF8EF62C0D20FA7608341457FE28FF37
:10A46000E0E747E86D0E10F2BFF495F2F20CE50557
:10A47000B4FCBBFAC8090101C9F749F97D066606B3
:10A48000FC04170BFBFF90F290F371F7DD08E00B73
:10A49000A314E920CBFB8EF02FFA8AFB6801010C94
:10A4A000A91D22F7E3FC11F163095501F610570AC3
:10A4B0000DBA19C6F11D4512A3FAA1027C0D75FE55
:10A4C000CCE395F610146406E8FB38FD2C0B2BF951
:10A4D00037F7C5F19810700887071DF44CFAE3FFB1
:10A4E0004DE5D8EF1B0BAB15AFF5E8F173045D023A
:10A4F000A8FD12E6AD06600A72EC20F2650A960726
:10A50000C7ED9AF7580660FCB3EE78E592FD5B0F55
:10A51000040D4E0734E862EB19F699F1040A0000C5
:10A5200025F6AFFB2B02E4FA16F7940990FBFBFB30
:10A5300084DC06F4DC10F9F366FB6BFDD702AE0990
:10A5400072FCD007441206F7C6FC5EF5600E480C9C
:10A55000BDFCADF2F2FCF0F3A302E700AC01240F66
:10A560004B00030FE20560FE23F29CFF3B04C60A8A
:10A570008C12BE22AB0371089201EBFC5303A103C2
:10A580009A050DCE3D04A808950239F586062AFBEA
:10A590007DC11BE25B055510FFFC47F797FF2801C3
:10A5A00021F2AFF67217A1148A0989056EF48B04A3
:10A5B00034FCB2E7AE1B2F18AAFBABF8B9FB0E01B7
:10A5C0006CE20FFD1805E40856FA49F94F040EF540
:10A5D000E2F87FFB02117A045804760126F914028E
:10A5E0002AF35DF980038CFD97DFC9F0020E9A18FB
:10A5F000AF108C0610FECA0777FAE701110B88042A
:10A60000930888FCF10438F7BE0170F1B4F8F90042
:10A6100035F46BF6F90994FBDAF2FEFDE4164F11FE
:10A62000DAF8B60D1B0E550D87F3B8F5BDFCB3EF88
:10A6300046FBFAFF13068D0639FEF7EFE5FE03FD34
:10A640006E0244162511A403300AE5FF61030A00D7
:10A65000C6189B127002910594FC19FB0B0237FD82
:10A6600067FB38D9D006A4055706ADFD130A9BFC3D
:10A6700024D430F7D209BD107AF3260B83FD17F8E6
:10A6800082FF140CC603120D470032FFE704A2023A
:10A69000290E5EF23010C5002BF4C5F4670C6F0F65
:10A6A000D1F188F7C0145E12CEF233FFD1FF49F426
:10A6B000FBFD4602DE0BB6FD670CC40D15F002086B
:10A6C000CF036BF20DF272FEC6F98AED4E12F70E51
:10A6D000400EB704F90366F61A036709B3F6580685
:10A6E0009100C70954012B019FF722FAE2F69BFF64
:10A6F0009FEE95F5EFF63FFAE3F67BF9081F4C0B5A
:10A7000031F8F40F500C7908CBEB1AF8A70ACDFCFE
:10A7100020129812F300F3F82E031FF719F75DF3D8
:10A72000081637169F0DC5FCB1FDE4F9D0F94DF6BA
:10A730005C0C97FD4805DA09FD05EF01D7F2B6F389
:10A740005EEC7BEE2E0B60FC61073D0735FE8BFD5A
:10A7500044E5E0F88A05D10C71F6B405D2FA24F884
:10A760008208E903BF0B0000460A26F53E05C2FD3C
:10A770006409EAFEC80A82072B032DFF37FF05068E
:10A78000AFF191F5ADFE5709B2F8ABF83A047CF69B
:10A790004700F3FBB0F3D6F80DFC6A08E300B603FC
:10A7A0008D0CCC0B4CF3A1FFE10104F6450316F32D
:10A7B000B612DCFAE11F330A5106E00797EC3806BF
:10A7C000DF049301C101F100B90280FE9803220A5F
:10A7D00043F20AEC87FB87055BED19FDA80F400BE0
:10A7E000F9F11E07CF0A02025BE5A2E91A02B907D6
:10A7F0007F12441F2C0BE0F626F7DA102103DCFE53
:10A80000CF09AE122B00B7FBF803A0FBAAF412EF9E
:10A81000C5071E002EFAB401D4FA54FFA6F391F234
:10A82000EA05A5E622FE1EF6A6F5E90377ED38FD5A
:10A830001AE126EB90086806EEFE1D00CF01BB0072
:10A8400049FB5105D9FD3706A8066E05E0F897F8D3
:10A850002B0B340E58F7C0F26003CF0C2F0878FD95
:10A86000E803BC0087FCB805BA0781FD89FFCD036A
:10A8700060080805EAEE0CEF0AECD0FAAA0B8D1678
:10A880003912E50301EFF2F69B0311F8BE1DFCF946
:10A89000DA0A2B0A790C38F60DF918F7A8EDBBF592
:10A8A00052F627FF6F02F6085705B6070001830529
:10A8B00084F7C7E68E0CD9FD4AFFCEF009F8F50CF7
:10A8C00079FC5800060F870EEAF7E803FE1C590AC8
:10A8D00086169215CF05B4FCAB055C087F08C4FE54
:10A8E00081049B09E7F5CB08E5FECE04C10183F2A4
:10A8F000F504B5F38D01E4F05C05C6FE2EFCEAF626
:10A90000D3ED91D53DF686021EFF7DF6F6FBC7F727
:10A9100059E4EAF447FA33FD55F64AF9D306F90843
:10A92000BEF3CBFFC7F55AFB8F0A15FA9C06100F32
:10A93000DAFFEC079CF9E3EBBEFA280414087E0565
:10A940004DFBAF0A0AE86BF16104D0FD99102001BC
:10A950002C0F450F6AF1FCEF2FF9F7041205400C9C
:10A960005F0D03FEAC06BFF1D6F608FF971F740D0E
:10A9700048FD89FD1F06F7F9D2F557F95DFDC006C0
:10A980002604DAF836F934FDE3F7EFFDACF57FFA8B
:10A99000B9F7580FF5F08EFCBE0AC50C53FBA3F5B2
:10A9A000E5197524F602D501A5009C133102D905DD
:10A9B000F404C21DFC0242FBCB03ECF78809DB0C5C
:10A9C0004F226A14C700E206F5EF42F61E0F320965
:10A9D00013E64EE872E712F2F6FC54FB4F05F5FE63
:10A9E000EEDEE5D110EF01FB7DF3CDF0CE0EBE0C17
:10A9F000FDC5E3DF90EF710296055A012306CB0CEB
:10AA000054F012037CFA96F0D1F7B000DF04CF15B2
:10AA100083053CFBB2EAA1E5BE05FEEC3C0D4024FB
:10AA2000EA07D80E01F274F573F1B8F0831C5411E3
:10AA3000370A2AF60D0C131062FC8102C00319F4C8
:10AA400067F246FF2307DEF612F9A700E904EC0CD3
:10AA5000BAFF27FB1600F2FD19FF93FB9700EA01EE
:10AA6000C6057F0704010CFD85FD35094A02F50680
:10AA70006207DEFB64032507410150FB90063F009F
:10AA8000180AC0234CF690FFFE110304C6014B06C2
:10AA9000F01EB71DDAF5B5EB64043B07B4098B0F64
:10AAA0006D16CD0B29F7D2F70C0387EE6D1C22240F
:10AAB000820B8CFF21F496EEE3F9AAEFF21A4D2BEC
:10AAC00057E6BFE88BFF48F86501BFF5221CD0169A
:10AAD000E3EE58F4B5E28FFF31F7EA028D308312CE
:10AAE000F7FCD6F752F036E341F6A7F3841EF51FC4
:10AAF0004E00950E1FF61BF6BBF5A8E3562AD4347C
:10AB00008122B31B9EF153028DE89AEDF12DE810DE
:10AB1000A712E506EDFD27F07BEA10F29B1645052E
:10AB20000A161602E4018DFAA401A600D5F699F7DB
:10AB3000DCF6B0012A067D0A93011D059CF61B0375
:10AB4000C2066AFB58FF7CFEFB067D08860472FF86
:10AB5000890A6CF845F8A9F9B8FE36F9DBF843FF25
:10AB6000B5F7FA00AF02DB056AFF8E045FF9C11189
:10AB7000C3F91B0251F882064BFCE4FC1A097E085B
:10AB80003D0691000EF368FC50EDC4FEF5FB310666
:10AB9000C20C120206FE75045CE501FACD14AF0882
:10ABA0006A07630A75FB850211F57EE62C12331CD9
:10ABB0008212A410DEEB4FEEB0EF6F02AF0EBC19A5
:10ABC000DC06FD0BDCEE5DF0E8F684FAAA19C50D93
:10ABD0006CFD1EFED6EB9302600A7E0599129D0B5A
:10ABE0007D0F7315B100FDF2AAF734F32107590E5A
:10ABF000E30C370A41FFDD032D01C7F9D9F73BFB11
:10AC00008EF6DAF77FFC96064504DB099206A8006B
:10AC1000F8FF640AE5059501C90414F83304FDF74B
:10AC200045F72205DDFFA4027DF52B094A078303C2
:10AC30003703B307880327FC34FBF8075A01E902FE
:10AC400083FEF5F6F70149FC410A3EFE49FC67F92F
:10AC5000C2FADFF5A2FAB500DBFFCB06B6FE77FB42
:10AC6000E3FC59F9C6FCE407A0062504CDF56A0506
:10AC7000710219FF0406F3F95A062208E20632FDB2
:10AC8000DDF9D20420029BFA02089F0F0701D80ABF
:10AC9000C7F867FD0106C4046602590963088F01FD
:10ACA000EBF502FF88FF5F03B5FBC8F75A00E3042A
:10ACB00050FB59FC68024CFEC5FD89FDB4000EFD39
:10ACC000C7070F03B40441FB76041E0A73F7CD07D0
:10ACD000A9FEFD0974F9A4F5A902A6081F03F7FB54
:10ACE000DEFBFF0541F6A8FF9CFA04FD5906E4FCD3
:10ACF000F1FDD2FF8508C302F4FD70003EFA360371
:10AD00008EFF1F049DFBE8FE3EF9C8FDCFFB7308D4
:10AD100082FB1203F3FA2D08AFFCCAFA3C08EE02DC
:10AD20005205C00B9407A109F90A28FCA4F6DA021F
:10AD3000C708440AF0091A0859134C0FB7FE9102CC
:10AD40009C039C11BD0B591274158A05F3F522045E
:10AD5000570D2703110E0A0C82FA440F47F59AFD8E
:10AD6000B103730FD107E90677063D033B0B0C01D6
:10AD7000FE019505C6F0650B4300CB0E05FF88016B
:10AD8000C405C8021C0C1D123315AE171411A90BF3
:10AD9000F810F612A10F5715DB10500F64FE930048
:10ADA0004C08BB03FF18B117C01414069BF57B03B6
:10ADB000CB0CFB0D4B0B4B098B118C02B6011EF813
:10ADC00027F73B02BA065CFE1D0753F648FBB302A9
:10ADD000F4079AF56AFCBFFC02F8A7034DFEB9061A
:10ADE0000904F3FED208AE04A10008F7410AF6F701
:10ADF0000703AEFC62FCD10A67FC0F08E6F82A02E2
:10AE000027FFAEFED815D8FB3805CE04E9FBD9FBE9
:10AE10008B0ED015D60DE20AC208140BF5F9FEFD13
:10AE2000B00C64FFF80DE709F110CF275DF4FFFACD
:10AE3000D6058406F312080CCF25950FD4F75900D8
:10AE400057FE79FBBC1257F9481FD103C7163A0CBD
:10AE50001CFC601535F82805E90C6C15630ACA0559
:10AE6000AF0DBB12D80A9413780589028F063602FB
:10AE7000DB172E1089FC62FE10F8A6EDCCFEE1F87F
:10AE8000270B720C91065BFD1C06BA0A69006CFE6A
:10AE90000F104C039F084E10E504C2104DF7AAFC9A
:10AEA000C702C0057BF97809FBFF840928F9300443
:10AEB00037FD9F03B1F510FE0D03B1FBDF0107FC69
:10AEC000CCFD1EF825FBA20470FA8E001900480480
:10AED00064F3FFF97DEEB30369F66302A7113F0146
:10AEE000A205CF0490F96115FDFC1802C9ECA2F48B
:10AEF0003002D2FA5011C70B230D5A0B7BF04BF8DE
:10AF0000E8FC30ECFC0F2713221EF6073DEE0DF592
:10AF10009EED69FB05067E0E540F101093F1CAEEEC
:10AF2000D6FF860C3D15F00366138804B5FCA20A13
:10AF3000A205A5FC6B0A3910780E78FFFE0F200DD4
:10AF40008A07420C2C103317120CEB044913BE066F
:10AF5000C1114A186D04130B2F0093FE150232FA2B
:10AF600093FD30FD1708C5025BF3D3F88CFCD0EEDF
:10AF70008305ECF56D085005A8EEED0AF4F9BEFE68
:10AF800058F7C3045AF74CFC951006F198FA7BFD6C
:10AF90008704E7FF0EED030AD60495FDC1063504CC
:10AFA0005308DCF9FF08FA06A2FC9101BCFB82F809
:10AFB00030F7A5F29DF7C3FC21FDDE00A700DC02FF
:10AFC00073FC27F4100902180704BD1609F989E675
:10AFD00083F03AF270099A00541145072CF0B2F34D
:10AFE0002EEB29EE97FE970BAE01520A4FF21EEEA2
:10AFF0004C01AAF1BB06B6FF8AFB14FE05E8DFF0A0
:10B0000018ED2BF532FF6AFE87F52300E1FCA2095B
:10B010007802D3F53D0ED401BFF6B307CE0C761AF5
:10B020007AFFFB0CF10DB1FF9D0AE7FF6D0F250DB7
:10B03000E107C1FF500C5A0709088AFE5BFF6DFB50
:10B040004705EDFE0F00000C8DFA2FF184F79DE708
:10B050002205C20DFDF278FAC2F65BE9C3ED20F6D7
:10B0600078070AFDBFDFE1E033ED54F193EC39E9F5
:10B070001D051F1047E469F87901720872FEFAFA9B
:10B08000C2F8620494F94BFD2200510042F8DCFD45
:10B0900074FA0AEB350CC702E8103A0698006CF215
:10B0A0001DEE04E20505F7FC3F020304DAF88E12F8
:10B0B00044E93BF474030004E7012503F10BFB08AA
:10B0C000BDF166F43E0A0D00EDF471FDAF07E30833
:10B0D0006A02EEFDAE04E1F92B0422F7FFF48AF1D7
:10B0E00025F8F7FE3400D6F3A7FF5CF303FDDE0678
:10B0F0003BFC87FA31F9DAFA15F70AF25D1C2A18D7
:10B10000C3FB4C0FF30068F98DFA31F5F1102306FB
:10B11000D10BE800C6053FF4C8FC9AF7820CE4FCAA
:10B1200081F70C056DF8C6F11A0418FB50F6C5F44A
:10B13000640F7306A0EB2BF2EA0243F7FDFAF3E289
:10B14000580C3AF4AFEEF4F7EBFC3CF9D5E3EAEC3B
:10B1500063149306550101F942F90CFC39FA85FE96
:10B16000E6FB7404FB0221FEA5031C16BEF9CD0B01
:10B17000120523E60A08CA0C5109421BC7FA370612
:10B1800092E30EE26D090B0BC91B3D0E84027F108A
:10B1900001ED96FA53F0D1FAFB126E0F300F0A0848
:10B1A0003CFD7301C6F1E8EF0C00DF10D1068B0403
:10B1B0004E025C0513F5DEE84809AB13B2FF1E042E
:10B1C0003904BA08C0F683F3E40A4AFD31092B10AA
:10B1D000EA04E0F6AFF22CEF56FED2ED0608AA081C
:10B1E000FFF4B5FE12FC61EC98FDA5FBD61AFE1922
:10B1F000100E82032A04F0EFC4057B00870E880D31
:10B2000013FFA9031BFB9E0047FBF8033DF861FBFE
:10B210002D05AF06CAEBE0E87906C6EE97EED2DE62
:10B220002205C31195F0D7F672F1910753D276EC4F
:10B230001A08C9FFD9EBA3ECA2F88A0E16E528027A
:10B240000F0A4FF8120084044101C919BAFEDC0F3D
:10B25000360217E4DE05A3FD331A9F0FD10A361A12
:10B260004DD7DBE7E9F867F4FD20791349F7410191
:10B27000EAF67B03C3F771EF48050B0D95035A07F8
:10B2800031FF6F0B4BF256FE3B07AF11B4FED711E7
:10B29000940EFB118DEC43F2FD005B0C430459FA54
:10B2A0005D0D79FD54F503EA0B0B070621F863F9F0
:10B2B0006401AEFE7DF456EC33FB89F049FE68066E
:10B2C000290CA00620EDFEE50FF30BF5EA14141986
:10B2D000FA0D030771E969F40B069F08C81E240ED6
:10B2E000C4FF45FAC4ED20F61A041D00960AD106E3
:10B2F000580FF60C3BE78CF6D2FFDDF629F075E02F
:10B300000DF8E7FE5DFAC2E950EB4FFE0FE36CDC8F
:10B31000CD0766105FF39AF9BBF14F0F83EA9BFFED
:10B32000F80460F8E816C91D2A049120B71BB2146E
:10B33000BF037CE962FFCAF39103A80CB305A5061D
:10B3400096EC58EE7C066E054C12070B1F01A80404
:10B3500075EEACFDBD012400A7F6DE02C902C105F1
:10B3600071F7EE0A21F4C101A602E405DF1B010D0D
:10B37000110F6611E6F23CEBEB0B1C05A908FF0769
:10B3800045053011A7F4DFFB610B1DF4A302A8F6FD
:10B3900076FE4601E3027B001CF805FC0009DD197E
:10B3A000870FD90DEFF374FD01052A085C213620C3
:10B3B00057004B0DD4F2D700AE058AFF821DA616AA
:10B3C0004B09B0047DFB09FC86FFB0FFFC1026FC96
:10B3D000D8003A0A18F607FE650031EAE40641FB98
:10B3E00094085C0A3B00A6F609E990DC52E333EDD1
:10B3F000E403550111E6F9FF3FFE34029DF6DB023E
:10B400002FFF09FA9C10B020AB0409064609631708
:10B41000DF0303F00CFD1CFB4509B60B0704B6FF68
:10B4200010EAFDEA1A17260FC80AA608610C26FFC3
:10B430006EEFFEFABA0B5E0A4EF4B50385144006B1
:10B440005BFA0100530561FBCBEECAEDAF0B7F1336
:10B4500004055E0D750AAD0F5DEA8FEC9B01C7F820
:10B460003C08D2F6C614BB1CBDEBC9ED35FB48EE5B
:10B470000BF164F0F918860D9EF73B0729093D0C86
:10B480005AF327F38FFB86029111FF03F20CA01EE3
:10B490002AFF2F080808AE004506A8FE8E0EDC0E17
:10B4A00066F63CFC2D0675FBF90165FD8E028908E8
:10B4B00001FE200AD7FD5205850AEAF2D1FDBBF54F
:10B4C000D2147A151207A8F506D6E2E1FFE531F6A7
:10B4D000750883F42EF17C121EE3AC0227E9C8093B
:10B4E0004805AF074E056202AE145E0BF413C91097
:10B4F0006906FFF59402FC0CAA058CFA4E124F0661
:10B500004CFCDAF1440E51FCB9F658EA480C5FF5F0
:10B51000FDF32CFBBEFE6F0996E3A6E2A201210318
:10B52000EC04BC06C40A0013A9E1A2D861FFAFF77E
:10B53000DA09CE00D411D1124DD43FE2C6ED85F820
:10B54000870994009713482F5EDF8CFA85F329EC66
:10B55000CBFC1BF7CC0F8201EA0DDD023B047D0E14
:10B56000F6E701EDD1068807050CC106B20B731092
:10B57000F001D0FE2208810D3C0EA1F9AB0395131A
:10B5800037FFEDFABD14181075FC3605500DA311E8
:10B59000B0F955F1D5FF6C0FECFD9CF3B80A82EBC6
:10B5A0007A099C15500BBCFFD9DEE5E292E8F1F474
:10B5B0005313CCF208FCF9F760F017093CF5060CC0
:10B5C00025FD6DF77A10CC171B0387148C035E19C9
:10B5D00011F617F3F318D01B03FF81FE460119067D
:10B5E0005BFD2FFB9C0D96FB18EA1ADC79FFCDF46E
:10B5F000F3056EFBDBFE6013F8CE20CB2CF2B5F624
:10B60000F0085D032F136D16CDC8D2D8AEF2ADF69B
:10B61000AAFD23019623701F61E071EBCAFE4EF66E
:10B6200073068A0B44201C18C6FBAC07C8E567E606
:10B6300024F1BCDECEFF2CF9190D1F0BF1E3B5018F
:10B6400052E228E967FB6C0408040B0329FC430B56
:10B6500057FEBBEF0F0F3B0930FE8A0491032D0804
:10B660006EE74BDC061178118D015AF845109107F1
:10B670002AD4C9E25105991047FAF3EEC20247FCF9
:10B6800009F2E60567033DF924DDA8E0D2F632F7BA
:10B6900053055C1198F885094EE1400295FA47FD83
:10B6A0005409BDF9FA049E11CEF8EA06F3F997FBA6
:10B6B000B9FD10FB930CF8FF6FF200EE0DFE8FEF5B
:10B6C0003601F202E301370707E3A2D704EDC5ED27
:10B6D000B10D23FC3A08F10F94DE34DC430057F03F
:10B6E00076F688007B22EA23ACE28AE8930078FAB7
:10B6F000C009D704581DED18530A600EF2F36BF41D
:10B70000C90C260900FC27FDFE204D1865EF96E2C6
:10B710000BEEA6E952F9BEF9ED11C3F4D1EA97F7A1
:10B72000F3EEAFEEEB0DE40170F610F883F7EB00EB
:10B7300073F17FF84912110744002AF6BF075A0334
:10B7400051E130E6FA13420F57FC4D007B074FF6EC
:10B75000BECEB2DEC40C7202530AD3FCD4F8C0EDE4
:10B7600070E1A7EFB506180A4B03BBF8AFF10AE981
:10B7700015F9AFFE3D0D2F1366FC190F60EB5E0A45
:10B7800016FDB7F460FDD70207FF5E0933F77CFDB5
:10B79000EFF587FC3606090571083FF3540AD1011D
:10B7A00041F84A023513371A4DDECDE169F458F9F4
:10B7B00020FB1306B2286A180BF2ECE962FC1B05A9
:10B7C0008FFF22FDC81944020602FD121F04F6FB7A
:10B7D000C90A540308025DFBA11D042622FF0002D2
:10B7E000370E94FA37E9A5EDD013BA1297F107E0B6
:10B7F000D0F093E99D01E2F85509CFF6DCF26EED49
:10B80000D6EB47F08F0D42F8B6F76B0045F9BE0056
:10B8100032FE90ED6DFB7AF7B9FC3BF896005B01C8
:10B8200030F9C4ED6BFFB102D2F9711379FB97F5D2
:10B83000FDED5DF5C20A420BD8F9E103E2FA65F2CB
:10B8400025EDF4F43D12D30BA6198B0956F55FF2E2
:10B850002EF949FC94F88FEA30001D1203EB5501D4
:10B860002BFDF8F23C022209A7054FFCB901FEF8B6
:10B87000C7FA52F7B70F11FA260EADFF5A08BC05EA
:10B8800011FE2605CEF548151AF1F0069BF096FA42
:10B890007500A3FCC00C0C0BEB094907A9FEA70E11
:10B8A000C3FA24019702BD0080167A27E600E2FD64
:10B8B000CC0470F926F799E5C41F291B97FC740482
:10B8C000AF06C2FB6AE91FECA218AB06B0FDBDECE7
:10B8D000A0F78BF700FAD3F9590258F5750107075D
:10B8E00068F6C5F5C6F6CAFEBF0255FFEBFBAA0512
:10B8F000F90055F025F6ABF022041C0777FB82FF18
:10B90000D3F0A4F47408F40BB7066F0AFEEFC6F583
:10B91000A7F0FE00600A061E7D0038114EF62EFAD2
:10B92000400B2C09A41E7AEBD916770A23FB1FFEC5
:10B9300038FACB0065F3BAF9CB1B9C10A001E200EA
:10B940008F08F1FA8A08C4FAF3F855FED5F942F8DF
:10B95000D80DE3EFA0FF84FBAE1054055C19DDF6B3
:10B9600042F6D1FD12F39408F609F91161EF52F590
:10B97000C1F2FFFD6E0FB4FD1209A20EABF75A041F
:10B980003A07F6FAE4F639F19015E11305FC69017E
:10B99000C70BD5086CED1AF33812020772078AF24A
:10B9A000870BFFF045F5EEFA68FF42016EF47CEE7E
:10B9B00099F0D8E708FD9FF5DF0040F5F1F3420567
:10B9C000C8002BF4DDEDA2EE14F93F04460A3CFD5D
:10B9D000D40169FB99FFDFFDD50176FC260139F31F
:10B9E00081F4E7FD7016F711D5F89F09D3F128F916
:10B9F0006EEDCCFA3C15B81446FD880E1A00B5F46D
:10BA00002B1C0210860D94F0E41F490AA60130FE9B
:10BA100025FA4AED1EEEADF2F10F0C1C3311D018D1
:10BA200076F2B7FAA3014A013E05AF0FD70E7C02AA
:10BA300018F1A0F6D20D49F70F128B0EB807CAEE17
:10BA400060F7C9FAD5FE2C154111981215F4CFF202
:10BA5000C6EC4D01670A6602A4040606AEF679023A
:10BA600068FDEB0F2D012EEFF708610318051FFA93
:10BA70003E0CF60DBCEAC2EEEF00070179FA86E94A
:10BA8000F4068A0D24F754EF3AFC5A012CEF1BF907
:10BA90009DF79AEFE3FCF9F7C7F8DFFDBAE9B1FAD1
:10BAA000FFFDCBF878E90FF33FFE7C051E06E6FEAE
:10BAB000A8EEB6F793FD3FFC3D02F8086BFA6D0067
:10BAC000E2F7640A160C0012E1F3A502B0F35D027E
:10BAD00010F6B2FCB014440816017707EAFFC8005C
:10BAE000B7077419D6135AE9C616460A11FE38FC70
:10BAF0008F0990F239DD4C01B9180D071E0A671243
:10BB0000ADFEB3FC45FA2DFEB9022303EA00570748
:10BB100001FA910118FE34F58917AA0D5BFEF1F9BF
:10BB20004BFB3BFE12F4B412EF17D1F737FCE1F8F0
:10BB3000F3F4C8F611FC4F096AF6C7F957FB55FD37
:10BB4000AEFB31FE8CF68EFC47FE4CFFC6F4CCF308
:10BB5000740BA51761FB38026EF4210C40FC46EF14
:10BB6000050551052BF1B70178FF07FFEEF2EBFD5C
:10BB7000EEF4EBF520F949F35206C9FEC1F958017C
:10BB80000EEDF1EA2EF7BAF2CD0A040806FC0DFF1D
:10BB9000AAF273F705058E01E906EC0469FA0400C0
:10BBA0003803EFFCC6FB0E0C30F68F0CD300BAFE48
:10BBB0005600940A5C1295072304D401B5F52410AD
:10BBC000EE06A807FB0BFDF8A3FC9B146D15E5140E
:10BBD00046EDDEF8A7E09C09F5176A0CA612AA0844
:10BBE0005AF9C7F12F119D006E07AA076810B10A14
:10BBF00027EC70F4410B35114805F90E3E166AEE3C
:10BC00002C0240F058FE420D5BFB740692E75CF795
:10BC100089FF3FFFC5FC091259F83CFEE5E539F103
:10BC2000D0F8DDF39E144F161EFAD602CB0212F79F
:10BC3000FE0875F99B0601098EF3D5F8ACFDA0F856
:10BC4000B8FD19F340062702540F25FCFCFBF0FF5A
:10BC5000EFF1F9F49DFF45FBC7012E01B9FEA504E4
:10BC600014FD02F287FD240DDC0BC100470244FFE6
:10BC7000440588057B101E0A16000D016700DE08CA
:10BC8000C5068003B3FCFEFE52F82D0B37FD44FDC4
:10BC9000BE00D30493055A03AA0EEA03AB1246135F
:10BCA0000CFD6C016300A30B04FCB41C4A17FE15C9
:10BCB000CEE2C4FE5AE986E8B515CA080320FB1196
:10BCC00024F8B4F8FB07EE0439FF5C070905C70F39
:10BCD00022FDEAF9EF0795048BFF710FCF035CF7A4
:10BCE000D205B2F442049E03D403A7092BE757E41C
:10BCF00067FC8BF714F780010AFBBD029CEA72EF28
:10BD0000BD01B103E0148D131803F200EF0386FFA9
:10BD1000E9FDB80CFC0CB5106A01850695FC84FAA7
:10BD2000FBFF04F1730EBB0924F9D507FB00770272
:10BD3000F9FC8BF646065BF7020B840A0C002DFD1E
:10BD400068EF12022305E7053B0D32102EF40CFEBE
:10BD50003E086CF8F4FA470C9A052EFDF4FC9409A1
:10BD6000AE039BFF99FA2CF4F601540A83F9DE0422
:10BD70000608CDFE72EFCAF12A0D8CFF4100F409CE
:10BD800088088700D5FCBDFB51F61D099807CA1528
:10BD9000DDF00C0778F643009C0C490A60181AFC89
:10BDA00063FDB404A1039302E40691004B021B0956
:10BDB000ADFC22F8C8F21FF8430580168FF09DFDF8
:10BDC0005B02B20621FDCF0281FDF902C3F270E5EC
:10BDD0003A0AA60696F4990074FFCE0C1EF37FF281
:10BDE00027092A041B09B2028F04B6FAE9FFF4F40A
:10BDF0004B0B990938FCF4F6590844012D11F10A4E
:10BE00002012320448FA350EC4090B02C315F60C91
:10BE1000E103890B2811890C1B08540FD1FDD2F0C6
:10BE200020FCE50C77051A12CFF960F681FF45FF7B
:10BE3000DF109700F0FF880350F65EFE8BF140FEA6
:10BE400036058B080CE83BF21BF9650BEDF6A6F9FD
:10BE5000A013A102D5E7CBF36C0536F84D005005D1
:10BE600019071E0A25F47DF5C9FF6F050C09FAFFB5
:10BE700021FDCB0454F397FABF112FFC940A080B51
:10BE8000750746F48E0987FD0EF8D8FD0F0D811455
:10BE900041EE37F376F653EF3B1A910769FF9E1692
:10BEA0001C15BE0615DB1AEB64FCE4EB13FAA5FDCA
:10BEB0006F010F0475EE91F2DA066C0719FFDCFBD7
:10BEC000D60D4D197DFC06F8AEF337FCA5005A00DF
:10BED0002D043D07D000B509200869031C0B620B37
:10BEE0003F0BCA0D320B87F9CC0A970A0411C30B1A
:10BEF0007A0C0B0BC806CC0B9F08AFF62EFE27FF63
:10BF000059090500F806CC0754010E01E8034BF867
:10BF100062106506CBFB40004AF6C500EFEF91FBCF
:10BF2000241157105DF205EAD1F499FD58FB17036F
:10BF3000490E62070BFA58E931F747FFB9F40FF8D9
:10BF4000CA14510EBAF07F03EBFFEAF51A0FD7F4CB
:10BF5000C3FF15FA0B15EC02611945006011CD0AFB
:10BF6000E701680021F8B1037AF8F3FF170CD50B4D
:10BF700019F34DFF71F1BFE887095CF91BF620EF5B
:10BF80009605BE0BC4E695E807F7AEF5C1F8760B4B
:10BF90003204EB0076E0CDEC0707B2FF6D10130220
:10BFA0000B088B0E2900CFFE8AFBA502530EFF075C
:10BFB0006B0C350E18F834FD160780035001E40DA4
:10BFC000FB0AF3FC1C02F205E9F707FDAF061407B4
:10BFD0002C0641096504650FBB04D000BF07E006CD
:10BFE00016093F0319106C04D909FB0660F1ECF641
:10BFF000520B12078A049AEA20FCFDFC26F3E4F8AF
:10C00000B1005F031FE8DADD35F5A7F6D3E532F6B8
:10C01000430B6518AAE8A8DD93027BECA4F705F1B1
:10C020000BFFB4015DE6CCF53AF40AFCC9FB5601FE
:10C03000C91BA3042E0807FC45FAC000FCFB81F6CF
:10C04000C402A8FD52FED0FF940870020E0617F934
:10C05000A508F000120746FA37148106F00288E4BA
:10C060004A15510F09F750FD08069BFCB7F5E4FF90
:10C07000E20A2E0B8700BDE7DA07B0F666089915CD
:10C080007A0A1B085FF20A0436F4A7FA4FF84F0C3D
:10C090003D0A2C0BC4FE05F9180A0202390A770280
:10C0A000A503B50B4D0AA300F2004C0DB511AE0E61
:10C0B000D30E0CFDDA07EE0A3BFB9CFB25FC750258
:10C0C000B7186A0DDDFBCEF148F949F15AF4E0F3F7
:10C0D0005905AE064AFDBCEB4FED48EDCAF2E9DE6C
:10C0E000EB013CFEE8E80BE926F4CA05ADE947DDC3
:10C0F0002D05F60BEDEBA4EB13055AED3CED4FF2DD
:10C100001B03C11147FD1502B0F3F2FC3FEF81FFA5
:10C11000AD193EFF6F050407A2FF08FCAA01D4F881
:10C12000C7FB20F68203A802E707E6FC1300840899
:10C13000A9F599FC77F6360375FFBB13230351F07D
:10C14000530A4E0F4706B20EAC101C08901BBA1CC7
:10C15000B5FC90085000B8FEF2073E0443070F0AF2
:10C16000000E180BE706FBF690FFD702F7F71C044A
:10C170002C063214C7FE9700E9F8130AA2009C07A8
:10C18000821822117011270480F99A0DF10A940681
:10C1900051176C0B8E121A0D1E0602009FFEED0049
:10C1A000140CDE1F010FCF0EB700BAF544F915F2DB
:10C1B000BB1BBD035EFD26FC8CEC5BE4B3F37AE8AD
:10C1C000BDFF9FFDFAFAE1F198EDFE0302E3AFF146
:10C1D0006EFF7E005EFED5F24EFED7ED27DB80DFE0
:10C1E0002211A3FCAF025CF3B909B30A030379F58A
:10C1F0006D0EB1049F086AFD990B440A68F86BF84C
:10C200005BFFA207EE0636F646023D04DB012F0077
:10C2100000FDBA04D302FCF9F1FAF6035E00580AF5
:10C2200048F46BF0B5116F04C80BEBF6030C6B0A06
:10C230006BF3F9F835096F1117FC6408A40A7E0343
:10C240001DFCD8F9570CFC0553F6DBFFE1006C0729
:10C250001EF2D2FF0C08ED063B0258092CFCEF023F
:10C26000A2FF2705F0149004AF005F03750B5CF18B
:10C2700024FD8014AB11270AE0FADB00980C990E1C
:10C280007A107D15F60FAB088100FA05C105D8F9C3
:10C290001500240C150F230D6FFFABFB5CEDB5EF04
:10C2A000D5068CF74307E10116F342F58DF091F7BF
:10C2B0004210D506D500C008D8E88CF658E9E4F954
:10C2C0000715CD086511F9079DFD37FE84EEECF4E6
:10C2D000CF0A89FDF1F5DEF94700D509C80BE10267
:10C2E00089FA5B079C00FFFDEBFAB904620279054D
:10C2F00065FD2DF63C0794FB4B04ADF7AAF7C4F39C
:10C30000E7FA91F7C7F927FCA8F0C8EF04F58DEF1D
:10C310003DEA40EF3EFF7B004EEEE0F197F0381033
:10C3200085E96DF88412020E1301FAFFAA04A20E29
:10C3300011EF22090D06AC0C2309C50313098B0468
:10C3400002FDC6024401711BF4F797FDDAF351FDBB
:10C35000C9ECF9F9D1131209E2F7BC106E0D110BFB
:10C3600006043FEE4F07B309DC0CC606EF07D611F3
:10C37000C0EBCEF4270674196B00F9F60615AFFE74
:10C3800080FE7CFBC50C2BF7F7FECBF7FDFEF5041A
:10C39000050783FFCB078C1054F81E095DF53601A5
:10C3A0001CFF530647068D035C01E3F9CEF0990CA0
:10C3B000C9FA7AF7EEF560058C0405FC000A8009DD
:10C3C00087F7B2F8FFF7DA04E5FECD03160641055C
:10C3D000F8F592FA1500D2FBD7F89BF7BEF7F903F0
:10C3E00049F8F102560D65FED109D3038F0077029B
:10C3F000A0087803180D3C0D38037DFBEA04E40B1C
:10C4000096F510F24E05AC0092F1F7017B0AF102AD
:10C4100078FB030A181E4205DD0879FD80064A07ED
:10C42000B9020D0607056D1320FC57FB6209B71A08
:10C43000A6F1CBFAE31494F626F77A040512BD09A7
:10C4400095FF10E9BA0B20111803DA06F80B4A140D
:10C45000DAF04BF5FFFE6EF605F7690051037C013B
:10C460005EFF1EFB2F04F614FB091606DC06100601
:10C47000FCFA04083A0EEB12CDFD8108B4F5E8F79A
:10C48000D9FC80094E04FA039BFD0DF946FBC20856
:10C49000EA086BF6FC04DAF80F0706FE2608180116
:10C4A000B1FEC3F54703FD072C0A21F6A0023C06A6
:10C4B000D0067708D1FF7CF6BDFFEB0583FA9E0618
:10C4C00031F7A20574F60AFB0AFEB7F782FD2406CF
:10C4D0009A0404FC45FFE6F88DF7EC017209E8F6D2
:10C4E000390320FA02015F0982047B09B3F6FBF6E7
:10C4F00059FA530AABFE2DFFB9069B085E04E9000A
:10C50000A3F23303A40AC3004EF7960115F207F90C
:10C51000E50C450A99EFCCFE8C0A77F802FEBF04C1
:10C520007807AF007CF710F87002C0038AF50CF7AB
:10C53000E0034807930283FAF209FF02BA064302B6
:10C54000F107A5FF44FBCE073B07690538F86100FA
:10C550007802C4FF520311F79BF89000C201D3FD8B
:10C5600007075206C504D4F75FFFEBFA7401CD0646
:10C57000A2F7EBFDE2FA07F74A0076013904B4F5B9
:10C580004FFF30F7DB066B0067052902A70221FF8A
:10C5900040FA0204F204B1F789F575F588FD62FDF1
:10C5A000FF0948F81A076E0409FD0A0478FEF6042C
:10C5B0009A07EE08010ACC040F14F60FD0FE82EFA2
:10C5C000D4FFFC0113195D19540659F8F8FCFEFA62
:10C5D000ECEAD1F39D06A8060E02E0FF2CF42FFE34
:10C5E000C4ECF0EF6BFF4F0D8E01E00B45FD9A059B
:10C5F00031F516FB2CFFC50A86FC63FEF709BE1356
:10C60000D30269FD72FDA613A607AFF9C7FE690B39
:10C61000DA0285F82E122A057D0314F8C8EF95F189
:10C6200075FF2BF05A00F2118EF3C5FF0CF52D01AA
:10C63000900533013512BD11FEFC17105CF7990708
:10C640008C097500C6F55D0532FFE10840FDFD036C
:10C6500039093905A6FD2F0490069EFE90000AFFB9
:10C660004FFFF5FEC507C6F9EA0243098008180323
:10C6700045030506B40894EF780553FEA10619009A
:10C680005503D1044B09E7035E0535FE7FFF3AFFF2
:10C69000AB01FC02200BCD05180E90110DF607F42E
:10C6A00049038B0E1EFF7EFCAD11550FDAE6D4E672
:10C6B000A10EF1F97101F7111C13F506C6E1D5E8D9
:10C6C00092015109220FF01055FD6CF303FBD00EBF
:10C6D0001A0901056717B401FC07E70AC30103F251
:10C6E000DBFE7AFB84FD49023B017207B0030BF8C5
:10C6F0003F0784FB0BF5E0004C159E0376E5B5DDA6
:10C70000640575FEE0FED5050208F710CDEFE8EEF2
:10C71000890167F97009920E1710D90457EDF9EDE8
:10C72000A90E1DFB0705D2FEA20773009E02130689
:10C73000ECF98EFCA901390A0309EBFF93F55105C9
:10C7400044FBE7FF8E011609AEFDCFF5A3F73BFBD7
:10C7500004F3C0F15D05690870EB9CF7F8F78608F3
:10C76000CCFEA30B1101F80677025404DBF620047B
:10C770009E09D80C8A05EAF3C6037EFB68ED4BF9E7
:10C78000E8126C0AC2F8861485F61AFA44004CEED8
:10C79000DFFCB90A9008DF0BDEFE9AF96C04ACFBF3
:10C7A000DCFAF6030E10EF1A10E6EBF29604FE0424
:10C7B000700789FCC90C7F10B1E34BF70C0AC6FC6B
:10C7C00033F6B9F8DFFE260481EF47E6170496FA40
:10C7D000F4F376FE18F2A60318FAE2FA10F0EBEA88
:10C7E0000FEA20EA9C0419FC81F287EE93F8B0F579
:10C7F000E9F731022FFBE1FC45FDF8063BE8F301C8
:10C80000D902DCFF3806A3FFB002CAF7F509B60566
:10C81000E8011D0607F9360A30FA01F6F3FD5F0656
:10C82000BE07A2F9F3FA06014509C306260227004E
:10C8300022FBEEFFCE0B5A089AEAD2F3D100D809B8
:10C84000EEF441F3E1FDB704B5068E0E9D00A7F9A5
:10C850007DF97EF9AFF27306D5FD83F9DBFA1CFB97
:10C8600072013B005407160D31F67D0264FE9303FE
:10C87000A7FB09010412BF0C5701B0F057FB7D0C58
:10C8800033FE49F8931A7614B4F650E3860BFA0B8C
:10C890003CEC06F1101A0F0A8CF02AEEC6FB660576
:10C8A000A301FC088B040D018BF27B155CF554FD94
:10C8B000A9FB29F92AFA66F6F10392F771F84BED14
:10C8C00099F3B2ECB5F89AFE14F4BEF98DE383EC5B
:10C8D00045FA16F1D2FEFE0516F50CED15EC6AF7D9
:10C8E00024FC76084E09580760FB360E1FF86309D2
:10C8F0006F101218BD0CC0F88E09CF0990FABEFF58
:10C90000D3F98202A8FFD5FAE2F530055F06F003FD
:10C910008CFB36F492FA81E7D2FACFF683FC96FECE
:10C92000630613F5BDF044F2F000F5FC07F3740361
:10C930001BF46D002C05D0F971F69AFB240234FD2E
:10C9400042FCD0F3710DE2108C11FA07F1F4F3FE02
:10C9500044F194FB8D132E0C9707D9048100FBF54D
:10C96000830439FD5711D605560F6EFEEEF225FAF7
:10C9700088F5BE009E013AF6BD0130EF6E0203F766
:10C9800070002EFD1801E2F69A05030A4FF640F2F8
:10C9900017F991FF19EFE7F4BC0640006AF343F77B
:10C9A000BEFA47F0BBFA25FE9900120A9AE96DF229
:10C9B00087F61AEFB0FDC6FDE002190854E4D6EB85
:10C9C00070FFB51E9309350CED09F20B1AF3CDF289
:10C9D000A9126708DE0B15FAF100A60CD2F02E00A2
:10C9E000AAF7910FF9082105C9FB04FE0305C8FE4B
:10C9F000400BA804DF0B3DF779FB2D092E04AC108A
:10CA0000A505F2EB26F49D09CC128505B2F40DF2D2
:10CA100090F6B2EE40022007BA0CB804C60B58FDDF
:10CA20009FFB94F81F11FC0D7C0BC818690040FF98
:10CA300050F7A5FD8B036E1378FF0C01DAF7BCF3FA
:10CA400060F24C019A08BAF9AC0E57F305F6F00003
:10CA500064FB4C0DBDFE96EDE40128F50106A00730
:10CA6000930EDD0593FD1DF7F1EF450166082BFEE2
:10CA7000380F84016DFC0EFC2EFBE20780FB50EBAF
:10CA8000DF0339F792F500F44F062409B7E787F87A
:10CA90002FF4C7EC23F47AFB0C0B32151EE63AEAAE
:10CAA0002800A312020BC9FF4A13FB0F9BDFAAF455
:10CAB00066083008CA003AFE4106DA042CF323FC6B
:10CAC000BE0429137E07DCFA0AFBEE094E009A0128
:10CAD000E30A5806980F97FC6615371843FA390C85
:10CAE0002102FCEE61FC41FE8F11990D69F764EEA5
:10CAF000A2FE9EFC4805770183010F137FFC12FD07
:10CB000066FBBAF6670792186113A206DEF8CD0439
:10CB1000D1F1450574086710C80179FF8B0A06FE3C
:10CB20006BFBEE0C1A016DF569FED401BD0D4A15C3
:10CB3000BB0AE70E1EF7ADF249F0A2F9A0083715BF
:10CB4000B50742FC3DFE8806D5F6EBF08B0D9F0441
:10CB50007A083C06DFFF58FFECFC5D01AAF8A2FE54
:10CB60003BFF6DFC9EF931092201160AC3FA2CE342
:10CB70000EF246F9850B5BF74D0C1E0A03EC06E43A
:10CB8000390B73FF18F0B6E85E018DF914F58AF6DB
:10CB90002705EB1247FE66F3FCF4B200FEFD75F9C3
:10CBA0009FE98B13E2022F0FB7F1B01774024C020A
:10CBB0005600B1026D025AFACC08BA11690671FE2C
:10CBC0001D09B3F6D0F65C0C9B20FD158400EDF238
:10CBD000C9FF000FCF05620A4B10331D16029C00DF
:10CBE0006A0978082822B618790BD40FD505EC0706
:10CBF000D1030F069C166300910371F3F2096E01D5
:10CC00001207B208E8F69DD96D068D003116D314CF
:10CC10001E0C96F69DF111F609F412F9E90F6F1644
:10CC2000C8F9550893F960FBA4EF4DF2EF15AA0D72
:10CC3000D7188B0A7CFEF8F8E3FDE4F89214BAFEEC
:10CC400029FFDBF71E1082147008D8062EF45CF65C
:10CC5000350373E968FF8AF0C70A540895F46CEC51
:10CC60002FEEC406BC0BB3017CFC4DF8ECED7FEE5F
:10CC7000951230F87CFD7006720B7406E7F9CAF164
:10CC80005414A70A060804012012AE116F0C2A0DD5
:10CC9000BE08520AE6070A07690B8D07950543048B
:10CCA000BF0E03FF9304B504A00912186C07DE023F
:10CCB0007411D30D2015AD16D90CEE0BD00CE1116B
:10CCC00001150306B31D371B8E1255FBA808F20B86
:10CCD000C50BB50A241DED09E500C6017A0DF40C5B
:10CCE000500124F5D1E132D389FE930D23080B1DA9
:10CCF00081FFFEF602DEABFBF8F8DDF4DB1027184F
:10CD00005CFB050F8F00ABFD27FCA7FB3B12260742
:10CD1000E0061F0E92FE8A0BBBFA69FE290E8508FB
:10CD2000580CA1096B107C08D208360FC9F4C3ED6A
:10CD3000A3F8A6F493F31502460869126DFC27FDCB
:10CD400025F8BFFF070CA61A7DFF6708E4E42AE474
:10CD50001906EA1306137D178D0BAAFE71EB79EF06
:10CD600085041600700641FBB6108206C30CD4FA87
:10CD700064022F0EA91114F63B13B10143048B0E6C
:10CD80005A18531C510E95144215061D07067906B4
:10CD9000F614C30BD206DF0A7311DA05BD0CAB071C
:10CDA0003A116C0C3F19BD200906AB06B000E7FF35
:10CDB0003D070AFA8B23DA0055092805750A4B044A
:10CDC000BAF29DF426DD8CCD130EBC04A3FFD3066E
:10CDD000E1EB2FF4B1E191F78EFA6C02061D3715E5
:10CDE000E6FDD5138C0194FA58061A01E8093308B8
:10CDF000741BB60D8307210211FBD802C503760808
:10CE00008008D9FB761043FE7502D3016EF75BFDF7
:10CE10006BEC3BE42AFF4DF93B06C405FA034F00D7
:10CE2000FDF534F692185A1B600AC2F4D0E4A0FA59
:10CE3000D1FE0E12D5078606C6E9CCF671EBC1F419
:10CE40002E058C06F40215F50017C6FA3506AC0C53
:10CE50000908FA1AC118BFFBBFF67DF4FDFEF80FF2
:10CE60003B0B6B0ACC09AE035805420BD004F4EE21
:10CE70008313180D2F09BA1B37042C104AFE01FE2C
:10CE80003B0E540255251C1F6E145A18430419F307
:10CE9000CEFE3EEF6A1F85089510A913430277F472
:10CEA000D6EB3BEEF5F342F2B3FD47FD8DF98A0375
:10CEB000F9EFB60686F3AA01A3E2F3F221072B02EB
:10CEC0004010700D2809C804EEF956016800DF15FE
:10CED0008F198A294112320BDAFF7E05B909C3F88E
:10CEE000E52447061C098909BFF92B0CEE04F1F56E
:10CEF0001CEE5EE274144612D1FFCAFE7CFCEF0207
:10CF00005FD86AF6841EA20BAA0C0F038BEF35F7CD
:10CF10003FF4DEF890048D11FFF474ED94F9390FAD
:10CF200034014103F9031A0B8D075808E5FC8D0500
:10CF30006304CA0B0C01B40BD9FF0303BDFE5DFEF5
:10CF40001F0E0B040C089E0E730BAE09EE0AEE07C3
:10CF5000F5FF61F99311E216A6FC3B11310A59F174
:10CF6000FDEFD8F38F29181BFE02840E94F300F313
:10CF700020F58EE9791594091B001D028501EBF25D
:10CF800014EA19EA83E9BEEB0A00E8E54802F1F782
:10CF90004406760E7BF218F98EE500F452FEDBFEB5
:10CFA0001315E21FDBF9D3FE59FEA0F4D0F95EFDA4
:10CFB0002721682544096C050FF14F040507B902C4
:10CFC000561BF10889FFB906920D9503E503E8F9B0
:10CFD000C0F96FE8190F5F19E90CA600BDFDD0007C
:10CFE0006ADC4AF1520AD20B3D02F5F9A1EE6BFA66
:10CFF00031F37512C9FEEAF8CEF8940242E7A808A8
:10D000002BF3C9FF4DF93902C8F339FB080216F8B2
:10D010003E0E210D861114135712F7049F07A0022C
:10D02000B605A5F3AB0E52186BF55A07DE06CAFE1D
:10D0300078F0BCEBD007BA1ED302A30533FA7AF717
:10D04000A20087F45E12F410CA011601FE04BEF2BB
:10D05000C5F045EE5C05D205000097EC7EEA7EF057
:10D06000D3F40BF9F2E8DEF422DEFDDF12FB98FCCC
:10D07000430FA71877F414F6E0F72EF94E02E2FCFE
:10D0800056167E162FFD0FFB5FFBA1F05AFCC30E58
:10D09000DD1A0819AF022B0482031C094E0C2AFE6C
:10D0A000A017FAFE5E09840C84F8E40D6FF3EAF22F
:10D0B000D2EC6CEA8312CA180EFF40F6C600EAEF03
:10D0C00090EF2AF5C50603FD1AF9FD0B73FBBBFAB9
:10D0D00064137005B6E3C1F022FDAC0F2EE52BE919
:10D0E00003FECDF7E706A0F83FF892077AF7060CA3
:10D0F0007C022E18B403790A6D1600FB9108030C0C
:10D1000088022DEA7F119220E2E95B029E12E6FF7F
:10D11000E0E2DFE7AE12D41230FAD50011FD44FF91
:10D1200026EC99EAF112D6180BFADDDC63FAA2F2CA
:10D13000D3EDBE064CFF8C10CEE298DA6FF39CEE76
:10D14000F50BDE080FF581EF33E4C8F880F72CFA11
:10D150001C15131F1CE8DDE405FBF0F8B5F9F3FC22
:10D16000E511980EF8F3BA0ACEFE7BFD4F00880455
:10D17000070E9907260CDD07C1FCB0054B08DDFC46
:10D1800069F332F110F5F006F6FCD8034D0DE8070F
:10D1900099FF88F77908040A1E003D0AE1032BFB7A
:10D1A000D6ED9604580681F134FDD5FCDDFB1E0258
:10D1B000391C9F0185E8DEFB6217890228F69FF182
:10D1C000B5F8CB00670E0AFEF207970291F5390A0F
:10D1D00028F69CF76EF5A2FE08FA510708FE2D030B
:10D1E000AEFBC6EC040A2DFDC3E214F55A0E06038D
:10D1F00065DB98E7C003060F69F7D1E97400E7FF24
:10D200009EF07AEC780E2A1432E032D61602AFF392
:10D21000AEFA49083405C209EDD2DCE094F7AAF36E
:10D22000E6090E16B60847F4E8F7200331F0E6EDFC
:10D23000341BAE228EED72E03A0F3B0DC5F3CAFFF0
:10D24000BD05950262FEE20BF20780086CFA9903B5
:10D25000C50940FAAE08E40ACAF9A1F8CBFD170BDC
:10D26000F7EF98F9C5FF96FC15F0C0EA3A072409D4
:10D27000BBFADCFF05FDD2FFFBF3A908FA087F002B
:10D28000F2F755FB13017D0A28091A043709E6F65F
:10D29000D7F4E605B4FF06FB4E04DAFE60014DEE5E
:10D2A0008F0686129205D001100402FE3510570831
:10D2B000331B6FFD7101B3FCE5F22B06DBFFC0FFF2
:10D2C0002CFA26E358008007EBDEB3E31009880848
:10D2D0006EE5D4EB350BCF0E70F748DBBB05EB04E6
:10D2E00073F836F76C0B140BE4BEF4CCA70902FA02
:10D2F00073FBC3112D0A29FF9BD183EB6201E4FB71
:10D300000F16A81E82FFB7F9010DF016EA0986F381
:10D31000031F101193EBCFFAE80EEC0241F326FE47
:10D32000880F4AFE4AFAA004330C3410E9F716F7C6
:10D3300047F44EFDB3FF64008B074A07920C2E059D
:10D3400079EE29F03DFB70FB8AF927FD5108E8FDD5
:10D3500074077F0A2D0C1601FCFF96104CFD050684
:10D36000C50414E72103C3147F0AF609700E08E808
:10D370005EFAC70A31EC7EF23503F7FB3FE2A6F511
:10D3800055001605D7FFC5001BF9AFF83AFA180D7E
:10D39000DD18400776033D0050F84E00E9FF730AA0
:10D3A00079FFA8E5BFF40FFB7AE57EEE000AD5040D
:10D3B000EECE7EF676F41FF562DFFAD16AF28FFCCC
:10D3C00070F7B2FC95F53C00B9C72FCE9506E50184
:10D3D000B9FB6A0C920321FF43E8090FDD0A9900AB
:10D3E000DE1A691453F0B2F78A175B127E067CFAD4
:10D3F000950E3801D5F6B0FB7B1282041D01530651
:10D40000C400F7F627FD12040C11540C49FFBB03AE
:10D4100021FDE3EA29F7C902B50D9BF5DE03980665
:10D4200028E8C1E75400ECF5D1066FEEA505A8FE8B
:10D430005EF37DFA85FD0A0751FE680713FCE601DD
:10D44000ACF32809BE08F0F67A053E07C402E8EE00
:10D450009A0CCBFAD5FCE6F5D00C670FC0E08A0039
:10D460002603FF0868FBBEF2C211F6F4060F9A0FFE
:10D47000F00BD70CA5FB01FD3CF5B9F7B2032E0765
:10D4800065F8D2F1A5FD5BF870E70EEFB1F0AE05DF
:10D490001CE354F12EFA1CE8FCE1ABE0C1FCAAF558
:10D4A000EEF486F58DF6120938D494E24F03890024
:10D4B000F8080309B3031AFFEA015B1E061184058D
:10D4C000DEFDEB151706B4F684296A158402B3EB6A
:10D4D0006D0C3503F8021B01A4145B0F7B03D5FB15
:10D4E0006DF62BF9B10559064E052A0CAE09030E4F
:10D4F000C3F1C5EA0DFE3108260A92F4F5FA960743
:10D5000082EC1FF9DB0F4DFB12F2CBE95F0302093E
:10D5100096EBAAEE40FD4BFAF9E997F16B02C0F5E4
:10D5200002ED8BFBE10DF6F8DA0238FEAAFD59EFA9
:10D53000BD01E2011DF4ADF3C10A6FFE48E307FD32
:10D5400008F4290198043BFD1E0278139608051A79
:10D55000E500BB1B30F073FF13FE43F42D0208F609
:10D56000FBFBE6FB1FF110FA89F714EE64F3FFF7FB
:10D5700069F9F0FA0CFCB1FD60D9B6E07F0277F7EB
:10D58000FEF4BE02230A6FFA24E7AA06E4FAE70AC9
:10D59000A2FEFF0494F7BEF9B21CFB1FFDF61BFBB5
:10D5A000C7005E066BF5490572254614E6F60EFACD
:10D5B000E6037EF98E049B05280B5711A008CF02C5
:10D5C0005A041E02D4FC10F75A04721528FAFBF70D
:10D5D000E6F5BCF44DFEA6075B03CE02BF040510C2
:10D5E0001BFBACED66FBF20754EE3EEBD600820669
:10D5F000E7F51CEA8AFDA80214E988F7DDFBA5F42B
:10D6000037F5B2F24D04D10177F0FA056A0B9300B9
:10D61000E0037FF1A3F00FF61D1DFEEF38E874065E
:10D62000F7F73DF8FB051A045C0752FBB0035E10E8
:10D63000BC00A321E5F8C8FE07F5C9F503EBE0033C
:10D640004D0459EC9404D9F44AE898EEA2F8D9FFB5
:10D6500060FB580284F2A9F67BEE32F3DCFF67022E
:10D66000FAF0B704BFF655F74AFEEC0110011501B8
:10D670000DF220F647F576FB431CC50DD1FB0AEBF6
:10D68000C8FC7105E70C0F096C0E10138DE852F5FC
:10D690000F0B23F8670A0CFE1113F90FC80918F7CE
:10D6A000CBEE7FED1BF7D0FAB1FEFFFC7400E8F67D
:10D6B000C9F647FE97077009C50100F3E5FF340C72
:10D6C000E9F7F8EF89F33207D4FCA8F9C207DBFACF
:10D6D00092F107EE42FCF6FC47F24CED33FBE70813
:10D6E000DCF08FF89F03D1160DFA170A2E19EC0EF5
:10D6F0002CFF57F732F8400A5A1471FF42EF8404A6
:10D70000CC01D90C55FF3CF46CF6FFF6130AC303A9
:10D710000D15CB0E58042FF1A0F4C5002DF37602A1
:10D72000DDF7CFF785F7ACFE54E79DE8CEFE74FC3D
:10D7300070F451FD88FE35FA7FFA57EB7F00D30471
:10D74000B109B0FF42F8A6FF56EC6CFABCFD9DEBA8
:10D7500014080C076AF8F5FA50039A0CF0FB59ED1F
:10D760007DF520029EFF8BFADE0352045FF6FCF487
:10D7700038F993FA9E08AD0E1F100F058C01A8FA18
:10D780006504AAF82D08D80A410103FDDE09C50089
:10D79000E0F8FFFD6A0799FDC4FAB90BB100C3FBBD
:10D7A00097F16FF21B0AD0085A0374F5AE05020216
:10D7B000C8F406F0FD093AFF73F1AB09A80386F43B
:10D7C000E7F5D8F26001870EAAF62D0639078D0914
:10D7D000A7FC530160F9C6F8CBFFF90494F62D09B4
:10D7E0004BFF42F52CF74FF949F162F51EFF4B0C48
:10D7F0000D18BAF993FE7CF864FC24F836F12B0579
:10D8000021F47B026507C1FD53EE9702380724FE21
:10D81000120A130046FBADEC47F70D0069FACE0182
:10D82000D6FF23F809F6F7F8DF02770706F50EEDC5
:10D83000B00B2E07C30384FBD7FE9F07D1EEF0F891
:10D8400077003B0359008FFA390532FFD7F1AA025E
:10D85000BDFCE5FF82FE340E3F10D9059B059B04FD
:10D8600057F968EB90014808100509F63AFEC00C1C
:10D87000BC00BB02070FEF0D7E05CEFDD3FCBAFD49
:10D880007AFD75054707670F96F841000909A40757
:10D8900079F806F763FCF0FE36FB50062309C70A49
:10D8A00066F3CFF820FE7E0A58006004C4FFCA0069
:10D8B000E3EF580521069100A2F43101E9FBCEFD0A
:10D8C0008AF7B9F927011B00B109F3F8C00836F748
:10D8D000A3030201C2F3FE0BA7F36EED4004A30203
:10D8E000A0FED4FE33FF36014BF7AFF4BFFEF00AC3
:10D8F0003B03E31695F252F06306F508790C7EF8C7
:10D90000CE0B0F015AFC18FE5608251032EEF3F824
:10D91000DD013EF60501C8F71A05AA0534F1D10468
:10D92000ED03DAF95B007100E50FC90990FC1D0BEE
:10D93000A1F89B04120F29043413B10DE90C6208FD
:10D940006EF636F50A07BD03451023FE890A5D0908
:10D950006AFE0A0418FBA3058901A10A26FF11F536
:10D96000E7F30B0B7804C1FE0A0A780114ECDCFE25
:10D97000A70463FD2D02F001D50B4A067AF2660575
:10D98000A108AE06C609E5026AFC79002E0567010A
:10D9900072EE9CF88A0DA5FE24F80DFB80F51BFBAA
:10D9A000C20481F6D007BBFD5509BFF93E089AF5C0
:10D9B0002C11450FAA11FEFEADFD0DEF6E0F2B06CB
:10D9C000DC1E3912F4092FFE6DF8B500CE244B137E
:10D9D00016134D0AF1F236F3E40247F4D90513F9B0
:10D9E000C001CFF5B4005300AEF6A2F3D7EF03F9B0
:10D9F00099F262FAC10D0B042DF2B500CC05DFF8E7
:10DA000028F0DEFB4107F5F6DC05D111AD03E0059A
:10DA1000FF00A406C6FA04F6970A080ADDFEA80766
:10DA2000F4FAFD02DD0582F681143B07C602F90314
:10DA3000E6F866FD38FBD20752F9E0FE98E859FA9D
:10DA4000B1023C06EF0E44FC180917103402A10481
:10DA500028FD4B008CFAACF34D03CD038F02C20CB2
:10DA60004A000A11FAF123EEDF17B61309FDC4F7D5
:10DA7000B2FAA7045B05730953FE7109620612022C
:10DA80007706E303DFFBB2FFFB0336075DFF02FE11
:10DA90000FFA8EFCB2F819077AF08710F60BB3056F
:10DAA000600A9D123F015EF7D2F848F7E009FB0DCE
:10DAB0009B1F7D1A75007EF2300384F95E073FFBE1
:10DAC000FF123E050FFCE5036DEE62F20F01380D0B
:10DAD000E506A405DCFCDCFF6CF9A5F96513F4048C
:10DAE000580ADA06EDFF830663F5A6F64A0CCB006A
:10DAF0000909F7FAFBFB1208AE0F5E08730B71FA07
:10DB0000B5FD1A06D0062203AAFA9504B907D6F77E
:10DB1000E0FFBD009607D40575FC0FFB8603500699
:10DB20002D06C5FD8DFA2B1C2B0256F50A0AA904F9
:10DB300040E66DFA7B1C0C1A94FD3CEB33008FF72A
:10DB40009AF284FE0B247B0091F92B03F5F09202EC
:10DB50004CFE09F930017C03930A390143F10109B4
:10DB600002FA3B0861F7D5F8BE05770504FE5A09AD
:10DB700036044DF86AFD120412F7DEF5330A9900F7
:10DB8000DBF97FFFFBFADFFF4FE335F568F1550D59
:10DB9000841922257EF523FF83EF6EFE5E0FE014CD
:10DBA000C717251117023A143AFD7BF4CE14492CFD
:10DBB000F617240E460B9E0B0AF1F5EF331C0619DF
:10DBC000E007B8088F0BCA0AD4FBE505F9049411E5
:10DBD000CF189C078D0156059DEBE7F79D2A9F0FF7
:10DBE0006C0FBF187217D60400F0D8F83526491B01
:10DBF00018103A195A1421145C0445060D18901691
:10DC00001122AE0EC9189123560C64F0E212E521E0
:10DC1000730A3E10AE1EBC0076FBE7013B154A15A9
:10DC2000AFF435F73B032605BA00870CCD1548FC49
:10DC30003E030B078902AE03C1F67FF6CEF79CFDCB
:10DC400034FC3108D203850516FDE109B3049CF8C4
:10DC5000EBF82E03A80231FF8100DCF812F68804ED
:10DC60003E0597FDE5F950F8C702600544F642E825
:10DC70005EFF070A62FE5516F40AA809C8111613BA
:10DC800022149C04690927111C0AE009720C9D08E2
:10DC9000181023090223E41A9B0BC40A3A0977FFE0
:10DCA0005100921326198A06D10A4B1E1910C1136E
:10DCB0001D138319D614E30921FC9CF9C214980A98
:10DCC0004113CE275A12C311C1FEAA13040D1F0E11
:10DCD000D21CD7154619F1155500920F0B137F165C
:10DCE000CD0D3C0631049002390CF5FF0418841662
:10DCF000BDFC0B0A631112048605A1032E165D07F5
:10DD00000B02A9F968F6FBF881FFC5072AFB5C0343
:10DD1000F4F8500226056809580130F6D50852FD7E
:10DD2000B5FFDA04B209AAF561FA40FFD00845F957
:10DD3000FDFD96FDDF038202DDF7ECFDE5FFEAFA6B
:10DD4000EEF78B008B05FEFA040AA9002CFC13FFEA
:10DD5000740101F90FFCBAFAAA0347014BFD7DFBE0
:10DD60001002D90144F89209EA078307E503CF00BE
:10DD70005F0ABAF94109ABF72308AFF910FDF8FAC9
:10DD80002BFC9AF7D7064A017908CBFB310744FAF6
:10DD900035FB2F0AA605F8F626FFCE084505C0FE7E
:10DDA00065FEA6F58B069D08C401BFF6EF03EDF5F1
:10DDB0001604C20485FC4304EEFA73055C010801F5
:10DDC000640525F7E203A007AF03D4FE38FEF1098E
:10DDD00024084508DAF7F500D3FCBAFE6A0A41F6D2
:10DDE00055FE44FA630A5B0635F97BFBC5FC030369
:10DDF000D5F7D2FCC7F99DFD9DF8C00901F97B0A52
:10DE00004102B7F87CF75EFAE4FA7B007BF6CAFCC5
:10DE1000AFFA91FEF9FFCFF74E04C6068200A004C8
:10DE200083F6CF04CFFE68FE04FF56F870F97BFF3F
:10DE3000EDFBF800BBF0F6F9A8F762F8FB08A1F7D4
:10DE40000307DC042DFF0B065EFA6E03F1FFA7F556
:10DE5000C701AB0B83026EF99504EE067DF4C5098C
:10DE6000F108F5FE60F7B201E6F87F057A0A4EF593
:10DE700024F963023408F8F3EB04E1080D08810C7F
:10DE8000A709940701F4B4FC0FF8F40240F5F7EB8E
:10DE900089FC4DF96C013D0763FE8AF5A6FC9813D9
:10DEA000E9052AFC65FB870354F7D603AB10401045
:10DEB0006E09F4086AFE3CFEAE0408F95A1075FAC1
:10DEC00093089FFA8AF8EDF9B604A801D0F7E9099A
:10DED000320591FCF309C5F7F7053FFF55FF00092F
:10DEE000950594FFF80686FCB30873FB9C090F01A7
:10DEF0008FF8460AD3F702F08005E8F5F402890AA4
:10DF00008FFB58004CF52800C205D3083608980648
:10DF10001D01DB0820014609B6F6E5047FF99BFEEA
:10DF200094FCEA004212A504EB019BFE37F33CF49B
:10DF300089FB850E01FEAA064202CEFA04E1B5EE87
:10DF4000330FCD0D5D135EFF21FB2408E6DC2FE2CD
:10DF5000DB100A14EC0BD512E605A50361F930FFBE
:10DF6000B210EDFEA205D5141A09210508EB9CFF9D
:10DF700003FBD9E4AC124DFA12063FF9B8041B04B6
:10DF80004FE634016D01AC0CE9FCBEFE320A3319D8
:10DF9000E1F761066F09C501420A900384252F1835
:10DFA0007A0518FAD4FFF9FCD3F673F87E0F0C014A
:10DFB000E5F987FFF3F786FEA607540175001605FD
:10DFC000F1F77EF83B03CC08B5070E02C7F7EAFE6F
:10DFD00007157E0FD5FB78FA68077BF743110A0215
:10DFE0001E05170BA01523017DFE3509CE01E6FEA7
:10DFF0004A091112B90B9D0E9EFC5807F905D7FD71
:10E00000A6F2E7FC99FF2FF70301FC077B00FFED69
:10E010000DF8CE0B020715FE18038802D3E2A1D734
:10E02000380C3E0818FE4EF483FBA2FE69D7BDCF24
:10E030000209C20DFF102304F2FF4206EBD320D9E0
:10E04000AF0A47F5760948FE6B036FF883E3A40433
:10E0500048F8CDF54E138D0F82F91FF63609CC0026
:10E0600010E84ADE7100E21344F786FE4DF931FFF5
:10E0700011F07FFF9812520E6F06B30796055103F9
:10E0800076F280F4E6F8C907D4F5F5F54314E1EE2D
:10E0900012F75204830D27FF730742082EF3B409C9
:10E0A000F5FE4FFB39FEF9FF5AF7B6000502BE0137
:10E0B000AA027601BEF94CFA5F07DE04C601CFFB67
:10E0C0008FF70407E9F90D01AFF8EFFDD1FFF0FD7F
:10E0D00039108010290FA3083E026E099E01E8EB5B
:10E0E000B9FD75F474F583FE65F9D20440F47FEF51
:10E0F000B1019DFE53F53FF368FE530521EEE0CEDE
:10E100009B065F114D0384F87E0069F812E3C6ECAC
:10E110001F07B6094BFDAAFA2003E2FC1AF484E6B5
:10E12000CD05A2017A050A0668F72BF6EDEB240669
:10E130004E07260CE8FCE10431FD6C01A8F9610DE5
:10E140004C035CEDF717B91147FAFA0137027C0E60
:10E1500046F30DE5A104DF17B3F68C04540EF81056
:10E1600091E827E93218841E27065CFF81FC0EF235
:10E17000B3F77CF566157D062BF6A80217F1DE0BCA
:10E180008B08B1F6B0F9BE0413FFD10371F95DFB42
:10E1900054130E12FEF8D1F7E3F698F56B00E8027F
:10E1A000C3189A0EC7F5CFF6F70919F900003F0317
:10E1B0002F06740D25F425EE4705D80D2DF91DF910
:10E1C0006605BAFAB2F8D4F477030A0D6BEB88ED62
:10E1D000E2F9EE096AF3A3FFB6FFEFF743D8B5CD36
:10E1E0004EFB2E0985FDEBF52EF9FFFDC4D8F2DFBD
:10E1F000C308B607600149F2A9F5B3F5ABEF70F8B3
:10E2000046164D07A009700312FAA9F5FDF4FC00AB
:10E2100096F52A01AF0B760BA0F7E8F8B40C28FBB3
:10E220003E0306FFE31AD51619FA810088FE1E1375
:10E230009FF898EAAD11B205FCF3C40A9811170AC9
:10E2400084DF1CF4AF125016B80201005814F4F920
:10E2500015EA50F6E4108509A8F79DFE7606D60368
:10E26000BD095302AD0535EE3F0497089DFC87F0CC
:10E27000DBF2ED0A1E05E9F3E806D8F609F51E0AF9
:10E280002203420D15F8CEF47D06BFFDA605B3F7B7
:10E290000C0ABAFE21F20BF31DF8DE032DFBB300CE
:10E2A00082F71C09EBFF63F7B40179FEE8F95BE93B
:10E2B000B70CDE0C93F757F9E5FB34F732D977D278
:10E2C000F60DA1070DF29AF588FF4BFFE7E929E566
:10E2D0008F03090C8703BFFDC1F09BFED600DB0551
:10E2E000DD0EBA0220027AFAEFED64F264040C0D3E
:10E2F000010AE9FB21037A109BF79006CE119FF9E2
:10E300009B07CAFEED047FF7E0FE7F048BFB4B0DFD
:10E31000A8EB78D81CF38D01D9017308C711A90F98
:10E3200034DDDCEA3B06310F37057EFAF809EB04F1
:10E3300081F56F0609084EFAB8F534FB28FF0B0B80
:10E340001A0092107E043DFA8AFBF5019D0927F31D
:10E350009108F711B0FFD8FC5D03F8FEC10A060B67
:10E360000E05F6FBEDF91DF67FFAC8000707071545
:10E3700085FD37FB81FA29F53D05500DE1FD2BF6B2
:10E380001FFFFE0957FF65019006C5F12FE5A6DEC8
:10E39000D409670E7AF737FFC0F67EF2A9E1BAE03A
:10E3A0000118C30E5C02B1045FF8FDF510FF860989
:10E3B000DE0E9E15C90264FED5F0F9F79D07D41252
:10E3C000BE0D00140CFD12F9D407F704360228FE26
:10E3D000AC0CF4060BF4B00673FAA7F962F821F658
:10E3E000E5031EF43105D60C08F952048708A50987
:10E3F00090EEA2D56005F800A0FA3B0A120B1E11A0
:10E40000B2C9D2E2A7F7BB0720EE4CFBEDF7930AA7
:10E410008F0414038A1BF3F6C5F6BBFDEEFB8A04DA
:10E4200018FD3C0425E656FF110380058AF551EFDF
:10E430000DF6800294FFF300A0056FFB3B147A0EEB
:10E4400094FFDE055505A6067705CCF56213CE14BC
:10E45000E4FF9CF919004FF03306C202DCF901F920
:10E460000907A11678FB5B010CF421FF3BF38BE15C
:10E47000BF0F281399EF90F6BAEF5E02EED22EE5A9
:10E480000E09EE027AFB70F6B20596F863045D1190
:10E49000E2069C1156FBE1F2A40237FF2E1A61003E
:10E4A0005709CB1DB2FC9E0264033CFF6708EC01D8
:10E4B0007210CE0553F0B2F81E027AF3F4009505FF
:10E4C0003300BEE91CFAEA12BBFCB7F9BDF53E0306
:10E4D000B6F8DBF6DAFA7D02E2022A084F086CF998
:10E4E000BCD486E6AB00DF211EFE98F59DF97EEFD9
:10E4F0001EFB5EF76612A3FD3AFFC800C3F64DFE91
:10E500001705371028F26BEE9EFFFD047400A90377
:10E5100055F769F21B0CBBFF84F79F054F04B30747
:10E52000C7F4730A4CF221F710078A07DC13610B5A
:10E5300014F132EF4E01A307F0F7AB05A4FAC5F9C9
:10E54000E6F9B704E006EC07A600A10350F54DD6A6
:10E5500019060BF5AEF725FE2BF096F808D443E923
:10E5600086F7A3DED3EEB2EED1FCE0FF1E0B6617FA
:10E5700070DA7E0834E70EF49503B3F4A0111E0A96
:10E58000DA1A7110D1F441F307062802B5076DFBC2
:10E5900002102CF6E3F6AC03B6004802E6EF09FEE3
:10E5A000DBE0F8E19101970915F5940545F42D0498
:10E5B000B2F9BBFD66F96B01CC04340673FF5BF462
:10E5C0000DE92CE5FD018718C50720035BE5830FE6
:10E5D00071F9ECF9FC0A54EB6DF5C2085504FAFC2C
:10E5E000EFFC670916F7AFF1E4FE67022FF13D116A
:10E5F0004D018AF57AF11E08E1FD94FB4B13010FE2
:10E60000B0FE1EFE240E9AFC40030F019718EF0285
:10E6100087FBC0F91EFB8600BDFDB101F7E903EAE7
:10E620005CF517016B09CA0072FF27FA49DE93DC1B
:10E63000D4EA8DE8AAFEB1FED3F0CEF00ED0E9E91F
:10E6400012C5E2C124FFDCE669F733FD98FDFD1E2B
:10E6500079E21EFF38ED41F76E040BF6FD126B0CEC
:10E660000A14CA1304E116EA1905AEF404FC950570
:10E67000BE050EF0FDEC31041AF480002C037BF98A
:10E6800046DE60F199F366F84BFBC0FD88EC7DFF38
:10E690000BE8E1F710F7F803BEFA9E02BDFF8CEE1F
:10E6A00027023CF93B067403630524FCA4EFB8057C
:10E6B00053F892FE00FC60EA88F31F05AFFBB70D2C
:10E6C0009D0328FE51007FEC2D0AE3F717FC18FD8F
:10E6D0001102FAF2CAF8C0F067FBF60548085FF8C5
:10E6E000FAF80AF5E7F8420FE504D00A050C4104F0
:10E6F000740063F6D002E40B9B04C30204EB9BE5B9
:10E70000B4F8EEF5CD123C0635FDF3FA7ADB3FD1D5
:10E7100018DE3ED7E90EA60142F602FDBBF20A0062
:10E720000EC8BFC75FFEAAEBB5007BF80D147123BE
:10E73000D9E422050AE1FDE1FC0753076317C00392
:10E74000E01E890527F0CBF2580802F9F4FE41FFDC
:10E750003CF968EB74F9C8F67902F8F5A0FB81F290
:10E76000F0E29FE2A6F41DFA85FE1BF4E2F7280111
:10E77000BBFA470302F45AFC7EFFCE031DF827DDE7
:10E78000960073FC7E04F0163400DBFFC6D85DEA09
:10E7900015F094FE5F1F8FE63300D805460332065E
:10E7A000A209F0FB0F0821FB6CFFC6026001EC011F
:10E7B000C4034B01B2EF84077BF648070C0A8C08B0
:10E7C000C9F8F4F453074A115C069A0A0E16EEF9DA
:10E7D00011F989F2CA0CFE017B0689F95BEB1DE198
:10E7E0003BE096D4730ACF0935FCC7FCD5E897EB1C
:10E7F000D0D474D0180B4E07F9F49B0337F52E04D0
:10E8000082E505D65B0C6E00F000F4F45E0BCE19C9
:10E81000E2F2FD0F4FF4000151058EFA6F0CF50F77
:10E82000DF1DD50A0100B5F899F6E2FB26060B03B9
:10E8300026FF53E97802290CFEF91D051FEB61DF65
:10E8400041E8A8FA410382F360042FF7A2024A0AC2
:10E8500054FFC30290F9EA0028FD87FADCEB60E977
:10E86000E0006E0968F1BDEC490851FB00EB71E76F
:10E870003C0E6507AAFBF1F30309050644DF7FFAA6
:10E880009902CB0A6AFE77F67203B2F5CE10E5FB69
:10E890008B1190F7EFFEAFF93EF93CFD44F22605EF
:10E8A0007FF330F71908E80910027A01B0FFE1F9A7
:10E8B000FCE4BFDC5609E60E2AFC3B01FAF21BD948
:10E8C00097D7D9CA450DBE0AB9FD47F3B0E4DCEAD3
:10E8D000DBD79DE4231C400DF2F9EE097CECDFFF51
:10E8E00072FCD405D61B6716B2F7E0F34518C602D2
:10E8F00080016C0367085F1471FEA9012807991352
:10E90000190C4A07A817060AE5F587F39B0C3CF893
:10E910007CFAC9E802FBF4065105FDF99CF2FDDD25
:10E9200000F9B9FC9E02D1FF29FE17084D08D6F464
:10E9300060FE4A001E0652F5FF0713F98CD3C2DEB3
:10E940009906FA0B3EFB22F4520B79F2A3D87FE131
:10E95000C006FE035BFBF4F68FFA0AF7D0EB120D4C
:10E96000BDF64CF3ED020000110550003AFE4B07D6
:10E970004AFF8DF4DDE71305070200FCBA0C4106DF
:10E9800022E8FBE51F046B112705FB09540455F52C
:10E9900003DE7BC84C116C0A6F02CAF6E2EC1DED77
:10E9A00004CB0BE94F06DD0338EF25ED38F715F200
:10E9B000B201B90A0605270E7EFC74FB12FD4E0655
:10E9C0003C01E4FD2C0D291542F1B3F35D098615D8
:10E9D000A7FF5CFC9E077D10AC038E048910D00C51
:10E9E0001B0911FA20191D1530F687F38CFB3CF931
:10E9F000B8FD67F75D0258F383020BF42CEE3CF58B
:10EA000083F65B0437FD5BF414FD1D078603B3EE4C
:10EA100016F9D9FD25FE48F73506FC01D0E041E79F
:10EA20004EFB5C0975EE35F7560361041AE868F889
:10EA3000F71F6E12E3EFFAFE4CF7FB0705E842FA08
:10EA40006908D709C0FFFFF642FF8FFF7EFEF9FE7F
:10EA500089FC3AFD84F41D0423FE09F9850078F64B
:10EA600090EA2BDDA61082084FFE08FED0037DE25F
:10EA7000B8CBC6D26B14ED09AB0565F7DFDE1CEC35
:10EA800050F469FB610B43F8CCEFEDEC2DF942003B
:10EA9000410AF81740095203950965F49C092C04B2
:10EAA000C70884FB14007307D1EF8CF7680F0B15B0
:10EAB000210321053A09ED0F460214060114150041
:10EAC000C405A7FE061D0C0B5800B0049F097EFB71
:10EAD000FCF05BEAE5FC8CF83DF68A088E028E04B9
:10EAE0008CE8A8F926F6ECF22FFD40039DFF60F6B6
:10EAF00007ECE8F398F38AF19CFDCB0473EC81E515
:10EB0000DBF1E80B0DEC3001EBF0AC00C8E68BEC70
:10EB1000011E0E09BDF829F01DF40A07B2EA8FFDA7
:10EB20006A049006380535FCA101B1FFA80447FC32
:10EB300034006CF78AF62B0A4A030F00D305B1059F
:10EB40007FF2BAEEC8FC6404DBFE9B09B80ACBEE88
:10EB50000DF4F0E1FC074000D4049DF784E50AE5DC
:10EB60003BFB7D1013FCE1030EFC0B04CDEB070B0C
:10EB7000901803071F040BFDD60A1DF9BA072F17BB
:10EB8000960D6B095814100B68FAC7F21112DB06C8
:10EB9000FDF704FAED0CCB12CE014EF2A707C3FB32
:10EBA000A3EA75E11D0EB7F990FE5607B3FF13EC0B
:10EBB000CFD0F8E106087EFC73F80EF823FCF904C8
:10EBC00084D3D1E124F942F7BDFA5FFB8806B0E8AF
:10EBD0003AEA9E03F6F61FED45001C03D1DFE80577
:10EBE00015FEA20874F8570D2FFC40FF63FED1E913
:10EBF000AC19E70734033EF6FF0465FED2F288EA5B
:10EC000003F9BAFF2F0583F06705690AA8F5ECF54B
:10EC1000DEFA4AFC9DF6DAF558054BF9840281FAD2
:10EC200046EC36EE7E026303620748FF93FCC4D9CC
:10EC300080EF02F4A01D3210CE075BFF30E0FBDB5B
:10EC4000D3091A0CCF0555FC6AF3E5F3EFF40C0574
:10EC5000250B0C061F0EBB083B0E14F2D01D6310D3
:10EC600044FE5A05290ECD05EAF258FC1616440A50
:10EC70009509B8F809F85F07330329F1A70CE9F6FD
:10EC800016EBD4D93D07D3060306B6F68BF038E46D
:10EC900049DB40DF8F0186FD980214FCF5F95B101B
:10ECA00084DEC0E178F83CF99A061B07EF0083097F
:10ECB0001CF1B4FEC2EB40FA310BCE0175F8B2FC88
:10ECC0002B04591168F976F3F804BB0BD50A6CFADA
:10ECD00087159103A6F5CCF1B304A2F679FD47F0B0
:10ECE000370447FFD0F93CF77B052A058BF3300A40
:10ECF000F2FC74FBD7F8CE0820FAE50489FB94F8FF
:10ED000050F217EB9C09EC091C0A300487F472D00E
:10ED100040FDEA064417520713039FF720DA53EA2F
:10ED20005903CA0C18024AFAECF88FF3B4FD4A0FE3
:10ED30009B0A0D04A7088EFC120A7F0A0E02190A0C
:10ED4000480F570E2007B709D80245FFBF0211012F
:10ED500003FFAFE91EFABB0500FEEFFCD2061EEE74
:10ED60005CE92EE9CDFA850632F3D2FA61ED96F52B
:10ED700023FDF6FC1EFD9902FCF4C400260DA80339
:10ED8000DFF708F3C80242F603F98EFF02F802EE3D
:10ED9000E5FA670A13EF01F05300000124EB17F1C5
:10EDA000130A4003C4FA8DF52B00E305DE03370296
:10EDB0007612D20672F908F9CFF9690794037E102A
:10EDC0009AFD89FD220511FB05079808760005FBD1
:10EDD00081F9130915FDE912A405CAF5AEF783F30D
:10EDE000AFFD42F891FE6307A7044D028BE3F4E404
:10EDF00077F67F09BE0B1EF52FF96804A3EB970881
:10EE00006C054407BCFBC70161FBF2FF7602EA0D0B
:10EE1000350F1312F9F550F80EFF660BCB0C970661
:10EE2000BC09131243F97B0D7504C0FA220055FF8B
:10EE300078FC0DF75F059002AF068AFB79F830EB9E
:10EE40009BF24904C00C81005000ADFAA0EF2CF8F1
:10EE50000FF7CF00760E11FE6D017FFE87FC19EDD6
:10EE6000CCFE85F63004C0FBE800900302E060F0C1
:10EE7000F6046908C8F74C078A04AE00B7E65FF8E5
:10EE8000BC01E20BD80CD4014D09550C260CBA0775
:10EE90007320850E4103A5EDFAF90B039402F505E5
:10EEA0009FFA740354055B01AA01C7FFF400CC0B61
:10EEB0004FF4F7066C09F903A9FB0CFC40E5EFD110
:10EEC0003401F3F39C01AFF8690210F76FE61CF60A
:10EED0001602A30426F4CEFA3205D2F6A0FB37FAC6
:10EEE0001DFF720345F656FE4307A7F31A0334FECF
:10EEF000C904FA0800FD36F956024DF7C0FBB9FD0A
:10EF00005215D5FDA6F43209AF00A3F183FB32FC04
:10EF100060F6F5F62F0426076105950356F87DF196
:10EF2000CC02D3011205420912006A066EEFB1F558
:10EF3000EF16C6095C02DBFE1FFBB80113F520E3E8
:10EF400025062510AA08E1054D0670085DE5EEE0EE
:10EF5000600BE6FFFDFD831A8E0E7AFF7BEF22F732
:10EF60001EFE2B18090CF712F2FD11F9D80B23FC29
:10EF70001E1C2A02A6049BF59506B5FB60FDC3087E
:10EF800045FEB40A1CF865F905F9F8037F0A82F911
:10EF900047040200110594F3E7F85EFE3EF7D1DB6B
:10EFA00095FFA2F6A8FB4BF66000B302C1E669F23A
:10EFB00023F2B7F9B8EFBDFDFDFD0F01E5F493FDB8
:10EFC0002BFB7B005401F6FB39F826031FF370FB83
:10EFD000FD0B48FC5FECAC03B300A7FD61FFC6FF6F
:10EFE00091087F06710520FF460395F0E3FF88FE38
:10EFF000B9038BFD4A0532F8D0F16DFECCFDD1FA94
:10F000006A02070CFE04E21048F5A0F5BAF8EBF32B
:10F010005318CF1B8505E0FC3BF6940910F79CE9DB
:10F0200075077912DC1264121F0BF1FB3BFC71F5C2
:10F03000A30DFE16431DFB1AE2F71906D0F5E707EC
:10F04000A30B0B0D6216470E29FAD6073B123E0B97
:10F05000D00C03FF74F467FAC907C009DA07B7F7E1
:10F060005A0C5F0964F65F0738052B01AE019B015E
:10F07000AA105BF5CAF7630EF3F7C5F570F888E8D8
:10F080002009EC169D0C17EF1309FA0977E48704A1
:10F090005204DB0038F507F1D3054CF712FA30F8CB
:10F0A000FD01840333F009F4B30007FEC6FAF9F753
:10F0B000910906FC6F026905C6F6F7FB30EE1800F1
:10F0C000E4037F0FC303E7F64EFDADFDADFF0E0F6A
:10F0D0005D06B7FD23FB60FC04FD65F6A5FD27F684
:10F0E00095FD75054D04A000FD048CF6ADF4C4FC3F
:10F0F000CF0E7A0E050A2D09EDF8BB0BBAF5B5EE69
:10F10000DA178E17080B3110860C3B01EC01BCF5A9
:10F1100016056AFE411A4D194FFF3DFD0BF51412FD
:10F120000F179D123A219C009F0AC9080B0508FF82
:10F13000B0FC07FA3FFF3105440865099500A102BC
:10F14000B108B9F96101F1F80203CCF8C7FAA709CF
:10F15000E502FEF8A4FD3A0FE1FE18FA90ED5FF724
:10F1600023F667FCD50C94013F0987FB5FEE85FD14
:10F170002DFD300851F818E740016B04B1F89BF4FD
:10F1800094FD6901B9F772FE80FF52F7F7F739066F
:10F1900044F9CF0586062DF07DFA1D06D30401FF44
:10F1A000480AD20EE8FBCDEC08F0D2FDA51C801079
:10F1B0009EFB0F06A8F91BF85701AC07A90FA60A7A
:10F1C00097FDEEEB50FC4B0B75F2A8F9A4F19502FC
:10F1D00029FAC6F84E12B4127BF66A037BE1D1E23B
:10F1E0005FFBB8FC6F1BAF24DBFFBE0391EAE4F3C7
:10F1F000DFFD84069E22E024A2041A0334F9C4FD34
:10F200000712B5F99711E70685F97000F607290787
:10F210000202FD055C0656FACCF8F9F8720F79097E
:10F2200083FA4E0510FFCFF557FEC5F7A20282F80C
:10F2300092060FEDF4FDB110F607F70902FC94F405
:10F24000A0F1BF000010F10916FEBB02CEFC6E015A
:10F25000D6F867FF74FAE901F2F98A0246EA1EF568
:10F2600027FF13F6AEFBB604C50835F8EE007BF3B6
:10F27000BCF1E7FE41FFA6FFA905C6F317F087031F
:10F28000640ED50E1CF88B0A49F4F7F05B0D700B79
:10F29000CDFFFFF5F505E90496FB670697021B070E
:10F2A0005AE27DF81605B000EE0315F685FAA5E6DC
:10F2B0007802EAF7F210D510E1F430FC95E2F2F0B2
:10F2C00054F2F6FD011AF6129F079204EEF0F711C0
:10F2D0000AFAA304BE0FBC2498064B05451AAB17C7
:10F2E000171AA9122812D8090AFC7DFC1107800FF1
:10F2F000F4FCACF620F3AEFBC405DF01540F65FB54
:10F300001303ABFA16001E013FFBF9FA8009ACF6B5
:10F3100040FE1B0FB60EC6FF8AFCD1FDCEFCED1BD6
:10F32000B30F6401CEFB7AFEFD02F20313053EF437
:10F33000DF173718660F94FF8EF4C40922EFEDF93A
:10F34000C50665F98CFA91F5B3FE47FEB2F25AF4A0
:10F3500032F510029C01740213FB090472EE86F56B
:10F36000580D82F6F206D00B93F694F9870E9505A8
:10F37000A6015CF40203191671FB4C02EC1AE9F9C0
:10F3800019FCE3F3E008C90923F783F6A1EF96E837
:10F3900009DFFECBB508DCF977049D0421F81500E0
:10F3A000A1F33901DD06300029F8CA042B03DAFC89
:10F3B000E0ECBEE7D60DF928D10542F7DE01860F55
:10F3C0005BFF32FBF31045076DFC91F85D00010611
:10F3D0008BFCF1011708DF001C00720025F711F605
:10F3E000E9093509B2F7DA01F1FC8CF599FE270637
:10F3F0001FFBBB072007E0FBBBFA61FFE7F99F0794
:10F40000FEFB45FD58085706D50271FFB312C5FE35
:10F4100080F840137D15E31436019604EAFD0419C3
:10F420009B066109F40FA3FC1AFEADF7FE166407F4
:10F4300050F202F0B1FC750859F6A5FD5FF292FAA0
:10F44000D2EA22010C18CE01F9F76904890F76F58A
:10F45000D5F0F6FFCA0D02FBE803700A78FE940CA3
:10F460004002CDE3D0FCC7FE9FFBA6FE4B1BC1179D
:10F47000AAF117E76BF194E91EF712030F04080DC8
:10F4800064FAC1F30C02D401730AE1F32D04600D98
:10F4900064FBB8F240F3CDFD400981FFC0FB06F9E3
:10F4A000DDF907FACAFEAAF79BFEFB0858F6D3F669
:10F4B00045F91A064AF69E0464FB2A082606380A0D
:10F4C0000F00AC06B30780FC9E031BFD0AFFAFFBD9
:10F4D000630762064EFC3E02E80131F9BC074E07A5
:10F4E000830A92F9D2FAB0068602B3089C09DF01BA
:10F4F000FAF9D1FA3B01680785FA68F985077705BB
:10F500000E0190093C05D9FAFBF60404F60BF9123A
:10F51000671673180AFD1F028B085800540E450F1A
:10F52000761EA61B73028CF3AAF879FAE6133E0244
:10F5300012FE82093E028004EDF97203031AFDEF08
:10F54000B8058104F003AEE7F2048FFBE6F70A0D7D
:10F550000EFD5E0093F199F6C4036502680BFC048E
:10F5600018065E0386FE94F36D06F3081FF9860203
:10F57000C5FA460A78F450F53C0213025207B30369
:10F580003A02BC006DF7E307100758F6C9FCECF728
:10F5900065FE9308F506CAFB4701620019F67CFF79
:10F5A0008D0999FF41F96201A70704F9C2FBFC012B
:10F5B000D202CDFDCEFBFA018EFF010A0A03A1FFA4
:10F5C000BBF528FF37FA6A094600ABFD4A006B0914
:10F5D0002AF67B0ABE040C07E1F56703CB0382041D
:10F5E000CC02E30947FD6BFEA6FFA5FCB4FEE5FBDC
:10F5F000E507B1F8BD08C208E600CBFB790929068A
:10F600005EF751FD71FFA2FF7D0256FEC10510039A
:10F61000DB00C808EC057508CD002B04C2FD16F60A
:10F62000DA060FF70EF9F2F8A2050A0549F689FF86
:10F6300008FC4B08070ABDFB710875F86C05170636
:10F6400065F852FF120A46070802DFF8CD021905D5
:10F650003D0A53FDAAFE9B0782057AFEAEFFE3F644
:10F66000C2F548FA6C002D01ED02C5033C0652F8C4
:10F670002605A3FB2FFB870A9AFBFCFDC706A7FB09
:10F680003FFB81F67EFD5906E3FBE6FC1DFA6A08A6
:10F690005EF822FCECF66808EBFCEB02AF04BFF965
:10F6A000B5F60A0242F93D0A52F83BF6C2F81B05CC
:10F6B0001FF222FFA0FC670478FA51F45DF4FEF912
:10F6C0004FEF5B0075FE1F04C9017DEDCCF761FBB8
:10F6D000A7FF61F52506CCFAD5F7C2F955F95CFF0D
:10F6E0001C0028FA860823FBB9FCBFEEBEFD14F807
:10F6F0003FED6CFD75FA9FFA3FF39CF532038FF5F1
:10F70000F5F74903D0EB39F4C709C0FF53F51DF6EF
:10F7100099FE15F070053C19A3FDE8E63DF56DFB7B
:10F72000BC024AF6B918C40DEEF2EAF3E4F2720232
:10F73000F0018AF5B914A9014CECB7F06902E5F1C2
:10F740003901870466FF4708F1098202DAFD600487
:10F75000AC016AFACAFECBF681FCD209250459F83D
:10F7600093FA03F6ABF85F04F9F63501B9F8C5076B
:10F77000D4F82807310719FF3BF8BC05B4023EFF57
:10F780009B0C2402F4F5C6FC21F9CCF999F7B9F7E2
:10F7900038F164F417FD34ED42F6C3F1AE02C6F65B
:10F7A000BBFE0B01E6EE58EBDDF812FC16FAEEE6B6
:10F7B000BF00B4F84FF3610181011F04D1E876F472
:10F7C000B00A69EEB0FD9DFA68084CF4D3E82AEC63
:10F7D0009EEF11F08AF7D7F8BFF4E6F3A6DC13ED3D
:10F7E00031E9B5EA0EFCCBF7E8F5F90067E6AFF8CA
:10F7F0001503C00899173B25DFFB61F0ADF257F008
:10F80000AE0923FC41206E0D8CF316F924ED1BF29A
:10F81000C0F7CB058C18190D30EF4E0008FCAAFB81
:10F8200076FE4301EEF040FF0A02300ABCF27BF99B
:10F830000C07AFFFE5FE82FFFC054A050E081DFB25
:10F84000A4071B002007CA06CAF9EAFF19086E07B9
:10F85000F3FE620E6FEF92F29CF8AFF5BC140EFB54
:10F860005EF7BAFD78067613A9FF78F35CF8EDF73A
:10F87000B405CF00E6095BE98FF107EC25FE3CF605
:10F880006F143905C7E8CAD7D3F6DAFCAAE94FEDF9
:10F89000AD07361492D884DCC400A8FA4CE208E91B
:10F8A00029154A0A59D9A4DAF9EB87EF9DED83E2CD
:10F8B000B715D4043BF73EFC0CE80CE978D22DD008
:10F8C0001F08CB0734E064EC79F1D9EF98C88DDDDF
:10F8D000D3FB49076A0324F10FE417F369F28A05A1
:10F8E0003F1221069BF4A20116DFDBFF66F52FF124
:10F8F0001FF37101AD0DC4119E0893F8950D5CF9CD
:10F90000D5FE69050D0A76FFC4F8F806D4F8FEFAAC
:10F9100008FE92F9201062F9E6FC7704C4EC1106A7
:10F92000EBFC9AFDE60499067CF72503C9FE70FFFF
:10F930009EFEEB0891F486F6F9FCB908B60F90FB31
:10F940005FFE6EFFD8F5E4F28CEEAAF4890313EFA4
:10F95000B901AC0ECCF154D933FEBD01E30299F2EA
:10F960004305E10819D8FDE0A1F856F5A9ED5703C4
:10F97000CD163C149FE607D44A0288FB28090F0ED7
:10F98000F2182F1394E029F9850F9C02340819000E
:10F99000DE16330BD3FC13FB3CFFB0FF29FD72F1E5
:10F9A000DA0C7105E1F5A3FD99EC7EEFB4FAB6012E
:10F9B000D3050CFE5AF72BF7D9EEE1DD190DD20174
:10F9C0006007F100180A9904BCF6EBF984FE5F07A2
:10F9D000F3FF8EEBD3114F1E0AF603F69B0826FAAF
:10F9E00063073A020A2201157C09B506ADFFC3FE82
:10F9F000C2FE0C05AA215C14AB171E0C95FBB4EFDC
:10FA0000F5FE3C0539F71309ECFE8FFD11002C07BC
:10FA100070FD9F11A2FBA106F4F80CFF260CC0EFAD
:10FA200032005F1242FFD4F8C100ACF4C2EC76F8A9
:10FA30009B144E129EE4E9E36B0046FCC7F5C0F54B
:10FA40004C0E7011A2DFD4D76B18561368F2EC017C
:10FA50004906CD01BCDF67027F158E10C400860207
:10FA60004B0B5311EA05A402C815C31219051EF069
:10FA7000910F140F8F00CA06F1FAB30332F256EE5B
:10FA80004E04A20DBAF13808A9F254F6B8EF66FF99
:10FA90006506C600250B07006700DDF78C02370DF1
:10FAA000A200A9FC2811DDFE4AF55FF60C0BB30994
:10FAB000ECF80BF9CDFB30F686EE7FE80B09F3FA94
:10FAC00037F1DB00EC198C1708F28D162104721740
:10FAD0000005010401239210670DC7FE12F173F5B2
:10FAE00084045A0AF806D2FDD6F646F217F67DFBD4
:10FAF000F604A506B5F955F4CBF61C0914EEA7E4F7
:10FB00002408BB14FCFE0BF67D04E3F53CF0F0F991
:10FB1000F512E308BCE5EEDEF3053AFC40F072F5C1
:10FB2000C407CB0B7FCF22D3890BF50CE4FB22FF5C
:10FB3000FEFE16023DE8BBF1B513EF0663FA0CFCBE
:10FB40002A06660B1504DCF68F146807BB0099EDD6
:10FB5000D7FC92FF37032C07F6114D0CFBEE8DF30B
:10FB60008300FF0339FE71FECE05340B81F56E0074
:10FB7000CC03E008BEFFFF067B071205E2076E0913
:10FB8000A104BE03CA1212FB9A08FF10FE0BF90172
:10FB9000ADFFEDF6B0F96F11DA03CDEB39FFB41C10
:10FBA00042F0BAF09608772841EF2703A906270606
:10FBB0000F07EE044A0F15FB45F895035405AEFDFB
:10FBC00079FD0519CCFF0AE93E089CFD68F508F4AB
:10FBD000D00A4E1218FD5AE6320664054DEE62F068
:10FBE000560C73F57FEE02E23FFED9F290FF260E2F
:10FBF0009400790233D3C7CF710B8808890532F599
:10FC00007F02A801A0D309DE8F0AFB0AD9FAD70C1C
:10FC10007A06F5009CEA7EFE86065A10C01359FD4E
:10FC200096075F09E904D5FE17FD13FE7EFC54FC20
:10FC30006404B401DE02DC0867FFC60CDAF208F1E6
:10FC4000D40297014304BEFE6307A808DC054B0AF3
:10FC5000C605D404A10123FDB60A2207DD06080E5D
:10FC60006B006201FB013C086C0AE519D90CA0008D
:10FC70003706B2F8520232123316C4FED70A6D1696
:10FC8000F2F1B5FA290EC10875FCD007A60D66FA87
:10FC9000A80FC1FFCB18C70710ECC20792FC1FF5D5
:10FCA000CF08FA0B85F8A8EBB8F0A50E94045CEE2B
:10FCB0004A0037FD0CE86EFA66FC600DA6FBE6EE26
:10FCC00037F998E8FFF16DEB80FEDE0ABCEED9143F
:10FCD000BBF948FB9FE332D8EE08750843141E07B2
:10FCE000E1EEC4F8C8D385E17B165E105EFE900F8E
:10FCF0006DFB51ED07000917690D90FE7A032B0B80
:10FD000000FBEEFA4311281702007F038600B0F5CE
:10FD10002DFA3F02590464F92805300235FC5CF9DC
:10FD20009B0A5F00E9F208FBF60A680645F82FFD1A
:10FD3000020C750E0507E3FB2903860500FC300560
:10FD40003A0C96081B03FB14C706F1082DF916FCA4
:10FD5000D619B3162C057F044704CD0780FC1B037E
:10FD6000BF02D2F6BB0BFA2D21F9920338008D08A1
:10FD70008007B90AA616A810800316FD8904A602FA
:10FD800014044B12F2FE1EF1F607B80F05FC89ECC5
:10FD9000FD026806A9F0A2E183F8820886FADBED8D
:10FDA000ED030DED8DEF44E3C5FEC80093F4DBF2E7
:10FDB0002BF4BAF40CE087CAC2019109B70E71FFA7
:10FDC00046FBD1EE53CF21FB97018DFCBE0C3712C1
:10FDD00000F9FBED390AA023B8FF94FAD4FA89FAA6
:10FDE000CFFD03FE7C1A7B196AFDABF71802DAF42B
:10FDF000BF0C6501B4FEA4F0EEF8DDFF35EB88F82A
:10FE0000FDFE9B17E9FD6EF14CFA24073EFA17F14F
:10FE100035139309ACFB92F43602DD02ABFFBBFC59
:10FE200037182D18FB02FD035312FA051EF370FB61
:10FE3000831BDC0EADFBDC05D007230DAD022F03C9
:10FE400017F1CA0B8827C41A9D046BF65505DCFB15
:10FE5000A7048106DB15A6FC5E07EB042EF81CFA4E
:10FE6000C609770568FF74F26508DD090EFDD9063D
:10FE70004E1162105FF2A5EF5612D0FE2BEF8BE110
:10FE80002208C5FC2CF607E8E6FDB01044F077F731
:10FE90007F08C1F03DCD96D7110B7604E9F0CA0476
:10FEA00062E703EFB4DC550377FF78042008D10A3A
:10FEB00040EFB301FB107F1B0A0A15FB5A01B2FC8D
:10FEC00002F595027D13C111EBFE48F9A70016F269
:10FED00040FE4BFC730BD3F0EF03F4F1F9F043FB5E
:10FEE0006401850300E969F61F01BBF222FA78F983
:10FEF0002E0CAC10C6FE75F5B3FB1D0C6C0009F59D
:10FF0000B00EFE0C7CFFEDFCA30F590E7CED05013D
:10FF1000871F7D093807EA0F3C097003F506630562
:10FF200008E876008B160711ED03D9FEE0EEBCEB76
:10FF30003EF17AF490055AFA1802F5080DE459FCDE
:10FF4000D4161C0993FD6EF7C508D0F99AF5D9F4BB
:10FF5000B71B711B18F29FE93A0FF30364EDE2F04F
:10FF60006F09B9F59CE86DEC8B03E70C93EEC0ECE0
:10FF70002FF424F97ED843D41204FE0D31FD760609
:10FF80008DF02800DDE1280356031E0FD311101554
:10FF900058020A061B16CA1743169F0CEA11A10F36
:10FFA0007F04D909531E810A2703FEF5981592F99B
:10FFB000A9FB2FF82DF9C5F7E4FBD3F327EAD5F217
:10FFC0002EF4CA0054FED0F8ADF363F71EEE73FAB8
:10FFD0001411C8FF16FDB5FE65F8A606F2F58707F1
:10FFE0004014011020F3DFF7BA0AF3084AF6CFF8FD
:10FFF000F50CA8EAE5F1A6131E16940422025D0191
:020000025000AC
:1000000026EE3AF16A1C3C128D1008F652F847FAB7
:10001000E3028CEDFC1387F52C0234FDC400AD0126
:1000200012F789FF4BF695F059FCD9FE890951FC6E
:1000300020037315A5FA5EFA9613060EC8F356E16F
:10004000F8058800EEF932F2A50CB60915DDB9FB0A
:1000500022FF6BF41CE78EEAACFB230004F647F9A1
:1000600022F23AF37FDF1C03380EC3017EFD0A043F
:100070006E07360C480F3D1C5FFC08FB2D0D6A1AFD
:10008000CC0D230E6114BC1A40FA00F85B20E61672
:10009000F901CAFE5A14950FEEE8FFEE9BFD6BFEC8
:1000A000B10146FE6C13FC0B83FAC10067FF5BFED7
:1000B00007051E03E9F2BFF51B080E0EA8FC840C11
:1000C0000E08C9F898FFF4FCD101720B0203CF0FA0
:1000D00056EBE1D6D8046F0D4B146A10211260085C
:1000E00039D79F059505E4E6E608AAFF6311A4EA5F
:1000F00040F3CCF667E659F218014A086CF542ED78
:1001000078026501200AA2F59CFFB9041A0F00F9D4
:1001100059089D04EBF01206C4039A0756EFE5EA6E
:10012000EEFC060394FCAED9FB0146FF8EDDEEF833
:100130003CF3F10014DAF2E557039903F4FEF901F8
:1001400015FD7AFD53EC2DFD460477FE7EFA9913DA
:100150003BFB0C014A0ADE102B1061F9FE0EB90DB3
:100160008BF647038D13F40FB300F3EBDC12F3109F
:100170003DFE0EF9B21A2311A3FA2801580DF91207
:100180008DFF59FDA60908FD890748FA390CF80CBE
:1001900011021EFE4DFCD9026EFB46039F11A40600
:1001A0009BFF6E02F10AFCF7C80E83090F1C75163F
:1001B00043DEC6DE33FB21EDC3160706EA16600EEA
:1001C00061DF9BFBE5E05CDB2402B11346F43EEF0C
:1001D0001E06890285E516F380123A0FE1F438F91C
:1001E00088FC4E00D1FC0AF187FB78F9660053FCCD
:1001F00003123208FAF9C7FF610B4C0593FDE4F7CF
:1002000011FE5002DAEEE5EBDAF6AFFE45F2EDFA5A
:10021000E1FE6900D0D15DF458FD34092BF370F094
:100220003A0018F9C5FB95F41CFDD8FC7D01B4F724
:10023000FFFC91F19106D905C4FF15FDA0012C0921
:10024000EEF7A6F7400F7814EAF4A203DC0D4F1383
:10025000EEFC12FE150CDB111CFA8505EA0F7D0B76
:10026000B0F6D40CFE10680677022601F30B2A0BB9
:10027000B70A350CEDF309FC1C0C2E1C5906E208DC
:10028000F1F57BFEBBF681028C094D00F20AACFC55
:100290005AEF55F8D2E6E6DC4F0A97FD50FBEEF92F
:1002A000C9FBFB04B9E197F1B3EC640D90F7ABF532
:1002B0004B055DF967EBA1F8ED1C9E0342F544FD8B
:1002C0007BF5DEF9FDF705FDB5F1B804EB001BF990
:1002D0002D0E810E4904C401C9F94C024B00FB03E9
:1002E0001806B60040F3EAF0A305A0EDCA00F0F34B
:1002F0005FF368F27AF6E0FED90831FE5EE83FEE81
:10030000DEE996EB00F47D006E09CD032AFD75FA57
:1003100080E980E494082CFAACFC8EFC7BEED501DD
:1003200056F657FCFF02C508C2F2CBF55D06DA1D92
:100330001EFC88FE41060E0D7DF0DC0347051A0603
:10034000E7F194102D0901FF1107FC163A0A650028
:10035000410CA0FE18F773F088147711B5FCC2EBBE
:100360006A1181FDD4F5DBEB420650FD6EF2E1FA35
:100370000BFE480112F419DD06FB3BECF6E8E1ED5B
:100380005DFD98F064F893F149F0F1F70CF78AE914
:100390001710F005BCEBE3F7100DB91399E77507DB
:1003A00019080000DDF624FDDF0548055CF9370774
:1003B000600C1A0243E835F90FF63AF9FC03FCFF2A
:1003C00059131F0121F9DF02C4F81C0405F33FEDA6
:1003D0008EFBB9E95DF7B7F5BDF9CF0A66F886F58A
:1003E0007AE321F316FFBEF8AFFF5DF64CF2B4EFEF
:1003F00042F8F7E9B1040C00F2F7A00095ED1AFB02
:1004000055F53B02701123F676F45DF7F10A930B74
:100410006FF6D9000AFD7501D703890D0D0CAA0AE4
:1004200031051802360595083B14E30BF2FE6EFE0B
:10043000CC13760DEAFE9BF2640C1BFD28F816EA3D
:10044000930AC406BCF6C6EDC60781F8FEEF30F588
:100450007CFCA4FBB5E359F65EF60BECC0F1F6EAC2
:10046000C4FCC8E7CFF405E8C5E007044BF2EDF79C
:10047000B1F5C9F933E0C7F3AA16CA1389F202012C
:100480006CFCCD01E00839EFD10107F2C0FE570244
:1004900093026306FDFA06EE37F937FB00FBA2F97B
:1004A000EA171E07F205BEFC6602EEFBEFF21BF731
:1004B000C8EEE0F1AB0BA00A880517FE57FBD9F890
:1004C0001EFD3AF3F40AAA007607C50974F640E760
:1004D00086E49DE7510992037707DB03E6EC9F0072
:1004E000510057F323FE84F795FD8FF62905ABFFE6
:1004F0005CEEFDFED9F78A138B1131132201B7FA96
:100500009C067A0A8310680690088E03C900E3FDF2
:1005100046089AFB55FE88F7B30B85F482ECF3F599
:10052000F20048FE18FA96EEDFF531F5D1EB1DEA40
:10053000C80BEBF925FB95F65DEB6DE82BFFFBEEA9
:10054000AF0CE6F5AAE202EA7D08991287EEE8F41C
:10055000DA0378FB96EFB0F3A509651D08FC99F462
:10056000FB03F814F3EC9CFAA3034CFCC6F7380722
:1005700064FEED09C0EF78EA36FB85F6F0F366F528
:1005800089063C0DB8F6AB1179FEACF8CEE878F7E9
:10059000BCFF5AF18A073F14FCFCF804C0F5D702EF
:1005A000F2F9A500ADFF91042CFB6E012BEC1AFAB9
:1005B000EEF02D0576F348FEFE01550287EFA20608
:1005C00034F4E9F05EFA3EF5ED0328FCF709FBFD93
:1005D0005EFE57FC4A08E8FBF50182039A0149F9DF
:1005E000CD05E605C30D9C109B030DF946F9D60118
:1005F000A9FB16FE7FF08AEE9BFBCFF7B00277F4E3
:1006000094029805A9FCE7E435F7F5EA3CEF23E707
:10061000C7074BFFF2E96EE24AF89CF635F0E6F5C3
:100620007BEE02EF42E3A2EEB9FCC3FE5C03CBF12A
:10063000281347FDC1026BFFD70C1BFC0505B40D49
:10064000B7F79C06F2FB95EF1C000312B10300EE16
:100650001BF9BBFCFBF623E712FA9DED13F95F03D0
:1006600074001104BBFE2A08B4F21B0131EA88FDB4
:100670000D0058F8F801180A32F719037CEB5CF802
:1006800014FD3D03E605BAF37200F9FB3FFC34FBB1
:1006900079055EF22E0533018505F806EAFC830B29
:1006A00098F6940351FD23FA230C260942104A08B8
:1006B00095048AFF2900C7000A07410307F56A026B
:1006C000270737022A14550A8EF2AAF4BEF5390913
:1006D000E8F934033107F1FAF3FA31FE8003DBFB6A
:1006E000FAF872FA8BECB0DD8CF8DDE993F727FDB0
:1006F0004EFD47FF65D2EFDB57EB87FE2FEECAE6D4
:10070000D3F20BE95EE8F70170F8E902FCF5CEFCE4
:1007100083F70E03E3F86407B3011C0068FF5A0572
:1007200093F7BB1265FF35F6E2027AFF9D03CF0413
:10073000AEEA56F9F4FAC6E2600F8C016D0752F684
:10074000B3F68808C5FCA3F903FA660108F0A3F61E
:10075000CB0A34022507C0F848012DF6E9EF3BF635
:100760002B03DAFA18F427006F009802A1FC19F99C
:10077000D1FC7D0AF6FDD5FBD8032C0273FDBC0825
:1007800055057402A1F43EEFB5063F0494113FFAFB
:100790009AFA1F0218020004B3FE2AF6ADF5C9FC4E
:1007A00043FCA5FBAC051213E8F1A2F13709760171
:1007B0008BF48AF453F8AA00BFE94BEF2009D70362
:1007C00050F750EB84E592D20BF988F3D4EDAF03E8
:1007D000D2FAB2EACCD693E8A6EA3AF401EF84F969
:1007E000EFFD69EA53F295FE3A0DA3FBFCEF2EF6FE
:1007F00058001C01BE0061FE1A0857F6ECED7DFAA8
:100800000D033C024008CAEC77F3A30C850B84FA75
:10081000C9FFD1F727D966E1ED0D5AF35CF8C4EBB7
:100820009E010FF58EFA2A0752FB5F0C7CDF90F2D7
:100830000B09FB01880A4CFD78FAE1F741FED6F975
:10084000AB0CEDF7A0F1DCF959FEC20B14FB390239
:1008500024091001DCF54DF8B704CA044FF93A1326
:10086000D20238086C024A06AB05F109D7FEB30084
:10087000C5FD5F0AEFF72EFA9BF210EEB0FB860182
:10088000C8F65FFF9904DE0003031BFEB0FE0D00F7
:1008900099F9A102DCEB3BF11CEB83FE670B200115
:1008A000C1F320F312E07BD9C1FBDBF367F481FED7
:1008B000C2F531E85ACAFBEA11FFC4FD8DF84305C1
:1008C00086E60FE40FF9010B7009AAFFECFBD6F5E1
:1008D000B70816FE49EF02000EF7FAF9740404FD9A
:1008E000F9EFC2F647FA34FE75F07AFCEC0B950A84
:1008F0002E0269F326D220FDD8FA80F399FA97F8F0
:10090000DE02B3023FF97FEDBB05CC0275FB8EFE24
:1009100011FD990999036EF55301B61105F23FF5E2
:100920001C00850618FE9CF8270F71029DF6FFFA41
:100930004107000456054B118F050D0B1BFAE7FC10
:100940003D0873010413CF0E62082CF6E203F90A86
:100950005EFC440CAE02D10A080427FE950E78FE18
:10096000C7F97FFE2F0958FC43059EF6E9031508D9
:100970002CF0C6F418F5EDE4B1F4F2F0510BB00F21
:1009800028FA6AE981DC1FC6BC008EFF6DFF43F8C0
:10099000ECEDF4F507E0ECEA0D0728FDF50353EC68
:1009A0004FE922F6F810650798126EFE7E051F06C5
:1009B00005EEEDFF5DEA89FC2BF47BFBD2032405F9
:1009C00031F947FCDC09AAF9DA03E6F88EFF08F9E9
:1009D000230F52FD42ED35EC0BEE97F0A10235EC02
:1009E0008E04790A34F9C60761FB5C0793F8A60008
:1009F00057FC001402FAB2016102E7156F0415F604
:100A00008FFEA00CCC006A027E11BF00C9FDE8F584
:100A10009C0B13082C036D045807BF02D7FB1CFB6B
:100A2000D5F4440A410A37138D07F1070D09BC08B4
:100A3000230A78FBC514C20420F480F32507931021
:100A400089F504FFAF1167F97B04FCFCC6128A0824
:100A500038FEBCF352FC78F1D2F738FCDC034603D5
:100A6000DEF370EC38D951E6B0070E0B5BF69A0A4C
:100A700064DD90F148E04CFF380C3004100725F598
:100A8000BDF6C80044EA5EFC350258F891F5FF0453
:100A9000F0F4D1052AF007FBDBF3EBF788088E03AF
:100AA0002BF908F97DF712007EFD0307F102BBFA6E
:100AB000C70A310910F0D5E8680EB8E6BB0392F218
:100AC0009519F01FB1EE66FB15046F0913EC15FACA
:100AD0007314D20BBFF991F6B407D8040FF99DED4A
:100AE00033FBB3FC1805400238FE37F37AF38F0D61
:100AF000FBFC000741049FFBD3FF05FA1BFCCA085F
:100B0000110A4A0E2A07E6FFB8FD5AFB41F859F7C9
:100B1000640447FFCB08F60C67F873FF740139F3E0
:100B200056F657FEEF1284FCB10065F9BE07490284
:100B300083DFA3F2CDF180EB10052603E506C70A9B
:100B400015E605E13BF3B3F54507B30C9C0CF10941
:100B500071EABBEB4EFD17FC8F071E10140A6304ED
:100B600024EDF2E898FEF8FC570A630739EDE0003F
:100B7000A0F3720A2BF7DBFF2EF94DF6A0F959000E
:100B8000B0014103A3F5C2064508A006E9F9BCF689
:100B900062FEB3FDF606D7F37B05EE1425FD9B033D
:100BA000910C2308C4F0EEE6B606D40444F45FDFEB
:100BB000D7141F16F4F324E952F666FB73E506EF2B
:100BC000E30EA11105E84EEE2CF3AAFAA2EB14F8FD
:100BD0001F15EB0C12F7A1F5820BC012E1F399F986
:100BE000A719180601F64D05B3FAE8F7EEF9F3F286
:100BF00017073C00EB00E5FA5B0D7B0D3001A6F515
:100C0000E0F81FFB62FA9603C00B6803AEFBBD0061
:100C100092FBE50184F529EE0702A70241078DFA50
:100C2000DFEEC8EFAA095B0B6D06CFFF9A089010A4
:100C300028EF67EB7710B307AEFB35F066010406CB
:100C4000C5F905FAF3FE07FC1BE9DD06D5FBDBF170
:100C500043FC7106DB0598FB41F93B07190392FE43
:100C6000E506C9077DFE4C051D08400455F69909A7
:100C7000C506E5F41C00B40AEE05050ACFF66E06BB
:100C800053F4B8F1E80ED30AF4F496FA39F0D5EB40
:100C900018F1C50F330A8AFF54FF0A1709F10AFC3D
:100CA0003106260526F894F6A51892212EEE91E03D
:100CB000B00D020B21F5B207B712FE0191D993EEE8
:100CC0005B0FF5158B073EF5CF05DB11BAE739E869
:100CD000360B150055103E00B315CD1199E3F8E51C
:100CE000F40DAD0DD902311E490014FD26F255F167
:100CF0000F0A220BB60DB0065F0E54101BE860DD24
:100D0000FBFF9EF0700F020839168C22FDDF2CF4D9
:100D100066FDB4F8750A9604B91B011D46F8560025
:100D200093F44E00F3027904120EE605D207430154
:100D3000EAFF1008290983FACFF723FF91F8100979
:100D4000D6FA4102FDF583F7DE04CBF6B7FC89FC49
:100D50001E05B40211F8A20472F781FA5403A80424
:100D6000B70B9E0F37FA87F976018B00750578F877
:100D7000A008E509B2FE4FF8D0080F065FF102FFA8
:100D8000C802EE0C9D014D0A4712820F0BF4D6EDFE
:100D90004A0B9401C8EFBC000B1DFC0FDEEB81FB7E
:100DA000D5FB3603D0004DF8E604E91152F26DF69A
:100DB000510FBE0F870B2611DB1BE3165EE8C00A3E
:100DC000C60F44070F1094F8701EFC28C4F2700080
:100DD000630EB910E7089E0CB627602313FC4FF092
:100DE000CC051500A0FF61029217B51A9CF0B9FB63
:100DF000010104FC3FFA68FBF90DD00D5CF94704D2
:100E0000CF06800A7800F0F93002280552095C0606
:100E100007FF820637F718F9F0F8EAFF35F6BDFD4F
:100E200064FD81096702EE0535FC0D0814012F02EF
:100E3000CD09C700EA00530047073604D906C705A5
:100E40007D0A3BF701FCD6FF610213037AFD06031E
:100E50007A0268028B091E04E5F73A0395F547F715
:100E60005F027D019F0845F789066607C0F6FBFD16
:100E7000C5FE48F86CF74A021E060FF99CF90DFCF6
:100E8000040BA30F14FD33F91EF67FF8060B7F0049
:100E90007B0389074201C407E90035058507200562
:100EA0006B031707150089F7D50387FD270A14F888
:100EB000D30392FAA8077DFD7EFB7EF736FCD2F8BD
:100EC000D1085000F7FFC1042101FCFFB1F98809E6
:100ED00047042F0666045D0A4EF7030689F9080ADF
:100EE0005AFCDCF66902D6054605300804068BFC80
:100EF000F80822FABB05E803DCFF0D063CFE3204CD
:100F00002FFCB1FE40FF55FB6D0A7807E9F7070992
:100F10008EFE8E09C9021F00E1F857FCB9070F06C3
:100F200050F96F065C0909FFDC01E2FA0602250AA6
:100F30009301230C620CD604BEFBB6ECB011130F68
:100F400047082F0A84097806D9F2B3FDF50E9D01F2
:100F50001C025E08910931FEEAF995099C024E03D4
:100F60003208951114FA7E00B0F41AF3F8FEDF008F
:100F700067075D16610912F94E06A9F445F9DCEC24
:100F80005713980AFDED9AF411EEFAEE36FB7E0245
:100F90006416B215010A10065DE857E55F0BDC1810
:100FA000E018D70DA507750CB7EE46E3E509F60F77
:100FB0009A0BB605C6068A0FECF3B0F8510AAD0BD2
:100FC0003A044F03D6F71AF675FB5A02BA07DC0447
:100FD00040FE9704B000BF006F04FD0622F7F3FA4D
:100FE0005B0798FEBDF50B0635FA74017DFF66FFC1
:100FF0008104E1092DF947EBA1F649F71C0160F2E4
:10100000D70C40FE70F02C0104FF51F331F8DDFBEA
:101010002012EB0CE3FF99FC60F6FBF18B0EFE1047
:101020002F1FA12B2608DA17E1ED0DE700096B074A
:10103000111EA529D511C008E6EB06E797FDCC06E1
:101040004B162D0A2D0E46198100050A69F98607EF
:10105000D8035C1F891F331AD8FC33F6DE0FCC0B84
:101060006A16CD0E51071517E4F6B7F75F012E1576
:1010700094172F1D07FFD30F3DF38CF38708DD0472
:10108000BF090D18A710C804E9EECCD8CEFF72171F
:10109000B9066F16E311FE0B1DEA47E65A09F60D75
:1010A000C017A60EE709AFFC68FBF50364026D00EC
:1010B00013FAE200D3F77C004A074D0006F6590800
:1010C0004AF602FD53094004810447FE62045F08AA
:1010D0000404F1FB2302CCF5D7012CF00507A7F897
:1010E0009BF6300A80F54513FAF4B2FFCBFE410DB2
:1010F0003E156B083D172D054CF06FEE480D9D0E0B
:101100007514FD0CD802BD03E7F95CEC190AD9F699
:1011100004093E19E30797FB2EF12BF6A4FEC50444
:10112000370B700134087C02360B8307F4012C1353
:101130009AF86601A2FBBBF76815CE134F15B506EA
:10114000EF04570B3506FBFAE918A20661EE03FF20
:1011500025092418EC11CA0AC8F839E264F6B7F177
:101160008F09DC04AFFAA4FCD6D333D45F07F906A9
:101170002302300B100200F520D45BE1BD0751FEC5
:10118000EE00E1F292FD18FCD6EC55F438FDEDF6D8
:10119000C1F28EF58CFE46FC54FF3D0485F4D3FD70
:1011A0009E0168FFFEF64F0996F9BF052305F80278
:1011B000530DD709CD11E1EFD6EE6F0AB2FC6BF8F3
:1011C00080FD730E8D04B712840BA0FE0E04EC0C90
:1011D000360B05FDE8092F0703FFDA058C04A8F29A
:1011E0000B156602DB0A72F97CFF85FEBDF062001A
:1011F0008D180C0156018FF7E6FEE2FD9BFDC0EC59
:10120000A30B2BF54D0893024503E00400006AFA96
:10121000DAF8E800A9FE09FF95ED5C03F7EF48E86E
:101220001F01CFFBFBF6D70A1D01C5002CF969FC95
:101230000FFA7E072607EF093EF189F39EEF25ECB2
:10124000C800230FA1F853FB42F2FAF81BF644E959
:1012500054FAC4F52BF88E03D3F87CF2B1F854FDA0
:101260004FF8E8F587FF77036404B1FCEC013FF722
:10127000C5FC25FC94F2CB011F08A4F94EF596F8A5
:10128000E0043CFA2703A5F70E0AFE09FFFFCA0394
:10129000BB1F2D082F1131F49FEE840C5E0BB8E9B3
:1012A00041106B1AA4133016D107CB0EDFFF61FC7F
:1012B000C81C8910851231FFBE0EA70A710C45FFAC
:1012C00080061F0210012CECC7FFFA08BC09FF11B1
:1012D00060F4C4E68E043FEF3909C6FAF50211F94D
:1012E000CEEE61FDA3F72DFB18F84FF0B2FC25FF01
:1012F000DCFA5A0164F7E7002C03B3F9CAF0E8EE10
:10130000561147FC6802150B2009B80752E864EC37
:101310005E071AFB21048513A91A27FD90EA0BED3D
:10132000F5FD0A13880642F633EBF3EFF0F203F310
:101330001805A00644F42C0575F872DA69E2F3FB8F
:101340003DFE740581F9590A67F42FEDB50275F970
:101350002C020C05A909960CE9F96805ACF06001AE
:10136000B9F8DB0726F615F80FF78303E2F88001DA
:10137000DC095E170C01A5FD370E590DD00268FB84
:101380007F1ABD0D0B170A04B0FCE70F79FC60054E
:1013900032135A074EF195F73B0F60F9250C7A147A
:1013A0001FFD6EFD61F177EDCB08E105F507AAFAA7
:1013B00064F3C9EF20F715F92A057401E401250348
:1013C0004BF635F1E8F363F99EF33BEF2C070CFD88
:1013D000E9EE920C22FC8405DAF1B9FC57FE08FD17
:1013E000900693F3370D4205B30FD51B1008860402
:1013F00096F82FF93416AB019C11BFFFD2F532FAE3
:10140000F3FB82033209800061F4E7EE0BED62002A
:1014100027FB8510A7F2770059D71CEBAEF5D8FA59
:10142000F413730D1A016E0F5601E6EFDCECE5FBC9
:101430002A02F50B1D0A6200B3FE3DFA29EFC9F836
:101440005E03A21730002EF5E70499EF9DFFC8EC6C
:10145000150B5F1BB20E130635F8D00D860C140B5E
:10146000A914510F210B19E7F01B6711A2FCF80911
:101470008D121716E7EB40DDB70791FF7F014F0E86
:101480000AF878EEEAE179DCAFF36AFB52FD10036B
:10149000D6FB66F31CE011F9E4EE4EFB0B0C89045D
:1014A0003CF2A5010BF7E6FC88F0C6F3F707950EB2
:1014B000D7013A05FF028D0110F841F6EB0398FBC6
:1014C000620846061C0C3B071A0E2C2969FB4603D2
:1014D00078FFF5F5D3098DFBA719A506EEF065FD9C
:1014E000CB02C101840A490183DAEBC1EAFAC3F4F1
:1014F0008E08A2FD81F88DFBB2E6770028FCDBFDAB
:10150000130511FD95F943FD38F5EBF30AFBD504FE
:101510000D176C0C46109A05A7F6E6022DFFBC00CD
:10152000CAF9652274F0F3040E092C0DBBF01D07F7
:10153000C9132E1569F98FEB36022C177203F1FDD2
:10154000CC19921074FC74E3000CFF02E10D3B0314
:101550009004101506DBA8D87C0828073208E80399
:101560009AF434FF8ADF56E5F8FF5FF41104A10B0B
:10157000EBFABDFE6AEB50FD16FB5EF2CF023C06B5
:10158000DF0C8C04A5FFB5024AFBE4F59806F202D5
:101590006C094003910ACC01AAF2C703FEF77DF95A
:1015A000290BA1076109240A4719A11D95FB74F6AF
:1015B000E6F6150A39FAB8F9FC0FDBE2FAFABBEEE7
:1015C00072FD01F6AE00BE09F4C80DC19CF90FFD15
:1015D00051075202FDFCC8FE33E9651078FD430156
:1015E00077F758F4D6FC7309530491043005F30CD3
:1015F000BF1E7405B1F7CDFD39EB1DED70F73DEF62
:1016000053F6D108E403EAF117003BFD3C021E0744
:101610006E0A781453F5E3F1A500060755F901F2B7
:10162000291D260AAAEDA5D9A609BD052E1BE20093
:1016300008FD500C23DB12E2AB01D00B48FC99FAF9
:101640000301E60C95ED54F1C2FBE2F4A3FED50CC8
:10165000E0F268EEFDFB90FD91F77CFE740AD2FD8E
:10166000ADE867F02C077A077F064E0C0DF9ADFA4E
:1016700054FC9900C5FDD0FBA6066A14ADF705EC35
:10168000DB022B0240F9FFF9E918221938E770F75D
:1016900056FCFFF7CFF8DCF814F42EE2DB053CFE35
:1016A000F0FF6701F3E9EDF3F9CD3BD613F7B9028B
:1016B000A20F6FFA10ECF0E82CEC010475F2D2F2F4
:1016C0003FF15CF5D8F411F1520AECF5A10BF9F2F7
:1016D0006C11010D93FAB1FB53F7FF083CF258FB74
:1016E0000EF9961204FA06F9000144FF360B5B006E
:1016F0005F0916F637F9CE047E13CF10E2F6E5F94E
:10170000D4004DFB8EF804F89E07A8EC280B690363
:10171000FDF90D0EF0F6C9ECE7EFE4EB81FD2407CF
:1017200096F957F5B1F39DFAA8F371F6A3FDC9FD3B
:10173000EBFA32EC96FFE00209FA7403F004640657
:1017400079E1DAF0250EBF03500CE011ABFA48F74F
:1017500053F8D30844FC28F559FE570961F1CDF040
:10176000660458FDEAF5D8EAE70A6418A000C7F94C
:1017700068F80FF5B4EDC6ED2EEA08CF4D01F7FF7E
:10178000D501B3FD55E9BFE83DCD61E532118004D7
:10179000BEFD3BFD1ADC70E85C07F504CDFE69F484
:1017A000F8F93A00FFE75DFE6BF7C2005BFDF40657
:1017B000A506E20D3EE54BFAC6E404FB56EEB9F190
:1017C00041FD390971FEADE7280FC213811414F7EA
:1017D000A9FAADF365FE99EFA30AF60FBE0610F362
:1017E0002CF2ACEA83F472FBFEF977F25B0636F278
:1017F0008CF9FDF9EBF18DFDAAE589E558F7E60EC8
:101800003FFB8BEEEDFC35FFC2F6580B070226FCC2
:1018100038E0DED35909ACFA70114C1067FBEB12BB
:1018200018D621F9E3025BF398F7CFFF4E07D7E70D
:10183000A1130204E4F5CFFFF8FDCB021EEDCFFEAD
:1018400047FE65F174F6B8EE80011F00D910BB0F9A
:1018500037EAE3F783F50BFE3FE828D65F01870CF4
:101860000202CD044BF695EAE3D94CF3C30AC6064F
:1018700058FB3EF97EDC18C97CF69BFB5D04C6FA7A
:101880005D000008E5D0A8FC46FF530767F062F052
:10189000810B7C1F05DE4BF96DE9D7FEC0E5C1F673
:1018A00049028A0BB0F5E2FFFCFAE6196AFE010173
:1018B000D70B66FCB7F162F15C0A470281FE4AFE73
:1018C0008CEF93E11AEBB3F02AE3FBF0D709F5FCB8
:1018D0000CD9CFF021070AF646F8E8F6AFFB6D0FFA
:1018E00077E8F3DD89FA3FFF0BF79B03A601C20CF3
:1018F0001DD881DCDB08CEFAFC1BC000DA019A0996
:1019000089F40C1C36FEE805790C65FEB1EE5CE648
:101910006C22E017160A8C031101CF017AF6EA0C4B
:10192000EB0591F1B7060BF37809B5FA5E0856029C
:101930001BF86CF5E20493F93CEB7EE0BF0C8509E3
:101940004CFB7FFF42FDB6F061F286FFCC086505D7
:1019500029FB82EE18E8DEE016FE3E0AEB05BAF13E
:101960008DFE732A70D318F2EB189A0327F07EEBE2
:10197000691F3413CCEB1DFCB4F8BD00ABF2FA05C3
:10198000E2FF77F3B201D6F335FC7D0BF2FF66FB85
:10199000790A98FC47EB00F841FF3EFBCCFF86FF3D
:1019A00077E5F5E1BDFD71F4CAE9CFF6930AE501EB
:1019B00076D43FD3A5042812ABF9100895FB2A086A
:1019C00022DC64DDEC043FFBEB03A60C8008040A78
:1019D000BDE6E5EEAA03B6040E089CF77808B10749
:1019E000E10B9C29BE08A40E68F596EE46F38BE445
:1019F000181BAB150F171C0DE2048CF9D107C1079A
:101A000068FE20FCEC06A20484FCE3F73B11EB0B20
:101A1000DAF33700940282031FFB78E89E0E9E07DC
:101A200029112A01A504590401FE45FF62072B0D67
:101A3000B0EBC9F7B6F175DF5B02B205B0F7D1E5DF
:101A40001C07B00D3AF08EEBF514260D20F113EBC8
:101A50000F1A8808BAF361067FF35E0080EDB9F3D0
:101A600014FEA2FAD1FB2B05FC03E1167DFE5A0AF7
:101A700036F8F2F46AF94614DD0D26FD4712B50575
:101A80006DE950E1C40EC8F0E50C460167FF55034F
:101A9000D2E0B7DB161247061E0250FB840489070A
:101AA00028E383F5C5118910970C8E05DF04C10961
:101AB00035F5A20DCB0390F939FA45F2A516480386
:101AC00034266B235305DE021CFCFFF811ED700178
:101AD0003324140C15080103A70596035302C70409
:101AE000C70053F97512B000770834FCFB1B130EC6
:101AF0003300E20DC8FCF802C5F5F80B4715E90CF8
:101B00009CFB9CF20204DAF8DE07AD05E6140C1229
:101B100005045EF7AEEC91EE29F453FFC9F730F0FF
:101B20006D07D40672E94707A40636EF40E9C2EE16
:101B30007F108910F61644104BEC26F933E38EFA29
:101B40003FF9AEFA190799FFBBF7E7FCA8FE93052A
:101B5000CC1130F81C03D10C11067A0F6301030776
:101B6000E8EBC8FBAA19FF083B0C1907610090F5C8
:101B70004D00C4F50B0C7C17AB030CF8DE0EF50D15
:101B800094ED4EFEC9166208A5023E00C102DD0AB0
:101B9000A303651C0109D3F880F83501B918A60024
:101BA0003B329A334607B208C4FC95ED1BFD2CF27C
:101BB0004C2700FF3C05F1019A089F0544067F0968
:101BC000FDF2A902BD14B80BFFFA75FE0C14360A1B
:101BD000DB05FA048A065B00D6085802790A8911E7
:101BE000CA02DBF8C1F6350118097413F507AF070F
:101BF0007FFCAA076AEF08EC94096204B202E1F5DF
:101C0000110B6B0442FCD70D5BF409F055E723E49C
:101C1000BEFF8F10AF16AD183B0D5BF5AAED0DFFA3
:101C2000C3F7740E4EFDF7F6500B6402CB0210FDA5
:101C3000020D40131F0CD70FBEFA5F14ADF890F5DC
:101C4000540522FF55071D1FD605F7FC66FF43FC10
:101C5000B20B1D0D5C0F7C1C0406D513A7097A106E
:101C6000BC0909126020D80BA40E380A6207E700ED
:101C70003520AF216402AD0C8A0017FD25079702BD
:101C80009F30F81D4D0262077EF8C2F438EC7EE505
:101C9000261B60FE9F0BB70F88FEB30B62FBFE1680
:101CA000B8051C043F10C802CE014508EF134B04D1
:101CB0007B0B2F1597FCFFFE3A082B0E7816EF06CC
:101CC0008BFF21FB680969038F0C7B0450FBFE002E
:101CD00005FBB7F7D6069FF217FCA70A59FB9DEB49
:101CE000A3125814A1FFCE1B1A00B4E18CEA5CF2D7
:101CF000F203A9FF9B23010F62F822F3BCEABBEDBC
:101D0000F609460758FFD605DE04F7070708EEF880
:101D100095177B1A9E022918970E970C0DF682F9DB
:101D2000880C9507360F660A78008707BEF5FCF722
:101D3000261241037F112016010C9113DC081207B3
:101D400094115625461B111AD1121E14F0FF14FCD3
:101D5000741BCA331020990D1B06ED07590B6DF546
:101D60000B1A7F1DAC08C71145FBA2FCD2E1E6E8C7
:101D700009117D0BBF18A1073701A20B5B07FC10EF
:101D80007205CE0383FD57F2E00AF00D5107B50A44
:101D9000270EE20E84F7E705810E39067B1333F632
:101DA00048F99303E9FA2C0A020A8208DDFB65F878
:101DB0006B099F0CC6003B05E208D20AACF323EE88
:101DC000BB247B1FA9EF42082DFB44EB68F196F87A
:101DD000E30724F8B10D9AFAA7F6A2F09CF1DFDF31
:101DE00021FB330CD9032908D1FFC009580F0CF48B
:101DF000810E3A1F0C036B1A6F09D803C2FD8601CE
:101E0000770B2A133416360EAD06A4FDAAF44AF158
:101E10001100B70674183F113D012E0602F1F300C0
:101E20005C147217171AB0209800FA0408F58CEEAB
:101E3000D71FC51A7F1B701178FC49FE01F4BEEC58
:101E4000650AA903FC13450E26FC63FFB4EA8AF277
:101E500001F641004711B00CD2FC3408EA0A670EC3
:101E6000E6125209FF08CE061D024F0CD21231FCB9
:101E7000CE108F04140392079E021DF8A4FDDAF61B
:101E800029F96EF84A09790A46024F0E31F274ECCC
:101E9000A3FA37042705E016C00927F87EEBABE06C
:101EA000D3187F2A6309E41DA7F5A1D8B9EDA102D3
:101EB000991D0C01BAFDF70E82F17A03FEFD4DF972
:101EC000AD06D2F94A02DDEA7202CD0F29052801DA
:101ED000B8F77F0BE9F74A1DB316140F700AB0F17B
:101EE0004C0F62FD4E0E3C124C037B0ACCF5B8F24F
:101EF0004D0699156FFCDB054904BB07C1EA8A044E
:101F0000DF15A320DB009303B103B70279F81FE6C6
:101F10003012360E6406F00EEDFA23EDECE536F5E0
:101F200009FA1209A205270790E3B9F685F8B3EA82
:101F300088FECAFFB603570DFEFE57FCB90DC30954
:101F40004A0AF006840D4401890ABA0F6508CCEFED
:101F50008A102C08F90ED014D8079B0514EF38E727
:101F6000F4F190F3E60678144A0C0002EADD17EC6F
:101F70007B0B8209811CE52849FAB7E9E7F1F8F201
:101F80001010B90ED517992149FD4BE319E24C0504
:101F90009B0EC0FF6B1A440C58EC4B0228F01D033B
:101FA0002B08B201F803D7F733FBFC0292087FFA43
:101FB0007C0D3016F201F9179A074A053F025AF5CF
:101FC000181449FFAF089EFA13E7C702D7FB2BEEA0
:101FD0004A10A71047F8C1EFF5089A05F1EDDAFBB2
:101FE000770F48123FFE1A032AED03EF3BF09AE603
:101FF000B105A902BCFA3704DFE7BAEB16E87BE7C4
:10200000CE01BFFD1C0163FE9CE042F712ED65F9B5
:1020100037014C029B08550637F887021108450A1C
:10202000260C760468026A0FDB06A60A9BF911F6F5
:10203000A60637F813104818C21568044CE60AE2E1
:102040006901500602097F126D0D1E07A9DE0DE51C
:102050009EF59E04C517AA0C51F1E20244E712F264
:1020600080F607FDB829E6278AFA46E2D1FDE408A2
:10207000F4071200E517720741F5970516011CFEDB
:102080002FFDDA082EFE2A003BFE700A4AF9E40012
:10209000D81CC411690ECB05CE1076FEC2FAF5FC31
:1020A0008912EDF920059CF323EAA4F28BFAB9F723
:1020B0006E01E40884E67FEFDBF641F25FF8D3E3DC
:1020C000F40BE90C05EA73EC48E52DDE4CF1E4EB8A
:1020D00095FB900659F588F0D0E0200067ED2BFBCA
:1020E0001000C603C3FBAEFABEF431F363F9DDF6AC
:1020F000050A91023F0126FDF1FA8AFEBAFF260386
:10210000EC036DFB9AF9BC0486058707F50126FAF6
:1021100056FD8B02ED0C910A220795165CF1FCE945
:102120008F0026ECBD16111BD40053FA33E3A5E84B
:1021300005F9A3F5160CDC0E9EF602F378F753FAB8
:1021400012F9CDFA5D1F1D130DFB8E0139026507D3
:1021500021019F0281EA5FFBF50019F670F81CFB74
:102160007AFA340B5BFD190076F8FE031AF775FD59
:10217000062A03FEFB0A4EFA26025801B8F7BBF006
:10218000AA1C9210B0F8CEE5A1F430045AFEE6F194
:102190000F0658FC33DFD5E70BFF4B0033F3FAEEA5
:1021A00000F7A9FBE3F1FDF45FF7E2E770FE110A27
:1021B00007FDE900C8F024EB44FF5DF29200E2F372
:1021C0007809290551EC75F0AB00BCF34DF765F8C3
:1021D000B400B60186F33CEDDDFBFBF71D00C1004A
:1021E0000FF910FAE0F8CBF637FA59027FF195FAB9
:1021F000A4F854F7D6FE23FEA112A115B1E31FDD0A
:1022000009FFE9F497125D0A130C1D08A3E571DDBF
:1022100020FB9FF4B3F9CE0107FEE3EF54E8C2F4CC
:1022200060F2FEF9C60B3E0FBDFFACF52F0927FF8C
:1022300039028902D1E6340294F8540574EDF5F9B7
:102240004F08540454075AFFFCFA7F08E707270A8F
:102250001D0D3F01CA102AF9100326070A00ECF4ED
:10226000201F5210CEF9AEF83502B001E9EFE0F7C9
:1022700036FAF4FD51FFCCEAA608E91FF7FB180275
:102280001BF93F0161F13CE88C1094120503E00555
:102290009B044B01AEE9A8ED770D33FE0E013AFB2E
:1022A000E90B4B0CC5EFC4F9D5FF22FB3BF0EDEF7A
:1022B00098F8E4091AF1B5F0CDED65F28B019B03B6
:1022C00022042AF29DE87DF98A03A60C1FF7D2EAC0
:1022D0006DFF3EF8ABFEC6097801830555FAD2EBD7
:1022E0002DF680F3340A0009A8F78305DCF396F095
:1022F000870512EBC30FE81801F26EEEFCF2BA0488
:1023000036E626F33E00A7F6E3F06EF683FF95026D
:102310003E0AB2F5470CDAF7B405C8F68DF9230486
:102320003601C405D1FF89011AF96301DFF6C3FD47
:10233000DF070E088EF923F8F30238FD410065042B
:10234000E806EEF681112C085D090201DA0478FF37
:10235000EFF66AF2F20ECF0ABB0EF92352F60D0029
:10236000EDEB7BFC35FA9802E1101E21AFFD8A04EB
:1023700082FD6DFEFE062DFAE905AE0E5A02CEFB79
:102380003108680143F4A0F11507E104A9FD49F201
:102390004EF7F0FC8AF07CF14706AE0171030E05A2
:1023A0007EFF40FC42F683F32CFA3909C40F3E034A
:1023B00002E118EDB5089BFDF1013FF54C06210047
:1023C000DC0176F4AF0C940C87F743FA93047FFC9E
:1023D000C9F5E9DE41071A1BBAFCA9E925EF3CF86B
:1023E00037FC9E00B30A1E1439F42AFDE7F5F1F517
:1023F000E8FF100214049BFDC0F350F9FA0575FACA
:10240000CEF81C08110AE2069CFA1E04E104CFFB78
:10241000B1FF381024103BF50D0983EF59062BFA54
:1024200070FFCAFA83014808CC129C17A106310933
:102430005CF477EF870ACC032C15A61C37FAB90297
:10244000EDF3DEFDEC090109851D291623F772075E
:1024500002FB66F2AE005E071C069F0579FB87FD56
:102460007FF018EEBF01EF0BC40BBC08D9FCA3032F
:1024700050F234EC8C05990001FD63F1BB0A37077B
:1024800055ECEDFDDBFD4F05B6F7B2F907128F00F5
:102490001DE453004DF6ED004D017CED94FD0EFF63
:1024A000E5F5C6E45E0C5AFF8EEAA6EDE7F20DF004
:1024B0009EDF1E07DCF6C1FD73F6E6F33CF6B5F4CD
:1024C0007E07DFFD29EB4C02EDF1DF025BF4D20366
:1024D0001AFCCB04B60614FC69FF1D0838F89003FB
:1024E000FF0098FF4CFD4AFFD5FAADFCA3F6C9FCEE
:1024F000A2072C017FFF39014CFD6F02DB070BFEA9
:10250000D1EF13F8F21387128A0002ED5C03F8FE94
:1025100074E767E554136D0D8BEAF4E7A3FFB81871
:102520008BEE1DFD0C0BE90405E9AEE5F81920233F
:10253000B5025FFB3C098406A8FB01F2120E77028C
:10254000CBDC92F0E815A80F71DF5CF25007BD10EC
:102550009FE9D1EA8116C20E50ED26F04E17DD1527
:1025600010FF4DF3260C5A0C20E739E5D0145F1C00
:10257000F6F32CFC4CF94AFAD7E95EF99304CB1236
:10258000D3F17BED470FFB032AED80F0F7094E10E6
:1025900042F207EFC8FFCE0D35F623F464118E0228
:1025A000F6088A09BB11230883F456F68B00080746
:1025B000F0FD99F994FDD5098303FD05ECF9C1F906
:1025C000B8014FFA76F6BB07F1FF2007EE061FF6BB
:1025D0005001EAFED802D5095706F9036108F9034C
:1025E0001402620715F9A204CCFA1CFA2D08E6F9C8
:1025F000D0FDB203280CA71479FE92F4D501420C49
:10260000ADFFE91655002505C7F6A804020502101E
:10261000D921BC20BC03D2FB4802A6FE5507CF0639
:10262000B4F999EE1A03B2094AEA0103D604F90B88
:10263000D306EB02E0060202F0DE5CEF8919991680
:1026400065F7E4EFF9014700CEFCFEF975166D1D44
:10265000CBF5DD07CC12470F17FF2CFF491BB9063E
:1026600013F916EF79051AFBFDF30E0030FBAC0DE4
:10267000B3F2D3F7F1F224F71A00F5013A0423FB81
:1026800030FC2B074A01E2F9420938FB55013503BA
:10269000CD0690FE5CFC5CF78FFCCAFD28FA4A036D
:1026A00094F93603D209B7FAD4093E07E9075F0463
:1026B0001503D3FD66079705BBFFEEF9BD059B0724
:1026C000BC0054042DF99EFDC8077E002DF706FDC1
:1026D00028F88DF9A2FE65050DF6690879F8C6049B
:1026E00099F7E1FA7AFC48F8E300350775F6D1FE70
:1026F000D5FE74F84EFF0AFA290289FFE4F614FFAA
:10270000AC11590FDE0A500071FA36095A0342F72C
:1027100073FE73FBA80184006801DEF553FFBE0859
:10272000BFF6EFFD5EFFB80446FEED085BFB18F850
:10273000DF01A2098300820A6CF8CEFD6B0631F638
:10274000A206880975FBB3FE3DF809F860029807F8
:10275000A5FDF3FA8A0A68014CFA2308090A31FF39
:10276000420711F8880327038EF874031306D6076F
:10277000B30390053DF62BF86DF881F934F96A053D
:10278000A1FAB9FBB6FCC20737F747FD80FFCF06B9
:1027900099F72A0068F73B05E2031303260118FEA8
:1027A000B5098D074EFB710AB4FF7608A2F55403F4
:1027B000F8F9DAF53B007DFAAA019F056101850170
:1027C000A3FEC107FEF14604E5FE4EFA02FC9000AE
:1027D00099130208E11C620AC8FF2B00EE0639F8C3
:1027E000510DF615E50E2A093101320097F807025E
:1027F000B6103C049A0243F611004E11400B5AFCED
:1028000056F6ABFAF5FFD4FF11054BFC74EBACE4C4
:10281000F9FE1910A00750F8D1F759FB2D081EF941
:102820007A049F0BF9F42D0541FC7AF5D00299F753
:1028300075F271F1B6F49CFD93FAA3044AF740F5E2
:1028400040F635068AF9D8FDF009F3048F05200714
:102850001FFC88F8850A56016E0967FFBFF610084D
:1028600072FA4FFDA7F93C09F9FC84FA31FFAEF684
:10287000BF0214EE30089404640543FCB00775F5FC
:10288000C9FDC608E0FA0CF75DF6B2F7AF047002B6
:1028900045071707ECF9ACFD4F0616FBCE07AD0256
:1028A0001806390F0FF326E2A3FA0BFA82F827F283
:1028B000A510A60C11F524F1C6F54AF735E6CBEDC7
:1028C0004D0EFB0EEE08AB0042F0AAF0A1D847DE99
:1028D00022081F03410342FE47F615157CE83F0915
:1028E00082F3A4E8810F0106A60D56FA0BF495F0C9
:1028F000AEDDA0EDDD086001D7FE8CF852FC64FD72
:102900001B006C03EAFD67FEB6FD90FCFDFA00F3C8
:102910003610570EF3FEB40CDB0B29FC2FF2E8F84F
:10292000BEF932FD2EF412FF53FC4705B5F76D05D5
:1029300026FD2AF83709ECFA3A04A3FA8AF9580571
:102940008009BBFEED0089F87C02B1F74EFFFBFF6A
:1029500061FBB0F3B4FD31FDE40FC80AE200010CE5
:1029600029F29CFA04F5C90183FBEAF297F435DFFA
:102970003EFE9A1A5EF93EFE8DFCF3FEA6F103FAC6
:10298000A4FB0DF70513AF07B9011400B8F3BFE0BE
:10299000B0EF59ED6907B2F426E7CADFEDE57EE254
:1029A00031FB89FE2BF410F133F534FF53DC8ED765
:1029B000E6ECAEEF17F8DE08E7F2F6F87DDED8EECB
:1029C000FDD827ED76F306ED230143FB9AEF20EBCC
:1029D000DFEF4704D4F06AEF20F53EF592F10FF5F2
:1029E000CCFE45FB44FE7504B40A11FBDAEC31EE73
:1029F00030FFF80E60F548F3CF0154F7410687F138
:102A00005A0E2915AFFF0AFD2F0A70FA42EDF1F1B7
:102A1000880D74F92FF79701A1FB3DFC23FC3602CA
:102A2000840AC9059EF8D50A2FFAC4FA770366F717
:102A30001406290162F6E115E0021D05B812070F20
:102A4000E60EEF1A9FFF2300EA01ACF1270E96F481
:102A5000F00A14094CFD20030AF9750488F333E3E6
:102A6000A9067EFDA40B790B2D03FCFB1FDDA4C87A
:102A7000EDFB7EF787087D086806240832D91EDA48
:102A80005D042BFADE0569F93B087013BAE5A9EF7E
:102A9000F4F195ECADFBDA0916143A0C3CFD27FA7B
:102AA0007CE1BDF48C0D29095EFCC8F51FF4B4E788
:102AB00027FEBE0EAE08CDF3B6F4400A55EFF8EB94
:102AC0005C1A781BD0011C0403FAF0FBE8E61EEA4E
:102AD0004113EC0F54F7C0037BF7BEEFF4E8E7F1C6
:102AE0005D091EFFC617E6084401E5F9D1E986EA4B
:102AF000D0EE09FD9AFC4D05120114FE26F36DF788
:102B0000D9F6E3017000AC0942FE3CF72FF713FB46
:102B10004E076FF8B1FE52011006D6FE5E0EF200AF
:102B20005A0E792485FD83FBEFFE4EF1410EF50927
:102B3000951CAF101A0273FFECF60B007A0818060A
:102B4000120CA80F5C01F9FC2EF2C8E01D0B620DFF
:102B5000AB02E5F78B03E2FBB4EFFBF101F1E1F02F
:102B60007DFD42E95EFBCFFCB110BE0A6EFDC2FDE9
:102B70001CE232D204063FF4710E7A1C8E0DAC15A5
:102B800029E20DEDC505080536FEB4F851FED2F771
:102B90009305691F42051D0016E7D7FBDEED50E6E1
:102BA0006B14CB19AEFDF0FDFEED49F28DE3D3F0D1
:102BB0003C13742296F5DCFC97EBC3FB28F8B1FCC0
:102BC000BF1AAA06EF0AEE1572F6A8FF62F6A0E198
:102BD00033F6C4FA56131C089D0813FD37ECF0FEBB
:102BE000F00970087A039501A4010CFBE3026CFF65
:102BF0007AF860FC1A09D2FEC1FB9D0083FF2FF911
:102C00001C0097FFFC000B0EDB0587F0C90D7FFD54
:102C1000A406570DB205D30B31F0B9E7E503F11364
:102C2000AB08420B7205780909DC95E15907BA0334
:102C3000900CDCF768092AFECBFDBF0C2AFFEB0FD6
:102C4000A9F028EE3A0F6707970A8101380AC40AEB
:102C5000E8D191D5BD04120193138C0827193101D5
:102C600063DD56F24C080B09F20241F18D047C0041
:102C7000B70F971766FB830A32E386EF65EF89FF8C
:102C8000EC274E2768F535FF0AEB68EF13F32BEDC1
:102C9000B715111CD90A11018EFB39051906750CDF
:102CA0009C11CE00B40382169BF7EC043C022CE48A
:102CB0001002950EA108AC0AF2F7BBF97904E107FE
:102CC000FBFE9510D808600C4EF7F0036005670B0B
:102CD00028F115FD8EFEEDF288091906AF0247F5C1
:102CE000DBFAD605E0046B104802D9ED83EE9EECCA
:102CF000E8FFAD017C05910356E9AFEBA7FA11059A
:102D0000E102AC066D02120587EB2DE851F7860A49
:102D1000310E9F02B30C1304C3054A0BD2040806FC
:102D20004D0617EE17F60B03DF04BE0CEEFAD912B0
:102D3000E2E0EED111FC5B086709BAFE37149C058E
:102D40008DE027001902A8FF10009FF1A7FA1802D2
:102D5000A7170F1972FD4200B1E307E38FF62DFBB1
:102D6000031C441F860D3D00BBFE87F1D0F0D3F954
:102D7000F70F2D183BFBA4070EF133026109600B1E
:102D8000660B38FE3C054A067EFA1FFB76F7F1E635
:102D9000D50A7006C000BC078D0610F915117FF525
:102DA000A30A7D0A01FB0C0544033FF8E9F29301F5
:102DB000A3FF18FBF905950873079C0A2DFB69F51D
:102DC0001EF3B4004303650A9F0836FA15EEB8DF18
:102DD000560800040202050E3FF83BF3B8EBD8F8A2
:102DE000D703D604A608620CA5ED2CEBBE01FAF7BA
:102DF0008015331CD7FDD601600E7B04CAEE36F178
:102E0000FD14C0008D07AFFA3E03B20E15F282FD2D
:102E1000D1DB43DC9AF98DFE1723DD06BE09D8FB12
:102E200081EA910E70001C07DDEF09DEE9F9A206C8
:102E30008A20031EC0FB88FFA8D149DD8D08D00081
:102E4000D1203B19AAFC11017FFD63FFD30FC501FF
:102E50007F1858022EF947FCD002EBF229FCF1FC56
:102E6000CEE46CF08EFDFEFC54FE5FF891FCCE05C6
:102E70009EFA2AF68A0B69FACD0492FEB9F2B3F8EB
:102E8000AC09B1084100D1FEDDFD51F90A02A112E1
:102E9000DB157C038D0673FF3F0887025C091FFE6C
:102EA000FB086102A30A8F064DF41CE8D3F89FF6D5
:102EB000C30394064102E9FBA506ED0A6CEFB20BD1
:102EC0001F1491032D009F0D9AF03100FA01CC05DB
:102ED00005189D1630F97C064601D30401F819E562
:102EE0002315CCF0520AB7F6D1F5E81A0FDF8FFDA3
:102EF0006DC73FC590F21AF0C81F460875194E17E6
:102F00001BF36C14EAF76001BEEB99D66C019D0CC3
:102F10005A1A4918860264F175E171E9BA0DFD0F7C
:102F2000351DF51A9EED05F87BF896070F0F090E73
:102F3000270C440309FEACF504F629FE79F815EFD9
:102F4000D1E9F1E4C7FB65FA74FD2E04E5F9AE02A0
:102F50008EDEE0063A0F4805D00B8302AD037D04F8
:102F6000C607B614E3FB750BC0FAFB08760DEB0D34
:102F70005010451055EF39FF58FEC4EE7C0ECFFFC0
:102F80002FFCD0FB42131F0C78F594FABCF890EE9E
:102F900062F159059D062208F2F12DFD3FF74A0C1A
:102FA0001B07EB0DC607830528F3A4F9B70440FC03
:102FB0006F1B870A8404570491000CF517EE37D96C
:102FC000C6FB1EE1F503CC0849F80812D4E8190A3B
:102FD0001EC662DFAFF706F25E1E8808DB17EE1230
:102FE00037014C241AF6BBF030E55EE6FD0D5A01C0
:102FF0000E1E47141BF251FDFAD4CAF6180C3B10F2
:103000005A194415A4FF75F306F842FDEC15EE06B7
:103010006001080089F41000ECFFDD06DC03060205
:103020005DEA30F6DEFDF2035CFEA3059414B10AFE
:1030300096F1C00259067EF68C11181349164B06FC
:103040008C06741BAA0A8FFF4DF834FFA510C9FE29
:103050007C20D408BB00AD16750AEFFEE107D4163C
:103060007004F20515235E1B6CF9540021FFE8F68D
:10307000F6F1D0FFB903BFFDAEE552E578FA1309CA
:1030800011038C046006270C08F3F0F02B159DF853
:10309000420C70071BFACE087DF107FCCAE9A3E6D3
:1030A00074EA5ED4120F7F0EBCEF1610B3F65B17F6
:1030B000EED792EAB6FE5FF64A1F66062C0DDA0BD3
:1030C000A901C91D58FFC2F0A4EF18EFF3FB19FCCA
:1030D000FF16E80B37F895F0D6DC76EFAE04AA14AD
:1030E00056FC23060EF4F8F92BFD75FF960BE21241
:1030F00025082BF351FB25FEE6097BFB2213631AFF
:10310000BCF5AF098DFF6AFB42F56104CC0EDA060F
:1031100050EB1C0DE5FFDA0226003A0744050319BF
:1031200086F9DA11CBFD2204CBFDDB08E0FF62F962
:103130004F0D03F81BFD9F0FCEF70AF77CFD951688
:103140008909E4FBB20ED31342EF9FFC5BE698ECD7
:1031500065FBAEFD1615920767F13FEB28DDAE0B60
:10316000300922FE41FD520333F1DE02380B5DF0DF
:10317000F2FD1EF1D1FFE3FA29F493FECEF025F71C
:1031800048F0B5EB550C3E0BBD0A3A078313BA184D
:10319000A1FAC40A6A0AA40A1414D206700E390FDE
:1031A00067128E1B5EFBAA09B5EDACF1DBFED8F110
:1031B000CB15AFFE7DF989054AEF44F3070BAAFF53
:1031C00061FB43F18B04D6F89809370A31F3C9F74C
:1031D0004EEFF6F528FE28F7FFF902EEEAF253FA71
:1031E000160EB7054FF2C2F4DEE718F665FDA70626
:1031F000E0021A068C01780066F7BAF698084908CA
:1032000046005109DEF577FCB7FDA6F55601E80743
:10321000F415B704EB06440D060618FBFB0B4E0332
:10322000E408F7064906B21E9AFD8FFD61EA0CF626
:10323000940D9C049A088C0CF1FCC4F217EA5CFE15
:10324000FA0255F3D3FA89FEE80CF50EC0F2370204
:1032500074FB0AEC9CF21E1054F9DEF9D5F96E09E4
:1032600097E750F32A10B917060B0A0C481390FD84
:10327000BDF674099B12330E6711C0015C02AF06E4
:103280008410C80D340FB20962EFB9F0B2051B0308
:103290007B0D97F49B0599FCDDFA46F38F054F02F1
:1032A00073F29FF46DFF49FA31042803DEFE84F5C2
:1032B000A0E40AF3330414FA24ECA8F1DDDCC2EF35
:1032C0004F07000198EBEFE9DAE799F3CCEFC0F094
:1032D000FB0D48FE92EA72FA2EF308FBADE61AFDEA
:1032E00013027C0E0EFD500B15028CF6BF02C205B8
:1032F0003F1F2205FA0E5C05E8008F026E134000A6
:103300008814FA03FCF8F70460F668F48DF6C50A31
:103310005CFC2CFDEC09A8F18B01C8F9FAEAE8EE97
:10332000C8017DFB1BF71EF83EFDDB079FF851022D
:10333000AFF281F1CEF96E0903EF03E8A108CA0FDD
:103340004EF114FD6306B916BDF8FB04FD1112061B
:10335000F2FBFE0F1A14D310E514BD008C1070FEA2
:103360008214BB058705B10E5DF48CF9CDFC5306C4
:1033700095027700E31429031DF4A0FC40064609DA
:1033800006F23DF6ABFFB6FA38F5DDF7C6FE5BFD9B
:10339000AFEB75093C00D70B7FFECD06E3F545EE9C
:1033A000E8081E0FA2F18FE4DCF6D20281EF60F391
:1033B0002D0E8DFDE0E4BBEB570034F8A0DD9CF54D
:1033C000440B46061A08B7041AFD020921026201DD
:1033D000FD0DAB061FFC7FF289023D0789F8FB0952
:1033E0005C003F0E70F13EF91704750B49FA51016C
:1033F00018F9C8FE09F643F414FFE10135F7EFF7B9
:10340000D0FC3FF483F74003B5F1D8F059FC65FEDA
:103410006EED25F21802F708FBF23EFD590BF3039F
:1034200038F683FEA810E30874020413B516901250
:10343000B20A10085512190F3A14D5ECB10C6C09E8
:103440009DFA180004094F08B9E101EB91F8C70C87
:103450005CFD95F9EF10360496F9AAE6E0031CF43A
:10346000600C12FCE80CD5157BFC69002FF7F80105
:103470000FFC76FAF10B6E099500D3FAE7F964F2C6
:10348000B0F98105B4F8FAF52B0008FA7BEAF6DC0E
:10349000AD0CAA079B012DF260F622F327DB92F513
:1034A0000A007905990092FCF90413FDC2F5C3FDE9
:1034B0009D06A70A72FF2EFACF075307F4F7F9F11A
:1034C000220215FAD1E31BEF19019B0E81F70BF9CC
:1034D00002022B0BB4F6F2F585FEECF82FFECAE0E3
:1034E000B7FB65F6C5FA5BF6D2F5D4EBE3E95CF41D
:1034F000F4E6D4EC24EFB2F9BAF5E9FD1DFAF809C7
:10350000E7FE8100EBF8FE0C420AE814890CF7157F
:10351000C509EF0B71099DFCCA1957FC38146B0BD8
:10352000C9EEF504E606BE0272EAA0EBE6FDF60F70
:10353000F9010216221136153EF647F74908EB0449
:103540000007E102D40B0E10C7F106042FFC66F44D
:10355000B6FB4AF369107703B202C601D0E030DC53
:103560008A00640FC70309DEF509EEF1C5E75CD9EF
:103570008307D40381E40FFF270148FAAAE7CFEFBE
:10358000D9FADA0271015B08DB012709ED02EC09C7
:103590004001C1F67500DCFB9CF6B9F963F5B9F39F
:1035A0004001C209F6F8BCEAA1F4EE03D4F64900E2
:1035B000C3FF5A0383EE1FF220E94CF2D9FB7FFBD5
:1035C000FCEF4BEE78E8DEF368F7C1EE61F7C9F087
:1035D000DAF6B90463E0D7E85AEF1804BCF2650BD9
:1035E00006F4D3FE90EB4CEC1D12DB159613BA12C9
:1035F000F9F8D2FAD9F768FFBD237700F31954031D
:10360000EAFC010809FA9C0D21EC01E58E0259F64D
:103610002A10AE11DD0E6314FE0123FE8200E1F7D5
:10362000DDFA48FD6A147F166A040814F5FAFCE80E
:10363000E8EEFDFFA3034D0D1E0B2E022CE3BDE6AD
:1036400050036215E0F863DCFB12A4FA62FC61F53A
:103650005A035CFDF9F63FF12B0106F99C098BE05A
:103660000E04700B75FA6706DFFC43053F0AD7109E
:103670006A132511A80B5B0653F8E2F9AFF30FEAC2
:103680003005EFFF2C009FF871FB6EFCBFFC47007C
:1036900032F9CE0605FEB8FDA5F4D3F94AE842F3A7
:1036A0003D0292FE94EC58E22FF750F333F759F4B1
:1036B00071F8BDFC22F22CEE35F6DAFB6C00890CB9
:1036C0007600E4FDCCDD7EE99D15AA1F4311C91DDE
:1036D0006EFAD801AFE289D6E11B7D0C3E074E079A
:1036E00051FB7504B8F61109A9EB1CF3E3F819F0C6
:1036F0006706D4FE0A0B81195AF69E0511E7A5DC70
:10370000A102E9F81E240108800A7B14A6E088E7DC
:10371000F1FA69E7CB09FFFC9A078F0A83EA8CEE7E
:1037200096F8E710ECF1D8F9231834F6CDE8E8055F
:10373000550843FBCBFF75FF2E00A208CC11E30117
:103740003E0A7301F6F86FFAEB00DF0625F97310F5
:10375000E50FF11237F82A1903F965F66B1598F0A1
:1037600096FE58084211E0107F092F0242F29EFD9A
:103770005D0FEBFAF111F0F45E01440EA50059FD66
:10378000AA0321FB11FA0CF5370C5CF981F21AF54A
:10379000D4F94BF3BBFA4DF8A9EF65F6ECF9300A12
:1037A0000FEEE3F598F044EBD502A20D5203E314BB
:1037B000EA04E1046CE2EEDE5E0F9D012505E9EF0F
:1037C000840034055DE8830A69F08BFA94F37AE9A2
:1037D000910087086712681DA4EEB1FAFEDA53E87B
:1037E0006B00A00984127C0DB2F866F117EE80ED33
:1037F00029FC54F2DBFFA303CAF8880439DA58E441
:10380000C0E0A4ECC406E7FBB2FAEBFF69F9D40B05
:103810007BEC5F061EF432FF11FDD40273FF2A0C0D
:1038200077FCDC06FB09550BE307850001FB3B0039
:10383000A4F65004FF085A0F61002EFFD901B2E62A
:10384000F70C33FEA60F5809A2FB950A9DE35C0511
:103850000C081F1898129CF90F0A5C0679019CF459
:103860001E1226FEBA115F0A1FFB5BFBC3FBF5F4B9
:103870008EF78EFA550102F679EE26F3C9F8940612
:10388000F6F494036CFFDEF2230A2511E502B3027D
:10389000B90244069FE963E79208E3F2B3046D00BE
:1038A0000E0022004D00BC0CA1FC4F09F4EE4CDDD3
:1038B000A4FBE6FCA7133513CBF72FFD26E4BAF3E0
:1038C000FE04E3FE7212A8048EE921EF81EB55EFAE
:1038D00011F853F5BD15C8FEB4F04BDF09F881F5BA
:1038E000F4E50AE6D8E96C00FDEF70FFF4F79A0AF8
:1038F000D3F89108A6EE410320073D055DFE860D35
:10390000D507D811F1FC360A2A099F04CFFD52F7DA
:103910001DF99AFC05FA91F969FBEE004AFDDBDA24
:1039200002FE18FCB80AA11A19F746FE98ED2A0003
:103930000F0455196D098B02750851F0CCF483F111
:10394000800D2901B506150259F1D0E155FD1BF690
:10395000090CD80AC9FC9DF914F595F305F8E9F9A5
:1039600081039406C4F2D6F22E06001019F89FF5D2
:1039700005FB2DF738F89FF68BFF76036C03FBF8F9
:10398000B2F867F65908EB02CE0393FC15F51FDA7F
:1039900027F3B9FF070BD80BE1FCF40290E3B1DE8B
:1039A0001416DB06230856164CEE31D9EFF3C6F297
:1039B00030F768EEB0058E01DBED63E614F28BEFB5
:1039C00056E204F61CEA8E00CFF24B0421F506EF16
:1039D0005E0395F844EA9FF53C0FAF063AFB630996
:1039E00053FE78010E0706FEDC06140316FAA60144
:1039F0008A03F9EAF5FF17F66D063DFE18EB62F44F
:103A0000AB0CFE15160960FF85FD660B4104CA0666
:103A10001B01670B68F113F3980066EAB407FF0611
:103A20005C037101ECF478F4EBE651F95E0A1B0DCE
:103A3000A60406FDCBF264F076F0C2F4C500C3F52F
:103A400026084E0DE6F5CEF2E70769FBF0FCEBF336
:103A5000E3FB9003B4F09C029EFC6D0BF1F6A3FA1D
:103A60006F0D6C08850E4013ED0AC805ADF7CAEA64
:103A7000B1005D1D2209D9078E17DC07A2DC96E292
:103A80003D0A8D0FE9120709F2F55BF0A5F737FF44
:103A9000CB00D5FCA30DE9F66EF1F700C602700E5F
:103AA0009BF9520E4AEB74E557FBE50C21FE8FE7BC
:103AB0004410A8FAEB01BA03CCFCE9064B11F4065A
:103AC00013FD9605DAFA0A08DF02F507E1FE26057E
:103AD000651232F815033A0909F848FB6BE088F2E1
:103AE000A6052F0ACF16850814FA3AF6AC11101560
:103AF0009F19471892FDE3FBD90337F0B613260D43
:103B0000E5F7BCFE5C0443F8AAF18D0243021917E5
:103B100010005005B20981FDE0F4620B2701840218
:103B20003902A309E8EC6907F9088105760A5BFC0C
:103B30004D0E0012BA02DB0B3AFF9D03EFF84FFC6B
:103B4000171221FCB110A003680A2F16B6F93DE444
:103B5000040752FE1216D00A0B100FF9C7DBACCFC8
:103B600052F7B70344133600D9F618F7E9F133FAE0
:103B70009EF567FC97F4D5FCCAECF4F87FFC01F3E2
:103B80009AEF360149F00EF348FCF20A68FCD102C4
:103B9000DD0E72FDB4FE9605CF06F90979019BFE94
:103BA000C6099C0655F7D4FAA9F502F77D08C403A7
:103BB00034093F22FE0A92171EFB72FE8901C9FBDF
:103BC000E50E8D06A7FFFE071B056102CC116223DF
:103BD000DB16EAFB6CFB2B0404FA48004814D108FE
:103BE000DE03E6FD1009E50E42F960F33E017D0EAD
:103BF00048072F0127F9B1FF8203EDF894FD2EFC51
:103C000099FA4900F0FEA0F743F6DEF880F291F54C
:103C100036FCDD05C3FB2E0361F53BF2C004E7F77C
:103C2000A400C2026CFF0B08F5F63F0DBAE48DD874
:103C30002CFCEFE9DD089309D7FA4EEEEAD514E73C
:103C400050EE11F6E909CF0491F8A5F0F6E85CFC16
:103C5000F9EE53F3A0F90F07DEED85F8F30071FEDE
:103C60002BDE9100E2023DF24BFD03037EFA0E0AC9
:103C7000A9FC690914ED13F7B10588F9D2FDD9083B
:103C8000A90653F984F83A0340017CFC8A0775F8C9
:103C90008FFE76FBE3FD56FD0B04AA0369FC40177B
:103CA000400E5E07CD0622007001DE04E91F260BE0
:103CB0006AF9DB009111851751F563FE8A0098F6C9
:103CC000730A05090A0CE01B5FFD4AFDA700D3013A
:103CD000FFFE1DFBC906D90D6EF990F0F0F47EEEE3
:103CE000F40A210BE6132D081FDBFFE64DE38EE2FD
:103CF0006FFE4F08B3018A08B8FD1AE3B5EE3EEB3C
:103D00002B0F340A3805D914F3E0EEF3F4DED0DBE0
:103D1000C7FE2BEC8515F6262AE7F2EFE0DBDCEA9E
:103D2000BEDE79E94217F713C3FEDDFEB0F0F2FA0A
:103D300065E099F7A10FB5032CFE63F6D8F25F0C8E
:103D4000B800B9FB6118A3EE13091708DA0DB8FE25
:103D50004CF56F070CFC7F02EBFA1B09390620F6C5
:103D6000BB0829026800B5FCE50566F9AA05EBFD6C
:103D7000EDFE75FA1EF71504A5061EF9CDF5C3056F
:103D8000470149F7AA0587F7C0058902CCF02BF94E
:103D9000040225012F0177F39202B10242F9F806DD
:103DA0005EF501EDA1F6CDF58C07F2F908EE2000E5
:103DB0001EF471F370FBA40637FDC0F350F079EDEB
:103DC0007A03DCF439F72701EBF492E418E591FD6E
:103DD00063E9FFF677F17310ABF7A7F0F5FB43F655
:103DE0006A071EF90417CF1373F43FEF5E138703BE
:103DF0006CFFC0FACE0D5C1101FD7B01E3E6C3EC64
:103E0000F6EEEDE00A0A72FB870144004EFD18F65B
:103E100004F2D8FE59FD01F80C04F9052F0FC50472
:103E20004101BFFCDCEF10FC5AFD050296F7FA0ACF
:103E3000DF0412FFA207EFF92509E7033202BD08EC
:103E40006DF7B1FE3401C903E50713F788049BFB46
:103E5000600927FD62F7490149F6CBF6E0FF18F843
:103E60004E12D720C800B006350875FA7604FB0359
:103E7000C212E20B05FF400101020E054F085AF97C
:103E80000D124903BB00F8081B049A0A70F644F2AD
:103E9000490AB20A4BFC4C0671FE2D04AC08B2FB79
:103EA00060038422560741FE9EFB7CF867EFB10950
:103EB000F2FA55F0A30A51F51E0247FBA2F33F01A7
:103EC000D708EA132AF84C00560AD8F9F7F92BFD5F
:103ED000050326F703FCAFEC50FE43FB0BEACEFCD8
:103EE00050FDE102ECEF5CEB1D01CD0181F8650AAC
:103EF00068FBE40D0FF32DFDF1F64FFEEFFA91F79D
:103F000045FC76FAEA0605F8BB05BDFD4E04FBFE4E
:103F10005200FF09700185FE5AF912FD6D04750209
:103F2000D3F74C069CF907FA8E00FAF714FA5CF600
:103F300005042208D2083FFFEEF736FC81FAF3FAB7
:103F4000FEFD3308EE08A8FEEC0494093D07FB02D1
:103F5000D3F803FD9CF71B0620FEA7FF0AFCDA023C
:103F6000C1F7EBF73809DBFC8DFF25F66402CE03C1
:103F7000C0F64FFB92FA4CFC3602A2FFB50991F74E
:103F8000E40AA801C4021C09EBF6E4F804FC15FEDF
:103F9000C10067FC29F67202E10C12095E00DCFF29
:103FA0005BF98DFDCB00F3065600A1FC7305B8F755
:103FB000A4FBD6063D044509EF013106B70380FE98
:103FC000BAF57EF9BDF564FC5DF6E3FE4705B7087A
:103FD000AC0348F9D809E2F8A902F40915F74CF83E
:103FE000E3F56A037A0383F7AA096F072E09E70648
:103FF00083099105F8F9B5FF5307470596099FFF17
:104000002C01A4FC1301FEF53603F2F57E09200312
:10401000DE035DFB9C0849044A069E03CFF58D0430
:104020004D09DA0594FB1600660927050600B50060
:10403000AB15C806DCFE7AFC5FF491F483FDBFFD8E
:104040004C03291BDFF917F837F5D2F44FF3D5F7F6
:104050004D130B04E201AB03B405FA0A18FFD30CAD
:10406000E304B505BBF74A052D0794026D0B870CD9
:104070009BFAD4F3AE09810307F292062C03C00821
:10408000AAFDE7FFB1FE81F9F311470C1F16F605F3
:10409000D207AB06FAF8D401ABF883F7C8ECF1FD10
:1040A000FB112F1344FE4CF538F96800F6F800F0C8
:1040B000E1017512F00617F8BFF806FD17F03F0092
:1040C000190AD9F7300809FDAD00E2058D000B0093
:1040D00064F7EA00E703C5FBC005090833FA730279
:1040E0008BF8E901A0FC8E0957FFA1F7E108D8F58C
:1040F000230847007609EBF7C4FD5502F0FE2B07B5
:10410000DE024109C80663048C0AF7025604AFF8C0
:104110006211C005DEF12EFF9AF48C0307F767FFEA
:104120005F0F1A036BE899F71505C118E30338EF21
:104130003C123A0C3E02BBF83F0EC10CEAE911FFFB
:10414000810E521683E3EEE94D1DEBFE48F6320771
:10415000711145003CF1EE0892124D017BF185EBA7
:1041600021007DF9EC047AF50EF636E83FF4D2E44E
:10417000BAF41D01580252067BF335F299FC15F092
:10418000C900DE0D2EFBB703C1F40401CBEDE2EC58
:10419000E0FFE508AD0217F7650E250902EDADEA6F
:1041A000D004F304B803A9F84B05200452006304BB
:1041B0001CF88EFC3BFE3EFDDD09D9FEF4023907FA
:1041C0009200A4F54EFE8F05DA037CFE7BFF0FF90B
:1041D00097F019FD270D320312F04A007CF5CD123D
:1041E00052F7FE088601B501EEF850103B0A280090
:1041F000CE0D6E16A20D0813AFFF5E1EEAFC86F30D
:104200008423350C1D0F18E93605780534F3AAF41C
:10421000FD0CB914CEFE30F0640E721F2EEB0CEDC7
:10422000B40D6C10FE0443F4C30B4004B6F908FE51
:10423000AF10E8FA57FAFAFF570FC60873FEB5FD3C
:104240009BF9C60B8B01CCF8B5053CF7040268025C
:104250004E0C93FC7601B9FFC7F45AF16FFAF4E6FD
:104260001C043503CA094009F3F2ADF35BF4530AA9
:1042700022FB42F887089F067804560513FCD60DEA
:10428000790789FD00FA18FB8A0D4DF2F904A9029D
:10429000C90C5DF860F17CFA0D0940017E05190238
:1042A00000F77A05C5F7D3038E00F5FF04FB2E0057
:1042B0009EF1FB0A970D47061DFAC2FC18F1C4F6E1
:1042C0006012A0100119E5088905C313C3F8BCEBFF
:1042D0009F0E230EAE0EAB0B0C0F5909C1E9FEEC7D
:1042E0005A0A65FB8C043E06AB08A609EBDF4FEDCE
:1042F0007006E009EE10350D8E15B107ECF0C8FE22
:10430000110DE008FE17F60A2512850C0EF7B10B09
:10431000E10896FB3E1B8214D10D8D05720C110E27
:10432000F0F342F86016FD0BFF059508C8FF49023F
:10433000F4036DFC9D140D19360374FF8B043402D5
:1043400048FC42E4AB0816FF46FCDFF4FE06ADF77E
:104350004F0238F3EF0B5BFBB0FC0301ADFE7409B9
:10436000DDF4BB09E713D9021F00040139128B12D7
:10437000340CA50E5F0EB70B17F74B0F160839025A
:10438000C9F58AF51BF90B02A3FC92FF0B04F8F99F
:10439000D0F4FBF083198106ED02CD0E24F3C6F4B0
:1043A0005517EB06601A9AFB560678F364EF29E47A
:1043B000B00DBA056B0A340A85FCF80355F026E9FE
:1043C0008E04CAF70B040CFBE5FE7A03D0E69AEEE6
:1043D00048F84E02950A710D0B0DBCFAFE001C0345
:1043E0006A10DF030717FE11DE0E54055C0AB614CF
:1043F000FE00CAFA7E0129FFD10B77020C19B70221
:1044000041ED3BE74B096B0B80FFD80B7DFFEF06BF
:10441000ABFC12FDAA04F6113A09FB103FFF94030E
:10442000D0F7A4F7CE05B6FCB90BDF04770FE3088D
:1044300061F0EDF362F7BCF5B5FB740BA2F51DF767
:104440000DF800096BFB071DD208F20D2A073E0E7E
:10445000AB05CA0817031502CC02B607AD1249070F
:1044600079087E073BF9CFF181032504D101B5ED31
:104470000509E4FE90FA2108890472052F0404E579
:104480003E1143FE0FF11EFA8FFD05FAD8E49CE3BE
:104490005EF905F8A2042AF9FC06E9FCEDE3CDE893
:1044A00031F88E0587FBC10D58FF57FD5EE8F8F720
:1044B00042014006EAFF25047C0542FD11FDA40EE1
:1044C000C90DDE0B760B36123E0229F6040DAE0B3B
:1044D0000606EC057005940008042607700D7402AA
:1044E00059049B088812F3FC2CFBDA06D9FF050B54
:1044F0005FFAD0F6FBF4A9FCB901D5043210C20270
:104500002BF654E9B1F6F2FF35FA31FC5C0D1403D9
:10451000FBE449EA95FA8AFD7AFF14FDEA0379F78C
:1045200065FB6410A6FC4811C5F985FCD6F076FB46
:10453000AFFE5509B507D7078BFFE50B47F65CF6CD
:1045400048FDB70C4906FAEBDFF8CC08A1FC90F166
:10455000DDF62BFE43EF69F111FEF70754F592EB00
:10456000D00F63F851F9B308F218C10527F0D8D974
:10457000DF00820564FE0BFA6CFB30000EE274EA89
:1045800046027206830AAB08C0F732F8F0FF40FE1D
:1045900023FCF8040EF8B4FF59F4BAFA610BEF05E6
:1045A00028FEBEFAACFD2A0871FD5EF75B0BA20681
:1045B0003E10BD077B0A9810DC01F805DAFB81107C
:1045C0005F09F704550238F46705F0FC0E06A20AED
:1045D000E70288FFBCF12CF5BAFA2404C201100BE3
:1045E0007BF57BF193F13F00BCF4F5FE14F9650512
:1045F00028E3BAE363EE27EBAE0552FC9B004611BD
:10460000ECE7F602F0F93E111C0A9BFFF1FD4A06A9
:104610009607D402BAF759F32D00780C72E950F6D8
:104620004BFD43F379FFB7E12E085AF35C0508F41C
:1046300047F0F703C1F028FF14FC1308130302FB33
:10464000FBF9A2013304F5FD7813B1FCD7E788EE3E
:10465000FC01150398FEEE068EF7AC06DEF589F335
:10466000750E62FEB1FF33F95C0135FDDC07630FA7
:104670006D00A3F986088BF794032DF4B5089A0111
:10468000D70131FB9BFD6F0506FC6A053201E9FF8E
:1046900054F854F968F6B1FD020319FEC402D902B8
:1046A00054FBA4F7CE0140F8B20DCC04370A8A08B7
:1046B0008C0563FAF9F52506CE0539F8DA063400DB
:1046C000D4046E0607F499F75AF9FC02E1052C0FA1
:1046D00009047EF525F3EBEBD9FFA5FA69F8E210A2
:1046E00086DE84EF9EFF3E160CF2E3076510FF06A0
:1046F000E4053703AB061B087E03C0F25EFE23020F
:1047000003025BFCAFED3AE51CFA8EE2B3F3CBF4A7
:10471000F90455080DF565FCF1028403FEFB37FB37
:104720005104E20072F778F3620A5311EFF0D4F902
:104730005103331269FC4F096A00BBF1CCF757FFF4
:10474000161187FDDD0D3BFD68F3A6F5FE05530C44
:1047500050060AF7EC11FFFD71FCA4F97B0AF6067E
:104760001AF514FA07F844EEBC004007920AB6FFA7
:10477000E8FD81F77CF80DF80702D702DBF931F686
:1047800006FC16FE2FF9AD01D5FD3109A7F152F94E
:104790002C08DD0E9601B40478FD35F7C303FB0643
:1047A000C8077D07F905C506450D51FB9C0AD5FDD7
:1047B000571962064DF785F13F0241FD5DF5C50DC4
:1047C0004BE5AFFA08F624FB72E6D3FDF80CEF01D7
:1047D0007AFF350D1D0BD3F32CEF94F6D806A7F70F
:1047E0008EEE8CF611F90DFC32F746F72CF63DFBF8
:1047F000D1F15C10CBEB48FF46F39F12D2044CE69C
:10480000A210050B20ED86EAEA0C9E0A030879F94E
:10481000130AE9157C00FE0539FC0901830C0EF929
:1048200051FD33FE610E42FE27F3040198FF8B0316
:1048300099F826EF95FD860890FAB1F81706AC01B5
:1048400003F1E5EE680611E7AAFE3E04EE02D4FA93
:1048500004FA27ED47F8DBF7160372F9AD03C0F24F
:10486000480419FFF007B804DB005D0350EEB60002
:10487000C9085D0E0E1C4D1801002601A50283001B
:10488000F50D900E540E2DF6FCF19403EB0B0FFF7B
:104890005014CE172CFFD6F3FF07D907F3046E0B85
:1048A00029F25AF2E1D872EF2AEEBFEFA3084BF9D2
:1048B00013FC7308930BA30C7FF6BAF6E3FC170DF9
:1048C0004AFB1EF8A4F881F339FB4C0AC4FA64F7DA
:1048D000A6F0F80E8EDF6BE3C5E5DD15CAE3A0F7A1
:1048E0008E0CC618F8E5DFE0F6089D081BFA21FBE0
:1048F000710CFB0B6AFCBEFDA8F9A009320EC511B4
:104900002FFA40009405EF00FBF92CFBCD14450471
:1049100035E938E8A0F752FC61F7AEF516F843FB2D
:1049200046EBCAFDF300A0118D08DF0370F5A3FD6F
:10493000D9018706BB137F1914F722F1AF04A5F53F
:10494000420BBA16F013141DB7045AFBF7FC7BF4A4
:10495000791590184315AE0AAA033C033800840C5D
:10496000D512F308A6132EF347017B060A03C809E4
:104970009714980A7EEE5CE6B6FB74F63A0C000DCE
:1049800014F61FEB2EF1ECFB0F0003F08A190E0C4E
:1049900000F61202440832FDF4E8BADC8316020382
:1049A000D1FE180236FBF3F03EFF9EEF29FEF9FA26
:1049B000CAEBB5039DF13BE6BCEF2108D0EACA0B78
:1049C0009D0D8A1294E0F4D838F4EC05A607301057
:1049D000310204F4B6F913F830FDAFFCD1185F12C0
:1049E00037F595F78202D2033EF9B9FA850AF50A3E
:1049F0005BFCEDE49F0201108802FAFB0F04D0F487
:104A000044F43FFDFF0F0224F704BB117BFB940924
:104A10007E13B51286201C27E90072EEBE02AEEDB1
:104A2000240C18141F1A650EA9F0AEFA36FED50A2A
:104A30005015F50CCB06FC054BF8D312A001BE04B3
:104A4000B1070F026CF682F6F60A7F06D50E8C0CC3
:104A50000C184B15C8E681E8DF0C7AFBF50E501BED
:104A6000620A0AF5FAE246F785154BF2211CCAF3F1
:104A70002CF1C3FE52F54A0033EB01ED55F313E779
:104A800078FED9FC3F0575F852008FFA6F02ADF53C
:104A90005EECA302BDF542EB54F088F386F74B0AB7
:104AA000DE08220DCFDEDCDED7F530064D09FD0530
:104AB000F10B0BF86DE8B5F8C90F550ADE0F4D0E76
:104AC0003EFEE8EE8FFAF903AE06AD018BFFFA0B5E
:104AD0007AF142F5A1F79D0794FB831128FF73FE3D
:104AE000F4FE1912BD18FA1CDE0F4A194D038C0092
:104AF000A118DC076B2B49180707EE021D0347F8C6
:104B00005311000FB50ACF0B8102FE0838F2AEFF39
:104B1000500715059A0238F3B302DD06DBFCA30447
:104B2000FA048906C9E61BE744063107BC0BDF001F
:104B30005606B313FBE6CDE610147D19C2095E0DCF
:104B40005F11C4F3B3F41CEC5B0F6F0597F1FCFE2F
:104B500095E58AF7B6FE75F78C10EF1543046B07E1
:104B600078FB36FBB8FA3EFE7A052AFAC3037901D0
:104B70007AF91B07C3FEF5F965E1EAF688EF45050A
:104B800076F407F7B1E7A5E2CBFC6C02010DD70F75
:104B9000ECFCE1FDF4E374E99A00650C70039608FF
:104BA0003AF25BF9DAE514EB9307A505E00C090E80
:104BB000F7FB3AF5D3F2F405CA07FC0B5B03440F8D
:104BC000AB0E4C19EF047D0F8B12E50AE20770FD66
:104BD0002E1AD5185A174C146111FDFD8C06960635
:104BE000FC02D804220B3BF82DFAEE01B6F0DCFAF9
:104BF000E0FB89F780E2CADA5A0F0901EB057D0B69
:104C0000EE032B04E5EA12E56AFF74033FFF400B55
:104C1000B801840421EA56F23902CF0109FA7E056F
:104C2000B5F5E9052EFF88F8FF0CAA1C13F7DF0085
:104C3000ABFA99F29FED77ED081D5D06A2026D06B5
:104C4000CBF9B60721FBBC097A005CFDB6032B0546
:104C5000FF02FA0847051FF66C097209B3E3A8F6CC
:104C60008FFF0902DDF56AE21FF6B600CE0A380EA4
:104C7000CAF824FBDBE33EE68E0B450FE1FC2B0973
:104C8000A7FD63EFD0DB00EB60086CFC6C0F8707BF
:104C90003EFB96079CEC8704BAFC4B1808FF62FFAA
:104CA000F60E430AE0FB2B1965113B198AFF4809F0
:104CB0009909CE0BE3153AF8A7105B0DD1F88FFDDB
:104CC000180632F9EAFBCDEA3508230583F5E0F54D
:104CD0004EFE3E04A0E152E539FE4A07AC07D2F889
:104CE0008802BF09B7F11BFAFA1132FC6004F2FD29
:104CF000D60339FAC90617FB0903A705FBFDA8FC73
:104D00009FFC5C058E001F02E60D271D85FFA10B91
:104D100026EC98F604ECE0F5A31479195DECCCF4DC
:104D2000CE0AE40ECC00C8054EFBFA0DE1F74EF9B1
:104D300091FE140DE711A7FCF10A0D0E9DF301037E
:104D40009002CB02DCED70D85303CCF92E06EE0BAB
:104D5000CC0210FDF5EE50E9C7FF970FB80E180B07
:104D6000A2F583F09DE7E7E0450C2504EB0942FB43
:104D70000FFE6FFC9EE92FF3BC1724183806920330
:104D8000CDFAE20A0FF65CF7AB17BA16431256FFDC
:104D90001903CAF7DAF5A2F69308E30A61045B0285
:104DA0008F0021025AF75EED0C0CF3050A05D4FCC6
:104DB000BA0AE0FB3CFCADFB3103BD0553F4BEF089
:104DC000EC0168041AEFC1FAC00A3E09A30720F9F2
:104DD0006400B7F32B00790BBB070F1281FC33FD86
:104DE000A5066E04E20E6DF8F514112548F50305CD
:104DF00025E5BBF237ED29EE19218F101FF59DFC3B
:104E000091F8540838FEE304B4004F002E032CF050
:104E10001C00CDFF1B0ED808970C7E0C81FE20F6DF
:104E200069FE1101DBF201FBDDFF88F93C0E130F77
:104E300021F634FB03F664035D04BC0DD409900332
:104E4000ADFFDEECADFEB9EBF106B1101106D50CED
:104E5000C4FDFCF89AE930E1460CBB173D168811F9
:104E6000F2FBB8FECCDE8EED8B168A0EDBFFDFF098
:104E70000EFC7CFA7FF12BEA5C0208FB5AF6060670
:104E8000F7F9860663F54CF92C076601F608DEFD96
:104E9000D50CB207F0F77A01E8018FFE7CF6AFFA85
:104EA000E3F057F5EFEAF0F736FF84011EF93DFB1A
:104EB00095F59FF239F8C9FF9C0FAC0D0DF65FFD1B
:104EC000D7F4C7F98E0464DF360291043AF137F162
:104ED000ADFC45EF05EB02F524076825BAF0420A60
:104EE0003C0E5214EDECC00DC0FA4902880787F45D
:104EF0003511C6165D0FE607F5F8710D2BEBA5E829
:104F000093FA88F7E4058D0FD7FACA08EAFBB007D1
:104F1000EB00CFFC1E0E8203630482036907DD09E8
:104F200055F4D8F2EB0364F1A7FD7DFDD007AD0683
:104F3000C3EE59F654EDDCE97101F90FF909AE0938
:104F4000BEF658FD8FD688EC51071F08C0F771F4E4
:104F5000A50193FF35ECB9FBE6068EFC08F842FA92
:104F6000D0FE7A05EE0043FF080912FE46FAE9007A
:104F700020FA0B0D9EFBFF0679FBC6010AF65AF9D3
:104F8000560105F57BF4E3FA0CF550FB3AF3BFF854
:104F90003BF4ACE0CFF2F209D410AB0F02FBACF85B
:104FA00019EC16EFFFFEBDE3F0F4F2FA1BF26EE52A
:104FB000B2F442F38FF853EE22F27700D8E4F4F61D
:104FC000D30287FE68FCD4FD4EFEC4F8F8FDA1F7BD
:104FD00006F96DF9C6F899F9DAEC1B06DFFC22F543
:104FE0008901EB0181FED700850F960474072D031C
:104FF000F70587F9A1066306E4FFF70CA40BF70594
:1050000044EE63FF9F0083F1A4FC420420060DFFE1
:1050100017011CF244F392DADE112BFF72104EF7E7
:105020007701A1FAE7E485EA5FFBD20E3303C4FB04
:10503000FF07CC0EEDF38AFC69FD760C90F489F540
:1050400099FD2D012203A003CA065305CBFFE7F605
:1050500029FEA8FDBA06A1026A02B106B3F96A07E1
:105060009C01D8F708FD6BFA4D079F088BFF86FC63
:1050700083F762F0D5F82B0C47061701890E7DFFE8
:10508000FAD68DF2C104AC029CEAC5EF72F3FCE1E2
:105090003DE90FF9C0F989E9531A860797FCCEFE5E
:1050A0000C0AFDFAFBF9C401BA09CB073DF8B9FEB9
:1050B000D6EB8A046DF263099DFF2018BB0CED024C
:1050C0009204F90A2E156D07BF044EFF5D015F0EB5
:1050D000B608ADFAD007DE071D02241180F8B90426
:1050E000DF00C7FEC40342F99FF9CA0CDF0FB5F910
:1050F00044F2BFEB5EF725EE88102B08D60C59055D
:10510000CFF98402CFF71DF8C8090D06C4F804FED4
:10511000C20F0F0729018F06EC0F96FE97E5FCFEE4
:105120009E0DED021001A2FAB2F9A70724FED0FDF0
:105130004CFF6FFF72FF7409470C0AF98EF029FAD1
:1051400004F620EFBC0A5C06D913480EF5F771FC93
:10515000F2E405EE36FC83FDBA01A507DEF8C2F6DF
:1051600008F2EDE953FF56F91BEAB4E64DF73AF1C0
:10517000C5FABE01D1EF82018CFD3EFFD9F241F2AA
:105180002CFD10F80A0B6213AEF8920A43F878046B
:105190004501D6070E067212181CCB1CECFD270326
:1051A0000E05DDF1241CFB16200880EF9E0CD007B5
:1051B000B2096DFEC7080913B2014813B104CD0E40
:1051C0003A05CDFACBFFCF003DFEDF0C0E0A8D1065
:1051D000DAF7F7F81D0C79FA4E0C13045CFCA20CFC
:1051E000AE021CF54EF76F070701A40304012DF36F
:1051F0001C0C9DFB27FA5E091E0B68FDD9F216FCFC
:10520000B4FE8BFF57FFEC0209035EFDB30580FD82
:10521000470214012F0AEB038D08980831FC91F620
:1052200080FC52E7C6F80B00D5FD980331F4B9F3C2
:10523000CFEEDDE4CAF1D0F3B002F20162FB0A085E
:1052400080F514EAB2DFD0F474E4D5EBA00434F7AF
:1052500023F8A001DEE465F6C018D206C2071CFEE2
:10526000E303DD023C044C0B5500F8026F04C3FF5E
:1052700086059310F7F9710EB71B492257FF781472
:10528000EA02EEEF6312410EE003EDFC9BF97708B2
:105290004200FB027C098E0DDB001F0B510F8907BA
:1052A00022070F026D0D970A5006CC0A7801D0FF35
:1052B0007104C0FAA405880D230B10063B0680FC80
:1052C00036FDD2F77A07D5038B07660ECB07670842
:1052D000BAF9410B1103070937F9710219084FF7A1
:1052E0001BFA7704BD01BF087004B1F796046EF590
:1052F000A1F7EDF7820D63FBB6FB22098FFBCEF31E
:105300007EFE52E9F305C0F091F89B05AEE8A7EBED
:1053100044F269F8DBEC7CDD8F0867033CF5B208EA
:10532000E4F2C8EAA5F55EF99EFC5FF6F709030012
:10533000CCF4A1087BFEB2F687EFFBFADFFCC6F7E0
:105340005803E407D707930140F9C402A3FEE4F829
:10535000B40EC8074F07E01A83140218BBEBA60A65
:10536000DBFDEDFCEBFE2FF7D8F18EF70F023B03D0
:1053700057F47401A2F6B6FAD7F9FC0D4FF90C0BED
:10538000F6F83CF690155B00E9146F00A210A61029
:10539000FCF6AFF6BD14F007210F72134A09E608B8
:1053A00083FBD4F4C10E4004F9FA3408700DED0FFC
:1053B000CEFB93F31E08B408C80BE503CCFD8206B0
:1053C00022FA84F05E0CB405DAFB8C0BF7FC3AFE93
:1053D00073FCCB080F0C1B044412A200DB05D3F4B2
:1053E000DA0505FD85048EF189FEAC15E9F89EF716
:1053F00009FCFEFEF8E9C3EA3A10E3F6D4FDF41521
:10540000481097FCAAF85E04DEF84A03A90F960C30
:105410002FF3C0077BFCE001EDE5FE033BF5140133
:10542000E9FBA5FCC6FBEEF9D2028DF70006F5FB01
:1054300004055209E005490D81F153062CFBE8E60D
:10544000CD189F078F05BE0012F436ECEDE671F61D
:105450003F04C40FB0F2320DA00388F573EDFC04D5
:105460001EFF56FD540C38044C039700170646FAED
:105470002E089C087906B30B920280042DF93A0499
:105480008AECDA00050185047A021EFE160BA70CD1
:10549000B3FB31FCF702B8016A037C06880A730388
:1054A000390C39FFCC0F1FFE4610260A5006760332
:1054B000280E8F00380E4BFD40093AFE530079FF4D
:1054C00075083707610039F6380A680D6D0AA6F6C7
:1054D000F2F6130F35FDDA02BB0416F559065C0D22
:1054E000E5FFC8F979FFCD017A03421A2CF9A10131
:1054F000B304C008B400B9FA1704ACFAD5F38100BC
:10550000ABF6CBF680F7E205CBF79E04ED0316076A
:10551000E20041F1A7FA01F44D0B3BF86001B80538
:10552000AB0CDF233DF568F393ECB40104EEFDF61C
:1055300099110E10DFFFB5FD8CFB6C0888FAD5F1D0
:105540008018E1184608D90F2DF469FEEFF1AFF38A
:105550002520FA131B11A301F900A8F11A011BF071
:105560006817E1042604AB041AFDC9FD9DEE81F322
:105570009C07510B4E0845091B020AF37EFF4B0D99
:10558000990666061310D9109EFA4E01820BA409E3
:105590003013DD1AA10A3C017B0325FC4CFF320BC2
:1055A000DD054C03F2F1FEEF46F014E62709600535
:1055B00063FAEBFF7DFF92F4DCE2CCEE55F057FD91
:1055C0005605D10668FB770645DEDC04C7EC870587
:1055D000FCFE08F71EF901FD550BE4FF65F7F6FE2A
:1055E00008003AFC5B058C02DCFF6CFA90F8F805C9
:1055F000F0FE74F9F902D40BAFF951F881F51600F9
:10560000FA0B220F660C69EBEB151502BC0DDD09D8
:105610008B181521DFEF1308BF051AF69203300926
:10562000D01FA0147109F20BC0F414F122090DFB74
:105630001E17011B810B0B0E1FF964F3D3025F08C9
:10564000EF14BC202A01F5FFD0F0C6EA590311FF80
:105650009B1F740A040F48FFADF91EE08308E2089F
:10566000C11DF9197B0F250C26F573F665FC860222
:105670005A178412B0075FF7CEF3AAE78E025C03D5
:10568000A516191CAEF899F740EA46FCC009B00C03
:105690007C19620B6DFF750006F456FA1E021D00A0
:1056A000B2146D065EFC74FA96F6B5F506070AFAB2
:1056B000A5F9EFFE95F9930472FF66066A0AAFF545
:1056C000CAF51DFB2D08350332FDA5FA40FD5AF63B
:1056D000B6077C0627083D09D405FEF785FFB30110
:1056E0009CF93BE7DEFBBDFFAEEBFBE3C4FC7EEFCA
:1056F0007006240DE10135F8D0E978FDA301040E10
:105700005810FC0D05F058F628F3BFEA2503EF0802
:1057100082FA240886F51A000BE897ED6BF331F94D
:10572000D6077E03090280F7F7E9EFE512040D01C1
:10573000AB0A99FA2AFF320613E50FFB32039A0FE0
:105740000B00100920FF6BF725FA64F384FD47F185
:10575000F8119D0F6EFA06FFAFF9560D9404130F62
:10576000730329129EFE2303D5FCE2FE1308ABFB54
:1057700068167FFAD60667FC59EFA0F0D7FEAEEEAA
:1057800069043708DAF62EFB4C0571012B0873FE0D
:10579000A6F9BB02EF07BF0080084FFF36F93400BF
:1057A00023F8F7FAF91075F71F00C10BA0FAA9004A
:1057B00085FD71FD40C1DFDCCEC062DD271265D6FC
:1057C000A218752600DCA6B913C88AE262BCACE751
:1057D000DDE83828CD18AFCEA421511DB7105405EF
:1057E000F4058211A6CEA5214A210AEAD22B412B2B
:1057F000ABEB192116F70EEC6DD070DA1DEF9C267D
:10580000FD06E6F155B7650B1349E4CCF5ED25EA45
:105810009DED65EA36FC0AC3AD168211551730BD01
:105820004A13A7C029029F9FF2BCAA00CDED7AAA15
:1058300031E3942268E938C86D1C7018FD1D6A09AF
:10584000EB0AE51D88EEBF0649EE64F326F5EEEFA0
:10585000B1EF2506B0DE5819B413BF09ADFE0D2215
:1058600007FE3FBE321CA80D0EFBA8D2E9BE3317BF
:10587000D60C5B1050C621EED70A43DAFF01472948
:105880008AD455C9781403051ECA93F67AF59C107C
:10589000F8144E13DD0C4BDCE7165B01D20F5FFEF4
:1058A00055F2EA117E2164F9DEDEAE3200F69BDAB3
:1058B0000A0ED2CA61F6D80BFFC48905F1AFAB1A44
:1058C0001122F9EF26032F4283EAE21774F13C36E6
:1058D000A21BB80BC3F98821F6EC9800BC12582023
:1058E0007D195FE53102A00AE4D6D3D0BD0E84F065
:1058F000B9F9540E7A0598225D36A4199B1E06DF6D
:10590000FCA916EC3107E2DA5DC937ED6C14510DD4
:1059100014EE5FF040CE3703FE124BF7B8DAE546DF
:10592000A5D2DFCB0BE5813A1F19B0F1CBFFDAD05E
:1059300067016F0EE20A5418A80F4F032D1250F2A0
:10594000CAF929EED90124D29DFE79FB45247E3285
:1059500033213A0DB10530BF59E9400AF50800EE90
:10596000691BB236B6F058127AF818379F34C5D58D
:1059700029DB91D4DAF3710EFAF9502D5CE44DE78E
:10598000C31507E77392B40338F8EFFC1EFCC9F5A2
:10599000F1444CF9CB09C50261C681D0E5EFABEE0D
:1059A0001EEB7B1923C05D1E60FAC92331CBC904ED
:1059B000B218C3EDD61D62EF7DE43A0AAC17C81ADF
:1059C000F7EC0426CCC0F11B16E12BDCC21D2FEF37
:1059D000A0CC2C0A8BFC441A6E47DD41F5F256FE32
:1059E000AAA630DA0718D9F74EF02C0085E6AE10DB
:1059F0009CEF2C1C95156A0B6B0DC5F9551051E3E6
:105A0000CCE8E72D18046D102E070B16C419FBFA0D
:105A10006025B7F9A80FDD0ABFEEECEDF71ECFC584
:105A2000722D94B896CDB118A5F1E705AE3F8FE081
:105A300000EB1115AFF35ED5092AE5E6FB42320E05
:105A40006EFA5B002FF7C4FC65E8A320DFF7C0B255
:105A500080FA159EC7F76D0081DBD7F817F7A6CA45
:105A6000971B7FCCDB07E4FA03DFA115BA14C6EC61
:105A70004AE961BF22E70DC6C715DC1A4D0D891F23
:105A80006A1074FF3DF0B9D73B0B56F356DFD2E7EF
:105A9000241B64C2FAD942CBEA4D28EF40D685C018
:105AA00022256C1A9CD76CF61055171E63FBDDBAC5
:105AB000D8A39EF94EE24DBAFFED27FED6F443F08F
:105AC0001C236D15FE17201DDEEEC6C97D182BFCAC
:105AD0006C13D5E7E40DB38D6C0AA941BAF19503B7
:105AE0004DE5C1163A8DD603D5541730AF31DBCD15
:105AF000FCEE250EADD10B00B1D58D11C0E28DCFDE
:105B000091DE92DE030045EBDC1AF2BC560CF0DCB1
:105B10007522422DD5FB0316780AFB2BF7BE36C340
:105B2000EF039A1EA7FA7BFEA42131EB3FCC44FF82
:105B3000462012FF8724B02A14F84C0C26E957D2CD
:105B400031F73A237AFDA01B83001F192DD4DF9C67
:105B5000CBF307EFCFD0E7FEA41A4F0E5D1395FAF3
:105B6000AFE203E5131A5F1139DEE6FB82F7F9BFF6
:105B7000EA0B3A1B87D13B28EAEF1AD782F30AF7E0
:105B80008DC9FC0CA2BFF6C7BB31301B26065205DF
:105B900033DB69E883ADA50EF645D8E79E07EB2910
:105BA0003229AAFCE3071409471C0BF51DE1C6BD09
:105BB0000611C50B09E6E3ED3CDDA50270063FE5E5
:105BC000F3E101158BFE50C6E90D31D40AED9C209E
:105BD000F206F6261819F108A324C719FCDD1D0CDE
:105BE00083E873B4D0085CD0901AA42102EF1AB9EC
:105BF000A6F700D3E9BBD3D738161FEF1DE6E9D6C9
:105C00000CFD6BFA54F4BE24100F7AFA27117E1D96
:105C1000DEEAFCEDDB26E6C03DD2B5102FD68F269E
:105C2000072C613F651A3200E418851573D6BCCC89
:105C30009010EA0A48322D3B24EFF2F78728D1DB97
:105C4000410C5C3961FBFE0838F539D8F9D781334E
:105C5000BD05DA1302EFEFAF07AF33F78D195D1112
:105C6000B21D7BCAEB0D0FCE48EC1D281E1846EB6B
:105C700066EA400D60D6CE1C17E0493AA1E4E9EC93
:105C8000622A12FDA8147D3966066BF98602AB26DE
:105C900082C7E014790E5C15C220D4C572108CD076
:105CA000041EAC0AC1EE4BD316D9E5129ED2C8F140
:105CB00023CA4CE14410419F0502B310CD199A2923
:105CC000FCCA11D606170B158F3633E7431FEA249B
:105CD00017BDFEFECEEF032326EFE0AB5B181EB030
:105CE0001E0185F6C2F1730EF713FE19A30D3323BF
:105CF000B52B01F31818E021C8D957147ED64120DE
:105D00008711BF0C72249EC743EA0305741D460722
:105D1000B1F9180C49E508CAAF21CB037C20A81FB4
:105D2000F0DBBB2CBCEE00D1ADEE84D950098FCE98
:105D30005019C521AE014E0E8BA990210E0371237F
:105D40009F201C12DCF502EA73D0B1EA891A85BCE7
:105D50007A1B65075FF05B2162AFE21D6AC6EF1632
:105D60009B2B9CC8CB0AF6FEC1E414D866F79A17A1
:105D7000FCE71CF23CDC6D14EEFBA71DC8C52B181C
:105D8000A717E4CA0E06E63228F20AEF74FD0FD414
:105D90000B1F22E061F338187600CB091E0AE616C5
:105DA000CF291AB5AB19F30743CE9BCED4BB6B21D9
:105DB0002605AA177E3663E7F5BA571E301AD3E7D1
:105DC000401DB4F9A423C91C6ED2CB2FCFF79DFB85
:105DD00020F6BF3F83F4C80956EA85EEE52A20CBBA
:105DE0009600FFBFCD1124F4D1E78EF6BA10DEF194
:105DF0003ED7D5E4670697088AF07BBE12F6971B5C
:105E000074F240F3620843C9B3C801061816F404DB
:105E100026DBF8F8A81EDF0672201109B70A34C97C
:105E2000B1C720043E198FE2ECF5E5D0A11E86141F
:105E300099105F06C3E959FF541BA1A200FC60231F
:105E400009130709BCF5E507201D5D16F006790664
:105E5000CE17C2E996DAC4107B0BE2EBC1EFE790F4
:105E6000AD163DCCDC06E9F919F10713A2FB81055B
:105E7000970F8EB5921530E1950ED71225B2F3EB40
:105E80002EEEECFF41F89FC1ADEBD9EC57181F1176
:105E900039385DECDFCCB71DBA0E1FF95FFD522615
:105EA0007E14FD1785055BD15AEB90CAC0D2631EE4
:105EB000C7DC4ED8020063261213601D5C1F6A1CEB
:105EC000CDEB8318420C8510AEA2D70E14064413F6
:105ED00094FF2C10EBDB040C4E1C2A227FD375D0D0
:105EE0000A1139213BFBB5FC3F08CB09BCFCD00BA8
:105EF000EDFA0308FAE8DE0D450F12FE630E590DA8
:105F0000CE125C0F1216F21C7AD5310C7EEAE8DC58
:105F10005FEBBEFD20D958C857F4CB1E4D005BE0A7
:105F2000FC149FACBABA9CF805CA23B01C12B92263
:105F3000E10D10E2A3FC0BE10CFC1830DAEA790F5A
:105F4000B6A5C0E0DD0CABE708060708C7C6CFEA78
:105F5000DCB611F0301E8B16D2D1C51D7BD8721362
:105F6000310CD912EAEDBC18551CA4F3E996772D33
:105F7000AFC94E12EDB7FBF717F4D1F6381AC12F9F
:105F800077F9AF0D000000000000000000000000E5
:105F90000000000000000000000000000000000001
:105FA00000000000000000000000000000000000F1
:105FB00000000000000000000000000000000000E1
:105FC00000000000000000000000000000000000D1
:105FD00000000000000000000000000000000000C1
:105FE00000000000000000000000000000000000B1
:105FF00000000000000000000000000000000000A1
:106000000000000000000000000000000000000090
:106010000000000000000000000000000000000080
:106020000000000000000000000000000000000070
:106030000000000000000000000000000000000060
:106040000000000000000000000000000000000050
:106050000000000000000000000000000000000040
:106060000000000000000000000000000000000030
:106070000000000000000000000000000000000020
:106080000000000000000000000000000000000010
:106090000000000000000000000000000000000000
:1060A00000000000000000000000000000000000F0
:1060B00000000000000000000000000000000000E0
:1060C00000000000000000000000000000000000D0
:1060D00000000000000000000000000000000000C0
:1060E00000000000000000000000000000000000B0
:1060F00000000000000000000000000000000000A0
:10610000000000000000000000000000000000008F
:1061100000000000000000000000800080008000FF
:10612000000000000000000000000000000000006F
:10613000000000000000000000000000000000005F
:10614000000000000000000000000000000000004F
:1061500000000000000000000000800000000000BF
:10616000000000000000000000000000000000002F
:10617000000000000000000000000000000000001F
:10618000000000000000000080000000000000008F
:10619000800080000000800000000000000000007F
:1061A000800000000000000000000000000000006F
:1061B00000000000000000000000000000000000DF
:1061C000000000000000000000008000000000004F
:1061D000800080008000800080000000000000003F
:1061E00000000000000000000000000000000000AF
:1061F000000000000000000000000000000000009F
:10620000000000000000000000000000000000008E
:1062100080008000800000000000000000000000FE
:10622000000000000000000000000000000000006E
:10623000000000000000000000000000000000005E
:1062400000000000000000008000800080000000CE
:10625000000000000000000000000000000000003E
:10626000000000000000000000000000000000002E
:10627000000000000000000000000000000080009E
:10628000000000000000000000000000000000000E
:1062900000000000000000000000000000000000FE
:1062A00000000000000000000000000000000000EE
:1062B00000000000800080000000000000000000DE
:1062C00000000000000000000000000000000000CE
:1062D00000000000000000000000000000000000BE
:1062E000000000000000000000000000800000002E
:1062F000800080000000000000000000000000009E
:10630000000000000000000000000000000000008D
:10631000000000000000000000000000000000007D
:10632000000080008000000000000000000000006D
:10633000000000000000000000000000000000005D
:10634000000000000000000000000000000000004D
:10635000000000000000000000000000000000003D
:10636000000000000000000000000000000000002D
:10637000000000000000000000000000000000001D
:10638000000000000000000000000000000000000D
:10639000800080000000800000000000000000007D
:1063A00000000000000000000000000000000000ED
:1063B00000000000000000000000000000000000DD
:1063C00000000000000080008000000000000000CD
:1063D00000000000000000000000000000000000BD
:1063E00000000000000000000000000000000000AD
:1063F000000000000000000000000000800080009D
:10640000000080008000000000000000000000008C
:10641000000000000000000000000000000000007C
:10642000000000000000000000000000000000006C
:1064300000000000000000000000800000000000DC
:10644000000000000000000000000000000000004C
:10645000000000000000000000000000000000003C
:1064600000000000000000000000800000000000AC
:10647000800080000000000000000000000000001C
:10648000000000000000000000000000000000000C
:1064900000000000000000000000000000000000FC
:1064A000000080000000000000000000000000006C
:1064B00000000000000000000000000000000000DC
:1064C00000000000000000000000000000000000CC
:1064D000000000000000000080000000000000003C
:1064E00000000000000000000000000000000000AC
:1064F000000000000000000000000000000000009C
:10650000000000000000000000000000000000008B
:10651000800000000000800000000000000000007B
:10652000000000000000000000000000000000006B
:10653000000000000000000000000000000000005B
:10654000000000000000000080000000800000004B
:10655000000000000000000000000000000000003B
:10656000000000000000000000000000000000002B
:10657000000000000000000000000000000000001B
:10658000000000000000000000000000000000000B
:1065900000000000000000000000000000000000FB
:1065A00000000000F3FFFAFF03000500F7FFECFF17
:1065B000E6FF1700F6FF050094EF020094EF0200DB
:0C65C00094EF020094EF020094EF020040
:0400000320007375F1
:00000001FF
