:020000022000DC
:1070000000000420757302005D7302005F730200CC
:1070100061730200637302006573020000000000E8
:107020000000000000000000000000006773020084
:1070300069730200000000006B7302006D730200B0
:10704000399402006F730200719602006F730200A0
:107050006F7302006F730200F19402006F730200FD
:107060006F7302006F7302006F7302006F73020090
:107070006F7302006F7302006F7302006F73020080
:107080006F7302007D8602006F7302006F7302004F
:107090006F7302006F730200F1B002006F730200A1
:1070A0006F7302006F7302006F7302006F73020050
:1070B0006F7302006F730200000000000000000008
:1070C0006F7302006F7302006F7302006F73020030
:1070D0006F7302006F7302006F7302006F73020020
:1070E0006F7302006F7302006F73020000000000F4
:1070F000000000006F730200000000006F730200C8
:10710000000000000000000000000000000000007F
:10711000000000000000000000000000000000006F
:10712000000000000000000000000000000000005F
:10713000000000000000000000000000000000004F
:10714000000000000000000000000000000000003F
:10715000000000000000000000000000000000002F
:10716000000000000000000000000000000000001F
:10717000000000000000000000000000000000000F
:1071800000000000000000000000000000000000FF
:1071900000000000000000000000000000000000EF
:1071A00000000000000000000000000000000000DF
:1071B00000000000000000000000000000000000CF
:1071C00000000000000000000000000000000000BF
:1071D00000000000000000000000000000000000AF
:1071E000000000000000000000000000000000009F
:1071F000000000000000000000000000000000008F
:10720000354936480A1A02D0072291438D4634493F
:1072100034480A1A06D00722914381F309880222D2
:1072200082F3148830483149314A00F044F831483B
:107230003149324A00F03FF831483249324A00F0D1
:107240003AF832483249334A00F035F83248334987
:10725000334A00F030F833483349344A00F02BF811
:1072600033483449344A00F026F83448344900227F
:1072700000F02CF833483449002200F027F8334856
:107280003349091A082902DB002202604160314AB1
:1072900090471F481F49884205D00268043003B454
:1072A000904703BCF7E700208646EC46002000210B
:1072B000294A9047FEE7884207D0521A05D0037842
:1072C00001300B700131013AF9D17047884202D088
:1072D00002700130FAE770470000042000E003204C
:1072E000000004200000042020DB0200E82A002027
:1072F00004B90020D0730200D073020084CE0200D3
:1073000020DB0200E82A0020E82A002080CF0200CB
:1073100080CF020080CF020080CF020080CF020029
:1073200080CF020080CF020080CF02001FDB02006E
:107330003C69030004B9002004B9002004B900200E
:10734000C8770120C8770120C8770120C8770120BD
:10735000C89701209D730200E1A10200FEE7FEE74D
:10736000FEE7FEE7FEE7FEE7FEE7FEE7FEE7FEE7F5
:1073700000F002B8FFF7FCBF0F484FF00701884349
:1073800085460E4880470E48016841F4700101604F
:10739000BFF34F8FBFF36F8FFFF732BF09480A4922
:1073A0000A4A884207D0521A05D0037801300B7080
:1073B0000131013AF9D1704700000420B98F020071
:1073C00088ED00E080CF0200E82A0020E82A0020B3
:1073D0007047000007B5044B0093044A402300F0B7
:1073E00032F803B05DF804FBF173020005B9002028
:1073F0002DE9F84388461446B2B10F4B0F4E0325D2
:10740000002743F00109224608EB0701002003F0A2
:10741000C3F80744241A48B933782BB14FF47A40A3
:10742000C847013D02D13570BDE8F88301233370B0
:10743000002CE8D1F8E700BF80CF020004B900209B
:10744000704703F0DDB8F0B595B01D461646084606
:107450000C4601F0C5FC1A9B0D93CDE9086500258B
:107460002B46082205A920460A958DF82C500C952C
:1074700001F0D3FC079B0293069B03939DF8143005
:107480008DF8115003F00302012A1DD1BDF814201C
:10749000059DC3F3C203C2F383168DF81030B2000A
:1074A00008230EA9204601F0B8FCC5F3952508ABCA
:1074B0000093324602AB0EA9284600F02BFB204673
:1074C00001F092FC15B0F0BD022AF8D1BDF81650BB
:1074D000C3F3C203C5F389158DF810300827082DB2
:1074E0002E4628BF08263B4632460EA9204601F00C
:1074F00094FCAD1B08AB02AA31460EA8374400F03D
:107500006DFB002DEBD1DAE708B5FFF79AFF0448D1
:10751000042100F069FA034B01225A7108BD00BF33
:1075200070CF0200E82A0020037813F0040216D07E
:1075300003F00303012B03D0022B09D00120704775
:107540000A6800880232C0F3831002440A60F5E73B
:107550000B684288023303EB92130B60EEE7104690
:10756000704700002DE9F04F87B000230446861CC9
:107570000DF107000F4615468DF8073000F010FF9B
:10758000404A51683960936803F580735B1A9246EC
:1075900002F21C4702F5836902F21448B3421AD37F
:1075A0000020002D69D004F00F039B0143F0050378
:1075B00063F30F00DAF80430DAB203321E444AF8FB
:1075C00022009DF80700CAF8046000F00DFF0120BA
:1075D00007B0BDE8F08F0121384601F02CF948468C
:1075E00001F041F9404601F03EF9DAF80800029056
:1075F000C0B203300AEB800002A9FFF795FF029B9F
:1076000030BBDAB20AEB8202D16803919A1C0133D3
:10761000DBB20AEB83030292D3F80CB001F0030350
:10762000012B22D0022B15D08346404601F01EF9D3
:1076300010B1029BCAF808305946384601F0FBF8F1
:10764000DAF80830DAF8042003F580739B1AA5E70E
:10765000D8B2CEE7BDF80E30C3F3891303334FEA37
:107660001B4B02EB93030293DFE7BDF80C30C3F32F
:1076700083134FEA1B4B1344F5E7A40544F00600BF
:1076800098E700BF18BA0020064B074810B5002243
:107690001A7001F05EFB044610B9044801F0F0FBDB
:1076A000204610BD18BA0020DCCE0200BCCF02007C
:1076B00030B50A4C71B10A4A0A49121BD20800239C
:1076C0009A4201D1002030BD31F82350854202D0CA
:1076D0000133F5E7034654F83300F4E7F0CE020037
:1076E00070CF0200E82A0020094B013903EBC000EB
:1076F000032909D8DFE801F00A02040604207047D4
:107700000079704740797047002070470220704729
:10771000F0CE020070470000034BD3E90130C31ADA
:1077200058425841704700BF18BA00202DE9F04177
:1077300086B0FFF7F1FF0546002840F0E680744C64
:10774000C4F81804BFF34F8FA3680293DBB203336E
:1077500004EB830002A9FFF7E7FE029B18B1D4F8FF
:107760001824002A55D0DAB2991C013304EB8202A6
:10777000DBB204EB8303D268DB68049302F00303FB
:10778000022B039202914FD1BDF80E306148C3F332
:107790008917502F3E4628BF502666F38F1306F1F7
:1077A0000801ADF80E3001F0ECFA0546002800F0B3
:1077B000978001F015FB002303A90822284601F059
:1077C00022FB0299CB43DBB20133C9B20331B6EBE2
:1077D000830F4FEA830804EB810122D90823424634
:1077E000A6EB0806284601F00EFBF6B24A4908F15E
:1077F00008033246284601F006FB029B033703EBE1
:1078000097070297D4F81834002B41D1D4F81064AC
:1078100051E062689A4299D8A260284606B0BDE855
:10782000F08108233246E5E7012B59D1BDF80C3031
:107830003848C3F38311062928BF062161F3891351
:1078400002318900ADF80C3001F09BFA05460028A2
:1078500046D001F0C5FA0023082203A9284601F00A
:10786000D2FA0026BDF80C20C2F38312B300964270
:1078700003F10803C6D202994A1CC9B2033102922D
:1078800004EB81010422284601F0BDFA0136E9E744
:10789000284601F0A9FAFFF73FFF80F00100C5B2CA
:1078A000BBE7F3685B7923B1336829461B68304630
:1078B0009847F3681E68002EF3D1284601F094FA29
:1078C0000DF107008DF8076000F06AFDD4F8183458
:1078D0000BB9029BA3609DF8070000F085FDDAE775
:1078E000D4F8104454B90D4B0D480E49C01AC008C5
:1078F000000440F0020000F05FF8CCE72368204667
:107900009B689847E3681C68ECE7002585E700BFA3
:1079100018BA0020DCCE020024BA0020F0CE02000B
:1079200018CF0200A4CF02002DE9F34704460E460B
:10793000924601A9012218469946FFF713FE1C4FF3
:1079400010B3019D4FF00008AA1CC84508EB0201C6
:1079500025D11848002100F03FFF80F310000004FB
:1079600040EA1440E4006B1C04F03804DBB2EDB2D2
:1079700044F0010407EB8303033544EA881444EA26
:107980008624D86047F825403B781BB1FFF7CEFE30
:107990000028FBD1FFF7BEFE02B0BDE8F087C9B2F8
:1079A00007EB81015AF82830CB6008F10108CCE7D9
:1079B00018BA002034BE002000231A46FFF7B4BFD7
:1079C00007B50123019201AAFFF7AEFF03B05DF8EE
:1079D00004FB07B5CDE9002302236A46FFF7A4FFA5
:1079E00003B05DF804FB000030B50F49D1F8102456
:1079F00003460020144634B9DC6820714AB9C1F846
:107A00001034226030BDE4682579854206D02468B0
:107A1000F1E7D268116821601360F3E701300A28AA
:107A2000E8D14FF0FF30EDE718BA0020084A38B52A
:107A30000123D2F8104413701D4604B938BDE36821
:107A40005D71236820465B689847E3681C68F4E72B
:107A500018BA002007B503460846197A052911D03F
:107A60005B7A2BB1094A0A49019000F062FF019844
:107A70000849019000F05DFF019803B05DF804EB48
:107A800000F04CBF002AF8D0F2E700BFC8CF0200D8
:107A9000CDCF020083D6020030B5C38885B004463E
:107AA0000D4633B1144A00921449154A284600F095
:107AB00040FF217A05291DD0637A4BB1A088FFF7DA
:107AC00013FE104B104953F82020284600F031FFD8
:107AD000227A0E4BA08853F8222003920021FFF750
:107AE000E7FD039A0A490346284605B0BDE8304041
:107AF00000F01FBF05B030BDC8CF0200D8CF0200D4
:107B0000D0CF020054D00200CDCF020078D00200C6
:107B1000F0CF02002DE9F04385B01F460C9D0023F5
:107B200095F80C902B7306460C469046294638462D
:107B3000FFF7B2FFB8F1060F09D8DFE808F004122A
:107B4000181F283340003146284600F0F2FE00227C
:107B500029463846FFF77EFF85F80C9005B0BDE852
:107B6000F08322683146284600F0E3FEEFE7D4E9CF
:107B700000233146284600F0DCFEE8E7A3680093C6
:107B80003146D4E90023284600F0D3FEDFE7E3685E
:107B90000193A36800933146D4E90023284600F0FE
:107BA000C8FED4E723690293E3680193A3680093B6
:107BB0003146D4E90023284600F0BBFEC7E76369DD
:107BC000039323690293E3680193A368009331460A
:107BD000D4E90023284600F0ACFEB8E708292DE9D7
:107BE000F74F80460E4617461C463CD8002593F8B2
:107BF0000C901D7319461046FFF74EFFDFF888A062
:107C0000DFF888B0AE4231D918F805205946204631
:107C100000F08FFE0135082DF4D11949194DDFF818
:107C200070A0204600F085FE4FF0000B5E4522D983
:107C300018F80B207E2A05D81046019204F004FDA6
:107C4000019A00B92E225146204600F072FE0BF137
:107C5000010BBBF1080FE9D1012221463846FFF79D
:107C6000F9FE84F80C9003B0BDE8F08F5146204631
:107C700000F05FFECEE72946204600F05AFEE6E718
:107C800004D0020002D0020000D00200FACF0200AD
:107C900006D002001FB50021039001AA44F20100A2
:107CA000CDE9011100F004F805B05DF804FB000017
:107CB00010B572B6FFF7BAFEFFF738FD0028FBD10A
:107CC000104B114C1149E41AE408240444F001005B
:107CD000FFF772FE0E4B1B68DB0700D500BE0D4997
:107CE00044F00200FFF768FEBFF34F8F0A490B4BC9
:107CF000CA6802F4E0621343CB60BFF34F8F00BF4A
:107D0000FDE700BFF0CE020018CF020097D00200BE
:107D1000F0ED00E0A3D0020000ED00E00400FA0561
:107D200049B152B1531E1A4007D18260016083806D
:107D3000C260104670470E2070470920704710B58A
:107D40008468C2688388121B934208D3C2681340B8
:107D50000268D154C3680133C360002010BD042001
:107D6000FCE78268C3689A420AD08268838813401D
:107D70000268D35C0B708368013383600020704716
:107D800005207047D0E90223D1E90201994208BFDA
:107D900090422CBF012000207047000008B50B481E
:107DA00000F055FC0A4B0B49D3E900231218D1E926
:107DB000000143F100038B4208BF824203D212F15B
:107DC000807243F100031046194608BDF02A0020D6
:107DD000D8BE002050BF002037B505460C460A48E3
:107DE00001A900F068FC60B10570446001A9064873
:107DF00000F08BFC18B1054800F02EFC002003B009
:107E000030BD0420FBE700BF3CBF0020F02A00206B
:107E1000284B73B51E7804461EB90026304602B0C2
:107E200070BD0028F9D0FFF7B9FFD4E902239942C9
:107E300008BF904238D300230DF107008DF80730BA
:107E400000F0AEFA23692BB94FF0FF324FF0FF3349
:107E5000C4E902239DF8070000F0C6FAD4E9053012
:107E6000984700250DF107008DF8075000F098FAAB
:107E70002169B9B1D4E90223581C08BFB2F1FF3F10
:107E800005D0521843F10003C4E9022335469DF89A
:107E9000070000F0A9FA002DBFD00748214601F0E5
:107EA0000EF8BBE70D46F2E7013308BFB2F1FF3F22
:107EB000B3D0F2E7E0BE0020C0D0020013B5114BF2
:107EC00011491868019008231048582200F0E0FB7F
:107ED000044698B90E4A0F4801A900F0A9FA0446D1
:107EE00060B90C48012100F095FB01230A4A0948BA
:107EF000194600F0F7FA094B01221A70204602B029
:107F000010BD00BFBAD00200E4BE00203CBF00207C
:107F1000CD7F0200F02A0020FFFF7F00E0BE00209E
:107F2000F7B5054600240DF1070017460E468DF8FB
:107F3000074000F035FAD5E90223013308BFB2F15A
:107F4000FF3F07D1FFF72AFF801941F10001C5E982
:107F5000020101249DF8070000F046FA4CB12B699C
:107F6000AF6103B12E6129460020FFF735FF03B052
:107F7000F0BD2046FBE737B5054600240DF10700AC
:107F80008DF8074000F00CFAD5E9022301330FBF4A
:107F9000B2F1FF3F4FF0FF324FF0FF33C5E902234C
:107FA00018BF01249DF8070000F01EFA2CB12946E5
:107FB0000120FFF711FF03B030BD2046FBE70000B2
:107FC000014800F044BB00BFF02A00202DE9F74F24
:107FD000804600F027FB40B1634AD2E9003113F13B
:107FE000807341F10001C2E900310021404600F0F8
:107FF00028FB38B15D4E336823B13068FFF708FFC6
:10800000002333600121404600F01BFB20B1FFF745
:10801000C5FE574BC3E900015648DFF8509101A94E
:1080200000F083FB4FF0FF364FF0FF3798B9DFF8D1
:1080300048A14E4F504600F058FF002800F08780BE
:10804000D0E90223591C08BFB2F1FF3F34D150469A
:1080500000F045FFEEE70378012B20D0022B09D179
:10806000DFF814A1504600F03AFF002877D0C0E9AD
:108070000267F7E753B94168D1E90223013308BF2A
:10808000B2F1FF3F02D03C4800F019FF01A9394886
:1080900000F076FB01A9374800F047FBC6E74168CE
:1080A000D9F80030994203D10023C9F80030EDE738
:1080B000314800F01DFFE9E7396891B13968D1E92D
:1080C00002018B4208BF82422FD23B68D3E90223D0
:1080D000013308BFB2F1FF3F03D03968504600F0CA
:1080E000EEFE504600F0FBFED0E9026B8146FFF742
:1080F00055FE341A6BEB0105012C75F1000319DBF9
:10810000B4F5350F14D3FFF75BFF1C4A02441C483B
:108110004FF49603002100F005FA98B93B6813B9B3
:10812000404600F0D7F9C7F8009003B0BDE8F08FE3
:108130003246ECE71248002100F079FA4846FFF792
:1081400067FE01E00D28F9D000233B6072E7074B82
:108150001B68002BE9D1404600F0C0F9E5E7094B68
:1081600001221A7092E700BFD8BE002058BF00203D
:1081700050BF00203CBF0020C0D00200FFFFB40071
:10818000F02A0020E0BE00200648074A037807498D
:10819000D35C012213B1043001F0F0BE0C3001F0C9
:1081A0009FBC00BFF82A0020C4BF002084BF00206D
:1081B0000648074A03780749D35C012213B104300B
:1081C00001F088BE0C3001F039BC00BFF82A002055
:1081D000C4BF002085BF002037B50578012D0BD026
:1081E000022D2ED065B91E491E48FFF7BAFD0028A2
:1081F00032D1FFF7DDFF03E0037A1BB9FFF7C4FFBD
:1082000003B030BD4368184C19782046FFF797FD3E
:1082100080B18DF800500190144B68461B68984758
:10822000A168E368A2885B1A9A42E7D2104B012248
:108230001A70E5E7A268E3689A42F1D08DF8000071
:10824000EAE7C3688DF800500193FFF79DFF074BE5
:1082500068461B689847D3E703238DF80030F6E79C
:1082600085BF002074BF002060BF00205CBF0020DD
:1082700070BF0020F0B51F46234B89B004461A603A
:108280000D4600293DD08A8820480968FFF748FD3F
:10829000002834D1AA89A9681D48FFF741FD0028AC
:1082A0002DD11C4E0FCE6D460FC596E80F0085E808
:1082B0000F0063690693237C174A18488DF81C70D9
:1082C000003B18BF01238DF81430637C002B14BFD2
:1082D0000E2300238DF81530E3680293A3680393FF
:1082E0002368019369466368009301F02BF830B965
:1082F0000B4B18702368013301D0FFF745FF09B01D
:10830000F0BD0720FBE700BF5CBF002060BF00207E
:1083100074BF0020CCD00200D9810200F82A0020CE
:1083200070BF002070B5084D014608482E78FFF751
:1083300018FD044636B100232B70FFF725FF08B166
:10834000FFF7A8FC204670BD70BF002060BF002072
:1083500010B501460E48FFF7F2FC0446A8B90D48D7
:108360000D4A0378D35C63B1043001F0FBFD60B9C2
:108370000A490748FFF7F5FC38B9BDE81040FFF798
:1083800017BF0C3001F0A0FBF1E7204610BD00BF85
:1083900074BF0020F82A0020C4BF002085BF002041
:1083A00070B5EFF3108672B60C4A946801239CB93D
:1083B00093600B4B0B4DD3F8801029401160C3F82C
:1083C0008050D3F8841051604FF0FF32C3F88420FE
:1083D000047006B962B670BD0370FAE788BF00206A
:1083E00000E100E0FC06FFBD084B9A6810B55AB1E9
:1083F00050B9EFF3108172B6054A1C6814605C68CE
:108400005460986001B962B610BD00BF88BF0020FB
:1084100000E100E0435882B03BB100234350435891
:108420000193019B012002B070471846FBE7000052
:10843000F8B5204B4479204D43F824201F4A204BA7
:1084400005EBC4049B1A2279DB081B0432B143F00C
:1084500002001C49FFF7B0FA0820F8BD02680C883A
:10846000C2F8084590F904608A7804795201002E18
:10847000D2B219DB14498F1987F80023012276093B
:1084800004F01F0402FA04F441F82640427905EB97
:10849000C201012445F832000C7143F003000B497E
:1084A000FFF78AFA0020D8E7094904F00F040A55BB
:1084B000ECE700BF9CBF002094BF0020F0CE02007C
:1084C00028CF0200ECD0020000E100E00ED1020053
:1084D00014ED00E0036801221A607047036801226E
:1084E0005A60704773B501F15005AD000068ADB238
:1084F0004FF480348C400026C0F80843C0F848434D
:10850000465101F5A8714559019522F07F42019D20
:1085100040F82120C0F844430BB1C0F8044302B036
:1085200070BD00002DE9F74F0D4622F07F44026830
:108530004FF4803705F150068F408046B60002EBBD
:108540008500C2F84873B6B2C2F80873D2F80415B1
:1085500099464FF0000BD0F84035C0F8401542F86E
:1085600006B05B1A9259009223F07F43012B009AC8
:108570004FEA850A0CD1264B4FF4806043F001038B
:108580009847D8F8003043F806B09B590193019BF7
:10859000D8F80010D1F80465C1F84473A31B23F088
:1085A0007F43012B1CD11A4B05F5A875013443F00C
:1085B000010341F825404FF480609847D8F8003017
:1085C000D3F804359E4209D1D8F800300020C3F812
:1085D0004473C3F8047303B0BDE8F08F0D20FAE7CD
:1085E0008A44C9F1FF13CAF84045D1F80405221A9C
:1085F000013A22F07F4203F57F439342EED3002AF3
:10860000E2D10134CAF84045D1F804359842DAE79E
:1086100020D1020003680222C3F8442309B1C3F841
:108620000423704700684FF48271FFF7F3BE4FF4E4
:10863000803303FA01F10368C3F84813C3F8081341
:10864000704750318900006889B2FFF7E3BE0368C4
:10865000D3F804057047000090F90430002B09DBC3
:108660005A09012103F01F0301FA03F340320249C2
:1086700041F82230704700BF00E100E0024B034A9E
:108680001B681068184700BF9CBF002094BF0020E3
:1086900010B561B1B2FBF3F403FB1424A4B244B9E6
:1086A000C0E9001484608281C381204610BD0E2081
:1086B000FCE70920FAE737B550E8013F9DB2C489CD
:1086C00025448489A54228BF2D1B0489A54202BFE9
:1086D000BFF32F8F002207E0C5EA030540E80154ED
:1086E000002CE9D14FF001028DF803200193019B8A
:1086F0009DF803200B6002F0FF0322B10B88006895
:10870000184403B030BD1846FBE70A884B889A42EC
:1087100009D150E8012FC2EA024240E80123002BB0
:10872000F7D1012070470020704737B550E8023F6D
:108730001FFAA3F5C488A54202BFBFF32F8F002202
:108740000DE0C48925448489A54228BF2D1BC3EAB6
:10875000054540E80254002CE8D14FF001028DF8A5
:1087600003200193019B9DF803200B6002F0FF039F
:1087700022B14B880068184403B030BD1846FBE7AF
:108780000A884B889A4209D150E8022FC2EA224255
:1087900040E80223002BF7D10120704700207047EA
:1087A00001F01F024B090121914000EB830000F012
:1087B0001EB801F01F0301229A404B0900EB830011
:1087C000D14300F02CB84B0901F01F0150F82300F1
:1087D000C84000F00100704710B5034653E8000F91
:1087E0000A4643E8002494F0000FF7D110BD10B5FD
:1087F000034653E8002F42EA010043E8000494F0E6
:10880000000FF6D110BD10B5034653E8000F00EA83
:10881000010243E8002494F0000FF6D110BD10B51A
:10882000034653E8002F02EA010043E8000494F0F5
:10883000000FF6D110BD10B5034653E8002F02EB30
:10884000010043E8000494F0000FF6D110BD10B50C
:10885000034653E8002FA2EB010043E8000494F024
:10886000000FF6D110BD0121FFF7C1BF0021FFF7B6
:10887000CABF10B590B1D0E9012301689B1ADBB2E1
:108880000A60013BDBB2FF2B026802D100201071AD
:1088900010BD11684C1C14600B70F2E70E20F7E756
:1088A00037B5054600240DF107008DF80740FFF7A6
:1088B00077FD2A686B68116899420ED9481E1060CE
:1088C00011F8014CEB68298A01FB0434AB6811797B
:1088D0001B1ADBB2994238BF13719DF80700FFF7EE
:1088E00083FD204603B030BD37B5054600230DF1AA
:1088F00007000C468DF80730FFF752FD2A68136811
:10890000591C1160E968641A298AB4FBF1F41C70DF
:108910009DF80700FFF768FD03B030BD826810B511
:1089200004462AB143690168006998470023A3609F
:1089300010BD0EB403B5039921B104AB01AA019394
:1089400000F076F802B05DF804EB03B070470A2936
:1089500038B504460D4602D10D21FFF7F8FFA36894
:108960002268591CA160D554D4E901329A4204D33B
:108970002046BDE83840FFF7D1BF38BD2DE9F84F9C
:108980009846DDE90A43154682460F460A464FF0EF
:108990000109AA420FD2C14538BFC14613F0010BED
:1089A00001D16CB900240126B8F1010F1BD908F1DF
:1089B000FF386E43F8E709F10109B2FBF5F2E8E789
:1089C0009B070ED5B8F1000F0CBF30262026A1451D
:1089D000E9D2013C31465046FFF7B9FF002CF6D1F1
:1089E000E0E72026F3E7B7FBF6F39D42E1D9DFF895
:1089F0003C80B7FBF6F3504618F8031006FB1377DC
:108A0000FFF7A5FF3346AB42B6FBF5F6F1D2BBF15B
:108A1000000F02D00CB1A14501D3BDE8F88F202191
:108A20005046013CFFF793FFF4E700BF26D1020058
:108A30002DE9F74F054617468846002900F0428188
:108A400018F8011B49B92B7B002B00F03B8128460D
:108A500003B0BDE8F04FFFF761BF252940F0B780B4
:108A6000002698F800302D2B424608F1010823D04B
:108A7000302B24D02B2B25D000242A2B02F10101EE
:108A800023D13B681A1D1B683A601C440A461378C0
:108A90002E2B26D101324FF0000A104610F8011B90
:108AA000A1F1300CBCF1090F1DD80A2303FB0A13F6
:108AB000A3F1300A0246F0E746F00106D1E746F09E
:108AC0000206CEE746F00406CBE711F8013CA3F11D
:108AD00030000928DBD80A2202FB0434303C0A4665
:108AE000CBE74FF0000A12F8011B01F0FB006828E9
:108AF0009046F8D0782909D86F290CD8632962D01C
:108B000022D8252963D0582900F0888098F80030B1
:108B1000002B95D197E770390829F7D801A353F8AE
:108B200021F000BF9F8C02000D8B02000D8B020014
:108B30002D8C02000D8B02000B8C02000D8B0200AD
:108B40000D8B02001D8C0200642901D06929DDD142
:108B50003A68D2F80090111D89EAE9723960A2EBF7
:108B6000E9724FF0010B092A35DCD34538BFD346F3
:108B70002CB1B9F1000F01DB720700D5013CB3073E
:108B800002D5BAF1000F03D0F00701D44CBB00248A
:108B9000B9F1000F2DDAC9F100092D212846FFF7A0
:108BA000D6FE06F00302022A04D1BAF1000F01D169
:108BB0001CBB0024CDE9004653460A2249462846FC
:108BC000FFF7DCFEA2E73B681A1D19783A602846D9
:108BD000FFF7BDFE9AE70A230BF1010BB2FBF3F29C
:108BE000C1E7A345D4D220212846013CFFF7AFFEC0
:108BF000CCE77107D5D52B21D0E7A345DAD23021B8
:108C00002846013CFFF7A3FED2E73968CDE90046CC
:108C10000A1D3A6053460A220968D0E739680A1DDE
:108C20003A60CDE9004653461022F5E73B681A1D2D
:108C30003A6016F00106D3F8009028D1B9F1000F80
:108C400003D0484603F0D1FD0646B44200D904BB28
:108C500009F1FF3919F8011F00293FF457AF2846E1
:108C6000FFF775FEF6E728460136FFF770FE19F8A4
:108C700006100029F7D1A642BFF448AF002C3FF4FC
:108C800045AF20212846013CFFF761FEF3E70026AF
:108C9000EDE720212846013CFFF759FED5E73B6868
:108CA0001A1D3A60302128461C68FFF750FE7821D3
:108CB0002846FFF74CFE00220823CDE9003221466A
:108CC00010227CE703B0BDE8F08F00BF2DE9F84F1C
:108CD000B0F806A04579D2F800B09DF828900AFBBC
:108CE00005F5043D88460BEB0301A94203F104049A
:108CF00088BFA5EB030BB4FBFAF607460AFB164444
:108D0000C2F800B04EB9AAEB04055D4528BF5D4628
:108D1000BBF1000F04D1BDE8F88F3F68013EF1E7D9
:108D2000043408EB06003C442A46B9F1000F0DD08C
:108D30002146ABEB050B03F0DAFCDA452E443F6825
:108D400055464FF0000428BF5D46E1E70146204646
:108D5000EFE7FFF78EBDF8B546790146721E05466E
:108D6000002393422D6803D30024A64202D8F8BD05
:108D70000133F6E70F682846FFF7B6FD01343946A0
:108D8000F3E72DE9F843068ACD1C0746FFF788FD77
:108D9000043E35440446B5FBF6F5F0B14FF480735C
:108DA000EDB28380C680013D076081464FF0000828
:108DB000A84512D23846FFF773FD064648B16379DD
:108DC0000133637108F10108C9F8000007608146AA
:108DD000EEE72046FFF7BFFF34462046BDE8F883A4
:108DE00001210430FFF727BD10B5012104460430EE
:108DF000FFF72DFD10F0FF0F04D12046BDE8104015
:108E0000FFF7A9BF10BD1FB503920022009203AA6D
:108E1000FFF75CFF05B05DF804FB1FB5039201226C
:108E2000009203AAFFF752FF05B05DF804FB41DF93
:108E30007047000007B500230DF107008DF80730DB
:108E4000FFF7AEFAF1EE103A23F09F03E1EE103A8D
:108E5000BFF35F8F094B4022C3F884219DF80700C0
:108E6000FFF7C2FA02F02AF920B1FFF7E0FF03B0E2
:108E70005DF804FB20BF40BF20BFF8E700E100E041
:108E8000836800225A60C3E904229A60DA601A609B
:108E900070470B684A684360934208BF0023016033
:108EA00008BF43607047436843B1026891685268E5
:108EB0000B449342436004BF00234360704770B586
:108EC000446806460D46206818B1B368294698479D
:108ED00018B923682B60256070BD2468F3E74368E8
:108EE000186808B102681A607047436818687047CC
:108EF0004368186800B97047884203D102681A6055
:108F00000120704703460068F4E7000010B50D49E2
:108F1000A1F59472914201D800200FE08C1AE30F62
:108F200003EBE4035B1002EBC30452F833308342DB
:108F300005D802D204F10802ECE7606810BD2146B2
:108F4000E8E700BF40D6020008B5FFF7DFFF024B9D
:108F5000002808BF184608BD02D5020010B5044617
:108F6000C0B2FFF7F5F9204610BD0000034B1868AA
:108F7000A0F1080358425841704700BF300100106B
:108F8000064B1B68082B06D1054B1B68052B02D826
:108F9000044AD05C70470020704700BF30010010C9
:108FA0003401001046D60200024AD2F80034002BE9
:108FB000FBD0704700E0014010B5FFF7D7FF40B18C
:108FC0004FF080430022C3F80C21C3F81021C3F8EE
:108FD0003825FFF7CBFF002846D04FF08052614B79
:108FE000D2F80414C3F82015D2F80814C3F82415D5
:108FF000D2F80C14C3F82815D2F81014C3F82C15A5
:10900000D2F81414C3F83015D2F81814C3F8341574
:10901000D2F81C14C3F84015D2F82014C3F8441534
:10902000D2F82414C3F84815D2F82814C3F84C1504
:10903000D2F82C14C3F85015D2F83014C3F85415D4
:10904000D2F83414C3F86015D2F83814C3F8641594
:10905000D2F83C14C3F86815D2F84014C3F86C1564
:10906000D2F84424C3F87025FFF78AFF10B13E4BB5
:109070003E4A1A60FFF784FF18B13D4BFB22C3F84C
:109080001825FFF77DFF48B13A493B4B0A681B683A
:1090900022F00F0203F00F0313430B60FFF770FF82
:1090A00018B1364B4FF400721A60FFF75FFF48B1FA
:1090B0004FF08043D3F80024D20744BF6FF0010281
:1090C000C3F800242E4AD2F8883043F47003C2F863
:1090D0008830BFF34F8FBFF36F8F2A4B1B68082B6D
:1090E0000ED1294B1B68052B02D8284AD35C3BB113
:1090F0004FF01023D3F808224FF08043C3F85825CF
:109100004FF01023D3F80022002A03DBD3F80432F7
:10911000002B22DA1E490123C1F80435FFF744FF72
:109120004FF010201224C0F80042FFF73DFFC0F8B6
:109130000442FFF739FF0023C1F80435FFF734FF7D
:10914000BFF34F8F0E49134BCA6802F4E06213431A
:10915000CB60BFF34F8F00BFFDE70F4B0F4A1A6084
:1091600010BD00BF00C000408C5600404881030085
:1091700000F00040E40E004058020010409602400B
:1091800000ED00E0300100103401001040D6020074
:1091900000E001400400FA050C2B00200090D003F1
:1091A00038B5074C051E04F1080318BF1C46236898
:1091B0002BB11A6822605B6828469847F7E738BDEC
:1091C000A8BF002020B9054B01225A70FFF7E8BF65
:1091D000012802D1014A9070F8E77047A0BF002033
:1091E00020B9034B01225A70FFF7DABF704700BF66
:1091F000A0BF002038B50E4C2378B3B90D4863608A
:10920000A3602361E36000F0E5F8054601F056FF36
:1092100008B900F0EBF801232370074BD3F80034B2
:109220000BB10123A370284638BD8525F5E700BFA3
:10923000A0BF0020C59102000000014037B50D4CD1
:1092400000230DF107008DF80730FFF7A9F8E36858
:10925000013BE360E36833B9074BD3F8005415B919
:1092600000F0D6F8A5709DF80700FFF7BDF803B031
:1092700030BD00BFA0BF002000000140012813B591
:109280000CD0032820D038B9124B0122C3F880201B
:10929000BFF34F8FBFF36F8F02B010BD0E4C002392
:1092A0000DF107008DF80730FFF77AF823780BB936
:1092B000FFF7A0FFE3689DF807000133E360012397
:1092C000A370FFF791F8E7E700F090F8FFF7B6FF1B
:1092D000E2E700BF00E100E0A0BF00201FB5037877
:1092E0008DF800304368019383688DF80830C368B7
:1092F000054A0393054B684653F8213052F8211074
:10930000984705B05DF804FBB4BF0020BCBF002047
:109310001FB503788DF800304368019383688DF89A
:109320000830C368054A0393054B684653F821305B
:1093300052F82110984705B05DF804FBB4BF002037
:10934000BCBF0020F0B5194B90F800C0DFF86CE00E
:1093500043F82C20164B16460A6943F82C204B7F05
:109360000EF80C300C4607460FCC89B06D460FC581
:1093700094E80F0085E80F001EF80C30CDF810C0FF
:109380004BB1002E0B4A694608BF3246381D00F02B
:10939000C3FC09B0F0BD002E074A694608BF32463B
:1093A00007F10C0000F078FAF3E700BFBCBF002023
:1093B000B4BF0020DD92020011930200C4BF002060
:1093C00000F18040002382B0036003680193019B99
:1093D00002B07047044A137923B9012110609180CB
:1093E0001846704785207047C8BF0020074B1A6891
:1093F000D20704D4C02283F8002301221A604FF060
:1094000080430122C3F81825704700BF00E100E047
:109410004FF0804208B50223C2F808334FF482703F
:10942000FFF7CEFF034B01211960D2F81834DB039C
:10943000FBD408BD0C000040124B1B6810B573B183
:109440004FF48070FFF7BCFF4FF080430122C3F858
:1094500008230D4B587910B95A711B6898470B4B6C
:109460001B6873B14FF48270FFF7AAFF4FF080437F
:109470000222C3F80823044BBDE810401B680120FA
:10948000184710BD00010040C8BF00200401004083
:1094900000F1804000F5C040002382B00360036803
:1094A0000193019B02B0704703681F2B83BF03F039
:1094B0001F03036001484FF0A040704700030050B5
:1094C00007B5019001A8FFF7EFFF019B00EB8300B8
:1094D000D0F8003723F44033C0F80037D0F8003715
:1094E00043EA0141C0F8001703B05DF804FB000037
:1094F0002DE9FF470024CDE90244584D4FF4807216
:10950000012102F1804303F5C04390B21B68012B97
:1095100006D1D5F804330B4202D0FFF7B9FF0C4354
:109520000432B2F5907F4FEA4101EAD14C4B1B68FF
:10953000012B11D14FF4BE70FFF7AAFF4FF0A043EB
:1095400044F00044D3F820250292C3F82025D3F834
:1095500020280392C3F8202814F0FF0F1AD0414F9F
:1095600000250126344210D0AB0003F1804303F5FF
:10957000C043D3F81005D3F8101557F8253023B1A0
:10958000C1F30141C0F3052098470135082D4FEA8A
:109590004606E7D1002C59DA324D334C334E4FF0AA
:1095A0000008012716F9013B5A1C3CD0C3F3C20145
:1095B00004A801445FFA83F911F8081C03F03F0284
:1095C00003F0070307FA03F319422CD001A8019214
:1095D000FFF76AFF019B03F5E07350F82330C3F3F4
:1095E000014ABAF1020F10460CBF03210221FFF716
:1095F00067FF01A80192FFF757FF019B07FA03F3EA
:10960000C0F82035AB1893F9303055F8233053B1FA
:109610004FEA9911032904D0BAF1020F19D1012997
:1096200001D11046984708F10108B8F1040FB9D1EB
:109630004FF0A043D3F820250292C3F82025D4F898
:1096400020350393C4F820351343A7D104B0BDE8F7
:10965000F087BAF1030FE6D10229E1E7006000408C
:109660007C610040D0BF00200003005030C00020CB
:10967000014B1B68184700BF3CC000200E4B9842AE
:1096800037B50C4602D0002003B030BD00230DF1E9
:1096900007008DF80730FEF783FE084B1D7915B9DA
:1096A00001221C601A719DF80700FEF79DFE002D37
:1096B000E9D01120E8E700BF002000403CC00020B6
:1096C0000023435082B043580193019B02B070477E
:1096D0000A4610B54FF48E71FFF7F2FF136A9168D6
:1096E000C95C136A01331362C0F81C1510BD024631
:1096F00008B500684FF49271FFF7E2FF4FF48471F0
:109700001068FFF7DDFF136801221A6008BD8B693E
:109710000A4610B54FF4847123B9FFF7D1FFD0F892
:10972000183510BDFFF7CCFF536AD168D0F8180583
:10973000C854536A01335362F3E700001FB5012395
:109740008DF80030044BCDE90110D3E900126846D2
:10975000904705B05DF804FB44C0002030B54C488C
:10976000D0F8043313F4007F85B005464DD0D0F80F
:109770002431002B49D04FF49271FFF7A1FF4FF431
:109780000173C0F80833434B93F829200AB901222A
:1097900042603F4902228DF80020D1F88024C1F8B0
:1097A000802403929A690292DA6801920022C3E946
:1097B00006226846D3E9001290473548D0F81C319C
:1097C0005BB134494A690B6A9A420A464AD991F810
:1097D0002830002B46D1FFF77BFF2D48D0F84431CD
:1097E0008BB14FF4A271FFF76BFF2A4B93F829203E
:1097F0000AB1012202609A692AB10022586AD96826
:109800009A61FFF79BFF05B030BDD5F804335B07C5
:10981000D3D5D5F80831002BCFD01E4C1C4821469B
:10982000FFF775FF636AA2699A422346C5D1E269D0
:10983000E1684AB12369E3600023606AA261E361E1
:109840006362FFF77BFFB8E794F829200AB9012289
:109850006A600F4A4FF40170C2F808030022586A88
:109860009A61EEE70A484FF48E71FFF729FF5369BA
:10987000002BB2D051690291002391688DF800301D
:10988000019153616846D2E900139847A5E700BFEC
:109890000020004044C000202DE9F843614B0579C9
:1098A00091462C2202FB0532064692F82A200C46ED
:1098B0009846002A40F0B1805B490068FFF7DEFE61
:1098C0000746002840F0AB8021684A1C10D01F29B1
:1098D00087BF564A01F01F030B464FF0A0420120FC
:1098E000984003F5E073C2F80805032042F823000E
:1098F0006068431C0DD01F288BBF00F01F03034678
:109900004A4A4FF0A04203F5E0734FF0000C42F8D2
:1099100023C03368A269C3F8242594F814C0627D7B
:10992000BCF1010F4CEA0202C3F86C25C3F8140520
:10993000C3F80C152BD1A168481C0DD01F298BBF73
:1099400001F01F020A4639484FF0A04002F5E072CC
:109950004FF0000C40F822C0E068421C13D01F28D2
:1099600087BF324A00F01F0C84464FF0A0424FF0F0
:10997000010E0EFA0CFE0CF5E07CC2F808E54FF083
:10998000030E42F82CE0C3F80805C3F810152C2389
:109990006B4308EB0302C2F80490226948F80320E5
:1099A000B9F1000F21D03068247F4FF48E71FFF79A
:1099B00087FE4FF4A2713068FFF782FE32681C4BBD
:1099C000C2F80433110B42F307326301002ADBB201
:1099D0001EDB1848841884F800330123520901F073
:1099E0001F0103FA01F140F8221033680422C3F882
:1099F00000252C2303FB05830022C3E9062283F8FC
:109A000029205A61012283F82A203846BDE8F883CC
:109A1000094A01F00F015354E7E70827F5E711273A
:109A2000F3E700BF44C000205D9702000003005030
:109A30008000020000E100E014ED00E02DE9F047B5
:109A4000204F90F804904FF02C0808FB097405464D
:109A50006669002E34D162610068A16026624FF40D
:109A60008E7184F82860FFF72BFE2868012383603D
:109A70002146FFF72DFE6368A0468BB92868D4F80D
:109A800014A0236A9A4511D82A68D2F81C31002BF9
:109A9000FBD00123D3602C2303FB097300225A61FE
:109AA0003046BDE8F08794F828303BB9D0F81C3137
:109AB000002BF8D04146FFF70BFEE2E70F26EAE75E
:109AC0001126EDE744C000200379044A2C2101FB54
:109AD00003235869003818BF0120704744C0002094
:109AE0002DE9F843394F05792C2303FB057306460E
:109AF0005C6824B103684FF40170C3F808032C2399
:109B000003FB0573986950B1D86900283ED024B191
:109B100033684FF40172C3F80423112433E09A61CF
:109B2000D9605862D8612C2303FB057393F8293060
:109B30001BB910B93046FFF7DAFD4FF02C0909FBCD
:109B400005783068D8F80430002B34D14FF4A27176
:109B5000C146FFF7B5FD3068D0F82431D0F80821B0
:109B6000D0F84441B2B90CB9002BF4D02C2202FB3E
:109B700005750022AA6123BB2CBB95F82910336818
:109B80000122B1B11A602046BDE8F8831961DA619B
:109B90000120C8E7002BE9D1002CE7D14946FFF7A7
:109BA000B6FDD8F82430D8F818209A42D3D82346E6
:109BB000DCE75A60E7E74FF40173C0F80433002490
:109BC000E1E70324DFE70F24DDE700BF44C0002006
:109BD0000023435082B043580193019B02B0704769
:109BE0001FB501238DF80030044BCDE90110D3E9F6
:109BF00000126846904705B05DF804FB70C0002075
:109C00007FB5434AD2F82461002E60D010464FF44D
:109C10009271FFF7DDFF02238DF80030D2F8803417
:109C2000C2F880340393D2F83C350293394BDA689A
:109C300001920022C3E906226846D3E90012904748
:109C40003348D0F8443173B14FF4A271FFF7C0FF2D
:109C5000304B9A693AB10022C3E90622D968D0F89C
:109C60003C05FFF7BDFF2A48D0F82031ABB14FF4D7
:109C70009071FFF7ADFF0123C360264B5A6962B1B3
:109C8000D0F84C150291002299688DF800200191BE
:109C90005A616846D3E9001290471D48D0F8583100
:109CA0009BB14FF4AC71FFF793FF1A4B5A6962B145
:109CB000D0F84C150291002299688DF8002001918E
:109CC0005A616846D3E90012904704B070BDD2F8DB
:109CD0001031002BB4D04FF488711046FFF778FF95
:109CE0000C4BD2F83C0599698842A9D1DC69D96846
:109CF00064B1D2F8005225F02005C2F800521A696A
:109D00009C61DA60DE61FFF76BFF99E79C61FAE71F
:109D10000020004070C000202DE9F843674B067911
:109D20009146242202FB0632044692F820200D467A
:109D30009846002A40F0BE8061490068FFF79EFC0B
:109D40000746002840F0B8802868421C10D01F2821
:109D500087BF5C4A00F01F0303464FF0A042012179
:109D6000994003F5E073C2F80815032142F8231067
:109D700069684B1C0DD01F298BBF01F01F030B46D8
:109D8000504A4FF0A04203F5E0734FF0000C42F848
:109D900023C02368AA69C3F8242595F814C06A7DF6
:109DA000BCF1010F4CEA0202C3F86C25C3F80C05A4
:109DB000C3F814152BD1A968481C0DD01F298BBFDF
:109DC00001F01F020A463F484FF0A04002F5E07242
:109DD0004FF0000C40F822C0E868421C13D01F2846
:109DE00087BF384A00F01F0C84464FF0A0424FF066
:109DF000010E0EFA0CFE0CF5E07CC2F808E54FF0FF
:109E0000030E42F82CE0C3F80805C3F8101524230C
:109E1000734308EB0302C2F804902A6948F8032050
:109E2000B9F1000F30D020682A7F4FF48871FFF716
:109E3000CFFE20684FF49071FFF7CAFE20684FF400
:109E40009271FFF7C5FE20684FF4A271FFF7C0FEC4
:109E50004FF4AC712068FFF7BBFE23681A49C3F8C2
:109E60000413190B43F307335201002BD2B21CDB4E
:109E70001648C51885F8002301225B0901F01F016F
:109E800002FA01F140F8231023680822C3F80025E4
:109E9000242303FB06830022C3E906225A61012220
:109EA00083F820203846BDE8F883094B01F00F0104
:109EB0005A54E9E70827F5E71127F3E770C00020B7
:109EC000019C0200000300501003420000E100E08A
:109ED00014ED00E001F06043B3F1005F2DE9F041C3
:109EE000064638D11E4B0779242505FB07359846D1
:109EF0006C69002C31D16A610068A9604FF49071DF
:109F0000FFF766FE4FF4AC713068FFF761FE33680F
:109F10006A69A968C3F84415C3F8482501229A6004
:109F20006A68AAB9D3F82021D3F858411AB9002C8D
:109F3000F8D00F2407E0002CFBD10122DA60D3F81F
:109F40005821002AFBD0242303FB078700237B61D1
:109F50002046BDE8F0811024FAE71124F8E700BF9D
:109F600070C000200379044A242101FB03235869AF
:109F7000003818BF0120704770C00020F8B501F00C
:109F80006043B3F1005F04460F465ED10379304D64
:109F9000242101FB0351496821B100684FF4047684
:109FA000C0F80863242000FB03539E6956B1D869AA
:109FB000002839D021B123684FF40472C3F8042378
:109FC000112030E09A61DF60DE6120684FF4887113
:109FD000FFF7FEFD20684FF4A271FFF7F9FD23683B
:109FE000C3F83475C3F8382516BB01221A602179ED
:109FF000242202FB015252680ABBD3F81041D3F865
:10A000004421D3F82401144302D10028F5D022467C
:10A01000242303FB01550023984218BF03209A42D2
:10A02000AB6118BF0F20F8BD1F61DA610126CCE7D4
:10A03000D3F8002242F02002C3F80022D7E74FF401
:10A040000472C3F804230020EDE71020EBE700BF03
:10A0500070C00020032811D8012A0AD101290FD18C
:10A0600000F10E02D2B20D4B00EB40001A5400205A
:10A0700070470129F7D0022904D049B10720704761
:10A080000022F8E7054B00EB400018444270EEE771
:10A09000024B00EB400018448270E8E794C00020B7
:10A0A00008B5012202210020FFF7D4FF08B10728DC
:10A0B00010D1072202210120FFF7CCFF08B10728A9
:10A0C00008D100210A220846FFF7C4FF10B1072873
:10A0D00008BF002008BD00000388102B10B502D077
:10A0E000112B1ED010BD1A4C2168B1B901220846AF
:10A0F000FFF7B0FF08B1072824D107220221012071
:10A10000FFF7A8FF08B107281CD104220221002074
:10A11000FFF7A0FF08B1072814D12368013323609B
:10A12000E0E70B4A1368013B1360002BDAD1FFF71D
:10A13000B7FF0028D6D0074B1B68002BD2D0BDE854
:10A1400010401847034B1B68002BE6D09847E4E704
:10A15000A4C00020A0C0002073B50378012B33D029
:10A16000022B31D073BB1A4C1A4D20782844FEF7CD
:10A17000D9F823780133DBB21D44237015F8012C84
:10A180000A2A05D00D2A03D0134A12889A4219D8F8
:10A19000012B15D90F4D114E2378ADF806300DF176
:10A1A00006024FF6FF732946304600F053FF082899
:10A1B00006D01328F0D0052802D008B1FDF76AFDBB
:10A1C0000023237002B070BD4068FDF763FDF9E71E
:10A1D0001CCE002028CD0020CAB80020CCB800201A
:10A1E0002DE9F04F914D0FCD97B010AC0FC495E80D
:10A1F00003008F4B8F4A0C934FF4807384E8030065
:10A20000CDE90E230D938C4A07230CA910A8FEF765
:10A2100031F808B1FDF73EFD4FF480410020FDF715
:10A2200033FA08B1FDF736FDFDF76EF9FDF746FE8E
:10A2300008B1FDF72FFD814802F028FA8049814AD4
:10A2400000200B78DB01A3F578531B1203F30703FF
:10A2500013704B78DB01A3F574531B1203F3070350
:10A2600053708B780330DB01A3F56253B0F5406F78
:10A270004FEA232301F1030103F3070302F1030271
:10A2800002F8013CDDD17048704CDFF800B202F0FA
:10A29000FDF94FF0090A0623CDE9053A6C4B04930A
:10A2A000202600254FF002084FF001090523032264
:10A2B0003146CDE900630896664B079404F50040EB
:10A2C000CDE902890A95CDF824B001F02EFA624852
:10A2D00002F0DCF94FF40041204600F05BFF5F48DC
:10A2E00002F0D4F9102704F50043324631462046E7
:10A2F000CDE90353CDE901870323009501F0A2FFC7
:10A30000574802F0C3F9574BCDF818A00422059224
:10A3100005223946CDE90747CDE90393CDE900721F
:10A32000514BCDF80880324604F50040CDE909B51F
:10A3300000F064FF484802F0A9F94FF4805120462C
:10A3400000F028FF454802F0A1F94FF0080A04F593
:10A3500000433A4639462046CDE903B3CDE9018AA8
:10A360000323009501F06EFF3D4802F08FF90723AB
:10A37000CDE905933D4BCDF808800522CDE900627B
:10A3800051463A46CDE9074ACDE9039304F500402A
:10A39000374BCDE909B500F031FF2F4802F076F9CF
:10A3A0004FF40061204600F0F5FE2C4802F06EF9F3
:10A3B00004F50043CDE903B3042332465146204659
:10A3C000CDE901830095032301F03CFF2448294E89
:10A3D00002F05CF9284B294904944FF40072CDE94E
:10A3E00001A304F500400A230396CDF8009001F084
:10A3F00057FD2348234C02F049F932460A213046E2
:10A4000001F0C2FF204802F041F9294616F9012B5C
:10A410002046013502F03AF90A2DF6D1FDF786F90A
:10A420000028FBD1FEF706FDF8E700BFF4D60200D6
:10A4300082D200208273012059A102006ED6020050
:10A44000C09800208253012086D6020082D30020CB
:10A45000102B0020302B00209BD60200ADD602002E
:10A46000B9D6020090340020A0340020A06600205D
:10A47000C066002078D20020C0A40020CAA400201A
:10A48000C8D60200EBD60200D9D60200A8C0002030
:10A490000369C1688B429DBF8268D21802F1FF3206
:10A4A00003F1FF3394BF501A581A70472DE9F8434F
:10A4B000D0E902940546A9EB040840689045204481
:10A4C0000F46144404D902F012F9EC60BDE8F88399
:10A4D0004246A4EB090402F00AF96868224607EB39
:10A4E0000801F0E72DE9F843C56806468946174696
:10A4F0004FF000083469B3687068A54228BFE418BB
:10A50000013C621B5C1BBC4228BF3C46944228BFF6
:10A51000144649462844224602F0E9F8B368254427
:10A52000AB4208BF00253F1BA044A144F560E1D128
:10A530004046BDE8F883000010B5114C114AA261F5
:10A540000223C4E90433104BE361A2644FF40073A7
:10A550000E4A0F492362E26400231022E01DA36229
:10A560006362E362A3656365E365226502F01BF93C
:10A570000849204602F017F92023A37110BD00BF3F
:10A58000847401200CD702000C750120FC7401209A
:10A5900015D7020019D70200F8B5184C182300FB94
:10A5A000033503FB00402544C46A012C0F461646C0
:10A5B0000FD0022C1AD0F4B92846FFF769FF864263
:10A5C00005D8324639462846FFF770FF3446204604
:10A5D000F8BD2846FFF75CFF8642344628BF044694
:10A5E000224639462846FFF761FFF0E72846BDE8D6
:10A5F000F840FFF777BF0024E9E700BF847401202B
:10A60000FFF79ABF30B5C8B1F2B10024651C8D4286
:10A6100006DA1588A54212D805196D789D420ED12B
:10A62000A14211D9005D48B1013880B230B1023485
:10A63000A3B210FA84F4A14206DB138030BD055D9D
:10A6400001352C44A4B2E1E70020F7E713B5134627
:10A650000022ADF806200DF106020446FFF7D2FFF6
:10A6600010B1BDF80630E01802B010BD72DF7047BF
:10A6700073DF704738B5012204460D46B0F8141454
:10A68000D0F81004FFF7E2FF00B1057004F13C02BE
:10A6900004F5826104F15400BDE83840FFF7E6BFDD
:10A6A000F8B5077804460D46002F00F0098100F246
:10A6B0002646817007220021304602F041F8E388E7
:10A6C00013B1A378012B04D0E3794BB1A378022B0B
:10A6D00006D1636BA3B1012284F82D24082098478A
:10A6E000334604F22C4113F8012F12B99942FAD1E2
:10A6F00017466B1E032B57D8DFE803F0050B0F122C
:10A7000084F82D34ECE7A3791BB194F8243003B915
:10A710005FB9E3790BB1002F48D1237A002B47D1E1
:10A72000637A002B0CBF00250425636BA570002BFA
:10A7300040D0033D012D3DD86279002A3AD094F8EB
:10A740002E24002A36D184F83024012284F82F24C4
:10A750000720984704F13C0518220021284601F003
:10A76000EFFFE26A0123511E994284F83C3001D97F
:10A77000042A00D1D3B294F8242084F8513042B195
:10A78000A36A591E012902D9042B18BF012384F89A
:10A790005230A178002384F8503004291BD8DFE818
:10A7A00001F0770D223559000025BEE70225BCE7F0
:10A7B0000325BAE7002384F82F34CBE7C4E91063FC
:10A7C000C4F820340223012284F83C30802384F82A
:10A7D0003120A4F84830A378002B5CD1636B002BA8
:10A7E0006AD1002067E00223002A84F8313014BFC8
:10A7F0000723032384F83C302369A4F8483000235E
:10A80000C4F82034E36826646364E4E7636963643E
:10A81000A369A4F8483012B1062384F83C30637968
:10A82000B3B194F82E349BB994F8303483B1022339
:10A8300084F8503004212046FFF71CFF0028CAD1BD
:10A84000052384F8313004F58263C4F82034C2E76C
:10A850000323F6E7E3696364236AA4F8483012B17E
:10A86000062384F83C30637983B194F82E346BB9B5
:10A8700094F8303453B1022384F850300421204638
:10A88000FFF7F8FE0028A6D10623DAE70423D8E76D
:10A8900084F831309FE7D4F820142A4604F154009C
:10A8A000FFF7E4FE38B994F8301094F85400FFF73D
:10A8B000DFFE002892D0F8BD94F83100984790E769
:10A8C0000820F8E70388112B10B50C460AD0262B78
:10A8D0001FD0102B05D1C37B012B02D18388A1F897
:10A8E000243410BD0022838881F82E24B1F824245A
:10A8F0009A42F6D10B79002BF3D101212046FFF7C4
:10A90000CFFE0028EDD0A36B002BEAD0BDE81040AD
:10A910001847037A013B012BE3D8897805230131DD
:10A92000B1FBF3F303EB8303C91AC9B2E6E70000F6
:10A93000034B1A8882420CBF18460020704700BFA4
:10A9400028770120024B9B6903B11847704700BF6D
:10A950000C77012037B50B46497A0F4A71B9D2E915
:10A9600001141D7A0246002D18BF21465868FDF7D4
:10A97000D7FA08B1FFF7E6FF03B030BD0021197226
:10A980005369002BF8D00122ADF806008DF80420A1
:10A9900001A89847F0E700BF0C7701204B88028898
:10A9A0009A4213D842889A4210D380888A8840F20B
:10A9B000F313984294BF031AC31A934206D800F2C5
:10A9C000F310904234BF00200120704700207047F0
:10A9D0000388122B70B5014659D004D8102B1ED015
:10A9E000112B44D070BD502BFCD12F4BC288DB897A
:10A9F0009A42F7D1038A022BF4D186883046FFF7BA
:10AA000097FF05460028EDD001F1120000F028F96B
:10AA100038BB6868FDF7AFFA0028E3D009E0C37BD4
:10AA2000012BDFD14FF6FF70FFF782FF054620B9FB
:10AA30000420BDE87040FFF785BF1C4A8E88068061
:10AA4000002303721368C0F80A305368C0F80E3050
:10AA500010310A30FFF7A2FF134B6872DB89002B1D
:10AA6000C0D129463046BDE87040FFF773BF8088EB
:10AA7000FFF75EFF04460028B4D04068FDF77BFA7C
:10AA800008B1FFF75FFF4FF6FF732380AAE78688C0
:10AA90003046FFF74DFF05460028A3D008310A30A5
:10AAA000FFF77CFF6872DCE70C7701203C77012020
:10AAB0000AB1FDF775BEFDF77CBE73B50191019C2F
:10AAC00006466CB100252C46294601A8FDF77BFE01
:10AAD00018B106EB440301349D800135142DF3D1E8
:10AAE0003046346002B070BD2DE9F0470388848899
:10AAF000103B8CB005460A2B1FD8DFE803F0063F59
:10AB00001E1E1E1E1E1E1E604400314EB368DB4317
:10AB1000009371686846FDF782FE009901A8FFF76F
:10AB2000CCFF0DF108094FF00008019B984507D3B1
:10AB3000132C13D90420FDF7ADF80CB0BDE8F08755
:10AB400039F802AB00270137514606EB8700FDF7C5
:10AB500030FE1E2FF7D108F10108E6E71D48214617
:10AB6000FDF71EFE1C482146FDF71AFEEB7B022B6B
:10AB7000E3D11A482146FDF713FEDEE715482146CA
:10AB8000FDF717FED9E7027A15483F2A4FEA12155A
:10AB9000214694BF00220122FFF78AFF022D94BFB5
:10ABA000002201220F482146FFF782FF012D0E48A7
:10ABB00094BF002201222146FFF77AFFBDE7037A06
:10ABC000002BBAD1427A0648C2F3C0022146F3E70D
:10ABD000447701204C7701204877012050770120ED
:10ABE0005C77012058770120547701201328014613
:10ABF00002D80248FDF7E7BD0020704748770120E2
:10AC000010B50446FFF7F2FF002814BF20461420B9
:10AC100010BD70B50546164608460AB90E2070BD2F
:10AC200000231360002DF9D02B68002BF6D0EB88A1
:10AC300013F003040ED1FFF7E3FFC0B214280BD0CA
:10AC40002B7983420AD9EB882A6800FB0320306005
:10AC50002046E4E70720E2E70520E0E70420DEE7FE
:10AC6000007800F00100704790DF7047A5DF704763
:10AC7000B5DF70477FB50023ADF80810ADF80A10B6
:10AC80006A4602A9064603930093ADF80430FFF725
:10AC9000EBFF054600B3124B124CE41AE408FEF732
:10ACA00053F9240444F0010403460F493246204678
:10ACB000FCF78FFEBDF80020BDF8023052EA030118
:10ACC00003D00A492046FCF784FEBDF804201AB1DF
:10ACD00007492046FCF774FE284604B070BD00BF4B
:10ACE000F0CE020040CF020020D702006AD7020057
:10ACF000A9D7020013B5034680880C46A0B91A886C
:10AD0000242A75D012D8112A51D0232A7DD0102A96
:10AD10003AD0A37A43B1E1880020FFF7A7FF0028CB
:10AD200079D14FF48073638102B010BD3A2A47D0C5
:10AD3000552AEED1DB88C988A072172B38BF17239C
:10AD40008B4228BF0B462381FFF792FF60B1FEF7CD
:10AD5000FBF8394B3949024639481B1ADB081B04FA
:10AD600043F00100FCF72CFEE37A002BD1D12369DC
:10AD7000002BCED040F6772200922289ADF8042035
:10AD8000694620469847C4E7DB7B09792173012B8C
:10AD900008D0022B09D0637B8B42BAD20020FFF788
:10ADA00069FFB6E72388E380F5E76388FBE7F723CD
:10ADB000CB8017230B8141F6FB3348818B81A8E7B9
:10ADC0005B89CA88934228BF1346172B0A6938BF8C
:10ADD00017230B814AB1C97A39B140F67721009126
:10ADE000ADF804306946204690470023638190E720
:10ADF0001A7A0B694A73002B8BD04DF67A218DF8A5
:10AE0000050000918DF80420BAE7197A237B994256
:10AE100028BF1946C3E7112886D0FEF795F8064BE0
:10AE20000849024606481B1ADB081B0443F00100D0
:10AE3000FCF7C6FD78E700BF40CF0200FFD7020055
:10AE4000F0CE02002ED80200B0DF704766DF7047F8
:10AE500010B5002104464088FFF7F8FF034608B903
:10AE6000237210BD112801D10123F9E76368BDE801
:10AE700010401847F0B5054685B00C46F1B1E8B171
:10AE80000B78DE2B1AD182884B889A4204D10B7A38
:10AE900013B10846FFF7DCFF2B88112B32D0512B62
:10AEA0000ED0012B0AD12B7A012B07D1A9886288F9
:10AEB000914203D123722046FFF7CAFF05B0F0BDCF
:10AEC000AE886388B342F9D1AF79022FF6D1AD7B5A
:10AED0002B1F022BF2D800211022684601F030FC13
:10AEE000052D14BF4FF4C0730023694630468DF81A
:10AEF0000070ADF80430FFF7A7FF0028DED06368CC
:10AF00009847DBE76388AA889A4204BF4FF6FF732D
:10AF10006380D3E7ADDF7047AEDF704770B505469D
:10AF20008AB00C46002962D0002860D00388502BDC
:10AF300037D0572B72D0102B59D1818860690026E9
:10AF400001AA0196FFF765FE082231460DEB0200CB
:10AF500001F0F6FB02232189A888CDF80CD002AAC3
:10AF60000293FFF7D7FF002841D1A369002B3ED001
:10AF70000398FFF775FE002839D0019B0BB1012221
:10AF80001A701822002104A801F0DAFB02238DF8C0
:10AF90001030AB88ADF81830019B05940793A36976
:10AFA00023E08188606902AAFFF733FE182200219E
:10AFB00004A801F0C5FBAB882189ADF81830EB88F7
:10AFC000029A05949942079218D12E8A022E15D121
:10AFD0006AB105F11200FFF743FE029B48B101225E
:10AFE0001A708DF81060A3690BB104A898470AB0D5
:10AFF00070BD187003238DF81030F4E7A2899A42CF
:10B00000F5D1A369002BF2D000228DF8102005F1B4
:10B01000120208922A8AADF82420E6E78188606946
:10B0200002AAFFF7F6FD01460028E0D1029B1B783B
:10B03000002BDCD0A369002BD9D0182204A801F082
:10B040007FFB01238DF81030AB88ADF818300594E4
:10B05000029BA3E7F0B50F4687B016461C4605468F
:10B0600018B3406901AA1946FFF7D3FDD8B94FF6C6
:10B07000FF739C421BD0019BCBB11B78CBB13388B3
:10B08000F42B18D80146102202A801F059FBAB8816
:10B09000ADF8083002A901232046CDE904678DF8F8
:10B0A0000A30FFF739FF07B0F0BD0E20FBE705209F
:10B0B000F9E70820F7E70720F5E70000014B1878CB
:10B0C000704700BFC077012007B508496846FDF703
:10B0D000E0FE019B13B903B05DF804FBD3E9002047
:10B0E00090476846FDF7DFFEF3E700BF7CD802001B
:10B0F000FFF7EABF61DF704730B5114DADF5017D57
:10B100004FF4FA740DF1020103A8ADF80240FFF705
:10B11000F1FF70B9294601A8FDF7BBFE029B002B89
:10B12000F0D003A8D3E90021904701A8FDF7BBFEAA
:10B13000F4E7052801D0FCF7ADFD0DF5017D30BD2C
:10B1400094D80200024B1B780BB1FFF7D5BF7047B4
:10B15000C17701204BDF70471FB50D4C01A8FFF7E9
:10B16000F9FF70B9214602A8FDF793FE039B002B5F
:10B17000F4D00198D3E90021904702A8FDF793FE8F
:10B18000F4E7052801D0FCF785FD04B010BD00BF31
:10B19000ACD802002DE9F3418E0804460D4600EBC1
:10B1A00086060027B44208D105F003052544002394
:10B1B000AC421CD102B0BDE8F08104220DEB0200CC
:10B1C000214601F094FA019A02F0803304F1040858
:10B1D0004FEAF313C7FA13F322EA030304222046CB
:10B1E0000DEB02010193444601F081FADAE794F98C
:10B1F0000020002AB8BF23700134D9E72DE9F04FB1
:10B200002DED048B9DB008EE103ABDF8A830BDF8C6
:10B21000B460DDF8CCA00B9008EE903ABDF8AC30ED
:10B220000893BDF8B0300593BDF8BC300993BDF864
:10B23000C0300793BDF8C8300C9318EE903A02F076
:10B24000030503F001031D430491934640F06A8215
:10B25000089B5343089A1293534315930AEB8303B5
:10B260000A9312FB02F313FB0BF39BB209EE103AA5
:10B270004FEA4B030693059B5B429BB20D930F93E2
:10B280005446059B0FFA85F999456CDABDF93C30B7
:10B29000059A1693089BDDF834809B1A109306FBE1
:10B2A0000933149300230E9326E00FFA88F31793C3
:10B2B000109B169F06FB09331393149B9F4226DBBA
:10B2C0000A9BA34212D1319B03932E9B0293079BAF
:10B2D0000193099B009318EE902A19EE103A18EE8C
:10B2E000100A514600F0DEFC544631900E9BB044EB
:10B2F00001330E931FFA88F8BDF938900C9B9945DD
:10B30000D3DB0F9B33449BB201350F93B9E7049B0A
:10B31000DDF85C907B431193139B994502DB013769
:10B320003FB2CAE7002F07DB049BBB4204DDB9F143
:10B33000000F01DB4B450BDC069A0021204601F093
:10B34000FFF9069B1C4409F101030FFA83F9E3E7B7
:10B35000119B03EB09000B9B5A4621460BFB003067
:10B3600000F0F0FEEDE7129B5B001893059B15FBC8
:10B3700006F5ED1AABB2059A10930C9B9B1A9945F2
:10B380001493C0F2F78019FB06F5AD1A0C9B4B45E0
:10B39000ADB240F35A812BB2059A1393089BDDF8A6
:10B3A00034809B1A0F9306FB0933129300230E93EC
:10B3B00016E10FFA88F319930E9B06FB0533119DD6
:10B3C00017930F9B9D4233DB0A9BA34212D1319B03
:10B3D00003932E9B0293079B0193099B009318EE06
:10B3E000902A19EE103A18EE100A514600F05AFC55
:10B3F00054463190139BB044013313931FFA88F8DD
:10B40000BDF94C50059BAB42D3DC149B9D4232DB13
:10B41000059B15FB06F7FF1A0C9B9D42BFB25ADB3A
:10B4200009F101030FFA83F9109B33441D46A1E78C
:10B43000049B199F6B431693179B9F4202DB6B1C67
:10B440001DB2BEE7002F02DB049BBB4209DC069A5B
:10B450000021204601F074F9069B01371C443FB2DD
:10B46000EAE7169BD8190B9B5A4621460BFB003086
:10B4700000F068FEF0E7119F06FB05F80F9BBB424A
:10B4800018DC0A9BA34212D1319B03932E9B02939B
:10B49000079B0193099B009318EE902A19EE103A2E
:10B4A00018EE100A514600F0FDFB5446319001356C
:10B4B0002DB2AAE7049B129A07FB0380059BC01AD2
:10B4C0000B9B21460BFB003000F03CFE189B013724
:10B4D0001C443FB2D2E73BB216930E9B06FB0533EA
:10B4E0001493119B0F9A9A4219DC0A9BA34212D122
:10B4F000319B03932E9B0293079B0193099B00931F
:10B5000018EE902A19EE103A18EE100A514600F083
:10B51000C9FB5446319001352DB237447CE7049A7B
:10B52000DDF858805A431392149A904502DB013398
:10B530001BB2D7E7B8F1000F02DB049A42450DDCDD
:10B54000069A17930021204601F0FAF8069A179BF5
:10B5500008F1010814440FFA88F8E5E71793139BE4
:10B5600003EB08000B9B5A4621460BFB003000F012
:10B57000E9FDEBE7BDF94030059A1193089BDDF832
:10B5800034809B1A0E9306FB09330F930023139309
:10B5900036E70FFA88F214920F9A139F06FB0323E3
:10B5A0001193129B9F4226DB0A9BA34212D1319B2F
:10B5B00003932E9B0293079B0193099B009318EE24
:10B5C000902A19EE103A18EE100A514600F06AFB64
:10B5D000544631900E9BB04401330E931FFA88F805
:10B5E000BDF938300C9A9A42D3DC09F101030FFA05
:10B5F00083F93544CAE6049B7B431093149B119A4C
:10B60000934202DB01373FB2CBE7002F06DB049AFF
:10B61000BA4203DD002B01DB9A420BDC069A16933B
:10B620000021204601F08CF8169B069A0133144441
:10B630001BB2E4E7109A1693D0180B9B5A4621468A
:10B640000BFB003000F07EFDEEE7544505D10020F5
:10B650001DB0BDEC048BBDE8F08F079A0123934029
:10B660005B08059319EE103A03F00305159B18EEDD
:10B67000101AC3F38F0205EB820301EB82070AEB7A
:10B68000C2020492002618EE902AB242DFDD2E9A02
:10B690009457099A9440059A18EE108A1444D1469A
:10B6A00047453A4611D104997819824233D118EEB0
:10B6B000102A1A4408EE102A079A1441319A04F30A
:10B6C00007041F4494550136DDE7414604221BA8B8
:10B6D000089301F00CF81B9A08F104084FEA322194
:10B6E0002FFA81FB2FFA82F3042249461BA8069306
:10B6F00000F0FDFF1B9A069B23FB0244042209EB8A
:10B7000002011BA800F0F3FF09F108091B9A2BFBAB
:10B710000244089BC4E712F901CB31F802EB1EFB8F
:10B720000C44C2E76FF0020092E72DE9F04F9BB0A6
:10B73000032A0593BDF890300D93BDF898300E9311
:10B74000BDF8A4300F93BDF8A8300993BDF8B03010
:10B75000BDF89490BDF89CA017900891109340F00C
:10B76000FE802D9A09FB09FB0C2319FB09F803FB4A
:10B770000B2308EB480814931FFA88F30B930E9BD6
:10B780005B429BB20C93079300230693BDF91830DC
:10B7900010998B4271DABDF91C1015910E990C9F0E
:10B7A000A9EB01010AFB03130A9113934FF0000860
:10B7B00020E039B216910A99159C0AFB03131293E3
:10B7C000139B9C4223DB149B93420FD12B9B03932F
:10B7D000289B0293099B01930F9B0D9A00932D992F
:10B7E0000B9B059800F0BEF82D9A2B90574408F15A
:10B7F0000108BFB210990FFA88F38B42D9DB069B80
:10B8000001330693079B53449BB20793BEE7089B03
:10B81000169D634311931646002312998D423246BA
:10B8200002DB013424B2CBE7002C06DB089AA242EB
:10B8300003DD002D01DBAA4205DC3360B380013556
:10B840002DB20636E9E7119B5919179B01EB41010F
:10B850000422194419A800F04AFF199A2FFA82F11C
:10B860004FEA32222FFA82F23180090C92B2090497
:10B870000A43C6F802200023E1E72D9B934203D13F
:10B8800000201BB0BDE8F08F099A05990123934071
:10B890005B080BEB4B02C2F38F0206930B9B01EB91
:10B8A00082072D9903F0030808EB820301EBC20223
:10B8B000079200260D9AB242E2DD289ADDF8B4A084
:10B8C00094570F9ADDF814909440069A1444B945A1
:10B8D0003A4610D1079907EB0800824238D1059A01
:10B8E0001A440592099A14412B9A04F307041F4441
:10B8F00094550136DEE74946042219A8089300F062
:10B90000F6FE199D09F104094FEA35222FFA82F259
:10B910002FFA85F54FEA124B4FEA0B4B4BEA154BCA
:10B92000ADB245EA02455146042219A800F0DFFEF7
:10B93000199A25FB024404220AEB020119A800F01F
:10B94000D6FE0AF1080A199A2BFB0244089BBEE7AF
:10B9500012F9015B31F802CB1CFB0544BDE76FF027
:10B9600002008EE72DE9F04F9DB001240093BDF851
:10B9700098300F93BDF89C300193299B0992134492
:10B98000109353080393009B0E9001EB4303029323
:10B99000019B9C4063080A93289B02330693299BD2
:10B9A00002330793109B02330893009B03F00303B9
:10B9B0001693009B9B089A008B4617921699009A43
:10B9C000561806EB83020D920BEBC3020592029A06
:10B9D00000EB830A02EBC3031593039B0B9306460C
:10B9E0000B9B002B38D1DDE90D21039B02FB0316D5
:10B9F000299B039A03EB4208099BDB0726D5289B6A
:10BA000013F912400F9B9C400A9B1C442546B146EB
:10BA1000059B9B4540F0F880179B1E44009B00222D
:10BA200003F003039A4240F03081019B039A1C41CA
:10BA3000299B04F3070403F81240019B1D41109B4E
:10BA400005F3070503F8125008F10108099B434468
:10BA500018461DB0BDE8F08F009BDDF808901896E1
:10BA6000F3180C93069B13F9025C0F9B9D400A9BF5
:10BA70001D44069B13F9014C0F9B9C400A9B1C44E0
:10BA8000D84604942B46059A90453CD10099169FC0
:10BA9000159801EB0A0605990C9152460AEB070925
:10BAA0004A4540F09C80019A049E1541079A05F38F
:10BAB000070502F8025C019A1441079A04F307048F
:10BAC00002F8014C019A43FA02F7089B07F30707B3
:10BAD00003F8027C089B16410D9A06F3070603F84B
:10BAE000016C189B13441E460B9B013B9BB20B93AE
:10BAF000069B02330693079B02330793089B02338E
:10BB0000089392446CE7414604221BA8199300F065
:10BB1000EEFD1B9B1493494604221BA800F0E7FD91
:10BB20001B9B1393314604221BA800F0E0FD1B9FD2
:10BB300004364FEA37222FFA82F22FFA87F7110CD8
:10BB4000090441EA1743BFB20C99129347EA02472E
:10BB50001BA8042200F0CBFD0C9B1B9A04330C9312
:10BB60004FEA32212FFA81F12FFA82F2080C0004F9
:10BB700040EA124392B2119342EA0142149B27FB1E
:10BB80000355139B1946199B27FB0137149B22FB76
:10BB9000034314930B46049922FB0313042208EB7E
:10BBA00002011BA8049300F0A2FD042209EB02018C
:10BBB0001BA81B9C08F1080800F099FD09F1080971
:10BBC0001B9A129B23FB045523FB027311991498B3
:10BBD00021FB0404049821FB0202049253E70C9910
:10BBE00016F9017B31F902EB30F902CB0C91049983
:10BBF00012F9018B1EFB07441CFB07171EFB08559F
:10BC00001CFB083304974BE7594604221BA800F09D
:10BC10006EFD1B9B0299049304221BA800F067FD94
:10BC2000494604221BA8DDF86CA000F060FD1B9BB8
:10BC300009F104094FEA33222FFA82F22FFA83F333
:10BC4000170C3F0447EA13479BB243EA0243049AA6
:10BC500023FB024423FB0A5504220BEB02011BA821
:10BC600000F045FD029BDDF86CA0042299181BA88A
:10BC700000F03DFD029B08330BF1080B029327FBFC
:10BC80000A441B9B27FB0355C2E60598B15630F8C2
:10BC9000120010FB0144159830F81200013210FB1D
:10BCA0000155BFE62DE9F04F99B09B46BDF88830AD
:10BCB0001093BDF88C300493259B059213440A938E
:10BCC00001EB4B030893049B0791012202FA03F353
:10BCD000D34009930BF003030E930E9903924FEA9E
:10BCE0009B03594401EB83010F9100EB8301029107
:10BCF000079901EBC3010D91089901EBC3030646B7
:10BD000013934FF0000A059B534508DC581C40086C
:10BD100003EB4000259B184419B0BDE8F08F06EBFB
:10BD20000B030693249B039A13F90A50109B149655
:10BD30009D40099B1D44249B9C56109B9C40099B45
:10BD4000DDE907891C4401942B460D9A904534D1B6
:10BD5000029A0E9F0D99139806910BEB020602EBC7
:10BD600007094A4540F08780049A0399019E1541CE
:10BD7000259A05F3070502F80A50049A1441259AFA
:10BD800004F307045454049A43FA02F70A9B07F396
:10BD9000070703F80A700A9B16410F9A06F3070675
:10BDA0005E54149B13441E46029B134402930B469D
:10BDB00002330AF1020A0393A5E74146042217A8B9
:10BDC000159300F094FC179B0C934946042217A886
:10BDD00000F08DFC179B0B933146042217A800F04E
:10BDE00086FC179F04364FEA37222FFA82F311930D
:10BDF0002FFA87F70422069917A800F078FC069B13
:10BE0000179A043306934FEA32212FFA81F31293E3
:10BE10002FFA82F20C9B27FB03550B9B1946159BAF
:10BE200027FB01370C9B22FB03430C930B46019924
:10BE300022FB0313042208EB020117A8019300F070
:10BE400056FC042209EB020117A8179C08F1080808
:10BE500000F04DFC09F10809179A119B23FB0455CA
:10BE600023FB027312990C9821FB0404019821FB17
:10BE70000202019269E7069916F9017B31F902EB9A
:10BE800030F902CB0691019912F9018B1EFB074490
:10BE90001CFB07171EFB08551CFB0833019760E7C6
:10BEA0002DE9F04F93B014460D93BDF87030039315
:10BEB000BDF8743001930D9B0A919B08209904935F
:10BEC00000F040F9019A012393401F9A02F1040BFC
:10BED000A20891000E9104F0030101EB820106918A
:10BEE00089000C910A9901EB02110991209904F043
:10BEF000030401EBC2025B08059202EB44020293C9
:10BF00000B921E9B0A9A0892049A07920433079A8E
:10BF1000E2B9049B049A9E001F9B03EB82051E9BC3
:10BF200003EB8208069B0A9A03FB06260E9B33440A
:10BF30001F460D9B03F00303EB180493049B9D42E3
:10BF400040F0BA80002013B0BDE8F08F039A13F9D7
:10BF5000045C13F9037C13F9024C13F9016CDDF84E
:10BF60008090DDF820809540029A1544039A97400E
:10BF7000029A1744039A9440029A1444039A9640F2
:10BF8000029A1644059A91452BD1099A05980432D4
:10BF90000B99884202F104027BD1089A0C990A4459
:10BFA0000892019A1541174114411641079A05F369
:10BFB0000705013A92B20792099A0BF8045C0A4409
:10BFC00007F3070704F307040BF8037C0BF8024C94
:10BFD00006F3070604330BF8016C09920BF1040B0E
:10BFE00095E74946042211A80F9300F080FB4146D3
:10BFF000042211A8DDF844A000F079FB119A4FEA61
:10C0000032212FFA81F12FFA82F222FB0A5521FB0D
:10C010000A77042208EB020111A800F068FB119ACC
:10C020004FEA32212FFA81F12FFA82F222FB0A44E1
:10C0300021FB0A6A042209EB020111A800F057FB58
:10C0400008F10801042211A8119E00F050FB119A7A
:10C0500009F108094FEA32212FFA81F12FFA82F211
:10C0600022FB065521FB0677042208F10C0111A8DA
:10C0700000F03DFB119A08F110084FEA32212FFA27
:10C0800081F12FFA82F222FB064421FB06A60F9BC8
:10C0900078E730F9021B12F908CC11FB0C5512F9A4
:10C0A00007CC11FB0C7712F906CC11FB0C4412F9EA
:10C0B00005CC11FB0C666BE7039B18F9014BDDF80F
:10C0C00080A09C40029BB1461C44B9453A460ED123
:10C0D000059B0B998B422ED1069B1E44019B1C4154
:10C0E000069B04F307041F4405F8014B26E7494665
:10C0F000042211A800F0FBFA119A09F104094FEA91
:10C1000032232FFA83F307932FFA82FB042251463E
:10C1100011A800F0ECFA119A22FB0B4404220AEB5E
:10C12000020111A800F0E3FA0AF1080A119A079B2C
:10C1300022FB0344C9E712F9011B33F8020B10FB81
:10C140000144C6E72DE9F74322F0030507460E46F2
:10C1500014464FEA920901F108080544AF4208F17C
:10C16000080809D104F0030406EBC9062C44A542D3
:10C1700013D103B0BDE8F083042239460DEB020071
:10C1800000F0B5FA019B04374FEA33222FFA82F20E
:10C190002FFA83F348E90432E0E715F9013B26F86A
:10C1A000023BE4E72DE9F74F4FEA92094FEA890B8A
:10C1B00004460F46164600EB89098A464C4508D1CD
:10C1C0005F4406F0030600239E4234D103B0BDE86D
:10C1D000F08F042221460DEB020000F088FA0422C1
:10C1E00051460DEB0200019D00F081FA019B69B2FE
:10C1F0005AB2A8469142B8BF62F3070845F3072137
:10C2000043F307229142B8BF62F30F2845F3074179
:10C2100043F3074291424FEA2565B8BF62F31748DE
:10C220001A16B5EB236FB8BF62F31F6844F8048B8E
:10C230000AF1040AC2E7FA56E1569142B8BFE25445
:10C240000133C1E72DE9F04F2DED028B87B0804619
:10C250000193BDF848300093BDF85070BDF84C30E4
:10C2600002930E46154600230FFA83F9B14542DAD0
:10C2700006FB09F909EB060205FB028203924FF067
:10C28000000B2BE0029A059309EB040A5443009A31
:10C29000A21A5EBF009809EB0401091A019805FB78
:10C2A0000A8A024454BF05FB01815146B242B4BF21
:10C2B000009A039C0491BFBF4C44A41A0246A418E0
:10C2C00050462A46B8BF05FB048400F0C2F9049921
:10C2D000059B2944A14207D30BF1010B0FFA8BF404
:10C2E000BC42CFDB0133BFE72A4650460593049199
:10C2F000FFF758FFEBE706FB05FB06FB0B830393F9
:10C3000005FB07F308EE903A17FB05F39BB208EE26
:10C31000103A4FF0000A0FFA8AF3BB4204DB07B071
:10C32000BDEC028BBDE8F08F169A07FB03F905FB05
:10C330000929029A03FB02F4009BE41A019B58BFEF
:10C3400004FB06F11C4454BF05FB01814146A64293
:10C35000C8BF744318EE902A4846D8BF039C049186
:10C36000C8BF05FB048400F074F904995944A14244
:10C3700002D30AF1010ACEE718EE102A48460491CA
:10C38000FFF710FFF1E700002DE9F04F6FF07F039A
:10C39000914685B006460F46002211B2B94202F11D
:10C3A000010235DB083B5FFA83F81A0448EA0368A8
:10C3B0000FFA83FA02F47F021B0203F47F434FEA71
:10C3C000970B48EA020848EA03084FEA8B030193F7
:10C3D00006EB8B0B354600245D451ED107F00307A5
:10C3E0002F44AB460122BB4547D14F464FF4801343
:10C3F00093FBF4F4B54207F1040749D1019B0AF11C
:10C400000D0A9944AB4540F0828005B0BDE8F08F3D
:10C4100071568B42B8BF0B46BFE72946042203A8DA
:10C4200000F065F904350399C1FA08FE4FEA3E2190
:10C430002FFA81F12FFA8EFE1FFA8EF04FF0010CC9
:10C4400040EA0140394BA0F30300C2B20CFA02F2F9
:10C45000C0F3074014440CFA00F01940044441EAC8
:10C460001E41A1F30302D0B20CFA00F0C2F307425E
:10C4700004440CFA02F21444AEE71BF9013BA3EBAF
:10C480000A0383F30303DBB202FA03F31C44AAE7B3
:10C490003146042203A800F02AF9043603994FF02C
:10C4A0000D32C2FA01F282FA08F24FEA32212FFA73
:10C4B00081F12FFA82FC1D4B1FFA8CF040EA0140FB
:10C4C000A0F30500C2B244FA02F202F3070207F831
:10C4D000042C01EA0302C0F3074042EA1C42A2F323
:10C4E0000502D1B2C2F3074244FA00F044FA01F166
:10C4F00044FA02F200F3070001F3070102F3070216
:10C5000007F8030C07F8021C07F8012C72E715F96D
:10C51000013BAAEB030383F30503DBB244FA03F305
:10C5200003F3070309F8013B6CE700BF0000FFFFBE
:10C530007F2805D8034B185C034B5B5C18407047A1
:10C5400000207047C4D8020044D90200A0F1610362
:10C55000192B98BF20387047A0F14103192B98BFC1
:10C56000203070477F2805D8034B185C034B5B5C79
:10C570001840704700207047C4D8020044D9020018
:10C58000A0F16103192B98BF20387047A0F1410337
:10C59000192B98BF203070477F299ABF0170012066
:10C5A0006FF02E0070475AB10A787F2A0AD800B17E
:10C5B0000260002119605960501A18BF01207047AD
:10C5C000002070476FF02E00704738B504460846CB
:10C5D000A26842B1236861685D1C8D4208BF0020DB
:10C5E0008B4208D2D054E3682BB121686268914233
:10C5F00001D22146984723680133236038BD70B5C6
:10C600004C1E09D41646C5B229463046FFF7DDFF59
:10C61000013CB4F1FF3FF7D170BD10F0100F08D10D
:10C6200008B510F4007F14BF30202020FFF7E7FF8B
:10C6300008BD704708B5034B5B689B681B6898474B
:10C6400008BD00BFF0B8002008B50921FFF7F2FFD0
:10C6500008BD10B4144688420BD98B1882182CB12F
:10C6600013F8014D02F8014D9942F9D15DF8044BE0
:10C6700070478842FAD0002AF8D0431E0C4411F8C3
:10C68000012B03F8012FA142F9D1EFE70FB410B548
:10C6900086B008AB53F8044B0593002303936FF067
:10C6A00000430293084B049300F0EAFB059A2146ED
:10C6B00001A800F0CBF8044600F0E3FB204606B0EA
:10C6C000BDE8104004B070475D8F0200037853B19D
:10C6D00059B10144034613F8012F12B18B42FAD12C
:10C6E0000B46181A70470346FBE70346F9E78446F2
:10C6F00040EA010313F0030F18D18446202A0BD31C
:10C700002DE9F007B1E8F807A0E8F807A2F1200248
:10C71000202AF7D2BDE8F007042A07D351F8043BDA
:10C7200040F8043BA2F10402042AF7D2002A05D003
:10C7300011F8013B00F8013B013AF9D1604670471E
:10C740008446002A2DD010F0030F04D000F8011BFE
:10C75000013A26D0F7E7C9B241EA012141EA014195
:10C76000202A12D3A2F120022DE9F0030B460C4639
:10C770000D460E460F4688468946A0E8FA03203A41
:10C78000FBD2BDE8F00320320BD0042A05D340F8D9
:10C79000041B043A05D0042AF9D200F8011B013A1F
:10C7A000FBD160467047024610F0030F16D111F01E
:10C7B000030F13D12DE9F0004FF001374FF0803314
:10C7C00051F8044BA4EB070525EA04051D4002D1EE
:10C7D00042F8044BF4E7A1F10401F0BC11F8013B6D
:10C7E00002F8013B002BF9D1704700F1010110F074
:10C7F000030F11D010F8012B002A23D010F0030FE3
:10C800000AD010F8012B002A1CD010F0030F03D01F
:10C8100010F8012B002A15D02DE970004FF00132DD
:10C820004FF0803350F8044BA4EB020525EA0405D1
:10C830001D4000D1F6E7A0F1040070BC10F8012BF8
:10C84000002AFBD1A0EB0100704700002DE9F04F5A
:10C8500089B007460392002303600C4614F8011BBD
:10C86000002900F0FA82DFF814B5E9E2002507E0BC
:10C870005E2868D145F4805501E045F040051C462E
:10C88000234613F8010B3028F2D81F2837D9A0F11E
:10C890002002102A33D801A151F822F07BC80200EF
:10C8A000FFC80200FFC80200E1C80200FFC8020082
:10C8B000FFC80200FFC80200E7C80200FFC802006C
:10C8C000FFC80200FFC80200EDC80200FFC8020056
:10C8D000F3C80200FFC80200FFC80200F9C8020046
:10C8E00045F08005CBE745F40045C8E745F0200555
:10C8F000C5E745F01005C2E745F40075BFE72A28F3
:10C9000021D1039A111D0391D2F800A0BAF1000FB2
:10C91000BCBFCAF1000A45F010051878A31C2AEA2A
:10C92000EA7A2E2826D00021742847D07A2845D0CC
:10C930006C2800F0A8804C2800F0AB80682800F03C
:10C94000B8801C463DE0A0F13002D2B2092A88BF6F
:10C950004FF0000AE3D84FF0000A0AEB8A0A303899
:10C9600000EB4A0A13F8010BA0F13002D2B2092AF7
:10C97000F3D9D4E718782A280AD1039A111D039114
:10C980001168587802330029CEDB45F48075CBE777
:10C990000133A0F13002D2B2092A88BF0021F4D8B5
:10C9A000002101EB8101303800EB410113F8010B4C
:10C9B000A0F13002D2B2092AF3D9E4E71C4614F8F8
:10C9C000010B002800F05582A0F12503DBB2532BA8
:10C9D00062D8A0F12503532B5ED8DFE813F0760070
:10C9E0005D005D005D005D005D005D005D005D005F
:10C9F0005D005D005D005D005D005D005D005D004F
:10CA00005D005D005D005D005D005D005D005D003E
:10CA10005D005D005D005D005D005D005D005D002E
:10CA20005D005D005D005D005D005D005D005D001E
:10CA30005D005D005D005D005D005D005D005D000E
:10CA40005D005D00EB005D005D005D005D005D0070
:10CA50005D005D005D005D005D007B0020015D000C
:10CA60005D005D005D0020015D005D005D005D001A
:10CA700095000E01D1005D005D00A6005D0019016A
:10CA80005D005D00ED001C4614F8010B45F001054A
:10CA900097E745F001051C46B44B1E68002E00F0D8
:10CAA000CC8103AB0193009153462A463946B047E7
:10CAB000C3E11878682803D05C1C45F0040580E7C2
:10CAC00045F008059C1C58787BE725213846FFF780
:10CAD0007CFDB2E1039B1A1D03921E780AF1FF3A16
:10CAE0003A4651462846FFF798FD31463846FFF74B
:10CAF0006CFDA94619F0100F00F09F813A4651468F
:10CB00002020FFF77CFD98E115F0080F06D03A6869
:10CB1000039B191D03911B681A708EE1039B1A1D5C
:10CB200003921B683A681A6087E1039B1A1D0392FF
:10CB3000D3F800808E4BB8F1000F08BF98464646E8
:10CB400025F4007915F4807F15D04046FFF7BEFD2F
:10CB50000546AAEB050A3A4651464846FFF75DFDF1
:10CB6000002DC7D0454416F8011B3846FFF72DFDB0
:10CB7000B542F8D1BEE74046FFF737FE0546E8E785
:10CB8000039B1A1D03921B6815F0800F0CBF002633
:10CB9000232645F4807508211A46002B00F02981D0
:10CBA00005AB4FF0000805F4005CA64660468C46D5
:10CBB0000146D1E045F4005515F0800F1BD043F23B
:10CBC000780643F25803782818BF1E4615F4807F74
:10CBD00001D025F4007515F4804F32D0039B1A1D47
:10CBE00003921B6815F0040F1FD01BB2002B20DA34
:10CBF0005B422D262DE00026E8E715F0800F0CBFE4
:10CC00000026302615F4807FE5D025F40075E2E794
:10CC100015F4807F07D025F400750026DBE745F486
:10CC200080450026D7E70026D5E715F0080FDDD0B0
:10CC3000DBB215F0200F60D115F0400F18BF202691
:10CC400007E0039B1A1D03921B6815F0040F4FD0D9
:10CC50009BB215F4807F14BF25F40075012158386C
:10CC6000202800F2AE8001A252F820F099CB0200F9
:10CC7000C3CD0200C3CD0200C3CD0200C3CD02006C
:10CC8000C3CD0200C3CD0200C3CD0200C3CD02005C
:10CC9000C3CD0200C3CD0200C3CD020027CD0200E8
:10CCA000C3CD0200C3CD0200C3CD0200C3CD02003C
:10CCB00027CD0200C3CD0200C3CD0200C3CD0200C8
:10CCC000C3CD0200C3CD0200FFCC020099CB02000D
:10CCD000C3CD0200C3CD0200C3CD0200C3CD02000C
:10CCE00027CD0200C3CD0200C3CD020099CB0200C4
:10CCF00015F0080FADD0DBB2ABE72B26A9E71A463B
:10CD00004FF00008002B5ED005A84FF0000803F09C
:10CD10000703303300F8013B08F10108D20813463D
:10CD2000002AF4D14FE018464FF00008002B4AD0FB
:10CD30004FF0000805F4004E4FF02C0973468E4664
:10CD400019462FE002F00F000A4C205C03F8010B9B
:10CD500008F10108120906D00029F3D002F00F00F3
:10CD6000054C205CF2E7744661462CE0C477012054
:10CD700018DB0200F8DA020008DB0200CDCCCCCCD4
:10CD800008AB03EB080CABFB0032D20802EB8203CA
:10CD9000A0EB430330330CF80C3C08F101080928E0
:10CDA0000DD910460029EBD008F00303032BE7D17F
:10CDB00008AB434403F80C9C08F10108E0E7714616
:10CDC00001E04FF00008A1EB080121EAE179AAEBAC
:10CDD000090AAAEB080AFF2E0ED9AAF1020AC6F325
:10CDE00007213846FFF7F1FBF1B23846FFF7EDFBBC
:10CDF00004E04FF00008E6E7002E3DD13A465146E8
:10CE00002846FFF70AFC3A4649463020FFF7F7FB71
:10CE1000B8F1000F0EDD0DF1140908F1FF38C84418
:10CE200098F8001046463846FFF7CFFBC14508F199
:10CE3000FF38F5D115F0100F09D114F8011B61B1BD
:10CE400025293FF413AD3846FFF7BFFBF5E73A4617
:10CE500051462020FFF7D3FBEFE7BB682BB13A68C0
:10CE600079688A423CBF00219954386809B0BDE80E
:10CE7000F08F4FF0FF30F9E70AF1FF3AB4E700BF57
:04CE80007047704740
:08CE8400E19102000000000032
:10CE8C00E9AA020000000000D9A002000000000086
:10CE9C00C5A8020020CE0020F5AC020054D2002020
:10CEAC00D1A902000000000075AE02006CD2002077
:08CEBC001DAF0200CCB80020FC
:08CEC4007D9202000000000055
:10CECC0045B102000000000059B102000000000052
:10CEDC0048B9002010BA002018BA002050B9002020
:04CEEC00180000002A
:10CEF00052D602000000000058D6020000000000D8
:10CF00005FD602000000000063D6020000000000AF
:10CF100068D6020000000000B5CF02000000030345
:10CF20008CD0020000000000B0D002000000000021
:10CF30006CD80200000000004CD602000000000087
:10CF40005FD802000000030374D80200000003034E
:10CF500088D8020000000303A0D8020000000303E9
:10CF600036D10200000000003FD1020000000000A6
:10CF700088CF02000000000094CF0200E82A0020C1
:10CF80000338FDD870470000D573020041740200D9
:10CF9000D17302007274745F6C6F675F6261636B60
:10CFA000656E64004261636B656E647320666C75C8
:10CFB00073686564006170700000000038BE002076
:10CFC0007F000000B8BE00201B5B306D00257300A1
:10CFD0001B5B313B33316D0025734C6F67732064ED
:10CFE000726F70706564202825642925730D0A000E
:10CFF0003C25733E2025733A2000202530327800EE
:10D00000202020007C002563001B5B313B33306D0A
:10D01000001B5B313B33326D001B5B313B33336DA7
:10D02000001B5B313B33346D001B5B313B33356D93
:10D03000001B5B313B33366D001B5B313B33376D7F
:10D04000007761726E696E6700696E666F00646575
:10D0500062756700C8CF020009D00200D0CF02007D
:10D0600011D0020019D0020021D0020029D0020004
:10D0700031D0020039D00200000000009DD0020033
:10D0800041D0020049D002004ED002006170705FB2
:10D09000627574746F6E00466174616C20657272A3
:10D0A0006F720053797374656D20726573657400D7
:10D0B0006170705F74696D657200010006000000A8
:10D0C00000000000D0BE0020857D0200FFFFFFFFB2
:10D0D000FFFFFFFFFFFFFFFFFFFFFFFF000000005C
:10D0E000000000000000D601060100005254432059
:10D0F000696E7374616E636520616C7265616479D9
:10D1000020696E697469616C697A65642E00525495
:10D11000433A20696E697469616C697A65642E00AE
:10D120000338FDD87047303132333435363738392B
:10D130004142434445467077725F6D676D7400737A
:10D140006F72746C697374004E52465F535543435B
:10D15000455353004E52465F4552524F525F53560D
:10D16000435F48414E444C45525F4D495353494EED
:10D1700047004E52465F4552524F525F534F4654FE
:10D180004445564943455F4E4F545F454E41424CDE
:10D190004544004E52465F4552524F525F494E54ED
:10D1A00045524E414C004E52465F4552524F525FDF
:10D1B0004E4F5F4D454D004E52465F4552524F52C5
:10D1C0005F4E4F545F464F554E44004E52465F45AA
:10D1D00052524F525F4E4F545F535550504F52541E
:10D1E0004544004E52465F4552524F525F494E569B
:10D1F000414C49445F504152414D004E52465F45BB
:10D2000052524F525F494E56414C49445F5354412C
:10D210005445004E52465F4552524F525F494E565A
:10D22000414C49445F4C454E475448004E52465F7E
:10D230004552524F525F494E56414C49445F464C0D
:10D24000414753004E52465F4552524F525F494E3E
:10D2500056414C49445F44415441004E52465F455B
:10D2600052524F525F444154415F53495A45004E18
:10D2700052465F4552524F525F54494D454F5554A7
:10D28000004E52465F4552524F525F4E554C4C0035
:10D290004E52465F4552524F525F464F52424944AA
:10D2A00044454E004E52465F4552524F525F494EE2
:10D2B00056414C49445F41444452004E52465F45FA
:10D2C00052524F525F42555359004E52465F45529B
:10D2D000524F525F434F4E4E5F434F554E54004E98
:10D2E00052465F4552524F525F5245534F5552433B
:10D2F0004553004E52465F4552524F525F4D4F4488
:10D30000554C455F4E4F545F494E495449414C4935
:10D310005A4544004E52465F4552524F525F4D555A
:10D320005445585F494E49545F4641494C45440075
:10D330004E52465F4552524F525F4D555445585FCD
:10D340004C4F434B5F4641494C4544004E52465F6B
:10D350004552524F525F4D555445585F554E4C4FB4
:10D36000434B5F4641494C4544004E52465F45524F
:10D37000524F525F4D555445585F434F4E445F499D
:10D380004E49545F4641494C4544004E52465F4524
:10D3900052524F525F4D4F44554C455F414C5245A0
:10D3A0004144595F494E495449414C495A4544000A
:10D3B0004E52465F4552524F525F53544F5241476F
:10D3C000455F46554C4C004E52465F4552524F52B7
:10D3D0005F4150495F4E4F545F494D504C454D455C
:10D3E0004E544544004E52465F4552524F525F469E
:10D3F0004541545552455F4E4F545F454E41424C56
:10D400004544004E52465F4552524F525F494F5F6E
:10D4100050454E44494E47004E52465F4552524F8A
:10D42000525F4452565F5457495F4552525F4F56C0
:10D43000455252554E004E52465F4552524F525F32
:10D440004452565F5457495F4552525F414E4143E3
:10D450004B004E52465F4552524F525F4452565F08
:10D460005457495F4552525F444E41434B004E5220
:10D47000465F4552524F525F424C455F49505350B0
:10D480005F52585F504B545F5452554E4341544580
:10D4900044004E52465F4552524F525F424C455FE8
:10D4A000495053505F4348414E4E454C5F414C52AA
:10D4B000454144595F455849535453004E52465FC5
:10D4C0004552524F525F424C455F495053505F4C5A
:10D4D000494E4B5F444953434F4E4E454354454498
:10D4E000004E52465F4552524F525F424C455F4993
:10D4F0005053505F504545525F52454A454354454D
:10D500004400556E6B6E6F776E206572726F72207D
:10D51000636F6465000000000000000048D1020055
:10D520000100000054D102000200000072D102008C
:10D530000300000093D1020004000000A6D1020005
:10D5400005000000B7D1020006000000CBD10200A8
:10D5500007000000E3D1020008000000FBD1020038
:10D560000900000013D202000A0000002CD20200C1
:10D570000B00000044D202000C0000005BD202004D
:10D580000D0000006FD202000E00000081D20200E8
:10D590000F00000090D2020010000000A4D2020090
:10D5A00011000000BBD2020012000000CAD202002B
:10D5B00013000000DFD2020080000000F3D202005E
:10D5C0008100000014D302008200000030D302006A
:10D5D000830000004CD30200840000006AD30200E4
:10D5E000850000008BD3020086000000B0D302004B
:10D5F00090000000C7D3020091000000E5D30200B4
:10D600009200000003D402000082000018D402003F
:10D610000182000036D402000282000052D40200CF
:10D62000008400006ED402000184000092D4020045
:10D6300002840000BCD4020003840000E1D4020094
:10D64000000000000101010000000000636C6F6336
:10D650006B00434C4F434B004750494F54450050DB
:10D6600052530055415254005541525445000D410A
:10D6700070706C69636174696F6E20737461727429
:10D6800065642E0D0A0070726570726F6365737346
:10D69000696E6720646F6E650D0A00636F6E766F4A
:10D6A0006C76696E6720646F6E650D0A0072656C3A
:10D6B0007520646F6E650D0A006D6178706F6F6C18
:10D6C00020646F6E650D0A007131356F70742066CD
:10D6D0006320646F6E650D0A00713720736F667486
:10D6E0006D617820646F6E650D0A0025643A20250F
:10D6F000640A0000080000000600000005000000A9
:10D70000070000000000000000E0D7015465726DC2
:10D71000696E616C005254540053454747455200AE
:10D7200073645F626C655F6761705F646174615FA1
:10D730006C656E6774685F75706461746528292014
:10D74000287265717565737429206F6E20636F6E22
:10D750006E656374696F6E20307825782072657409
:10D7600075726E65642025732E005468652072659D
:10D77000717565737465642054582F525820706118
:10D78000636B6574206C656E6774682069732074C0
:10D790006F6F206C6F6E672062792025752F25755D
:10D7A000206F63746574732E005468652072657110
:10D7B00075657374656420636F6D62696E61746909
:10D7C0006F6E206F6620545820616E64205258207E
:10D7D0007061636B6574206C656E67746873206933
:10D7E0007320746F6F206C6F6E67206279202575CF
:10D7F000206D6963726F7365636F6E64732E00735F
:10D80000645F626C655F67617474735F6578636899
:10D81000616E67655F6D74755F7265706C792829DC
:10D820002072657475726E65642025732E007364B2
:10D830005F626C655F67617474635F65786368617C
:10D840006E67655F6D74755F726571756573742859
:10D85000292072657475726E65642025732E006EC2
:10D8600072665F626C655F6761747400626C655FAD
:10D870006E7573006E72665F73646800CCCE0200D2
:10D88000DCCE0200080000006E72665F7364685FA1
:10D89000626C65008CCE0200C4CE0200080000005D
:10D8A0006E72665F7364685F736F630084CE02009C
:10D8B0008CCE02000800000043000000504F534986
:10D8C0005800000020202020202020202068282828
:10D8D0002828202020202020202020202020202038
:10D8E00020202020481010101010101010101010C0
:10D8F00010101010848484848484848484841010A0
:10D9000010101010108181818181810101010101BC
:10D9100001010101010101010101010101010110E8
:10D920001010101010828282828282020202020291
:10D9300002020202020202020202020202020210B9
:10D940001010102000070320041702010857104090
:10D9500080000000B8D80200BCD90200D0DA020072
:10D9600053756E004D6F6E00547565005765640009
:10D97000546875004672690053617400000000002D
:10D980004A616E00466562004D617200417072002E
:10D990004D6179004A756E004A756C0041756700EB
:10D9A000536570004F6374004E6F760044656300EA
:10D9B00000000000414D00504D000000F4DA02006C
:10D9C000F0DA0200F0DA0200F0DA0200F0DA020027
:10D9D000F0DA0200F0DA0200F0DA0200F0DA020017
:10D9E000F0DA0200FFFFFFFFFFFFFFFFFFFFFFFF77
:10D9F000FFFF000030DA020060D902006CDA02009A
:10DA000080D90200B4D9020014DA0200C4DA02009C
:10DA100020DA0200256D2F25642F257900000000F3
:10DA200025612025622025652025542025590000E8
:10DA300053756E646179004D6F6E64617900547541
:10DA40006573646179005765646E6573646179001C
:10DA50005468757273646179004672696461790013
:10DA60005361747572646179000000004A616E75DB
:10DA7000617279004665627275617279004D6172FA
:10DA8000636800417072696C004D6179004A756E7F
:10DA900065004A756C79004175677573740053654C
:10DAA0007074656D626572004F63746F62657200B9
:10DAB0004E6F76656D62657200446563656D626583
:10DAC0007200000025483A254D3A25530000000019
:10DAD00031C502004DC5020059C5020065C50200EE
:10DAE00081C502008DC5020099C50200A7C50200CC
:10DAF000000000002E00000030313233343536375C
:10DB000038396162636465663031323334353637B3
:0FDB10003839414243444546286E756C6C2900F4
:10DB200000000000FF000000001001401100040090
:10DB30000000000000200040000000000020004025
:10DB4000000000000090D003CFEEF9ECF4F10702E2
:10DB5000F6ACB8BFCBFAA9C1C0E4E4FCFDF6CCF149
:10DB6000FBF9E1D49AEDFBBFF7FF0206FC0604F5D2
:10DB700008F7F50AF4050F0BFFFF21E7EE2FDDE9AB
:10DB800019E5FB00FC0902FB0022E7EB37D8DF2296
:10DB9000E0F005F902EB100EFC05030EF6F903F6B2
:10DBA000FEF80508E3170CE70F08F10407F0050875
:10DBB000F3110C02FCFFFFF60906FC150B000CF636
:10DBC000F7FC0D0A0C130B1B00FB0BEBE6E4F9034F
:10DBD000F1100E1AEAE7F8E3E8E90006F30D190080
:10DBE000EBEEFDEBEDF30B0E040D12FC0610FFF651
:10DBF000F2F90C09050D08FC090AF7FC07FD0707F7
:10DC0000F4070300FFF902F8FB09FD06FC07F6E73D
:10DC100007F9F90A020EFC0211F705FD07F6E70401
:10DC2000F6F8000010F90B19F20D0407F4E905F0FD
:10DC3000EF08000B020D15F509FD02F7F7FDF2F5EF
:10DC400001FF06FA060EFF100B0703F21506FA1184
:10DC50000D040107FDFA02021B0DFB1200F9FAFC8C
:10DC600002E8F500EEF8061808F20BFAF8F8000CD6
:10DC7000EAFE0DF1FD071D06F00AFAFCF4F90BE6C9
:10DC8000F203F6F8001005F8FBFB03F1FE17EFFBBB
:10DC90001101010C0A03FBF9EEF9FDFC0203060475
:10DCA0000402F911140CE9E5F1FD0306050F06FE67
:10DCB00002FB16160BE6E2EDFAFB030A0C06020164
:10DCC000FD140E04F1E6EE00F7010E080601F9F767
:10DCD000080B06F6F3F5FCFC08020511F7000BF73C
:10DCE000F515060D27F9011E020C24F5FF1CFEE7B1
:10DCF000FA06F0FAF7DEE803EFF102ECF500F3F5CF
:10DD0000190D0600F1EC1007F507FDF6FBFEFA0E03
:10DD1000160CF0FBF4071707F605FEF6FFF70715DC
:10DD200008EDFEF3021503F109FEFCFEFEF4020D00
:10DD3000ED01060010FF0508E40BFEFCF6FF15E2FE
:10DD4000FC16F80E090B0EEB14F7E900FC13E4F7D0
:10DD50001FE2FF0C030EF51E03E803F806EAF71FA7
:10DD6000E3021AFB0B081802DC1803F7FAEF04F8B9
:10DD7000F80C01FF0503F40FFAFEFF000FF5EE06A5
:10DD8000EEF6060306FD03F40DF2FF2BE9FD34F079
:10DD9000F51CF804FA05F510FAEC20E4E826E1EAAF
:10DDA00014F005F307FE0503FA11F6F816F3FB0D60
:10DDB000000BF00EFDF20603FC0404FE02FDF70565
:10DDC0000201FEF6FAFDEFFE01ED0201F2080B0E74
:10DDD000030701F3F302FFFDF700FBEE040012035B
:10DDE000090FF6F80AF4EE05FDF0F600F205040E50
:10DDF0000EFF0A10FAFE0EFFF40802EEF3FF11FE0A
:10DE00000218FCFD1108FF0C09FAFDFEF703FEF3F2
:10DE1000FFFBEFFBF9F0F9F8F2F703F7FF00F3F976
:10DE200004F7F903FAF8FEFCF905F9FC01F8F50A24
:10DE300006FD0E0CFF060AFE00F4F0FDF7ED0001F2
:10DE4000F4090CFE010AFF0A04F80603F50B0E01A3
:10DE50000C1308031009F9FF04F5FF03010C080770
:10DE60000F0DFBFE04F9FB01F8FD02010A09FF0892
:10DE700009F5F7FE00FF06F2F3FA01030A03040BAB
:10DE8000FFFB0507040AF2EFF6F4F3FAF5F2FA01E4
:10DE9000FA0102FF01FBF9FDFEFC01F5F3F7F4F0D6
:10DEA000F4FEFFFEF7FBFCF9FD03FFFD0809FE0190
:10DEB000080B0D050E11010A11FF031200FA00FFF5
:10DEC0000003040D10FF080EFC020EF0ECF2FDFD45
:10DED000000D1519050B0EFBFE0901FB02FAF7F206
:10DEE000F9FCF8F6F7F3F6F4F407FFFEFB02F2FB99
:10DEF00003FA010903F803FFF70200F4FCEB061133
:10DF000008111C16FB0602F1F8F90815FD0214FBB6
:10DF1000FF10F80711030006010B1A00EAFCDFDC12
:10DF2000F0D8FE0E01020A050111F6F003EAEAFF3D
:10DF3000F2F70A06F907070AF805FDFCFFF9F9F9F7
:10DF40000100FEF90B0905FE020C0E100C07020081
:10DF5000F7E9F2F8E9FFF5F2F9F7F90E0B072C23D0
:10DF60001322260C010309FAFC08E0E4EDD7D3DB09
:10DF7000F2EFEFF904FDFB0808031015080E18FD79
:10DF8000FB06F5F1EEF8F4F4FAF2F809FA011003E1
:10DF90000B0303F8FB00FAF3F3F3FAF1F106FBFCD1
:10DFA000091005010E05FC07FFF4F5EE00FAF40573
:10DFB0000E00FF0D02021206F7FCF000FDEF040C4C
:10DFC00000FF0D02001006FA01F7FBF8ED12FFFC4E
:10DFD00010FEFA12FFFC09FC01F4F3FC09FDF70640
:10DFE000FCF20F05FEFBFBFFECF7FD1002FB0C0340
:10DFF000F90F0701F4F9FEF1FE021207FF0A02FB16
:10E00000FFF8F8EEF1F9FE0709F1F1EFF9FAF9F48A
:10E01000F4FAEFF4FA090E0C0D070603FD02FAF903
:10E0200001F9FC03F5F4FA0C0B06FCFDFEF1F4FC1F
:10E03000F9FC03F7F7FC0F110CFD0102EEF3FA04F3
:10E04000050A060105090E08FA0103EBF1F9FEFFC6
:10E050000504FF0204110EFC0409E8ECF5F9F903CC
:10E06000FEFA010509F60609F40C0BF90401F10B9F
:10E0700009FA190F05150D05170E070D02FD110AF6
:10E0800006FFF6FEECEBF2F5F5FEF5F4FDF0F1FD22
:10E09000FCF206F0EDFFFDFE0DFFFD0CFAF60800A8
:10E0A000FB0AF5F604FCFF08F5FB03FAFF08F8F19C
:10E0B00000FD0009040B0EFD0304F1F7FAF4F2FF72
:10E0C000EEF8FFE6F4F8E4F4F7E2F3F80AFFFA0FEB
:10E0D00011050B16080F180811190C0AFBF7040498
:10E0E000FB010A010204F80607F905F6FAFFFBFD39
:10E0F00003080A0104FEFF00F802F80300FA090110
:10E10000FEF80601FD01F60605FA07F8F4000B110A
:10E11000FCF9FFF401FE090B0211DDE0EB263414DB
:10E12000E5EFE2040211120A13D4DEDE2B3B1CE7FA
:10E13000EFE10600100A0412E1E5EA1B1F10F6F7F2
:10E14000F003FA06FEF50F0A000EFEF8F800F9F9E2
:10E150000D000B02F9030A040300FEF2FFFFF0FFBB
:10E1600003FA08FC030C04020401EF070AF8000A92
:10E17000FEFDF1000A0408F6F3E8F9FEF00008FDE0
:10E18000FAFA07070B0D0209FAFC0BF1021600025E
:10E19000FCFEF6F4FB180F19FFFCFEF5FFFD070B64
:10E1A00005F0EFE9E3DDE2352D36F5F7F4FD050482
:10E1B0002C2724D3CDCDEDE4F019181CF100F40781
:10E1C00001022C2A28DCD7D7050003FF1205EFF146
:10E1D000F107080E0B030401F5F80AFFFEFBF6FD3C
:10E1E00006060A050909FA0300F2EBF0D8D9E600A1
:10E1F00004100F1418F2F9FB03FB01F3F400F0F51F
:10E2000006040714F5F7FF0BFC070E0716F2F205DC
:10E21000F9FA0CFCF70412FA050EFC0CFEF50603E5
:10E22000FB0B04F60102FFF204FAE91A0BF10CF9F8
:10E23000DF06F6F10D06EC0E00E702F2DE01FCF55A
:10E240000309170106FBFAFEF8F90611FB122AED85
:10E250000A2AFDFFFEFE0108040B1DEEF407F0F98B
:10E260000201FF09F7F70FF9FB12FFFC060102FAA2
:10E27000F607FE0104FEFEFC0605F90403F9FEF5AF
:10E280001100F1EEE828191EF7ECEE010401E0F4AC
:10E29000EA362B2900EDF7E3E3E70510141406082E
:10E2A0001D0510C4B6BF25272BFBFEFE15F909EB93
:10E2B000DAED06160E021911EA04F50306F1FB0267
:10E2C000F3FE0CF8000D05FC0105F81304FB1C1D02
:10E2D000EE1213EC01FEF7FEF6E20108C7E6FDD1EF
:10E2E000E4F60401030F04FFFCF8040CFD0A3010EF
:10E2F000192601FF0FF9FC17FE021FF9F117EFEDC8
:10E3000006ECEBFEFF0404FC030900080AFAFD1109
:10E31000FEF50EFEECF4F812F1F714FCFF170706F9
:10E3200014FEFDFBF4FD1AE5F111EAF613F6FD10FB
:10E33000F6FD00F9FF13F0FA10F4FB10F9FB06FAF2
:10E34000FCF7FBFC08FAFE0901FF040700FA0905C7
:10E35000F30C0604080F0AEAF4F1DEECEDF2FEFD20
:10E360000900070D1215031516E1F5FAE8FB000880
:10E37000F6FFF4ECF3080D0D101C1805151603F547
:10E38000FB01F1F51206000301F8FF0206FFFBF89E
:10E3900008FBF81607FA06FCF3FCF4FAF4F7F6F7B4
:10E3A000F7F5FAFAF7FAF9F6FAF7F6F5F8F8F7F9F1
:10E3B000F9FBFDFCFBFCFCFAFBFD010404FF03037D
:10E3C000010404FE0102FE0105FD0306FB0104FB3E
:10E3D0000103FC0003FD0206F7FE02FA0103FB0144
:10E3E00001FB0002FB010400FCFF14060214FEEF17
:10E3F00007FFF1F604FDF4FF10FFFC061701F91604
:10E4000000F30A02FEE0F60EE7F30B100306190014
:10E41000F313FFF6E5FE0BD7EE08FF000B11FDF43A
:10E420001A00F3FA0A0AEAFF10F00011FDFD0703D3
:10E43000F5F8ED0EFDF40D02FB010904FFFC0A00E6
:10E4400002EC1202F10B0E00FA0B14F5EF11F4F3CB
:10E45000E5170AEE0F1904F2051EF0E31AF3EBDFDD
:10E46000150EEC0D2004ED0220EDE316F5EEE81399
:10E4700008F50C1605F0FD19F5F007F9F5FAFDF2AF
:10E48000080B020405FE09FFFF11FC02F6FFF7F777
:10E4900003FCE6F3ED0B0B0E10040CF502FFEDFF91
:10E4A000FBE0F4EF131717080004F0FCFBEF01FD8D
:10E4B000F3040011130F01F8F9F0FBFBFE0E0BFD46
:10E4C0000A060A0703FEF5F33732222BDB23EB0A99
:10E4D00023CBB4070EFF5C14FDF7F0F208EFF6F75C
:10E4E000EC25F5FBEB09EAF6F512040C08160B0611
:10E4F000F2FA0E0F08F1FAF6E9E0F5F5221DFBF24B
:10E50000F30EE1EFF408EDF70B0CF81F2318DD070D
:10E5100010F0FA14030009E4DCEBF4DDFAFEF61760
:10E520000AFE0807F01AF3F1F511FD100FFEE9F7E6
:10E53000E9F306EB07FCD8DAE8ECFDD1131AFD0489
:10E5400015FCFC0901180EEFE6FFF426130DF9EE99
:10E55000310101F508F9E6F8E20EE4CF0BF1F0F82D
:10E56000270106F0E92304F8F9F1F1210E08F7FE7E
:10E570002A1B040F00E7F3EA0EF6D4DDF603F00ED3
:10E58000F60F080E061A000A13170F05F80CE90714
:10E59000EE0E0813FCF704FB12E1D4DD0907E907CE
:10E5A0000D00F1EFFE19FA0D0918F41A1023DEF22E
:10E5B000130AF808F8100EEF05EB04EFEC06072B32
:10E5C0001AFCFEF6FF1EEFF7F00609180FEBD71046
:10E5D000FC220BF8FAFCD9EDFDD9EBF7FBFF081B89
:10E5E0000AEBF9FDFBF6F5F5DC05F20C0619EB007C
:10E5F000022B0CF303F2DCF5F6DDDBCFF9F30418A4
:10E6000016F0FCF0EFEEF8F3EA07E2220617F1EA63
:10E610001A03F9FBFDECF8EA15D4DE03EE0BE50F67
:10E620000F04190CFB21FCFDFB1AFCF8EFFFD507CA
:10E63000EF0D02E9E9F3EBF71AD2D1FBFB08DE029A
:10E640001CFC21E9E829F1F7F105F4EF06EBECEA0F
:10E65000FA08F8EAE608FFEF19E406FADD0FEB30F6
:10E660001EFB18F4D046F3F4FF0B0D0311FCE7F783
:10E67000DF010DEEF0F104E825E60BD9EF08FC16FA
:10E6800017F915FFE12CF902DBFB0DF00102DBECC1
:10E69000FD0305F2FBE0E6FE0A1014CDF70C040DB5
:10E6A00009E8ED0DF1320906F0E513170E23F4E247
:10E6B00027EE0202F608EF1D09F1F40EED17F9E45A
:10E6C000080603F1F4E614FD0D2317E7C5E00A245C
:10E6D000D80C08F80FEAEC01FECAE0F2F00AE2CA30
:10E6E000FD00FEF6EAF605F1FB1A17D8C4FAF409A4
:10E6F000E4EB04E30B04E40804E6EFE7D41EFCE8D3
:10E7000012040DFBE90F16F9032130E4EAECEAFDEF
:10E71000C6FE20051602F6ECFBE90FDCE42AFFD763
:10E720000C011206DDFC0E01E52C23DCEB03EBF5FE
:10E73000CEF90E071522E801FEF403E5F83601F6DE
:10E7400010E8F3E5DDF607F4FB15ED060C0409D639
:10E75000FAF007EC0423F73FF9072310F6310DE632
:10E7600037E411DD10D811041320FEECCDEB0526A3
:10E77000F81AFEEF19FA0015F5EC08FF001B08DA8D
:10E780000EE40BD403E0EDF8E70FF7F0D10107F644
:10E79000F807FC0114F7DE10F7E616FDF1310B0562
:10E7A00015E51CE10F360AF0EBFF08FEF61303FF38
:10E7B000E8040F0A181107F3E7E51AF4FD09FEFB58
:10E7C00022F40FE9F01AFEF6FFF50617EB0F061418
:10E7D000ED11FEEC0B22F810EDFD26FE091CF70BE7
:10E7E00015F8EAD0F1F1F3F918F9FD23F712F80D55
:10E7F000FF1BEB06F62429200B0CFD16F60DFEF090
:10E8000007F0191F0EF506070607FB23EA0325127A
:10E8100036F702EFFBFA02F9FF021508050E08D0E1
:10E82000EEFDFD07EFF50717FAEBE716E615ED0D20
:10E830004D07E3FEF40117EEFCEE22FF021335064E
:10E8400003090504F92405FAF5EEFB31F1090FFB84
:10E850001102F20C082A3BD827F707F3FDEA2FF73D
:10E86000F9082002E500DF0EF6E50027F117FD00AC
:10E870000A16F9E9051101111A1A250F031215ECF0
:10E8800003FC171DF9EBE022FAFE2A16F9220B020F
:10E890001E22FCF2F90A0E0406F7F725D90002F24F
:10E8A00015D3FB1CFEFA08001025F803E71E390FEC
:10E8B000F0E4F8EF04FED301F80AEE0113EFF5D906
:10E8C00003E5FA0EEDF20C10E7E8D7E6F53914F49B
:10E8D00010FDEFFFF7FDFFFBDA2B041001F226FD20
:10E8E00011FBFE10F0111AFE04EFF000F62F1909CB
:10E8F000160DF1F00E0DFFEFFB20F30505DF04DE32
:10E90000090C0A12FFE5EBFF01070BEBF304060C01
:10E910002E18E7FCFF09E712FF2B0C11F100F5EAB6
:10E92000FEFDFC11E203EA07F41622D0EAF8020227
:10E93000FA12F20FFB10FE010EEAF204D6EDE20B22
:10E94000100AE40A16F905E2F22E1DCB01DB1D02C6
:10E95000B60C0D140015D8FE14F6C4F0DAFCE8F37A
:10E9600000FAF4F2FFF005ECD6041E92FDFA05FA67
:10E97000ABFF0608F4FECF01F218EF0BCE1512190B
:10E9800026EAFDF0FFF118ED03F027CC03E8031BA6
:10E99000C025121A08FCD50202F2BAF1C6FAE90241
:10E9A00002F8FEFC0FEE03E5ECEB038D03DF1F0E18
:10E9B000CE1CF31408C9CD2213F0D611C2F7E80B10
:10E9C000050516010C2210EDED171299F3DE1D0C52
:10E9D000C7FE031100EFE70809EADCECDE0FF70CD5
:10E9E000201FEE11FDE9F8F8FF1F0FDBFDE3180112
:10E9F000DE181CF90B15EEEB12CABCDDC1FFEDFFF2
:10EA0000F008ED00EDEEFEEFD91003BCEBB5EFFD25
:10EA1000B0F418D204F9D3FA05E604FFD42714128F
:10EA200004F8FE0CFBF00CFBEF0F06EF01B5E7035B
:10EA3000CD0C2E1813FDE10117F5C6E9A808FBE877
:10EA4000FA12080701E515FEE00BEEA802B6FAF18E
:10EA5000CCF918060BDCD0131329F303BD0614F30D
:10EA60001F2105F9FC04140BFE1711D5FACFF4F1A0
:10EA70001813222A08F7E5FB14270CEFEE140603FF
:10EA80001FF5FBE61A10F9FBFE171D2F0B1C0D08D6
:10EA90002315F915033201E90203F6F8DCF7E7FC68
:10EAA0001CE9E7EFF5FF02F5FEF920FB01F0040891
:10EAB000F4F4FB0301FCEDFAE40511FFFE13092059
:10EAC00011EFEE0DEF0A08FB01E9081B22D6E7F86B
:10EAD000FC100A1217091DFB0306D2E6CEDBF30673
:10EAE000E50601F80F00F905F6EE04F71CF2E20660
:10EAF000241301060FDDEF0A1A15FF0F06E727049E
:10EB0000040A16E617FFFF0D1009F7FE1507021697
:10EB100038191C2413041A09F9030FFAEB05F21C27
:10EB2000FCD408F010080EEE19EBFB0DF405FE0402
:10EB3000FBF31BF50DF3F60B041432F60B0C012A54
:10EB4000F9FBF40E04FC03E418F20E00F209FFEAEC
:10EB5000020D0FEF1503F0091F2BDC0C08FC0F282A
:10EB6000FA1D0C0EFCFBFEDB26F2FBFFE9FB0CEBB7
:10EB7000F8230FFC15F314160CEAE6F3F907E61177
:10EB8000E6F503F1081100F1FBF004E1FDBC00EA39
:10EB9000DA10FD0215E6D30A0FFDE7E71E14EC0FAD
:10EBA00016F3FB0AFA14040501F4F3F4FCFE13DB7C
:10EBB000EF00110B0FFD031DF9EA1309F5051318FA
:10EBC000EFCD17E1ED1604EF0EE2EAECF10E16E9D7
:10EBD00005EF190B0BFEEFFA0304200E030D130CC7
:10EBE000DF001FF30003ECE200100BEDDFEE060880
:10EBF00019FE0DFF05EEEE0A1B2CF51602EA1A0BA4
:10EC0000042616F70BF9E1F00E2EFEDAE8EDFD1EF4
:10EC1000183BF1ECFEE32B0200E1EBCEE5EB02103A
:10EC2000FBFC19F4FBF1F6F6F2060DC9EE0D110826
:10EC3000D51FE4000005DBF819E7EAC3F6F2191264
:10EC400026EF090C0918EBF1000104F1F7EE22EBB5
:10EC5000F80EF110EE19FF0FF1F0F20512DB1817A4
:10EC6000EFEC09EAF121020D12F9E0FEF1F203E600
:10EC7000FD010AF8E80C25E4F434ED0BFAFE12026B
:10EC8000FA0E00F5FCE5F61207210AF303EA07F392
:10EC90002320FBE3EEEE36F0F3420B1AF7040ED816
:10ECA0000124F00EECC6EC09EF1A02E7F6F0F00EC4
:10ECB000184AE6F5F7E5630DE8E3FF02FCEE08F518
:10ECC00015FEFD06F3FA12F3F2FF19CF000CF60160
:10ECD0000017EDFBEFF914F3F6012BF4FB00240908
:10ECE0002C18FF1D0A1EFAFDF42109F2091E11DA83
:10ECF000F417E316DF050CFFE511F7F705FB020C2F
:10ED0000FB0E09E00A210F24FE17FBEDF8EEFD18BB
:10ED1000F2071903F1211B06E00D0D07F2FEE7D8FB
:10ED20000407FBEFF5E21B111512EEF404ECFC0AEC
:10ED3000D80000CBF61A3AF3D605221714FDC69E6A
:10ED4000EF19EF01E2B6FB1304EDD00C0FEAEF016F
:10ED500017D5F3E0F90A4AF9CB0F160C0A08A9AD4A
:10ED6000FF09E902D8EB05F413E1F4F918ECD6E950
:10ED7000F3BFEB02F6EA01DEE80922F6F718BAC49F
:10ED8000190EF907EB0E000CE707F001191404EE59
:10ED9000E8CDE202F20606F4050FF7F4E61FFE02E4
:10EDA000F9E90EE219F61038FA02090AFB1807F021
:10EDB000142912FBF809010AF107000DE0F8E9DB5C
:10EDC000F9EDF9F7FDE204200EF4EF0AFE020BDD87
:10EDD000FC0702DBFB041EF2CC1929010BD7D0BAC9
:10EDE0000601E1E8DDEAEA0008ECE8161917FAF195
:10EDF00021D3F5EFFF071B0AC41A19001BDEC1C19E
:10EE000004F6EFDEDD06FBF21407EC062509E7F059
:10EE10001CE0E4F1FB0304D0E20C080308E8C6BFE1
:10EE200001FCF7DCF8030243DD20F30A242606E4A4
:10EE300032E7D4F7F400F5DD1C12F9F3071C12F3E6
:10EE400006060700E6073B12FE1606FEB02106F591
:10EE500004FBF721FEF0ECED100C01DCFA162DFDA1
:10EE6000E42011F9C90601FB0CF5F115DB17F2FBE3
:10EE7000FC02F808042425CBF00301F5FF300D193E
:10EE8000EA1700E9CF11EA1004F80104F2E90410CE
:10EE9000E612EB0C0107FA18FA1ED4E7CEF5DD16E0
:10EEA000DBEBFA08F8100E0DF7F717CEECC90701E7
:10EEB000CE10130C03F0DC0512FC070F0111011139
:10EEC000DFF0F51001F01403F4E90BFEEF210D0360
:10EED000F1120F30FAF4E50ADD2106F9050A0EE613
:10EEE00003F117F6E5FE16141406152ED408F6F2F3
:10EEF00026E6DE16DDF2FADFEE1323FF2A0E2EEDF4
:10EF0000FF160AE7DB10EBFE17EE2127F73AE317AF
:10EF10003D32E80BE70E1ED1DBFAFDED1209020AC5
:10EF2000FBEC05ECEE11F103FD001B17190D01229E
:10EF30000828EDF1F51AF1E8F1FACADFD7FDDCFE99
:10EF4000E7E200FDF9FFF005F911FDCFFBBF0EF878
:10EF5000CF0E19F2FCFECCFEFCDBEA0EFA0BEB0E38
:10EF6000F8EB0603E7FFF41AFB0CEAF705D305F903
:10EF7000D2131A0EEFF7D003CD2119F834E01502A1
:10EF8000050005FCF8F9EFF2F3F21D1CE72708F085
:10EF90001E0BF5E906081205EF1619032F121E12B3
:10EFA000F8F4FAE40108EAF9EA0621091630EF1E3E
:10EFB0004A09ECDA05032EFEF2E8E7F908FEF31F32
:10EFC000EADFFDF4FDE0F609EF0626081CF91A0851
:10EFD000F6F7E4D5151CFCEA12E6C6E3DDF9DCFC25
:10EFE000EBEFF4FE0C19F6FFF80B13D211C40AE391
:10EFF000BDDF10EC13F2C8FA1CD5EE0BED07ECFDEB
:10F00000F0DF00F71624FC19FE0B1BE81BD5F2E518
:10F01000E1FD0BF808F0D1FEE6EFFCEAF7EF10FD9A
:10F020000205F1ED03E8DEEBE2E419EFDDF2020B9D
:10F03000FD1607F80FDAEA0EF9F4F8F4060F260EBB
:10F040001AFBF0F10EFED9F4E7F60DD00CEFFF033A
:10F0500016EE05050CDE00FE00EBDF0FFAE3FA0EFC
:10F0600002F9F3FA0005EFFA04010BF514E41907AD
:10F07000DC0305FC0E02E5F723F0CCE8E7F0D6EC64
:10F08000FB06F6F20FFEF4FD00F907E1FDD10DEEEF
:10F09000CDFD1FF10DF3CF0126ECECEAEA0EDCFE0C
:10F0A000FBFA05D81910F701060112DF16E3F8ED97
:10F0B000DA0612FC0BF7C70DFB0A1A0AFBD0F3F5B0
:10F0C0001A17DEF007FEE4EA110DF024F60DFEEA51
:10F0D000301D0AE8E7E1E6F9F5060B231CF1FF1302
:10F0E0003011F7EB1F03D8ED0B0BFC0914EBF8FB09
:10F0F00017100604F0EAFCFEF2E2D2180BE9E30B6B
:10F10000240704F7FC0DE3F20608181B01F7110AA7
:10F11000F41909FDFC06E6100FFDD7F1F5EBE0FB55
:10F12000FE1301FA0310F0F3FC0906EFFDD8FC0A08
:10F13000E7E525F7080DCB0312EAF7D6E6F5E41567
:10F14000F00602E60E05F2EEF8FA07DD12EBF10D1D
:10F15000E2FD170204FDC81AE3EFFE0D0AC9E7D469
:10F16000C115090518E0D2E9E8E8F9D702E608E98F
:10F170000611F811070F0E1EF7E5F12B1F07F9E234
:10F18000FF0301F2FAF4E4E60504011419D705FBC4
:10F19000EB02F40807EB260AFFEFFA2F16FE10E544
:10F1A0000EDC0AF3FA0AFEE5182AF71402E90E0744
:10F1B000F01FF5000F042E1A13F6F115EBF911E00C
:10F1C0000108FFE302F2E2F61C19F608E8DE050387
:10F1D000F10BE70B0A09F3FF01F7050A0D1A3AF2E2
:10F1E00017F3F3F3E6E6FAE218F4FF17E30407F483
:10F1F000170EEC29051BF40FF60600FE10E8EB03D2
:10F20000EB09F2DA09F5FDFDF4001700FC04140F18
:10F21000120FE61503F6F82813E9FF0A150704EEA6
:10F2200006FEE5E0EDF7F00802E010221405110AF1
:10F230000EEED80FFBF12DF519031A1B291506EA5E
:10F2400017E0001FEA020FF001E2FA170DFE1C1290
:10F250001113F10804F7403040F6F00DFBF9F4F615
:10F26000FA05F714E0E00FE71AF1EE0EF3E618FBEB
:10F270001904F21203091A112613E726EFE9FE001A
:10F28000F1EEFEECF2FAF5E514F5FA0BD7EBFCF82B
:10F2900019FEEFD6F3FFF1070513080D2728F61125
:10F2A000DF02F6F6000116F01F3401F9F729021308
:10F2B00005E9F8ED11050F24370902FC0C190EFDC4
:10F2C000F20EF0F80130040707120C041317CD11E9
:10F2D000120FE71E09F62CF23CFE0503162B10094F
:10F2E000F30F2014E80B03FEE50806EE14FCE9FF1B
:10F2F0001B2F031406F135324BF70FF2001F020AE1
:10F30000F3170F12EAED04090812F209FFE4FDED0C
:10F31000F314172002F9F4140A20F630F8FA061252
:10F32000DE11161017EFEC0C0712F409D3F5E20208
:10F330000D02160A00E3E11CF9F3E70909350D1186
:10F34000DA11E6EFE6171BF70E0CE9E4FD18F7EC0F
:10F35000F5000211FEF3071F19F7D6DBE5070E11C2
:10F36000E51CE5F3FE07FEEC03EDFDEF06C2D4F865
:10F37000D80EF4FDF7ECFFDC3AFDE3EFDF04E7170E
:10F38000DC25FF120A12FDF9EAF5E5CE0FC4F619E5
:10F39000DB11080402E3F7F6390DEBF4D811F30B97
:10F3A000CF02F7FF06FAFA08060EDFE4F2C3090BF4
:10F3B000EE1224E7FFE4E0E4F62AF324F81AF2213F
:10F3C000C2E8F4EA0803EA0D0B13C90FE2B5F5072A
:10F3D0002BEF2210F6EB0E08F80AF2F4E83CFF05DA
:10F3E0000BF9FC11102E1E00F13120F7E505EB1191
:10F3F000F713E91CFB23FBFF18E5CB0AEB290D08EB
:10F40000F0FDEA1F091922F6F8240F0CF7E3EC09C6
:10F41000DF0EE1F700EDF8F71E0FF0F6DE15CD1365
:10F42000D016FF17140518FA0C1D02E804CEE600EA
:10F43000F722F101FEF4D3F11A1418FAD422FC0ECB
:10F44000B91C110A11060206180C05F4E7D9FC15BF
:10F45000FF0A13F5FCF9EBFAF1191A22203903110E
:10F46000CA060B0D04F6F41813FBFB27DBC50423B7
:10F47000F6EB22F5F9D02D11EF1B0AEDEFF6EDF5C5
:10F48000FFDB15E8F1060420F2FAF204EE0A1B0590
:10F49000EE0E1606F3F4D7FFE51221E70A0AFF0382
:10F4A000F0E80CFDF9F9FA0BE5EAF8FCFDF8FB0DC4
:10F4B000F612F7FEEC0BF513FA1436F60D2001EBFD
:10F4C000F6F811E6FCF42307F2E9F60BF301F8F184
:10F4D0000CFDF9FDFD18150E09EB0C0225E1FD03ED
:10F4E0000402F9EC17F03102F7F8F003E60EF2EB44
:10F4F000EEEFEF1A080E00FC1EF8160DFEE8F0FA0B
:10F50000030AF7E9FDE91B03EDFAD7F7FCF3EFE790
:10F51000D8D3F0FF1106EA0FE7250CFDFB19F5FF24
:10F5200017002AF80004FF2BFA2E10EBFFF9110840
:10F530001527FB000014D60AE60D14EDF316091486
:10F5400006030DFFF2ECF90AF31309EE02FBE5FDE9
:10F55000F10E010AEC25E112FD063A07F41306FE4E
:10F56000E61B1201F9EB0620FBF3F804F1FFE008BB
:10F570001BD70BF7EE20F5DB06F809240BE204FF9E
:10F58000FCFDEBF3FAF9ECEF03F302F5EEF00220E9
:10F59000FCDAFEF5FFFBF8E80E00F715F7F3F808C4
:10F5A000050BCEEBEDEDE7DCF5F0FFED05D8F8034C
:10F5B000F7CDF8E808E6F303F324F212FB24CC01BC
:10F5C0002D0F00E220EB180DFE0A0CCC13D806CD4F
:10F5D000D22CD1ED2117DB07F5221E0BEF13DD0B2B
:10F5E000061FF2E911EB0A100CF0E4E811E0F5E275
:10F5F000F416E4F0111CEF0703F56C20011203FA76
:10F60000D51EFF0700F6EA210602E8F9F6D4EE253A
:10F6100015E6040C0707E1EFFD11221BEFEB03FEDB
:10F62000DD01040D0B07CFF5050D0CEFE2DE08162A
:10F6300013E1060CF6E30E03FA0F1621F1F2000EA9
:10F64000F1FAF40FD924CCDD00F32FDA03E6E32F2F
:10F650001C040008E8EF0909FD11E40AE3F5CF0DE9
:10F660001816F0F621F500F8E4EF10CD12D3EEF9FC
:10F67000DE10E2E72FE6E5FEF6181229F4DAE50AD5
:10F68000EC21FFE91DEAFAFF05F7E8E700D4EC1DDD
:10F690002A01EEE31CF4F7F5FAEF312D02E919EE39
:10F6A000D7FE0E0000F4E1150BF5D6E6DCDCFD2EEE
:10F6B0000FF8F8E812E6FBECFBE5171BEFEB10EC9C
:10F6C000E7E61CFD0DF7DBF60806F5F6D7050F2477
:10F6D00026EB12FDEBEA13300400FC07F7111904C6
:10F6E000E5EE1C0CEA31E2ED0F0607E70D00000124
:10F6F000120623F6D8081A2AEBF8EE32E901DB23CA
:10F700000E06E30D16E208F3FBF802F7F7F2E92420
:10F71000FC19DCF115DEE2F5E407094EF1EAF90324
:10F72000F7FFFAF810F103F9330400F3DEDD0520EA
:10F7300018F9EBF006F7FBEAFC04062AF7E21DD9FC
:10F74000F7F90EE9D6FAECF119FBEDEDDFEBE00885
:10F750000008F3F605E71ACD1308FBF4F2E71ADF09
:10F76000F4DF18DDE308EADEF700F0EAE701210044
:10F77000221004F6FE01202117F00E2000192A1293
:10F7800000F22004F621F2F10CF2190A1EFA230B02
:10F79000241B1104F803282C0EFDF824F0FDFEF5BF
:10F7A0000B24FB0207D9E5E408E6F204F8EAE6FADE
:10F7B000EB0FFE00FB31FE1F0ACEFCFE180902060D
:10F7C000F50CF4F016DDF0E616ECEC190DFB19EC77
:10F7D000D3E70D11F121F51407C505EF1106F50169
:10F7E000F802E7F61AE5F9F2FBF6F1F5FED708F3B1
:10F7F000C9DA1C2CE90CE4F80DF2E506ED03F2F78A
:10F80000EE1CE6F017E8E1F7F6FAF0E604D30AF4A6
:10F81000DAE11304E6FFF705F810FC2514150AF9E0
:10F82000F21BE5E025E20017E8F0020F091001EFF6
:10F83000F0FC041AE30D172010FBF61BFBEFF4FE9F
:10F840001610FD151E0100EE04FBE9F308EAF1DDD8
:10F8500008E70508071BE40916F0DE19030B07008B
:10F860001E1907011B02EF06010AF4EC12D80CEB7B
:10F87000DBEC0C080115ECF4FFD1C5E9FA20FEF52C
:10F880000F04F100F0F50406F70BF9FB04A10A04DC
:10F89000B3FA0410F8F1CEE401FAC3EFD808F3F29A
:10F8A000EE0CFEFCE4F3F0FAF4FA04E400A5041212
:10F8B000BFF306F8FBFED5F600FEEC1C060BF503C5
:10F8C000F3F6F801FBFE0B45F3FF0A0609E90A0807
:10F8D000E90D04FFFF11091D082605EC02EEE0F416
:10F8E00006F90603E1E501F20AD203FAFA2206FE5E
:10F8F0000203F006070D0B1EFFFB07022014F6F1B2
:10F900000EF51CE20017F7FE0B010BFF101800EAC2
:10F910000EF9EEF80D042F0801F5F2E3EB2202E4F4
:10F9200007DB2802063AF708E10B1ADBFEE8F907C5
:10F93000E11FF3F607EBEDEFF202E8D4E400EFE0AD
:10F94000000B21FEE018F3FEF00905F8F9C9F412E6
:10F95000F621F3E80D00EBF515270A100A011CF556
:10F96000FA000002F0E6143CEE0D1708F503FEFC69
:10F97000301DF7F40E0624EFF502FDFFF5E6F9124F
:10F98000E9F909EB0BE42410FD07F3FFEDECF72494
:10F9900022EEEBF9FBFC1C0EEF18F7150DFA132203
:10F9A000171308D4091708FC06210934080D0E2383
:10F9B0001AE1E70013F821EDF3F9F70D17321A2ACF
:10F9C0000B0E2E08122500FA09412A0A1FE8F6310B
:10F9D000F919012E0A01F5F7F90DDDE20227091BDD
:10F9E00019121505EEF623E5F13C2711060BDC2272
:10F9F000D51804011202F00F210F2810211725122B
:10FA00001C07070508EB25140216133E0028EA011F
:10FA10000FFDF2F20B0324EEF807C70924F5EAEF15
:10FA2000F026EDF605E010FF03F3CB24EDFB000814
:10FA300036F3DEDA08DEF928E2DCEDE9070D0AFE2E
:10FA4000E5190405DE11FCF205F3FC2CF7EA041AB3
:10FA50000FECE9E20AEA0BF5E9F6F3033229FF08B5
:10FA6000FFFC1C130015F20A2CFA0C211ADEF324F9
:10FA70002409FEFDFC03E5E5ED09E2D7F71DFBF9DE
:10FA80000AFB060FE012F2FEFD10F30105E3091C6C
:10FA9000E8020EE60110C206F1FB07C8182819108B
:10FAA00002ECE704F901F804F011EC2C0140DD024E
:10FAB000FD0500E6F7F401FE12F10809E80F0B0A54
:10FAC000E5030EF708E7F00406FC17EDF5FA0BEE78
:10FAD000FA1024F1F6FD0BFD0501FE03F7201215C7
:10FAE000FA0BFA0011E51EEB05F5F902FD0BEAFE33
:10FAF0001BF31C25EFECF6020900EF11FC03E701F4
:10FB0000F303F80414CB1011F901F711DF0717F70D
:10FB10000AEE0B05F6FE02000F0D0B0500EAE9EFF9
:10FB2000F7F8FFF6F5E0F819FC0AE9FBF7FB1BFA1A
:10FB30001C07FED8F8F609FFFC062C14F6ECFC07AF
:10FB400009271EEFF0F1F51BEF001BEFF5EA070A9E
:10FB5000150EFF0A0A0722F1F5FB00F602E6080E71
:10FB6000F00301190BE7F71005EC1F10091D010E3A
:10FB7000FBD219DFFEEEFFFA01EEF32003F70333A9
:10FB8000EE04F801FBD2F3F815F7FE1EFFD4EAFBF2
:10FB9000D8ED08F0FD06F61DFF02E10FFEE7E606D0
:10FBA000E1F506F2FFDBFC19F6F7E50BEEEB0F06CD
:10FBB0002D04FADAF4F007EDF11FEAF40DE2F6E4B1
:10FBC000FAF405DCD3F4061CD6F8F50B03E80513AC
:10FBD000631DEAF3F802FAE8FD0F11F7FEFEF40FD9
:10FBE0001013F9F1F2EE0B15E1F60CFA111C04F208
:10FBF0002204F805FDFBF4F5F3E705F710F9FE1113
:10FC000002150E1BF426D811F0FF0C09FC3915FA69
:10FC1000E2FB1BFA01030BE8DF16DFFE14F6FE2EF3
:10FC200005022116FFD5EBECF507F409FFED2D1ABF
:10FC3000FF050BF1FAF716F6F134220C10F9D1DEBC
:10FC4000FAF604FCEAC40EFBE50AE106F9E4201A20
:10FC50007F37F4F7EFF31EDDF3462F09FF00EAD0FC
:10FC6000F712F5F2CDF21309DC02FE0806C9FFFE19
:10FC70006E11E4E2F2FAF8F3FF100B191709F10420
:10FC800004180216EA050A1DFFF9F8110EF002FC2D
:10FC900014F909F705FBF3F5EAF5ECFA06EDEDD0FA
:10FCA0000A22040B0D23DE1004F116E9E64105FAE1
:10FCB00018ED07E611EE21F8E6120DF0FA01E3CF98
:10FCC000000C08EAE6FB02F8E404FEFEED01060083
:10FCD0001919F8DFFDEEFEE3DD48352FEFF8DDBC46
:10FCE000F8F1E1EBE0DA03F2F404E3E404C8180706
:10FCF0005F13DCC703E508F8EC44FC3BE7EDEAF0F2
:10FD0000E6E8EC0DF3F201FC09DFE5E608A2E3E228
:10FD1000170BF9D305E5FEF3061AF00CF7ECFA25FC
:10FD2000C414060709D9F0FC0209EBFBF4CCE1DBB3
:10FD3000EE0214E100EAF1E9CE21192900E0DFA387
:10FD4000F501DF00DEF40306020EEBD6D709FF2132
:10FD5000151316E80BF8030ADFF922230411F3C682
:10FD6000F0E90900E204110F05E5ECFC00F9E825D3
:10FD700012F407C10906FFD2D7FB23FD0E02FB0ECA
:10FD8000F5FC151C1A0CFE0411DAE9F4F513EEFF6C
:10FD9000F7F5E9020003DD01DFFEF70FD20F0230B5
:10FDA0000C0605132013F5ED1904EBF20911E5FB20
:10FDB000F518FC04F00B0218FC18FD03F703193DBD
:10FDC0000C212AF308F2FAF90A0B09ECF7EEFCF819
:10FDD000F836170CF8F0E9FAE01F04E2DAF5DA0376
:10FDE000EBF0061800001402EFF3CC000202F2ED73
:10FDF000FAE300F3FBF01D10F5F6F7F0D8F5F0117B
:10FE000000F913F101110EE9DDFCC8FA093CEEE638
:10FE1000E0E5F20AFCFA0201FCE113F9FEFA071C24
:10FE2000391310F9161F0BF115EB03091C4CD808F8
:10FE3000D4EADB15001AECEA01EF35F106ED1D15E9
:10FE40001F0F020604EB08F9E7ED06FD1510EE039F
:10FE5000F3EBE5E8132B04F303EC17FB15F208FEB4
:10FE600010F4EDF500E812EEE9F9FBF21419EC01DB
:10FE7000150101F1070214F1DC1FF3E3F215D8F6C6
:10FE8000DE0CF0E907E607FFE800D5021121F9F6DC
:10FE90000B0607120AE6EF09E110EDD1E10BE6FED1
:10FEA000F80DE7EFF8F813E8DDF0F8F60110E5EFEC
:10FEB000FC0E011800EBD2F5E2E305E1F9250A2179
:10FEC0000BFDF60AE52204EF01E9F4EAFC37F2F44F
:10FED00017F2EEF0FEFECD03E3E31EF2F4F0001D98
:10FEE000FDFEF8F0FA1D0505EFEDEDF9F81FF2F350
:10FEF00028EBEDDF0414EE0BEE1E12EE0CF30009FE
:10FF000008F2E3E7F2F123F0E1E9EEFE0E0CF7EE82
:10FF10001FEEFC0A001518F0DA10D3E2CFEDF0DD89
:10FF2000DC10FEFDFDE4E903E5F9F7F5F10E063618
:10FF3000FE0F270307E2EFF1D818E9E4D4E4EEEC72
:10FF4000DE11EBFDF0E4E3FCE606FAD8EE0CE31874
:10FF5000FB0F2F2100E1CBDFCB1FEFE4E6F7090019
:10FF6000EF04EB12D215EAFE000B08E3EF15E225D1
:10FF7000FB143836FEEDF2F6D305FEE3E0ED101784
:10FF8000EADDE3FFFA1FFBFD02FAF5E8E027F519C9
:10FF90001D2B2E04FA170C18DE270F090FFA000E7E
:10FFA00002F3E9F6061F0501F9FBE4FAEAE904FAAF
:10FFB0002A1C050DF4E2FCEEE335DCFEDE00E8E190
:10FFC000DC1BF80BEFEFEE17EFDCEBE9F41AFBF9B3
:10FFD00015121CF507D0E9EBE433F1F4DC03E8FB80
:10FFE000E41B05FDFAFDEC09F7FAF3E0E9F9E8187E
:10FFF000032522EF04D1E8E8DE1CE409DA11F40A53
:020000023000CC
:10000000E60906E8E510DF070E09FE0CF3F1DE183D
:100010002A1828EE09DB02EBF51FF209DEF8F016CC
:10002000DC0703EFFC0CF8F6F8F9F70A080AFB0EF8
:1000300015281CFF01E412F601FB0E28FB07F21B3A
:10004000DB0B06FEFBF2FE08FDE904F4FA0DD70D0A
:100050001C00EDFAEEDFEDE8E547F517D510F7E403
:10006000CA21EF1AF5F6EB0001F2EC08F2ECDC32F3
:1000700031001FFF03EA1406EB1AE812CF0BF3FC62
:10008000CBFAFB0DEB13F9F1FEE7EBEDEFEBE63E00
:100090001AF628E0FACF17EADE10F119DD15F90B90
:1000A000E8FDF6FCE63DF0F8EDEE0D0DF3E8DD3B86
:1000B000152835E7FBCA00FCF9F2E127EEFDF31243
:1000C00003170CF0F71F0C16E70602040AF5E032DE
:1000D00035362ACFF9D91AF4FE06F831F2FAF814B7
:1000E000FF1C1FF70B020537FC140B01FFCEE8477E
:1000F000032404C9FAF7F9E80B17001918F0BD0238
:10010000E5FE03C615DF061CD1E6FEF3EBECEAF8CC
:1001100003EDEC1FE0F31004F70A1CD51315D1DF33
:10012000D8F20CE50A02F8FADD3608EBF8051CFAFD
:100130003D2CF0D212091B0AFD0BE4FAE0F7BEF3E6
:10014000E7EB02E4F60E0412F5200EDD051702FBC4
:10015000F4F3EBFF15DAE6FEF614E808FFF6C10348
:1001600013F6EDF3EF2A0A0AE707DB002839F0EE71
:10017000E8FBE42809E6F8F6ED1BFD0C0DDAD614D1
:100180000918E2F30FE80624ECFBE8FBE7F901E1CC
:10019000FE11E714040AEAE91AF1E90F0705F41C55
:1001A000E3F3DF0AF3EF1E1015ADFC0BFFF4FA0AC0
:1001B00006DE0C32EF000CEFF6F5DD3A07162AD614
:1001C000D5FD09150F1BD6FE0519FF02FBFF1820F0
:1001D000463C0AE61C0625FAF6F3FE16F8051ADA7E
:1001E000DEF4F1DA4246E0ED025305E6EB02100FD1
:1001F000061E02091A3CF702F60729ECEB0C0D0962
:10020000340CF7EBE8F7FDFB170BEA03015C01F890
:10021000E71CF51F0531F0FCEAFF24EF00F30D2584
:100220001E1DF507E3EC0B0108D7F5F1F2F0EFF92D
:10023000F5E700E704040CFB1E0DECEB15E9EB22DF
:10024000F114C00213F414110DB3EFE5F3FB16EC37
:10025000E0D60BEEEFFE0306F3EBF930F80617D409
:1002600010F1EDFB010AEAF2F1FFFF12EE0F010BB4
:10027000000BEB0F12021918D228FE2136FE19B915
:1002800016DADE0FEE3CF0F7E23AF008F23508EC51
:100290003858E2FD0B5E07FADE1816EB0FED0AEE9A
:1002A00004E9FCF7DA1FF1F0FFFEFE0BF71B16E581
:1002B0001752D812F849EADEF0FF2CECFAE8FC27D6
:1002C000070EEFFAF7F529F30CBCE6FFFF00EBD7BA
:1002D0000EF2F5D9F8FDFAFA0EE8FBEFF5E809168B
:1002E000F610FF081EF1071615C9F4DEF70FFEE53C
:1002F000CFE818F7E70EF918F8020F1E0BF515E313
:100300000CEB15F5160D02FAFBE9FFEDF325DFE224
:10031000E5EB07120720F6EBE8040A041413FECB02
:1003200031E2F6F20EF4E411F60DE0D4FF1AFA23EE
:100330001600FDFF0A1C17DBE12BFD0E141011EE59
:1003400010FA00EADC05091612FA06F1FFE50606C6
:1003500018FCF3E5F31101E4E413F0F7EAF00A0DF9
:10036000FEF8F1E31EE515F710D205EC00EEF308F8
:10037000FD06FD0CFDFFDF0C02F71B07F0EDE50AA3
:10038000EF0E0EF6E4C114E80AF3EC01F62015FEB8
:10039000D5EA0F0FEE060423F9E51EFD04E20BF586
:1003A00003F33BE6E8FA06EA12FFFBF7E0231E122E
:1003B000DDEE15F607150808F81013E6D5F7F8ED89
:1003C0001D070DDEEA0F0610E21410E2DCEF291023
:1003D000ECF206EF061B15E9F6220F1A051209EEDC
:1003E0000B11F7D809EFFD14060222F30404FB16E3
:1003F000050D0ADD00FC0D12EB1FDC0EFBFA060CEE
:1004000005FCEDE722DC11ED1DD6F2F0FEFFFA0946
:1004100004F8FEF30AF019FCF60A020A15F3FBFFD2
:100420000F1C17EBFADCF30B13EC0AF3DCF41A13D2
:100430000E16F53CFD1AF9071120F4E2E620F52727
:10044000FD2A01EE1601FAE4FAFD02E7FE010505B8
:10045000010CFF150EE201F12202F9FAD2E81003B5
:10046000FD0410DA25012302DD1AF9E8DA1319F880
:10047000F30507220EEF04E131E510FA0300151829
:10048000091505F0FFF3020B09F2FD06DB130A0262
:1004900001F50A19F8080BE323F704FD0C0A0F23F2
:1004A000010203FD0B14EEEE13D00415EA0B04FC5D
:1004B000030112E0F3FC06EB0107D6F7EE09E0F0CA
:1004C000D6E614E4EEE1EE090EF019EDF0D6FDE407
:1004D000240B1C0EEFFB00041714F4FFEDF6E00CE8
:1004E000F3EA222816FBF0F4F4F802EA000FF50A0A
:1004F0002CF416ECFF0CF7F203010027D2EDF908FB
:10050000EAD9201A1DD50B01DF06EEF7EA1B21F50B
:10051000EBE822EFF839050009F918F3F2FC0415AD
:10052000CBF211E308D900FD0ADB0505F70BF3FD5B
:1005300002E822EAE9F5EFFB2A0110131508061577
:10054000D9F4EFE20D2612F800E80BEBDE18EA17FB
:10055000F3FF1B1CF40C26F2F709D006FC0EFCE698
:10056000ECFCF005C4F0EF27FE0EFA1DF9EBEE0DE2
:1005700021F607F5F9060007F0280E0728110408F0
:10058000F8EBD61A05FE0103F7FFCB32FE2617085B
:1005900055F101F002FB0CCF0EF80B2312F32A25C4
:1005A000FBE9011501102DD9E002FF27F23C51D1E2
:1005B000EFD90F27FE260AF01FE116FF21EB1337B4
:1005C000F6FA0DFE03ED1402FDEB262A13F1071FC8
:1005D000EBECFFEBF726F3F72AF9E710F715010923
:1005E000DDEFFCF90D120112FAF22DF7FADFFE1A17
:1005F000F43F1B0604D70C06E51409E0F906DDC834
:10060000F6320118DE160520EEE8F62BF7FA04F0B4
:10061000FEF1F4C5FB12E9F1E6F42B1732FF0BCC27
:10062000F307BFFBEAC4F906F6C9D214F5FA10F4D1
:1006300012E0D9ABEDEE15E5F9F2FB021ADA31075B
:1006400007F0EFD4D0035AEBEFE8D323F2140CD326
:10065000F9BFF5DFF00B2CEF0EE307090DF00C1ED0
:10066000F1F51109F92813F5FDF0EA321CE1ECF877
:10067000E2F5F0060514F8F6130AF517E70DECFCA1
:10068000D8F9FE080E17EB21152510EFFCDAFEFD58
:10069000E2260B0E00E7F3F9E4FC13F52D05D1D5A6
:1006A000F20C0600D3151E190AFA12FFFB2E04EFF6
:1006B000031DE2FF0903F4E8E8F4562D1BDCFBDE22
:1006C000F0EACED4D2EF0FF10CDBFAFF070E1AF2EC
:1006D00015F5D5B5D7E010FFEF1B370A16E60D0369
:1006E000F2DC0FCEE3FD14EC1DCCF9090FF6CED5EC
:1006F0003CF8EA02DF1844F22CFB10EF1114FE273D
:10070000FE0841F9051FFDF4F8F315FE1EE2FAF2AA
:10071000E7F7F5260C25F8E62DDBE8F4E312F9EE11
:10072000DE1D1714052CFB140D342FDEEEE8000D32
:10073000DE2411251C00E000F002F208F9F8F304B1
:10074000131CEAFEF0ECECE105E7F5E3070BEF170D
:10075000EBF00604FCEB0C06EA0AD908FBF3E8060A
:100760000808FFF4190ADF0619CFECF3270BF6147B
:1007700012F60AEEFF03110CE601F31F0CDFF9E598
:1007800023F901E8F302EB0911DBEC1206FBDEF2C0
:100790000AE1031A0B0B2EFCFC10F31C17EEFDF202
:1007A0002A031C00FE0AD4FFEDEDEA12FA1FEEE266
:1007B00006FA001E03E9FD13F90BFD03EAEF1BEF38
:1007C00007FD0CF5F2F5121022E9EDEAF00D00D666
:1007D000F2EF11FDF7E701E3F6F9F203DBEAFCF6CD
:1007E0000005E20BF5D7F5DDFAF3EFE6FCDAE10AF6
:1007F000D4DFF3F8F9EA0608FAEF0F0A060B0E0742
:100800001807E8000BE50FF917ED17031805E20DBF
:10081000F3E1F109FC0B1704FAECF223E9F7F2FB20
:1008200054FB05E0F5EF0DEFDBE5F008EF37E01ADC
:10083000C7D0EE03F815340810E1EC0FE6FAEE131A
:100840004D1229DCEE1604FCFB0CECEFFF3DE8FC3E
:10085000E2D8F500F4153A0F0C15F90CE72E0A1C36
:10086000241E44EFF3390823172E02CAF905E5D4F4
:10087000F7F2F820F10E08F0F807F80CF1E204E7BF
:10088000F0F4F809FCFCF5F8FCEFF2E7F410FFF5E2
:10089000E615FAFAF6F3F00FFE011F0B03E505FB70
:1008A0000403F81CF6EFF3DD0EE6DCE5FBE6F00AE8
:1008B000F8E70A15F90FF4EEF804F413F9D8FDEA95
:1008C0002006FE1D00F616F2DADACFFBD5FD050D87
:1008D000E8E613FEF700210BF026C6FFE2E9FD076C
:1008E00054FE04EBFD0C1112F7FEE8E20929E9DDE4
:1008F000F5EF0BE20F22210CF20CE406162BE618A2
:100900002D1A18D1FB211E18EAFFFBEA0615EBFB96
:10091000DFFFE2F70521160913FFF7061110F0E8D3
:10092000F5E1F50BF3F6FBEEFAFCF6D9FF0C110539
:10093000120CFAF8F3F6060D0AE41E25F211F1F591
:100940000CF1F703F0F7EAEF0905E9DB00F7F7F23E
:10095000E4FD0D14F5EFF805F92007150814F5EC82
:10096000F6F0F91C1A02F81EF70DEAE7E1EB04E5D0
:10097000150A15F101FFED0DE531EBEBF5FE0BFF6F
:100980002102F7EE12F7FA13EE05F5E303EB11E39C
:100990002A0813F31EFDED14E40EE1F20DF4FC1130
:1009A0001F1105E11A270CFBDBFB0610FBEFF8F328
:1009B00022FCF9E22304EB020F0510021011FEF4F1
:1009C000F7E1010BF6040203F70A07E2FCFA0EF363
:1009D000F4FBFE0101FB14131BFC0C05FF020AF4DF
:1009E00017EE01F81113E407200D040608DFE5F205
:1009F00009060605F8F01C0810FA0B0D06F8FEF5BE
:100A000001F2011B1C0AEE0C1C06FA09ECFEFC01AB
:100A10000AFF09FCFFFAEE13F6101FE802EC0AFECB
:100A2000EEF6F710060C0602F8FEF50B100D160890
:100A3000F8E112FA17EFEB14ECF510EB02DEFD19FA
:100A4000FE00E8DFF3F300E70104F80DFC0BFE0005
:100A5000FCEBFD1329F0DDFFE814FBF2F3EEF6DF0B
:100A6000EDF2EBF2F2EFEAFD18FCFBE8FDE902F92A
:100A70000B1303FA13F708FEEEF400FF020203EC77
:100A8000EF0E020206F7EC1302F00EED08091E0A43
:100A9000EF0C0D0D08FFF506ECFF16E70FF6FEFA5A
:100AA000F113011FFFF3F90CE9EEF1FA0E10031E2A
:100AB000E1FA0110F605F70BECF50C07FBEEF1037C
:100AC000F80BF31EFB04FB0203ED0FE91205FA120B
:100AD000E1E6F313F60CF106E1FA0D05E30AE9ECA1
:100AE0000806EEFA071CFCFDECEBEBF20F30FCF80D
:100AF000DFF0060AF41213F90019FD09FAE903EB15
:100B000005FF020410ECFB1017090AF6F3D0070CDE
:100B1000EEFD0EF403051402F5FA101BF408FDECCB
:100B2000F7010A0911120019FC060DCE09F5111082
:100B3000C7F90E170A10F601F7E22007050CF7ECCB
:100B4000EA03F827FD0C131BF5F20AF113ECF20887
:100B5000D9F300F9032004DEEBFD17050C08EA01C8
:100B6000F6FEE91FF3ED0B0712D303F107E1DDEF0A
:100B7000D5CDEE16FC1516F9E0E40803F102EFF707
:100B8000F8F0E8FD170BFD0407DAFDE21613F7E8AD
:100B900025D0FBFFF5FB10051DF801280EDDF7E75A
:100BA000020CEE01F9FDE9FE090302BFFBF01002A1
:100BB000D1010313F5ED17E8071E08FBDEF1F1E2A2
:100BC000E1FBF6FFE430EF0BF1050EC3F2E904F7A9
:100BD000161BF913000CFAE2F9100C00E8FC01EA0C
:100BE000EFE2F110D33FFB2400E90BE0F320FAFE23
:100BF000083EF5F8010900EEF9DBFF1AFDE504F9FE
:100C000009DEFE0BDC140818FBCAFCEA00FC11F636
:100C1000E820EBFCFB160D00F0FE211CF6F80C089A
:100C200007E905FEF703101E11E7F5E41910F3EDCF
:100C300016D4E403ED0E21181328FA030EF003D5A1
:100C4000200E0AF1F412F80310F70CE0FC0605265A
:100C50001D13F60E00E213F4FA4424E1F502F4E762
:100C6000F31408E8CDEEEA08EAE245E7FBD4FF62B8
:100C70004C3AE6080004FFF6F03B0EF7D805F6E51F
:100C80000C04F102E0FE0B1E12E018D1DA06F52684
:100C90000120E01803FB0DF00AF8ED0DE6DB02DCA5
:100CA00005E10402E40E262007D4F3E1F11E08FA60
:100CB000C8F1E00E06EA2BE909E32411F7D205F6A4
:100CC0000DE512DBE4F4171909EBE4F2FD3407FE3D
:100CD000DCE3E21A01071B070D2610F702111DDEE7
:100CE00012FA16E9090E1CF11809FBF4E6EE0710DA
:100CF00013000C03050505F0F91724DD121B0FEA9C
:100D0000F6F6F2E1F7EAFAEFE7FA23FAEBD80F2D5D
:100D100003F903E4110BF8F9F9E7140FF41712E1E2
:100D2000E1F9E301F902F8F115070AE4E1F4170922
:100D3000D4E2F8EF10E51E010DEE2703F20C05D703
:100D4000F5F6FB010304240214030CE7FA2EF7E77F
:100D500007E2020D0CEA18F715E53EF707F0FFF978
:100D60001A0609EB010834010EF015EAF43D32F5DC
:100D7000E2DEFB2210EEFD030CD8EAF4D011D8ED30
:100D8000FF1FFCF8F9EFFEE8FBE3F7D6051DE7E0EF
:100D90000D000414F8FDE00C12DE03F4EC030FFF69
:100DA0001BF711FFF71505E5E3FAD7CEE41903E9C0
:100DB000C9FC0135FE18EBEB04AF04CAF00A26109B
:100DC0000BF51CE0F60FFBE000FDD2E3D83502D7AF
:100DD000BCD4F72F0435DBDF13CD0AE1E80024355E
:100DE00016FF0707F227F4EB05F3DAF2E90F1DDB34
:100DF000D5EEF230022BEEF304FE0903F719223F81
:100E000014FD04FFF606F7F201E8F100F93A1E03BB
:100E1000E4F0F521081E121413120D2206F4D2FC80
:100E2000161615053717FD0410080D002004DB0009
:100E300022F70809F5FCF9141102ECFAE8F0F8DAE7
:100E400013020E06060722F7E501F30AF518FAE386
:100E5000F4F30AFBF422FDEA18E20FE60C0941DE86
:100E60000DF31000F60612F9FCEE01F9E75A10CE68
:100E7000BDC3060D0310F3ED1FCF10EBF9F73E12C3
:100E800014F51DF8F715EDF310EE01DAEE38F9C69A
:100E9000EAC1F608FE2DE1CD0DE313F2E9F71822C1
:100EA00027F10913C329F1E0F1061AE7D705F80283
:100EB000D3D5FA26052FE3E40229051FFA00E50E33
:100EC000F40EFB1D2201F304FBFDF800142AFD22A1
:100ED000220C010DF6EF0521072EE2F8EC02F802D4
:100EE000E60805FE05191AF7E3FBFEFF0905DFFD1D
:100EF00004F311FFFC040BFEFEFA08EEF40A17E3FC
:100F000026E9FCF3090607F5F8EEF200FA2FF2D80D
:100F100010D807E2FD140C0805DC0EE1EAE614E93E
:100F20002EEDEEF2EB0418F811CFEDD2E84BF1C63E
:100F3000DBD5F3F6F12608EB0CF11FDCEDEB1AF82C
:100F40001DFD0D160048FDF2E60604EFD54619DB3F
:100F5000E7EFFD0FFA27FCE4F1FBEB10F3E3E916F2
:100F60001102150202F60F09EB15F7EA1113150B22
:100F7000F5F9060509F4F10A0009D3F4EFECE610DF
:100F80000C0D13FF0D0D11FDD805020A09F7F1F93B
:100F90000EEF11E504120E0DE6FE0CEE07FB020249
:100FA0000500F8FAE4F42FFBECF1F3FDFEF7E2DBC9
:100FB00004E20EFAED11F933E8EADAEEEFDAF1E8DD
:100FC0000FFCF4FEFDFE180A07DCE4E3FC1DFAC585
:100FD000E6E1FFE7F50C0114ECF01601FF0503CE86
:100FE0001F0C030800EA0B21EFE610EAE01D02E106
:100FF000F2E30EEEFB1BF40CFEFEE8F10FD9E42E3B
:101000000C0AEE013AE21510F40DEDE4061AFBFDB0
:10101000190A13F704F4F309FD0BEDFD06D6EC11E4
:1010200010F6F9F313F10301ECFBE71B1DF1EF04DC
:10103000F603160002FD18FCEBFAF00016FA091090
:101040001005E1FDF40203FE16F3E1220902F307A5
:10105000210A0AF3F3FB0C35DCFDEC11F0D8DC00BF
:1010600000F8F7FC0FFEF22821F3E5211124E7FC3C
:1010700034F9F809F7041B0AE0080BFDFCFAF2D971
:1010800004030C2813EAE62406E700110D32F705E5
:1010900029F801FB09030E2105F7F604F12FCFEB28
:1010A000F1E6F121F9F6FAE00DF505FFFEC216ECC6
:1010B000E1F307F2FBE8052517F4E5160A22C4F46C
:1010C00007E5F21012E710EDFB01FDF6FBF1E9F088
:1010D000E5E100F7F6FCF61015FD000B0FFF0DE73C
:1010E000F1F20CEC0DB00D0114FEF00601F8E8E78A
:1010F000FBF00417F8091F15F61B1900250917E066
:101100001F130DEDE2CEFA2927DFF025F603F003D9
:1011100001C9E6F7FC102EFCDC09212D083E02284F
:10112000FD291506E7310826D1180D1A131B03ED0A
:1011300014E613EA0B04FBFF0DD6F51109F5E7E7FA
:1011400000F6F61CE829F2DD09F61AF0F5EB190FA6
:1011500008170610F9DA040E17E0F2F8F6F3D8EFE4
:1011600004FBD914FEFB11E2E40201F4F2F307F5EB
:10117000F20407FEEF05E9080FCEF70A0AD40BDCEC
:1011800000E9F9FBE4C7FFF607F6DCFDDBCA09CA94
:10119000E9DF0A02EC050EFFEAE6150604DE15E4B7
:1011A000EF06EDE8D1AFE4FA25DDD22FF3C3DDF091
:1011B000E6BCE5E5071825E0EC2C182B1A07FE1E07
:1011C000050810F7F115DF05F2F01F1F06F5F9F01D
:1011D000FBC80C1E24ECFDFC1DFAED180103FC0DF0
:1011E000220713F4F238EF001F2525F61803070C29
:1011F0001436F210FC01F7FB1A031EFBED0F161656
:10120000F607F2F903F91EFA0A2B24E30CFAFBF6AF
:101210001B230DF5FC15F1FE09D50AF412FC1A0189
:1012200003E510E3F3D9131013F7F00A000424B117
:10123000010D0CF4F91C1E0BD9DD211023F724F14C
:101240000104FAD7EAC9DE0E1DCEC6321AE9F3E46C
:10125000E0E1DECE05121A07E4F63C2B37F8091957
:1012600008E309E7F4F7F9FA09D41F1128F3E8DDD8
:10127000FBEBF20506F805F10903E3F400FBFD0EB4
:10128000F1FB05E70204F5ED1016FF0310F6F3116C
:10129000F31BF81411EBEEE70AFC1AFFF9FC11102E
:1012A000F0FEECEBFEEF0BFB1AFEE7D9F5EDFEF5D9
:1012B000000006F01716F60C12E1060711F102FD08
:1012C00007090AD316DF0B010CD0CDFF02F706D7B2
:1012D000E2E805E20D110319EAD32E1BF7D813E853
:1012E000040D06F2FAD1F70FFBD5C12210F2F1F48A
:1012F000D9DED9CF0C0C17F4FFEE192712E81EFD2A
:1013000029FF05FDE8F9050302CF0DED1FF1FFE60A
:10131000EBEDF0DCFC2A0FEBF7FEF503F1021F0BFF
:10132000F5F105FEEA2D12E4060701160FE9E524A2
:10133000FA0F04ED0E0F05F204FC0601E9050B029D
:10134000E7F3F819001507F61AE401FFF5E21411A6
:10135000FC1F11ED0037F51615FFED0C15F61BFF00
:10136000FF0804040CF5EBF910CCF2FCFE0EFFF3C1
:10137000F20F0CDDF410F01CFFFA1B0302F7FC1453
:10138000F00C0EFF19FAE909E9D2D61D09F90F028E
:10139000ECEFF3E5F50014090826050BF4FB101239
:1013A0000021FDFC0C2E0219FDE312E1F72400F0F0
:1013B000FDEFFD04FD1412F1FA150E1A0EECEE0D00
:1013C000DD07F2FC2EC307F0FDE6E4F6FAE61A1D8F
:1013D0001808F6DDEC091E07F90AED2307EAECEC24
:1013E000CB19FA0114C3E0FDF406E9D3F7BE1A37AE
:1013F0002C0CF3FFF0F3EC30E7211A1509E3EEF0C3
:10140000E40CF9FFFECF03080114FCDB0CF72940C4
:1014100002EF050CF9E81A39E3012F0216E4EC0497
:10142000F90910F912ED0BF717FFEDD8190806119D
:10143000F1D0100CFFE00112F8E701EDE3C6060B56
:101440001004180114EA31F802EAF0FA12EE11F76A
:10145000E2CF050A0ED9F0F3F40F16280FF60A139F
:10146000F805F6E314C117FFE5F6F506F116F8FFE7
:10147000031E06F6F2021FFFFF0ACE17E1FBE9FC8E
:10148000D203FDEEF3C7FBF40609F6E00DD50F110C
:10149000F1ECF5D7F5DEF10DF3DFF011E9EAEBF051
:1014A000C9F6FFE604D8F7040910E0DDFDE112FB00
:1014B000FFD00FF1F7EAFCFBF3F71BF7ECE5DDF9E2
:1014C000DBFC04E001E307FB0D13EAE31113F0DF9B
:1014D000E9D11007FFEEEF00FD0114EEECE8FA048D
:1014E0000D0C0DF41AD61AF7F9F5FEFE1F1208E3DB
:1014F000E9E40F1902F2EDFB0AC2581717F0430492
:101500001A1AF3FC150008F9DEF10E27E458F72645
:1015100003FCFF2AEF2411EA0BD20303FCEF1EFBAE
:1015200011F80F0511F6FBF3061013FCFF16FD046E
:10153000E9CFFC170311F3F1F9F3E903D8DF04E86D
:10154000E2050F12F4EBFEFBFEEF09DCFBC30B0A16
:10155000BCE214140914F4F0FBFF0005E4E3D7E443
:10156000E414F51404E2FEEFF8F71AF10AF2E524A8
:1015700006ED07F30CFEE4FE00030912FCF5F2E5AC
:10158000FD14FC1B37CC21F11EE225F11D0AFF29B9
:10159000280EF7EE0401ED1F1BFD2AF711E346F8B4
:1015A00023E704F206071AEDE3F1E606012601EB54
:1015B0000108120E022307FE1FD90BF70FF437FAAA
:1015C00035FE04E4F20616EA02FDFFEC042F17C014
:1015D000DE040D2C0A1FFA050BFAEEE2E9FB14F407
:1015E0000C041603090A1BF8EBE6160DF30C0BEDC1
:1015F000E4071907120EF3E7F713F60CE5F4E0F031
:10160000E910F91B0BF9F001F0EA14FA05C30A20FE
:1016100006100DE806FDEE0AF602F41A0BEFE7E3FA
:10162000E603FA1415FD0A1920E9FEF31A0E160353
:101630001807F4E3FDF6131F21F3EBECE8DF14FDCC
:1016400015FCFB1D231903FDE913F0FB011305FC39
:101650001F1F1D0E1703F4F10E0520EB10FB320ABD
:101660001EFDDFEFF50A07FDEE01040AFA1D1DFC61
:1016700005100B231114F70F020005E502FF2804E3
:101680001D0EFAEBF90C0F03F4F80611ED01FDF154
:10169000140B031C1A0610DE0101FB0803F2DD0522
:1016A000001D0000F9F00DFEF2F20910F7E7EE0B55
:1016B00008F2E7FB0616F3F2F9E7EB2BFBDAECF3A3
:1016C000FC0D0A25060BF60807F7F503FEF61102D6
:1016D00001F2E62AF5FA090B1224D2D340080DEDE7
:1016E0001C010EC71714FE2030F55549F9347D2131
:1016F0007D0D5CB859FF0B460F0A0301ECF505EEB2
:10170000F7FFFCF5FBEDE6F10D050107061001EC16
:10171000032300FE080CD7FBEC040603FD00E4F3F2
:101720000610FCFC01081102FCF6F7F503FEFCF7BD
:10173000EBF6EE02FAEE1B050205FBFDFCFEF011D6
:1017400001EFF3F4FFEE0A0607FCFF0701FC07F8C0
:1017500000040CFCFBF308EF00EAFE050C1403FA8E
:10176000040A1004FDF900F1EFFF0E190203F1F570
:1017700001FCFEF2FE050CFE05F308FFFC00FA0C6E
:10178000FDEAEC07030B080606020A07FBFAFA1249
:10179000FEE90201F4F7FDFE00FDF704F0FDF9E9B2
:1017A000F6F8FFE6FD091EF0F5F3F7F5F20505F78B
:1017B000F0010AFBEEF21FFAFF0105F90102EF0347
:1017C000080102FDFC03FA0717F6FAFDF7F7DA0E37
:1017D000FD09F6FD110DFA0C160808FA0909FA0DB3
:1017E000FFF50CFEFCFDFE1102F8F1FEF7F6F7ED39
:1017F00002F506FBFB081C02E90CEDF4DF02F8EF32
:10180000FDF1FF17EE091702F712EFE311091506B4
:101810000D030D20FC00F90AFEFEF6FBFCFB08FFA1
:10182000FFF7EC0B0104F601FFFAE8FFFAFE0B06E6
:1018300007F70208FAF8ED0B06F605FB00F212F5C1
:101840000D0503F90006EB04020CF203F200F6FAB0
:101850000A00EB110313EDFE0D15F6F5FBEEF6068F
:101860001901ED0002F5DCF30BE804F0FDE40001E2
:10187000F7FAFDFF06F5ED0305FAF910EAEDF5ECD0
:1018800006FEFFF41803E5FEF1EEFEFD05F4F8FC9C
:10189000E9010513E20CFBFCFF0AFF0D02FCF40654
:1018A000FD020D05EEFD020104140D0816FAFD08F7
:1018B000F4F6E40CF4FB05F4FA0D01EFE0F514F294
:1018C000F7FAF5FFF8FEF3F6FF1FF415E0FEF2FF5E
:1018D000000BFFFFF310F6F8F614FE0103F9EFFF1B
:1018E000F4FCF2F0ECFFFEFCFD0B1006F4F5030037
:1018F00002FFFEEEEBFC05F70C100715090DFC02CC
:101900000400EBEFFD02F6E8F60703F103F5010131
:1019100005F800F90300FD02001FFB070006F3F9BC
:101920000BF1FFF3020DFE0819FAFFF0FD0703EBC0
:101930000A00F20D110700F90E0AFFFAF8F2FAF0A8
:1019400004E6F5FBFFF20F0A1AFFE5EA0617F0F2CC
:10195000FFF4E6EBFDFB01F7F3F7F7F400FAFDFA0D
:10196000F7FEF6FDF305FC04FE01FD01FDF306FBA9
:1019700003EEF5FAEDFEF30C04F617F8E90F0AFD95
:101980001204FB02050A01F00FF20221FBFC05F52F
:10199000EDFC060510F2140C06F2E8E3F50110FA6E
:1019A0000BF8E707F7FA0714EDFDF9ED02F80FF968
:1019B000FB02F5F5FAFC04F9FFFC0FFEFDFE07F74C
:1019C000F0FAFCED05FA060C0EFEFDFF1103F5FB27
:1019D00019040FF9080701ED09E0131106040802C4
:1019E000FB1D1CF70E0EF3FD05F7ECEF04F400FCF5
:1019F000FE0E090509E4F108F80BF0DE08FDFE040F
:101A000008ECFFF5EDF2FFF2FBFD19F00C0D0E16E0
:101A100006FC01F403F103F2F4FB1704F303EA13E9
:101A200008FDE309F4EBF4EEF1F708FA01FBEB072C
:101A3000FE0103F7F01BF5ED080000FFFEF7E4E7F9
:101A4000E802F9FBEC01E5F10208F3FFFF03EBFA12
:101A5000F609040FF10CF4F6FAF102000500FEEEAF
:101A600004F8FD0401F7FF10F8140B070CFCDE0B63
:101A7000EBFAF7F4EED9070EF2FFF50404FBEB02E4
:101A8000F909FBF7141F11EEF2FFFA01FAF2EBF578
:101A9000FA0308FC051A02EE0013000403F802F62C
:101AA000FA0D07FD0310F9F509F513F7FAFB02FF2C
:101AB000FFF8F60D07F7F4FE00180AF90D0D0E13E6
:101AC000FA00EDF20AEB0FFFF5FD15000117DB013F
:101AD00003F7000D0A0D1FE3FDFF09FEF8F5F5FA07
:101AE000FBEF0FEC000B070C060D00F4F8F3FEFD06
:101AF000FBFFF6FA04060008F8F90AFBFAFEE9FC17
:101B0000FCF30310FF1005FDF409FBFE0BF00D0FB5
:101B100007F400FCEEF7F904E7FAFA06EDFB0D090D
:101B2000FFFB0304F91005F8FA030501FA040EFCA3
:101B30000E0202F60D170703050B03F3FC090CFA5E
:101B4000F9FEF5FD00FA02FE1708FCF3FFF904F7B1
:101B50000409F8FDF805F4F2F1F3FF030E01F704B0
:101B6000FEF8FE12FBFB0AFCFEF80C1EF61101F655
:101B7000FFF1EF1106FDFC0001F30002F203FCEEA1
:101B800006F4090CF4030D05FAFCF902EF0BF90356
:101B9000F9FE0C00F7150109180D0BFEEE02FDFF12
:101BA000F2F3F202FF00FE13F8FDF706ECF7FBFB81
:101BB000FCF7EFFCFC03FD0E0B030106EC0CF7F049
:101BC000F40104FAF90603FB00F2FE14F4FEE3F15B
:101BD000F6060EEF01E904FEFB000305040CEC0120
:101BE00006FEFF01F902FEE9000003080001EC1106
:101BF000F0F9F4FE0501FAF106F80305F2F5FE032B
:101C0000FF07FE0DF3040615EEFF09F9F402F4F7E1
:101C1000FA010A05F4FB05FFEEF1F313010AEB01EB
:101C2000F808FEFBF3F80900EFF5F700060DFC0AD3
:101C300000ED000FF1FD0FF9F7F8FDFB0205F811BB
:101C4000FB01F503F60A08040BFF04F4F6F509FF9F
:101C500002FAFD10020EF102000008FDECF00DFF8B
:101C6000F20208040D05020E07E60B02FFF3FB0269
:101C7000F701F7FDFAFE13FEE60008ED0E02F8028A
:101C8000F3F0FF02F4F82009E9FD0F13EA0219FC52
:101C9000FFF00A08EE0417080408F7F4F90215FC2F
:101CA00003F3F3F6F4FEF3EC0B05F808FE0E0DFB60
:101CB00008FEF6F0FCFE07F90CF3FB0A0B120A060D
:101CC0000CF7F4110F030D07E6F310F812F70108F3
:101CD000F9FD04060BED0A06FCF60D05F0FE20FEEC
:101CE000F5FEFC0FE2FB0D11F209FC0AE2F210EF27
:101CF00000F5F8DBFB09DCFAF80B0312F5FAFFF844
:101D000005F600F7F904ECF9FF10FBF8FDF6F9FB16
:101D100009FEF1F50208F7EE1007F3FF000AF4F4EC
:101D20000D15EC0708EFFAF70F090BF9EFFCF5DEDC
:101D3000FB00ED09F1E4F600F30D13F9F6F6FCF8FB
:101D400004F9F112120AE5F7F2030714FB01F60A8F
:101D5000FDF0FF020EEEFEFDFE05080CF907F70E82
:101D600001F40207F404FAF9EBFD0F00F2F7F5F5C0
:101D700003F900FCEAF102F8E70B0F06080204F988
:101D800005FEFCF3F3EFFD09F7FB03FBFCFFF7F99E
:101D900003E3FF00F7060906F3FEFB0A0004F7FD64
:101DA0000CEFFDFB02FD0D02FBFAFE07F80905052D
:101DB000FEF1FA00F7EB090DF3ED0204FEF702F471
:101DC00004EB0F02F400FEEFFF0BF9021BF0100012
:101DD00016EEFEF8EDF0FA17F4EC05E8F1FDF80761
:101DE000FFFAFFE4FA000BECFFF208F8FD0BFCF839
:101DF00002F1F807030812ECFAEF03E7FAF5F1F93C
:101E0000F4140300F7E114F5F0F205FBEDF6ECF540
:101E1000F61104EEFCFBF4FAF3F5FCF801E4070715
:101E2000F91001F90203011319F60CF310020B0764
:101E300001FE0508F7F900031BFEF5FD0208170473
:101E4000F9F9FDFB060103FF0C0803F1FE00F9019F
:101E50000809121A0A0D01F91102F3FE11EDF9F940
:101E600000FC06FDFBF7F4F307F5FEF505FF0FF4A4
:101E7000E807F300FF1804EBFC1B10F7FE05F9F56B
:101E8000EDFAF921020609F10F0BF0FDE60DF90557
:101E9000F1F40DF7F9FF03F60812FEF20000FBFE65
:101EA0000F06FC0FEE17FEF71408EBF000F80BE43A
:101EB0000BF802FEF506EEF5FF04F0F9020BF1E671
:101EC0000B03ECFFF20EFAF8FCF003060DFC090917
:101ED00003F2F3F50D0500FC0904F30AFFEDFFFB27
:101EE000FAF4F2E9FFEDFE021326F8EE0BFEF9F428
:101EF0000EF9EEFF060304F4FBEC03080404EAFB0E
:101F0000ECFE0AFFFDF903FE09E9030D14FD13EED3
:101F1000E3F4FCFA07FEEEF802F304030A00FF0FF5
:101F200005F8FB020E1204FF05040D02FFF5FE1476
:101F3000100C03FBF0010A03090D03F2120807FF5E
:101F400008FDEA07E4F90813EDF40203F7FF0D02B8
:101F500009F7FCEEED00FAFF00F20510F2E9F2E3FA
:101F6000F4FE11F5FF1C150601FE0501F606110829
:101F7000FEF0F500FAFFFEEE060100FBFD05FD0197
:101F800009F0F4F3F3F9F5F5041A05FBFC01FA0284
:101F90000D02EBF7F4F9E8E6051CF8F10AE9F90897
:101FA0001423FCF4EDF0EBF0FCF9F00A0909E80069
:101FB000FC08FFFB010F08E6E9000201EF03071030
:101FC000F201F7F9F6EA08FCFAEEF2F9ED03F6048D
:101FD0000DFCFEFEF6E8FFEE03F0F902FE07F40149
:101FE000FDE0FA0201E1FAE8FE0FF3FA0BFA09024A
:101FF0001A0E0109EFEAF5F005FA04030F200011AB
:102000000200032005F8F00DFFF30700F8F4EEFEE0
:10201000EAF508F5FBEFFE07F7EAFCF6FAF8FC0133
:10202000080419FA0DFDF801F6E7FBFBF6F3FE13C1
:10203000F5F90A09F3EDFC0401FA0501F8F90804C1
:10204000F502030EFDF1EE0EFAFC18F5FC01F3F8B3
:10205000F90D02021E01EE20EEF1180605FEE8025F
:10206000EBFF08E9FD15FBFBF8F707F7F3F4EFF3D7
:10207000FE051506050AF4F0FF1D1503F9E104E756
:10208000FA12F80AF9FEF2ED031A210A00F605F534
:10209000ECFCF7F20AF0F40615030AF2EC04E30C88
:1020A000F809011DF3FC09F4ECF6FFFA1207F0FF42
:1020B000E70EF601EA0608F6E5F3F8F502FF010D72
:1020C000F1FF0FFB0803F803FD070602FDEE11F117
:1020D000F7EB000012F0EAF7F7F709F0F4EF19F563
:1020E000F1F70BEB15F2F707F4E8F9FBFE000B1B19
:1020F000F4001911020817FA0D00F608F403E70AB4
:102100000C02E305FAEE1006F702FF11F7FF000ECE
:10211000FEFFFEF600F0EDF10612F41305F62BFFBC
:102120000406F8FA12F506F4060511DEEFFDFAEFE3
:10213000FC04FF030C05290AF0F0F108FAF8E506A3
:10214000F2F2F5F3F6160B0204FBF9FEF5F6ED00DC
:102150000EF8F6FFFFF90A06ECF5F80DFEEF02F5B2
:10216000F8040105F6EE03F7FFF6F3FC0F020B0887
:10217000F50400EF130003EE10F601F2FBFDF60785
:10218000F500F705FCFF1004FEE80609EEEAFBF790
:1021900001F7FDF2F9FDF01225F90100FDFCFF0247
:1021A0000CF9FDF504010BF7FF1005180A06FB01F9
:1021B000FF06F6F5F9FF06030CFF0205EFFF060D1B
:1021C00008FCF5E800FE0001100A1106FAFC08FF01
:1021D00010F8F6FAFBF70E01EAF30601F5EE01043A
:1021E0000AFF00FFE7FCFAF8FE05FE140901EE16EF
:1021F000F7F80BE7010505F40705F10FFC0F0103E4
:1022000000EF01EBF5FC0406FC04FEF4EEFDF70321
:10221000F6E9F8F2FFF20EF904F9FC04EDF2F3F737
:10222000FE0001FEF5FB08010FFAFEFFF3F4F712C2
:10223000FEF8FF00080CFCF8E9F80006FCF8FC20AA
:10224000E4FD01F706E8F8F50C16070106FC010BA2
:1022500003FAFAEA0E010EFD0106F5FFF8F7FF009A
:10226000FEF2F3F909FC09F10C0DEA06FFEBFEE7BB
:1022700009F9F3F5100904140CF8E70C00FAF40E50
:10228000060109FC0104FDFEEBF90DFFF30305FF58
:10229000F502F0F1FADD03F5000B2FFFF30307F170
:1022A000FEFFF7E706F4F6F1FA0613FFFCF107F379
:1022B00000FC0201040FE8E91216FD0008FF05ED1D
:1022C00016010F080C0AFFFBFB0EE112F80AEDEFF6
:1022D0000102FD17FAF807FDFDFE01F2F00CFDF218
:1022E0000000F91BFAF1F80DFFE92FEDF10D03FBEA
:1022F00004FCFE0309DEFE0107EA14F200FE1AFBED
:10230000EFFCFBFBF90AF0E40DF908F3F40B000114
:10231000F2F30414F70203F2FBFCF601FB20E60CD7
:10232000F3F7E906FFF605FEFC03E7FBFEFAFB11F7
:102330001700FA16F71DF807F2FBF701F8F31C0176
:1023400006FB06FFFAEC0FFCFEFBE7FAEDF21FF6C8
:10235000EF04FAF90CFEF8F9FBF9F4F3F7050104C0
:10236000FCF3110602FF0303E90CF813FBF9F71164
:10237000F8FCFE03FFF3E219EFE70901FF02E106B3
:10238000FBEBF10201F50414F6EF05FDFE06030C6C
:1023900000F50D0C00F7FFF30B00FEEF0500F10850
:1023A00005FAFBFD04070D0F05F600F2F6F9F7F745
:1023B00007FCF1F50CF9FE0DE4F9F2FEF810F7FD5B
:1023C000F810FC0E01F401F601F9F0F90007E70D31
:1023D00005EFF6FEF51B030BFEFE020A04F5F7FA05
:1023E00003EE160FFCFEF7F9FE01FBF1FD0BEC020C
:1023F00006FE04FA0401FE0DF702FBF3060100FDE0
:10240000100CF3000AEE06F4F20006121EFDEDF0C9
:102410000015F1FFFCFC08F61205FEECFAF808F8CE
:102420001500F0ED0611FCEA18F304F804E50E08B7
:1024300005F500F604011510010006E9FBF6E7EFCB
:1024400010F40FF509FE1D0D031502DEFFF501F274
:102450000DFFEDF9FDF7F2F2FB1116E8110CF4E9AE
:1024600000FDF8FDFD05F7E8F007ED05F905FEF5BF
:10247000F801F611120406FA0709F414F6EE06FE46
:102480000400F1FE000F06F8EC06FCFDF9FBF60077
:10249000FCEDF6EA04FE1407FCF1FEF9FF06080164
:1024A000F1F8EFF7F7FF04FD07F708F9F502F7FC7D
:1024B000FBEF040FFE18150AFFFEF30907FCE8E71F
:1024C000EF060C15060DEE0801FAF708E6F2F7E440
:1024D00006161304FA0DEF05F50CF9EBFEEBFBF90C
:1024E00015FDEFF5F301F102FAEAFFF8F9FF08FA3A
:1024F0000EFDEFFEF61209FAF1F103FBEF0103F610
:102500000AF9FC1BFFFF1610040409F3FD0307FA88
:10251000F3D5000315F6FDFE0D02F5F402F5EDF41A
:10252000FBF6EE0F0BFAF6F9FCEF080EFCFCF0F6EA
:10253000E6EDF5F7F80F0BF5FBEDFC0904080A08CA
:102540000EF6041002110DF3FE02120C0106030A2E
:102550001204F208FE0D05FDF7EC25F0ED1202F174
:10256000EB05FFF703F4F5FE10FE01F4FAFDFDE5BF
:10257000F6F01016F31610EFF8E9FF07F109FA0567
:10258000EAFA0F03F9FF1A09FDFAFB080408F5FB44
:1025900002F207070FFA130E09FB080900020BFCF1
:1025A0000FF8FC04FCFCF8FBFBFCECF7FBD8D8ECC8
:1025B000FD3CF0E8FDE7E9ECFC04F6FBFF02EFEE82
:1025C000ED2319E00414FAE7E7F602FE020201081F
:1025D000E7FF0CFAF10BF9EEFB0B0AF613F807F321
:1025E000FAF3FFF80100E9010505030806FA01F90D
:1025F0000FF9F801FFFEF7FEFA00E7FCF9F3FDFC26
:10260000F344E1FAF9E5F607EE0CFF0CF510F414CB
:10261000F9FCF7070EF2F603F6F7040FEA03FEFFE4
:10262000E7E60008F4EDF101070C03EB09FD0306F2
:10263000F0F5FFF800FCFE01FE0901FEF806F4F4D7
:10264000FCF90006F607FA0502060FFAFEF9F8F99A
:10265000E605E9020BE7F105E608F8F605030416BE
:10266000F9E200100AF005F9F3F8F8FEF911090E85
:1026700002E406FE0010080905F603F90109FE0E42
:102680001CF5FEFA071306F908FE0E09F205FAF822
:1026900016F40501FC060E040301120AFAF8E8FB21
:1026A000FEFCFBF1FCFBFFF9F2F50F0702FEF9025D
:1026B000FD0D03F4F5FF0AF7E4020CEEFDF400FC57
:1026C000EFFAFB0E02F0FFEDF902F0F806FC0EF84F
:1026D000F9F1FA0524F801EC0B0501FE09FFFB06F0
:1026E000EBFFF90910FB0D0101F2EF0917F60EFAE5
:1026F000FCF3F7F0EBF30FEBFDED031908F2090122
:10270000F7F40308FDF817FBF3F0F5FAF2F1F60C15
:10271000F3FDF613F7EEF5F7F8F9F7F4FDF6FEEA38
:10272000FA0403F603FCFFE906FEF90EFA0E0AEFBF
:10273000F3F3F3F9F5FCFAFB08F41AEA00F709F6EB
:10274000E5F3FC03000BF5FF190018FEFBED1B0D74
:10275000F1F5012605FD08F805F202EDFA00F8276B
:10276000F6F30B0213F51AEEF40004ECFCF6F0F6A7
:10277000EF09FAFDF9FFFCED00FF0F04090805FE63
:10278000FEF4FDF7F2FCFC00F7FD04F9ECFB0C0590
:10279000F30AFD080218F8F6FA06EC0BF1F715013A
:1027A000E51BFFF4EF0AFFF6FC10F9090216FD0124
:1027B000120A1804FFF8010FF9F7F3FC010AF8F800
:1027C000FD0C03F701FDF50D000F0203FA0002FFF7
:1027D0000B160DF3E715FFF90D03F707F105E3FC01
:1027E000DBF9EEFE0BFE110FF30AEE04EEF8FA0B26
:1027F000FFFEEF020AFAEB02F50111FCF4F4FC050E
:1028000010F71204010806F9FAF9060704FFFF029F
:102810000106140AE602FBFD1DFC0C070B0511075F
:1028200000F7F30200F5F6F0F1FF09FB0D031001CC
:102830000DFFFF080A04F4F3060509F5F208FD0C84
:102840000902F40803FEF7F4F5FEF712EA0BF605A9
:102850000104F6EC08FFF301F6FCF9FAF404FBF4CA
:102860000CF3E715F6F109FB14FE0EEDF707F4FE85
:10287000F6FBD90D02FEF007F1F5FAFC0300F1F9C1
:10288000F9F6F5EEFBF7EBF40205F7060BF8F705A2
:10289000F503FCF60006EB05081304EE1BE7FA0F40
:1028A000FCEFE9F2F9FCF60DF10406FB01EEF8F994
:1028B00002F6FF060AFFFAEA030205F0F5FC000142
:1028C000F6FD17F2FA07E20314F10310EA05F0F936
:1028D000F8070903ECF8F20404FCF116FFF5FB0617
:1028E000FB04090C0C07F3160005FD110B06F2FBA7
:1028F00000FDF4F30103181208ED0DF80201ECF5E8
:10290000FF1A1AF0060105F8F9FE0111EFDF0810B1
:10291000E21059E80D08F0FD08100E0FE8F203F080
:10292000F704FA09FF0901F303FCFB14F70510F79C
:10293000F600FF100505FBEDF8FCF80B070E27F776
:102940000EF3F2FB0CFF0DFB02F006F6F217EF019F
:1029500003FEEEF3F8EC12FEED10FF05F400001894
:10296000EDE60B00F408FDF3F70008F3030A0FFD92
:102970000C02FDFE1303F70F0204FCFD0204F50434
:10298000FE01FBFB07FAFF04FFFEF8F6F2FA01F87E
:102990000BF6F7EF01FDF0F8000F04F30406E90869
:1029A0000309EDFAFA01F701F50B04F9FDFDFA064A
:1029B000F212FAFF00FDFC0404FAF40806EF00F836
:1029C000FBFDFEF1FAF80804FCEC06FB050000F143
:1029D000FAFFF6F9F4F60FF9E9DCFBF71313FBF253
:1029E000F3F515F1EBEBF0060500F6020B10FCF029
:1029F000F5FF06FBF6FEF1F512020501FD05FFFAF3
:102A0000020900EF07F006F0F1061402FEEFFE0CDB
:102A1000F7010BE4FC04F507F8FCFE01FEF9010BDD
:102A20000400FC01F2FD0D04F7E911F6FBE90104D5
:102A3000F8030200FE09100114F408F5FE01FD067A
:102A4000F8F80CF304FB050403F607FCFE0A0C0A75
:102A5000FC0022F911070F00F71000F8F4FEFAF954
:102A6000F917F8E7ED0FDFFB030604F701F5FBFAB2
:102A7000FE0BF8FCE10B00F0FF1EF9F6F7EAF1F7A8
:102A800001FEFB1EE90D01020F05FF04EFF5020731
:102A9000F70AFE02FBF7F5EFFEFFFE0EFEF9FAFC69
:102AA000F40310FFFF02FFEF09E804F4EA01FBE47E
:102AB000E312F409F507E703FFE4FDF3F9F401EA93
:102AC000F5F9F101E80DF7ED0D14EEF301EAF7EA7F
:102AD000FCE0EA2DF70EFAFDFB1FFCF3F4E8FFFA29
:102AE0000900F5F7FF07FEFDFB0FFFF8F3F0FD000F
:102AF000FDFAFBFAF8F8F3F71FF80BF8F005F5FC10
:102B0000071C170D101AEA0B06F3FFFB06F8FEF17F
:102B1000F9F8100AFC04E8030FE907F716FB0700B1
:102B200012E8F40CFC07FC0401E903F4FBFA00FFD3
:102B30001FF00A00070B13EEFC000AFCEDFEEE0688
:102B4000071003F7FB0A0300F6120208F6F3F1FA86
:102B5000FE01080600FEFDF61706FBFEFF02170049
:102B600002F1F7FDFB0AEC04FCEB05EF2211F6FE87
:102B7000FB02FA06FD02F7F701F2F9EBF9F7FA04A6
:102B8000F1FA0AF60A070BE6F4F609E804EC0A077C
:102B9000070D1808FD11F20BFE01ED09F0F8FAF728
:102BA000F6F8FCFFF8FE08FD0C1A0207FBF5FDF431
:102BB000FAFEF209FCFF04FF01FE00FD0BF7E4063C
:102BC000F6FFEC03FA000AF7E9ECF502F5F4FBF581
:102BD000E60311E2FEFD090DE9F804F7F8F5FF023E
:102BE000F40010F40001F4F1F3F3E40E09EDF00049
:102BF000FBF402F9FFF9050D1B070914E5EAF9F9E1
:102C0000E9EF01FE0905FA091E1DF613EC0BEDF7BD
:102C1000FCECEF1BFB140404FB0DEF13E2FDE9FEDB
:102C20000D01FA03F1E305F3EE1E1522F100F4287D
:102C30000C01F3F5FCECF800F8F502F8FCF60AFEDE
:102C4000FAF203F700FBFC00ECE3F40600FF0AFCD9
:102C5000F6F016F20303FC130B00F322F201FCF969
:102C6000F1EEF804F90C12130205FA0B00FBF3F273
:102C7000FAFFFCFAF9F70301FC17FA1506FF020A3E
:102C8000FF07F70306FDF60D1DFF0AF4080DF1021C
:102C9000010F01FDF8F4ECF1EDF508F7F713FA0375
:102CA000FCEBF308F4FBF7FAF9F90F11F30AFCF85F
:102CB000EAF80A08F90D14100B0201F605FBF3F20D
:102CC000FBF7FDFBF10807050C0B06FBFD000A04F2
:102CD000F2060303F908F9F7EDF3F3FCFCF9FC0144
:102CE000F5F803160BFCFD1AE3EE03F9020E0502DC
:102CF000040906FA030304F21B15F30402060AFD95
:102D00001609FBF012FFEEEF1604F205140AF6FFA7
:102D10001BF6EE0705F90802FD06F9FBFD0A03F6AE
:102D2000F30C05FDFF030706F9F5F70004F8F0FEC4
:102D300005F1E2FE00F20202F0E90503FDF8E5F319
:102D4000F5F5F8FAF2E106F40B00180DFEFEF9E9CC
:102D5000E90903F0ECF5E1F7160008FB06EDF2FED9
:102D600007FCF3F8F1F9F4EF1CF8F8FCF8F6F1F5CC
:102D7000FD0414EEFCF501F7F5E100F50B1C08FB72
:102D8000FB010F0704FE1513EEEA0809FE0E0BFF08
:102D900005F90701FEF618F4FDED0B15FF0F1BF901
:102DA000EC01F1FAF3F6FEF31201FBF902FB00EF7E
:102DB0000809F80C01F8FBF308FE0203FA0204F418
:102DC000F4FF0707FE0509030EF7F404F4F0010A07
:102DD000FD0AEBF7F805060201F60202FE0CEC0212
:102DE00006F9000EF9FC0DF302F6050EFFFA08F4E1
:102DF000EAF5F4F1FBEFF2F81209EB01F7FDF3EF5E
:102E0000FDF404EF050513F40201FFFEF903F004DD
:102E100003F8FC15010610E40700EE11EFFEFE00BA
:102E2000F60511F0F710F7FFFDFBFC050313051085
:102E30000BF611F808FB05FCFFF20CEC1B02FA0084
:102E4000EC000F05FCE4EE010A02FBF409F3FDF4CB
:102E5000F10919F004FDFCF4FDE9FEF403FE10088D
:102E6000F900FB080EF90DEBFEEA05FB00F5F1F9A0
:102E70000EE21906011904F103F9F7FB0FF40AFF3A
:102E800006F709FE110704E8020BF5E90404F8F25D
:102E9000F323F9F1F4FA03E9070DFCFD0FFFF7F94D
:102EA000FD13F4F304F7FFEE05EC06FF0403FC004A
:102EB00000E5F006FDFCF90002ED10FFFE05FBF950
:102EC0000DF1070AE410011109FCFA04F9FA0BEEFE
:102ED000EEF30D0AF017F504020BE8F805F00F0306
:102EE000EA02F7F6EEF0E800001107F408FA080E1F
:102EF000F90F0EEE0CEDFBFC04F70FF1040EF911C7
:102F000001FC0B0F08F509F4F80D01F309080303A0
:102F1000FDE7EB05030D100403F01CF5F50502DBDE
:102F2000F3FEFF2AF01C06F5F9FFFBFEF6F1150291
:102F300006FCFCF9E7ECD709EEF71607F600FE0FE2
:102F4000EEF827F813E711FCFBFA0506F409FEE496
:102F5000F5EF0B08FEF300F100F307FA0A04090786
:102F600000F906EC01EE020902ECFDF4F00EF4F0BB
:102F7000FA15F9F51AF010FFF600E8F9F5EFE5FAA1
:102F800003EBF1EBFCEADEFFE5EFF3020003F8F5FB
:102F900008070B0809FB03E60DFD091CF3080FF1F8
:102FA00000F2ED00050B0FFD08F3F7FBF9F5F50650
:102FB000F90302FC05EE0D071101F0FCFC05EEE53E
:102FC00010130909090702000904E3F104F5F208E6
:102FD0000109E8FEFADFDE0BF806FF0316F5F31C25
:102FE000000BED10040105E7F80E0E02F70606FED1
:102FF00004F702FA051B06FD0401F80EF8FDEFF6D2
:10300000F3FCFAF2F508ECFCFB1DF321FDE6FDF8FC
:10301000F2F6E80CEDF8010C011A1002EB130400B3
:1030200006F9FBFE02030507F6E908E9FDF4FD05D4
:10303000FA0306FC100501ECF3F1E50EFDFFFAFCC6
:10304000011915FBFEFAFD001308001104E6F3F761
:10305000F508FEF9F4FEF109060FFC1705F612FA61
:1030600002F6F9FF03F7FB020904FDE8F7EF0E0D86
:1030700017F10503F8FBFEFFF6E7EFEE0EEBEF07A7
:10308000FDFA09FAF702FBFCF3F3F5FDFAF7FD018F
:1030900012020004FDF1F403FA01060604ED10FE2D
:1030A000FC1A07EC1AECF324FCF70805F70D0926C7
:1030B000FBFF11EB09FA00FC07EB09FBF7F9FA1F1C
:1030C000FA0210FEFFF1E3041208F8020A00F1050B
:1030D000EEF4F9E8F5E800F3020A0807FEFA020B3D
:1030E0000DFF00F5F5F8F8EFF4EF28FEF0ECFD1019
:1030F000EBF0F4FD0BF5ECF801FBF8E7E50B08EC61
:10310000FCEF0813F2FF09FB07F3FB07F802F7F6E1
:10311000ED12FF1FF0FBF80B1006EAFE0FF2F605AA
:10312000F9F9F3FEFBFD0CF50F11ED09090CE507AC
:10313000FDF1ECEEF4F9F4EEE3EBFCEBF7F3FD1A42
:10314000F4FA00032204FCFCF4F7F802DE01F2E6D4
:103150000D010F12091119E9F8EFFB030309F5EE50
:1031600001060202FF0203F30007090E08FC08052E
:10317000F6FBFCFF0909130512090E11000313F6F3
:10318000F9F0EAF1FEF8080AF0F602F0E9F6E406D2
:1031900000EEF10503040C01040204F3F200F9FF50
:1031A00003F1F302F5F7F90105FD00F40FFEF60E49
:1031B000FDEBFE11FDF301EA02040E01FF19F6EC2E
:1031C000012303F502FE02FCEFEEFA20F5F7F3F31C
:1031D000FE1802F9FF050FFFF6F1EEEFF013F0070E
:1031E00013F5F307090107FE010611F2F70FF305C6
:1031F0001402FAFFF9F7E4F300FE0AEF0104F40FFA
:1032000010F00DFAF704FC0406F9FDFD0003EDFFD4
:1032100013F9100400FC0F01F003090DFDF5ED009A
:1032200001F112F1F70003EA080DE8FCF6F80A19BB
:10323000FE09F5031609F7FF100907F901F90BEF6D
:10324000F2F2F4F1FEFFED00EF07F7E91D04F700DD
:1032500004F1E3000AEFFE09F403F4F70722FF1874
:103260001EECFF1102EE09F5F2020B09080C06FD37
:1032700000E4FBF0F3FD01EDFB0FF8FCECF80713A5
:103280000BFB0B0509F9F0EB0BECF5F7E3FE0CF883
:10329000EF0600FFF703E9F8EDEFF0040A0716F375
:1032A000E6FDF3F0F5FAED10FC0205030A08030051
:1032B000FEECF20403EBFA0B05F30803F7F711FD3C
:1032C000FFFBEAFDF6FD01FFF8FD00030702FF1416
:1032D000FAF20BF20306F8FBF9F604F2F6FCFCEE48
:1032E00010F90307F8FEFEE907F2F40B01FAFA0100
:1032F0000B0D05FC06FCF8F80CF70104ECEB020FD3
:10330000FA17090207FBFA0E110801F6F7EA030D96
:10331000FD09FDF90AFCFF08F9E01DF3EC0200FCD1
:10332000FE04F110091306F7EF0424F504111DF64D
:10333000E8FC18061304ED0BFC00ECEFF6F203EFCB
:10334000FBFF06FB16F508FBFCEEF3F4FC12F3F2B0
:10335000F7FA0F0107F819F6F6010507FDFEE8FE7A
:10336000FA08071000F5050CEEDFDE01F3F5031394
:1033700006FCF30BFBFA0CFBF3FBF70D040818F843
:10338000EFF101F3EFFAED09F4FDF3FF04E80604B1
:10339000FB0102FEDE04EEFDF2F9F207EDFAFDFAA2
:1033A000FE0C08F1F203FF01FEFD0C0CFAE7ECFC49
:1033B000FC0AF9EBECFEF2150EFDE305F5EEEE0569
:1033C00004FC0DEDECEE30FB0309F51700E9F2EA21
:1033D00003E204E8EBF001010B02FC0A05EBE71243
:1033E0000EE5FDF5FCEC0AF61304FB1104FE160BCA
:1033F00000FBFCF7F8FC16011D001712FEF900F5A2
:10340000F8F40107FA0803F113F9F5EDF5FAE9F21A
:1034100007F1FBE9F9EAFEFC0C0CF7F2FBF4FBF711
:103420000FEEF8F0F7ECF1EEF905F5FDF909FF08FC
:10343000FEEEFCF0040BF8F5F609F4F40EFB05FFC4
:10344000FF08FA04F3F309FE060FF9FB0304FFFA81
:10345000F9000501060310F81BF40801FA00F6F85C
:103460000A0102F5FE02F7FD06010F02F0F1FFF975
:1034700007F208FAF5F1F8F4FAFB0403F307F8157C
:1034800007FC04060F10F2030110F6F602F9070A12
:10349000070EFD0D0408F912090D0CFEFBF9FBFEE9
:1034A000F7F4080BF200F10604FE0BFEFBFDFCE551
:1034B000FC0EF805EC0906F9FFFF16FFF50DF6E91D
:1034C000FF01F507EB0A08F5F8F41802EEF6F40030
:1034D000F7F301EBF0F204FCEFF6F9F7F9FA07065F
:1034E000FDF800FBF900090C01FC08F9FEFB1500D2
:1034F00003FA0FFAF2FA05FD11F60D01FB0B0E05AA
:10350000F311010B080409FFF6F911FDED0B060498
:10351000F91FF9F30401050CF6E50212E700F3F4D4
:10352000FA0AF6F80AF811FBEBF5F300FF05FB14B5
:10353000FF0CF8F30001000EF2090001EEFE06FD9B
:10354000F30712F8071C03120FFFF409F608030C27
:10355000F6F9FDF402F40DF405FA08F6F404EEFEB3
:10356000F90303ED07EFF4E90AECED121708E1F1B6
:1035700013F4E502FAEAE9F0FA0DF4F9220BE70F89
:103580000FFEFA05F5F5F3F7ED0DFF0C0C06E5FD62
:10359000F4F1F918060800F5EB08FAF3F7F9F0F37F
:1035A0000CF203EF0309F309FE02F7EFFA00FBF058
:1035B00009FD0EFC0903ECF911FAEA0DFEFAF7F821
:1035C00015F6F6FD10F6F3020208F5F900F5F2FE25
:1035D0000DFDF9020EEAF1040105030602F9F6FCFD
:1035E000FBF0F00BFAFBF6E801F20809E909F6F442
:1035F000F90003F8020D0AF404EDFF12F809FBFBD1
:10360000FF020519091108F50FFC0003000DFFFF6B
:10361000F4F0F5F611FE050B000CF5F6FC0C000BB2
:1036200005FFF50909F101F5010500F1000E02049D
:10363000FFF9F91D08F10A00F20308F90CFDE8038F
:103640000A00EBEBF3EFDFE21612FAF90DE3DFF518
:1036500003FAEFF3F4EEE3E9210DFCF01F11F40897
:103660001F0FF7FD0CEFEBED04F60603FD14100A37
:10367000FC05050E04F706F2F6FB0405E3F9FDFE72
:10368000EFEC01F309F71800F90F01FB17FFF41134
:1036900009EDF9FFFCEEE5F90209FBF802FFFB1268
:1036A00001E9FFF7FBF605F905F103ECF105F21A64
:1036B000F9F7F8F5F4F1FFFE09F80CF5EF06F4F868
:1036C000F4050C07F0FAFA07FA060C16FD00EFF6FF
:1036D00008F71202060704F8F110FBFE0F0EF703BD
:1036E0000DFB020FF9F605FCF8FAFEFBF902130CCC
:1036F00005F9FA030AF5030FF007FEFFF2FFFC11CC
:103700000A04ECFE02F3F1F5DFF7F4F3F9070DF22A
:10371000F31003F7FD0CFDFAF606F9090D0B020292
:1037200004F5F8F0F603F812EE00FC0E00FB0601BB
:1037300002F0F009F5F60801FDFF1205E90808029C
:1037400001EDFC0109FA10FC06FC05F900FA020E75
:103750000AFEF80C01E20E0CF9F5F9F8F90804E993
:10376000F101F601F8030802F3081107F90104F763
:1037700001F0E9F6000511FEF90D0907FEF9FD0F4C
:1037800004E9F0F9FAF0F10E00FA0005F50CF7FE85
:10379000FCFBF5FDF9F400F402F4040FF919000B39
:1037A00007080C170FEE02FC05F009FDF300F9F213
:1037B000ED1013070507FDFEFB040AFDFDF109F8F6
:1037C000F905FCFEFD0805FC00F7FC120BFE0605E2
:1037D000F501F82102F401FB04F91813F20FEFFFD1
:1037E000F904F1F8FAFCF00C011105FEED00FCF112
:1037F000F3FF04F7F8F9F21A09FE06FBF0FF04E9FB
:10380000F1EAF4F3FEF804F30F0402F5FB0B10F6F3
:10381000F8F3F404F9EB01F80A11FEF7180B0DFCAC
:10382000F80104FE0B06FC06F5F9F60F06F5EFFAB3
:10383000010BF4FDFBF10C0CEEF8F6FDE7F0FCEDEE
:1038400002F303F8EDFB0C09F3F8FCFFF8FE01F2BC
:10385000FEF902F2F9ED10F70005F3FC060705FA90
:1038600003FF0001F2F9FFFAFD1403060AF903F958
:103870000B0803F20408FC06F8FCF21205FEF3FD47
:10388000FBF3FDF6FEFB0CF70202F60AE5FE0CEC7C
:10389000FAF703F7F0030F040CFDF4FBEDECFCFE6C
:1038A000F7EDFFE5F2F602FA1B0BEC03E8FF02FB73
:1038B000FFF008F1F304FB02F90E0808E7F6F8023E
:1038C000F3F2030509F91902EDFDF7FDE5F4EEFA4F
:1038D000F0EEFFF9FDF90806F407F1FFE3F9F6F958
:1038E000FEFC06E9F6091B0DF4F8FA07E5DBF80F14
:1038F000FFF60FEDFAFB050AF2FFFC0DF6E2ED27ED
:10390000F4F008ED0BFB09050C080900F1F30F03B7
:10391000FEF90A0FFCF902FD0EFFF7FB04FAEEF2C6
:103920000306F9FBF802F60113FBE1EF05FD0304C2
:10393000130AF812FF170A0814F5F4F312F5F60A41
:103940000B11010502F707F407ED02021AF3042335
:10395000FF0FFEEC04E7FCFC08EEFBE3F010E908C7
:103960000110F1FE18FFFFFE08E8FDF5F8F5F4FB85
:103970000300EDF50801EAEB04EE02F9ECE8E015CE
:1039800012030802EF0305E7FEF5F308EDFBE4047C
:1039900018FDFFEDF9F6F2F709F6FAE4F0F6F80192
:1039A000030103FE050A02F8F0F0FAF6FE11FB0E21
:1039B000ED0A11FAFAF208100FF7F005FFFCF7FD17
:1039C000080005FEFDF6F6010AF2F8EEFFF4F1FE3E
:1039D0001409FA00FEFF03EEF4F5EEFFE50901EF2E
:1039E00003FA0D04F6F4F6F6000602EEFA0100F30F
:1039F000F9070405FE020FF81B05F4F2030504F2B3
:103A0000F20AEC0408021FF608FBFDFFF4FAEFFFD0
:103A1000F7080EFF03FC04FF10FBFBFC0AF1F20A9F
:103A20000B0F0C01FD01EB090F00EA0EFB02FF1763
:103A3000EF0812F9F407FFF806060C0EF705FB0D68
:103A40000C06F80C03F81B01F60FFB02FCF5ECEB7F
:103A500001ED07FDFA08050E0AF7F1FAFAFDEAEEA4
:103A60000EFAF008041DF4F2F4EC000305E4F4127D
:103A7000F7F201F8F1F5DEF5E9F7F4F30DEFF71AD7
:103A8000FAF301F70CFDF0EBF00AF5050EF3F1097E
:103A9000FEEEEBF604EBFA06080D141402080EF81D
:103AA000000D09000701EB0A030AEF02F609F4F61C
:103AB0002012F60BFE09F9F50AFD05FCF210F203DF
:103AC000F41101FD06FDF8E3050003F9FC0BF3EE2C
:103AD000F41306FC07EFF1F1051A0DFEFEFF0010CE
:103AE0000505F80404FAFF0BFDF5FE08F6F7FF01E3
:103AF000F5FEFAF903F2F90313040E07EEF5FBF4F1
:103B00000AF8F801100017E60C0DE915F6F3F302B8
:103B100003060301F0EC14F4FB0404FFFA0AF510A9
:103B200005FEF6FF0FE9F904F3FE12EAEDFBF706D6
:103B3000F604ECFF26FBFB07E8FC0FECF313011582
:103B40000204080601F6F31204120FFFF4F9FBF465
:103B500007F9FF010AF6F805030EF7F9FDF501F97B
:103B6000F503ED08FFFA00F607FCFCF3FD03FD0387
:103B700003F9EE01F8F1FFFCFDF404FBF600FDF89B
:103B8000FB00040BF414FB09EEE106F10C06EB0656
:103B9000F5F72109051206F11709E4FF170CFAF6EB
:103BA0000AF11316F0FEEB02051DE00B0009FEFE04
:103BB00004F2FF07F706E80F10FFE800FEFBFDFE2A
:103BC0002208030802FAFEFF0CDF08100BFAFEF8C9
:103BD00002F30D020208FBFDF1DEF801FAEFFBE350
:103BE000F3F73008F4FC04F903F6F312F2F7FBF3F1
:103BF000F5FEFAFEFFF3EEF9F202E209EE06070720
:103C0000FAFCFEFFFF0008FEEFF6F9FE020B0104CE
:103C10000C0A02FA07F4FBFE03EC0408FF0A060094
:103C2000F4F60AEF0C040DE7F3F5FF11EFF60DF5CE
:103C3000FD00EAFAF2F3EF00FA020E1404EDF8F0D8
:103C4000FEF8E4EC05F6F90C1B09F8FC00000F0780
:103C500001F3ECEB01F9FCF8120FF6F5110A08FC80
:103C6000060AFAFDFEED02EF06050802070D04F252
:103C7000FF0A01FA00F61AEE0106EEF8F604EEFB72
:103C80000900F8FB0401FD11F60FF1F8FFFF09012F
:103C9000F0FCEE0AFCE0FDFCFF05090EFBFDF60161
:103CA000FDF6F203FF02FBF5F9FBF9FCFFFDF60F51
:103CB0000708070701F413F9FB0A0D090DEBFAFADF
:103CC000F1FF0114EBF7EE0109FB0104000FFBF417
:103CD000070405000309F1F6020306080EF103FAD2
:103CE000EFF5F118FBF5F1F2FF0101FFFEE9EEFC43
:103CF000FBFBE911010AECE9F9F9EEE9FF00FD0A25
:103D0000FD0AFA1C02F807FA0600210001F4FCFB88
:103D1000F808FA12FD09F60EE906FE0B0607FE0684
:103D200008FEEFF5F50C1BF3F7080C06FCF4040293
:103D3000F2FCFB00EE0311F1FF0A181209FF110655
:103D4000FFFAF308E60E1BF5FEFFFDEBFEFF07068C
:103D5000ECFBECF2F2F90BF7FCE214FBF9EE0E01CE
:103D6000FD15ED03100708E7F1EA04F80AEFF10783
:103D700000F808FDF4F900FBF9F511030EF9F3FC66
:103D800017F4FEF3F510F8F4FE0C0A0CF9EEFFF34D
:103D900014E9FBDDF70CFDE9FFFA0007010DF5035F
:103DA0000B010DF4E809F4020BE503F90003F60931
:103DB0000C04F307FEF40F0105EE030DF9FEEFF915
:103DC000F713FEFFF30BEEF00CF4050BF702FCF417
:103DD0000E0FF7FCF60DF8F20CF91C01F2F5F900E4
:103DE0000903EAF7010CF8E6FAEA0813F6FC0C09F5
:103DF000FFF30106FFFBFEF80DF001030210FE02C7
:103E0000F71104F9F8050BF8FDF4F3FC1D0401E0CB
:103E100000ED03F9F102FFF4FFF802EDFA160FF6D8
:103E2000010DF3F4FE1003F0FCFC0DF2FDFE09049D
:103E3000FBFAF3FAFBF8FAEA0001FBF2F7FD1003D4
:103E400005F602FC00FAFFEF02090BF1F1F8FBF0B6
:103E5000FE00FF170FE90708FFE414F5FEE70FEF78
:103E6000FA0613FAF3F805EDFFE400F5FA020FFE87
:103E7000F10A1C0A000504FA0104070B22E5F4020A
:103E8000F5F1FE0302F1F7E50B13FE0106FDE6F482
:103E90000105EEFCF901F1F20906F604F9F3F4E686
:103EA000FA0E0206FDF6EBEDFA09FAFFE6EFEF0C6B
:103EB000F20900FBF9F10807F708F91EF705F1FE12
:103EC000060FFD0C020704060A0B071DFFFAEF00A0
:103ED000F503F307F701E7F6151702FC0C02F5FCF2
:103EE000FFFFF1F40103F5F50DFFFA1102FCF9F8FB
:103EF000EA00F4F9F7E901F206200C0BE102E80D03
:103F0000EFE7EEFCF9EB0301EA1FF4FBEB16F5F625
:103F100012040703070609F6FEEDEAF5F60D02FBAB
:103F200008010606F803F6FDF7F7F8F5F5FE0104BB
:103F3000F9F8FD0BFF0FFAFC0B000006000301FF70
:103F4000F4F1F9F6FC0703F70B09F7090407FA0C7B
:103F5000FFFBF0F9FFF40218FC0B0B01FAFEFD0069
:103F60000F11ED15FE0B0BF710F6F602FC04000323
:103F700004FAFEFA050409F30802F909EE09F9FF4B
:103F8000FE01FE09010F09FC0B0606FDF60506F60B
:103F9000EBE8FAFD010F00FA02FE06FBF206F7F964
:103FA000EFF2FEFB03EB03FEF6FFF1F2FB00FCF386
:103FB000F8FBF306F9F708F10EEC0104ECF7EE1547
:103FC000110106FEF8FE09EA08F8F2EA04F1EF2909
:103FD00006E804F0FAF2FDEFEBF5F71B1100EB1B1E
:103FE000F4D9FCEDFAE50A02F9F5050602FFF5F74A
:103FF00006F803FBF5F50E00F207F2F508F803F4F6
:1040000001FA0408F3F30BF209FFF204F6FEEDFBEC
:10401000080AF80FF50206EF0DF907F2F4F5F106BC
:1040200008FEFDF7090807F30AFB190401F822004E
:10403000F7FA04E9FEE5EAFCFDEAFA1101FAE9F310
:1040400004F303EF02EFFB0BF800F7FCFBF2FEECCE
:1040500008EB080601F703EEF40104F7F502E9ECBA
:1040600018060208FC01F505F9EEF8FFFC0AF9E76D
:10407000FA0F0510051503F601EB21FD050A19FAE3
:10408000F60916FCFBFFF30A1406F00A11FE02FE05
:104090000CF1F10400F7FF031314F8FB0FFA11F011
:1040A00008FEF20B04FA03FBFF0DFC0E09F603F801
:1040B000FBFCF9020DF106FDF60502000900F30410
:1040C00005FCEC080A09F4F1FAF4F1F3F606FF0432
:1040D000FFFFF301FFFCF20502041702F8100409C8
:1040E000F7F5F70208F9FAFE0C0F1AFEF9FFFFF6D2
:1040F0000AF7110506F6FAFA0F141E14ECFD08FC77
:10410000F5F5FBF80BFCF803FB010BF7FBF8F90CDA
:10411000FDFBFD09F5EEFDF600F30FF9F0EEECFA0C
:10412000FE0DFCFDF2EC0FED01ECFFF3FB06F5EDEF
:10413000E90F12F50021FDF9060708FB07ED00F471
:10414000EEFEFBF8000902F8F905EDF1FA07FD13A0
:10415000FFF2EE01F9FD09FEF1F6E506FB13161775
:1041600008F4F7F8FCF0F6FA15FAF204F8041C016A
:1041700002F3F5EBF0F0EAEBFAEEEDFCFFF4FBF204
:10418000F51207E5F000F7FEFB14F6F3F902FEEF77
:1041900008F9F4EFFAFDFBFBF607F4F2EB16E31C6B
:1041A0001C0000FBFAF10113FCFBEB07F30600080F
:1041B0000C0AFCF2F8F2F0F61700F501E1F7F8FF4F
:1041C000FDFCE7F407F4F1F0F413F6F1E814FEF85F
:1041D000EBF1FC06EAEEFEF6091010EC05280603EA
:1041E0001113F405FFF9E2DD05F6F9FEFF01FFE426
:1041F0000E13F2031C02F2E9000EF7F212F8F8EEC9
:10420000F000FB0C08F808F8002103FBF2F8E0F2DC
:1042100000F3F2030104FEF9100B03FEFA05071B7D
:10422000F8F0EFFCFD0CFB0C04EC05080600EE06B4
:10423000180F07FEF5F301020DE5032801F2F6ED74
:10424000FD131E01041101F40302FF0EFA04F5F739
:1042500000EF0AF8130A0302FBF904010B00F7123E
:104260000FFA0FFA0E080D020D0B050204FBFE04F7
:1042700007FEFB0A060C04F8F0F6FAFD0FFA00F050
:10428000FB03051002F615FCFE0EFC0A08F800FB05
:10429000ED090BFCFC0310F8FA12FF06FB000BFB08
:1042A000FCF7FB020AF805EEF20DFB18000205F719
:1042B000FFE9F9FDF4F6F604080C0C07F20BECF636
:1042C0000108F5011304EF0102F5FDF5EDF4DE023E
:1042D000FFF1F7F408FE00F20602FAEAE80FFA012D
:1042E000FEE6FEF4F814F70CFCF001F3F804FB040E
:1042F00011F201F9EC0E100705EF080E02F400FEB2
:10430000F3F200FDFC01120CFB040804FC1600FD96
:104310000301F803F900FB08FEF4FEF2F2FAF912C9
:10432000FFF7FFE7F3F30E05FAED0BFCF6190C0EA1
:10433000F90212F50800040601F50800010012F860
:1043400012F5FDFEFCF70CFD0F02FE0501ED04F178
:10435000F5F205FEFAF909090200FB01F8000A0569
:10436000FB13F8F90AF5F8060F05F8ED08FB0C0049
:1043700002FCFAFA06FFF8FB01F8FFFC0424EE0049
:104380000607F7FC140201F30E040001F818FC05FF
:1043900005F6E90411F5FF0001FA0009FAF5F1F854
:1043A000F7020DFCF8F61309F30A01EEF4050AF61C
:1043B0000403FAECF8FBFEFBFB0C0805FFFB05F021
:1043C000FFF705F3F1F8FBF0F8EDF9F4F5FB140352
:1043D000020EF7FEF3F6EAF7FD01F8030EEC05F71F
:1043E000FFE5F3F6FFEB0CFAF701FB01020204F123
:1043F00001F4F7F2FEF014EBFFFA15FEF51407F9DD
:104400000AF70704110A01050904030FEEF3FB067E
:10441000FFFDFFF803F3FF0108F303F7F3F404EAE9
:10442000051C111600E4EAE71305040408EC09E78B
:10443000F4FB0AFFEEDAF5F311FD00FB1CFC17F7A5
:104440000D080BFC01E0F2EB08F406F828F3F8F194
:10445000EFFEFDF8FDF104F60EF307EFEDEDF2F0DF
:10446000FB151A08F501FFF7FAECF9EAF00A0B0D53
:10447000F1F81D01EA02FEEBFDEE0001FC0401076C
:10448000FEF7E405F4E4F60B0005F001FFF9F60190
:104490000A020F020400F4FC0FEF04EB07F60B0C0A
:1044A000ED00F8EB12F106F10202FE0608FEFB1326
:1044B000F4F8FEF7FCF8F5F6FC0703140B0B0A15ED
:1044C000FAFAF6FCFBF7FDE9F60204FAF90501FB3E
:1044D00005F7F2FEFBEB0305E528F61105F4E9F913
:1044E00004E8F7030F05090C1318FA10060D050070
:1044F000FCFADEED06FDF9EDF50F0A0D0111F10AEA
:104500000100FAF701F6FF0AEDFB2214EC33FC0977
:1045100008FCEDE0F7F6F30AFAF00FF4EF1815F3E4
:1045200009F9ECEA08FEE3F70609F6FFF20206E5F0
:10453000F7ECFD1F022106F9EFFF03030B0810F152
:1045400001F008F6FD010103FD01FA0105FA08F08A
:10455000FC0211F910F5FEF5FAF300F2F4F0F4099B
:10456000F9F2F6FB0DF50A0AF5F507F4F5EEEBFFA7
:10457000F903FCDD01F6090E0CFEF1F7F7FEECF98C
:10458000F80B0EEF090A04EF05F30AF4FEF3F80046
:10459000FFE408FAF3F8FF0303090DFBFAF70BFE3B
:1045A0000CF7001903F40EFB08F2FAF9EFF5E80036
:1045B00009FBF605FBE52001FEF90209F4FFF5060B
:1045C0000128F8F8F9F0FAF3FBFFE705010EEB0319
:1045D000EF34EFFB0DEDF6EFF6FBEDF8FD0FFDEE22
:1045E000F7FAE81108FEFADAF7F8FB0BEE0EF9DF3E
:1045F000E7140805170500FD08F6120404FF04057A
:10460000F40702020F0403F80CFBF9F5FC0BF8F9B0
:104610000E04FCFAF90BEDEB0DFF03100AFDF3F9A4
:1046200004F7FB0D09F00CF9F9F3EAF7F704E5F0EC
:10463000F5FCFEE1E3FAF8F1F6F6FE05F900ECE828
:10464000F3010502E9F7FF0908FD0E00FD02F91765
:10465000F501FE11FBFE100AF7F40DF5EFF4F0057D
:104660000904F2EFFC05F9FE0CFD0D0300F7FEFB5B
:1046700016FDEBF90506FFF005EDFBF9FE14F4025B
:1046800001F90601EA071104EE00050AF002F10142
:10469000F2011E0200050CFEFAFA0F09F901FD0FE6
:1046A000F801040A0AFA0200F6F80701E0F3F3043D
:1046B000F0F8FC01F4F4F1F304FA01FFEBF7F2F186
:1046C000FE0BEC05FDFDF3FFF9F8F3FA0804010712
:1046D00003F11010060010F7EF05070508FBFDFABF
:1046E000F3F50D07FE0C03010BFF09F30902081493
:1046F0000003FE030DFE0AF103F40204E7F2FF0ECD
:10470000F9FB09FAF7F6011715F7FCF3F5FDFEFCC6
:10471000F404FBFCFEFFF30BEEED04E9F9FC1508D5
:10472000F3FC090D01FCFD00F006FCED070700009D
:10473000F4F6FAF9F9FEF303FF03FEF1050A000AA5
:104740000809FA0505010DF508FF0EFDFAFFFDFC4D
:1047500000FF00FCFCFD060BF7120EE8F00D02F462
:10476000FF0EF40809FEFC0CF90720FDE8EEFBF74C
:10477000E3060400F2FBEA18152006F3FCF503EE4D
:104780000801FE02FB17FCF91BF1EFE902EAFBF35B
:104790001E0CFB0400060BF9F2F302F5EDFEF70523
:1047A00013FBF9F8FEF3F5FAF804FB0AFE0FF40A1E
:1047B000F7F5FCF7FD04E9F70403F5EBF91004FC49
:1047C0000BF8F308FE04F21CEFF203F3F600200AE4
:1047D0000102F3FAF50B110DF4F8F7171917F71496
:1047E000F61104FE00EAFB0CF705F8040A0FF40DBD
:1047F000F1FB0515FBF6FE120602000EFD0AF1F7AD
:10480000FFF5FA000D0801F117F5FEEFF0121B0598
:1048100000F00D02FBF2EEE70BE9060DEDF007E705
:10482000F113FB0DF80F15FFE9F90705F9F501F58F
:10483000EA06FDFF0AF9F8F4FB0208F9F700020A9C
:10484000F5F91A0711FFE6010207040F0700FA093C
:1048500009F2FDF5F5EDF81810FC00FA0BF8EFF38E
:10486000F2FCFDE9F7DF00F401FD0007FD02E7F4CB
:10487000061102FAFB0117EC00F6F505E8F803E370
:1048800004EC01FEFF0208F403FF05F2F5F208F460
:1048900010FBF10EF61402F407F4F2F4F207F80636
:1048A00006FFFC08FAF9F6FD0AF10AFC1AE8FCF624
:1048B000EAEE09F603E802F305FFFCFB080BFDFE38
:1048C000F80EFB00FAFB09E901F104F0F4F9020A21
:1048D000F007F7FBF3F60600090209FC04EC1004EC
:1048E000F513F402FFFE1902090B0A16ECF002FDA3
:1048F000F7FAFB0410F90408EBEBEBE7E7E7E8E86D
:10490000E8E8E8E8E8E8E8E8E8E8E8E8E8E8E8E827
:10491000E8E8E8E8E8E8E9E9E9E9E9E9E9E9E9E90D
:10492000E9E9E9E9E9E9E8E9E9E7E9E8E7E9E7E9FF
:10493000E9E6E9E8E8E8EAE8E7EAE8E8E8E9E9E6F4
:10494000E8E9E7E9E9E9E8E8E8E8E8E8E8E8E8E9E3
:10495000E9E9E9E9E9E8E8E8EEEEEEEBEBEBEBEBB1
:10496000EBEBEBEBEBEBEBEBEBEBEBEBEBEBEBEB97
:10497000EBEBEBEBEBEBECECECECECECECECECEC7D
:10498000ECECECECECECECECEDEAE9ECEAE9ECEC70
:10499000EAEAECEAEAEBEDEAEAEEEBECEDECECEB62
:1049A000ECECEAECECECEBEBEBEBEBEBEBEBEBEC52
:1049B000ECECECECECEBEBEBEDEDEDEAEAEAEAEA41
:1049C000EAEAEAEAEAEAEAEAEAEAEAEAEAEAEAEA47
:1049D000EAEAEAEAEAEAEAEAEAEAEAEAEAEAEAEA37
:1049E000EAEAEBEBEBEBEAEAECE9E7ECEAE7EBEB24
:1049F000EAEAEBECE3E6E9E7EBEEE7E9EBEAEAEA21
:104A0000EAEAEAEAEAEAEAEAEAEAEAEAEAEAEAEB05
:104A1000EBEBEBEBEBEAEAEAEEEEEEEBEBEBEBEBE0
:104A2000EBEBEBEBEBEBEBEBEBEBEBEBEBEBEBEBD6
:104A3000EAEAEAEAEAEAEAEAEAEAEAEAEAEAEAEAD6
:104A4000EAEAEBEBEBEBEBEAE9E9E6E8E8E7E4E6D8
:104A5000E8DFE2E7BAC0C5D1D8DBCFD2D5E4E4E6DF
:104A6000ECEBEBEAEAEAEAEAEAEAEAEAEAEAEAEBA1
:104A7000EBEBEBEBEBEBEBEBEDEDEDEAEAEAEBEB83
:104A8000EBEBEBEBEBEBEBEBEBEBEBEBEBEBEBEB76
:104A9000EAEAEAEAEAEAEBEBEBEBEBEBEAEAEAEA70
:104AA000EAEAEBEBEBEBEBEBECEEECE9EDEDDBE16B
:104AB000E6CBD2DBA3ACB3C3CDD0D6DADDE6E5E8F6
:104AC000EDEBEDEBEBEBEBEBEBEBEBEBEBECECEC2F
:104AD000ECECECECECECECECEFEFEEECEBEBECEB11
:104AE000EBECEBEBECEBEBECEBEBEBECEBEBEBEB12
:104AF000EAEAEAEBEBEBEDECECEDECECEAEBECE804
:104B0000E9EAEBEDEDE5E7E8D0D8DAC2CDD2B9C6F7
:104B1000CFAEBCC8A5B3BDB8C4CACFD7DCE2E4E809
:104B2000ECEBEDECECEBECECEBECECEBECECECEDC7
:104B3000EDEDEDEDEDEDEDEDE4E5E5E4E3E4E8E6E6
:104B4000E7E7E4E6EAE8E9EDECECEDEDEBECEDEBC4
:104B5000EDEBECEDEBECEFECEDEFEDEEE1E5E6E0AF
:104B6000E4E5E9EDEEDDE2E4B7C5CCA1B4BE9FB467
:104B7000BF9AB0BE90A3B18F9FAB9CA9B1C6CED354
:104B8000E9EEEFECEDEAEBECE9EBEBEBEBECECEC6C
:104B9000EEEDEDEDEDEFEDEED4DCDEE0E6E9E6EA9C
:104BA000EEE3E8EAE5EAEAEAEDECEDEEEBEEEDEC59
:104BB000EFEDEEEFEDEEEFECEDF0EEEFC9CCCBDB91
:104BC000DEDDE9ECEBD6DADAC1CCD2B9C9D2B8C9AC
:104BD000D3ADBFCBA5B6C49FAEBBA2B0B9BAC7CC4C
:104BE000E5EFF0EAEFEEE9EEEDE9EEEEEAEFEEECFE
:104BF000EFEEEDEFEEEEEEEED8EAF1DDECF3E1EE06
:104C0000F6E1EFF3E3F0F0E7EEEDECEDEBEEECEBDD
:104C1000EEECEDEEECEDEDEDEDEFEFEFC5C6C4DC47
:104C2000DDDAE9EAE7E6E7E5D1D5D9D1D8DEDBE49C
:104C3000EBD0DAE3D1DDEAD2E0EBD9E9F0DAEBF15F
:104C4000E1F0F3E4EEF0E4EFF0E6F0F0E6F0EFEBA5
:104C5000F0EFEDF0EFEEEEEE768C95778A947C8EA9
:104C600099889BA1ACBCBFE1EAE9EBECE9EDEAE88D
:104C7000ECE9EAEBEBEBEBEDECE9EDEBD6D8D6E2C9
:104C8000E4E2E8EAE8ECEDECE4E6E8E3E6EBE7ECA6
:104C9000F1E1E8EFE1EDF7D9E9F3C9DBE2B9CCD313
:104CA000ACBDC3A7B3BAA7B4B9BAC7C9DFEBEBEBC6
:104CB000F1EFECF0EFEEF0EF6D828D6779856C7DB2
:104CC000896F7F89929FA5DEE5E7E3E4E1E5E2E015
:104CD000ECE8E9EAEAEAE7ECEAE6EDEBE5EAEBE73D
:104CE000EBECE8EDEEE6EBECE7ECEEE7EDF0E5ED16
:104CF000F1DFE8EEBFCED5A4B8BF92A5AC899CA3E6
:104D000086959F808C9979858F95A2A6D8E4E5EA4F
:104D1000F1EFEBF0EEEDF0EFC3D4E0BCCAD7C7D3B0
:104D2000E0C8D3DFD1D9E3DFE3E7D5D5D3D3D1CE04
:104D3000D8D5D6DCDEDEDBE2E1D2DDDBD1DBDFD3D2
:104D4000DDE1D8E1E6DCE5E9E1EAEDE2ECEFE1ED19
:104D5000F1DAE7EDB7CCD0AFC6CBB5C8CFB2C2CA97
:104D6000BAC5D3AAB2C48E97A4B9C3CADBE6E9E731
:104D7000F0EEEAF1EFECF0EFC1CFDEBFCAD9CAD353
:104D8000E0D6D9EADFE1F1D6DBE3CBD0D0ABAEAEF3
:104D9000B1B4B7CFD5D6AEB8BC6270795D727E655E
:104DA00079846F818B7A8A938998A199A7AECAD8A2
:104DB000DCDFECEDDAE8EBDCE9EEDFEAF0D9E2E9A2
:104DC000DDE4EDD4DBE5C4CBD4DEE6EDDBE3EADD08
:104DD000E6E9E8EFF2EBF1F27182986F7D93717D75
:104DE0008D7D83978A91A5AAB6C1BFC9CDBEC7CC18
:104DF000D0DBE2D8E6EA9EACB736475C2D465B31A5
:104E0000495B35495A4254626672819FA8B3DDE31B
:104E1000E9EAEFF1E9EDF1E3E7EDDFE4E9CFD3D93A
:104E2000CAD0D4D3DADCD4DBDFC7CED6B3BAC4BCA5
:104E3000C5CDD3DDE3DDE7EA3D516C4556723F4F0A
:104E4000644455667B8D9B8B9BA4979DA4C3C8CF60
:104E5000D6E4EACEDFE4A3B4BE67798A5F708365E7
:104E600075878A97A8B5C0CFCFD4DFDDDEE8DBDB5E
:104E7000E3CDCBD4B7BAC39EA6AE939AA3838A934D
:104E80007D858C828B90889298858E978089938A75
:104E900099A0B6C5CBC5D4D828354D3A465E5562E3
:104EA000747F909984979C606B6E777376A39EA1B4
:104EB000ADB4B6B8C2C5B6C2C6B5C1C8B7C2CAC617
:104EC000D1D9DAE4ECC8D2D9AEB5BA9FA5AC9196E7
:104ED0009F848895747D8A626F7B5E6A76636F7B40
:104EE0006976806B79827A87918A97A196A4AE9D24
:104EF000AEB8BCCED5B9CBD00D0F231A1D2F868CE2
:104F000097CED8DC8A9696767B7B8D8586ACA2A2DE
:104F1000B5B5B4CFD1D3DCE0E1E4EAE9E0EAE8E614
:104F2000F1F0E2EEEEB0BDBE909FA38A9AA28E9EF3
:104F3000AA91A3B19AABBB95A5B695A5B69AABBB02
:104F40009DAEBDA0B1BFADBECCBBCCD9BECFDAB299
:104F5000C4D0A5B7C19DAFB70505183A3E4FC8CF1D
:104F6000D9E1E8EFC5CDD4C7CFD3D4D4DAE2E0E5B8
:104F7000E5E6EDE9ECF6E8EEF5E6EEEFD1DDDCDFB7
:104F8000EEEFDDEEF1D2E4EAC6D9E4B4C8D6C1D87A
:104F9000E6BCD5E5BDD4E7C2D6EAC0D4E8B8CCE0DB
:104FA000ACC1D4ABBFD1A1B5C590A5B3889CA98332
:104FB00092A1808F9E8A9AA5272D47919BB3BECC44
:104FC000DEBAC4D8B8C5D9C0D3E5C2D3E6C2D0E3EF
:104FD000C2CEE3BFCBE4C0CFE4BECFDDB1C1CFB41E
:104FE000C6D79AB0C193A9BC91A1B89CABC392A3F8
:104FF000BA71859C7289A1849DB47E96AD6F879E9F
:105000005C738A5B70875D72855E7483697D8C7961
:105010008597818D9E818E9C7A87A1A2B3CF8FA028
:10502000C2899ABD8398BB8098BE7F96C08296C184
:105030008396C08093BE7F93BD8195BD8195BC7CD6
:1050400091BA687EA3647A9A66789A7686AA708006
:10505000A35E6D915E70945E7599577090536788EA
:105060005061825367865D6F8B65758D6C79907327
:105070007D9279859482909C49576D4C5A714D5A16
:105080007A505D7F54628657668E5766935A69964A
:105090005E6F986677A06B7CA57183AC7389B576DB
:1050A00088BA7684B47885AF7388AC6E85A86A7F39
:1050B000A364779B5F6D9455658B4F6184505C7FD3
:1050C000505E814D648550648152627A5C687E7165
:1050D000778A7D879288959C0D1929030B190910F1
:1050E00023121A30121A3415193814193A161E3DA3
:1050F0001A243E222B462A334D303B5734456A3C16
:105100004B79424D7E464F7E47577F48587E4351EC
:10511000783C487037436A35446835456739456699
:10512000394769394E6E485973576477687180788A
:105130007C8882888D899295242E370B1014080D57
:1051400013202C35242D3A161929080B1E03081894
:1051500001041100020F00020F000414060D2A05BD
:10516000123801133C03173E0D1D47182651152117
:105170004D151F4C15264E162C4F1E3253273A5AEA
:10518000394665555A7671738A7B7B8A74737D7A4A
:105190007B80868B8999A09E23292D1A1B1A0D13BB
:1051A000121B292947515446464C3132391B1F25C1
:1051B0000F0F1505050B0202070000071111233917
:1051C000405B1F324E0A243E041E3C041E3E071E56
:1051D0003F0E2345192B4A2937533E476356617BBF
:1051E0007A7C92908395847887726972756F7484E3
:1051F0008685929892ACB3AF100F110D0A09040A7C
:1052000008030C0B2D2C2E413439362B2F2421234F
:1052100012121404040702020400010307080F76A7
:105220007586A19EB383809470708369697D696778
:105230007C6D697F766B7E8A73859A7E90977E8D72
:105240007F6A7469565B6A5E617874748182818E4C
:105250009390A4ACA5B8C2BE2828230C0A0700036B
:10526000030004040C06071E0C11200C11150A0C77
:1052700007060702010302010203020300000244C1
:105280003A40B68092CD8294C47F90C27B8DC37722
:1052900089BB7181AC6E7A96606A7B4B53674245DD
:1052A0005F4746685D587A767181847E848D8798E1
:1052B000A29EABB6B0B9C5C2454D401A1D1501013D
:1052C000010101020401000C02051203090C020590
:1052D000040102020000020000040001010101209B
:1052E0000C0B992D3BCB2F44C32E43BF3045B3321B
:1052F000439B313B772A315B262A51302E5E4D4746
:10530000756E667D7E747D8078818780909993A28A
:10531000B0ABADBBB7B8C6C4535E522F342B01013E
:10532000010201020200000501020701050400025A
:105330000100000100000100000300000102001B49
:1053400003028E1926CD2036C6192EA9192B7919DC
:1053500024551D224A2927554238665C52797169C5
:10536000807C737A7E73797F76848B83939D96A5F8
:10537000B3AEB0BFBBBAC9C75C665D363C32060788
:1053800003030201020200010301010303010202FF
:105390000101010100000100000101010003020FF1
:1053A000010066131C9D1F2F7511174A0D0C381B29
:1053B000164A3A37635A517373637A7E6F7C7C70F6
:1053C0007B7B717D827780877E889189949F97A26D
:1053D000B0ABB1C0BCBCCAC95763592B3325131736
:1053E0000B0B0C04080A02050B04020A0402070254
:1053F000030401030401030401020302000606047E
:1054000005022A0D0D471518351B19393229504D43
:105410003E716252847165867E717B7E70747D6F91
:10542000788073838A7E8B94898F9A919CA8A1A996
:10543000B8B3B6C5C1BCCAC95260522E3924242C97
:10544000161F23111B1E0F161C0F111A0D10170CFF
:1054500012150C13150D14160E13170F131B14171A
:105460001F1525281B40372D574643685851746631
:10547000558070588B7969837A6E757A6B737F70FB
:105480007B8577838B7F8B958A94A0979FACA4AE06
:10549000BDB7B9C8C4BBCAC85565533E4B303A43C3
:1054A00026373D253338232F35212E352230372618
:1054B000313728333829353A2C373E2E3B432D449B
:1054C000473051543B68604A7467537F6D5C857404
:1054D000617F79617F7F6B767C6A727D6C7A837580
:1054E00081887B8891858D988D95A2999EABA3A884
:1054F000B7B2B4C3BFBAC8C71E87CD4D28142EDDBE
:105500001CDF26F305EC0FFCFD0D24ED0A0EEEEF7B
:10551000F50F19EEF0F7F7F8FC15F50A0406070980
:10552000F2F711FA010812050E0C000209F8FD0F3E
:10553000F902EEFAE614FA090AFE0C0BF6F912F477
:10554000F42912060BFDFF020B18011609060421AF
:10555000EEF4E6EA0703FEF8FDF813F01CEE010294
:1055600010E6E2EEF4E20909F90D070CF510FEFF72
:105570000EF60F0B04F1FBF40716F1F4F901160116
:10558000F41D0301FDF4FBF9FF1614FAEC190305F1
:105590000102EFFEFE0404000FED06F9EC0BEEE64F
:1055A0000E0100F704F80BF0FF0FF0F911F3F6010C
:1055B00002080EFEF020F6F60CF009F5F6F10309EC
:1055C000E23A04EC06F6FA0B00FF0D0EF200FDF4D1
:1055D000FC1602020E010A01F4F811F4FFF6F7F7C7
:1055E000FE0BE4E7FAFB040AFD0B06100DFDFA05BD
:1055F00023F4FF051AFDE302FCFAF1FAF508F8F4CA
:1056000001F3FE070CF007FB0B14FAFE2A1524FC2D
:10561000F401FC190600F4051CFB0105F101FE0173
:10562000FBFCF629F209F5E9002100F70DF7FD066C
:1056300001040103F70402F0FE15E0F706F4FE038F
:10564000F91DF8E50AFDFD0AECFD0C00FCFCF50770
:10565000FA0802F50607FAF3FEFC11F505000B0146
:1056600004FAEFF7E707040415110EFB04F4EF0545
:105670002EF911F61600F7F3F30CFC01FCEFFEF91E
:10568000F2F2F20709F5FE03060F04060308140AF6
:1056900010FCECF61907FC050301FEFE080209FEEA
:1056A000FA02FBF5040118F6F50BEFFCFBF20B0216
:1056B00002000A0DE109F20D1315E3F60409DF03F8
:1056C0000900F3F0FFFDFC1403FE0CFADAF0EFF82A
:1056D0000A0C12F6F8101908FCFF04F4FAF8FE0B95
:1056E000F602F0F528EF0B0504EBFF1921FB0CF98E
:1056F000010602FC05EF110CEE0306F8F721FB0A88
:10570000EAFD10FDEA1D2DFBFBED0B0DF6F4F10893
:1057100001100EFDFC07F7FBFA010205F1E0F5F7B9
:1057200008F80903EEFC170C04F22403FC290EFD13
:10573000FE02FD0C04FC08F1FE0708080302040B3E
:10574000FF0AE60CF90BF0FF1CE71308FBF8FDF865
:10575000FC10F8F2F7031008080804F403FAF40345
:1057600016F9EBF5F2FCFF07F6FD060DF23DF6F239
:10577000F1FD0D05E2ECF1E7050AF70C08FFF9056C
:10578000EFFFF3000BFA3C0500EC0615EA06F4F710
:1057900001FD01EDEBF9FC07F1FAF70BFBFB0CF453
:1057A00006080F02FAE9E900FC06F8F7EB1FFB0315
:1057B000FB0105FFF9FA1EF2FD0B0B05FC000FF9CA
:1057C000F8FDFC02F1FCECF90DF6F1EDE7F04CF11F
:1057D000111A0207F0EFF2FFF715FCFB022AFA029A
:1057E000F8FA0606FB03F6FE060EF40004161AFB92
:1057F000F4FFFC1C13020BEA1BECFA0FF701F6F79F
:1058000004FAFB04000205F5F7F5FA1016FCFD0298
:1058100001F90B060608F3F7F0070107F0F1FEFDAA
:105820000B03F406EFF112FB0B08F6F81605FAFC71
:10583000EFF6FE0CF002F9FB0C04EE0109F2FB019D
:10584000FC0DFAFE0BF80401F8F8000106FC170441
:10585000FDF90114F5F801F2030C0AFAFB2C0B0513
:10586000FEFD180306020100F307020DF707090207
:10587000F2021BF201F6030117F60604FB0C0BF90A
:10588000FDF901F5F70CEB07F6F7F211FEFEFC024D
:1058900018F8F4FC040E05150CF900FD03F40002E1
:1058A00005FB0BFC06FE21F6FE0FFAF60CF60506CC
:1058B00007FE0B03011002F5FA0BF6FBFD06F9E5F6
:1058C0000501FFFEFE03EE0004F60401FDF605F9F6
:1058D0000DF0F1160208FE1017F513FDF4F509F5A9
:1058E000E808EFFBFDEA0602080CEF0A04FFFA00E5
:1058F000EF0505FFEA0101031FF906FD050608FC97
:10590000FFF50BF4F61FF8FEF6F71C02F6F8ED06AD
:105910000704F011FB09EFF5FD0D0FF2FB0AED0096
:10592000FE07FA01020D0304F2FFF2F9F52E12024E
:1059300006F6EE370EFCFF0307F417130800F40910
:10594000FCF5F6EB070904F0FEFA12F2F1F7F5F6B2
:10595000F80304EB03F7090D001308F4F8E201065D
:105960000609E9FF03E727E50BED08F40711000A34
:10597000F9FBFE13FDF4EC09041204040AFA0AEC24
:105980000106FD060405F9FDFAF805100E0CEC02FF
:10599000FA09F2FEE6020C0CF1F00E0603F8FBFF2A
:1059A000FC00F40106060108FCF7F3FBF02AF507FA
:1059B000F8EBFEFBF3F1F5F905F50F20FDF606F621
:1059C0000BF80A13EFE4FFF2F8F4FB02F4031F05EF
:1059D000ED21030AF7FF04F1010C00F8EC0202F3D9
:1059E00001FB0B00EF01F80504030F1B04FE05DCAF
:1059F00002FEF0000CFBFD061FF4F200F8FFF208B7
:105A00001DF8FE05FD01F4FC0A0CFCF813FFF1FF84
:105A1000090E02F0FE0F030AF5FBFE020902F40470
:105A20000B000302F6F50F0100E903FDE900FAF4AB
:105A3000FF0BF4F302FCFBFD1100000009FD04055F
:105A4000F7F504FB07F7FFF70BF9F0FDF7F9F50899
:105A5000FEFA030B03FCF9F2010CF4FFF70F130835
:105A600005021A07EDF9EFFCF9FF21F101F801FC3D
:105A7000FAFBFDF20AFFFE0C0608F91AFAF406001A
:105A80001FF713F5FE0EFA10FF010506FCF3040BD9
:105A9000FA0207FAF102FD07FDF302FBFA0604FC25
:105AA0000BFE20FD0C0014FFF8FFF60512DBF3FBE4
:105AB00010FD0B060AFDFE0901EF01F3040405FACF
:105AC00002010BEEF9F50BFEF7FD0700F0060303EC
:105AD00009F7011AF703FAF403011101FB040203A9
:105AE000EA06EEEEEFF11B060905090CF7FEF3FDE1
:105AF000F40A00FDF8FD08071001F7260EF7F8007C
:105B0000F806F5EDFDF7EE0D05FB0DFCFEF8F105D1
:105B10002AF2FC0000FD0CFEFB0512D90DFA0C0761
:105B20000D0608000702CF17F1F51703010BFFFD63
:105B300007FFE61807FEF5030F020E03FB15EDEF56
:105B400004FCF0EE09F5190105F907FEF100FB066A
:105B50000AFE0507F4F8FC0A1000E007F9E6E8146D
:105B6000FB04FA02FBFCFD060DEF0A0EFDF5F70F34
:105B70000401F5F8F600141213FB16F517FEF805EC
:105B8000090B02F51FF200F2010BFA1C1EF9F909CC
:105B90000EFA0801FB1611EDEEF30512030BFF03DD
:105BA00003F904F5FDF7E214EE0E080BFF17F305F9
:105BB000F500F8FCFBF70A020200110EEB19EEFEED
:105BC000F8000100FFE311FCEE12F6070903FD00E7
:105BD000FB171208090911F2040AF603F3FCFD068B
:105BE000F715E70206FEE617F701140809F4FE03AD
:105BF000FAFEF6FA05FD17F90EF9F203F9FCF0FAD0
:105C00000DFDFBFB1EFA07070605E90C08EEF2FA8C
:105C100017F2FB04FF131201FA06F2FE091505053F
:105C2000FF0202F804FB02F8F2FFFD0F0D06F6007A
:105C3000030105F40CFA0AF91003160AFA19EDFE2D
:105C4000F5F108F206F70AFD0805FEF3F6FCFB0085
:105C5000FFFBFFF0FD030604160911FEFAF019011F
:105C6000040417F600FEE60A021916FF0001F0FB15
:105C7000F9F6EAF20AF90F1F0FEFF9240CEAFDF921
:105C80000A08FE0207FC0802F50611F102EADFED40
:105C900013E9F80109F60A020405FA1106000BF8E7
:105CA000F6EEFAFE1503F5FF040602110FF3FF07E7
:105CB0001BF5FFFE02F702050302FDFD03120CFFB8
:105CC0000BF918F9FBF7100306FB080701F4FE0FA8
:105CD00009EE01FFF400FB0509EF1FFCF8F6F409DB
:105CE000FE0904EE0CF5FA0500031002010AF0FCAF
:105CF00009FAFDFE09F6F00C0509FA1F0BFEF0F497
:105D00000A0301F7F80A04F9FAF106F60411E8119A
:105D100002DF09E9FFFF20FB10F8030C15FFE8FF85
:105D2000E81BFDF812FFF6F92DD9EE02FCFA050585
:105D3000ED220F240B08F9F2F50000F50206EEE75C
:105D4000EF01FDF1E125F7F20AE801F0010DEBF5B5
:105D5000FB0F05061B041B18FBED25EDEEF6EFEF20
:105D6000F0FF120E0B0C0623EF23F2F4FB0701F8F1
:105D7000F70AF8F2011701E8F9FCEC31120F08F408
:105D8000E20A00F9F80AFDFE06E7EAF6F600010964
:105D9000EEF906F50BFA07F401F0F1F616FB56F4EE
:105DA00010D7F5FFFF0C1A0BF90CEC2A06081006A9
:105DB000E50402E8EC072BF1FBFEF803F10CF0FC24
:105DC00005FB01020903EF1304F5FF0800F306F6D3
:105DD0000F0CE4F237FC0D10D6FB2EF6F8FDF2F3B3
:105DE000F1001AF9F81922F4DE16F6F7EFFB0BF5BD
:105DF000F2FAFAF7000E07F2ED07F825F3F9F911B8
:105E0000F01317F2F3F9EE0912ECE701EAE60EE4FB
:105E100010EFFA0406E6FAFBFAEFFBFB130D16F09F
:105E2000F204F8F103020807FDFAFE11090501F476
:105E3000F200F2F70B0F27FBE702EEFB04FF17124D
:105E4000F7F90216F60AF3250EF5F7FAFB0EFAF744
:105E5000F800F8061CF90719F3FA19FD07F5F2F82E
:105E6000F9F20F0A060B21FEE9F00A0EFD08F60012
:105E7000F211070218FAF717FFEDF90EF2FCFE0611
:105E8000020506FFF50905F909F9FA0EF2FA030908
:105E900000FFFC020EEAF51208DC02FF09F2FC0228
:105EA000F804FF05F81DF00AFF01F823010A04EFCA
:105EB000F30FFC000016E10412F900FEF5F11D0AD3
:105EC00003070305F01AFA21F80802F9090C0B0A76
:105ED0000B0A02FCEF09F0E3F9FFED1DF50003FDED
:105EE000011A17FD07FC13FBE3141507FC03E9FB7C
:105EF000F50301E5FB14F416FB070EFAF1F005EDCE
:105F0000F90BFEF0F9F4F4EBF703F701F20BF5F7F8
:105F100006E5F3F9FA0431F90409F3F438040B0E39
:105F2000F10C13FCE70BEFEA0F04FAF802FB00F5A3
:105F300001E9FA0315F4FFF9EAE9FF1301F9F6ECB8
:105F400005F805EBFFFE0DFAF505F7F7F312FD0274
:105F500005F4FA1EF3FCEE140008F8080400F90634
:105F600005061D092AFEF4070EF6F301FFEF08ED02
:105F700004EFF3EC0819FFEF130A050AFA03F40E15
:105F80001EFAF5F8FCEFF4F7F429F0EBFEF1160237
:105F90000902FB050216F8F3ED38F00621FC23FD9B
:105FA0000AF10DF5FB0B0001FB03FA15F4FAF007FB
:105FB0000FFAFBF101F801FDEFE3FE01F409F8F837
:105FC000F81E0A1211DE0A050211F2FAFD00EA06B5
:105FD00014E0FBEBF008F801FE10FDFAECF305030A
:105FE0000A0DF7F30B000405F6F705ED0AFCF5FDC5
:105FF000F4FCF5F9EBE2F6060E08FEFF100113F1D2
:10600000F204FFFC04F90CF3F41DFF03000204F595
:10601000FDFDEA04FA030609E710FCF22403050279
:10602000F1FC01F50DFCFDFC00FCFD2C0EFEF9F968
:106030000DFFFAF702001CF3F8FA01FBFAF7060667
:106040000AFD06FE0CF105000011FEEE0406020337
:10605000F9FEF6EDFCF9FDFC0309EF0AFCF6F4FE8F
:10606000F607EAF9F90107FE06F8F8071209FB033B
:10607000FAFCF604F2F5F9090D01FBF11B07FCF33C
:1060800000F70B080B00FF00FC090509F105F61BE2
:10609000F8060B0FF50DE7F1F0F709FC0EF9FAFE23
:1060A000FE0302EBF8FFEAFBE5FA0409070D00F92D
:1060B000FEF8F40506FBF8F9FEFB0807F0011001F5
:1060C0000400FA0B07F2FA0FFC11FBFF0518050597
:1060D000F20BF8FAEEFDF2F303FCF608F913FE04F6
:1060E0000624160812ECF80AF901F408FB04F80774
:1060F000FEFDF9FAF000F70B0A03FFF7FA00FDF8CE
:10610000F502F313FFEA0400FA00F6F40C07F4FBBF
:10611000EF03F4FC0CFB1B13F50AFA0D0701FF1B40
:10612000F80C0706FEFA06F9F018F6FEF4F50DF67F
:10613000FBEDE5F2F501FFF1FE12EDF60303FD13B1
:1061400009F5F8FB18FD0214EEE8FB0B040E0E0235
:10615000F70800F7F4FE0CFE11EDEF041011F60540
:10616000FB0E0F0514F603F818F0FCFF04ECF6EC38
:10617000FBFE05020506EAEE03F8F90505FD0C0035
:1061800012F80CFE0DFC0203FC0BF1F3F20B00FC09
:10619000F6F6EA111914FCF6FB22FE1D0304F4F8CE
:1061A000F509F60DF0FB03FE0608FCFBF601FEFA0E
:1061B0000F030EF9FB06FBFE0D07F7F3F60EF9FCD5
:1061C00006FE08F11D0FF20FF830FEF3FDF8FAECB1
:1061D0000CFD06F7F0FCF8F81FFA0BFD00F6F6FAD6
:1061E0001106F40112F60109020302E511FBF8FAA7
:1061F000F9FE06F1F4F40DF4F601FA0A0D0700F3C6
:1062000008EE001907F904F8FB0109FDFEF4FDFC96
:10621000EAF90406120101F5F90705FD0FFA050A6E
:10622000EA0BF7F00AFA060215FEFF020CF6FEFC76
:10623000050314030AF7F9FCF60CF2FA0201F80759
:106240000500F7FC2EF2040CF303020008041FF310
:1062500006F901F2FE0804F409F3F90504010AF94C
:10626000F2FAF90A0F01FCFC0BFEFDF30FFCF5F846
:106270000402070AFFF925F1FDF9F0020D0BFDE913
:1062800003EDFBFEEB09F80100080AFC00FCEF0B34
:106290000609EA0CF50BFF0E0A16020106F5F9FCD9
:1062A000FC05FBF309F7FBF9F7EF0109FE03000713
:1062B000FF10FB0EFC03FAF408100107F20100FCCA
:1062C00009F20101070DFD0B070905F405F800FEB1
:1062D00012F1F7FBF30CF9FB020DF503021315F0B5
:1062E000F80C0D070402EEFCFBFAF0F4F0000409D0
:1062F00004F60900F90AF806FB06ECF2FAFB03E9DA
:10630000F6FC1203F606F90FF80700EA03EBFE05A8
:10631000F52102FA06F3F90E010A000DECF0F11571
:10632000F010052805010FF6081102EBE803F70548
:1063300003FCFAF9F3FC0002E91CFC000600030B65
:1063400001F3FAF810FD24020806F414060809F90E
:10635000FB0603FF10F2F6FF28F0FB0C1AFF05FD09
:106360001715F2FB0002FD0F06F305F2FCFFF0F338
:10637000F014FF1700DAFEF61110F7E8F70711091D
:10638000F8F60B00E606FBFBF8EF01010A00F5F05A
:10639000EEF6050B0E07EA05FFFFF701FB12EF1102
:1063A000F1FAF91FFCFCFF0406FEFCF501F1FDFB10
:1063B0000B0101F0FAFF0704FB1200F70211F2F1E2
:1063C000F8E7F9F70D0E050CFC1FFA02FF000703B2
:1063D000EE12FBF90EF3F5FAF6FA02F0F21A09FDE5
:1063E0001CF70907FEFEF1FF0309FAE8FE02F9FFB8
:1063F000030315FD03F9F612FFF90E0116F6EEFB85
:106400001A07FAFAF8FAFE0702EE0A090903FE056E
:10641000F5101BFBFBF0F4F2FD0702F0EFFFF607AF
:1064200000F816F707FBFF05040DFA0807F6FEFB58
:10643000F804FFFE07F000FEF403F6FDFE01F8FF8E
:10644000F305050910FC0E060C04071D0E03FCFAEB
:10645000FD16E9FB0FE4050208F405EE0805FDEE64
:10646000F804EF1205FAF8F400FBFEF60106EF0659
:106470000AF8FA1102FB050B01FBFCE6FD0EF6FC27
:1064800003F5F5F0FDFFFB02090218110804FC26D4
:10649000100E06FAF5FE0EF60BF50C04F8F8E6F30E
:1064A0000DF8F21501F80A0B16EF07FCF9F600F5E6
:1064B000120905000AEF00FE020F01FEF9FE0211AB
:1064C000FAF2F3070B03010E000A08F514ED00FCC5
:1064D0001008F30304FF04001DF4E81A040BF2F49F
:1064E000F60F0FFB0106FDF803F3F107FA01FDF5C6
:1064F00002EE0EFFEFFE0C0CFA0CE9F309EE0400BD
:1065000005FDF21407FAFAF50AF9FA06E804EE1A9C
:10651000E9FE12F2F3FDF61CFC1EEA09F3EF0BEDA7
:10652000F7F40E02FA191B0001F9EFFAF004010D5D
:10653000F4FAFAF502F4EA11FBF1F9FC050F230075
:10654000FD0AF20DF00407FB0CFF0BFEE9F7FD0A54
:10655000F8FDFB090CFDF4FC0603E6F905E8F5FD82
:10656000F717F7E0F0031E00100705FF00F1F92808
:10657000ECFAF7FEF3F9FEFEFC00EAFC0CF205FF74
:10658000FDFAF8022920F6FA03F6F1F00AF4F9F41C
:10659000FBF33304F705F00F0201F628F20924019A
:1065A000F0F9FD06051917F1FAF2F5FCFEF703FE06
:1065B00011FBFC000A1112FF01EF0308FA060FFF9E
:1065C00002F205F607FB0BFF00F6030D01F61007BC
:1065D000F8FAFAF3FD09140402F3F7EAF8FEF00CF6
:1065E00005F007F109060105020809F90FFE072366
:1065F000F500FE0101F711F907F9ECF80BFE0609A9
:10660000000AFCF51D0700FEF6F1FDFFFC04F1E5B4
:10661000010C16F6FD14EF1307FD0525FC0912FD0C
:10662000F9F4FD0F020010F5F407080AFEF114F268
:10663000020DFF06040D110F0608FA09F9061004F1
:10664000FEFDF90EF202FDF6F9F20408FD0A000C57
:10665000FC0405FBF6112AF70205020503FDF20C06
:10666000020604D7FA02FD090300F9F80701FD0B41
:10667000FD00F50402FD17F5FDF80AEB1A0CF71002
:10668000F81002F80DF3F8F0EE12ED08FD02FAEB47
:106690000801F3EFF2F90612EBDC100814F3F8F03E
:1066A00008F702FD02FBFBF9FDF4FC0003F9FBF720
:1066B0000C11F0FAEEED0719F4EF0901F2FDF20604
:1066C00004EFFBFFF3F9FC0FFA0501FB01FCFE01EF
:1066D0000309E4F7E4F61CFDF4FA1806FBF9FA01E5
:1066E000050126DEFDF2F10EFC2502F8EBEBFAF3D4
:1066F0000106D2F4F8FB050A03F11CF604FCF402CF
:106700000105F30A13F40207F8FD00F3DFFB0A00AA
:106710000DFEFE01EBFA06EDFD0EEB09070617FF75
:10672000E9F308FE100100FC0B0705FAF5F600017D
:1067300014060CFEFFFB14F2052C0401F9F90A0102
:10674000F41606010AFAF70403030005FF00000D22
:10675000F6FFF20D00080BF2F113F5FCFDF1020457
:10676000F7250BE4FCFAFCFEEFFDFEFBE4130FF84B
:10677000E2FFF30406FD08F71206FEE8F2F3F00369
:106780000C22080900FDF712F300F8F513FF0FFAC9
:106790002507F4FF0BFEF403FDE302F600F924EEF7
:1067A000F6FCF70003FF0CF8FAF20D12180CFFFCD0
:1067B0002803F60A04FD150E0DFE0B0CFBF5FA0B73
:1067C000FE120704FDFDFE0A060606F509F2F206B2
:1067D000110B000001FF08FD01FD05000EFD040C7A
:1067E00003FCFFEDF7FA03FFFFF908070AF20AEDD1
:1067F000F9030AF8FEFF02F9F8F9021A0211FD0581
:1068000000060420FDFCFDF3F5F9F60C040B210055
:10681000F4F60B0510F909FCFCF0F8F80E0209FA81
:10682000FBF5FA0EF3FAFBF8F9FDF51C090806056D
:106830000AF5F803E9F0010CF200FE1203F605195F
:1068400009EC000FFD010401F6F9F91017F9150024
:10685000F2020306F2FDF1FBF1FCF80E0504ED0473
:10686000FAEEF80FFE08FC03FAFBF50E10F6F4FD45
:10687000F606FFFAF70CFCF7F8FFFC1EFC18F51003
:10688000FE07061B05F6FE0011F8F2F9F6031B1DC4
:10689000EDF5FB02F6FFF202FE00F701FE17E90F2D
:1068A000F8F415040EFAFFF5FF0AFB0B10FD09239F
:1068B000F9020106FCF5F9F2FDF812090C07F422C1
:1068C000FFE5090B07F7F80906F7FC07FCF60A0ACB
:1068D000F506F904F5FA00FCFF0AFE0FF30DE118C6
:1068E00001F3ED08FEFB07FC0AFCF6F6F6F8FFF6EE
:1068F000F8FD01F7FD0101F5FE06F622FB0CF12281
:10690000FFEC140000000000000000000000000088
:106910000000000000000000E8B8002000000000B7
:1069200068D200200100040054D9020054D90200AA
:0C69300054D9020054D9020054D90200CE
:0400000320007375F1
:00000001FF
