:020000022000DC
:1070000000000420757302005D7302005F730200CC
:1070100061730200637302006573020000000000E8
:107020000000000000000000000000006773020084
:1070300069730200000000006B7302006D730200B0
:10704000919802006F7302002D9D02006F73020081
:107050006F7302006F730200AD9B0200F5A7020080
:107060006F7302006F7302006F7302006F73020090
:107070006F7302006F7302006F7302006F73020080
:107080006F730200798902006F7302006F73020050
:107090006F7302006F73020041BE02006F73020043
:1070A0006F7302006F73020089A702006F73020002
:1070B0006F7302006F730200000000000000000008
:1070C0006F7302006F7302006F7302006F73020030
:1070D0006F7302006F7302006F7302006F73020020
:1070E0006F7302006F7302006F73020000000000F4
:1070F000000000006F730200000000006F730200C8
:10710000000000000000000000000000000000007F
:10711000000000000000000000000000000000006F
:10712000000000000000000000000000000000005F
:10713000000000000000000000000000000000004F
:10714000000000000000000000000000000000003F
:10715000000000000000000000000000000000002F
:10716000000000000000000000000000000000001F
:10717000000000000000000000000000000000000F
:1071800000000000000000000000000000000000FF
:1071900000000000000000000000000000000000EF
:1071A00000000000000000000000000000000000DF
:1071B00000000000000000000000000000000000CF
:1071C00000000000000000000000000000000000BF
:1071D00000000000000000000000000000000000AF
:1071E000000000000000000000000000000000009F
:1071F000000000000000000000000000000000008F
:10720000354936480A1A02D0072291438D4634493F
:1072100034480A1A06D00722914381F309880222D2
:1072200082F3148830483149314A00F044F831483B
:107230003149324A00F03FF831483249324A00F0D1
:107240003AF832483249334A00F035F83248334987
:10725000334A00F030F833483349344A00F02BF811
:1072600033483449344A00F026F83448344900227F
:1072700000F02CF833483449002200F027F8334856
:107280003349091A082902DB002202604160314AB1
:1072900090471F481F49884205D00268043003B454
:1072A000904703BCF7E700208646EC46002000210B
:1072B000294A9047FEE7884207D0521A05D0037842
:1072C00001300B700131013AF9D17047884202D088
:1072D00002700130FAE770470000042000E003204C
:1072E000000004200000042024DD0200E82A002021
:1072F000509F0220D0730200D073020088CF02009A
:1073000024DD0200E82A0020E82A0020C4D0020080
:10731000C4D00200C4D00200C4D00200C4D0020015
:10732000C4D00200C4D00200C4D0020023DD020099
:107330008C510500509F0220509F0220509F022038
:1073400074C7022074C7022074C7022074C70220C9
:1073500074E702209D730200E5BE0200FEE7FEE72F
:10736000FEE7FEE7FEE7FEE7FEE7FEE7FEE7FEE7F5
:1073700000F002B8FFF7FCBF0F484FF00701884349
:1073800085460E4880470E48016841F4700101604F
:10739000BFF34F8FBFF36F8FFFF732BF09480A4922
:1073A0000A4A884207D0521A05D0037801300B7080
:1073B0000131013AF9D17047000004209192020096
:1073C00088ED00E0C4D00200E82A0020E82A00206E
:1073D0007047000007B5044B0093044A402300F0B7
:1073E00032F803B05DF804FBF1730200519F0220F4
:1073F0002DE9F84388461446B2B10F4B0F4E0325D2
:10740000002743F00109224608EB0701002003F0A2
:1074100041FF0744241A48B933782BB14FF47A401E
:10742000C847013D02D13570BDE8F88301233370B0
:10743000002CE8D1F8E700BFD0D00200509F022016
:10744000704703F05BBFF0B595B01D461646084681
:107450000C4601F043FE1A9B0D93CDE9086500250B
:107460002B46082205A920460A958DF82C500C952C
:1074700001F051FE079B0293069B03939DF8143085
:107480008DF8115003F00302012A1DD1BDF814201C
:10749000059DC3F3C203C2F383168DF81030B2000A
:1074A00008230EA9204601F036FEC5F3952508AB4A
:1074B0000093324602AB0EA9284600F02BFB204673
:1074C00001F010FE15B0F0BD022AF8D1BDF816503B
:1074D000C3F3C203C5F389158DF810300827082DB2
:1074E0002E4628BF08263B4632460EA9204601F00C
:1074F00012FEAD1B08AB02AA31460EA8374400F0BD
:107500006DFB002DEBD1DAE708B5FFF79AFF0448D1
:10751000042100F069FA034B01225A7108BD00BF33
:10752000B4D00200E82A0020037813F0040216D039
:1075300003F00303012B03D0022B09D00120704775
:107540000A6800880232C0F3831002440A60F5E73B
:107550000B684288023303EB92130B60EEE7104690
:10756000704700002DE9F04F87B000230446861CC9
:107570000DF107000F4615468DF8073001F08EF823
:10758000404A51683960936803F580735B1A9246EC
:1075900002F21C4702F5836902F21448B3421AD37F
:1075A0000020002D69D004F00F039B0143F0050378
:1075B00063F30F00DAF80430DAB203321E444AF8FB
:1075C00022009DF80700CAF8046001F08BF8012042
:1075D00007B0BDE8F08F0121384601F0AAFA48460D
:1075E00001F0BFFA404601F0BCFADAF80800029058
:1075F000C0B203300AEB800002A9FFF795FF029B9F
:1076000030BBDAB20AEB8202D16803919A1C0133D3
:10761000DBB20AEB83030292D3F80CB001F0030350
:10762000012B22D0022B15D08346404601F09CFA54
:1076300010B1029BCAF808305946384601F079FA71
:10764000DAF80830DAF8042003F580739B1AA5E70E
:10765000D8B2CEE7BDF80E30C3F3891303334FEA37
:107660001B4B02EB93030293DFE7BDF80C30C3F32F
:1076700083134FEA1B4B1344F5E7A40544F00600BF
:1076800098E700BF64A00220064B074810B500220F
:107690001A7001F0DCFC044610B9044801F05CFDEE
:1076A000204610BD64A0022008D002000CD10200C8
:1076B00030B50A4C71B10A4A0A49121BD20800239C
:1076C0009A4201D1002030BD31F82350854202D0CA
:1076D0000133F5E7034654F83300F4E71CD0020009
:1076E000B4D00200E82A0020094B013903EBC000A6
:1076F000032909D8DFE801F00A02040604207047D4
:107700000079704740797047002070470220704729
:107710001CD0020070470000034BD3E90130C31AAC
:1077200058425841704700BF64A002202DE9F04143
:1077300086B0FFF7F1FF0546002840F0E680744C64
:10774000C4F81804BFF34F8FA3680293DBB203336E
:1077500004EB830002A9FFF7E7FE029B18B1D4F8FF
:107760001824002A55D0DAB2991C013304EB8202A6
:10777000DBB204EB8303D268DB68049302F00303FB
:10778000022B039202914FD1BDF80E306148C3F332
:107790008917502F3E4628BF502666F38F1306F1F7
:1077A0000801ADF80E3001F06AFC0546002800F033
:1077B000978001F093FC002303A90822284601F0DA
:1077C000A0FC0299CB43DBB20133C9B20331B6EB63
:1077D000830F4FEA830804EB810122D90823424634
:1077E000A6EB0806284601F08CFCF6B24A4908F1DF
:1077F00008033246284601F084FC029B033703EB62
:1078000097070297D4F81834002B41D1D4F81064AC
:1078100051E062689A4299D8A260284606B0BDE855
:10782000F08108233246E5E7012B59D1BDF80C3031
:107830003848C3F38311062928BF062161F3891351
:1078400002318900ADF80C3001F019FC0546002822
:1078500046D001F043FC0023082203A9284601F08A
:1078600050FC0026BDF80C20C2F38312B3009642F0
:1078700003F10803C6D202994A1CC9B2033102922D
:1078800004EB81010422284601F03BFC0136E9E7C4
:10789000284601F027FCFFF73FFF80F00100C5B24A
:1078A000BBE7F3685B7923B1336829461B68304630
:1078B0009847F3681E68002EF3D1284601F012FCA9
:1078C0000DF107008DF8076000F0E8FED4F81834D9
:1078D0000BB9029BA3609DF8070000F003FFDAE7F5
:1078E000D4F8104454B90D4B0D480E49C01AC008C5
:1078F000000440F0020000F05FF8CCE72368204667
:107900009B689847E3681C68ECE7002585E700BFA3
:1079100064A0022008D0020070A002201CD0020047
:107920005CD00200F4D002002DE9F34704460E4675
:10793000924601A9012218469946FFF713FE1C4FF3
:1079400010B3019D4FF00008AA1CC84508EB0201C6
:1079500025D11848002101F0BDF880F31000000483
:1079600040EA1440E4006B1C04F03804DBB2EDB2D2
:1079700044F0010407EB8303033544EA881444EA26
:107980008624D86047F825403B781BB1FFF7CEFE30
:107990000028FBD1FFF7BEFE02B0BDE8F087C9B2F8
:1079A00007EB81015AF82830CB6008F10108CCE7D9
:1079B00064A0022080A4022000231A46FFF7B4BF6F
:1079C00007B50123019201AAFFF7AEFF03B05DF8EE
:1079D00004FB07B5CDE9002302236A46FFF7A4FFA5
:1079E00003B05DF804FB000030B50F49D1F8102456
:1079F00003460020144634B9DC6820714AB9C1F846
:107A00001034226030BDE4682579854206D02468B0
:107A1000F1E7D268116821601360F3E701300A28AA
:107A2000E8D14FF0FF30EDE764A00220084A38B5F6
:107A30000123D2F8104413701D4604B938BDE36821
:107A40005D71236820465B689847E3681C68F4E72B
:107A500064A0022007B503460846197A052911D00B
:107A60005B7A2BB1094A0A49019001F0E0F80198CC
:107A70000849019001F0DBF8019803B05DF804EBD0
:107A800001F0CAB8002AF8D0F2E700BF18D102000E
:107A90001DD10200E2D9020030B5C38885B004468A
:107AA0000D4633B1144A00921449154A284601F094
:107AB000BEF8217A05291DD0637A4BB1A088FFF763
:107AC00013FE104B104953F82020284601F0AFF860
:107AD000227A0E4BA08853F8222003920021FFF750
:107AE000E7FD039A0A490346284605B0BDE8304041
:107AF00001F09DB805B030BD18D1020028D10200B8
:107B000020D10200A4D102001DD10200C8D1020080
:107B100040D102002DE9F04385B01F460C9D0023A3
:107B200095F80C902B7306460C469046294638462D
:107B3000FFF7B2FFB8F1060F09D8DFE808F004122A
:107B4000181F283340003146284601F070F8002203
:107B500029463846FFF77EFF85F80C9005B0BDE852
:107B6000F08322683146284601F061F8EFE7D4E956
:107B700000233146284601F05AF8E8E7A36800934D
:107B80003146D4E90023284601F051F8DFE7E368E5
:107B90000193A36800933146D4E90023284601F0FD
:107BA00046F8D4E723690293E3680193A36800933E
:107BB0003146D4E90023284601F039F8C7E7636964
:107BC000039323690293E3680193A368009331460A
:107BD000D4E90023284601F02AF8B8E708292DE95E
:107BE000F74F80460E4617461C463CD8002593F8B2
:107BF0000C901D7319461046FFF74EFFDFF888A062
:107C0000DFF888B0AE4231D918F805205946204631
:107C100001F00DF80135082DF4D11949194DDFF89F
:107C200070A0204601F003F84FF0000B5E4522D90A
:107C300018F80B207E2A05D81046019204F08EFD1C
:107C4000019A00B92E225146204600F0F0FF0BF1B8
:107C5000010BBBF1080FE9D1012221463846FFF79D
:107C6000F9FE84F80C9003B0BDE8F08F5146204631
:107C700000F0DDFFCEE72946204600F0D8FFE6E71A
:107C800054D1020052D1020050D102004AD1020068
:107C900056D10200C30710B507D4F023054A4008A7
:107CA000145C23401943115410BD0901C9B20F23BC
:107CB000F4E700BF30A5022030B5094B1C78094B12
:107CC000196800239C4202DC0022104630BD11F8E6
:107CD0003350854201EBC302F7D00133F2E700BF16
:107CE0001CA5022050A5022013B504460191FFF700
:107CF000E3FF38B143682BB10199204602B0BDE8DB
:107D00001040184702B010BD034B04481968002208
:107D1000490800F083BA00BF20A50220F02A002005
:107D200010B5C0B2FFF7C8FF0446007801F030FF7D
:107D300063785A1E53425341834208D1044BD3E91E
:107D40000023134303D1BDE81040FFF7DDBF10BD92
:107D500028A5022037B54308354AD35CC2074CBF7B
:107D60001B0903F00F0304460D46042B35D8DFE84A
:107D700003F003252C383C0079B30121FFF78AFF7B
:107D800000230DF107008DF8073000F087FC01207B
:107D9000A4F12003C4F12001264A20FA01F100FADF
:107DA00003F30B43A040D2E9004120430B43C2E957
:107DB00000039DF8070000F095FC0EE0002918BFB5
:107DC00002212046FFF766FF07E041B10321FFF7DC
:107DD00061FF01212046FFF787FF03B030BD01217D
:107DE000EFE70029F9D10421EBE709B10321E8E726
:107DF000FFF750FF29462046FFF776FF0DF10700F9
:107E00008DF8075000F04AFC0120A4F12003C4F1D2
:107E10002001084A20FA01F100FA03F30B43A040C5
:107E2000D2E9004124EA000021EA0303BFE700BFD2
:107E300030A5022028A502202DE9F041124E134F53
:107E400000243378A34208DC114BD3E90023134309
:107E500018D0BDE8F041FFF757BF3D6805EBC408F7
:107E600015F8340001F094FE98F801305A1E534280
:107E70005341181A4142414115F83400FFF76AFF97
:107E80000134DEE7BDE8F0811CA5022050A50220E8
:107E900028A50220092AF7B505460C4616463CD906
:107EA00001F0A6FDD8B11E4B1E481D601E4B1F4F92
:107EB0001C701F4B002120221E6004F0C4FC1D4BCF
:107EC00000200021C3E90001013CE4B20326FF2C9D
:107ED0000BD1194A1948002100F08EF903E001F096
:107EE00041FD0028DFD003B0F0BD9DF8063015F845
:107EF00034008DF8046005EBC40223F007038DF80D
:107F0000063001A993788DF805303A4601F07AFDE4
:107F1000013CE4B20028DAD0E5E70720E3E700BF40
:107F200050A5022030A502201CA50220217D0200C0
:107F300020A5022028A50220397E0200E8D10200F7
:107F400070B5084D084E00242B789C4201D30020C8
:107F500070BD3368012113F8340001F0CFFD013406
:107F6000F2E700BF1CA5022050A502201FB500218A
:107F7000039001AA44F20100CDE9011100F004F8D8
:107F800005B05DF804FB000010B572B6FFF74EFDBA
:107F9000FFF7CCFB0028FBD1104B114C1149E41A20
:107FA000E408240444F00100FFF706FD0E4B1B68B3
:107FB000DB0700D500BE0D4944F00200FFF7FCFCD2
:107FC000BFF34F8F0A490B4BCA6802F4E0621343B8
:107FD000CB60BFF34F8F00BFFDE700BF1CD0020096
:107FE0005CD00200ECD10200F0ED00E0F8D102001C
:107FF00000ED00E00400FA0549B152B1531E1A40E9
:1080000007D1826001608380C260104670470E20F5
:1080100070470920704710B58468C2688388121BB6
:10802000934208D3C26813400268D154C368013335
:10803000C360002010BD0420FCE78268C3689A4238
:108040000AD08268838813400268D35C0B7083680F
:10805000013383600020704705207047D0E9022378
:10806000D1E90201994208BF90422CBF01200020B3
:108070007047000008B50B4800F067FC0A4B0B493D
:10808000D3E900231218D1E9000143F100038B4228
:1080900008BF824203D212F1807243F100031046FE
:1080A000194608BD102B002058A50220D0A502209B
:1080B00037B505460C460A4801A900F07AFC60B1C4
:1080C0000570446001A9064800F09DFC18B1054800
:1080D00000F040FC002003B030BD0420FBE700BFEF
:1080E000BCA50220102B0020284B73B51E78044637
:1080F0001EB90026304602B070BD0028F9D0FFF747
:10810000B9FFD4E90223994208BF904238D3002333
:108110000DF107008DF8073000F0C0FA23692BB984
:108120004FF0FF324FF0FF33C4E902239DF8070000
:1081300000F0D8FAD4E90530984700250DF1070082
:108140008DF8075000F0AAFA2169B9B1D4E90223E9
:10815000581C08BFB2F1FF3F05D0521843F100038D
:10816000C4E9022335469DF8070000F0BBFA002D54
:10817000BFD00748214601F00EF8BBE70D46F2E7F5
:10818000013308BFB2F1FF3FB3D0F2E760A5022090
:1081900014D2020013B5114B11491868019008233D
:1081A0001048582200F0F2FB044698B90E4A0F48D6
:1081B00001A900F0BBFA044660B90C48012100F0A7
:1081C000A7FB01230A4A0948194600F009FB094B9D
:1081D00001221A70204602B010BD00BF10D202006A
:1081E00064A50220BCA50220C9820200102B002039
:1081F000FFFF7F0060A5022030B56AB103684FF031
:10820000FF344FF0FF355A614A1E5142C3E902451F
:1082100051411961002030BD0720FCE7F7B5054644
:1082200000240DF1070017460E468DF8074000F0B8
:1082300035FAD5E90223013308BFB2F1FF3F07D178
:10824000FFF718FF801941F10001C5E9020101247F
:108250009DF8070000F046FA4CB12B69AF6103B1FD
:108260002E6129460020FFF723FF03B0F0BD204612
:10827000FBE737B5054600240DF107008DF80740F0
:1082800000F00CFAD5E9022301330FBFB2F1FF3F32
:108290004FF0FF324FF0FF33C5E9022318BF01242E
:1082A0009DF8070000F01EFA2CB129460120FFF7C7
:1082B000FFFE03B030BD2046FBE70000014800F0A0
:1082C00044BB00BF102B00202DE9F74F804600F083
:1082D00027FB40B1634AD2E9003113F1807341F1C9
:1082E0000001C2E900310021404600F028FB38B10E
:1082F0005D4E336823B13068FFF7F6FE002333602C
:108300000121404600F01BFB20B1FFF7B3FE574BA5
:10831000C3E900015648DFF8509101A900F083FB42
:108320004FF0FF364FF0FF3798B9DFF848A14E4FB6
:10833000504600F046FF002800F08780D0E9022375
:10834000591C08BFB2F1FF3F34D1504600F033FF53
:10835000EEE70378012B20D0022B09D1DFF814A11E
:10836000504600F028FF002877D0C0E90267F7E701
:1083700053B94168D1E90223013308BFB2F1FF3F8D
:1083800002D03C4800F007FF01A9394800F076FB15
:1083900001A9374800F047FBC6E74168D9F800302B
:1083A000994203D10023C9F80030EDE7314800F0CD
:1083B0000BFFE9E7396891B13968D1E902018B42D5
:1083C00008BF82422FD23B68D3E90223013308BFA2
:1083D000B2F1FF3F03D03968504600F0DCFE504652
:1083E00000F0E9FED0E9026B8146FFF743FE341A44
:1083F0006BEB0105012C75F1000319DBB4F5350FAA
:1084000014D3FFF75BFF1C4A02441C484FF4960349
:10841000002100F005FA98B93B6813B9404600F016
:10842000D7F9C7F8009003B0BDE8F08F3246ECE70B
:108430001248002100F079FA4846FFF755FE01E0A6
:108440000D28F9D000233B6072E7074B1B68002B17
:10845000E9D1404600F0C0F9E5E7094B01221A7066
:1084600092E700BF58A50220D8A50220D0A502207F
:10847000BCA5022014D20200FFFFB400102B002084
:1084800060A502200648074A03780749D35C012209
:1084900013B1043002F0D0B80C3001F07FBE00BF41
:1084A000182B002054A6022004A602200648074AE2
:1084B00003780749D35C012213B1043002F068B895
:1084C0000C3001F019BE00BF182B002054A602206A
:1084D00005A6022037B50578012D0BD0022D2ED030
:1084E00065B91E491E48FFF7A8FD002832D1FFF7E5
:1084F000DDFF03E0037A1BB9FFF7C4FF03B030BD13
:108500004368184C19782046FFF785FD80B18DF837
:1085100000500190144B68461B689847A168E368B7
:10852000A2885B1A9A42E7D2104B01221A70E5E743
:10853000A268E3689A42F1D08DF80000EAE7C368C8
:108540008DF800500193FFF79DFF074B68461B68AD
:108550009847D3E703238DF80030F6E705A60220FD
:10856000F4A50220E0A50220DCA50220F0A502204F
:10857000F0B51F46234B89B004461A600D4600290A
:108580003DD08A8820480968FFF736FD002834D19D
:10859000AA89A9681D48FFF72FFD00282DD11C4E80
:1085A0000FCE6D460FC596E80F0085E80F00636992
:1085B0000693237C174A18488DF81C70003B18BF9F
:1085C00001238DF81430637C002B14BF0E2300238D
:1085D0008DF81530E3680293A36803932368019331
:1085E00069466368009301F0D9F830B90B4B1870F5
:1085F0002368013301D0FFF745FF09B0F0BD072024
:10860000FBE700BFDCA50220E0A50220F4A50220C4
:1086100020D20200D5840200182B0020F0A50220F1
:1086200070B5084D014608482E78FFF706FD044650
:1086300036B100232B70FFF725FF08B1FFF796FC3A
:10864000204670BDF0A50220E0A5022010B501462D
:108650000E48FFF7E0FC0446A8B90D480D4A037820
:10866000D35C63B1043001F0DBFF60B90A4907480D
:10867000FFF7E3FC38B9BDE81040FFF717BF0C3037
:1086800001F080FDF1E7204610BD00BFF4A50220F7
:10869000182B002054A6022005A6022070B5EFF387
:1086A000108672B60C4A946801239CB993600B4BF8
:1086B0000B4DD3F8801029401160C3F88050D3F8D7
:1086C000841051604FF0FF32C3F88420047006B963
:1086D00062B670BD0370FAE708A6022000E100E070
:1086E000FC06FFBD084B9A6810B55AB150B9EFF3BC
:1086F000108172B6054A1C6814605C68546098600A
:1087000001B962B610BD00BF08A6022000E100E07A
:10871000435882B03BB10023435043580193019B1F
:10872000012002B070471846FBE70000F8B5204B67
:108730004479204D43F824201F4A204B05EBC40404
:108740009B1A2279DB081B0432B143F002001C495A
:10875000FFF732F90820F8BD02680C88C2F8084516
:1087600090F904608A7804795201002ED2B219DBA4
:1087700014498F1987F800230122760904F01F0499
:1087800002FA04F441F82640427905EBC2010124C3
:1087900045F832000C7143F003000B49FFF70CF968
:1087A0000020D8E7094904F00F040A55ECE700BFA0
:1087B0001CA6022014A602201CD002006CD00200CD
:1087C00040D2020000E100E062D2020014ED00E0BD
:1087D000036801221A607047036801225A607047DB
:1087E00073B501F15005AD000068ADB24FF48034AF
:1087F0008C400026C0F80843C0F84843465101F5B4
:10880000A8714559019522F07F42019D40F8212031
:10881000C0F844430BB1C0F8044302B070BD00007F
:108820002DE9F74F0D4622F07F4402684FF4803760
:1088300005F150068F408046B60002EB8500C2F875
:108840004873B6B2C2F80873D2F8041599464FF0CF
:10885000000BD0F84035C0F8401542F806B05B1A5E
:108860009259009223F07F43012B009A4FEA850A28
:108870000CD1264B4FF4806043F001039847D8F8A1
:10888000003043F806B09B590193019BD8F80010C3
:10889000D1F80465C1F84473A31B23F07F43012B77
:1088A0001CD11A4B05F5A875013443F0010341F8BA
:1088B00025404FF480609847D8F80030D3F804354D
:1088C0009E4209D1D8F800300020C3F84473C3F8A1
:1088D000047303B0BDE8F08F0D20FAE78A44C9F1B4
:1088E000FF13CAF84045D1F80405221A013A22F0D4
:1088F0007F4203F57F439342EED3002AE2D1013455
:10890000CAF84045D1F804359842DAE780D202002F
:1089100003680222C3F8442309B1C3F80423704753
:1089200000684FF48271FFF7F3BE4FF4803303FA0F
:1089300001F10368C3F84813C3F8081370475031B6
:108940008900006889B2FFF7E3BE0368D3F8040525
:108950007047000090F90430002B09DB5A0901210F
:1089600003F01F0301FA03F34032024941F82230B9
:10897000704700BF00E100E0024B034A1B6810682B
:10898000184700BF1CA6022014A6022010B561B132
:10899000B2FBF3F403FB1424A4B244B9C0E90014FD
:1089A00084608281C381204610BD0E20FCE709202F
:1089B000FAE737B550E8013F9DB2C4892544848960
:1089C000A54228BF2D1B0489A54202BFBFF32F8FEC
:1089D000002207E0C5EA030540E80154002CE9D174
:1089E0004FF001028DF803200193019B9DF80320B5
:1089F0000B6002F0FF0322B10B880068184403B03B
:108A000030BD1846FBE70A884B889A4209D150E8E6
:108A1000012FC2EA024240E80123002BF7D10120D6
:108A200070470020704737B550E8023F1FFAA3F5A2
:108A3000C488A54202BFBFF32F8F00220DE0C48976
:108A400025448489A54228BF2D1BC3EA054540E87B
:108A50000254002CE8D14FF001028DF8032001935D
:108A6000019B9DF803200B6002F0FF0322B14B88AD
:108A70000068184403B030BD1846FBE70A884B88ED
:108A80009A4209D150E8022FC2EA224240E802236A
:108A9000002BF7D1012070470020704701F01F0222
:108AA0004B090121914000EB830000F01EB801F05A
:108AB0001F0301229A404B0900EB8300D14300F0D1
:108AC0002CB84B0901F01F0150F82300C84000F0FA
:108AD0000100704710B5034653E8000F0A4643E80B
:108AE000002494F0000FF7D110BD10B5034653E8F1
:108AF000002F42EA010043E8000494F0000FF6D191
:108B000010BD10B5034653E8000F00EA010243E828
:108B1000002494F0000FF6D110BD10B5034653E8C1
:108B2000002F02EA010043E8000494F0000FF6D1A0
:108B300010BD10B5034653E8002F02EB010043E8D7
:108B4000000494F0000FF6D110BD10B5034653E8B1
:108B5000002FA2EB010043E8000494F0000FF6D1CF
:108B600010BD0121FFF7C1BF0021FFF7CABF10B53B
:108B700090B1D0E9012301689B1ADBB20A60013B86
:108B8000DBB2FF2B026802D10020107110BD11680A
:108B90004C1C14600B70F2E70E20F7E737B5054662
:108BA00000240DF107008DF80740FFF777FD2A68D4
:108BB0006B68116899420ED9481E106011F8014C7B
:108BC000EB68298A01FB0434AB6811791B1ADBB20C
:108BD000994238BF13719DF80700FFF783FD2046C7
:108BE00003B030BD37B5054600230DF107000C4634
:108BF0008DF80730FFF752FD2A681368591C116081
:108C0000E968641A298AB4FBF1F41C709DF8070026
:108C1000FFF768FD03B030BD826810B504462AB185
:108C200043690168006998470023A36010BD0EB432
:108C300003B5039921B104AB01AA019300F076F8C2
:108C400002B05DF804EB03B070470A2938B504465A
:108C50000D4602D10D21FFF7F8FFA3682268591CC9
:108C6000A160D554D4E901329A4204D32046BDE82C
:108C70003840FFF7D1BF38BD2DE9F84F9846DDE900
:108C80000A43154682460F460A464FF00109AA429A
:108C90000FD2C14538BFC14613F0010B01D16CB9E9
:108CA00000240126B8F1010F1BD908F1FF386E43EB
:108CB000F8E709F10109B2FBF5F2E8E79B070ED5E9
:108CC000B8F1000F0CBF30262026A145E9D2013CA7
:108CD00031465046FFF7B9FF002CF6D1E0E72026D9
:108CE000F3E7B7FBF6F39D42E1D9DFF83C80B7FB31
:108CF000F6F3504618F8031006FB1377FFF7A5FFAD
:108D00003346AB42B6FBF5F6F1D2BBF1000F02D011
:108D10000CB1A14501D3BDE8F88F20215046013C9C
:108D2000FFF793FFF4E700BF86D202002DE9F74F6B
:108D3000054617468846002900F0428118F8011BB5
:108D400049B92B7B002B00F03B81284603B0BDE8DE
:108D5000F04FFFF761BF252940F0B780002698F853
:108D600000302D2B424608F1010823D0302B24D0AF
:108D70002B2B25D000242A2B02F1010123D13B68A3
:108D80001A1D1B683A601C440A4613782E2B26D104
:108D900001324FF0000A104610F8011BA1F1300C0F
:108DA000BCF1090F1DD80A2303FB0A13A3F1300AF3
:108DB0000246F0E746F00106D1E746F00206CEE7AC
:108DC00046F00406CBE711F8013CA3F13000092876
:108DD000DBD80A2202FB0434303C0A46CBE74FF0D2
:108DE000000A12F8011B01F0FB0068289046F8D039
:108DF000782909D86F290CD8632962D022D825296F
:108E000063D0582900F0888098F80030002B95D165
:108E100097E770390829F7D801A353F821F000BF6C
:108E20009B8F0200098E0200098E0200298F02002A
:108E3000098E0200078F0200098E0200098E0200CF
:108E4000198F0200642901D06929DDD13A68D2F86E
:108E50000090111D89EAE9723960A2EBE9724FF0C6
:108E6000010B092A35DCD34538BFD3462CB1B9F103
:108E7000000F01DB720700D5013CB30702D5BAF140
:108E8000000F03D0F00701D44CBB0024B9F1000F50
:108E90002DDAC9F100092D212846FFF7D6FE06F08C
:108EA0000302022A04D1BAF1000F01D11CBB002435
:108EB000CDE9004653460A2249462846FFF7DCFE24
:108EC000A2E73B681A1D19783A602846FFF7BDFEF5
:108ED0009AE70A230BF1010BB2FBF3F2C1E7A345BA
:108EE000D4D220212846013CFFF7AFFECCE7710722
:108EF000D5D52B21D0E7A345DAD230212846013C35
:108F0000FFF7A3FED2E73968CDE900460A1D3A60B3
:108F100053460A220968D0E739680A1D3A60CDE94C
:108F2000004653461022F5E73B681A1D3A6016F0DA
:108F30000106D3F8009028D1B9F1000F03D04846BC
:108F400003F0D6FC0646B44200D904BB09F1FF3950
:108F500019F8011F00293FF457AF2846FFF775FEA7
:108F6000F6E728460136FFF770FE19F806100029CB
:108F7000F7D1A642BFF448AF002C3FF445AF202103
:108F80002846013CFFF761FEF3E70026EDE72021CC
:108F90002846013CFFF759FED5E73B681A1D3A60A9
:108FA000302128461C68FFF750FE78212846FFF73D
:108FB0004CFE00220823CDE90032214610227CE736
:108FC00003B0BDE8F08F00BF2DE9F84FB0F806A060
:108FD0004579D2F800B09DF828900AFB05F5043DCC
:108FE00088460BEB0301A94203F1040488BFA5EBFB
:108FF000030BB4FBFAF607460AFB1644C2F800B0AE
:109000004EB9AAEB04055D4528BF5D46BBF1000FD4
:1090100004D1BDE8F88F3F68013EF1E7043408EB66
:1090200006003C442A46B9F1000F0DD02146ABEBB7
:10903000050B03F0DFFBDA452E443F6855464FF041
:10904000000428BF5D46E1E701462046EFE7FFF751
:109050008EBDF8B546790146721E0546002393423F
:109060002D6803D30024A64202D8F8BD0133F6E7E9
:109070000F682846FFF7B6FD01343946F3E72DE9BE
:10908000F843068ACD1C0746FFF788FD043E3544A9
:109090000446B5FBF6F5F0B14FF48073EDB2838072
:1090A000C680013D076081464FF00008A84512D2F6
:1090B0003846FFF773FD064648B1637901336371A3
:1090C00008F10108C9F8000007608146EEE7204674
:1090D000FFF7BFFF34462046BDE8F8830121043086
:1090E000FFF727BD10B5012104460430FFF72DFD21
:1090F00010F0FF0F04D12046BDE81040FFF7A9BFD4
:1091000010BD1FB503920022009203AAFFF75CFF77
:1091100005B05DF804FB1FB503920122009203AA7B
:10912000FFF752FF05B05DF804FB0000064B10B5D9
:1091300000241C70054B1C60BFF35F8F0449054879
:1091400000F013F8204610BD28A602202CA602200D
:10915000A0D2020020A60220836800225A60C3E940
:1091600004229A60DA601A6070470B684A684360AC
:10917000934208BF0023016008BF43607047436803
:1091800043B10268916852680B449342436004BF44
:1091900000234360704770B5446806460D4620685A
:1091A00018B1B3682946984718B923682B60256021
:1091B00070BD2468F3E74368186808B102681A6054
:1091C00070474368186870474368186800B970476B
:1091D000884203D102681A60012070470346006884
:1091E000F4E7000010B50D49A1F59472914201D841
:1091F00000200FE08C1AE30F03EBE4035B1002EB9B
:10920000C30452F83330834205D802D204F1080275
:10921000ECE7606810BD2146E8E700BFACD702006C
:1092200008B5FFF7DFFF024B002808BF184608BD4E
:109230006FD6020010B50446C0B2FFF707FA204609
:1092400010BD0000034B1868A0F1080358425841B4
:10925000704700BF30010010064B1B68082B06D179
:10926000054B1B68052B02D8044AD05C70470020D0
:10927000704700BF3001001034010010B2D7020067
:10928000024AD2F80034002BFBD0704700E00140C6
:1092900010B5FFF7D7FF40B14FF080430022C3F86D
:1092A0000C21C3F81021C3F83825FFF7CBFF0028A5
:1092B00046D04FF08052614BD2F80414C3F8201509
:1092C000D2F80814C3F82415D2F80C14C3F82815E2
:1092D000D2F81014C3F82C15D2F81414C3F83015B2
:1092E000D2F81814C3F83415D2F81C14C3F840157A
:1092F000D2F82014C3F84415D2F82414C3F8481542
:10930000D2F82814C3F84C15D2F82C14C3F8501511
:10931000D2F83014C3F85415D2F83414C3F86015D9
:10932000D2F83814C3F86415D2F83C14C3F86815A1
:10933000D2F84014C3F86C15D2F84424C3F8702551
:10934000FFF78AFF10B13E4B3E4A1A60FFF784FFD9
:1093500018B13D4BFB22C3F81825FFF77DFF48B13C
:109360003A493B4B0A681B6822F00F0203F00F03D7
:1093700013430B60FFF770FF18B1364B4FF40072C8
:109380001A60FFF75FFF48B14FF08043D3F8002425
:10939000D20744BF6FF00102C3F800242E4AD2F86E
:1093A000883043F47003C2F88830BFF34F8FBFF3A7
:1093B0006F8F2A4B1B68082B0ED1294B1B68052B7E
:1093C00002D8284AD35C3BB14FF01023D3F80822CF
:1093D0004FF08043C3F858254FF01023D3F80022F4
:1093E000002A03DBD3F80432002B22DA1E490123C2
:1093F000C1F80435FFF744FF4FF010201224C0F8E5
:109400000042FFF73DFFC0F80442FFF739FF002399
:10941000C1F80435FFF734FFBFF34F8F0E49134BEC
:10942000CA6802F4E0621343CB60BFF34F8F00BF02
:10943000FDE70F4B0F4A1A6010BD00BF00C000408F
:109440008C5600404881030000F00040E40E0040CC
:10945000580200104096024000ED00E0300100107C
:1094600034010010ACD7020000E001400400FA050E
:109470002C2B00200090D003074B1B5C1F2B8ABFB6
:10948000064A4FF0A04203F01F03D2F80405D8406B
:10949000C04300F001007047BCD702000003005039
:1094A000074B1B5C1F2B86BF064903F01F034FF0C1
:1094B000A041012202FA03F3C1F80C35704700BF46
:1094C000BCD7020000030050074B1B5C1F2B86BF5C
:1094D000064903F01F034FF0A041012202FA03F3F3
:1094E000C1F80835704700BFBCD702000003005028
:1094F00008B50020FFF7E8FF0120FFF7E5FF022095
:10950000FFF7E2FFBDE808400320FFF7DDBF08B525
:109510000020FFF7C5FF0120FFF7C2FF0220FFF781
:10952000BFFFBDE808400320FFF7BABF0A4B185C35
:109530001F288ABF094B4FF0A04300F01F00D3F84B
:1095400004250121814021EA02000A40C3F80805F0
:10955000C3F80C25704700BFBCD7020000030050C1
:10956000074B1B5C1F2B8ABF064A4FF0A04203F03B
:109570001F03D2F81005D840C04300F00100704727
:10958000B8D70200000300500B2809D00C2809D0DE
:10959000182809D019280CBF03204FF0FF3070475E
:1095A000002070470120704702207047014B185C73
:1095B000704700BFB8D70200C20710B504460CD5EB
:1095C0004FF0A0430322C3F83427C3F83827C3F869
:1095D0003C27C3F84027FFF78BFFA3070AD54FF0BE
:1095E000A0430C22C3F82C27C3F83027C3F8602708
:1095F000C3F8642710BD000038B5074C051E04F100
:10960000080318BF1C4623682BB11A6822605B68E8
:1096100028469847F7E738BD38A6022020B9054B01
:1096200001225A70FFF7E8BF012802D1014A907069
:10963000F8E7704730A6022020B9034B01225A7088
:10964000FFF7DABF704700BF30A6022038B50E4CD6
:109650002378B3B90D486360A3602361E36000F031
:10966000E5F8054602F0D2FB08B900F0EBF801235B
:109670002370074BD3F800340BB10123A3702846A5
:1096800038BD8525F5E700BF30A602201D960200F3
:109690000000014037B50D4C00230DF107008DF897
:1096A0000730FEF7FBFFE368013BE360E36833B993
:1096B000074BD3F8005415B900F0D6F8A5709DF803
:1096C0000700FFF70FF803B030BD00BF30A602203F
:1096D00000000140012813B50CD0032820D038B970
:1096E000124B0122C3F88020BFF34F8FBFF36F8F5F
:1096F00002B010BD0E4C00230DF107008DF80730AD
:10970000FEF7CCFF23780BB9FFF7A0FFE3689DF8C5
:1097100007000133E3600123A370FEF7E3FFE7E7EF
:1097200000F090F8FFF7B6FFE2E700BF00E100E0CD
:1097300030A602201FB503788DF8003043680193EE
:1097400083688DF80830C368054A0393054B684663
:1097500053F8213052F82110984705B05DF804FB0A
:1097600044A602204CA602201FB503788DF80030D5
:109770004368019383688DF80830C368054A0393F2
:10978000054B684653F8213052F82110984705B030
:109790005DF804FB44A602204CA60220F0B5194B4C
:1097A00090F800C0DFF86CE043F82C20164B16460A
:1097B0000A6943F82C204B7F0EF80C300C46074604
:1097C0000FCC89B06D460FC594E80F0085E80F00F7
:1097D0001EF80C30CDF810C04BB1002E0B4A694674
:1097E00008BF3246381D00F0F5FD09B0F0BD002E6F
:1097F000074A694608BF324607F10C0000F0AAFB91
:10980000F3E700BF4CA6022044A6022035970200D1
:109810006997020054A6022000F18040002382B024
:10982000036003680193019B02B07047044A1379F7
:1098300023B9012110609180184670478520704738
:1098400058A60220074B1A68D20704D4C02283F816
:10985000002301221A604FF080430122C3F818252B
:10986000704700BF00E100E04FF0804208B50223DE
:10987000C2F808334FF48270FFF7CEFF034B01218B
:109880001960D2F81834DB03FBD408BD0C0000408B
:10989000124B1B6810B573B14FF48070FFF7BCFF1B
:1098A0004FF080430122C3F808230D4B587910B9BB
:1098B0005A711B6898470B4B1B6873B14FF4827049
:1098C000FFF7AAFF4FF080430222C3F80823044B9E
:1098D000BDE810401B680120184710BD0001004082
:1098E00058A602200401004000F1804000F5C0406D
:1098F000002382B0036003680193019B02B07047AC
:1099000003681F2B83BF03F01F03036001484FF060
:10991000A04070470003005007B5019001A8FFF771
:10992000EFFF019B00EB8300D0F8003723F44033B6
:10993000C0F80037D0F8003743EA0141C0F80017FB
:1099400003B05DF804FB0000054B4FF0FF32072821
:1099500043F8202084BFC01880F85820704700BF0B
:1099600060A6022038B51E4C94F86A30ABBB4FF6A7
:10997000FF71FF205A09012A14BF4FF0FF320A4637
:1099800003F01F05EA40D20748BFE21803F10103C4
:1099900048BF82F83000302BECD10021C8B2FFF76D
:1099A000D3FF01310C29F9D1062200210D4802F024
:1099B0004AFF0D4BC02283F8062340221A604FF461
:1099C000BE70FFF791FF094B4FF00042C3F804232C
:1099D000012384F86A30002038BD0820FCE700BF6E
:1099E00060A60220C4A6022000E100E00060004062
:1099F000034B93F86A00003818BF0120704700BF7E
:109A000060A60220F7B53B4E3318054693F9303077
:109A1000002B6CDA8B78C3F34003002B0BBF0824B8
:109A200000240C200820844202D1042003B0F0BDA1
:109A300056F82470013743D1701946F8242080F875
:109A4000304013B9331983F858508B785A0717D41C
:109A5000D80737D501A80195FFF752FF019B00EB0E
:109A60008300D0F8003723F00203C0F80037224803
:109A7000EA0805F007070123BB40875C3B4383549A
:109A80008B780A7813F0020328D0A40004F18044F4
:109A900004F5C0442D02D4F8103523F44F3323F4D9
:109AA0004073C4F810351204D4F8103505F47C5511
:109AB00002F4403215431D43C4F810550020B5E7A9
:109AC0000134B0E701A84A780195FFF719FF019B1F
:109AD00003F5E073920040F82320C8E7083C3444C3
:109AE00094F8605045EA821284F86020E6E7082086
:109AF0009CE700BF60A60220C4A6022073B5224CDA
:109B00002618054696F93020072A1ADD224492F8D5
:109B100058309B09032B0FD1019001A8FFF7F0FEED
:109B2000019BD0F81015D94001F0010102312846FF
:109B3000FFF7F2FE02B070BD012B0CBF0221032122
:109B4000F5E7D3B2072BF5D8930003F1804303F573
:109B5000C043D3F8100540F00100C3F8100502F12E
:109B60004000800080B2FFF7BFFE0029E2D096F9E6
:109B7000303054F82330002BDCD0012303FA02F2FA
:109B8000024BC3F80423D5E760A602200060004022
:109B900007B5019001A8FFF7B3FE019BD0F81005AF
:109BA000D84000F0010003B05DF804FB2DE9FF4749
:109BB0000024CDE90244584D4FF48072012102F196
:109BC000804303F5C04390B21B68012B06D1D5F842
:109BD00004330B4202D0FFF787FE0C430432B2F588
:109BE000907F4FEA4101EAD14C4B1B68012B11D108
:109BF0004FF4BE70FFF778FE4FF0A04344F00044EE
:109C0000D3F820250292C3F82025D3F82028039208
:109C1000C3F8202814F0FF0F1AD0414F0025012669
:109C2000344210D0AB0003F1804303F5C043D3F8B6
:109C30001005D3F8101557F8253023B1C1F30141B1
:109C4000C0F3052098470135082D4FEA4606E7D1B5
:109C5000002C59DA324D334C334E4FF000080127B7
:109C600016F9013B5A1C3CD0C3F3C20104A80144BD
:109C70005FFA83F911F8081C03F03F0203F00703B1
:109C800007FA03F319422CD001A80192FFF738FE1E
:109C9000019B03F5E07350F82330C3F3014ABAF196
:109CA000020F10460CBF03210221FFF735FE01A869
:109CB0000192FFF725FE019B07FA03F3C0F8203558
:109CC000AB1893F9303055F8233053B14FEA99115E
:109CD000032904D0BAF1020F19D1012901D110468C
:109CE000984708F10108B8F1040FB9D14FF0A0432B
:109CF000D3F820250292C3F82025D4F82035039309
:109D0000C4F820351343A7D104B0BDE8F087BAF1F9
:109D1000030FE6D10229E1E7006000407C610040CA
:109D200060A6022000030050C0A60220014B1B6861
:109D3000184700BFCCA602200E4B984237B50C4600
:109D400002D0002003B030BD00230DF107008DF8D4
:109D50000730FEF7A3FC084B1D7915B901221C60E2
:109D60001A719DF80700FEF7BDFC002DE9D0112007
:109D7000E8E700BF00200040CCA6022000234350AB
:109D800082B043580193019B02B070470A4610B558
:109D90004FF48E71FFF7F2FF136A9168C95C136A82
:109DA00001331362C0F81C1510BD024608B50068E7
:109DB0004FF49271FFF7E2FF4FF484711068FFF7E0
:109DC000DDFF136801221A6008BD8B690A4610B5D1
:109DD0004FF4847123B9FFF7D1FFD0F8183510BDC7
:109DE000FFF7CCFF536AD168D0F81805C854536AFE
:109DF00001335362F3E700001FB501238DF80030F3
:109E0000044BCDE90110D3E900126846904705B034
:109E10005DF804FBD4A6022030B54C48D0F80433DA
:109E200013F4007F85B005464DD0D0F82431002BC7
:109E300049D04FF49271FFF7A1FF4FF40173C0F8BE
:109E40000833434B93F829200AB9012242603F4965
:109E500002228DF80020D1F88024C1F880240392DA
:109E60009A690292DA6801920022C3E906226846E2
:109E7000D3E9001290473548D0F81C315BB1344922
:109E80004A690B6A9A420A464AD991F82830002B4F
:109E900046D1FFF77BFF2D48D0F844318BB14FF40A
:109EA000A271FFF76BFF2A4B93F829200AB1012218
:109EB00002609A692AB10022586AD9689A61FFF74C
:109EC0009BFF05B030BDD5F804335B07D3D5D5F87B
:109ED0000831002BCFD01E4C1C482146FFF775FFE0
:109EE000636AA2699A422346C5D1E269E1684AB130
:109EF0002369E3600023606AA261E3616362FFF7A4
:109F00007BFFB8E794F829200AB901226A600F4A5A
:109F10004FF40170C2F808030022586A9A61EEE714
:109F20000A484FF48E71FFF729FF5369002BB2D016
:109F300051690291002391688DF8003001915361BD
:109F40006846D2E900139847A5E700BF002000400B
:109F5000D4A602202DE9F843614B057991462C22C5
:109F600002FB0532064692F82A200C469846002A43
:109F700040F0B1805B490068FFF7DEFE074600282D
:109F800040F0AB8021684A1C10D01F2987BF564A79
:109F900001F01F030B464FF0A0420120984003F54B
:109FA000E073C2F80805032042F823006068431CF0
:109FB0000DD01F288BBF00F01F0303464A4A4FF005
:109FC000A04203F5E0734FF0000C42F823C0336861
:109FD000A269C3F8242594F814C0627DBCF1010F76
:109FE0004CEA0202C3F86C25C3F81405C3F80C153B
:109FF0002BD1A168481C0DD01F298BBF01F01F0277
:10A000000A4639484FF0A04002F5E0724FF0000CCC
:10A0100040F822C0E068421C13D01F2887BF324A94
:10A0200000F01F0C84464FF0A0424FF0010E0EFAD4
:10A030000CFE0CF5E07CC2F808E54FF0030E42F888
:10A040002CE0C3F80805C3F810152C236B4308EB6C
:10A050000302C2F80490226948F80320B9F1000F06
:10A0600021D03068247F4FF48E71FFF787FE4FF4C4
:10A07000A2713068FFF782FE32681C4BC2F80433CD
:10A08000110B42F307326301002ADBB21EDB1848D2
:10A09000841884F800330123520901F01F0103FAE8
:10A0A00001F140F8221033680422C3F800252C2364
:10A0B00003FB05830022C3E9062283F829205A61A5
:10A0C000012283F82A203846BDE8F883094A01F0C6
:10A0D0000F015354E7E70827F5E71127F3E700BF1F
:10A0E000D4A60220199E0200000300508000020046
:10A0F00000E100E014ED00E02DE9F047204F90F87A
:10A1000004904FF02C0808FB097405466669002E80
:10A1100034D162610068A16026624FF48E7184F8C8
:10A120002860FFF72BFE2868012383602146FFF794
:10A130002DFE6368A0468BB92868D4F814A0236A62
:10A140009A4511D82A68D2F81C31002BFBD0012384
:10A15000D3602C2303FB097300225A613046BDE80B
:10A16000F08794F828303BB9D0F81C31002BF8D098
:10A170004146FFF70BFEE2E70F26EAE71126EDE77F
:10A18000D4A602200379044A2C2101FB0323586939
:10A19000003818BF01207047D4A602202DE9F843EB
:10A1A000394F05792C2303FB057306465C6824B1FF
:10A1B00003684FF40170C3F808032C2303FB0573F5
:10A1C000986950B1D86900283ED024B133684FF463
:10A1D0000172C3F80423112433E09A61D9605862F4
:10A1E000D8612C2303FB057393F829301BB910B9F0
:10A1F0003046FFF7DAFD4FF02C0909FB057830688F
:10A20000D8F80430002B34D14FF4A271C146FFF7C7
:10A21000B5FD3068D0F82431D0F80821D0F8444199
:10A22000B2B90CB9002BF4D02C2202FB0575002228
:10A23000AA6123BB2CBB95F8291033680122B1B168
:10A240001A602046BDE8F8831961DA610120C8E789
:10A25000002BE9D1002CE7D14946FFF7B6FDD8F82D
:10A260002430D8F818209A42D3D82346DCE75A6025
:10A27000E7E74FF40173C0F804330024E1E7032457
:10A28000DFE70F24DDE700BFD4A602200023435000
:10A2900082B043580193019B02B070471FB5012360
:10A2A0008DF80030044BCDE90110D3E90012684667
:10A2B000904705B05DF804FB00A702207FB5434A34
:10A2C000D2F82461002E60D010464FF49271FFF74F
:10A2D000DDFF02238DF80030D2F88034C2F88034DC
:10A2E0000393D2F83C350293394BDA68019200228D
:10A2F000C3E906226846D3E9001290473348D0F8F4
:10A30000443173B14FF4A271FFF7C0FF304B9A692B
:10A310003AB10022C3E90622D968D0F83C05FFF71C
:10A32000BDFF2A48D0F82031ABB14FF49071FFF750
:10A33000ADFF0123C360264B5A6962B1D0F84C15BA
:10A340000291002299688DF8002001915A616846B7
:10A35000D3E9001290471D48D0F858319BB14FF413
:10A36000AC71FFF793FF1A4B5A6962B1D0F84C15E4
:10A370000291002299688DF8002001915A61684687
:10A38000D3E90012904704B070BDD2F81031002B11
:10A39000B4D04FF488711046FFF778FF0C4BD2F819
:10A3A0003C0599698842A9D1DC69D96864B1D2F8C1
:10A3B000005225F02005C2F800521A699C61DA604B
:10A3C000DE61FFF76BFF99E79C61FAE70020004030
:10A3D00000A702202DE9F843674B06799146242215
:10A3E00002FB0632044692F820200D469846002AC9
:10A3F00040F0BE8061490068FFF79EFC07460028D8
:10A4000040F0B8802868421C10D01F2887BF5C4AE3
:10A4100000F01F0303464FF0A0420121994003F5CD
:10A42000E073C2F80815032142F8231069684B1C39
:10A430000DD01F298BBF01F01F030B46504A4FF070
:10A44000A04203F5E0734FF0000C42F823C02368EC
:10A45000AA69C3F8242595F814C06A7DBCF1010FE0
:10A460004CEA0202C3F86C25C3F80C05C3F81415B6
:10A470002BD1A968481C0DD01F298BBF01F01F02EA
:10A480000A463F484FF0A04002F5E0724FF0000C42
:10A4900040F822C0E868421C13D01F2887BF384A02
:10A4A00000F01F0C84464FF0A0424FF0010E0EFA50
:10A4B0000CFE0CF5E07CC2F808E54FF0030E42F804
:10A4C0002CE0C3F80805C3F810152423734308EBE8
:10A4D0000302C2F804902A6948F80320B9F1000F7A
:10A4E00030D020682A7F4FF48871FFF7CFFE2068B4
:10A4F0004FF49071FFF7CAFE20684FF49271FFF796
:10A50000C5FE20684FF4A271FFF7C0FE4FF4AC7196
:10A510002068FFF7BBFE23681A49C3F80413190B20
:10A5200043F307335201002BD2B21CDB1648C51887
:10A5300085F8002301225B0901F01F0102FA01F1F5
:10A5400040F8231023680822C3F80025242303FBC6
:10A5500006830022C3E906225A61012283F82020E3
:10A560003846BDE8F883094B01F00F015A54E9E77A
:10A570000827F5E71127F3E700A70220BDA2020094
:10A58000000300501003420000E100E014ED00E081
:10A5900001F06043B3F1005F2DE9F041064638D188
:10A5A0001E4B0779242505FB073598466C69002C5E
:10A5B00031D16A610068A9604FF49071FFF766FEBF
:10A5C0004FF4AC713068FFF761FE33686A69A968BF
:10A5D000C3F84415C3F8482501229A606A68AAB9ED
:10A5E000D3F82021D3F858411AB9002CF8D00F2401
:10A5F00007E0002CFBD10122DA60D3F85821002AB1
:10A60000FBD0242303FB078700237B612046BDE8A2
:10A61000F0811024FAE71124F8E700BF00A7022018
:10A620000379044A242101FB03235869003818BF29
:10A630000120704700A70220F8B501F06043B3F194
:10A64000005F04460F465ED10379304D242101FBA3
:10A650000351496821B100684FF40476C0F80863DB
:10A66000242000FB03539E6956B1D869002839D0D5
:10A6700021B123684FF40472C3F80423112030E0A1
:10A680009A61DF60DE6120684FF48871FFF7FEFD9C
:10A6900020684FF4A271FFF7F9FD2368C3F8347501
:10A6A000C3F8382516BB01221A602179242202FB47
:10A6B000015252680ABBD3F81041D3F84421D3F8B1
:10A6C0002401144302D10028F5D02246242303FBA1
:10A6D00001550023984218BF03209A42AB6118BF6E
:10A6E0000F20F8BD1F61DA610126CCE7D3F8002204
:10A6F00042F02002C3F80022D7E74FF40472C3F8F7
:10A7000004230020EDE71020EBE700BF00A70220A4
:10A71000036801221A600379034A0C2101FB032319
:10A7200002221A72704700BF24A7022037B54FF4E7
:10A73000803400688C407BB18B0003F5A07300254A
:10A74000C550C3580193019BC0F8044301F5A8719B
:10A7500040F8212003B030BDC0F80843F6E770B4DC
:10A76000046840F20116D4F800528E4025EA06052E
:10A77000C4F80052D4F800522B43C4F800329DF8BC
:10A780000C3070BCFFF7D2BF2DE9F341104C114FD4
:10A79000114E00254FF48038236883B1D7F8043375
:10A7A00008FA05F21A420AD00023236023680193B5
:10A7B00004F5C040019B80B2D6E9003198470135CD
:10A7C000062D04F10404E7D102B0BDE8F08100BF1A
:10A7D00040A1014000A0014024A7022000F18040D8
:10A7E00000F5E040002382B0036003680193019B01
:10A7F00002B07047F0B5504B504C1B6885B0002B31
:10A800003DD04FF4827094F82E20FFF7E7FF2AB373
:10A8100094F82F3013BB4A4B1B68002B33D04FF4F6
:10A820008070FFF7DBFF638B94F82D108B424FD9BC
:10A8300022895B1A9BB292B26383D31A626802EBDD
:10A840004303404AC2F82C36C2F830164FF48270E7
:10A85000FFF7C4FF3C4B01221A6014E063680293C7
:10A860002389ADF80C30E36800218DF8041023BB78
:10A870002374236801A89847002384F82F3094F8A4
:10A880002E30002BC7D1314B1B685BB14FF4887061
:10A89000FFF7A4FF0023237402238DF8043001A8DE
:10A8A000236898472A4B1B68EBB14FF48A70FFF777
:10A8B00095FF0023237405B0F0BD208B6083636097
:10A8C0002081E160002AD4D11E4B01221A60D0E71A
:10A8D000BCD1E368012284F82F2013B100226283E7
:10A8E000AFE76383B2E766694FF000470125002EAA
:10A8F000E1D0B6FA86F227FA02F34632920026EA4F
:10A90000030602F1804303F5E0431B68002BEED001
:10A910001046FFF763FFA2F58C72D30882F00402A1
:10A92000C2F380028DF808308DF8045023688DF84A
:10A93000092001A89847DAE70471004030A70220F7
:10A940000071004000700040047000401071004031
:10A950001471004038B5204A92F82C300446002B80
:10A9600037D111601D490078C1F8F0056078C1F851
:10A97000F4050125137482F82D30536182F82F30CD
:10A98000E07882F82E006FF0004382F82C504FF4EC
:10A990008270C1F80833FFF721FF4FF48070FFF792
:10A9A0001DFF4FF48A70FFF719FFA3780C485B0175
:10A9B000DBB280F80733802303600223C1F804333D
:10A9C00092F82E300BB1C1F80453C1F800550020A5
:10A9D00038BD0820FCE700BF30A70220007000400F
:10A9E00000E100E030B5224B1A7C002A3ED100F194
:10A9F0000C0403EB4402127922B993F82D200132A2
:10AA000083F82D2003EB4403CA790C7A8D781A71F0
:10AA10005C714B782D021B0105F4E06503F03003F7
:10AA20002B430D7805F003052B43CD782D0305F45A
:10AA300080552B430D792D0405F4E0252B434D79EA
:10AA400089792D0505F48015090601F080712B43E5
:10AA50000B43010101F1804101F5E0410020C1F803
:10AA60001835C1F81445C1F8102530BD1120FCE798
:10AA700030A70220054B93F82E30002B14BF002086
:10AA8000042000F1804000F5E040704730A702202C
:10AA900070B5264A264B05461220C2F808031C7CD6
:10AAA000022C03D1C2F80403112070BD187C0128C8
:10AAB0001DD1D86818B10223C2F80433F4E7DD6071
:10AAC000198393F82E3063B91A4A1368002BFCD00F
:10AAD0004FF48070FFF782FE144BC3F82C56C3F876
:10AAE0003016124B0222C3F804230020DDE70220B7
:10AAF00093F82E40C2F80403012600201E745D6006
:10AB00001981D8603CB1598393F82D30C2F82C5686
:10AB1000C2F83036C9E7C2F82C564FF48070C2F83C
:10AB20003016FFF75BFE20461660BEE7007000405F
:10AB300030A70220007100402DE9F74F4FF00009C7
:10AB4000154D164F06464FF0040AC8465FFA89FBBA
:10AB500001240DF1070004FA0BF48DF80780FDF7CE
:10AB60009DFD2C4208D03B6814EA030201BF234339
:10AB70003B6086F800B092469DF80700FDF7B2FDF5
:10AB8000BAF1000F03D0A54309F10109DED1504607
:10AB900003B0BDE8F08F00BFFFFF010060A70220F7
:10ABA00010B5A1B19AB101238340C3F3100484B15D
:10ABB0000A4C246823420ED0C00000F1804000F50A
:10ABC000F830C0F81015C0F81425002010BD0E2074
:10ABD000FCE70720FAE70820F8E700BF60A702209B
:10ABE000012202FA00F3580C400440B91BB1064A96
:10ABF0001268134205D0054AC2F804357047072091
:10AC000070470820704700BF60A7022000F0014095
:10AC1000034B187810B901221A70704785207047CD
:10AC200064A702200220FEF781BC00002DE9F04756
:10AC300080460D46FEF7A8FC0328044610D8012DD7
:10AC400010D0022D30D05DB91A48FDF712FB1A4B17
:10AC500004EB440213449E78184B1B5DB34219D099
:10AC6000BDE8F087144D00EB4002A918AE5C4A78AD
:10AC7000470052B1DFF84C900E484A464FF48041ED
:10AC8000FDF7CCFA08B989F800803B192B449A7873
:10AC90000A4B1A55002EE3D0094B1B68002BDFD05E
:10ACA0003046BDE8F047184700EB40040248044432
:10ACB0006678EFE7502B002067A7022081A70220CB
:10ACC0007CA7022065A7022000780221FFF7AEBF13
:10ACD00008B5094B1B7853B10020FEF7F5FB0120A6
:10ACE000FEF7F2FBBDE808400320FEF7EDBBBDE830
:10ACF0000840FEF7FDBB00BF66A70220F8B57B4CFD
:10AD0000237805461BB100232370FFF7E1FF172DC1
:10AD100000F28880DFE805F00C1717435465768051
:10AD2000888D888D959A9A9A9A9AC4C9D1D9E4E463
:10AD3000FFF7CEFF6E48FDF79CFA6E4B00220446EB
:10AD40001A702046F8BD0020FEF796FBF8B10020EF
:10AD5000FEF7BAFB022D0CBF4FF4E1614FF47A61AC
:10AD6000644B1D704FF400404FF47A740025E0FBF3
:10AD700001454FF4FA6200232046294601F0FAFB10
:10AD800000220146BDE8F8405948FDF747BAFEF7F2
:10AD900087FB022D0CBFC8214FF4C871E0E70020EB
:10ADA000FEF76AFB40B10020FEF78EFB4FF44871BE
:10ADB000504B03221A70D5E7FEF772FBC821F7E764
:10ADC0000020FEF759FB38B10020FEF77DFB4FF461
:10ADD0007A61484B0422EDE7FEF762FB4FF4C8713D
:10ADE000F7E70020FEF748FB48B10020FEF76CFBB8
:10ADF000404B05221A7040F6CD410022C2E7FEF713
:10AE00004FFBF5E70020FEF791FB3A4B06221A7044
:10AE1000002240F26661B5E70020FEF741FB354BAA
:10AE200007221A7000248CE701202070FEF77EFBB9
:10AE3000EEE701202070FEF779FB00224FF400516D
:10AE4000A0E7FEF764FB2B4B0C22EAE72A482B4EC7
:10AE5000FDF70FFAD5F1110504461CD0D8B9012D24
:10AE600013D0C8235D434FF400474FF47A7000219C
:10AE70004FF4FA620023C7FB050101F07BFB224679
:10AE800001461D48FDF7CAF904460220FEF708FBFB
:10AE90000123337055E70220FEF716FB0023F8E785
:10AEA000FFF716FF134B1222BBE7FFF711FF00203D
:10AEB000FEF7F6FA0F4B1322B3E7FFF709FF012065
:10AEC000FEF7EEFA0B4B1422ABE7FFF701FF002071
:10AED000FEF7E6FA0120FEF7E3FA064B1522A0E79B
:10AEE000FEF715FB034B1D709CE700BF78A70220FF
:10AEF000702B002080A70220302B002066A70220A4
:10AF0000044B1B68DB0703D5034B1878FFF7F6BE2D
:10AF1000704700BF74A7022080A70220002910B547
:10AF200014BF03240024FEF741FB1F288ABF0A4BED
:10AF30004FF0A04300F01F0003EB8000D0F8002783
:10AF400022F44032C0F80027D0F8003743EA044327
:10AF5000C0F80037002010BD00030050032801D8BE
:10AF6000FEF7FEBA00207047044B1B6813F0010384
:10AF700001D0FFF7C3BE1846704700BF74A7022078
:10AF800038B51C4B18601C4B10F0020405461960C4
:10AF90001AD01A4B1A480E221A700F22DA70102299
:10AFA0009A7111225A72042140F23332FCF772FF77
:10AFB000044648B9FCF7C4FF044628B90146114AC3
:10AFC0001148FDF719F90446EB0711D50120FEF7EA
:10AFD000F3FA6CB921460D4A0D48FDF70DF9044608
:10AFE00030B9BDE838400B4A0B480121FDF704B9E0
:10AFF000204638BD74A702207CA7022067A7022044
:10B00000F4D70200C9AC020018D8020001AF020058
:10B010001CD8020025AC020014D80200032811D865
:10B02000012A0AD101290FD100F10E02D2B20D4B33
:10B0300000EB40001A54002070470129F7D0022984
:10B0400004D049B1072070470022F8E7054B00EB18
:10B05000400018444270EEE7024B00EB40001844F9
:10B060008270E8E767A70220032802D80121FFF7D2
:10B0700055BF0620704708B5012202210020FFF7C6
:10B08000CDFF08B1072810D1072202210120FFF7C8
:10B09000C5FF08B1072808D100210A220846FFF79A
:10B0A000BDFF10B1072808BF002008BD0388102B82
:10B0B00010B502D0112B1ED010BD1A4C2168B1B9A9
:10B0C00001220846FFF7AAFF08B1072824D107226A
:10B0D00002210120FFF7A2FF08B107281CD104229A
:10B0E00002210020FFF79AFF08B1072814D1236836
:10B0F00001332360E0E70B4A1368013B1360002B28
:10B10000DAD1FFF7B8FF0028D6D0074B1B68002B19
:10B11000D2D0BDE810401847034B1B68002BE6D087
:10B120009847E4E78CA7022088A7022008B50020F2
:10B13000FFF79AFF08B1062806D10120FFF794FF18
:10B1400010B1062808BF002008BD00000D4B10B547
:10B1500018600C4629B10120FFF700FF40B102231F
:10B160002370094B1B6853B9BDE81040FFF783BF3C
:10B17000FFF7F4FE08B10B23F2E72070F1E700209F
:10B1800010BD00BF88A702208CA702200369C168F8
:10B190008B429DBF8268D21802F1FF3203F1FF3368
:10B1A00094BF501A581A70472DE9F843D0E9029419
:10B1B0000546A9EB04084068904520440F46144416
:10B1C00004D901F017FBEC60BDE8F8834246A4EB1C
:10B1D000090401F00FFB6868224607EB0801F0E75D
:10B1E0002DE9F843C5680646894617464FF0000822
:10B1F0003469B3687068A54228BFE418013C621B3B
:10B200005C1BBC4228BF3C46944228BF14464946BA
:10B210002844224601F0EEFAB3682544AB4208BF49
:10B2200000253F1BA044A144F560E1D14046BDE8A4
:10B23000F883000010B5114C114AA2610223C4E941
:10B240000433104BE361A2644FF400730E4A0F49BC
:10B250002362E26400231022E01DA3626362E362C2
:10B26000A3656365E365226501F020FB084920467C
:10B2700001F01CFB2023A37110BD00BF90A702208A
:10B2800020D8020018A8022008A8022029D802000D
:10B290002DD80200F8B5184C182300FB033503FB2A
:10B2A00000402544C46A012C0F4616460FD0022CDC
:10B2B0001AD0F4B92846FFF769FF864205D832460E
:10B2C00039462846FFF770FF34462046F8BD284629
:10B2D000FFF75CFF8642344628BF044622463946C3
:10B2E0002846FFF761FFF0E72846BDE8F840FFF782
:10B2F00077BF0024E9E700BF90A70220FFF79ABFBD
:10B3000030B5C8B1F2B10024651C8D4206DA15884B
:10B31000A54212D805196D789D420ED1A14211D9CE
:10B32000005D48B1013880B230B10234A3B210FAE6
:10B3300084F4A14206DB138030BD055D01352C4449
:10B34000A4B2E1E70020F7E713B513460022ADF8F9
:10B3500006200DF106020446FFF7D2FF10B1BDF83A
:10B360000630E01802B010BD72DF704773DF70471F
:10B3700074DF704738B5012204460D46B0F8141446
:10B38000D0F81004FFF7E0FF00B1057004F13C02B3
:10B3900004F5826104F15400BDE83840FFF7E4BFD2
:10B3A000F8B5077804460D46002F00F0098100F239
:10B3B0002646817007220021304601F044FAE388D6
:10B3C00013B1A378012B04D0E3794BB1A378022BFE
:10B3D00006D1636BA3B1012284F82D24082098477D
:10B3E000334604F22C4113F8012F12B99942FAD1D5
:10B3F00017466B1E032B57D8DFE803F0050B0F121F
:10B4000084F82D34ECE7A3791BB194F8243003B908
:10B410005FB9E3790BB1002F48D1237A002B47D1D4
:10B42000637A002B0CBF00250425636BA570002BED
:10B4300040D0033D012D3DD86279002A3AD094F8DE
:10B440002E24002A36D184F83024012284F82F24B7
:10B450000720984704F13C0518220021284601F0F6
:10B46000F2F9E26A0123511E994284F83C3001D975
:10B47000042A00D1D3B294F8242084F8513042B188
:10B48000A36A591E012902D9042B18BF012384F88D
:10B490005230A178002384F8503004291BD8DFE80B
:10B4A00001F0770D223559000025BEE70225BCE7E3
:10B4B0000325BAE7002384F82F34CBE7C4E91063EF
:10B4C000C4F820340223012284F83C30802384F81D
:10B4D0003120A4F84830A378002B5CD1636B002B9B
:10B4E0006AD1002067E00223002A84F8313014BFBB
:10B4F0000723032384F83C302369A4F84830002351
:10B50000C4F82034E36826646364E4E76369636431
:10B51000A369A4F8483012B1062384F83C3063795B
:10B52000B3B194F82E349BB994F8303483B102232C
:10B5300084F8503004212046FFF71CFF0028CAD1B0
:10B54000052384F8313004F58263C4F82034C2E75F
:10B550000323F6E7E3696364236AA4F8483012B171
:10B56000062384F83C30637983B194F82E346BB9A8
:10B5700094F8303453B1022384F85030042120462B
:10B58000FFF7F8FE0028A6D10623DAE70423D8E760
:10B5900084F831309FE7D4F820142A4604F154008F
:10B5A000FFF7E2FE38B994F8301094F85400FFF732
:10B5B000DDFE002892D0F8BD94F83100984790E75E
:10B5C0000820F8E70388112B10B50C460AD0262B6B
:10B5D0001FD0102B05D1C37B012B02D18388A1F88A
:10B5E000243410BD0022838881F82E24B1F824244D
:10B5F0009A42F6D10B79002BF3D101212046FFF7B7
:10B60000CFFE0028EDD0A36B002BEAD0BDE81040A0
:10B610001847037A013B012BE3D8897805230131D0
:10B62000B1FBF3F303EB8303C91AC9B2E6E738B5FC
:10B63000044690F85400FFF79BFE012384F82E3453
:10B64000002384F8303484F8503006212046FFF778
:10B6500091FE054638B9A1782046FFF7A1FE10B14A
:10B66000A36B03B19847284638BD0000034B1A88E6
:10B6700082420CBF18460020704700BF34AA022047
:10B68000024B9B6903B11847704700BF18AA0220FC
:10B6900037B50B46497A0F4A71B9D2E901141D7AC0
:10B6A0000246002D18BF21465868FCF7B7FD08B1C7
:10B6B000FFF7E6FF03B030BD002119725369002B7C
:10B6C000F8D00122ADF806008DF8042001A89847B3
:10B6D000F0E700BF18AA02204B8802889A4213D8CC
:10B6E00042889A4210D380888A8840F2F3139842A5
:10B6F00094BF031AC31A934206D800F2F310904283
:10B7000034BF002001207047002070470388122BAF
:10B7100070B5014659D004D8102B1ED0112B44D03F
:10B7200070BD502BFCD12F4BC288DB899A42F7D1D8
:10B73000038A022BF4D186883046FFF797FF05462F
:10B740000028EDD001F1120000F028F938BB68683C
:10B75000FCF78FFD0028E3D009E0C37B012BDFD18C
:10B760004FF6FF70FFF782FF054620B90420BDE8C1
:10B770007040FFF785BF1C4A8E8806800023037245
:10B780001368C0F80A305368C0F80E3010310A3020
:10B79000FFF7A2FF134B6872DB89002BC0D129464B
:10B7A0003046BDE87040FFF773BF8088FFF75EFF4B
:10B7B00004460028B4D04068FCF75BFD08B1FFF7F1
:10B7C0005FFF4FF6FF732380AAE786883046FFF7B6
:10B7D0004DFF05460028A3D008310A30FFF77CFF53
:10B7E0006872DCE718AA022048AA02200AB1FDF715
:10B7F00055B9FDF75CB973B50191019C06466CB172
:10B8000000252C46294601A8FDF75BF918B106EB87
:10B81000440301349D800135142DF3D1304634604A
:10B8200002B070BD2DE9F04703888488103B8CB0CE
:10B8300005460A2B1FD8DFE803F0063F1E1E1E1E1A
:10B840001E1E1E604400314EB368DB4300937168D6
:10B850006846FDF762F9009901A8FFF7CCFF0DF1EA
:10B8600008094FF00008019B984507D3132C13D902
:10B870000420FCF77BFB0CB0BDE8F08739F802AB85
:10B8800000270137514606EB8700FDF710F91E2F00
:10B89000F7D108F10108E6E71D482146FDF7FEF85B
:10B8A0001C482146FDF7FAF8EB7B022BE3D11A483E
:10B8B0002146FDF7F3F8DEE715482146FDF7F7F8D6
:10B8C000D9E7027A15483F2A4FEA1215214694BF5C
:10B8D00000220122FFF78AFF022D94BF00220122DD
:10B8E0000F482146FFF782FF012D0E4894BF00222A
:10B8F00001222146FFF77AFFBDE7037A002BBAD178
:10B90000427A0648C2F3C0022146F3E750AA022059
:10B9100058AA022054AA02205CAA022068AA022087
:10B9200064AA022060AA02201328014602D8024815
:10B93000FDF7C7B80020704754AA022010B504468E
:10B94000FFF7F2FF002814BF2046142010BD70B589
:10B950000546164608460AB90E2070BD002313603E
:10B96000002DF9D02B68002BF6D0EB8813F00304E0
:10B970000ED1FFF7E3FFC0B214280BD02B7983421E
:10B980000AD9EB882A6800FB032030602046E4E7F0
:10B990000720E2E70520E0E70420DEE7007800F07A
:10B9A0000100704790DF7047A5DF7047B5DF704733
:10B9B0007FB50023ADF80810ADF80A106A4602A959
:10B9C000064603930093ADF80430FFF7EBFF0546FE
:10B9D00000B3124B124CE41AE408FDF721FC2404D6
:10B9E00044F0010403460F4932462046FBF7F1FFBD
:10B9F000BDF80020BDF8023052EA030103D00A4925
:10BA00002046FBF7E6FFBDF804201AB1074920469F
:10BA1000FBF7D6FF284604B070BD00BF1CD0020063
:10BA200084D0020034D802007ED80200BDD80200C3
:10BA300013B5034680880C46A0B91A88242A75D00D
:10BA400012D8112A51D0232A7DD0102A3AD0A37AB5
:10BA500043B1E1880020FFF7A7FF002879D14FF418
:10BA60008073638102B010BD3A2A47D0552AEED1C7
:10BA7000DB88C988A072172B38BF17238B4228BFD9
:10BA80000B462381FFF792FF60B1FDF7C9FB394BED
:10BA90003949024639481B1ADB081B0443F00100F0
:10BAA000FBF78EFFE37A002BD1D12369002BCED098
:10BAB00040F6772200922289ADF80420694620469C
:10BAC0009847C4E7DB7B09792173012B08D0022B4F
:10BAD00009D0637B8B42BAD20020FFF769FFB6E73B
:10BAE0002388E380F5E76388FBE7F723CB80172300
:10BAF0000B8141F6FB3348818B81A8E75B89CA88BB
:10BB0000934228BF1346172B0A6938BF17230B81AE
:10BB10004AB1C97A39B140F677210091ADF80430C5
:10BB20006946204690470023638190E71A7A0B69A3
:10BB30004A73002B8BD04DF67A218DF805000091C9
:10BB40008DF80420BAE7197A237B994228BF194659
:10BB5000C3E7112886D0FDF763FB064B0849024670
:10BB600006481B1ADB081B0443F00100FBF728FF03
:10BB700078E700BF84D0020013D902001CD0020075
:10BB800042D90200B0DF704766DF704710B5002170
:10BB900004464088FFF7F8FF034608B9237210BD3A
:10BBA000112801D10123F9E76368BDE81040184767
:10BBB00028B10378DE2B04D14180002070470E208D
:10BBC000704708207047F0B5054685B00C46F1B1C6
:10BBD000E8B10B78DE2B1AD182884B889A4204D1C7
:10BBE0000B7A13B10846FFF7D1FF2B88112B32D007
:10BBF000512B0ED0012B0AD12B7A012B07D1A9880A
:10BC00006288914203D123722046FFF7BFFF05B03F
:10BC1000F0BDAE886388B342F9D1AF79022FF6D177
:10BC2000AD7B2B1F022BF2D800211022684600F0BA
:10BC30000AFE052D14BF4FF4C07300236946304639
:10BC40008DF80070ADF80430FFF79CFF0028DED0BF
:10BC500063689847DBE76388AA889A4204BF4FF677
:10BC6000FF736380D3E7ADDF7047AEDF704770B519
:10BC700005468AB00C46002962D0002860D00388AF
:10BC8000502B37D0572B72D0102B59D18188606937
:10BC9000002601AA0196FFF75AFE082231460DEB55
:10BCA000020000F0D0FD02232189A888CDF80CD035
:10BCB00002AA0293FFF7D7FF002841D1A369002B06
:10BCC0003ED00398FFF76AFE002839D0019B0BB1E4
:10BCD00001221A701822002104A800F0B4FD0223EA
:10BCE0008DF81030AB88ADF81830019B05940793A0
:10BCF000A36923E08188606902AAFFF728FE182261
:10BD0000002104A800F09FFDAB882189ADF8183010
:10BD1000EB88029A05949942079218D12E8A022E36
:10BD200015D16AB105F11200FFF738FE029B48B148
:10BD300001221A708DF81060A3690BB104A898470E
:10BD40000AB070BD187003238DF81030F4E7A28993
:10BD50009A42F5D1A369002BF2D000228DF8102071
:10BD600005F1120208922A8AADF82420E6E78188BC
:10BD7000606902AAFFF7EBFD01460028E0D1029BB3
:10BD80001B78002BDCD0A369002BD9D0182204A883
:10BD900000F059FD01238DF81030AB88ADF8183054
:10BDA0000594029BA3E7F0B50F4687B016461C46E4
:10BDB000054618B3406901AA1946FFF7C8FDD8B96E
:10BDC0004FF6FF739C421BD0019BCBB11B78CBB1CC
:10BDD0003388F42B18D80146102202A800F033FD56
:10BDE000AB88ADF8083002A901232046CDE90467ED
:10BDF0008DF80A30FFF739FF07B0F0BD0E20FBE7E2
:10BE00000520F9E70820F7E70720F5E7014B187848
:10BE1000704700BFCCAA022007B508496846FDF765
:10BE2000A4F9019B13B903B05DF804FBD3E900202A
:10BE300090476846FDF7A3F9F3E700BF90D90200E9
:10BE4000FFF7EABF61DF704730B5114DADF5017DF9
:10BE50004FF4FA740DF1020103A8ADF80240FFF7A8
:10BE6000F1FF70B9294601A8FDF77FF9029B002B6D
:10BE7000F0D003A8D3E90021904701A8FDF77FF98E
:10BE8000F4E7052801D0FCF771F80DF5017D30BD10
:10BE9000A8D90200024B1B780BB1FFF7D5BF704742
:10BEA000CDAA02204BDF70471FB50D4C01A8FFF74C
:10BEB000F9FF70B9214602A8FDF757F9039B002B43
:10BEC000F4D00198D3E90021904702A8FDF757F973
:10BED000F4E7052801D0FCF749F804B010BD00BF15
:10BEE000C0D902001FB500F091F94FF48041002045
:10BEF000FBF7CAFB08B1FCF739F8FBF705FB00F0CC
:10BF00007BF90DF1070000F0A7F9FDF70FF908B173
:10BF1000FCF72CF800F0BCF900F004FA00F0F4F99A
:10BF2000154A1648D368164C43F08073D36000F06E
:10BF30001BFC00230293012603934FF0A043D3F888
:10BF40001025110512D5039A012AF8D10025656044
:10BF5000236843F00103236000F0B8FA636802939A
:10BF600003950299074800F0FFFBE6E70396D3F834
:10BF700010251205FBD5E6E7F0ED00E0CCD9020074
:10BF8000001000E0E5D9020076DF70477FDF7047E0
:10BF90008FDF7047B1DF704733DF70470388212B95
:10BFA00013B504463DD007D8112B2BD0132B40D00E
:10BFB000102B0CD002B010BD522B42D0562B01D00A
:10BFC0003B2BF7D1A0881321FFF7DEFF15E0214BB3
:10BFD00021482249C01AC008000440F00300FBF7C2
:10BFE000EBFC0720FEF7C0FF08B1FBF7BFFF1C4BBF
:10BFF000A1881C481980FFF7DBFD0028DAD0FBF789
:10C00000B5FFD7E7134B14481749C01AC0080004FE
:10C0100040F00300FBF7D0FC114B4FF6FF721A8083
:10C02000C8E7002301A98088ADF80430FFF7B0FF0E
:10C03000E3E70B4800231A4685210088FFF7A6FF97
:10C04000DBE7074800231A4619460088FFF7A2FFDE
:10C05000D3E700BF1CD002005CD00200F7D9020079
:10C06000B62B0020A4B4022001DA020008B500209B
:10C07000FEF77AFF08B1FBF779FFFFF757F808B131
:10C08000FBF774FFFFF788FF18B1BDE80840FBF726
:10C090006DBF08BD072808B513D00A280DD00428A5
:10C0A00019D10D4B13211888FFF76EFF30F00803EC
:10C0B00011D0BDE80840FBF759BFBDE80840FFF7C5
:10C0C000D5BF054B1A884FF6FF739A4203D1034838
:10C0D000FFF7ADFAEAE708BDB62B002024B0022036
:10C0E000F7B50378012B33D0022B31D073BB1A4C38
:10C0F0001A4D20782844FCF793FA23780133DBB2F9
:10C100001D44237015F8012C0A2A05D00D2A03D0EE
:10C11000134A12889A4219D8012B15D9114D0F4E86
:10C12000114F2378ADF806300DF106022B88314609
:10C130003846FFF738FE082806D01328F1D0052826
:10C1400002D008B1FBF712FF0023237003B0F0BD4B
:10C150004068FBF70BFFF9E71CB0022028AF022074
:10C16000B42B0020B62B0020B82B002010B503788C
:10C1700094B00446002B34D140680621FEF788FCB9
:10C1800008B1FBF7F3FE61684FF49670B1F9023025
:10C19000B1F900200490B1F90A000390B1F9080048
:10C1A0000290B1F906000190B1F90410009107A8BE
:10C1B0000D4900F0F9FA0D4BADF81A001B880C4838
:10C1C0000DF11A0207A9FFF7EEFD0528034604D07A
:10C1D00033F0080301D0FBF7C9FE064A13680133A8
:10C1E000136014B010BD00BF0EDA0200B62B0020A1
:10C1F000B82B002020B0022008B5FBF7CBFF18B108
:10C20000BDE80840FBF7B2BE08BD000030B50E4DDA
:10C210000FCD8BB004AC0FC495E803000B4B0C4A58
:10C2200000934FF4807384E80300CDE90223019367
:10C23000084A0723694604A8FCF79AF908B1FBF7F6
:10C2400095FE0BB030BD00BF30DA0200B0B4022062
:10C25000B0B50220E1C0020013B504460B4903202B
:10C26000FEF78EFE08B1FBF781FE0DF107010020FD
:10C27000FEF76CFF08B1FBF779FE9DF807309A1EB8
:10C2800053425341237002B010BD00BF95C002005D
:10C2900013B5FEF7BDFC044620B1FBF767FE204650
:10C2A000FBF764FE134B1448D3F810250021D2B2DB
:10C2B00020FA02F2009101231048FEF750FA0F48CD
:10C2C000FEF726FAFEF7D6FB04460D48FEF734FCCF
:10C2D00008B1FBF74BFE0A4B0A4918782246FEF7D5
:10C2E0005FFC20B102B0BDE81040FBF73FBE02B0DA
:10C2F00010BD00BF00A0014000350C0084DA020030
:10C30000A0B4022040A1014008B5054B1878FEF703
:10C3100067FC18B1BDE80840FBF728BE08BD00BFA8
:10C32000A0B4022030B5424B95B01C46186801906D
:10C3300054F8040F022261688DF804201D4602AAF9
:10C3400003C255F80D0F217A1170696805AC03C45A
:10C35000297A21701D4608AC55F8160F696803C488
:10C36000297A21701D460BAC55F81F0F696803C46C
:10C37000297A21701D464FF48172ADF80A20ADF87C
:10C380001620ADF82220ADF82E2055F8280F696848
:10C390000EAC03C453F8310F297A217059681B7A07
:10C3A000ADF83A2011AC03C42249237001A8ADF8BE
:10C3B0004620FEF7CFFA08B1FBF7D8FD02A900200E
:10C3C000FEF710FB08B1FBF7D1FD05A90120FEF730
:10C3D00009FB08B1FBF7CAFD08A90220FEF702FB22
:10C3E00008B1FBF7C3FD0BA90320FEF7FBFA08B168
:10C3F000FBF7BCFD0EA90420FEF7F4FA08B1FBF729
:10C40000B5FD11A90520FEF7EDFA08B1FBF7AEFD69
:10C4100009480621FEF73CFB08B1FBF7A7FD0748DA
:10C420000621FEF735FB08B1FBF7A0FD15B030BDC6
:10C4300048DA02006DC1020058B4022064B4022040
:10C440002DE9F04FBDF824B0BDF828C00F461E46B8
:10C45000002147F6FF788E4201DCBDE8F08F0B9B90
:10C4600033F9113001FB02F54FEA410903FA0BF3EE
:10C4700007EB45050024A2420DDC0B4C43FA0CF3FC
:10C48000A342B8BF234643450C9CA8BF434624F8AB
:10C4900009300131DFE730F814E035F902AB01343F
:10C4A0001EFB0A33E7E700BF0080FFFF002310B543
:10C4B0001C469AB2914200D810BD30F91320002AD0
:10C4C000B8BF20F813400133F3E70000F0B51D4872
:10C4D0001D4D1E4C1E4E1F4F87B000F045F91E4BE0
:10C4E000029314220723CDE900321C491C4804940E
:10C4F00064234FF444720395FFF7A2FF642128469A
:10C50000FFF7D4FF174800F02FF9174B049402935C
:10C510000F210223154C0394CDE90031284614491C
:10C520000A236422FFF78CFF002536F9022B34F929
:10C53000021B3846013500F017F90A2DF5D107B076
:10C54000F0BD00BF8CDA020050C10220B0B602205C
:10C55000289F0220B0DA0200DC2B0020A42C00204F
:10C5600008990220A3DA02002491022030BB0220A5
:10C570003891022053EA020C61D02DE9F04BB3FA56
:10C5800083F51E0007BFB2FA82F502FA05F403FA3A
:10C5900005F41646C5F120051EBF22FA05F73C43F7
:10C5A000203556EA044C4FEA144418BF0134A34620
:10C5B0004FF00009C846904271EB030C39D3094291
:10C5C00007BFB0FA80F700FA07F6B1FA81F701FA6F
:10C5D00007F6C7F120071EBF20FA07FC46EA0C0643
:10C5E0002037B6FBFBFC7F1B103F07F01F04C4F194
:10C5F00020060CFA04F42CFA06F644BF3446002652
:10C60000202FA4BF2646002454EA060C08BF0124AC
:10C6100018EB040849EB0609A4FB027CC01B06FBCF
:10C6200002CC04FB03CC71EB0C01904271EB030CC8
:10C63000C5D20B46024649464046BDE8F08BB2FBE8
:10C64000F3F200007F2805D8034B185C034B5B5CBA
:10C650001840704700207047C8DA020048DB02002B
:10C66000A0F16103192B98BF20387047A0F1410356
:10C67000192B98BF203070477F2805D8034B185CD2
:10C68000034B5B5C1840704700207047C8DA02001B
:10C6900048DB0200A0F16103192B98BF20387047D6
:10C6A000A0F14103192B98BF203070477F299ABF12
:10C6B000017001206FF02E0070475AB10A787F2A6E
:10C6C0000AD800B10260002119605960501A18BFE1
:10C6D00001207047002070476FF02E00704738B57A
:10C6E00004460846A26842B1236861685D1C8D4219
:10C6F00008BF00208B4208D2D054E3682BB12168D8
:10C700006268914201D22146984723680133236031
:10C7100038BD70B54C1E09D41646C5B22946304600
:10C72000FFF7DDFF013CB4F1FF3FF7D170BD10F022
:10C73000100F08D108B510F4007F14BF302020205E
:10C74000FFF7E7FF08BD704708B5034B5B689B68C0
:10C750001B68984708BD00BF3C9F022008B509210F
:10C76000FFF7F2FF08BD00000FB410B586B008ABAC
:10C7700053F8044B0593002303936FF00043029397
:10C78000084B049300F0FEFB059A214601A800F037
:10C79000DFF8044600F0F7FB204606B0BDE8104085
:10C7A00004B07047359202000EB400B586B007AAF7
:10C7B00052F8041B05920390002304936FF000438A
:10C7C000029301A800F0C4F806B05DF804EB03B0D2
:10C7D0007047037853B159B10144034613F8012F50
:10C7E00012B18B42FAD10B46181A70470346FBE789
:10C7F0000346F9E7844640EA010313F0030F18D11A
:10C800008446202A0BD32DE9F007B1E8F807A0E809
:10C81000F807A2F12002202AF7D2BDE8F007042A87
:10C8200007D351F8043B40F8043BA2F10402042A68
:10C83000F7D2002A05D011F8013B00F8013B013A7C
:10C84000F9D1604670478446002A2DD010F0030FBE
:10C8500004D000F8011B013A26D0F7E7C9B241EA3B
:10C86000012141EA0141202A12D3A2F120022DE93F
:10C87000F0030B460C460D460E460F468846894689
:10C88000A0E8FA03203AFBD2BDE8F00320320BD037
:10C89000042A05D340F8041B043A05D0042AF9D22F
:10C8A00000F8011B013AFBD160467047024610F0C8
:10C8B000030F16D111F0030F13D12DE9F0004FF043
:10C8C00001374FF0803351F8044BA4EB070525EAFC
:10C8D00004051D4002D142F8044BF4E7A1F1040124
:10C8E000F0BC11F8013B02F8013B002BF9D1704775
:10C8F00000F1010110F0030F11D010F8012B002AF4
:10C9000023D010F0030F0AD010F8012B002A1CD0FE
:10C9100010F0030F03D010F8012B002A15D02DE9D9
:10C9200070004FF001324FF0803350F8044BA4EB0D
:10C93000020525EA04051D4000D1F6E7A0F1040038
:10C9400070BC10F8012B002AFBD1A0EB010070474E
:10C950002DE9F04F89B007460392002303600C468F
:10C9600014F8011B002900F0FA82DFF814B5E9E29F
:10C97000002507E05E2868D145F4805501E045F0C8
:10C9800040051C46234613F8010B3028F2D81F2817
:10C9900037D9A0F12002102A33D801A151F822F092
:10C9A0007FC9020003CA020003CA0200E5C90200EF
:10C9B00003CA020003CA020003CA0200EBC9020054
:10C9C00003CA020003CA020003CA0200F1C902003E
:10C9D00003CA0200F7C9020003CA020003CA020028
:10C9E000FDC9020045F08005CBE745F40045C8E7E6
:10C9F00045F02005C5E745F01005C2E745F4007590
:10CA0000BFE72A2821D1039A111D0391D2F800A073
:10CA1000BAF1000FBCBFCAF1000A45F01005187842
:10CA2000A31C2AEAEA7A2E2826D00021742847D0AF
:10CA30007A2845D06C2800F0A8804C2800F0AB8004
:10CA4000682800F0B8801C463DE0A0F13002D2B268
:10CA5000092A88BF4FF0000AE3D84FF0000A0AEB1A
:10CA60008A0A303800EB4A0A13F8010BA0F13002B1
:10CA7000D2B2092AF3D9D4E718782A280AD1039A1E
:10CA8000111D03911168587802330029CEDB45F45B
:10CA90008075CBE70133A0F13002D2B2092A88BFFA
:10CAA0000021F4D8002101EB8101303800EB410175
:10CAB00013F8010BA0F13002D2B2092AF3D9E4E74E
:10CAC0001C4614F8010B002800F05582A0F1250344
:10CAD000DBB2532B62D8A0F12503532B5ED8DFE8DD
:10CAE00013F076005D005D005D005D005D005D009F
:10CAF0005D005D005D005D005D005D005D005D004E
:10CB00005D005D005D005D005D005D005D005D003D
:10CB10005D005D005D005D005D005D005D005D002D
:10CB20005D005D005D005D005D005D005D005D001D
:10CB30005D005D005D005D005D005D005D005D000D
:10CB40005D005D005D005D00EB005D005D005D006F
:10CB50005D005D005D005D005D005D005D007B00CF
:10CB600020015D005D005D005D0020015D005D0055
:10CB70005D005D0095000E01D1005D005D00A60026
:10CB80005D0019015D005D00ED001C4614F8010B0D
:10CB900045F0010597E745F001051C46B44B1E68BA
:10CBA000002E00F0CC8103AB0193009153462A463E
:10CBB0003946B047C3E11878682803D05C1C45F0BB
:10CBC000040580E745F008059C1C58787BE7252183
:10CBD0003846FFF784FDB2E1039B1A1D03921E78CD
:10CBE0000AF1FF3A3A4651462846FFF7A0FD314682
:10CBF0003846FFF774FDA94619F0100F00F09F8129
:10CC00003A4651462020FFF784FD98E115F0080FC1
:10CC100006D03A68039B191D03911B681A708EE1B8
:10CC2000039B1A1D03921B683A681A6087E1039BF5
:10CC30001A1D0392D3F800808E4BB8F1000F08BF85
:10CC40009846464625F4007915F4807F15D0404675
:10CC5000FFF7BFFD0546AAEB050A3A46514648468E
:10CC6000FFF765FD002DC7D0454416F8011B384677
:10CC7000FFF735FDB542F8D1BEE74046FFF738FE75
:10CC80000546E8E7039B1A1D03921B6815F0800F09
:10CC90000CBF0026232645F4807508211A46002B78
:10CCA00000F0298105AB4FF0000805F4005CA646B2
:10CCB00060468C460146D1E045F4005515F0800FE2
:10CCC0001BD043F2780643F25803782818BF1E465B
:10CCD00015F4807F01D025F4007515F4804F32D013
:10CCE000039B1A1D03921B6815F0040F1FD01BB283
:10CCF000002B20DA5B422D262DE00026E8E715F018
:10CD0000800F0CBF0026302615F4807FE5D025F477
:10CD10000075E2E715F4807F07D025F40075002642
:10CD2000DBE745F480450026D7E70026D5E715F078
:10CD3000080FDDD0DBB215F0200F60D115F0400FE9
:10CD400018BF202607E0039B1A1D03921B6815F0ED
:10CD5000040F4FD09BB215F4807F14BF25F40075EB
:10CD600001215838202800F2AE8001A252F820F0AC
:10CD70009DCC0200C7CE0200C7CE0200C7CE020083
:10CD8000C7CE0200C7CE0200C7CE0200C7CE020047
:10CD9000C7CE0200C7CE0200C7CE0200C7CE020037
:10CDA0002BCE0200C7CE0200C7CE0200C7CE0200C3
:10CDB000C7CE02002BCE0200C7CE0200C7CE0200B3
:10CDC000C7CE0200C7CE0200C7CE020003CE0200CB
:10CDD0009DCC0200C7CE0200C7CE0200C7CE020023
:10CDE000C7CE02002BCE0200C7CE0200C7CE020083
:10CDF0009DCC020015F0080FADD0DBB2ABE72B26BF
:10CE0000A9E71A464FF00008002B5ED005A84FF0A6
:10CE1000000803F00703303300F8013B08F1010874
:10CE2000D2081346002AF4D14FE018464FF000080C
:10CE3000002B4AD04FF0000805F4004E4FF02C09AB
:10CE400073468E4619462FE002F00F000A4C205C14
:10CE500003F8010B08F10108120906D00029F3D0EC
:10CE600002F00F00054C205CF2E7744661462CE0AE
:10CE700070C702201CDD0200FCDC02000CDD020099
:10CE8000CDCCCCCC08AB03EB080CABFB0032D2080A
:10CE900002EB8203A0EB430330330CF80C3C08F1A7
:10CEA000010809280DD910460029EBD008F003032A
:10CEB000032BE7D108AB434403F80C9C08F10108AD
:10CEC000E0E7714601E04FF00008A1EB080121EA1C
:10CED000E179AAEB090AAAEB080AFF2E0ED9AAF1FA
:10CEE000020AC6F307213846FFF7F9FBF1B23846CC
:10CEF000FFF7F5FB04E04FF00008E6E7002E3DD118
:10CF00003A4651462846FFF712FC3A464946302039
:10CF1000FFF7FFFBB8F1000F0EDD0DF1140908F16A
:10CF2000FF38C84498F8001046463846FFF7D7FB4C
:10CF3000C14508F1FF38F5D115F0100F09D114F8EB
:10CF4000011B61B125293FF413AD3846FFF7C7FB3C
:10CF5000F5E73A4651462020FFF7DBFBEFE7BB68D9
:10CF60002BB13A6879688A423CBF002199543868ED
:10CF700009B0BDE8F08F4FF0FF30F9E70AF1FF3A52
:08CF8000B4E700BF70477047E1
:08CF88003996020000000000D0
:10CF900025B8020000000000ADB002000000000053
:10CFA0000DB7020000000000C5B50200D0AA0220A3
:10CFB00031BA020004AF0220C5B5020024B002203D
:10CFC00031BA020088B40220C7BB02001CAF0220A5
:10CFD0006FBC0200902B0020C7BB0200A4B402204B
:10CFE0006FBC0200B82B00209DBF020000000000B3
:08CFF000D596020000000000CC
:10CFF80095BE020000000000A9BE0200000000006B
:10D00800949F02205CA0022064A002209C9F022022
:04D0180018000000FC
:10D01C00C6D7020000000000CCD7020000000000C0
:10D02C00EED7020000000000D3D702000000000081
:10D03C00E8D7020000000000E2D702000000000068
:10D04C00D7D7020000000000DCD70200000000006F
:10D05C0005D1020000000303DCD102000000000037
:10D06C0005D202000000000080D902000000000080
:10D07C00C0D702000000000073D9020000000303B7
:10D08C0088D90200000003039CD9020000000303AE
:10D09C00B4D902000000030396D202000000000085
:08D0AC00ACD2020000000000FC
:10D0B400D8D0020000000000E4D00200E82A0020DA
:10D0C4000000000000000000000000000338FDD84C
:10D0D40070470000D573020041740200D17302004E
:10D0E4007274745F6C6F675F6261636B656E64001A
:10D0F4004261636B656E647320666C757368656406
:10D10400006170700000000084A402207F00000011
:10D1140004A502201B5B306D002573001B5B313BB3
:10D1240033316D0025734C6F67732064726F7070B8
:10D134006564202825642925730D0A003C25733E67
:10D144002025733A2000202530327800202020004A
:10D154007C002563001B5B313B33306D001B5B316E
:10D164003B33326D001B5B313B33336D001B5B3152
:10D174003B33346D001B5B313B33356D001B5B313E
:10D184003B33366D001B5B313B33376D0077617287
:10D194006E696E6700696E666F006465627567002C
:10D1A40018D1020059D1020020D1020061D102003D
:10D1B40069D1020071D1020079D1020081D102004B
:10D1C40089D1020000000000F2D1020091D10200D6
:10D1D40099D102009ED102006170705F627574740F
:10D1E4006F6E0000F02A0020466174616C20657245
:10D1F400726F720053797374656D20726573657410
:10D20400006170705F74696D657200000100060052
:10D214000000000054A502205D800200FFFFFFFF14
:10D22400FFFFFFFFFFFFFFFFFFFFFFFF0000000006
:10D23400000000000000D601060100005254432003
:10D24400696E7374616E636520616C726561647983
:10D2540020696E697469616C697A65642E00525440
:10D26400433A20696E697469616C697A65642E0059
:10D274000000000000000000000000000338FDD89A
:10D2840070473031323334353637383941424344CC
:10D2940045467077725F6D676D740000F0CF0200D1
:10D2A400F0CF020004000000736F72746C69737431
:10D2B400004E52465F53554343455353004E524626
:10D2C4005F4552524F525F5356435F48414E444C60
:10D2D40045525F4D495353494E47004E52465F45B0
:10D2E40052524F525F534F46544445564943455F4B
:10D2F4004E4F545F454E41424C4544004E52465FAA
:10D304004552524F525F494E5445524E414C004E85
:10D3140052465F4552524F525F4E4F5F4D454D004E
:10D324004E52465F4552524F525F4E4F545F464FE6
:10D33400554E44004E52465F4552524F525F4E4F37
:10D34400545F535550504F52544544004E52465F1B
:10D354004552524F525F494E56414C49445F5041E9
:10D3640052414D004E52465F4552524F525F494E14
:10D3740056414C49445F5354415445004E52465F14
:10D384004552524F525F494E56414C49445F4C45B9
:10D394004E475448004E52465F4552524F525F49E1
:10D3A4004E56414C49445F464C414753004E524609
:10D3B4005F4552524F525F494E56414C49445F4477
:10D3C400415441004E52465F4552524F525F4441D0
:10D3D40054415F53495A45004E52465F4552524F9D
:10D3E400525F54494D454F5554004E52465F455285
:10D3F400524F525F4E554C4C004E52465F4552526E
:10D404004F525F464F5242494444454E004E5246A5
:10D414005F4552524F525F494E56414C49445F4119
:10D42400444452004E52465F4552524F525F425559
:10D434005359004E52465F4552524F525F434F4E2E
:10D444004E5F434F554E54004E52465F4552524F25
:10D45400525F5245534F5552434553004E52465F17
:10D464004552524F525F4D4F44554C455F4E4F54B9
:10D474005F494E495449414C495A4544004E52462D
:10D484005F4552524F525F4D555445585F494E497E
:10D49400545F4641494C4544004E52465F45525202
:10D4A4004F525F4D555445585F4C4F434B5F464177
:10D4B400494C4544004E52465F4552524F525F4DCF
:10D4C400555445585F554E4C4F434B5F4641494C6C
:10D4D4004544004E52465F4552524F525F4D55549B
:10D4E40045585F434F4E445F494E49545F46414956
:10D4F4004C4544004E52465F4552524F525F4D4F89
:10D5040044554C455F414C52454144595F494E494D
:10D514005449414C495A4544004E52465F45525283
:10D524004F525F53544F524147455F46554C4C0050
:10D534004E52465F4552524F525F4150495F4E4FE3
:10D54400545F494D504C454D454E544544004E5250
:10D55400465F4552524F525F464541545552455FCE
:10D564004E4F545F454E41424C4544004E52465F37
:10D574004552524F525F494F5F50454E44494E47C2
:10D58400004E52465F4552524F525F4452565F54CA
:10D5940057495F4552525F4F56455252554E004EC1
:10D5A40052465F4552524F525F4452565F54574958
:10D5B4005F4552525F414E41434B004E52465F45D8
:10D5C40052524F525F4452565F5457495F4552522C
:10D5D4005F444E41434B004E52465F4552524F52B8
:10D5E4005F424C455F495053505F52585F504B5413
:10D5F4005F5452554E4341544544004E52465F4594
:10D6040052524F525F424C455F495053505F43481A
:10D61400414E4E454C5F414C52454144595F45583B
:10D6240049535453004E52465F4552524F525F4243
:10D634004C455F495053505F4C494E4B5F444953EE
:10D64400434F4E4E4543544544004E52465F455267
:10D65400524F525F424C455F495053505F504545CD
:10D66400525F52454A454354454400556E6B6E6FB4
:10D67400776E206572726F7220636F6465000000BC
:10D6840000000000B5D2020001000000C1D2020077
:10D6940002000000DFD202000300000000D30200F9
:10D6A4000400000013D302000500000024D302008C
:10D6B4000600000038D302000700000050D3020027
:10D6C4000800000068D302000900000080D30200B3
:10D6D4000A00000099D302000B000000B1D302003D
:10D6E4000C000000C8D302000D000000DCD30200CF
:10D6F4000E000000EED302000F000000FDD3020074
:10D704001000000011D402001100000028D402000F
:10D714001200000037D40200130000004CD40200B1
:10D724008000000060D402008100000081D4020067
:10D73400820000009DD4020083000000B9D40200DE
:10D7440084000000D7D4020085000000F8D4020051
:10D75400860000001DD502009000000034D50200B0
:10D764009100000052D502009200000070D5020022
:10D774000082000085D5020001820000A3D50200CA
:10D7840002820000BFD5020000840000DBD5020045
:10D7940001840000FFD502000284000029D60200A3
:10D7A400038400004ED602000000000001010100C5
:10D7B400000000000B0C18190D0E0F10636C6F6342
:10D7C4006B00434C4F434B004750494F5445005066
:10D7D4005253005541525400554152544500544946
:10D7E4004D4552005341414443005050490000000C
:10D7F4000B0003002DAC02000C0003002DAC020052
:10D80400180003002DAC0200190003002DAC020027
:10D81400302B0020502B0020702B00205465726D9B
:10D82400696E616C00525454005345474745520099
:10D8340073645F626C655F6761705F646174615F8C
:10D844006C656E6774685F757064617465282920FF
:10D85400287265717565737429206F6E20636F6E0D
:10D864006E656374696F6E203078257820726574F4
:10D8740075726E65642025732E0054686520726588
:10D88400717565737465642054582F525820706103
:10D89400636B6574206C656E6774682069732074AB
:10D8A4006F6F206C6F6E672062792025752F257548
:10D8B400206F63746574732E0054686520726571FB
:10D8C40075657374656420636F6D62696E617469F4
:10D8D4006F6E206F6620545820616E642052582069
:10D8E4007061636B6574206C656E6774687320691E
:10D8F4007320746F6F206C6F6E67206279202575BA
:10D90400206D6963726F7365636F6E64732E007349
:10D91400645F626C655F67617474735F6578636884
:10D92400616E67655F6D74755F7265706C792829C7
:10D934002072657475726E65642025732E0073649D
:10D944005F626C655F67617474635F657863686167
:10D954006E67655F6D74755F726571756573742844
:10D96400292072657475726E65642025732E006EAD
:10D9740072665F626C655F6761747400626C655F98
:10D984006E7573006E72665F73646800F8CF020090
:10D9940008D00200080000006E72665F7364685F5E
:10D9A400626C650090CF0200F0CF02000800000016
:10D9B4006E72665F7364685F736F630088CF020082
:10D9C40090CF0200080000000D0A4170706C69637A
:10D9D4006174696F6E20737461727465642E0D0ACC
:10D9E400004379636C6520636F756E743A3A2564FD
:10D9F4000A0D00436F6E6E65637465640044697359
:10DA0400636F6E6E656374656400443A2025642E0A
:10DA14002025642E2025642E2025642E2025642EA6
:10DA24002025642E2025642E00000000080000003C
:10DA340006000000050000000700000000000000D0
:10DA440000E0D70101000600000000000200000110
:10DA540000000000000200000200000000000200BC
:10DA640000050000000000020000060000000000A5
:10DA7400020000070000000000020000080000008F
:10DA840000A0014000060000706572666F726D6947
:10DA94006E6720696E666572656E63650D0A006661
:10DAA4006332206F75747075740D0A0025643A3AF8
:10DAB4003A25640D0A00000043000000504F53490A
:10DAC4005800000020202020202020202068282822
:10DAD4002828202020202020202020202020202032
:10DAE40020202020481010101010101010101010BA
:10DAF400101010108484848484848484848410109A
:10DB040010101010108181818181810101010101B6
:10DB140001010101010101010101010101010110E2
:10DB2400101010101082828282828202020202028B
:10DB340002020202020202020202020202020210B3
:10DB4400101010200007032004170201085710408A
:10DB540080000000BCDA0200C0DB0200D4DC02005A
:10DB640053756E004D6F6E00547565005765640003
:10DB74005468750046726900536174000000000027
:10DB84004A616E00466562004D6172004170720028
:10DB94004D6179004A756E004A756C0041756700E5
:10DBA400536570004F6374004E6F760044656300E4
:10DBB40000000000414D00504D000000F8DC020060
:10DBC400F4DC0200F4DC0200F4DC0200F4DC020009
:10DBD400F4DC0200F4DC0200F4DC0200F4DC0200F9
:10DBE400F4DC0200FFFFFFFFFFFFFFFFFFFFFFFF6B
:10DBF400FFFF000034DC020064DB020070DC020082
:10DC040084DB0200B8DB020018DC0200C8DC02007E
:10DC140024DC0200256D2F25642F257900000000E7
:10DC240025612025622025652025542025590000E2
:10DC340053756E646179004D6F6E6461790054753B
:10DC44006573646179005765646E65736461790016
:10DC5400546875727364617900467269646179000D
:10DC64005361747572646179000000004A616E75D5
:10DC7400617279004665627275617279004D6172F4
:10DC8400636800417072696C004D6179004A756E79
:10DC940065004A756C790041756775737400536546
:10DCA4007074656D626572004F63746F62657200B3
:10DCB4004E6F76656D62657200446563656D62657D
:10DCC4007200000025483A254D3A25530000000013
:10DCD40045C6020061C602006DC6020079C6020094
:10DCE40095C60200A1C60200ADC60200BBC6020072
:10DCF400000000002E000000303132333435363756
:10DD040038396162636465663031323334353637AD
:0FDD14003839414243444546286E756C6C2900EE
:10DD240000000000FF0000000000000000000000F0
:10DD3400FFFFFFFFFFFFFFFF0000000000000000E7
:10DD44000000000000000000001001401100040069
:10DD540000000000002000400000000000200040FF
:10DD6400000000000090D00300000000000000004C
:10DD7400FFFFFFFFFFFFFFFF0000000000000000A7
:10DD8400000000000000000000000000000000008F
:10DD9400FFFFFFFFFFFFFFFF000000000000000087
:10DDA400000000000000000000000000000000006F
:10DDB400FFFFFFFFFFFFFFFF000000000000000067
:10DDC400000000000000000000000000000000004F
:10DDD400000000000000000000000000AC2B002048
:10DDE4000000000018AF0220010004001400FFFF2F
:10DDF400000000000000000000000000000000001F
:10DE040000000000D42B0020000000009CB402207D
:10DE14000100040007014EFAF405DE0F0EFBC5F9FC
:10DE24001B0D8702A103B31BB10352FE4DFF0E0D60
:10DE340018046F04BB048D01EFFB8A0380F8861578
:10DE4400F00A580572019513D509450093FC86FE26
:10DE5400670151FC6EFF6B0E65FCF3095FFE230244
:10DE64007B0B75F7CB09A90C650DE80F66FFD9127A
:10DE7400560082F55C0A590431FD5D0643FE4B0FE2
:10DE8400380F4CFEE701B4FB71FB7E065A0550F6D1
:10DE9400DC040B013A04EEF9A612EB010F099E1003
:10DEA4009DFB89FD9A0CA60323FC820398F9AB031E
:10DEB4007F066FFA15FE58089DFCE8067FFC730682
:10DEC4004E08CFFDB9FC370CFDFEBB0615067AF2F1
:10DED40030FD390BE7F62AFB5BFECCFDEF088B0423
:10DEE400F8F90F00FC08D802D4FCEBFD3A00D8F98D
:10DEF40059F83B03730A84FA73FE4AFEDA0668FD96
:10DF0400A8060FFFA2025EFA15F94AFE72F8CEF5D2
:10DF1400ACF6840A8C093E04AF072C032103EE02FD
:10DF24007D0319FF65FCCB09290604F7E0F5840598
:10DF34001309D70468F89AF8BBFEEAFE9A01F003C5
:10DF4400890AF901CA0497051FF670F4F1FD9A09CC
:10DF5400940984FBAC0552F612099AF67306D604AA
:10DF6400FBFE82FC9B07C8FF3705CD044C0322034C
:10DF7400260299FF54FD6301AF017BFFB3F7E30869
:10DF8400EDFBFC09400AE3FA7A079AFCB5F7D509D8
:10DF94002204A40089FB4BFEFC0020F9EDF984F770
:10DFA400B803B4FFBB09E306BDF8A3F8E5FFCBF85B
:10DFB40013F862FD31F7F1FFEDF7C5FC4CF763038D
:10DFC4007EFA6202230835F874FE41FCFB072C0A32
:10DFD400CAF99D00FFF55C029E03BDF742037AFB7C
:10DFE40027076A013BFEBD0A0A0085F6FCF628FCF9
:10DFF400FCFF2200D80C5B043CFBA7F5B7F16CF6E0
:10E00400A309C3F94A12BA16BAF77900C6F392F90A
:10E01400A9F59DF236052B0C6E000B00FBEA5CF5AE
:10E02400E6FA82041B0E8D2864E8C9D82B09ACFFDC
:10E03400ED0B8D018516D21019FEE40035F73EFA7A
:10E044009DF2D8E7411835167600E2041BF6ADF7C9
:10E05400E7F6D407EF0DEA0DA3FC1A006CF9E8F318
:10E06400DB04C401C71A2E17CD04B3F902F69CF9D8
:10E07400440956FB7215C80081EF80ED78040F0344
:10E08400C0F77EFE43074203D2037E0AB9F6ADF51C
:10E094005A06E2060409070AFE025609F504630A51
:10E0A400CE0319049DF5C5F9BC006D0983F59CFEEA
:10E0B4008509F507A6064B00510815FFCCFFE105BD
:10E0C4002D0096FD1A0BE5026FFB44F3A7EDB1F6A4
:10E0D40013014AFF2913B314D7EFB7E94AEE360008
:10E0E400FD00D3FE9C0D7FF56BE6BFEFA7032FFE6B
:10E0F400CBE783F2B401CFFD3FEBE7E2B8E264F68D
:10E1040018E70A0E7F04A1F986E5D8E0FBF608F8C3
:10E114006612D405B20EA31598EB7DF68BFC3E0374
:10E1240021F302F6FF0DAE1060096D0DAC01FC0485
:10E13400140D5012261ECB1FDE02F304BBFE90EE1C
:10E1440081100203A50E140D16FB6E03BFEDC9F575
:10E154002BFD78EE7114C6199BF486F678009A08A4
:10E1640052EEDC031D01900786001EFFAF06C901B5
:10E1740001033C014904F3FC5F0243093303F8073C
:10E184007DFF410649FBD7FE29081F00E3F96BF721
:10E1940089015E0AC5F90E0958F9DA0AD3016F0834
:10E1A400E6012DF6EE03BFFD3BFAD9FC21010E0377
:10E1B4008CEBB8F7D803230D05EF4BEB3801BFF810
:10E1C4006CE7C3F4840583F575E59EE72FF5930F9B
:10E1D400C1F6EBE815015CFEE4D45CE67EF6AA0425
:10E1E4005AFEB90287FE650AA8F22AE48B10EA10E7
:10E1F400F8FB08F55C135E0F21EF29FD1D0446179B
:10E204007DFF630C3C0C7907F2FE5804A00D89FBDA
:10E214002C0D8BF3F6140E244B14590971FD2BFAB3
:10E224009604840A5619851F56111F002DFEEDEF22
:10E23400BFF14CE3120F9108B1FB71ED830C06039F
:10E2440023FA6D09F5051A07DFFCEF03470562FFA2
:10E2540053106D03A50D73F6B9FA4E053907D7F9B6
:10E26400E6F773FBC3FFF0F7F300660496065D065A
:10E27400A100DCFA9AEED9F73AFB8A0CADFC58FA05
:10E2840098EF4C0277001AF088F361F3DE021C0861
:10E2940058E995E9BAEC00FD93EA51F177FB6BFC80
:10E2A400A8E09ADDEDEFA1F7B4E83DE28D09680935
:10E2B400BAECF0090DFC4D01D6F840FE0503BAEFA7
:10E2C400DFF87D009B0046FA57E3A7F27FF33B019A
:10E2D4005105E0FFA2FDB50EEBF2FD04A5FB4A05D6
:10E2E400CAF3A4EEF718040E0AFC6001DC089E0BC6
:10E2F400B6F045E8A8139318850751075301D105D3
:10E3040044EB19E73C1D2016C400DC068203180DFB
:10E31400EFEF47FB3E116E12250E632311116409C2
:10E32400C0082009690C641C8218CB0BECF94D065B
:10E334008A060C0CEA090AF6B6FF55F2BAFDE9FCA6
:10E34400BDF5570660FD9F00DEF7E2F9D5068AFCAD
:10E3540017F944FE37028F00BEF96804370486F9C2
:10E3640029F106080DEF75F8A1E92AE678F625ECFF
:10E374007BF476FCBDF384FA27F582FFA4EC46F522
:10E3840037FE9D0248F87AFE32065F0617FC31120A
:10E394006307370B8907080815F4C7F7C20B6B032B
:10E3A400F303A105EFF10FFBFEF7BDFA7DFF1A00A1
:10E3B400CAF5C7F3ED05C80D9AE932EB43FE0EFD2D
:10E3C400B803D8FFF50E2825DDF390F8C5033DFF0B
:10E3D40026FC57079E1406209102B5F73F0DAEFFA9
:10E3E4004A06EFF86825031CB0029600BDFCDCFB6E
:10E3F40090F704FD2114661309120B0452FF48051B
:10E40400F10B6617601E300E551B570839066E084F
:10E414007A0D65FF6210B5FC9CFD930910084EF25D
:10E424007AFBEB0923FB5A0721FC55039A1014FECF
:10E43400840EDA003DFB4DE33316630672FEAFE94A
:10E4440002FB11FF0EFD60F59CF484FA7DFBEC0ADF
:10E45400DEF92EFBF300AFFEAAF2ACFA91069D0F93
:10E46400BD00C808BB065BF7F0FECC0B9D0279012A
:10E474009F031CFA84FE45F9A3FC69038704E802A0
:10E48400270AC00CC300B0013BED43FB2E04CA04B1
:10E494008F1AF414CF0EF31BB60268F26708211327
:10E4A400DE1336121820211CF6F382F20B0A300216
:10E4B400FC271925C225581FAAF4E4FB5901FEFBC9
:10E4C4008A278D24E929FD166CFF5F0FE6F437F2E5
:10E4D400030D8D1A3317CF0FBA0331F5EAF0150C7B
:10E4E400081B541EA41A621D7C0A1B0C120265FE32
:10E4F400BF074CF2701D7AF7DD047A0A240557F43D
:10E50400F0F9DCFCE10467F0900597FCD9FEB0F665
:10E514000EF835F747FAEBDE8B0EF6F5FDFE6B0FC2
:10E52400A9EF6AF2DAEFE2F507F3B9F9D6FE0E00C5
:10E53400D0F92DFC33F3A2FD4C0A1DFADD0A920337
:10E54400BBF92604A6FF640422010E0E4208CA0683
:10E55400B7FA63F2E40401046602ACFE69F9390512
:10E564003B12FD0A38020606890865FD92FACC09B9
:10E574002B271D23DC14C0099301290648FC57FEF0
:10E584007D2D00201510EF12ECFC3F0D1A02E5FD65
:10E59400682D21246F1A2115D80BB5FC010579F6D5
:10E5A400DC2D661B6D0C6401D31388010B03A4F3EB
:10E5B400D40E7903CBFE78EF56F71DEE3A01070728
:10E5C4002EFA68054DEDD6F89B07B5F9A7F970FB4F
:10E5D4006D0B41105C194CFF22FD960C08FD63F293
:10E5E400960125074103E20A6408A803E90E38FAF4
:10E5F400C6F88D042F0528F87EF580FCD6FD93041B
:10E6040067F620F9E6DFEEF4B0F8A7037809110104
:10E614006EFDE2F6E000DEF8CEFE0604A507CB04AC
:10E62400E4EF2BF74E03F1FDE4026B0AA0FA5FFB63
:10E6340005F6FE05C7F8D3057C0CD4059CFE410500
:10E64400D40D8109A1FEFDF9210BCEFB940A53F8E8
:10E6540072183E1711F6DEF0FD03500F56F894FBC6
:10E664009A2B2F2104F7CBE967054704FAF507F73E
:10E674003F14221AA9DF56DE4B0C69024CFF37FD0A
:10E68400840C1E0672EF13E42B06210659FD44FD8B
:10E694003207F9EE30CF80DB66058CF794F9C318A6
:10E6A400F0F5C8FEBEDC43ECBD068AFFC10AC7060E
:10E6B400600A1C0D7305B3FC58F75B0E2BF68CF245
:10E6C400C1F7C1FCD3076AFFF3F814FC2C0C5906FC
:10E6D400C50B41072CF96EE9590151F67DFF350D43
:10E6E400D8F2E1F1300422F68F0BC5F7C6040F050A
:10E6F400B2FF32E155F8B703A900E3029400E6FB48
:10E7040050F43204DA07BE02CE0D8C0D6BFD8AF98B
:10E71400E90308FEF0FF77F95A0CE514E200CCFC9B
:10E72400FEFE0001F602A7EB460AF507D7066BF7D3
:10E734005AFE49F9BADD63CF680220FF15FFAEF136
:10E74400D7FCDBFB27B29BA670FE9B0864F8A2FEF5
:10E754002CF4C2F874A3EF9A43FF3AFC2FF9A301F7
:10E7640070EEFAFF23B10BAC9703F0F5460DAA0D3A
:10E774007707FFF4F0B64FC141F623FACEF1D60580
:10E7840046EF6AEDD6DA4CF1B1F422FE6AFA86FA63
:10E79400F1E857FF38006A001DF2FC1326FEE8F288
:10E7A40039F68005550AC906D4FF2FFBECFE440D4B
:10E7B4001107BB05F9F4D5FDADF3150393FBBD01BA
:10E7C400C1E7BB0E8805CD053006AEFCBD1246037D
:10E7D40066EED0F30FFFDD0372039407B2FB6F0301
:10E7E400DC0587FF4E0AAE0298FC9C07E2F24EF964
:10E7F400C4EF3BF873F4B404A7097D0DA5FC59E3F9
:10E80400CBEB2CF7BEFAEFF39B14CE054DEBB2F332
:10E814003CE3E5D7A6E10CD6EEF7EFF23AF1FDFFC3
:10E82400CAE0F6DBC7C208C4C4EAAFF61DF8F1FFBC
:10E8340060EB1FE528C66DBB31FB2CF8AC052C0042
:10E844007EF12DFABCB6FAB0F5F6B1FCBFFF20118B
:10E854008BF228F4A9AFE7C157F562F9D7FF0AF99B
:10E86400D9EC0EF2DED48DE1FAF2C00C01FAA5EC7B
:10E874004EFFC7055D07F8025BF9000B86F436F519
:10E88400C6F65BF1ECFF4B08AAF508F59AF570F6AD
:10E89400C20BD1EBBB017AEEAEF7A8F394FD7C0476
:10E8A4007FE80AEE2801CD0744FB0D0A3504AE02C9
:10E8B4004CEB73E9720BE7F95402C202E70E7006DF
:10E8C400810144FB08FABA058205690238FFB5F4F0
:10E8D40069F2C1EC2400D8F878FB79FB11EC35DF40
:10E8E400C9EE04DF13FDD90150FA2BF761EDC0F036
:10E8F400ADED65DD13F061EEFBF6EEFE99FF370733
:10E9040045DB5CE0C701CE077FFC84F989FB860BFD
:10E91400DFEE9EF1130039ECB3F07AF1D1069C09D5
:10E9240060F145014CEBC6E8AAF651F2200D9E0CAD
:10E9340073F8F9FD4BD60CD185FB42001E1661120B
:10E9440031FCC0F9AFDEE6ECAFF3C403441127EBAE
:10E9540004168CF87405EE074EF81D085D027AFD66
:10E96400C9F7C7F2990429064BF47EF2A2FD78EDAB
:10E97400E90F81F60113AF0964FD8AFC36FAAA0A8D
:10E9840009EF45EF0D008D021B0AAAFFB70781FBB3
:10E99400B0E861EDC10EA5FC1A0C9AFD980BF405C4
:10E9A4007EF6FCFCA0054101F4FA60FF24060D0686
:10E9B40026F47AE83100EE0E73077FF71703FFFCA5
:10E9C40095DC45E864060CF7D0E74EEBEBFB510D04
:10E9D400C7F92DFA9AFAA102C9055BF9DD04AE0262
:10E9E40078FA5FF674124B198FF975FAB210750B39
:10E9F40035029CFC0523A71AB1035BFF030F1A0A17
:10EA0400BCF5D2FD5E10E8045DFF04F8BC0501FF0F
:10EA14007BF611F3B6F3D1F04005CE12A8076BFBD9
:10EA2400C7EA4E005AF4FBF754F44DFE93F68BEC10
:10EA340013097008950AECFA1FEB10F49CFAAAFC6F
:10EA44006FFF19FC3DFC4502B2FCAF087FF5D2F420
:10EA540027FC5FFE4910A11D26F0B3FABA0826016F
:10EA64006BF688DE41142EF58A10140C3E0461FF07
:10EA7400B6F28405B7FFF60ED9002FF5610EACFD92
:10EA8400C1FA7CFDE5F91800DBF43AF5A811BA0ED9
:10EA940014F209F12F05030872F01BF7D31C5A2452
:10EAA4000DF1FC12CFFD640A1DF08802530B170E02
:10EAB40092188A116D03C60F4D0914FC3607AB0C6E
:10EAC400A2FBBAF9BA0B6F0F4D03B7F9C4FE6D126E
:10EAD400AC032FF69417721D79FCB80767FB14FE7C
:10EAE4001DF80DF8A20C440C1FFD6F0238F9E6F76F
:10EAF4004FDDD7D82B075A0EBF023804B5FA1AF3E4
:10EB0400A0F0CA05A6FCA2E3710B11F52D02AD011C
:10EB14004F03C70F96FB1EF870E7F3F647FE700726
:10EB2400E80F37FF2F0427FB3A098AFD94F25504B6
:10EB34008000A9EB95FF940E6504250545FA27008E
:10EB440026F627E9D00101E9CC187FFE210CF10B50
:10EB5400B2FA18FC66067402E2087403290DE21086
:10EB6400ECF189FADAF757F630F9F0FB9C13741BD1
:10EB7400CFFC71FBE70B6709DE0B80EEAC10F11ADA
:10EB8400A6042F11A6FA09F969025A03011F811B71
:10EB9400A115A40EEEFCA906A4122F020A0A5B1307
:10EBA40042FC3700EE14E0013311980A900696FCFB
:10EBB40002FB38F4AA0AF418E107F10752FD5605DE
:10EBC400F8F68BEE561CDA07070C630C3505A9F62C
:10EBD400C7E3F5EE2603CC0C0607B8012E02800825
:10EBE400AEF64CFFD90CC9FB3007B7CBF11BB60D01
:10EBF400BE023509E4F362F7FCD744FAE7FDFF04EB
:10EC0400680BD4FBB602F40C83FC6E0238F14D039E
:10EC140002EF4AEB58FFDFF251ECA6F616F6460374
:10EC240035EE28F643E53201DA037A160D0CEBFBD8
:10EC3400B109910B95FB93064E11BC12F708A8FF7E
:10EC440036088D03D6FCE5F5F611AD18D9158219F1
:10EC5400A2F573007F00EAF3BE213E05850FF50B94
:10EC64007B066806A9F71C06AF004A08CB14EE150C
:10EC7400B90AE5FCBF06DCFC6F0EC00D51123D065F
:10EC8400B9FA57F88AFFF9010804CC09A9057BFFF2
:10EC9400CAFB65F9E80C6F0D4BFF2A07BCFA520258
:10ECA400E4EAC1CE4B0CFA0DC1092212F4FEF1F7CD
:10ECB40052D35EE941087808A50D890061FEC40BB2
:10ECC400D401D904D013FA0725F20DDF0319680221
:10ECD4002B01CBF2B7F8BF019A014EE8BAF56105F2
:10ECE4000AF6A00ABDF9F4FFF8F2E7F8BF039707A4
:10ECF400FFFCE5F8C4017A02A7FD01E793F41EF7CF
:10ED040009088DFC27EFF706EC01E812E606A7F7E1
:10ED1400360284116FEF68F4641263110CF9BB01BD
:10ED24002B064107D0EC51F0E72DE32A2FFD7C1987
:10ED34000904610241F2ACFF1924272839170A0C8F
:10ED44005EFF090C74FF4C0BB31DE807CB00DE0813
:10ED54005CFBE609300CABFFC601F8FF8500360FFB
:10ED6400E8FF0B0A7F0193FE28F933FEB70CB0F5D8
:10ED7400D7F7A5F63D03430DFE10C00565FEA9FABD
:10ED840049D796C357068E016404FA08450A52F619
:10ED94004ED58CECF50E2F08B4069602BE0A2E1A38
:10EDA4009CF491ED4D108B0670FBD3E38D10820D16
:10EDB4001EFA53F2CBE915FADCEBD8E82EFB63FB21
:10EDC40017F79B0D7201E4F86002FAFD6809EA1A6C
:10EDD4008E027D0F2DEDF10EF2045DE47B0300FF46
:10EDE4007CF9D2EDB9F971FEDFF1D7F971FD450671
:10EDF400DC00E30E40FABFF42815EA216DF4E1ECDF
:10EE0400320F4FFBC0026A00131B5E1717F29D04FA
:10EE1400B00A6BFD52FA0FFD3720141B7AFD411026
:10EE24000A04E40D66030BFBC917D8131EF044F85B
:10EE3400BF06E60EDAF976F74600580EFDF8B6FD81
:10EE44006914BD090A04EE00AEFB01141504FA03AB
:10EE5400B60F62F5D10BDF080A141B001DFA0B066E
:10EE64005EE21EC5960A250695F682FBF4F864F563
:10EE7400A7CFB6E0CE0B500003FE3CF946F4B6FE35
:10EE8400A6FB18F4750399FB68F18AEEDBF9B90B5C
:10EE94008604B4F6B0F079F8C6E2E2F1F6F50F02B2
:10EEA40073090E04370832F24601F2004AF5B4221F
:10EEB40071F6F0E732EE900C6A0416E9AE05DE094D
:10EEC400FAFC47015109670F26F254F139171DFD69
:10EED40056028E076F013EF993FE29FC11EBB0E553
:10EEE4003C0140FE9801D8F800EFE9F12FEBC8EFA0
:10EEF4004C007A0204FFE5017B02DF05DBEC98F7A6
:10EF0400A7F955F57F083403E0F214ED0CFE03F382
:10EF1400200E9B061C034907CEFD3BFEFFFD03F7B5
:10EF24003E0E581380FC5204F910C20309FCED0193
:10EF340074142909660332FA2C015707BD0B4A0BD6
:10EF44007FF607D3E1057D09830843007302580E59
:10EF540010DE16DB3BFB260741FCF3019B02FEFDA2
:10EF6400D0EF0401080E04064CF2DAE79BF7C9FD62
:10EF74006D06EBFAC2F53FEEFEE557F95EFECFF003
:10EF84001306550779F8C6F9EBFDDFF4EAFE4412DF
:10EF9400E4FD19EF5707C3115912B6E3E90D4E13F7
:10EFA400CDE75BFE571EEA0367E5A5E5F0083904E3
:10EFB400D30569FB77FC8BFA5CE3FDDDA3F87AF1FA
:10EFC4007FFC66F8EC00E7F454E0CCDC1DEE5DEF6A
:10EFD4000CFA92E849F95B0766C844E071EADAF78B
:10EFE40039FABEF54D0467F40BD309D7A1EC9AF1B5
:10EFF400BCFCA400CEFB7DFEBBF15FF75002840590
:10F0040051038C0F39FDF305E60545FA7EFC020237
:10F01400E21ADD0700F820F9A7F7A4FFFB0AB915E7
:10F024009BF3E5DD1A0A57FBDE003BFFB808AF0E81
:10F0340082E39FD8A4F6AB0244EBB7EA6602AB05C1
:10F0440001F50FFDA1196E0D4BF10E04381869027C
:10F05400C207FCEECCEE1DEEA9F8E108CCFD560586
:10F06400BF05B0FF01031BF31CFEE7FC9B089712CE
:10F0740091F8C7EBD9FF360B17067FF7CF05070FBB
:10F0840036EE02000E1590052AE3CBEE8E042DFC1D
:10F0940053FC3CFF830097F72AE68BD774F356F0B2
:10F0A4006CFA6BEE2EFF900A11D7B7D0F9EAECEFA9
:10F0B40013ED30F33907280691BEDDC276E842FF2E
:10F0C400C3F5E801D000F8029ECDA9DB13F764F381
:10F0D400B001D50155FE6A04ACE98FF4E3F53FF7BE
:10F0E400BA0CB21398FB05FA3902C4FC8005DD079B
:10F0F400B7062510320497FD4405C702B6FFA917C9
:10F1040025F6F8DDB2034A0110FD13FEAA0BE11245
:10F11400B3E9BCE9D70AF807F4FC45F7E502A7010F
:10F12400F8EA38FCE80DFB11C6FC9C248A08BBF7FE
:10F13400810812053CF0A00C17EA550A310545FF79
:10F144009A059AF82BFAF1F61EF8360014064A09C5
:10F1540058F3D9F8CAE5110721111DF4C70C46FF6D
:10F1640003EF6BF62C0E020BE7F946FFB1F4E0F067
:10F17400B1FED40272053C010EFA8DE4C103D8F34A
:10F1840094F8FE02F7F0AE013AD7E6D7A70252FD93
:10F194009801ADF4BE035908E8EACFE0DB02F8F6C3
:10F1A400170266048809211017F6FDF88CFC9AF5FD
:10F1B400C30CD6FE76063509E0FAA708A4F186EE5C
:10F1C400E105840D5E0C9AF8D00071F49BF795F07C
:10F1D400B4FD6905D0FE5E0254F63DF4E7F9A8FCDF
:10F1E40059F8D6F608018BFEF0FD28F598050014B1
:10F1F400E8E05EED7605D403E8F9F00321FFA3FC13
:10F204001DEB40EFE5F3590F4819E41004FA65FECD
:10F214001DFDB8068F044EF976FD2902DDF80BFAC0
:10F224006A05ABF85F01ACFB1EFCA80092FA490327
:10F234005AE8B7FE75E854FE0800F8FBD90F6EF7DC
:10F244007CFA72E731055CF5F6083BEE9CEFBAED0B
:10F254009AFB7A0247ED80FAB5F7A3E80D05DC04C2
:10F26400D3FD0000F0F9AE051BFAC3EA5D01E70225
:10F27400EE05DA0BDFFE79FD37FDCE066006890167
:10F28400DE07EEFF3A019C0325FC14FF420674FDE1
:10F2940038FD23EFC4092A02710995FB8FFC2DF078
:10F2A400B4FAAEF6C7FD4E02DE025CF588FB1DF82B
:10F2B40015EA20FA5FFB82FB91F8C8FC0B028A096D
:10F2C4006CFAC8010D02C8F30EF8E0FF380C5607BB
:10F2D40067F516FA2900F8022EF66200441138FC8C
:10F2E40014F77CF1CCF3C307D2184A0806F135F7BA
:10F2F40069E4F4FAD806A3041B1264021D0212F78F
:10F30400E908EEFC5AFCEBFB0C093BFF480DED0948
:10F31400B7F80813610609F5430AA70403F5ABE23D
:10F32400C00E4A08F2F6EB09B204D4FB81EF510493
:10F33400BA032908B9FFB6F028F7640325FF91033F
:10F34400AFFD840A7802A9FE51FD52FFD1004608A0
:10F35400580332FD320D0608ED092A04D6F2E8F905
:10F36400640148035FFFBCFC780B480C4A0678F63E
:10F374009AFD20FFD50151011011C9FA60F2FCFC7D
:10F38400CBF20DEAD004FAFEDEFEEFF046F766F1AA
:10F394001FF0A7EFC8F20BFD94F5DDF12EFD8D0FE4
:10F3A4001902E3F9440521F2CDFA95FB96117C1B71
:10F3B40027FBE7039FF98E0074028909D70E6705BE
:10F3C4005FFC21E51E045FFD1821560A3CF19109FA
:10F3D400AFE449FEF50EC6F8B4093001B2FFF308F4
:10F3E4009504C9FE53F8C5F7D3F7190321034A104E
:10F3F400F706B81170F2510D1AFD920F63153B0513
:10F40400DA0FE111880A800E1C033104A90149FCBA
:10F414001319451A48084A037115C2001D032A042A
:10F42400640514136E0B6B1070F456080508890AF2
:10F43400CF00330BAF0350F7E4026C06B00011F9B0
:10F444009B033F07BB0CDEFFA606290CE2FFADF7CA
:10F454008F01A8005F076403E507D604940A8301BB
:10F464007BFA46FA6DF60CF67BFE990610FC7B0BD4
:10F47400F1EEE0EEBEFD61FACF00F203DC0BD01238
:10F484004DF79AF50D026AE7B1087517E00C84266A
:10F4940010FE45F51EECDBE1AD0CC1095E10F5096B
:10F4A400C0F887F9C7F0A0F0571A0B020CF58BFDD2
:10F4B400A6EE01FB48023FF6440139F9C906500A99
:10F4C40001FCCEF580F5A5FE63FD39FE2C0601F2A4
:10F4D400A401FD016FF9300F3803EB098BFF2A13E8
:10F4E400AC063D16D60998F91B0F7719FB092505BB
:10F4F4007E14C8145C0C4C03351CC7167B0B7E08A9
:10F50400D61559230B14A825B60A1106620B210639
:10F51400570ED910A215CF0BC80DA8FC1809BB0CA7
:10F524002E1902042D15150C9B12880C76057605F0
:10F534003CF7AAFF4B1191132F0DD0FEEB058E1152
:10F54400FA0310111E0ABD0426054A08EE0CBCFA83
:10F55400600A070A49104E198613E91B8F113604F5
:10F564001AF22E0275115007742029155CF71DF844
:10F57400461B2D22E503900A8025F314A1F413FA07
:10F584004914E0F8E30D8D0296284EFBA5FE69F8B8
:10F594006DF52909A4FEB0F76EFA8AFFA20058039C
:10F5A400620062FA2707E80587096EFD41062EFC12
:10F5B4006A042BF9D602020130FA98FBE4133118DD
:10F5C40064FE56060705ECFD300E5A250615CD13CC
:10F5D400E5FB6B1006025E0A0B294616EC02B51415
:10F5E400B61BC82AA90187FC8B0D630BB50BD60C7F
:10F5F4000D3BEF3093F7960716238A1E560A5D05D6
:10F604008029232CA0FE3E0FE517991F951AB2FFFF
:10F61400F41BFB10520E3C176723722D97019312B3
:10F62400FE34CF20ABFC460C43260F24590526EFAD
:10F634006C1EB1151001C20B2211401307115503A2
:10F6440037197113910BE90AE630AF20E0F7CD06C4
:10F654009F0F6A0AAC0D4109D7119A05A71190FCB6
:10F664006CF8AF032B00EEF528FABEFA88F9EB0923
:10F67400B3FDE8FAB5F8EE06C8083900FEFA5C01F5
:10F68400CB04BF0457FF19FFE1F811F8BF06F4F7E4
:10F694003106B3F7CF00EBF8E2F9DC0666048BFA27
:10F6A4008E01D8F4FCF8A80532FD2FFE97FD000A60
:10F6B4002E007EFA8DF762013513C1118209990378
:10F6C400E7FE26082EF8A00C280B0E0A60FBD004D7
:10F6D400B40AAD10AB02050C6F19EB0C8B0B45F59E
:10F6E4001B08A20A060EFD078511A112940D7DFCCC
:10F6F4004B1D750B62F92D029B16AB0CABF7ADF6E7
:10F704009005A8EDED00D10A9B11DD0EE10D661008
:10F71400EAFBDC01D7F981028A0E6D02AB05A5FE76
:10F7240033F9C204A1FBF3FC7904000074F61FF35F
:10F734003D0396FDE1F754021E0B5CF6EE089704B8
:10F74400E805C1F9E6FB75F5CF0676F6DAF98D071B
:10F7540050044303CF03F9FFBC028A01C2014107ED
:10F764005C06D203AEF66F08E006B2084F02FDF75E
:10F7740057FFAD09A603F107F8008EF685F6740964
:10F78400B0FF070017F63CFDDDFD4B03B409D5F9C6
:10F794001C08E3FD48FBFD04D0FFA3FFB9FE3708B6
:10F7A400980609FAC40808F70CF69E0322093101E9
:10F7B40090FF0DF6A8073EF8E502C9F9180495FB79
:10F7C400590470FB5004FE045BFC25F3AE0CEE01FF
:10F7D40056006EFB5C0DB5F798073D011AF66305FC
:10F7E400910841F984F8CCF5C20052FEC5FEB2FE80
:10F7F4009CFFD5F8E002A1FDDAF5DAFD48F6E10058
:10F80400B9FA760078F8F1FD86F8F2FF60F723F98B
:10F814008AF5920901FE64049605F30986FFAA029B
:10F824003708EC0295FC9004B307310385044002C9
:10F8340074FD7F0A04FE1EFC22FA2E07C3F76AFD3C
:10F844009CF5BC0360FFD10417F7F8FB2F064CF8B6
:10F85400A8006505E808AC0400FDD9085EF57AFA4D
:10F86400CFF7D5F9D6FDC50B1A06B2FA2CFBEFF883
:10F874008A007DFEEE060C16CA00FFFAE0FE02FDC9
:10F884008FF85BFBA2024E073FFE19FF94F7E500D9
:10F8940083FA09014804EC11FDFF60F02AFCC1F869
:10F8A400A9FBC0EDB3049F04A7E8C7EA77099A0C43
:10F8B400FF084B0D00046906FE000AFF190A7C02CA
:10F8C400EF00DAF3A70A4F093914910F0CFE26FE54
:10F8D400C10098F4B804310BBFFD07EE85F1EAF4DA
:10F8E4003205FEFC2513F10CDAF498FDB5F74F034D
:10F8F400F304FFF75D0AFE0CD5F8FF052CFF49FD64
:10F90400C3FCACFAE6059AF8DA033D056E02D5F8B5
:10F91400F00063FF65FAD3FFA9029FF5EF060CF927
:10F9240082028AF8830744FD9DF947FE6EF8CF09E9
:10F934003BFFA0FC67FB2A086A0900FE590B19016A
:10F944000EF617FA4704F5FDB8FA0EFEFCFCC3F6F2
:10F9540004039BF94B189E10FD00E4FA9AF73BF858
:10F9640036F971F9C422822C8504C413FDF6AC0661
:10F97400E20305EFBF2A9D12B81572119E0D921174
:10F98400B3F7D706620DC7121310D8FAC30EA31328
:10F9940051F7260366191414F4FD44F8E10B0BF631
:10F9A4006708840053136A159BFF3CF90FF687F42C
:10F9B400C00ED011D20AFE0FC9014CF2F7F61E0890
:10F9C4006F0840052E1F83217EFBB5FCD603A7F4E8
:10F9D400A1F35C0F9909C71574FC180013F617F707
:10F9E40000F7D7FC850A81FCA30B8708060837FBC0
:10F9F400FDF7F7F66E00220564083909A2058406AE
:10FA040008FBBFFFAFF9F4018AF7DF008C08E1FFC0
:10FA14008E0E82061C142308CD0981061CEF97ED77
:10FA2400D2FF28F85F10B504ED01A101A7FBC8F1CE
:10FA3400F30ADE0523057BF72C0CCE18C50550FC14
:10FA440017189E0D71EFC600701A07118E04DA0A9A
:10FA54001312C9FCA500D2F82B0D000AE01392146E
:10FA6400A70D17FC8A099A057F0743F6E9148D143C
:10FA74009BFEE905AAF627FEB5F5E5EF4A14E6FF75
:10FA840016FB10F8EE0235FF72EB52F30EFD81EC1B
:10FA940041F1C2F1FE0ABE00C9E37DF182F671F2C2
:10FAA40089FE41EF9EFF30FF3CEEA0EFA1F98AFCF6
:10FAB40007FAAC01460EDCFB9A0892FB920306049B
:10FAC400350BECF9990270036B0F4A0890ECB1F610
:10FAD400E2F296FCBB098CFE9706BEFC5204AB080E
:10FAE400E2FE6D093B0954F7CB039EFEBF021004EE
:10FAF400320D3305880560F63F0C2A11F0FA66EFE3
:10FB040034116CFE69FA970A370ABFF83901EA1111
:10FB1400BF157914F50FC9F4ED0260077E0F0205D5
:10FB2400DC18DC0E7D02F5044B0A030478092A0A6A
:10FB34005D1A4F1151FEEFFBE40376037519231F81
:10FB4400BD13AE105209E003C90E6F0717174E1408
:10FB5400D41A6D1A72FEB8F851EA2BF35E16880AAD
:10FB64007806E406ADF1CCFF3CE6A0E6E30A950294
:10FB7400DDFF2007F300E30952EF04E4100315F559
:10FB840064FE7DFA0CFDB0FA4CF3D5FDBDEF26EA18
:10FB940090F741028EF00C084503090149E67FE025
:10FBA4004B02A700B6FDFE02D20714F903FBAEF820
:10FBB400E2059A0842F4CBF50E08FCFC570320003A
:10FBC400EB020B01C80447FB6FFEA001A607A7F4D4
:10FBD4000C11FCFE6B02A004FB03E40C90EC23F874
:10FBE400F503D20F9B013410631AC80550F25FF27B
:10FBF400300FAEFF2C136409ACF632FD64F392FCB3
:10FC040004F618FC230EE3FE820B280271F09CEA32
:10FC14004D065B16FB06F703A004A51343FD6E090E
:10FC24006B1A8F085D0DE6FE5412E208EB09CD183D
:10FC3400B703790D7E0186F98D085408F316F70F82
:10FC4400410EC306430371F9CDF071E1DA0F69097E
:10FC54003F008DFEA30382FD0DE560EC12F90B0459
:10FC64001A03C9FEBDF92802CADC50F452FE95FB02
:10FC7400BDF39F03C6FD8A123BEC5DF778F1E6DC29
:10FC840019027E0C4A07C1FBDBF43C019EF151ECE6
:10FC9400DE134D0265FD3E007708FB1004FA02F600
:10FCA4002904A2FE67FC3A0258022B0042E54704ED
:10FCB4007B081E05F5F78908CD1180276EFA93F4A9
:10FCC4003F018FFB60FC190A6910500893FA8AEA15
:10FCD400FDFA460AA400CC07CD11AC16BFF074EAB5
:10FCE400770FD807A7F56FF0B70BA10F19FCD5FA5A
:10FCF400E20E3916BFFF6F032412C50235EC75FD01
:10FD0400420F7B0AA4F51A024C13D30FEF08470ADB
:10FD1400200AF90A0600A6F9040F8411E9105A18FA
:10FD240088FF6D07DC0213FE180417FCDE14AC0B0D
:10FD3400A5036003DAF97A07B8EE9AE395FCD20CCE
:10FD440004FD25FC16F7F6F735DCEBF7FB0318EF9B
:10FD540072FC0C0700FA13FC69F136E6E7D77ED78C
:10FD6400970B8511FF12B109B6F650F09AF139F6E6
:10FD7400D30456027406E9FCB5F2BCFB7AF8CAFA5D
:10FD840094F993FFD8079B0C6D0A281BF2EDC8F673
:10FD940050F30CF0BE060E0438226C24CCFAB4E8FE
:10FDA400F2F7FEF460F4FDF7FE1DA912B3F99CFD11
:10FDB400C2FFAD05FBF9EEF69D14FD0663EDD0FC24
:10FDC4002511A8FD6FF5B2FD7F1284189AED6CEE33
:10FDD400C30386FCFD0819FDF50AB51179E598EB16
:10FDE4007304EBFA11FA3BFCC90BCD1491F7970499
:10FDF400B80B680B0D0314F61915570F0E16F910EE
:10FE0400ABF47DF885039301500A8303D221941443
:10FE140085F713FC8F0721FAA6F93AE63213481442
:10FE240011069AF7740A120C73F131E9B21042FF09
:10FE3400A6F79B07DC07E8EC21ED49DFE5E986E757
:10FE440078F50210DDFCE1FFD8F9A9F6F1EB620BBD
:10FE540020071B003405CE0167EDF1F30C11E1021C
:10FE6400D20577F0E1020B16D803642491EF38FB36
:10FE74007CEC59F47BF89EFCC60D230759F46DF114
:10FE8400B8F53E02BBF1E6F3D82188038BF16BF69B
:10FE94005B14001344FB66FDF80886061DFC43F45E
:10FEA4009B070108BF00380817084E09D8F231F043
:10FEB4007B020A0643094F159F1010122EF1F0ED34
:10FEC400E9FC970842FB5D044A1313161508D70A88
:10FED400BFFD4800740B55FD6C15C00A3D099A1608
:10FEE4002DFD23EF2E017705D109F4FCD31C3D1021
:10FEF4004FF1EAF69AFCFE07C7041CF8B709140C84
:10FF040004EF1601EA0A70F178E406E6D60888F5EB
:10FF14003F0601FD33FAAEF2C8EA9AF2A9F2ABD970
:10FF24002DF95D04C5F9DE036DF239F224FDCCF53B
:10FF34005C076B04D7F4C909AD095302DCF4C801AA
:10FF4400A9ED6AEF46F7DC0E0410331F48F04502B2
:10FF5400E0F683065E0F710AB710E10F53F2B7EAB9
:10FF640001F89E0FC5E8C0F6DA01AA0856FBCCFDDD
:10FF7400900AAE059EF64A01DE038AFD2BF1B5F424
:10FF8400BE179205E109E4F8C307810BA0EF2FF037
:10FF9400510101FDBA0BCC04D7048A0395E7EDF7B0
:10FFA40088FF22FCFD064FFB1D02E9078DF65B0668
:10FFB400DCFC83FA580317FEAE023209C609460177
:10FFC400E30229F034027B0E0710860CE213BA1701
:10FFD40033FF0AFD12FF14ED410850F56E02CE0EF8
:10FFE400E0F9C5FA3FEDD9F453F393E7620D270521
:0CFFF4000B053701ADF608E5B1F4EDE5B2
:020000023000CC
:10000000ADFC4AE2F808F11185FC6EFF99E6B3FFFA
:1000100096E405FFD80D2A08EC0654149E0B5505EE
:10002000FAF725FB93EF3AF492FC7D0550134B0150
:10003000EDFC2F003DE363F8930192E9F90E620FA6
:1000400063F14EEF8BF8830167EFA3F4B1FA0F0D64
:10005000ABEC83EF6A062A0BA8EA95FC640617044A
:1000600033FCD8FDBD06A0F7BAF94BFF23FAF7FD24
:100070006DFE70FA350A79F95306C00339E676EF5A
:100080003C019CEA4604AB09EBF00EF5F4E89AF368
:100090005500C6FBC410480BC5020111AC0231006B
:1000A00031FD64FF9F00400263FE03038D03F20BEA
:1000B0001CF6D90DE1FCAC0A8BF0E0F839125AFBC2
:1000C0006309A00F77FF49FDA8F5A6F99FE55DDA62
:1000D000091C6114E1F26DF1EDE968F710E7B3F87E
:1000E00042F17AEBBBEF12FE1FFA020DC1FAC9F81A
:1000F0005BF4F50C201701021710350604F47C0898
:10010000DFFE56113DF172EA9AFE780BA5062C0728
:100110000206CA0440D823FDEFF977DEFE024DFB4C
:1001200061ED37EFD110E00A76DC36E632FAE9F617
:1001300024F2BFF56602B3F664E60FEBA4F95AE7C2
:10014000980175F9C4FB50EDEDEC53EE24E623DB8A
:1001500026FA900AE6F6BD0A16F6D5E8C3E08DFB4E
:1001600057EB05EEF90FB31566DEDAEDCAECE8FBE6
:10017000DAF13BF80C1C770E540379F91F04E0FB0D
:100180005FFBEEF4430E530538FDBAEC6F09190B13
:100190002602ED03F70C42F9EBEC0CF34B195E056C
:1001A000A01D710A4DF809F26EE0F6F2DAE9DFE01F
:1001B0003A1E7C0C4ADBE4EBAFEAE5FD77F293F9FB
:1001C00094FDB3F03EFC49047EF8CD0386FF99050B
:1001D000EBF5A9FC890EC20C5EF3451503DE4EF16A
:1001E000BFF797009F0518EB9600B9F2D30BF5FA0D
:1001F00019F818F9ACEB03F929EF0FEB15F25C00D5
:10020000130B8FF2DCF94F0756E443D9AEEC39F209
:10021000D0F731F0DDFAAC00B7D863D6ADDF4DCB07
:100220008DF9120321F9BEFC82E7A1E058D198D5DF
:100230002DFB9E0059F54909B6DB8AE7A0ED04F8CD
:1002400028F709ECC80B4B17E0DAD4E4C8FE01FB31
:10025000F0FEC403E71A650E39FD2101C4FF77FCE7
:1002600070063B00430CB003B3FCD8F0F308290937
:1002700040079A09F3FADBFB57E691EAAE0BD2FB93
:10028000660B3905FAF618F75FF2DCEF5AE891EAE7
:10029000C20667FDEFE714F06DFB3AFE8BEA82F5CC
:1002A000A20254E2B1E223007AFBF91A4CFD1910C4
:1002B000A8EA12FA700975F88718F3120504DBE34F
:1002C0003D11DE0049FDD4F5B0FE8100F3F937FFA2
:1002D00083FD460985F16DEF55F7F0E8BC0EFDEFA3
:1002E000280A400112EDABF839DB36DB5FE3C7D1FA
:1002F0008406B1FC8DEB3900ECD469DB6ED721D3D9
:10030000AB069AFF64F276F346E90CE007DD6BE595
:1003100062F7F5FE4FF52E0E5BE9CDED6AFFD109D0
:10032000E3EA9DF43709851560FDCD0318FA6A04E8
:10033000F00B650DC0094D1165127007E2017600E2
:10034000A8057FF4B10CD3FE22F5C6F516064103CD
:10035000FB01F40BA105C6FE3DF631EE0D0582EB67
:100360008903A30314FEA8EA4505230205DD7EF0F8
:100370008EFE14F7BCF689F18A0861FEB9F9EE0227
:10038000A1F6E3E974F395F4B8134F15B517F62207
:1003900012F2050312FEA407BD1DF2161A12C606BC
:1003A0008DF85FF54B058F0155FFA6FE7B029B0480
:1003B000C5FFF4018BEDC7F3B2F97AFB730AEFFCCA
:1003C0004B0ABA028DE842D84DEA43D729F50EDA36
:1003D00065F96E0E63F0B9E7A0ED8BEA22E9EDFB5B
:1003E000B5FF800175FAD2F513F585F09FF60B0E77
:1003F0009101E9FF11EE3AEE50FA4306490FD30F8F
:1004000073FCB30EB5022110AE1ABD1EEE046016C9
:10041000040E4BFE131712079219AB063005C409E0
:1004200016FD6BF8E10BAC04C8FECCF2C30B170A47
:100430006BFEF4FE4EF25DFAA504A4FB62085EFBBF
:10044000D9073910B1F67AFE3A0CF301CCF19B00D2
:100450001B095DFA21F123FAB3179B12F100AC15C9
:10046000CBFD47F0EDF42DF03201F3096E08B30A2D
:10047000F51F23FC70FACDF2BC219B116922010704
:1004800019F69DFB37FB2D0B3BFC6C0108F9790637
:10049000BDF047009FFFBEEBEEF9030572F802FCCA
:1004A0004E122B169CE602E03203B9FE23EAF6E771
:1004B00036FFC101A3E7BEDF24F4E5F991FBE4FABE
:1004C000C0081E069BEA5AF87D04E5072EF9540E73
:1004D0003FF862FA22ED2CF05C09331A800CB90C5B
:1004E0007EF6BDFD6AF5AF007E22351D1001B51008
:1004F000D00012FB7B160CF7871D1E0299FE851893
:10050000F304D30146FB79EE7B00F004EF039C0E6D
:100510008CF91CF242F708F8D604AFFB35F87FF7E8
:1005200036FE3AFD48F901F578F7B8F9F0018E1179
:10053000A6F77DFFABF74CFBB1FD970435185C19AE
:10054000FBFFEEE99A0084038606FF0E54186E0F37
:10055000FB13321132F999FDD90AF116610EA71277
:10056000DD09D90078EEBC09F805BAFCA201BC008F
:100570002F0FDAF0C2085FFA8601FAF92511E3F9C4
:100580009706CC063FE950EB6FF9AC06E1F388F92A
:100590005A03E9F9BEDB34EAD11B100C020225092B
:1005A00096F9FF0D2AE0A9EC590D8D1C0301E80B0B
:1005B0009CF8CA0574E63ADB1118EC141611110206
:1005C000E1FEF80326E9A104331E9418EF0F0B0592
:1005D000B902D901BBFB62FB1F0A88055406240A35
:1005E000B4F979F930F445FD720D460ACB047F0366
:1005F00030EEC9EE3209BAFCF909A10961F77F01B1
:1006000069F0FBEE08F873F640FAED11B9FF161326
:100610000AFE47F60FF80CFE24029E10D617B00E05
:1006200080FE2CEEC9F99C02A5014F20A11D821667
:10063000C7158110FAFA8F00B316BC0F181AE21012
:10064000E9F649F877F8B903EC07AEF6A4090D10FE
:1006500047FA77FEC60C6B119CFE4300131BAE03DA
:10066000690C3B01850055FCF60B0C148F07F70154
:10067000EA021AFA70FA2CEDE21C51195E0090F7AA
:100680005E0255FBDBE63EE39108C61480FD510691
:100690001FFD68F759DD03DE330F080D07F06DF617
:1006A00088F68F03BBE238F315159D13F7FC54054C
:1006B0007AF3D4F9EE0165F48010F00A340440F9BD
:1006C00096F9A6F49DF546FEB502B50E470486FBE5
:1006D000EDF282FA06FEE701210653F5C6F33BF57B
:1006E0001CF186EDD4FB1D0079FF8DFFF002880719
:1006F00049F3FEFA4B0062F44F0A450515020D0A54
:10070000B1FE130E5EFEFDE92E06361C590958187F
:100710009C14870263EF7D15261C751B8B1805182A
:10072000AA07FB0EB4F8170955F983F515096612E7
:100730005C000400D302CC165BEFCA095D103209DD
:10074000E1F5BAF8330D7D167604C01381FFE8F9A0
:10075000A7F0A1F6D30846F7440CA115FF059DF1BB
:10076000EC0890FA6AF385EA1413550C05F1D1E709
:1007700004FEF5FD1CEECEEEDA041A0641FA71F91C
:1007800050F5ED0138EBA3FBE30FD70C1BFD7EFD0D
:10079000E9FFDAF5E404A0094A02280795F4D1003C
:1007A000C4F9A9F5D703E90459FEF404CB0AB60449
:1007B00047F66FF44CFF00118F07E00658017EF6F4
:1007C0007EF93DFE6E033C076E058B0E61FC2FFB30
:1007D00043FEECFB410512096F01A60BD205BC10CC
:1007E000090B3D0AC40BEB09811B4630DD01C20435
:1007F000EB0C2715A2FBF4001022700BF119671502
:100800006102BD1391F9AFFBEAF88DF195003C153B
:100810000101BB027CF8D2075B0316FFB30671002F
:1008200027F757F66C1131101F0A100ED1F1A2FEF6
:100830002CF5E0029A05F1FE7604C111D1ED45F0E8
:10084000BFFB1C0C6EFAC0F5F0FD5A10DCEED7EAC7
:10085000E4F9BDF869F9C1F88E0D8B0C4005D10C97
:10086000A1FF640ABEF41DFF2D011E078D0A2BF99E
:10087000A0058E02ACF8F6072CFD9C075301380B3F
:1008800019FCDB01C8170F0561065108ECFFBAFC23
:10089000B904E5F40D01A30D2605C30920FFD3F526
:1008A000F8F9E1FD1607C6FE51150F0587F9570443
:1008B000FE158E137D0DA6FDDA011B14B606E50BA1
:1008C00086F80F11050EC40B260CF02819F2B2F7AA
:1008D0008909AEFF32FDA1053A1AE816EB18EEFEC3
:1008E0003E061C094402D7FA7FFE8EE706FE6B0A1D
:1008F0008AFE2003920804070509110EC902710A35
:10090000D110AAFEB018920F1F02250AC3FEADF641
:100910009C0601FCA714200B11045A060EF15CE49E
:10092000BB065200D30831F9470971FB17E9E0F81B
:10093000FC070DFCAB017C01A8FCEF033CFE81072A
:10094000B20BE40109F9A505211348FF2FF8DC01DA
:100950006F105A0625F648FCB10B070470007AF6B2
:10096000B60C2B07E006951873093C0656F056EABC
:10097000B10FC70EEC1553155E02DC003BFD99F775
:100980000E02390CD3141D0A8C115507FFF1960580
:10099000F80AC60D0407B3086C0554044B056EF93C
:1009A0003F168A1802FE5C0A7CFDF6080CF74CF430
:1009B0003D122801DFF96A0BED11C003FC002BF595
:1009C00076FF6915ED0A9BF81FFB810012FBA40C52
:1009D0002711DF2CC70EBA10CE135D0781138312C7
:1009E000741456005C143316A111B3094D0648F473
:1009F0008E0F6301D112821A7103B700F5F514F35B
:100A0000BBFDB209CB0BC309F3001908A0F38EF2AA
:100A1000630A58F743123EFFB7FB2E0442FBECF586
:100A20001EFCCF095A0B190BDAFFA2097FF2420311
:100A3000390DBF0387FE970B7DFFA7FB23076204D9
:100A4000BAFEFBF87CFEA70ADDF7A4029105F4EAE2
:100A50002CFCE906771052106105C00549F101FA36
:100A600008FCBA009F0F0B0C5903C90564FB130067
:100A70002B00A403E60CB7FDE406BEFD1406B70781
:100A80004709F01106FADE0CD40A140919EA6B01C1
:100A9000711DDFFE6FF33C077E14C500D20AF1FD25
:100AA00044071C0B1E01FD0845FA0FF8CA0169F73F
:100AB0006D173025A905C309BE03CCFE8809600A5D
:100AC000E3090B0B870FF40F2E0CAA17F6099E0CE7
:100AD0005D1C4F0CE216CA0788FF01F50AFC0705EA
:100AE000D107A20B8F06B10A44F8C6FBCCEC19EF74
:100AF0008703DE05620E880E0404ABF450F90EF68F
:100B0000D2FC590F7BFD52F6C3F8CDF817FE88FFD3
:100B1000CC00FD008DFC44FEA4F959019B00D300DC
:100B2000A402DCFE27F83C029302FBF96A0173FC85
:100B30005204C0F3DCFD6B05CBEC080966FD3AFD01
:100B400036F755029D0E5917C80AF8FB16FCC50268
:100B50004D021D08490F6AFEFCED18F2CE0110EEA1
:100B60003C000B07E4FCB7F3DDF5FD0470E560F92C
:100B700029FF4206DFFC710675004EF812F6FBFFF6
:100B800063FB9AFAA800E1F6B5F684F5AA01B1076D
:100B90007F024303B9FFED154311C4F25F11AC05A9
:100BA0006BEA0401C50C7CFAD6034AFED007C00CE0
:100BB0003FFD3104FB02F0F426F97DF0D10E680709
:100BC00012054809790BA107D3E2EFFB7CFB320643
:100BD000050B6C08810ECE0195FAA1FD67F830FB7C
:100BE000C40F9A1114007FFE0C0A69FE99030604D3
:100BF000830A5BFADDFB75F43502AA0424094F0170
:100C0000070509FB0BFF9100290244F73FF14FFE56
:100C10009D0050FE5710980219F779F6A7FFCD03F3
:100C20001CF482F7AE0DA809CD043401A1FDB2FC7D
:100C3000B6065CF56B01B01222FE51FABFF1E2F389
:100C4000780181FE53FA1DFBB0EDCBF6F2EA0BF210
:100C5000DF1079F7D601D5F8630B7FF6A8F4A0076B
:100C600025FCB2F60D0670FC9BFB0708A004EBF810
:100C7000EFF4DBF4020003041FFE4EEB680CFF00F0
:100C800053F24CEFF9EEBAF278EDB8FBCB26D52251
:100C90002BEAB6FF14FCBEFAFDE0ADD92909AB1072
:100CA000D5FC580989027DFA57DCC7EC08FABF0168
:100CB000B5FFA2FB5FFC900845ECFFF802F4390891
:100CC000F500F3F8FF0568F185F0ADF98804150C1F
:100CD00022F29C0948EE260134FAD0F85A0DB002EF
:100CE0009AFA9410C3FD47FF2BF8FEF51007E1FFB9
:100CF000F9F930F7980CD700E6F006F87FF8ACFC6D
:100D0000BEEB29F82C09D1F9CBE77DE25DFB6B083E
:100D1000F802D0023C086E11C2EB94F05BF95EF46D
:100D200073FE470A07EF29F38CF33F017AFA570A5B
:100D3000DF029E01EDFC00FD3106A8FE160E52FDFD
:100D40005005AB05AAF813F9D40819FA4FFFF7F9C3
:100D5000880FEFFB56065EFC43FC070010020F02F3
:100D6000B5EA3DF8EBEF73FD5907B7FA14197215A0
:100D7000A7F6BEF2670057FDB6E973EE0411EC0961
:100D80001E088701B0F99DFEAFFD5CFBCC070D0589
:100D900084E37BF47BFFA5F620F256F757050E0798
:100DA0002AFE5AF083FD8D0F69F4FDF0DE12E20E8B
:100DB00032FD2AEE3D1280FFFFE4F0E87C0F780B55
:100DC000EE02C4F36010410717E91CED43120E094F
:100DD00027EDFAFE170919FBD2DB0BE761F5BAF72D
:100DE0007B0BA2FDD705F7FCAEF2F5ED06F670FC25
:100DF00028FE2C02CF00CA0AC4F653F766F41FE897
:100E000022FDF5F9DC05D908A0FBCA0794ECE1FC4A
:100E100022FADD05BF010DFF1005BBF514052FFA01
:100E200063024CFFBD06A1FA6507CEF6B1068EFC43
:100E3000B5F8DE0D2B0439FAB40977FFEDF6A507F6
:100E4000F40D4B05C0024EED9BF295EDB0FA9DFB03
:100E50009406900AEDF1F30160F46701CCFE1511E0
:100E6000BBFF0AFB0DFB91044F094A02A20CD716E7
:100E7000ECFCCFF50B0ABE00BC08E30D2309CF0D37
:100E800007F70001E1F8A9F8AFECEFF9F30F101B39
:100E90005A0ABD1374FE3202BAF489EC9D21EC04A7
:100EA000CF1155F3B60AF20682E090E65D05E90639
:100EB00040FB9F05C40389E42AE9FEEE470DB8090B
:100EC000DB08710C2E015D1A7EEC96EC1D101CF7F0
:100ED00015F98C03891254FF64EB58F404EF4DFAB2
:100EE00013F59BF42D0CADF85401070419F684FC9E
:100EF000840256033CFB2BFD8000FBFC40FB5EF7AD
:100F0000ADF8C7FF190153F775FB170476F59C0080
:100F1000E0FFAB02510298FBE1FF3C052FF93907D6
:100F200060ED51E54F048A06A204CDFCBB00C20F60
:100F300014FACC0ADFFF53F6A5F941043C0CA012C9
:100F4000AC01EE0ACEEB68F4F2FD88001C0C850AB9
:100F50004AFED1FFC9E6F2F8AA0627039D0E7E1AC3
:100F600032FE7E0A9AF1E0ED7FF785019811FA1AB8
:100F7000A4FA3C062D06B106D1F365FF910C820F51
:100F800017FD690D92FEA8F08C0330F73D040A0EA0
:100F90007E0D9F03BFF0FDEA3D016DFB9BFA01F959
:100FA0002C08D30692E38BEFD10006EE6EF9EEF536
:100FB000EEFF80F8660624F427FA8BF95CF31E0630
:100FC00037FD420742FB4CFD1B062E0891F62E050D
:100FD000DF0685F74B0647FD9BFA36088D020608AB
:100FE0007CF9E906FBF8A1F845FB7809A706B404EB
:100FF000F5F65FFAEA0923F6E6FE540472FB8BFA73
:10100000B0F84E0821F62CFF3F082CF82B053E05C2
:10101000660551F8B8FD08FC0E0854F74CFB0203B6
:10102000C806F5F782063C07FFF5F805EBF589F7EA
:101030006A0AE5FC4305950091074AFAD402D502F5
:10104000B7F9B10104F4AAFA7A098007F709210D6A
:101050000609CF09840D2000DFFD810045F884FEDC
:101060003E0AECF61AFC1708CA0060F85A02F3FDB3
:10107000FEF6460765F6F1FAAD05A5F815060E066B
:1010800074010403D4FBB60468F60A01EC07F2000D
:101090001505DBFDE8FD97F85DFE16FA0300710308
:1010A000A4FFDC0684F8DBFB77F78D032001AB009F
:1010B000C301C7F828FB9DFD1C0A3005AC05F007ED
:1010C000AC0233FC86FDB4052E03B504C103B8FAA7
:1010D000840AA1FC78098DFEEFFD2800A4062004F7
:1010E00078FA8DFD5C05D90165000E0163F73FF8C4
:1010F000A0EDF6ED65F15AF06CFACEFB5E0093FEC2
:10110000FEEC9EF061F9F9F179FCE10019FF1D098F
:10111000B2F20FF8B40041F087FC1BFCD91C8A0B1B
:10112000F4F2D0F32AF266F4BDEBEEF9210F8E0E45
:1011300002E850EEA6FCF7E82C0DDF0E360698010B
:101140001EFE14F046F2E0E945FB5203CA02850890
:1011500032FA87F2E0E521F5D9F010F04707611483
:10116000EBF1F9FE9EEC05F81FF47602B018BB080F
:10117000120112EF000255F7F4F6F8FEE7FF380E01
:10118000EEF8E9FE9F01C1FD930547FBE9F934FE46
:10119000F0FEAFFD68FDE008A604FAF85D0140FC32
:1011A000EE03510733F9F0F935097709800955093C
:1011B00015F87DF9AF0129F2C6092BFF2AFF790D39
:1011C00039027FFE8AF243FF76F2F1F8F3141F0230
:1011D0004AFA28FDAFF3CBF9CF03ADFCB407F90E03
:1011E00074EFBCE09EFB20F35BF010F3F50231F8E6
:1011F00017DC08E2BEF0D0EFA2E4A6EB7FFA14F60B
:1012000047E818D7C60166E69AD68D0261ED74DE0E
:101210008BE382E612ED6BF6A2FE2216F7F020F1C8
:101220003EEE750597F848ED631A70168FF443F695
:10123000F4FEDB069EEA94D41D1CA3000D013CEBDA
:10124000B40196FA57E740D989FFCDFD83F34C0EE0
:1012500024F713FCFAE311EC6EF459036C15420108
:10126000BF03EAF9BAFF230DBCFD070527F8AFF469
:101270002809BE09B9F638083709A5F6C300AEF645
:101280009509BA08C20024099FF92FF75CFFBA0735
:10129000C5F8FCF9E402C1F3A5FB270033F8450CBF
:1012A000A2FDEAF532066BEDF60998001102EAFBA1
:1012B000E5EF88E6D1E1F9D578F238EC24FECAF5FD
:1012C00019DE2DE3F5CFC3E465EFB2FD48FC47031B
:1012D00062E549DF93F3A4014F0397E1D0EA3DECC7
:1012E00024E285E465FAF1DAE9F19BF125E5DCFE1B
:1012F000C4E3BCEA1CF516F390F5C3114501DFFB0E
:1013000095FA8F047FF4BAEA9D0DF10232F4BA0027
:101310006A0256052FE37BEC57FE7806AF0448FAC5
:101320004402FE07C9FF2DFCCC0E3116DFED9307FA
:10133000AFF96AF18FF283E5CD0B0A0E90096A08C6
:1013400055F878F13AF099FE9C1155F9DC01F1ED70
:10135000B6F5390534F8000561031309EF0187F587
:1013600080F8F0073CF77CFCCC04BCFA44FB250772
:1013700063076C0340EED601E704900F9BF26CEB21
:1013800021043AE3A5F65BEFA506660B460AA1EA3F
:10139000A6E553F5B8E145EAAE037AFD68F748F7EC
:1013A000D9DEB5DEECE2FBDDFCFF8A06F4FFCAFF06
:1013B000ADEDF7F327D718F0A7FEF00E63F9EFF0C5
:1013C00072EE8CE7F2F205FD79045E03AEFC2609AD
:1013D00003EF51EB6EF735F76001B305C208E2FF8A
:1013E0004500BBF506EB33F6550643F65DFF3701C6
:1013F0003208C3FA4DFA8BEC330CF70DF2F8A1F872
:10140000FAFB7003F7EF25FC3B005711A805D0004D
:1014100014FFFCFACCE709E5261401167F0E5300F1
:101420007319BE0BBFFA0A013116A01C3AFE1B0647
:10143000660946FEABFE54F26D1173F810115E0E94
:10144000A1FF65FE650731FF3DFFE60605FD5E066F
:1014500043F55EF30CE472006BFD19F7B1F27FEA1D
:101460000AF7A4FAB6F5F5EB69EB070F8F02CDFF8B
:10147000750027F16ED91FEA24105305C7FB37FD0D
:101480005BF9EDF8C5EBFBEB1E00EE005418DA0932
:10149000F7F3B00D88CF44EE4EFD710A7F07BA080E
:1014A000770CB7008EE71AE7E0FC27055A0AE81028
:1014B000BFF131EE5DF2D8F843FFA50EB10940014E
:1014C00044F1B8FA14F0EEE7BD08A50D2EFFBE0CEE
:1014D0000CF0BDF256EB1BE3680D990912099F024F
:1014E00019FA3EF6DEE3DCEAA814540FB5FB98F3D4
:1014F000B2039AEF90F234FEF507C7035BECC0EB42
:1015000077FE9B0189F923E8400712179BFEC70E5F
:101510003618060E05F3DBF2BD13EEFD7111D9028C
:101520006BF6B101A6FFC9EB52FC97F559025AEDD3
:10153000EF185008ED0096FB01084A001B0F38FF1A
:10154000BAFE38037CEF21FC43FFD609CF063EF5F7
:10155000CE0A8EF55BF090EEFA0312012CFF0C011F
:101560004007BD0BFFECD4F7AC0FC0F92F0DAFFF58
:10157000720BA5022BEE30F28504EB0D19FDA708C6
:101580009C03C70D97FDA5EED202E806610B8D07FF
:10159000710A36FFD1F1D0F466017C0220083E12B8
:1015A000980C690EF2F5D3F610FE5806A7105607F0
:1015B000AC088402D2F2FBEDE911380ED8FBE7004B
:1015C000CFFC75FD45E5F2F905148C050505C80449
:1015D0005AFFF0FB0DFF39EFA2FC9F0217FC150A22
:1015E0000801B11C8BFA78F18F0057196CF558FF80
:1015F000CD18050A3010DFF3C61C5E0896FEFB0707
:10160000E6FACB0DE5FADCF682FA33F126FDC1F4F9
:10161000BF179804B30F6C083403AFFB041B8E0A8A
:1016200040F5BE0473EC72F319FAC6F447ED86F484
:101630003E09B7F831F7CBFA1003430B1F0B0FFB32
:101640005A0D690321FB59F04503730AEAF9211089
:10165000DE0F2F0502FC36056E0A620C9908910C0C
:101660005B09240914F6EDFF20FBDBFAD205B50E69
:10167000AE0B2114DBF73BF7B7F72C0487F9CA014F
:101680006208881510F764FA170265F866093C04C9
:101690003207860C43FCD4FE4FFBCA005B0E61FE92
:1016A000A102FDF5DDF779FDEEFE62FEB7072E081B
:1016B0003DFFAC02E70D0900F1EF77F10B015A0491
:1016C000A90F7B11DD08B106F4EE57261F08390378
:1016D0004D194BFDF90A03F6D709BC0389F26A0AD2
:1016E000BCF0DEFFF7F0C5145EFB791258FBF2EF99
:1016F0007A0B4EFAB00462041BF014F50806830F4F
:101700002AE72900C5F385EA4EF1D2F9A6FEC7FA09
:10171000AC0E850A40F1FAEFF8FDB2FADB05A1073D
:101720002D05E414D5FE3E03AFFD6C05E50B6A05FF
:10173000610C7AFDAF00700C7D014B03290620146B
:10174000140366FE9C044E0A1005CD013403BF0746
:10175000F9090E08EF07E104E6059402B907050848
:10176000990D8812B004940EE1F161F898033BFCE6
:101770008A1BB0021B072AFBDDE366D9BA0DB4074A
:101780001FFC5EFFE506891072E471DF2B0AE6029A
:1017900088FA6F0752039A0D21DFF0E6D40569F746
:1017A000EA10230F0F0EEC1330ED9106630AE109E6
:1017B00088090C0585F197FA23050700C1091FF96F
:1017C000B501910B221611198E0E760E32013BF9DE
:1017D00012FEBDFD3A0489FD9EF709F1CB006601BA
:1017E00080FBAC0672EBFFF42604D7F4A500D4040A
:1017F000970B53FE68FEBFF74200BF03A50E840D92
:101800007D126F11200446FA8B0081052B051A0DFD
:10181000730A2A05B901B811FF08EF12E702520452
:10182000CE055801E819CD0FF40FC4058A015DF902
:10183000C80CB10E3F1B781B53004A06280160F309
:101840003112AE146815BC139FE328E06CFFE0046E
:10185000210908F61214D408EAED68D38301CD07F4
:10186000FFF3790E280E0207FDD07EEAE70A310E5B
:101870001C0B5D04890B9DFEF9E1F0E3A4FF85FAE2
:101880006F0DAF1D2916D20705F122029BFEF6024D
:10189000EB120C105F0F3E10BB0575FAAA008C040A
:1018A00007052BFB430BFFFF5C144302A504E9FE75
:1018B000B5FAE00792FF73EF3E023FFAA0FE1FF178
:1018C000190ECC0A59E36EFBEC0B27FAD60E24084E
:1018D000CE16560B94024601C507B90D9306040DAA
:1018E000901A1F160302E9027A077014F5FFA51576
:1018F0006D0D660118140F1FB7FDEC0C4907240C81
:1019000048FC69F34121B616290DFE0EFAF53104A3
:1019100073070C0AB70C0A23A10539FDEEFBD2F8B8
:101920005DFC85F7B711870AB8EB77FDBF01C500ED
:1019300037092FFD5519CB1288F9D9F39B08BBFF46
:101940005702A703F5115C0307F3A3F9D80C7D0533
:10195000EA0AA0F8E7FC00FD05F537E5F304960474
:1019600030FF7E0CD6060A24C3E815FA52F6CAF1F7
:10197000020B1A042911E4FA86001E08C2E3E10AE8
:101980002A0BCDFE560569EE1806E1142E06B4FBAF
:101990002E11D807C314B6ECB21502F43CFFC1EC0B
:1019A000B30EC60F1BF5D6F7F6107F0B74FE1403AB
:1019B00010141B08080682FF990A681067140811A2
:1019C0000B15B8160B0987150507100A53154A069B
:1019D000E510160E090CF51C2814860D8F071A0049
:1019E0003906D5007D1C340D3D0BF0FF4402760313
:1019F0006AF50DFDED09360ED801480F220340F3BC
:101A0000D1063E08DC01E703DFFCDC0BB205440134
:101A1000820695FBF00D820DEE00300A26044BFD88
:101A2000E7FFADFBEAFDCAFC8FFC67FEF30CA30FDA
:101A300064FA03FFC4FBF30584F8F3FAA3090A046C
:101A400072FDE7045009511106EE61F3B60238F356
:101A5000820E000AD300F1F2010C570D8CF8CCF085
:101A60004B0AF2007CF9070B540C5B120A04E6F9EE
:101A7000450680122E15F4016D113502C5F8640378
:101A8000140B7609CDFBF4F09F2370112E005A063B
:101A90008A0FD61722FA3A14C8FEC605220C910FF7
:101AA000241320FFD913DE0FFC13C7047406B5FB03
:101AB0005102D809290AA012F902E8038AF3B705EE
:101AC0001D0274F65F0BBF05C70C87063AFE4FFC7C
:101AD00085EB0201A601660992FF4BFF75F97F05B0
:101AE00014EEA7003A0C4205270E790B380148087E
:101AF000E6FCBF052409BB07C50EBB12AFFDAB0555
:101B0000AEF8A80443F798EBF813C209D0004F17BA
:101B10004BF2C0FA2AF559E6060E24F2BA0DC116A8
:101B2000F3EF9D03EEF9062307E460F20512F7ECEC
:101B30008C132206371F131147000CFE19EE8EF787
:101B4000360397FBBC02A6FBE804E21233F79C07BE
:101B5000F20CF607241377F379176D08B6F4220711
:101B60003A0E570C5EF461F39019D70F301F981995
:101B70001BFFA30FCDF9C70F53FE56F44609CA0F3A
:101B80006B029806DB0C750FEB0543061A10FB0081
:101B9000BC034213950D470CED0867F98509E1F385
:101BA000AC0FEB06CC0B240691FED9F3EDF55FFDEF
:101BB0003AEF11F49AFA3200710AE60A2DF9CB06CF
:101BC00065FA85F7C0140D139B0825001400BDFFAE
:101BD0001500B706A4FBD3F174F6F1F8680AA00467
:101BE000E60B67FAE9F757F2930E1912F408CE13D1
:101BF00004FEF0EC11E77EE389FFCAF67114931D31
:101C00009BF7EBF8DAF7FF11E0E2CEF4FDFEA6F861
:101C100077FE62F4B71E4D0B39020708E6DEACEF23
:101C2000F2096F0E410016FED204F10DC903B6068B
:101C3000FE11B0FDC40D68FA0214721DA9E77B0AFB
:101C40008413A500DA14C509C404E602A710941B86
:101C5000A40A271120FC8A0BD5EE55E0F90CDA17FF
:101C6000AE0AD1FFDF043A0277E74CECAE13CDFFAA
:101C70004E0693142903CF01C3F1D9E6FE0B860566
:101C80006909CE09D9F3D5FE20E6B8F693FDE6073B
:101C900022FCBEF8EDEFD7000C0AE3017106130534
:101CA0008CEB31FA470A1B134802E8FCB3FC120420
:101CB000950F53FF21FDE4FC63FC9F02520A2406AA
:101CC0001CF990014C011EEA610D74FEC214870FCD
:101CD000CCF552035DF219F8E20675037D14A8FDF8
:101CE000DC074BE53CFFF2F8BBF61AFB1700EA04F1
:101CF00005EBA4EDEA20000DB702FFFA87E0D7EA72
:101D0000320315004506BF06790B76FC23F51CFC53
:101D100075F102FDF2F74B0D800BCF0209EEB7F71C
:101D2000BA02C30394171F066BFCAD03CFFB2E0A48
:101D30008504A8F11D0AF3FE23EB8CD3960C3B150A
:101D400044FA0001F1FC79FDC0E3F2E03F0AB5FA84
:101D50008405A105C5FC2D06E4E9DEEEDD03F901ED
:101D6000E50A1F0B8E0122F6F3E402EA230178F85C
:101D700008FF260444F0781525F953044FF65F0751
:101D800000FA02FF7C057D158A051EF65EF75001FC
:101D9000C20734FBBA0558F9800BF6FFC9052007C6
:101DA0004CFD3CF7F4F14202E4044408F3132B0524
:101DB000DDFB2701FE00BBFA520BC80AE20AD8007D
:101DC000E602C7EEBEFB0D00D404DDFA69F7D5F7D5
:101DD000A40F19EB6B1BCC1062FADC078DF191EAB2
:101DE000BF065F062A03A8F892FEE801620CE3FD35
:101DF0005AF5DA00EDF1EE0913FDB901D8F418FB3C
:101E0000B4F1A0F2D6108F1641F9EDEEA008BC0790
:101E10001AF643FE7D12350375EBF2E331094E09E4
:101E200078FB6CFBEA0C5E007ED0D1C68C16A60F48
:101E30000E093EFC38FF38FC5ECF30DE5D158E04A7
:101E400036074411400CC6F8DAE4E3DFBDFAE7EFE9
:101E50001EFFDCFB4305240965F3D80D23073E0470
:101E600021FCC804C916CE12D7FE51FBEC0904139D
:101E70004D0C48090FFC2D0328FDBFFAF80F9608FA
:101E8000C8001506F0031B16E401B2F8460A1FF35A
:101E90007FFE18FE8F0E270E0AF802F7F3F42D03CB
:101EA00069F6F1E0D00379FBF4F94CE550F564F9FB
:101EB00020F895F28C193B12A7FBD4F929E70EF90B
:101EC00003009903AFF9A8EF95037EF90C0343F0E3
:101ED00018FEBC05F3FBF1085FF49D09FAF128E553
:101EE00029EBDEECFD0B200C79F38AF27CF4620125
:101EF000DFF66EEDFD15DC0A7FEC3FD7340BE50411
:101F0000CCF7E9FE551220048FE936D7C6124805F2
:101F1000800031FB3C0D071498C30CBF740A2301E9
:101F2000FEF97B0AC1FDCA0421C34FD26104C80770
:101F30004002B103F901241C22F98C0E67FE40FC1B
:101F40003CFFD7082E09F104DA0C20070DFC560CD3
:101F5000C7F6C5F3F30AA0FB44086EF1AA02BBF66C
:101F6000A303DEFB8802090CCFEBD4FC0E080DF1B5
:101F7000A10077FCE1014EF8CDF387F886F8EBFF7E
:101F80009FF240E214FAE7FFD8F2D0E602EFC8E988
:101F90002A02B9F47B0A60FB6AFD960284E701FF1E
:101FA00066132EFE6C0C5100F0FA6DF6440344F3F8
:101FB000AF015300AA0B780043077A02C8F49BDDF7
:101FC000AC018DFDE00C4D167F06B5FAA6FA34F78C
:101FD0003DFE05ECED12920E1FF33FE3E8093B05D1
:101FE0005EF248EB08FC4F0A89F12AE6D7111F136D
:101FF000B4EFB6FB6409300492E7FDCC100F460C39
:1020000086F7E5FE4FF775FFA1B99CD3DDFB1DF404
:10201000A8EC32FE1A04C20CA4073D18ABF77101FC
:102020006504D505AD0764019F075BFC71F9EF02FC
:102030004FF88CF8ADFE63F9E7FDF0FE67002A0665
:10204000D8FB9901410637049B03EF01F400E4F447
:1020500098F127FD97FA7F08FAEF3EFA6AFFC7E783
:1020600043F6D4D797048AFD4BFE21EA67F736E1A1
:10207000160ED3FA8F0EA014C9EDBEF01DF96FF342
:102080000803300CBCFA1101DE078D079A005CF3DF
:102090006E0A2AF6AA024D08A101CA02E30087FED1
:1020A00054024AFC940FF30D310097F06EF3E7FFF2
:1020B0007BFFBAE7EC0333F806F20FF672024FFC2F
:1020C00081F9FCE92B03FDF4FE01FDFFD306CAFBF9
:1020D000F8E8EAEFC8FB2DF38E031FEFD5110003DC
:1020E00049F396E874FC61FF5DDFA5E653FED4F684
:1020F00006ED370170062B026416BB1F14F6F8F6C6
:1021000042F7E4FD74F9A8F9161F030C03F5B100BA
:10211000FD07F000D4FA19FD87FE05FE9DF4BCF919
:102120006A0694F68EF4E2F5EE059B041B07FB04A9
:1021300062F5E5F522ECF3001CF5B00376F52BF320
:1021400053F9DFF39601AEFA2A0EEA0B2FEFC5E43E
:10215000DAEC8CF3B001E2ED12EDE2F2DFE69AF890
:10216000F704B80B02052EF81CFE9D00C8095D0A95
:10217000CE04EE03E30BA200390C4607AC0395F640
:102180003204760D73035DF3FD0388F387FD550478
:102190004CF974EE94FD4FECA10A6C022EF1B5FFE0
:1021A00037FA38EF88FBDDFD5217371205FCA3F430
:1021B000ECE3A0FA05EBC4ECD0FA860A9F023505E1
:1021C0009FF65EFE1EF0DCE9AEF2D8F740F54CFE5D
:1021D000D5F5DC020EF2C5F30E114C28E6FECEF466
:1021E0006104020BE9F093022116D31962F3DEF1C8
:1021F0003CF3550DAFFCAFFFA416ED06C6FA69F827
:1022000081F86B0017F6EBF819F9BAFDC200CEF6AB
:1022100084FC1E032CF2CFF4690D2B038FFA15ED0D
:10222000D5F8D80F791220080B0D9C18B1EE88F262
:102230005BEB5AFC480711FF9F0009FA59F640046E
:10224000D8020E090EFEE8F41804C0F6B8FD4EF9E7
:10225000C2FE1CEF1114EFF5BCF1CF0B58E9D0E929
:102260007EF98700671210F39408DC0241FE7B05BB
:10227000350D1EF85AE768E8FA11210B610623FCB8
:1022800010FD2EEA06F4D5FABE103D05DF01A907C0
:10229000B7E3D6F571F50EF5A50CE6F84201650D2C
:1022A000A8F48CF7BAE8CFEA26F4F4F9CE03D2F713
:1022B00090F7EBF616E9B6F55A170218E5F38AFE21
:1022C000F4FE36FB71FEAFF4631A2B0631FB61F4AA
:1022D0005BF47EF238F466FBA60FA70BF7F846F026
:1022E000B2F40F06A702A9FECB08A41167F419F5F2
:1022F000E001B0F8C0F4C30185F744F8FCF13DF407
:10230000130AA3FCD6FFB6098201F702F0F2B9FB6B
:10231000CFF0B0FF6AFD80FBBC02BB006EF0AF0ADD
:10232000A7FB1FF64CF671FC93F624047EFAF5FE2B
:1023300055F16800240B3AFEE4E65DF959FE9BFD79
:10234000A3046BFA22013CF1EF039B11F601E1F5C6
:10235000CC022609F2E9D8F9E407C5017B00AFFEFB
:10236000BBFDE0F00FF4F2F76B06DB049406380EC9
:102370008AFBFFEB2A010BF37BFC18F08600990A1D
:10238000A4F81EF58DFE9FECA9F33C076A03350700
:10239000EFF3AEFDE9EC9DE416FF6E194C0B360130
:1023A0002CFB2D0EABFCA8F22606D407E7FA3E0361
:1023B000ACFAE6FBF9EC7DF88B113702BBF317FCA6
:1023C000D3F273FB97F48404B40A78FE53F758F100
:1023D000CC02A5104CEC78FA41EEAAED3BFDB1FA27
:1023E0001E0F9A049F0C341718EE98ED42FE7FF8EA
:1023F000ADFFA8F84E0BA50303FD35FBD9EF77051C
:1024000093061409870077F686FAD8FEF5F869FE78
:102410009A0114077CF71F0978F5D6EE03FC200318
:102420008E0EB60B0BF33DFE190C69F8E2F332F297
:10243000460F190A940550093EF1EAF2FFF9EC0043
:1024400095061E00FCFFDDF794FDC402E205E8F8E6
:10245000F10653F76E02BC0358026BF230F982F5B5
:10246000FBFE290142F9F4F3B7F9960730F8540A54
:10247000860292FFADF6CEF2F50B740F71FA27FDCE
:10248000250C8405C6F6E6F6740D170E1B013900FF
:1024900047053EF074F93FF8CDF7D907A700FEFADB
:1024A0000E01EDEFA8F61AF625FDC5F51FFC5B033E
:1024B0004A073F15BBEEBFFDEEE2A2ED0B0853F954
:1024C00061082A00EA1CC219E0E42AEC760BF7073F
:1024D000C704F5FB0E1594FE5D03020891EF2EFD77
:1024E00048F6A5097BFF94FD4907E8091FF743F962
:1024F000840CC910D3034707C20A04FEABFBFCF6E9
:102500007B12A0181CFD52F5C4F038FFDCF9720FE5
:1025100090115B1C8DF8A7F7E7EAEB00020640017B
:10252000DD040A11A302C9F84BED94F4B40305F9D4
:102530009A14B511DF0742F6FBF1E4FD5201C0F633
:10254000F315670E19F3BCF94108FCFA490866084F
:1025500053167A063FEB24EB2700F704A4FD9B07F4
:10256000051B6400FF03D50FC311E31510106E00A7
:10257000FCFF1D0756F9E401B6F8BEF47BF7B9F885
:10258000A1FA08FBEC019C078803EBF95707CAF78F
:10259000D31054173712E212E1F9B7E0DCF2AF0EB4
:1025A000C8F98EE95116C3087EEB81FCBCE5F0F258
:1025B0000BF081F93A0412F8BD084CFEE002E5FC8C
:1025C000C1F88CFE61F990047405F10639F618F82B
:1025D0006A0055126B04E70AA8001F0A3AF8BA13FA
:1025E000350EC2263F1F1A073AF2D4F2E70E7106E3
:1025F000661DF61544FCA7EFDBFEA0FC0E04CC0123
:102600000518B4185FEEDEFC78F9CAEF76F8F4022C
:10261000D02AE91CE3FC8108D6ED1A071807020B43
:10262000A31191113EF30505B10F91FFC7EB39F6E8
:10263000DB18BD10FCF2B0FDBB0A6B1E550EF0FEA0
:102640007E2A3C22120CB3018D08C4FC260A7505B3
:102650002A1E7828681183FD9200970180F987016E
:10266000040E3E1FC60D1C16EB0B031A62FC4F0036
:10267000231D65201E2F8027C61A860300FDC2F089
:10268000142320FAD9220616A4F88D001FE2D2FEE8
:102690001DFE40002102720078FC67FC3801260410
:1026A00012097D0980FA72063008A8F6D4F8FFF501
:1026B00020FB9106320335FD76039206F602EEFE0C
:1026C0008D06C70732FD9FFD1100ADF9B3058D16CC
:1026D000280A5A1E04010BFC46F5F2088707471D1D
:1026E000AC1E4D1BCCF62F063921A000F61E35126C
:1026F0008C325C282E053201C3052A069213AE00E7
:10270000C928D03478022A0A9C146A1B471148074A
:10271000E330771D580D6D0F9412FC27121A4701F4
:10272000D3248529B60EB801F91DE1FF0504200860
:102730005D23302C31FFD50BF90BF412E0FC82FB4A
:10274000712DEA1A950D301244143914F80AB91E85
:10275000F727C619230AE0F8E311A7004614F41777
:10276000FE001400FFF224039704D0FA410B8F07F8
:102770006CFA81FCCC094F0A36FB02FA61F8670556
:10278000FE02AFF55D075F03B8FC010004FB2908FA
:10279000AD04ADF8EE07E8FB37FD7006F3FBA404CB
:1027A0004BFD4FFF7401DC0A89FC67042EF0BEEE7E
:1027B0007610AF106FFAE805A30E2B05840A5609B0
:1027C000AE0BB30D6FF65F0B3208E119F7FDA809E8
:1027D000110E8710DD1AA4145116AF0FF911D80984
:1027E000DE1BA81BB80AA8169919D01F40FD2700A8
:1027F00040160818560C02FD73123208C910410623
:10280000700775171E0AB0072206281C51066A10A9
:10281000F9130B0DF0025FFB640B14044C07EA0F75
:1028200006FEC4FE15FFF00DF60D84FC811306199B
:10283000F110540588089708CF0662005C0CE6008A
:1028400057047FFF8E00270796F5B301C708CEF81F
:102850000E07FCFE3AF7D5FF6706D6F672043D0A6E
:1028600082FF170473FA7BFFFC06050A1D07160A90
:10287000650068008E04DFFF63071B04310A1A0637
:1028800076040EF82208F308EFFD0709E6F668095A
:10289000C1071FFAC1FB75FBE1FA53FDFFFEF1FF13
:1028A00066003BFEB9F58702DDF501FDF2F88D0506
:1028B000EAFB5903D3F759F7A4FE80F7030479F82C
:1028C00032FAA0FCDA07E0FED7F581F21AFEF1FE3B
:1028D0004E074A009C0359FFAFFF7904C5FAFAFB83
:1028E0001D0100FA3EFE2800B5F7A3FF88070D087A
:1028F00009064406F3F86DFED0F8E0FDB5FAE302F0
:10290000F20715F7760A2B0654F7E50451FFB405D4
:10291000670803F7A4F92D04B0FFE7FE20F9C9F713
:10292000F3FF1903C4F60301180098F9DD038AFFC9
:10293000E4066E039EF8CAFB4A08BFFF80007FF9D9
:10294000CFFE7209E6041106CB065DF708FDCE0343
:10295000E80630F82BFCD300DCF642010302350414
:1029600014FFADF46907F2FD1FF9CD020DF7B3FDB9
:10297000230103FC0D0A44058CEE03EA45EEFFF645
:10298000F6022AEF2CF8F8FBC5F7BEED7DF9C9EB8E
:102990009AF276F6CDF4DF010B078BF970F13BF379
:1029A000C6F64CFF53010BF9FD063306ECFDA2E819
:1029B000D7FD94FE3E0641FCB8070CEF53FCC6F46D
:1029C00015FD06F96DE62EF2E8F6A7F6D3FB4CF9F5
:1029D00069FD61F877F08BEC4CF3B0F026F7E9F283
:1029E0001FE84CF799FC8702C2FBE8F8A4F47FFBD0
:1029F00053F132F2DF011BFB6BF5FAF598F9DE02B9
:102A00004A0ABCFCE206E4FB1EFC7F01D505450A30
:102A1000AAFBAF08480127FC09F8660A46FA51FBF1
:102A20009A03B8FF4007ADF98B025000DE01E503C1
:102A300004F7E9F61E0340F819FE9700960402FD1C
:102A400086FCC8FDB7F61002320A2FF55C07CDF7F9
:102A50009BF2C6F7E6F5CBFE07F14CEB3AF8C2E87D
:102A60007FFA80FAE7FA5CF84BE4AFE1F4E629E894
:102A7000B6FF1BF795F017F129EB89E0E5EC19EEAD
:102A8000F30185FA59EE21059ADBF9F1D6E8EFD882
:102A900083F40004DCF15FED71E769FBE2E1CDEA6C
:102AA00029F3CDFC19F61DF4BC0327F475EC81F66F
:102AB000C5EB4CE0A1F14F0020F0FBFB49FB3A09CC
:102AC00084E4A0EACBEE95FA12FDD0FD61086CFD1E
:102AD00014DEE1F48BEF4EF793F313F719F46DF175
:102AE000F304B50442F84EFD54EE02FD29F74A08FE
:102AF0006D082909F4FEA6FD13037708D1FBBDF785
:102B0000C6F893089009C509750885FC2E0368036B
:102B10001A139DFFD30004FC14FEF4094AFE1DFBAA
:102B200091FE36028EF109FD6607E5FEC509ADF599
:102B300014F151FC7BFCF70614EDB6FA74E8BDD530
:102B400017FB880881EAE7E3DAF781F4A6DF62E1A0
:102B50001708BB0124E5BFEE96F4FFF2DED260DC7D
:102B6000C513B30BD6F03EE6DAE19CDDC9DD2CDE01
:102B7000C9FC330A83E6ECE636E9C5F993E988F93E
:102B800042F9D103B7E6400287F8CCFAA5FC450626
:102B9000E3F04DF9650BCAF93EFD350521121DF92B
:102BA000A5F679EEC8F449FE0508910836F7D70175
:102BB00028EAA8E6ECFF78EF9DF14E040AF8690BCD
:102BC000D4EE49FB87F01405790B10FCAC0207E842
:102BD00048F14600F001110112010BF720F9A1FEA6
:102BE000C900EDF899FD96FD62F65FFBDB099E0AD0
:102BF0004C0756055500080111021F083A0DAF0F8A
:102C00001DEFDBF8B9F4F8E5BCF7C6F0D30E1CFFF6
:102C1000AD14E2FE28F1D9EE51EFB20DA1F5F7EBBC
:102C20004B10430E87DBF4E591002AF9F7E7D5DE78
:102C3000B31BB81381E615E6F1F2C5F66DECFEFDA7
:102C4000E10C501547E860F58AF375F6D5F45BF2B0
:102C5000D50D4802EDEA0BFCACE728F806FB50F472
:102C600018048CFFD4F3C90003F52F0645FE550C5C
:102C700009FD6DFB3803CFFE16111F040C05590822
:102C8000BDF853F71DF4CF01C6020F02EF0EEB089B
:102C900089F6C1E512FE24FC4903511260171E0C8F
:102CA0004BF58C08EB016808FD236F036300D5FE2C
:102CB000D003C0FA73F87DF245FD8D0608FD50FB88
:102CC0005F09B6FAC2F9FC01C104FE0993FC9CF944
:102CD000B50B221356FCDF0547F0000B50127BFBAF
:102CE000EFF84B0505031B1367EF11F748FCE50FE1
:102CF000200C4701430201F581F51F00B311650166
:102D00003302BBFD47F960F3E7EE13F58BEFE2F317
:102D100031FC02FEAEE92CF891FCC30B1CFCD70081
:102D2000BA0F1011E7065FFB41099D0AC20155F574
:102D30007C03621144FD4AFEE200680B470278FF03
:102D4000990D500FADF60BF470F9F40855FCA1077E
:102D50003CFA0900CAF4F20907015B0744F7B5F829
:102D6000E8073D008D0140FA460445FE6CFAB0F6D6
:102D7000680CAD0595FA2BF433FC5906950D93F2CA
:102D800076F4B7FDFFF645F6BF09080E4E04EF07CF
:102D9000DEED0CF27BF751FF62FC6AFD38F5FE01B7
:102DA00044F74F0893F770EA8FFA6AF7BF01E2051C
:102DB0006FFB9E071203AEFE981129EBDD0E450056
:102DC000E4FB0701340AA2F937E6C0FF87044AFC96
:102DD0007D0C9904D0F7DFF28302BA077FFEB8FDBD
:102DE0002F00E1EEE6EAF0EC9609F6F966FFF3F65D
:102DF00009F3A7F7AFF21C0AD10CD60C8D0C4A0BC5
:102E000022044B094D0A9C00120B280DB20A36020F
:102E100026FD4B09A2FD1F0193053FFF1D04CFFCBA
:102E200062018EF83CEFF0017C04C7FFC5012CFC69
:102E30003CF8DBFA94F644031004D3F704023FF5A0
:102E4000D105C7FE85FCBFFF4FFA74FC1F0185FA50
:102E500024019B056407D00A3D027EFE4CF727FD46
:102E60002EFD52F6D40C3AFB85FD000DB6FCB6F5EE
:102E7000DAED9AF0161279045C09FA03F4F80DF70A
:102E8000BD023CFDD006AEFC700110FE2907AFF577
:102E9000C5F60400F2FDB00C5800AAEF2F053F0361
:102EA0002F1B7611C0FD42F970DBCB002DF42F0AE9
:102EB0006B067E03B1FCE5FBD0FB29FB0204E700B7
:102EC00015EFCFF05CEE42F2D80F8F03130D8300A5
:102ED00007F882FDAA09170D4609180CC906CA0A87
:102EE000F8EB7903711C4A06A212D903D60305FF39
:102EF000190A2309B50587EEB604F5FF12FC86FD15
:102F0000A1000F0219F73FFE25FD8809A30955FC12
:102F1000F4FCF6F644032F03C5F9CD045FF754F82B
:102F200049F5CAF11008C2FA13F47AEBADFF60FA62
:102F3000210198F9B004E12165F394EE5EFD7F0074
:102F40007EF325F03E1183FF13027A0894F6900772
:102F5000BAF21EEC3A1527F208080D01D10EECEF7B
:102F60005717CAF275EC0DF9A1030FF77802A9EA19
:102F7000DCFF080FFBF60D03A90A66E5EB09440C1C
:102F8000D909EA0D56040AFA80F3640907F70DFF20
:102F90008A01E3FF3DFF3F0DD20A60F879094A003C
:102FA00056FAF5EC7500AEFC41112D037DFEC4F917
:102FB000E4E8B4F35BF66E0F1D0835005F08AB0361
:102FC000B9F60C12750D940ABCF86D005C079EFFF3
:102FD00076089C05150680FB8E015C069E02640245
:102FE000F30D2D039BF6F4FD0FFFAB03570BD90533
:102FF0008F039E04FF059BFB55FB08F733034D042D
:103000008DF26FFDC1F7D50369F9C004BA00080657
:103010008AF1A2F042015D0E32FF9DFA3E062DF9C3
:103020003DE633F0751BF033D50A68111D18532A9D
:1030300031F4BFF2AA1644FCA9078AF4EF0A610929
:103040005EEEFAF33A05520E7B0272F55A02F1F582
:103050000107ECFE69F228F4D6FE74FBE50B570B72
:10306000A0058D06EAF9C4F150EF5205850C6BFB03
:10307000680172FBABFF0BFB5C067805AD0614091B
:10308000A0FA14F8FEFA86FCD0013CFD350460FE7F
:103090005AE5B6E423F9D1122C1091FF210015F462
:1030A0003507D40FE817301355FB10EE43F803F53E
:1030B000B007870ADDFF93FD3003E60634013D0BC0
:1030C0008604AB0D2EF6B7016804A7117A0C8F1099
:1030D000CC0D1E0BF3FEBB07C50150FD180389067E
:1030E0003AF5ACFCBEFC49141BFFA8FBAA06510232
:1030F0006BF0CBFB1C11471606F7BFF1460D3406EB
:1031000083EFB3EBB82A3431DA098D05D01B961E54
:10311000A0084CF7AA219510B70AB1013A053BF473
:10312000B6F2CE067B01A70208FDFFFD46F473FA56
:103130003B030300BB016AFB45FF54FBC404E613D9
:10314000E504E2FABAE960E43DF48606FA02F60222
:1031500069FBAFEEA3EA79F8BE1794194AFF9BFD0D
:103160009CF7EDF0E7EF28F63E1114122C062EFC2A
:10317000ACEFF2F7ECF6220EB20B63098FFBDDF138
:103180002C0B2D080F05570934F3ECEA99EB9AE75D
:10319000E60444FB5BFD42007BEF750112E1250272
:1031A00041099608CDFDD003AB023F13F5F762024B
:1031B000430A37FF31077C0765097EF67C031AF95D
:1031C0005AFFA4EDD4FE47113104F5034A03D0049D
:1031D00082FFC5F0680F8812770163EDC8121F18CF
:1031E0008EF675F0E326B22C76F164105027412458
:1031F00055033B00A50C460BE705A0FF62093CF018
:103200003D012205190BDEF67E04B1F33EF9EBF029
:1032100061F42B047702CDFB6EF89BF3D5F97DF1B9
:10322000B0FA1CFDA1F9A6F144F2AE05CCFF92055F
:1032300060F85EF861E3D6E1AE1A9714580A5DFDB6
:10324000B0FAA1ECF2FAE2F1471209FEA60AC507AC
:10325000A0EFCDF10BF7E110170B53FF9CFA5CF2D6
:10326000480CAC0B960BBC029CF11EF4B8F821F58F
:10327000860DAF0AD2061C00E2022F06CCF204F73C
:103280004200EEF7CA0768F616030118D3021405C8
:10329000AC026F0868F039F7A1FD410892034BF7C3
:1032A0001BF892E824012DFDBCFF2A040911310905
:1032B000E8F129FB6C13CE16E5015EEFC61F381D41
:1032C000A6119116831BD70F4EE86A02CC23632800
:1032D000B40D48044624560E870793F9DD1A0FFDF6
:1032E000E2FFC80583FFEF041A097FFACDF7F4FB6C
:1032F00024F7AE053F0B0609F1F4B8FC38F811EEDF
:1033000028F7B6EE2CEC07E7770C8D0359FDD3FFB9
:103310001DF4DDFE41E779F4531338054806F1103A
:10332000ABF5E8ED6EF939F76505FBF438075BFCA2
:1033300087FBD9057BFB45185B015D01BD0C810650
:103340008A1FF30FE516B10B46F56900FEF3BC09C1
:1033500055FE63050A01391511021BF30708E2093E
:103360007708F8FEF0082EF5BEF64D03EDF66AFB81
:10337000CC00FC042EF89DE38D03B6075BF878F9CA
:1033800007F5FBFEF2FE0A06E01599013A149C10BF
:1033900087FDD6068BF6B70CD10CBB026717C81E8B
:1033A0007D151902E119CD151FF7B6F7E80D8A1B37
:1033B0005E0AEBFF6F08D90E1701A6F2C20399EB64
:1033C000B4069CF7C8FB84F60F00EAF81D0B420315
:1033D00079FB1BFDBD1108FB0CF899FC83F63AE85C
:1033E000A7EDEBEF6CECACF12419B913FD02FD086D
:1033F000DCF482F0D0F5B0F5D1FD4809E50D3906D1
:1034000064FC29F9C0F9F212F60280FCFA0E5A188F
:103410005FF68D0A7F05EF026D0864F4E4095D1222
:10342000E81FE718080A2CFE3C06D5F1BE0A9106F3
:10343000D8013208180E5B1566F003F5B404FC04DD
:103440006DFD77070605D701C8FEB00A290393036F
:1034500000FB85FA87E62EED7A032E0872FBFAFF51
:1034600088F9AF06C6FA87FE930B6D09600E6DFFF3
:103470002C03AD04D3FB82FF290AB5FFCE0FB90E92
:103480009F078C05AEFDBE0F75ED40FB0BFE52ECA9
:10349000FB0FA707BB025F0404F378F040F592EF3F
:1034A00047FAA407000893FE41008203DBF9EAFB18
:1034B00043FD5DFD8B053EF404F45F0C1DECD6DE90
:1034C000D7F641FCAAE90DEF6114B5117EEF3B0080
:1034D00020F7FA01C1F79B03861088136A0DE10BF0
:1034E000AE0086F9B7FF850DC502BBFB341F8C2BE0
:1034F000AC02E6106A082F0191FF8FFAEE157319DE
:10350000FD0949055EF9F109EAF68A02570CF70D43
:1035100086050800E5247519C3F6CAE78510090772
:103520003F086DFC2203930023EE29018111460917
:1035300092FF46F7B8F5B6F751083A1223FE630436
:1035400011F43EF4DCF484F5510E0310D3FBF805BE
:103550004BF6C1FB7DF557F933116711CD0B52FCCA
:10356000E3045105A10FC200F2FC81E9ADFE4FDB7F
:10357000C4134106B6F21504AAFBB2F95AE290FA56
:103580000701D0FED20DACFE89091DF91509CD0346
:103590008B0F8DF37DEBEFFB17E94405380A96EEB0
:1035A000590647F94104EAFF0A26FF02FBF60BEF32
:1035B00076015D0730016DFD550C6D00BDF2CB0746
:1035C000DBFF8FFBD903460A0D09370208167C275B
:1035D000BFF7AA0529F54CF087FDF6F9D72FBA27D2
:1035E00017F98F11CB032C1216F293F18420861E4B
:1035F000130AE40E1C1DF5126FEBBCE0600EEE0C1E
:103600009F0FE8F11007AD01BDFCFA05250E3D0046
:10361000FDF115FFD1F177F531037E17E0060AFCC5
:1036200043072307B7F9EDF8360D0A0A16F4220C02
:10363000D6085DFFC5FFED0EDE0757063C10FB0404
:10364000CF005A016DF7EEEC14FE11F272E463DC68
:103650000712AA0CF9E729FF420410F096FA09F0C4
:1036600046FAA2FC3000EBFAC9F1060463F6C40F77
:10367000080F720574FDFC0893021FFF80FEF5F031
:10368000F1F9F3F7F8016407AA12261869E6F8D0F1
:10369000A7F6E3FCE1F6C5EF65FE8004E1D7F6E4AA
:1036A000FC06780B76F9DDFADCFF26FBE1ED1C0D5C
:1036B000F3F9B5FC35F536EB810188F53512521575
:1036C0009CF96E0D9B0AE4189CFDB6E37D21261F34
:1036D000EB11B7076519AB16E8EA68E3471A7A14E5
:1036E000E5F8FC04EAF408EAC2EB2E063205D4073A
:1036F000F3033D0920ECE7FCD108DC1530FDD6FBD7
:10370000FCFFB00E77FFFAF71B1728F4A6EDBE03F7
:10371000BBFB4AFC54F699FC6CF8D906AEF8B7F836
:10372000770996147AE7C5E5D8F74BF5C3EC8DED2C
:10373000F619011109EF76E6EB011C0158E431F1AD
:10374000690534136C04F6F54401E10628FD070B06
:1037500006215804E0F61EF706F551F6630D42F215
:103760006B0619FCB0082D048407C60704E67DD259
:10377000850BD40C5BFAEDF66D0626F8DAC2DBCECB
:103780001DFFC80C61FF53F7B3F8390744C9C3E5FF
:1037900071040B053FF967012BF8450065FB74FCCC
:1037A0002CFC6F096CFD6D11AEF878F39C0DD614EE
:1037B000C60BB002B4181209EBDE87E8EC020B105E
:1037C000ABFB6F025EF222EB6903EF04A90322FC5C
:1037D0009A0553FDF5F3C901A21D790FD9EF7AF1CE
:1037E0002303260CAEF911F5960DB202B8F4AF081A
:1037F000210C2801A0F60AF033FBD6FC90F8D8F88B
:10380000C0FD35F9520016031FF258FAA3F0F1F388
:1038100037182A1122082DE100104A067CF83AF7E1
:1038200025EE78081C099CF626F460EFF8F9790378
:103830000D126D16FDEC63EA78F748FB7CF553E753
:103840001111D31310FA2900B901F8FFA8E64BE3D0
:10385000DE01B40CBD03530028039A04EEDBB7C4A9
:10386000EE056D0759F88AEF6C0616F85FB21EB5C3
:1038700066FA8AF592FA5F08180A22FDF6CB09E487
:103880009A025EFBC60D0D1242FC58E552EAABF4FB
:103890006EFC8406DA135800E3E433F989FDA206CE
:1038A0009DFCF3F572D80AD78D004716CAFBBEF30C
:1038B00009FD6FFA80EEEAF1681473070CEC4BF720
:1038C0007B0AB0FF330988F007062FF058F494F60E
:1038D0009305760365F054EAADFAD8E996F465ED00
:1038E000C006BC0130FBC7084AF5F3F62CF06AE8C5
:1038F0002807D90E0D0E030AAE034F0D72055CF4B6
:103900003602D0FCE0FF2E097DFB2AF26D0276EC38
:10391000FBF45215F6F77BEDC9004507D4FE13FD05
:10392000460D730EC3FC3DF7A70A740A93EDC1ED73
:10393000C50F45129CF9FAFB5BF9E8039ADCC0DE7F
:103940005806B0023AFD0BF670F997FA79D300D019
:103950001B062F064AEDB900BAFB0C0CAFDDDFD514
:1039600016FC7606A9FA2713FFFC24E7FCD71EEA0B
:1039700025092CFB05FCBAF5B1EC3408F5F6CCF7BB
:103980000A080E0091EA34E6EB03EB09AB067BEF85
:1039900038F3C8FF35F48EFC6A14EEFE00F9F0FB34
:1039A00012045D03BDF382F1BD038FF757FAC80718
:1039B0006F0B2B02D8D844DF6EF1CFF2A8F193F54C
:1039C00085F733FCE3F8DC0D970350074EEB5D0100
:1039D0004517200D73016507F6037A015DF359F76A
:1039E00044034B0F30058002A0FBBF06ABF6C0FCC2
:1039F000DCFA7A0FA6E743DB61FA53110C031D0CC6
:103A00007A0C9C0525E7E5F9B804B410740935086B
:103A1000D9062C1132F5DBF7150120E817F723FB47
:103A20001405680A83EF62F134FA3300D1F3C3FB63
:103A3000CE0386F9C705D20BC0FC35F4E4E9FAF5EC
:103A4000410565F6510B230E53F764FB08E6CBF8EE
:103A50004BFD06053D0566F952F52F030FFF02FCED
:103A6000FFFC310AC2F52BF0C80F51160301F50611
:103A7000240DF6FABAFBB6F93C0AE0FD07F4FEFFA6
:103A8000DD0F6D0986E925EB63ECB5E892FDC7F71C
:103A900089017E1777F5E8EDCEF96600000B18FC7A
:103AA000910451FDCFFC63041E152E16A1F70302ED
:103AB000570998011F0C8403C40A19FBE4F25E0540
:103AC000E2FD4314BFFFBFF78FF522017C01770CA5
:103AD0009C256F257BED7ADBBDF7C603880DC708F3
:103AE0005DFC74F771F475FC52067C0F1E1B862476
:103AF000D4087602F1F6F3F977FB3AE7D818C91E35
:103B0000210202F50BF475F3DEE780F42A101D1193
:103B1000AEF24DF9A8069D14B6F00EF30E12080A87
:103B20005CFE98FC271C680C39FFC9FB60F4EEF9B9
:103B3000F6FC50F848F707F5E4F2700E53FEAA07BA
:103B4000FDFDE60844F06CE9FC16A7051500AB0086
:103B5000C101470575EAE0EEECFF340218F889FC74
:103B6000A10EDB0293EB8CF226EF1A00B3F488006F
:103B70007214B104E9EA79FA05FF6608D4FDB300CE
:103B800007FF39002CEA3CF7EA1CA7079605150346
:103B9000F11539FC3CFB8DFECC10FBFBA5FA94FA29
:103BA00052FD72042A04F5F92CF986FCC105E907D7
:103BB0003617DA12FDF230F08CEF52010DFE83055C
:103BC00044064C0319F45BF67E033CFB9B18AE25C0
:103BD000FF14A80416FD8A0EAEEA0DEB5C0D6A1CFC
:103BE00012F8030323F3BD040CEF92F158140814E8
:103BF000BAF4D901170F811810FBA2EC8915C10581
:103C0000A8FB64F524127005C3FF2FFD16F8BCFB5A
:103C10008BF515046101B5EDC3034203FC00D70524
:103C20004AF0B00134EA3CF8B505CB1277FCACFCA5
:103C30003CFF440850D4B9D79E04D901ED02ADF839
:103C40001812390604EF76EE42F5C202F2F9B9F520
:103C50005D0D64FE53F8DAF92C068512C5F26B058A
:103C6000B60EFDF34D008D01F80E7A03840ABCF9FF
:103C700008F84EF75808A5FF850B9C08F9043DF994
:103C80005D0AE9041800780A4DFD1FFF20F6D103F4
:103C9000480760173BF1FFF08AF43C09E312700D0E
:103CA000E401030512F26E024FFA6F03E7160A19D8
:103CB000BD042D036508C20099EBD3E959126B0BC3
:103CC0005A082C103DFDCDFD9EF6D1F5741CC9108F
:103CD0007710FF12FC0AAD0F0B0383082A0DB90001
:103CE000070EDB0968196907B0F99CF7BBFE5E0B8C
:103CF000AEFC9AFD9DFF70FD340BEE0B75F8F5FBE5
:103D00003908D9FF50F2D9E6720C4FFE220393EE28
:103D1000A308880031C83DD941088EF615F17FEF20
:103D20001412740E54D5BBEBE700FA0CE0FE9DF8BC
:103D3000B405D3FCC3FCEAFD8D053A148FF7BCFB38
:103D4000B3F8A000E8F93CF89E13E4024DF37705C0
:103D50003AF4C3FB570E0A069C024D01EE0605031A
:103D60007C0898F8440734061402200294F98A0863
:103D70003B0A1A0BDC024EF6720C480C7A04C51290
:103D8000ECF628EDABFE4C055FFC6F05D40E4D1232
:103D9000BFFC1E044A03AB074F00D2F06DFF1F109B
:103DA000D602FF086E035B032DF65FF5C7072A11E5
:103DB0006B00B60F850BE4100FF12001521C3B087D
:103DC0000C011C07C90B1B05D7049A03ED03B800AF
:103DD000F314A603DF05E5F5A204A20179EFE1EBF8
:103DE0001A04F4EE3AD5D4CBF50A21037CED52F552
:103DF0006AFFD41195CEADE873FE8E0A83F929EBE4
:103E000007047C085CF28AF7D014C00B6AFCBCFD86
:103E10004C047CF34E0736017105F0177CFF1F132D
:103E2000CF0457023506A308F9026BF474F6E7FADB
:103E3000D005BAF97B0E920215FC41F7E3FC89FE2E
:103E4000E4077BF95EFF82FDA5021C003D086F07B9
:103E5000F902E6F9B3F39B0EAD02DAFEF4FE58F078
:103E6000C5E7CCFBA007B6FAB008DD0047FA271C6F
:103E7000CA0142ED85EA15FF860EFDFFB104180C5C
:103E8000920153FB6501170110EED600850B500E11
:103E90008A00BEEEA0FE5F077A0067FBEA0E5D0BAC
:103EA0008EFB19EBFEFA5E09B6EEF6FAFAFABFFEE1
:103EB0000AF1B6E1F90928F257F185F395F63AF0DF
:103EC00044EEBBF73AE465C98DF9700744F90FF287
:103ED00071FDE1F91BDA56EE37FF760873040AF933
:103EE0006DFE65FD33ECB1FF1D09C110D7032A1526
:103EF0003901140FEEF5C0084EFEB0003B10DB0E8A
:103F0000DA0081F7C30E73FE1F0085035DF9110609
:103F1000A20BEAFC0B06E5091CF581F636047408D1
:103F2000E3FD0A0190F689FD46FD60FE120590FA58
:103F300002F859FEC3042F0460F75BF9EB00C300DD
:103F400084EE3AF248F2F8FA40FC9D11560F231421
:103F500028F511E21E007AFAD40862072717AA0092
:103F60006DE11FDE30FB6EFD7EFD9A0B2D023804E5
:103F7000E0E543EE47F685F664098FFF3300A0F6CF
:103F8000C6D111D065F45F01E0FB300967130C075F
:103F90004FCB74D446FE3DF8AE044D12AA0AD708A2
:103FA000C6E943F7C3EFD1FE3811761105036A0A5B
:103FB000FEF8DCFA97EBB3023FFF90FCF705F3F451
:103FC000A5E487D09F0793F1080F9F11D70EF0113A
:103FD00075E353F4E3FE1010290F991325FBDE0659
:103FE00098FBB408D5FB12FDE10421FEF20BC0FCE6
:103FF000AF00D500740A080545011DFAE4FC78FA03
:10400000AC08520638044B055809F4021303F5FFB7
:1040100073FE52F77E00AFF7D50575F617F9590212
:1040200060FF2D01A1066F00CBF68CFFE5F60FF5C2
:1040300099FF8EFD58F61D05F507170F66FEC006A1
:1040400040F26FF221065EFB9E09C0F9860619F860
:1040500023F266F76300DDFD29ED7DFA3EF0DAFA22
:104060009FE989E69AF2F2F909FD35F3E1FD78F866
:10407000BBEEDEFDD9F63D03FBFFF607F8029F100D
:10408000B3F88AF275FA4BEE7FF7BCF27105420283
:10409000B9EFBFFFA3F137F45B0C2010F309590807
:1040A00067F7D0F448F669F9F70E27F9E60795F3B4
:1040B000ADF703033DF8EBF8C806E6F71CFAA0FAE3
:1040C000F107BC068EFD7A06F501A0F66CFA6D00CC
:1040D00079015908C3F991FEA6FF73FF1EF7D703B4
:1040E00072FD5105480734F841091C0005FE82089D
:1040F0001AFE78FD4001ABF783F911FE02FE7B0149
:10410000BEFB1DFBDE04410434FBA80087FC3AFF24
:1041100031F704090105C2FC62FF61026500E40396
:10412000CC0824FBFFFA6D05F503C5010D0101FD67
:1041300053027203C8014BF756FC1A0226FDFEF526
:10414000AD0BC20E3EFE34F55FF28AF081FCBFF982
:104150009D121EF82808190B5FFA06FD21F298043B
:104160005008F8FCC40481FF0A089CF815FDC3F749
:104170008E02A6F6B3062CFD2EFA0DFC9CF69009D5
:104180004BFB35F6860052081602AEFFF1077F059D
:104190009E0896025C00F2082805CE089CF728F6D7
:1041A00059F8EE03FDFEE4F74209030268F617F63C
:1041B000C0F528F923062FFD31F8F302F1021307A9
:1041C000CFF63DF6DCFA17053B059E08E80609F92F
:1041D000E407A9F7760431FCBF0198FEE7F73AF946
:1041E00098088004740AC80ADAF420FB1AF5BBF6B2
:1041F000570298087C0482147AFDCAFC68F111F910
:1042000026120D108E087AF751F078F0AEF03CEFE0
:1042100026024008E3FF27F390FCEAF6A9F145F8EF
:104220006B152B0DC7F652F61DEF3FFA75FDA9F37E
:10423000090F620AAC0269FF54FC27F0560818EA1D
:104240007A19DD05FEF98CF62BE9F8EBD6EC4EE495
:10425000F210CE074D087A05BFF6EEF742F380E67E
:10426000E60B62FC33EFF4ED58F589017BE8FEF9CB
:104270008402EEFE540E58FFE6FA08F30CF6C0F284
:10428000C0F7BEF716FAA2FDFA001E0519F73708A7
:10429000E3F5CDFC8502D4F6E9FA31000003C2FB58
:1042A00000F87B09A100900110FE2AFFF4FB9502A3
:1042B0004305150A38FA5701F2F6F8F119F7F4FA3E
:1042C00093FACA04450129F6C6FBA500DEFAF1F609
:1042D000FC0E0E099613760062F798E563F3D0F0B2
:1042E0000C1BF817CE0FEF179EEDE1DCF3F277ED24
:1042F0007F1BA41A2119D40740E4BED17CF337EC0C
:10430000EE0E2C0CA8098E1B55F2B3F277F62AEFAD
:10431000D6048213D811281E9B005AFA7CF053E76A
:104320001420CD20260DCF0CBAECEFFC11F5EEF5E4
:10433000D82AEB1AF809B50EC6F327FDBBE41CE436
:10434000F014280A2C1394F9770536084BE532E768
:10435000E60CDF0293FEC8F62D02C0ECFBF2EFEB99
:10436000770D270B98F90410CEFB16FE4CE49DEA5E
:10437000CBF7D80117FBB00139F827F94C0393FCB0
:1043800056F6430219FAB1F9FD0636038B063FFCD7
:10439000A804D1FF04054C16C4F8FCEF170838FE3A
:1043A000720173FF0714A809E1ED01024B00CFEE83
:1043B000FA07BC09E40F0F1743FBF1F251E3B0E336
:1043C000310A39240C1D110CF8E14EEF2EDF1FDBF2
:1043D0007312A90518155C1A2BE161E796EFEFE05F
:1043E000B51A0411D90CB204B4E6E6F22CE601E0E9
:1043F000790A1D1134124320A0F222EDADE191EFB4
:104400009201DB096B08800B84F9F0ECFBF5A3EF5C
:104410005D151015B2126F09E7EDF4F6F9FF09FA10
:104420005F052107B20982FD0DF57AFCD8F78E02EF
:10443000C5F6050802ED28F01F14D31699FE1BEBF4
:10444000C004FB05A8F2F1FD8CFA02F19C059AF775
:10445000690634FCA9FDB304DEE9FB06CBEDED05EE
:10446000820733FC75F69D053600FCF977FCAFF941
:10447000860814EF110E57121DFA97F3E20E0D1372
:1044800057FEDF0BAE0E051295FC0A015EFC24EB15
:104490007CF7FC073E14710097F59D037DE2FFD683
:1044A00096090119AA107D0D86F19EEFD0DF7CD60A
:1044B000B30EBE176611ED169AFC540322DB09E811
:1044C0000E06A10923FDF70575062E0973F0BDF848
:1044D0005D0D4A05480ECC0F2AFBFDFBEAF7E1F71C
:1044E000730B33115F135305680896FF2BFC29F0FB
:1044F000560FFB1B5410BE0D29FEC704C0F806F072
:10450000AF02ED0A79FFF8FCC00BF707A1FA4E08DD
:1045100023F8C2FD3CEF7FFA99098F0EEE03F8F8FD
:1045200076FF1A129C008D1585014A0FFB0D370D81
:10453000BB0EB6F6B0058CF5E3F9770F280DA7F89A
:1045400035F99E074B016108B103C8FFEA08C008AE
:10455000920AB406F7195417DCFC85EE32F873089A
:104560005101A9FBD60EA01358FAB2F060EDD1F4B8
:10457000B405A3058608230B85FF16113FED36F51C
:10458000DDEDECFDD1EF7803C50EF30F89E9E7F718
:1045900015FC0907F0FBBCF9A0F97E0FB0EE2A016B
:1045A000F4FE34FDF7FE8FF7871278082F1372019F
:1045B00037F60EFF0FFB040D20FF600369FF21F5A6
:1045C000650C18FC3110A8072B043EFF96FD0BF478
:1045D0005908620628FB3EFE36F6C303A4FB23F20D
:1045E000F6092009850869FFA3092F0397FD79FEC5
:1045F0007B0F60FBD7014703E6F9170948F05EF926
:10460000D000910DBB0416FDB3062B0C15F67A00F5
:10461000710DD7F861FC2502C709AB0363F6F40CF2
:104620000305830D7C0A110F770567F2D9FEE8FFB9
:1046300097EE650314FE5B101600B7FF72123A077F
:104640005500EAF12216291155FAA8FE2BEE62FA5E
:10465000E2FAEAFF2D092EFB86FD870B90FF37F16A
:10466000D8F02BF609F1F7F9C40C990590FC990ED6
:10467000F0F972056CF549F42AFF2501C608590FB7
:104680009CF833FF4FF4F4F39008A6071B03A8101F
:104690003DF3F0FCCE033D04740B920D9E0E3907E2
:1046A000D0004BF87B0639F3B0082B01A913D70AC9
:1046B0005DFAD5FD36F6CC07CE030E076A113EFD36
:1046C0008A07B3FBF4FEB7FEA207E6033B018BFEAD
:1046D000D006E106C3ED44F4A007CE0CB9F410F205
:1046E000B1066C13950334139AFF2D037BF3F2FD8F
:1046F00056FF8A013C0A630821FC010AD0F3F7F453
:10470000F9FB980B2B09400D3A0197F06B0074FDF3
:104710009AF3B2F2BEF71BF850FC49FE9E019B0FC4
:10472000EB0BEFEE930DA603280641FD95E81EE77F
:104730004AEFD004D4FA01020C02D0F7850556F7EF
:104740001203A4F0D701F9013B040B0E7CF9050913
:10475000FB010FF5CBF112FE7E0644FB3A05CC04BB
:10476000DD00DEFC90031BFA54032205570C6C0895
:1047700047F3D400AFFF3EFC03F590031A07150D75
:1047800006EF1CF684FCCEF367FAEF08361BA21284
:10479000DAFA05F354F3DC00D00B6612FE19AD0E05
:1047A0009EFA1307F2F156F43B0071059C04EB03EB
:1047B0003B0369F60CFDF3ED0A0EFF186DFAC80411
:1047C0008F00450750F3B0F1E706790108086BF652
:1047D00060003D02AF072400400140F734FD66FB56
:1047E00056F6D40425FBEF0B15ECB8EF97FAE10C65
:1047F0003AF9CDF80402CD0A19068B105EFB9C0233
:10480000780BF3FC45023F04FB010008E3FA2FF8A4
:104810006AF612F360F248F96C09F60C2B0612F5F1
:1048200089F056F05BEEE6F02A0CDE054904E50857
:10483000C2FD5BFB440184F1A00992F912FFC4019F
:1048400049F6710601F5B90CDDFF970536086301DD
:104850009EF728FC4108D4FC39FBD404FB127203F8
:1048600043FC9EF6C9F504F4A606A0FF8D122902AA
:1048700096F9B80C47FC4DFE290CC9019C0AFA0BAD
:10488000960E3F09B70111FA05FF570407F8B30365
:104890001A10890A21F917F7610FEE03FA00F201E5
:1048A00084129007C3EB000E6E082E02A1160D12A3
:1048B0000002FF0B5D1FF6183F0C8F00940243F5BA
:1048C00011F7D5083FFDE4FC89FE5BF91F118B064B
:1048D00053084D0C1307261001F75C0759FCEB0138
:1048E0006802ADFDB20210FACAFD19063EF8BE001C
:1048F000C8F6E2F4E40AD1FD4104C8F82C1014F91A
:1049000045FB7EFC32FA6EEF87F587FC270CF4033B
:104910001EF484F7BEEC4DF2EE00DD03EC0E18043D
:104920001EF44AF89EFE940E100AA3012302F80713
:1049300056F922FA4505611466FFB0FBCF15B103A5
:10494000BCF9C306EC13D704DFF3F1F6FF0AC70A7C
:1049500073099F098BF6A3FD5FF7DC103B11D802AA
:1049600017138002F2F81802E901C708B4062F00F5
:10497000470A121B4BFE34F2610BCE088F00FB047A
:1049800063138F21E7FC9C1808072C0A5808451C64
:10499000B0179EF77D1881FBF3FFA2FA6804BE08EA
:1049A0004DF6CAFCBEFA570404F763FDFAFE2B006D
:1049B00011F82C08D3FF6B1852FC4FEBF3056CF584
:1049C000240656001A11DCF5E40957FC2D005305A6
:1049D00034050F004B0502082407B40511F960FAED
:1049E0001108C9FD70F1A9FB8E0052FD0007B30646
:1049F000A4F39BFB35FB91FB63053E0BFD012101FD
:104A00000BF7F3F15D00D01862026D08230A1A0655
:104A1000F8FB91FBA5088F04C80200FBC604AA0F8F
:104A2000410054013F018FF65CF6A7F39B10C208CA
:104A30006CFABB019AF3FFFCEC04B00D780FBAFEE0
:104A40009A160B12D905BA048C0487056CFED403A0
:104A50002105AE120F00F4F6680CC2F9A80A3D0A4F
:104A600084060C11E3FC320D98F88DEA6BF8B40C57
:104A7000920AE2F5B805E0FFF4ECA6024EF5520703
:104A800090FF58F8890026FEC60768F99B0CF3F7DB
:104A900078EA9600DCFA1C18CE11A102ED0DAF09E0
:104AA0001D13E1036A0B10FDA3FF9E083505E40604
:104AB0004203900778F428EFD7FBD702080CE503F0
:104AC000D3F2A6F71EF183E7260F7308F50AC80F85
:104AD00010FBD60015ED78F2B5117C06D60E97FACC
:104AE000DCF0C2FE32F9A405BB10950B6EFEC104CA
:104AF0004FFC94FE5B12B404B607AC04BB088C06F2
:104B000045FF77F361F78DF53E02F9F82509841921
:104B10005607EF0B60FEA4F92AF9DCFD2E0AB10E50
:104B2000C10053061CFE71EDE40BC20A9206CBFCD9
:104B30005BF51BF8DCE6A9ED1EFC5BF278FD6BF47F
:104B40000F10361B6CE642FE49FEA6ECD1F63AFF8A
:104B5000600B0407C40EA3078EF522FB6508C00096
:104B6000840828FAF903D4FCEE01150522061A0A76
:104B700078F5E6043DFE85040F11EA0ADC0D5E06B9
:104B8000830070FA1E0DF3FB8D0E64108800580B25
:104B9000B004D6FC72EF01FE29F4D4052B027E048A
:104BA0005A0337079CED64F4920C8201990C2EFC99
:104BB0004DFCF8F9B4FAEBFA75FB270DEBFD46FB5B
:104BC00062FBD504BB0DE0025803C5056FFD9AFBDF
:104BD000DEFC8CF50C0BFC0018FA7A09C9010607FB
:104BE00019F022FDEAF6390455023B095F0FB40AB9
:104BF000BBF0E104DFFA1F0B9C0641022611750D84
:104C00008BF3CCF6D8F7A3FA3203E30AB90482F99E
:104C10008FE818E078DF0AE0710C180478075CFF71
:104C2000C2F9C50BF1EFA4FC69F1B9EA0EF12DFD53
:104C3000EA1115105B0D210059F1D5EB310CF60D81
:104C4000D70C8AF9AB07FDF9B1EF7C06CEF36B0800
:104C5000F4F8110354FAF7FD270C7902640E1D09CC
:104C6000BDF7CC0247F4E0FB720E680AC7176F036A
:104C700002FC8304B4FA65F6BAFDE90A8F019809CB
:104C8000FAF8D707ADF332FD400CEE03C60E92FFE3
:104C90001CFF68F922FB4DF8A7060107170707F468
:104CA000DCFBEDFA86118A0796F97C0015FC01F60B
:104CB00073FE3CF0061AD30617FACC0FAB0B1B1190
:104CC0001AF895F26CFCF0FD8517E610790A1E09BA
:104CD0008501D4F74B02D30A08033C08950C7B05E9
:104CE00075FB93E434114EF79C0C351073089C024D
:104CF000B7E3ABE0A2E991E99314EEFE0C0038F1C2
:104D000068FB620BC4F72FF1BED86AEE6EE2F3FEC9
:104D10002D0F8F0ECD13BCFFA0EAADFBE1F598F58A
:104D2000240AFBF16F07B5F90B02180AA200F80E6E
:104D3000C4FD810BEC028FF4F5F69A12E4122312F3
:104D400024FF62F4FCEE88E88AFFCC005C1BB00014
:104D50002A057E0174FFB7EB7AFCE3FDBA0D600C07
:104D6000F005BCFC1FFE46F381FF7C01240987F798
:104D7000E6EF5E041DF077ED6801FF062FFFA80542
:104D800044FE060EF3FCD405D2FFED051F0564F9C1
:104D9000DB05A1046E13E60E4C046E10EA04F7FC6A
:104DA000C40254F0C402A4029F13C90E1B081816B3
:104DB000B1F730E7C102F1FB5403530FBF0A0D06F0
:104DC000B9ECA7E8BDFABD012910CCFF3E04F0FC08
:104DD00082F0EADF54F7ECF626F451EEC5EFF8E77F
:104DE000BBFA2E005DFABAF477CB4BF74AF6D2EC59
:104DF000870DC80FD50BE9EDBDEC83FFA0E2EFF8FE
:104E00006FFBD5FF860D5B0649F9B3FC86F62A09D0
:104E1000180B83064E0B7D0283F3F4149DF2490DAB
:104E200028F646EF0EFE48F79A068FEDE514A70028
:104E3000FB0318F97EFC4EF554000206BD0A66FF1E
:104E40001FFA7701A6FB74EEFA0900057A12E9024F
:104E5000D0EF6F04ABEA2DE7AF005702350A0A081E
:104E6000EA0035177BFAB517B00F52074207F4FA7C
:104E7000901D4F003619E700F703DC1380003B015B
:104E8000A7F74EE7120869F6F1059D113200E60A10
:104E900080F850EAE6F49CFE22116D0F24069DFA7C
:104EA000A7DB36EDE3FB3A053FF873F3D2040001CC
:104EB0008AF04EE732FCF0EA6BF8DDEA35FCB6F931
:104EC0002D01BE0EEE0DA21437D056F33FEDBAE21F
:104ED00080000F01950A49099FFB28F9EAFC79F443
:104EE000FC093E026DFDA3FB7D0BB4F453FEE7F914
:104EF000D5092B1A0618330592ECF3EF53FD6EF328
:104F0000DFFE54FA9AFD390539ECD3F042FBA1FEDD
:104F100095F6F8FD56F674F7F80AB6175E033CFEF0
:104F200046F7F7F8E5F5A0F4B70E840CE8080B0592
:104F300094F5450863DCEFEB9F0582026C0A5D0582
:104F40009211811E15ED1419C0115A07130F790221
:104F50004619E909731DBCF9F410570490FF0B0AB8
:104F60003F03D0F859F430EE0814E20D4B107313E0
:104F700044F8F1F66200700C180B42061EFA61F557
:104F80007EF3EFFAB705821F690090FFE1064AEF52
:104F90003AF5D4F9490DF3FCB4F716E7F6F8C4F383
:104FA0000F006B135E16781AFBDBF7EE7BF54FE311
:104FB0008B057CFE4B11A60E9FEDF5DDA2FC85EF67
:104FC00068FEBE019FF9C91275FFC2F7EC03A4FC8D
:104FD0003CFB12196112901546FDFBEF6B06B9F60A
:104FE0004EFEF9FF730B7D149EF040FAC6E9E4F221
:104FF0008CF0E4F3DD044C056800F20000FD67FA74
:1050000077EB42EF020412E7C2174B117103630CF6
:105010006E07E00BB1EBA8EE2F0C0212E4F9CE0AFA
:105020006906CD151D03611526FF7609590B960DEE
:10503000EB03D001EF15DD05DE09350A6713E30840
:1050400000FB30FA3B033F071E0104FACD0A4D096D
:10505000A8F628FBC80503185D03B7FA5EFAA1F8A5
:1050600054F8FFF2A711F5139BFCBF027CF717F66B
:1050700011F11CF00C14F60105F7B1F0A5016AFA64
:105080002DFB120B2F048F002EFAD3E4CAE498DC18
:10509000680305143310CC0830F8FDEFFEF7F9EB88
:1050A000640391FC9EF8FA1546FEE4F30C173CFEEF
:1050B00046EFAB08DC017F25ADF7CBF0B6FEF8EC90
:1050C000110F5FF0A4157114C3EC99F7CBE20AF34A
:1050D000AAFE18FD9F0AFE0E570581F67EF26E03AA
:1050E000A1F082F3A305D3FECEFFF00EC602ECF9C9
:1050F0003F0E790639F40EFB0B067A089207CC03B3
:10510000C30E9F110301530C3002A812DCF21D01E3
:1051100087F9F602C513470D61FF2E089D05B105FD
:1051200099FE72FDCA0ECA08E3FCCEF4C8FC00FC6E
:10513000B2FC04FBEE0831088003C8FC99F8E502D4
:1051400023F99DF13FFE5609E2F980F61B001D068A
:105150000D04A5F54B03F70A55ED4DE3B8FE79EACA
:1051600070FADF11520D1914E0FB6AEA9BD553D493
:10517000EBFD371106FA2E0B6EFFF9F0E712B2EBDA
:105180007B02BA02DFF8EAFD660732ECC6F6ED01F3
:10519000E1076703E1F47D14D0023B02500613EAF5
:1051A0000F0EB4F671145E0A01F70CFBB6F8B7FAED
:1051B0002DEF28F031048100F8FF77FED4F04AF19A
:1051C0001D0089F933F9DF0848FC10FA1BF467F277
:1051D000C007460021FC9B018509D5F929F7FBEFA3
:1051E00066021011D2FAD80DF3FC92FD81F44BF94E
:1051F0001F0933048C1724150CFD53FEA605C400AB
:10520000790F9A140A1BF51EE2FBEDF1AAF86D0066
:1052100041040804421546FE4BF2A5F890FD62FFDA
:105220003905950399037E096BFBF3F28501E8F1DB
:105230001D12160BDB0A7D123AF53EFA4BDC5EDEE0
:10524000B202E91D7407CA167DF49BDB37DFE3E485
:10525000D31B8F12350EE60B88E6AAFB84F481F08F
:10526000D3F67EF48701CE001FFD47EDF5073D081C
:10527000E810140E39F9F215C3F7B9F5E80540ED59
:105280004204B904080ADF0914ED4EF81BE5D2F315
:10529000F602D2F986097410DFFEAE08ABF20BEF0E
:1052A00055F6C5FD8D08D804B7FF7CFCF6ED39E551
:1052B000590308034BFDCA0C3BF235F3A0EC61E443
:1052C000380A7501D6FFF70224EE5601D0F3E8FC48
:1052D0006D10D70CF60A831A96F41A0059F225F2CB
:1052E000BC093C0EF71BA51CB3F92CFCC100020243
:1052F0002E107F18161CF80002FA19F564F76102E7
:105300001D092516C00BDC03D10053FA4EEFD6F46D
:105310005613770F58081610A0F48BF771E73DE588
:10532000E00329185C002201A3FAD0E0CAF4BD080A
:10533000EB118FF82213D1FFB7EC34F1CFE429F849
:1053400060051C0F610CC0FA8B03F2F4F1FD20FD27
:105350003E05930FD8021805E500C3ECEAF3F3E924
:10536000D8130B002CFFE6FE7DF270FB12EB160249
:1053700016051400ACF79A033DFD4E0A35FEBFE951
:10538000D20048040603EAFC6FFF37F7FFE4B4E3FA
:10539000ADF7520A0CFEB0029A01A4FBB4ED2FE265
:1053A000D6FEE30976066701E5032B06B8F2D8E3DB
:1053B000A110741A4505920E06FAD70643F7FCF7BA
:1053C00071114816810B6C15C904C0F50EFB26F847
:1053D000FB1CEF0A3613F707DBFD0CFB8AF6C4FB58
:1053E000E8178B0ADA087FF75AFF9308BCF43BF6FC
:1053F000ED1EA414B004A10FF5F918FEE1EECEEFF6
:10540000E80BFC140E06DAF660F497E49A0AC30877
:10541000BD128D08F6FFCEFA31ED8B0519E6250891
:1054200033093BFF21023B01DCFCF5FE25FC06FCB9
:105430008105EB0A570A80063401FCFC56F4CEF1D4
:1054400067107400D7088FF92202DBF5BA0A7403DB
:105450001F040C0331F0AEFB8F025703E50012FB73
:10546000FE02C4056502C6013EFF9404B10439FA88
:105470006CF8C405FAFA100CFC07760427F507FD52
:10548000DC103B16ADF573FA92FBE2FB8FFEADEC40
:105490000E15A30410017712AAFE8606F8050BF676
:1054A000840FB50E97012603E60139F7A5F5C4FA76
:1054B0005B0BDD12AA08311132F4040044F311ED44
:1054C000A011B1151A118A024BF91EFF6AF5AA0044
:1054D000C2000D142BFFEAF5B0063B02C3F00A062A
:1054E00086FCFD125AFC1BFBD8EFBBF78E00320F77
:1054F000CB0454F7040D8706C6E161FDECFFDAFB2F
:10550000A8FA8A05D2004BFEAAF52E0179F6B1045D
:105510006B15970E9601AD1E0EFF92EC2CF67D02D8
:105520009913FFFC41081D00000858FCBEFEA7FBB4
:105530005FF7BDE8C7EFA2FC13FF040A2904E90ED8
:105540009F00690132019100C4036B09DFFB040174
:105550007A0822FCF301EDFDC90197F73A0CE3F755
:10556000300D3403F5060A08E300F3FFC7FEE9F740
:105570009B03A30D2C09B00CC8093F0B86FA7802D7
:105580001003A411B90D1610350B80F8AE0219F4F2
:10559000AC0A53050D0591113909BC053EEE2D01EC
:1055A000890E2E01DB099AF5470D90027D0294F8D1
:1055B000B6086209B8FAF608BD02AFF7A001830485
:1055C0006A075F0DAF0ACA050BF1C40343028A03E1
:1055D000E118DA00A206ECF804F2DEFC59F8F2F663
:1055E00005058A049AFD530A03FEC201DFFD630329
:1055F0004EF943083D03C704E1FE67E803063205A0
:1056000067ED3DF3AD02F1F79CF67302B31028127B
:105610008AF2DDEDD4FF1A0398027B106507E20BD6
:1056200058F176FCFF08EF0D3A0BD9057B06AF0A5F
:10563000BA018D0824016A04AA0A040EB301990371
:10564000AB0D0B055B01640A7D0680F93906190E66
:105650006C0CBCFFFF0F41F6B50043FA56099204EB
:105660008F0F3B02D4FBB406000127FBC1F5C6F93E
:1056700047106C02280AE1FED9F78100B0F112FE52
:10568000550189FBB3041802CA0658076A10830043
:10569000D304F8FD5A027BF2A1FDE5F41C0D780855
:1056A0004F04D30252F6E40B92E3EA02DDF08FF4EA
:1056B000BF0C6D042F006EFB77F787F8A3FAB006D6
:1056C0007000CBF7CCF89DFAB6F97E01E40670FEC7
:1056D00063F6ED02E5FB09F69A0678F8B0F6F30EEC
:1056E00045E17FF77FFADD0135FCD9F87909BE0D78
:1056F00093F872E96A0BA703540291F64B04030076
:10570000EDFD18FB9916AB10B2008FF4BB033710F8
:10571000E7F610FA230BAF039808AB09FD0FA514A9
:10572000B80E5A09B809470387F6140294084B03C8
:105730007DFC66FF64EFA2FCF70C820F2006B00030
:1057400093FEAC139BF3700117FC19FB9AFFA8FBA7
:105750007106E3F944043106E8FB18E8F0063D0859
:105760006CF48EEEEBFC76EBB0FE0B020111FF0940
:10577000E40245F9A4FD85F0F9F57CF0AE0245FEA2
:105780006202EC0044F84FF576EEC30475F5D8FBE1
:1057900065058CF80E082002190354F6BCF58EFA44
:1057A0007206E9F645F75F03AAF599048DFBA5F8A3
:1057B000970989FBEDFD5101C803A704DC004BFDEF
:1057C0002AFF04F4BE063BF6A20F6508270CF0146E
:1057D000B6F749EB80EECBF006113009840FA0211B
:1057E000B40535FF76FACDE275179C09DF1F6A33E1
:1057F000F3FC52FCE7FC41020AFCFBF155190C06D4
:1058000024FC7BFDDEEE0FE83DF752F9751B5623B5
:1058100046EF24EA14DE40F2A8FEA1FA24197D0A1C
:105820000500EAFB24F285F72FF5E1F3D20D110E06
:10583000BAEE22F9CEF93CF8BFFAA3E3C317460645
:1058400042FD0BF310F2E4DD2EFE53091D114E1341
:10585000BB08BA08FFE5D8F6B8FD16059D18BF16B7
:1058600085F51003AD0252FEC3035B0AD30C9C0600
:105870005C012F0A2DF61E054CFCD7FCAE03FCF58F
:1058800023F6B60838FE4505300204F88301210AE4
:105890009E03FA017C01C1FDBAF5EEFEF6F5400269
:1058A000B7F85AF8240B450A14FBD602F4F5830C1A
:1058B0005FFAF5FAC8FD9B09AC01D90180115916B0
:1058C000290BEAFE0608A3F70600DE0A8313181167
:1058D00051F95C07C3E5E0EA3FFDA8F4BE11C00240
:1058E000940426FCDAF8C4E900F6ADF9C814691787
:1058F00067020AF564DD41F5EAFFB511D426E0132D
:10590000DD013FEA3CFB81033005BA0E4B14871DD5
:10591000ACEB54FB9C003BF6C614DA0A4A150F2286
:10592000FDEE6C0290FAA8F6140C34189A1FD414E9
:10593000F4FF44090EF9F2F5FB1C030C9A10E30B7B
:10594000E908CCFD44078FF535019707490460FB52
:1059500012FF74067C00C5FEB0F9FFFC48F674FD2A
:10596000BBF6BE0016F60BFB230651FDD2F90AFD6D
:10597000E303F6017C0A79FD9109B50504F8DAF72D
:105980004900BC007206E1061900F4F5010790F524
:1059900073065FFC44F951F936000E08F9F8A809BE
:1059A00090F955FF6DFCA5FADAFD3801E304F1F535
:1059B0008308B9088202FAFBF7FBD601BE026A022D
:1059C000DA09ED08ECFE0CFF3D0505F889077902C0
:1059D000450581096AFE87FB10F36FFBD1079AF634
:1059E00098FC5FFBDEFF22F716F8B9FC90055B0020
:1059F0003BF637FA8BF657FE9FF7CAF720F846F6C4
:105A0000A707BDF9C2F5A0F90D0A86FB55FE790975
:105A1000C5FC60F665F747063E085A06E9037DFEB9
:105A20004EFB9E05E9090302DBFA3A08FDF9E201A3
:105A3000680288043AF722F941F807FA0FFEFC07DA
:105A4000790AFFFE97FD5A040AF95BF9E3F96CFD48
:105A500000F7F7F7350204FFB2FB10098BF641029D
:105A6000450767FD4CFFD7FB95FE3F031AF7DBFCAC
:105A70009F06CF0816EF0EF45103F304C410690C0F
:105A80005FFCC4FEF7F503F51BFEBBFB8CFFA30711
:105A9000110F13082EFE5406C403950104055E146D
:105AA0008A08600A22FA0BFF350C6D0AE3FFF00F3B
:105AB0005EFCFE088D0206EF42033F060C05AD07B3
:105AC0009F0694F9FAF36DF58A0B26015BFFA70296
:105AD00033078714C4E981EBDC064819D605350C79
:105AE000B6FFD40BCBEA51FC710B2E09D5FDB207E2
:105AF0009F052A025AFDA9FD6306D810E50C7F0513
:105B00007E035BFE71FEF9FF6202B0F81AFD63F8D6
:105B1000F1FA79F521015A0A8E08C9F911FAA5F9A5
:105B200079F639091AFFDC09330759FD0B089B0484
:105B3000D6FA42F7EF04A20E8CF52B164402160B90
:105B40001F0004F7AF06A9FD8E0AD3F6C203AC030B
:105B5000CCFAA90BB7EF8FFE7C04230D1304BD080C
:105B600018120606BDF2B2114B0186ED370AC116B6
:105B7000810F9000BB0D69FA78E9F1E838253517F7
:105B8000380A99162EFEE30990E0CFE3591583F603
:105B9000620BE60B7603A301CDD796E58E03F201E7
:105BA0007418240CE7EB91ECD2F7B2F9C4F5821229
:105BB0005915CE10E0EF9CEECEF78307550B3EFF54
:105BC00042128A131FFDC6FC72F480FB8E074D0A39
:105BD0000D0E910B27F313F21204C10F82FF2B114C
:105BE0008501630CCC0CA60BB206E508FD059FFEF3
:105BF000AC099CF55408F6F7190578FAA8F67AF777
:105C0000B8FD810A3AFFC509B308CAF61903F308BB
:105C10009609FD101D0B2E0ABA03D307F9FB1507D1
:105C200061F4E4FD02F264F33411F605C3126B0C67
:105C3000360F221EB6F171F617EAAD13120D6F0979
:105C400069204219B7F87FFE8AEE83DDD008511E25
:105C50000607FB013E018201CFEC61E15E10BB242F
:105C60008F17A71812F5980493FBDFDF9621E20F38
:105C70001000BA07D80877FD00DD46E0371C761023
:105C80008A0F550F82FF3009E9EDBBFB98047502BE
:105C9000D31306135C0659FC6BFFB9FF8802070992
:105CA00002FC97F5BEE532FD8609BC08FB102F000B
:105CB00025FEAC10AF00DD02B505EF031FFE10EDB1
:105CC000DBF7F2F5DAFFC3FFC7F8DD081306C813E8
:105CD00009EF090951FAD9F95BFE1EF8E9FF0AFC40
:105CE000C40085FBFD013E09DAF53505660767F757
:105CF0000F02A109D6FED4F0B5FA4A0CD3ED0D0D72
:105D00007800F909B4FD72F9490D3C1C920313FBAC
:105D10005D0F89FE9609C3093708F402FF003203BC
:105D20004A134718E3FC1305E202A1E1E6F78A0BE8
:105D3000DB1EED107BFB4DF275E8D4F37914F817F8
:105D4000420C4A09D8F4E901FFE94BE3980E7F0BB6
:105D5000010E680F5FFB7AFF32E5F6E4D40F4614BC
:105D60005115E011A201EB0481EF1DF752078F00DE
:105D7000B61123129D030A02AC011408B11369FD88
:105D80009CFF51FB170549FBB40067FB2201F9FD9D
:105D900072F987FDD114E3FF4CFC770BAF03D3FE00
:105DA0001EE9D8FB43FAF5024405B0FED90ECD0C2E
:105DB0004904AAFAC6F7B4FF7C0325F4E70AD51113
:105DC000A8FA9C071709E0FB280AF1FC6409C2FE47
:105DD00077129A174CF209068403F3151AEC8C0219
:105DE000A51B71FCA6F4CAF638195116A3EC66F38C
:105DF0005A0179FD1A05F5F7480A6F0620EA700383
:105E000057E671E9FBFBCE0508E592E0DF081003D9
:105E1000CBF0D409D207F2EF3EF496E9270FD4076E
:105E20008801430569FE5D0A8AD702E04113DC1848
:105E3000FC023413C3FD1EFB42F4D2F2EF08470903
:105E40002F08791345FA9C07BEF00FEC4316680F34
:105E50001202F7179116761788F2B4FC9C141114ED
:105E6000B516560B181640037A0759F3EE1AD500EB
:105E70008A007F07A40684F742025D05090FB2F885
:105E80006F0074040BF50DF17FF094EEFF04E10C4C
:105E9000770265F0DDDF5FF86F0F220C4415A51463
:105EA0003F071808FA03E4051409FFFE43FBA9FDA8
:105EB00081F9D0F262FD9AF76BFDB10C1603B7FAC7
:105EC000A5F6C1D268096B06AE13B90659FFF4FBFB
:105ED0004BDF55E57B0005FFAF0663F36CEF94FDE8
:105EE000ACE8D2F53E03BBF1F2F83DE5430AD3FB43
:105EF0003FFBE206DCF5D0FE80ED24EDEB0656120A
:105F000038F85DFED303ECFDB1D65EE1A00DA5121D
:105F100053FF170636FC8AF810EE55F9161BAB181E
:105F2000990826FBA10A42FB77FB9DF39A1DDE121E
:105F3000F900AC0699011209DEFC8E02C110BE0FF9
:105F4000EFFC7DF50212B9175210800A8802EF08A3
:105F500041FA3EFB5D0FBCF6E807790193FA41F880
:105F6000C6F1DC1014E6BBEB2DFD9EF59C0FB10EC7
:105F700032F2ED0B98DB6CF9CB0C32F9A20C56FA2D
:105F8000B5FB8CEEFAFDE100C807CEF3BAFA680360
:105F900023F2B9E220059F06E4F1A207D403BEF97B
:105FA0000AE23CD3F613C9077909CB1892F67F02AF
:105FB000D5E06BEABB093AFDDFFAD2F833062BFED7
:105FC0008CF2F3F39DEF0B00D0E929D776007F0028
:105FD000F2F1B5EB1EFF9C0904DC8BDF8E0B110A7E
:105FE0001CFE5105750C9B11C0EA6DE53C06FC0BCF
:105FF000970D6804320D7B01EEFDCFF5F0FF8803AD
:1060000051058EF8DB00AA015308E912C80A0F09EE
:10601000AE0834F63A117D0C54055908E40D4B07CF
:106020004EFC2DFFF10534129902ADFE80047B0574
:106030000BFDD5FBD11274FF1102250CF704F5F509
:1060400097FA19029CF0AF0116F1D3FB5AF2630ADA
:1060500052FCAD0CE6E2B203A7F95908B8FF99F972
:1060600011ED94F4241569161708ABF2AD00ECECB1
:106070009CF4CDED3414FF0695FE3E00EEF866F874
:10608000FBF09DE1D209EB049D1EE916E10BF6F150
:10609000D2F2A0F2B7FC17F93AF470E03AFD9EF79D
:1060A00073FB37FA6FECDCFC53E93FE5CF12530B7F
:1060B000BDFF70FBF3030103F5E8AAEA3FFC2DFDE9
:1060C0006AF1BAFAB4099EF809E90CE85AF791F0B6
:1060D0007801160AA71175FC3BF8220A65F07BE8E7
:1060E00094093BFF14096109A6059112E9F9DDF352
:1060F00067021904A40A5904290FA2004308ECFA04
:106100004CF82E01E80D0A06EC0B44072FFEA604FE
:106110009A0967FEDCFC7BFBDE0BF50DF8079AF9AC
:106120008CF6E2FBDDFA5806190E2C0966FD2706EF
:10613000240AE207A6EA48F91AF4D9FC390B7A16C0
:106140001FF851E427FAE8FC51EE5BFCAD04A3FB19
:106150006AFCDCF29C0FA3060FED5CF41C065DFFED
:106160003AE8A7E986070701081C000678F64AFB0B
:10617000B70AFDF960F83AF73DDE9FF8C4EE3DFE40
:10618000CCFA330425F7BAFD19EC4CE1E9072401F8
:10619000D5FF95069F079AFA7CF077E2A60045FBAB
:1061A0001DFBED023606FBFE47F94D0291F33AF86E
:1061B000ACFA63FFDAF5ACF740022F0AFDF129EEE5
:1061C00024036C0BACFE15FD0D16AF2190ED99EC80
:1061D000F7FD9BFB1F0AFE13AA1B170CEFFAC4FA6C
:1061E0003108E7F9A517A40A0F106409CC0AF7FCD7
:1061F0003703870355FE53011A11D90D280BB90433
:106200003EEF6809A804ECFDC808E3F6D911C014F4
:106210000901CBEC21ED45F9D5FF6B0AE108E6F861
:106220000EEF91FA57FBC6FFA1FBD30942F42EF6FD
:10623000E0F08EF7C504C21411FFDFE94AFDD6FD78
:10624000960457F357FDDD0A730892F93AFEB2F847
:10625000A10B95032B0798FFC1F195F15102B404EE
:106260005500C0F887FD0CF706F0B3E200FC05F915
:10627000BC018BFDBDFA7E0687F400EE690182F356
:10628000CCFE04FEFBFE22FB3000EC0A85F3B1FCE1
:10629000BF0B0D02AFEF87DA7114BB287EFAF3F261
:1062A0003F015BFF77E91F128D24890E3700CA0872
:1062B000F80C870F321A06154A078F12EA0CDD0810
:1062C0003207CE054A0AA309570DA804600A76FCD6
:1062D0006605A205FB01CA069A13321BA001F0FD58
:1062E000F3F6B2EA2CF356ED5E1680163D10D3138A
:1062F000E6094C0AF6E50104E3128AEDD20ECEF06F
:10630000E4E9E6F18AF78805EEF7AD097CFBB00217
:1063100024E962F835FC7D0BDDFE02E2F4EC240199
:10632000A5017512F3F7B40D7B0AFAF2B8086402FE
:1063300009FC18FAE60EB60175E77BF54001E0FAB4
:106340002F021AFCC1F5C0F8E8EA7CDF83FA06F4F4
:10635000E1FE3DF5EEF7B6F67BF4B4FB9FF34203A6
:1063600096F77F0AC2FC1CF9A7059221D0012EF7EF
:10637000A716FB0E88D11FC2961F1523DF075EFCF0
:10638000740EBE0456C6F2F16517C90935FC8DFFBF
:10639000ED05990B1409111A6E0A5A0347076DFE91
:1063A0003B09F30E2B123904CDFB300C3BFEFCFDF8
:1063B000C1FC6E035B09FE094E03A10C10F72F0A06
:1063C000A512AB0AFCFA6DEF0F009C0B6C10780A5B
:1063D0000319410304F07FF2A9F4FC0D7E141EF6AC
:1063E0003902EDF259050E016A0902FEC50185F96F
:1063F00046EBA6FE800050FF2BFA3DECE3FC9B022F
:10640000530546FF32FF2E00B004BDEB62FE38F3A9
:1064100065098809190A7F0362EB6AF4DBF6D1F893
:10642000C9004A026201060815E907E79E05E6FC75
:1064300081F520FA3E03E90AB2073D064F0B84FEC0
:1064400002FA420EB8F82AFAB80E41160A02F10D05
:10645000B310700F46D556C61D2B201BC0FDAAFEDB
:106460006C07F401D6CCC6ED45FF71F5BBF6C3FD54
:10647000790A3A13A80712FF0E063AFA0B033AF606
:106480008702750EBE0CD9FE3CE66EEF1A08BBEE15
:10649000EBF978FC1502CBFA64F14FE20DF452EC03
:1064A0005DFE4FF63C086BF420DF00FEBBFC4BF7B3
:1064B000BCED84FB67F348022C11DF07F205E8FF0F
:1064C000780C04EC1001460248038F06480341FE95
:1064D00081E7EA02531182FE23FAF8EF74ED5C15AE
:1064E0003C0066FFB70354F315126AF7B40CFEF7CD
:1064F000E9010302BEFEAA0620FC910896F54D01B3
:10650000F2021A05A806AA0F96F831FCD1FF5F0522
:1065100031F44DE670F4D901A616B910B703E6FBC5
:106520001CF861032F038FEB22174A0CF6011608A3
:106530001D19F10228E556C8DC05B6FE01F8A6F6DD
:106540003B0474F975D069F309FB67FE1FF9CBEEC4
:10655000B505210E0CFD8DF460F0D4F78EFB73F9B8
:1065600071FAEEFE47F1100159E2D8E163F48BF5C0
:106570009DEE63EBAF060C0660E026E5A0FFA3ED01
:10658000B9D781E36408ECFE00D9E5E9CA0B09EE4E
:10659000030099FD9901521473FA2DED28FEED07C1
:1065A000110510F75AF78AFEFAFD610579094E02C6
:1065B000E4EE84FAF1F980FFEFF8210790F427095F
:1065C00052E4C2E9770CF70850F91A179DF39EFEC2
:1065D000AAFE7DF9E80161104900FBF8DB05D10254
:1065E000010D0EF832050807D40B8CFB39082C017D
:1065F0005CF9FCFED5F9C9FCC8FFCF14EDFC5FF8CF
:10660000A001841254EF0EEC37105E128B080700C5
:10661000E50E901005ED91DB0BFB18EC65FDF7F531
:106620001707C7F0BED875F7B8F4C3F71FF810EF17
:1066300024F732EC7500F7F997F715F71600F0FD1F
:10664000DAF6D0ED050772FCB5FE59F3DE0C0FF853
:10665000F3E876D0FCFD8AFAA3EB96E0EC037F002A
:106660005ADDF2EE500A3E1032F48EEDF9F7D0F218
:106670009D0B77EFAA1F930D82F397F31F0417FC6E
:10668000D0FC5C0C9A0601FFD6FA2CFD8203CB05E8
:10669000AEF33EF7A5096905EAFB35F7B5F76F09D3
:1066A000DFEAA1FF1FF67D0707086E2308F87107D0
:1066B000C003E3F9D402C6105318580029FFC5F0EF
:1066C0002E0952093A11BB0E39F505F430F54C0785
:1066D00034F3ABFE1F028CF777027CF7ECFE8BFBEA
:1066E000950BAB0DD4F7B0EB0E05F5FC24F602FECE
:1066F00043062804D0E9EAEAF0EBFEFBDBF3B0F254
:1067000079F8F0F009E8C0FACC000C0781F8E6FC53
:106710009BFB16FD1B03AB00ED119CF3BFF7A8FD1F
:106720000FE506DFF8012C06A20C5BEFAF0D2D0B79
:10673000DADED2D68705EBFECDD9CCEF61FA59F37C
:1067400094E11F02960720FD88E4C5D87F02E30983
:10675000BCF18FF6CC13AE022EEDE1FAE90B4B073C
:106760008D01EC065201F8EF4F059EFE4DF494FCAE
:1067700065FF160026FFC4FE9AF8FBF80BFD210A00
:106780002CF9120028066D0CD111561BFE11BFF911
:106790008E014C02C8088C040B20DAF9F0FBDAEC0D
:1067A0008EF7B2F4B5103C0FD0F471EE0DE5E5FEB6
:1067B00038FA7D0214FA8F0C60EF5FEB79FB98F8E2
:1067C000C80FD410D0F6D6FAB0F832F6EEFD13F3B7
:1067D000A50C01FDD4E56FF14FF02D017700A3FD6D
:1067E00035F6AEEDBE05E41A4512440EA502380793
:1067F00012E9ACE51B111C0D670CE4066FF848FFAD
:10680000FBEA67E97706D015F10759E6F90A4A0766
:106810006FDEC5EBA00AF5F45ADBAED826081FF8E8
:106820008FF1C5F01FFE6917C1E49BDC73FC7E0C81
:10683000FBF5F402A6203707D3EFD511E5FF6D1065
:10684000AE07C310B008CFEF19082A08E1FFD50240
:10685000ACF5B10B140E05FECDED6AFA00018217FE
:1068600036FF77F87809B300A70D3E261B05BE0951
:106870002C016FF75905850867143302E5015EF0B6
:10688000F5F7C302FC0E4E091BF1B9F7C4F895EDFC
:10689000D7084AFA1F08070313EC12F4AFF842F6C0
:1068A0000F058E02A1EE1FF415E47AF381F9BCEB1B
:1068B000A100D8F8E8EC2B100E07EC02A8F3F4FBCB
:1068C00007FB79F1BA0EB015B113891D79FA69FA8F
:1068D00076EB10F88A1CEC15071730FFE6F9ECF799
:1068E000A4ED83E33B10690FE2F8FACF6600A7F24C
:1068F000F6DC19F4C717A403CECE63E3CBF2D3EFD3
:106900004AFCD8EF2305131819F637F8B9F52E030A
:10691000D8EFB40C1B20BD2021057F1224FE560E9B
:106920000702A9FF54063FFBB9049B0E9C0104001B
:10693000D8EF5806A7F606F46FFB20F7F303850897
:106940002DFDFEFB4301E306AA12BD0FD913F8FD8E
:106950002B0657FBF709DC14B70BCE11ED02960995
:106960009D0339067E0FA30E421650FD6CF834FBD2
:10697000F606C102CA046CE8D90B490B9EF56CF40B
:1069800032F5380751EB5FEA7F07EA0FCAEFA3F64B
:10699000350643FA5C00A3076022E50CD9FD8EF7AB
:1069A00092EF5EF8E81ADE19971485147D0BD2FB7E
:1069B000DAF5ACFFCB1D2C12040A3EEFDFF1A7077E
:1069C0001CFAF6F2A017321A57DF9DCA13F99DF58B
:1069D00023F93EF9B81623079FC44CCFA4FECFFF7E
:1069E000F4F82B116206160F67E8B70398F87008E1
:1069F0001DF1BD179F21F10E2AFAB7035BF886043B
:106A0000E30BB3F581FBC7FE8EFC20F9E4F7D11050
:106A100028ED58F49702F502B5F7DCE2DF1302091E
:106A2000AEF82C0A9F10EB0BE8F65407C309BD0A19
:106A3000D606CAFB4D0367111E0A2511D508DB09CE
:106A40009DF7BB057109BC1879124411050BC801EB
:106A500055FDD0FB44089DF292011A14C10A3D076E
:106A6000F2F8D0FD0AEA08EDBD1C372755010700F2
:106A70000304A60445026A115D1B7F12A0FCD4002A
:106A8000E10A8006DB08F81771FC18038CFB9904F7
:106A900092103B0E32135A002D047AE3A5F259F4FA
:106AA000A209150AA60486071CCD6ABB470071F22D
:106AB00009FF690D65FF33F9E1CD81E18604C2F676
:106AC000AE067D0C14EBDD082E04A11299F58FF8AB
:106AD00040FC700DBE2139094600320AD014F5037E
:106AE000500931FE86F86BFBBCFC370A1502D8074B
:106AF0004DF2ECFC90102604B7F0F2F17311F01394
:106B000059085CFD1F12201578F938FF6B15021D1E
:106B10004805040323061B0D2E046500C00601FB77
:106B2000720464F6DE14080E240D000D4A0E70186F
:106B30008AFE3EFE2B0F0E01AD13B80D2F0E240D55
:106B4000FAFD4B002703DBFA881BF71F110BF40C2F
:106B50001E0933135DF25002101208F8A2FF74FFF1
:106B60008F13030CBB0AB40A74EBD9F994FDB6FD7C
:106B70004920210F95FDEC0D54FABADBA9F695F1E9
:106B80009F0C0B0B1402920953C31DBDA9FE07F500
:106B900087070B0FB7FC1C0311DBAAE1A2FDABFFBB
:106BA000FB155D0823F38AFF3A077C098002330452
:106BB0008EFD8400AE197106640BFD08520021F4AD
:106BC0002A00C40663FF8A0ED503E9017204FE01A0
:106BD000710C9E19040CD2131FFDE906EC13D60E9E
:106BE0009500990393121616330395054709C804B7
:106BF000FB1CB310310FE207CDF34205C4038C0236
:106C00000C054806880D950241036403B1010A078B
:106C100054049BFCFFFFE40C5B0EE401DB0DDD0C78
:106C20005EFF500772F715F98E0DE410C918BC0A03
:106C30009F15560A37FD5DF96FFE55FD4F0B780124
:106C4000EF12A4198D07EA08F3EF4BF6C901680C9F
:106C5000E01B520C95045EF9F0EE5ECB0F0580F957
:106C6000890BB90F450D6C0EACD746CC78F4DBFD23
:106C7000870BB10735FF00FB68D574EBB4037C0DBF
:106C8000FC024EFFF50E54F2C1FF5701260013051A
:106C9000A4E5A7024607FCF8D4102BFEE209EC0598
:106CA00022019E05FA044A03E2082501EF01A8F437
:106CB000F803250EEA06170318F105094411010B24
:106CC000AE08AB093505440AD4F557F67303B6F69A
:106CD00028040C0B911BB802EFF271EF2A07320661
:106CE00019066F027F13EE068BF8BC0AE208D20D7C
:106CF0008CFBAB01780A230788033A01B8118E197F
:106D00008309210C3907DA01A40930F8D616761B5D
:106D1000CA059B0A2DF290FA48F255E82112BF15D8
:106D2000A709940B8206DC02AFE944E5FB081513C2
:106D30000A187B05C8F902055CE673DC9102D804E9
:106D40005212F70A7AFBBBFE4BDB58EED50694FCD9
:106D50004907D91409156DFFBCF5D8F7D40BFA1102
:106D6000A114E4028C0386F066F8B302C40F790F15
:106D7000CDF14B0655F9E8F8BF1650FBA0FED70140
:106D800009F77DF93F09BFFBF4FAF7F93EF6B4FBCA
:106D90003F1034178DF082FC32003EF8B2FD040F34
:106DA0000DFFA1FB210205FFABFB910CE809C80C0C
:106DB000CAEAE8EF980DC50B0CF891F32106970A83
:106DC0008BFEA902211417067CFB060761156108DA
:106DD000FFFBCD07F80D200300067EFA06181811F8
:106DE00077040B0CB30B120888F2FDE5F8FE9C014A
:106DF0005B01B804850D440013E6D7E08B03D01285
:106E0000020C2B12EDFBBE05FDEFE7EFA6071A0FF4
:106E10002711CE0F84FB88FA2CD8D0D5D60BC0070B
:106E20005B1084FF3B00F800B6F288E44006DE0CFD
:106E3000451A532B45FCFFE8ADFEBAF7F322E621D5
:106E4000DB17870806F88002B40B90F16B1364110E
:106E50006F0BAAFD51F95C022705B4FA7E0676F99C
:106E6000AFF93FFCCEF54E0870F8DF04D504970764
:106E70009BF75205F10CACF06FF2D4F184F43C15A1
:106E8000E0F957F81405BF05F903AC05740788FD50
:106E900076FBDEF2A50439F84DF867F2B9068806EC
:106EA000F903FA06A000621270031FFAB3FF46FA54
:106EB00080F9F2FB4707C903F1FB55EAFA0211FA20
:106EC0009907EBFD8D0650005BFCA6EE44FCEB053C
:106ED00066F88C0DC0F0AD0AAEE7BDEB8700CF0BB6
:106EE0002603540C29F57E00AEEC0E04F311381C79
:106EF000C411080B0CF0DDEAA8EF44FC07171809D1
:106F00001613310ADCEECEF153F4FEEAD209021177
:106F1000C504BC0B7EE60AED60F4E0FFB21012037C
:106F2000DE0989118E06CC07100A07FCCF182B0E3C
:106F3000BCFAF0009F04C201FF0F0C08E9037D01B9
:106F4000660550030A05A0FE20081A062D09A4F6BE
:106F500023FF56E993F76A10D400D0F7300851F6B2
:106F60007EEA05F72A14970BC7FBB100E6F6E1FCB1
:106F700093FFE70BACE31CE604F71BF94C08B407DE
:106F8000BC0CA6FBCCE514E02CF860F48BF96FFF89
:106F90004FFBF8F767E2F9EAC0EFF2F61A0397FB46
:106FA0006204800B6DDC68D985F2D9E830FD80FA87
:106FB00082078AFB18E048F5E5F4F1F80603E608D5
:106FC000A303D7130EF82DF1D3FDD2FE610AB50449
:106FD0002E0CAD1C8FEA0EEF4AF163022C0D120B42
:106FE000730850097EE315EFDF0561F9700C560553
:106FF000F2FCF2ED56DDDCDC1FF36C043E091E14DE
:10700000BDF5CC0BE5EC6D03F1ECA805E21B38FFF8
:1070100008FA7DFA410851095306B805E8011C0831
:107020001A0168FF9B032907FDF5B0FFF9F507FF7B
:10703000F902F80A5C02DDFAB107940B1AF7AB0902
:10704000F71EBA10B714690DF01086149404D1001D
:10705000750BF8005507530EEB0C8DF9260817ED4C
:107060002A0EC50FB10160EF54F80B0D63F899F4C7
:10707000FD03190D44ECF2F42C027E0AC8FB840FC8
:10708000C70FF013BD055CEC7B134409160157F9DB
:10709000210F630BCFF7C607E519651F380069F3A9
:1070A0009716A11BF105A6E6E521AB0FD0F669F115
:1070B000691B7C09DDF408F0E90EE013D8FF9207A4
:1070C000F9176202CF0753FBE715B8030D178118B4
:1070D00004F8F30167F735FEFCF035EE730454064F
:1070E0006A0CBFF32A0C9A04ECFE12FAEFF6720255
:1070F0009DFA26F9720AF60041086C067AFC4FFBED
:1071000067022804A6FE90056505CCFB8CF72502D6
:10711000D305A4FA0CFF130AAA051CFAB80409FF48
:107120005AFBB4EA1AF832FCC4FB15E7A90444F38D
:1071300072E16CF2FDFB8BE944F6D3F621FB3605D8
:1071400040F152052FF356FC800141F8E2F86FFB45
:107150008BEE660A42077F067F07C3125602D0FDF8
:1071600035099EF857F8AC0CE704BE047404FFFA26
:1071700040019A12B40E640B511CC9080AF624FF90
:107180006B00CFEEAEFB2408820A2605FEF090FBD2
:107190006803A702CF09E0064207440055FAB00091
:1071A000030102007E02351024041FFAD0FDD2F93B
:1071B0003CFBFDF49FFB5608CCFAA200720438FA9F
:1071C0000E0A59F95D0A0E066AFA13FFC6030A028F
:1071D00095071008CE066DF96EFA1C0011FAACF88E
:1071E00025F604FBB604D8033402640619F9C60474
:1071F00071FC31013D069CFC20FBD3F5D7F99AFFC9
:107200003F0074FEF9FF39FADA0168FBAFFF830330
:1072100053FD3604F3066BFBC001A20705046E099B
:1072200052FD6807A8050E06760558078F04710100
:107230006D0024026FFA7009BC07200392FAABF6C6
:10724000BDFD6EFF0F0AA9FF3108EFFAA60415076E
:107250009203B8F6C2037EF62FFC7AFD4704B1F81C
:10726000F3F78F0292064507ABFB3D0182FC250137
:10727000C50115045B04800997FB3908580053F6D3
:107280003A03F9FA7FFC560378080607A3FDFB03CF
:10729000060ACD094F04ED067007E302FDFD12F664
:1072A00059F803061802BBF6A0F8E20430FD1903F2
:1072B000A7FDCAFEBD0721FE29076BF7FBF9610395
:1072C00064FFD3F7F105FE066BFEE4F85507FD07F2
:1072D0009602960722F790F649FDA60878FE9FF8D9
:1072E00068FADC032B0382FDD1FF3DF7B7037B0176
:1072F00081FF85056601C6046AFB9EF729FC1AF129
:107300004B04B003AA14D006E2F56FEAD7FE10F7DB
:107310004EFA3AFEAE0EE8021EF0150A61F0A0F138
:10732000B4FAD8181F0444FC610914FEF2F70EFBEE
:107330005C14E60606FF11F752F445F4FAF6A4F9D8
:107340007CFC6F0AF4FDFBFDD9F9D700FFF73FF590
:10735000E50A79004E0F951B42F65AEFFDFDB3F199
:10736000E605B9F77414380267EFADEAF7EEBCF43E
:1073700076FFABF79D08220D07FE850489054C06B4
:10738000F40915FD3DFFF5FD590758FAAF05BB059A
:10739000FCF597F64C01FD05710476FD2F08FAF80F
:1073A000BFF8CF0321FA35F83DF807080C01F102C8
:1073B000C1FB4A0D8BF753FDF3048300AFF8C5F60C
:1073C000C70DE4011DFE150B2C04F6F811F493F71C
:1073D000A1F614F2D00512177DECCFFC77FF74FCF8
:1073E00053FA22F5261DFC1760E46FF273F310F8D0
:1073F000BCF7950310296928D9F00BEC56ED22FA59
:10740000130653F3F714EF0CD4F946F61F023C129F
:107410004EEB71039511CC0C97F38DEF2D067B038A
:107420009F03290072080A0D1205CCF3A3005C0229
:107430006402B9015E04050BF1F55401CA0B1FFB90
:10744000EAE9C2EE14096D16300540ED0B01EBFBC5
:10745000B5ED5C0B0811EB1D72F0C7EDF5F87BEF95
:10746000F9FDACF7BC1116FA23FA1809950695092F
:10747000ECFCB005A0FCD0F9EBFC730A2101760608
:107480006FFE5C0AE8F70A07D4F696042FF87B082B
:1074900059093C0DDFEB6EF25EF3DB07C006B60860
:1074A000100007E4A0F359031D0D76EF7C027DF771
:1074B000ADEAC9F63A140F0C27FD09071FFA6DFD56
:1074C0005DEA99F01C0482FFB30EF605C2EF7CF171
:1074D000CEE0A4FAA70C6805B2030A05EDF91DFC7D
:1074E000F6FED8ED61FDF8F21D0D88FE6F017F01FB
:1074F00024F1F1FA53020AF98802810ABEF87701F1
:1075000021F0A6E49A049DF8B20956FFDA05C1FFFE
:107510005DF9EC03DE01B4040AFE97F9A5EDAEE3D4
:1075200040FC9CEE1DF1A1FEF4FFABFFA6F4A6EF1C
:107530008CEE42F5AF03CE0CA5ED01EA3EE7F9E390
:1075400090F910FEA30553042FF6380E7BF851F97D
:10755000D70949F9950331F9AC0CE1F99103F60427
:1075600065FE2F05070837FA77FA5600ADFC2FF9AC
:10757000F2FCDBFA42EEADF478047C0B4E0FBB1547
:10758000F9F613FACE0A3B136F02FEF09C067DFF5C
:107590004E0878071D09F6FCC6F5EE050E0B4002F5
:1075A0001CEEBCECEA0A1F0B18089006D60113FF6C
:1075B00026012A03840484068AFEEA09F30C7E0B62
:1075C00067F246F1A60A43FB2DF8EDF3330510FFF1
:1075D0009AEDC1E5D4FFDCEBDA019100540A210CED
:1075E000C7EF50E784FDE4FFE7FF560E0308830171
:1075F000D0E868E0DD07A0F7F9FE88085D03FCFD30
:1076000009EFEFEC73FD10F462FB5A0134F7EEF072
:1076100082EB83F24CFF4D0405098905A7F6FAE7D2
:107620006DF5160FF6F75BFDBF0AC90427F660F784
:10763000E30EA5F1A3F79C013B0B50F1240856FE85
:1076400098FD76FA8507850686FD7B08890457FA3A
:107650007DFE9DF867FDDF0510F69F00A2FD910DF0
:1076600033FC9C01270A47FD26FB5BFF0203C7078B
:107670002FF22BEB0DFF4508770B3F0A870DFB031D
:1076800020028BF7D4134D11F507EB0D8B02DC07AD
:1076900055F503FADA07C9FAD80154FAA904111901
:1076A000C8FD58FC08FD0FFBB9F0D805BCFEDAFA9E
:1076B000F5ED47E610FB36F81C02B2FFA6F84CFBCE
:1076C00066EFDADFAEF9C20A07041DF8D5079C049D
:1076D00017ED7BFDABFC51EFAD00D5FCB20309F813
:1076E000290DE3027FEEDEF300034EF76BF128FA7B
:1076F00000075EF73CF693FC40FE320845F19CF42F
:10770000D4F509F964F2650988FD2AF741F1740698
:107710005E00DA022FEE6E0400FB18F55DFE0D0729
:10772000C804C5FD61FFC5F6E0005C119EF73D0C85
:10773000D8048904B802E4FE9E07ED0A31F8370B3D
:10774000B9ED350A6402BBF477FE20147200F20E24
:10775000D3F5C6FDFBF69F0686095E0C0B0EC7052A
:10776000E4F92CF1CA07BB02B8043E06070C95FFEA
:10777000B1EE3003FB087906B6FBA1056C105CFE88
:1077800035F7E8F5E8F3CEFD5704F9FD30FAFE07CA
:1077900075F9E80320024D01EFF49EF5800A030617
:1077A00028F102026D0DFC04B3F5D5F08EFB260C1A
:1077B00082FF6316A4012CEDFBFDDC04A80C9209EA
:1077C000390F7B0D4EF180EE5800C104D40266F5EE
:1077D0001E045112F9F3D6F4370F930506FE06F591
:1077E0008613D017AAED2F0D710C0BF8DBECAEFA57
:1077F000830AD3F62DF702F9830DBBFE1D0158F560
:10780000610667F1B3FDD4FA3B0A561412FF4C1619
:1078100013FAF5FC540237015D0C9A0078F494F5E4
:107820000BE966F9BA03C9FD71FE640E7FFEB6046A
:10783000E7EA87F084FC1A01610F1E0B900DDAFB5A
:107840007F06B007BCF8D808740409009AFD450605
:107850009A046AFED5056308400589010BFC60FBAC
:10786000F60C5F1069F38BF7D40083FCEFF9E103AA
:107870003D12D71988F7BE0CAEF905F7A1FBD1F977
:1078800082202E1ECF06F1F62FFE16096004B908DD
:107890002923AB1751F89EF011088D008CFECC0304
:1078A000271C751A08FAC0F570053EFD250C97FBDC
:1078B0009F21CC1973F1DEE23E079F0FF5F2C8F16C
:1078C0005415CCFE89F92D0DAD0C54FE07F53EF094
:1078D0007B12CEF0D5011C016AF86FFFDAFCCA03F7
:1078E000B1F29C000DECEBF963143C12C5EF21FEE4
:1078F00039F272FD6007F7EB17159C08E00B0CFDE1
:1079000085F125F97D03E6FFE4E5F4F8A3FDE6FB48
:10791000DB00A005BF0D10056905490BB7F51C0577
:107920001E0C7BFBF60721093209C001ADF480F182
:107930002EF8BC0484FB22F352090AFD9AFBE1FDF8
:107940007A0211147EF6D6F4050F430688F35DF72C
:107950008C0D3A22EAFB78EF9607A40BE4F61806A2
:107960005E290F1D07F10BEA800CD208AFFBA104C2
:1079700054296C2475F844F7C7071D0AC7FC9CFFFF
:107980002B2BB1202DF714F238152E01C0FDBCF5BC
:10799000E416082092E687DD6F11370ABEF3C2F7BE
:1079A0000B24550743EC8A03EE1C5C0C07FC8EF19C
:1079B000DE0E8710C6F6F5F711FEE3083BF124FD55
:1079C0005901490CD2F840F9810FD30EF6FF69F541
:1079D00018F0FBF593FBADF8890F42EF580D9C0DA5
:1079E000B8F04A01BBFFEFF55DFE08FA3CEF61FD20
:1079F00058FC0110FAFA45FB7DFF6DFC8EF52BF467
:107A0000B500160241FFFCFE3C03D3030CFD6AEFF8
:107A1000BDF622058E019CF60E0ADC12BFF6B1E916
:107A20004AF9D6FE89F2130138173C14B0E7CEEAC2
:107A3000490AC510ACF5E2ECBA0B4903ACEF1E08DD
:107A4000070D2405DAF04DF5E3FC4B11620EC1126F
:107A5000590FB414910089FA96085104520FFC078B
:107A6000E50413051700C0F5C208E4FCFDFC01EDB8
:107A7000D30E680A7EF38AE7AC140E079FF23C002F
:107A80009A0A2511A1FB2AE57F090E093D05400050
:107A90006A1A9F0668EA6AF98A0529FE53F2C8063F
:107AA000B404500FA3F94707E512200913FE30EE86
:107AB0008CF041E110FECCF70317F2108908BF09E2
:107AC000DFF5F50630F3130DCF03E6EE04F5E1F331
:107AD000480275FB620902F9BE0750FF47F42DF218
:107AE000E606AF06AD0152F2BEF9540024F7A1F14B
:107AF0008F0D1DF921F01CF567012B0AF1E5EEEB66
:107B000013F879FAB0F72AF1CD08DD0D2EED7BF0F0
:107B100069F513F3F2F5AAEB89FD2B0ADBED69F8A1
:107B200051EBDBEAB7EBFEF91105AD0AB7F59406A8
:107B300090E40EE9930175FC9AFEE4FAC40697FE00
:107B4000F1E65EEF77FEA3F49E051CFFE00655F21A
:107B500057E49CD727F88CE9F60BA1F3E4F2DEF5A5
:107B6000A1F3BE1158EDAAF88FFDC2FC06FC420E2F
:107B700016206CFFDFF95EF592035B006DF73BF6B4
:107B8000A3078DF9CCFDC7F865149E0A9C0160F42B
:107B90002A1331F631F360EB730D6C067FECEDF8D0
:107BA000C2FAE2F51EF7CCFDA50725FB5DF251EE0A
:107BB000F4025003DB053EFB3210640169F385E7F4
:107BC000FFF83F080604C2F607004CF969F109E521
:107BD000430C860AB1FE5BF000FAF70972EF03FA74
:107BE00097FB8B017FFA58F8F205D5078AFA7301E3
:107BF00068F38CE59AEDE0F728F62707CEFDBB0485
:107C0000F2E7A5D739FE39FC2A0870FEA1043A0232
:107C100053DCBDDFECFD4B09F910C006C603B10C07
:107C200006E1FDDB2F048EF90EFF74FEA110B8F102
:107C3000D2EA52F506FD25FBCCEFCCFDEAFFAEFD06
:107C400076F37215FEEED30265FDE400B400AE04D7
:107C5000E50EB20CD5E570F49F0743FC10FFF5FE6E
:107C6000190B5F0923F9A7FD6D0A040E0CF5FFF04F
:107C7000F302ABED66016CEE730994078DF352FBD2
:107C800070F2A9F503F7BE00A2FB4A0BE3F3F9E794
:107C900048F4D10A44F7F3FD6CFFC8F93EF2BAF894
:107CA000ED040B0BBF10AA0A81FFA6023400FEF8F8
:107CB0002405320D47F7CBFB5F06E80544FFFB06C2
:107CC00060FD45F6ECFC43FC9708960DCC06950844
:107CD0004BED3EE966F228EA10FD9E02670BDB02DF
:107CE00060F0DCE9E601D8FB380083F884079003F4
:107CF00041EA85ED2004A9FE281CE60FAD0EFB0924
:107D000090E0E1E025F864FF810458F4300A91FD29
:107D10008EF224F4D8FA23FF93FA04FCB4F638FA6E
:107D200052F5DA0A6B01330514E4EC06390343F922
:107D3000F71C9B03D4EAE3F8E21CABF3BE0C48FB50
:107D400057F87902B3035AF908FBDFFBCBFEF3F9CE
:107D5000640BBBF471FCCFE86410B40950F7E3F591
:107D6000F2F7F2F7F8F53A001001E7FFFCFFD4F85C
:107D700033FE26FDEEFD73FBBAFDD60BAF07ED0714
:107D80002803700FEF02A50AF4F8B603B104F90E48
:107D9000BA041903230666FDE100B907BD08C7034D
:107DA00006FEEF01B5FFB104180E6A05910E7C07BF
:107DB0009BF8B003B306D00907FB4AF60CFB6BF146
:107DC000D80326F6270066FBDBEDEAFB7AFBE60D1F
:107DD0005DFF66FD660B9003EE0EDB0ED905100706
:107DE00078F9DBF1A2FEDF07FDFE15F15F07110850
:107DF0006CE685E08A00BB0BDBF603039BF373F8AC
:107E000059FCB301791301141603EBF94E03411227
:107E1000E50B2FFB140719166505F1FA1C07F10491
:107E2000C60CC60A370142FE9806050C41F789FDCB
:107E30009F1265F837F1F4FDF1189F016DF7850980
:107E4000B6EF6FF30FFDA9F658092005670A140471
:107E5000EAFC0BF84F02710C6608670768142A0CDD
:107E600099FEDFFD2011D5069D0145FA8413D10549
:107E7000700FE804A302F40A94FD23F8800B82FE3D
:107E8000A2ECA0F135FE8B003F036BF9C014100487
:107E9000B80822013F041B104402350732090F06BF
:107EA000A4F5CD00C41777033AF133FAF9FA7E1539
:107EB000FBFC1713570D030DCA0C68022B0E9E0A0C
:107EC00007F932FB6CFA58036EFBEEF95310820986
:107ED000D6E4A8E48003B705B00BE11BBFFD45FE67
:107EE00025EF8304DB035D0F7020D8F3C20F8C0EE7
:107EF0002001EC006218150B820173EB2812920727
:107F0000EE032706D9002FFBC3F9680817FC840687
:107F1000E5F473EB5BFEA21B3015F00006FBE007F7
:107F200077FF07FF82F82300EC197B02BD0F1C0CC2
:107F30001FFCA2FC1E18CA0F7709CA01CA069100CD
:107F4000A8F786FBDA09870C8DFD75F89F0AF0010A
:107F50008CFA84F4260F1F0C66EEE1EE8F05990E65
:107F600086EBC7FB6715A3068AF42FF3D310760AB6
:107F700024F246F07810EC05DDF8FBF4770B5F0C8B
:107F80007AFED702E9056B11D7F283F65B0E9A0CE5
:107F9000270947FFDB045019860CC3FE0F113E0B67
:107FA000410B13FEE90FD6123A07900E870117FF17
:107FB0007AE78EECA30C4BF9010C2C1C83FC48FBDC
:107FC00015E848E76E042B1D0C181AFF0300300A51
:107FD000CEF2E0F89C1C681227FD62F8F8091F0930
:107FE000E00554003D0D42F11A02BA046E00350A54
:107FF0000CF12EE90909F4FE9E02080821067D0E07
:1080000045E7DFF05FED6B07C4062AFE6D054D0EF8
:1080100024F4F4F268180914FAFBA6EFDFFB47F822
:1080200005EA3C00D50B200B47F43BDDE7F8C4071D
:10803000C0F9B4FFADF7F009BEF1D3E62001B006F8
:1080400088FD2B00E70FE1041AE6B9EBD40268FEC5
:1080500099FD96F0DE084F116AEEC3F68AFB980B85
:10806000B8F65F08B613882519F1110945FFCE1B34
:10807000D3FEC0F5E9138C0A5BFDA500AD181F10F7
:10808000E2EC9201A20CF4130012180D66055F11C8
:108090007AFE34E3C803680B480DC609A7018301C3
:1080A00034EBBDF187048426FA1231E016FA85001C
:1080B0000FF2C4F34414DD049EEC0DF6C1176F04F7
:1080C000A108D8F1D5079BFEB7013A051D04ED02C2
:1080D000EAEDC5F8AD0E4CFC0BFA4110F4FE901021
:1080E0009EEEF2E753F99605EB0DC91166FFB20358
:1080F000E7FED0E8C60CA60954FD00F5C003BF0298
:10810000B7FA4FFA100B1FF9CEFB4FF01FF46CF5C6
:10811000A5070EFEB205280898E7E0F858F7F3ED3A
:108120001200B0083DF9320646FBA7F632EBDAF64C
:108130004D050601EE0D41131AEDEDF53CF8E00595
:10814000FCFD5B0A0D252E1D7EF39E06F50D4A04EF
:1081500071F9B103A7145A05C2FA2305F803B10255
:10816000820375F75905DD1AF400900F17F86106C0
:10817000D30ED0ED73050811A90E9805ACFD14F5CA
:108180001F03D5024414FC2A5D0B0BEB81E965F15A
:108190004D0084F9A20C63F71D00A804D60F22023B
:1081A00025160AFDC1F02DF8390C3AFBD604131937
:1081B000FBE1D4E958011707360030104C0439149C
:1081C000AFF556F39BFE75046407790CF1FF62F678
:1081D0008BF7FDF70B112B0BB603850715F92AFB5F
:1081E0003DF944FE3F0A1CF67C01E1F8D6ED54E966
:1081F0005B02E40C8AF3C5F929F9EBF66BE4BADD0E
:108200001B0849FD13FBAC0E56F0B2F402D64BE34B
:1082100032050D05B410001036FB7FFB57F17D04CD
:108220005AFD6C048414530E4E087600DD06940942
:10823000D405FE030511711046FFE8FD540D37FD0E
:10824000FFFE65026106FC0EE1014506A0F0A1FA01
:108250003AFE22FAD409EE0E1714A80266EE66EF73
:108260008FFC33FA4F15FA23B6FFC3E8A1ED56FB96
:10827000CD195F06CA15850EC80E4DFF3310510388
:108280003405F50410FE54ED9CF8351208F9200968
:10829000DFF4DAF640FAA3059E13F816B00B0F0BC5
:1082A0000AF63DF426FE8D0103004F0EDBFBADF90F
:1082B000BCF98C07F501AC076813240666F8ADFA23
:1082C000760CB609BC02BFE666125B0A46FB80F973
:1082D000D103B212A1F2AE01ACF79BFEB4E63FE8C7
:1082E0008F110A0C91F5320B89076D019CEBAFFBE6
:1082F00045FBF4F856108117A403AEF8E2F490F1B0
:10830000690093FA1D151F1100076AF81AF459FA4B
:1083100016FAC30652FCFC08AAFC33F6D8F8BFF6DE
:108320008503A40A6E01ABFB6407B2FDA5059EFBA5
:10833000AA00AB0613F94808A9FBD5012AF31DF1E1
:108340002807E5FEBE03630E5CF9FEE920F44D1339
:10835000A20C54059213A6FFD8EF79EE950DC90033
:108360005DFE82EEB905ADEE7FF7DD0403FDEA1692
:108370004F0192EF860C8B0B08F93A1136023E162C
:108380004BF20209FD08E9FC7910AB02EEF88FF917
:108390004F01D3055DF9E001560177018AEF7AF0CC
:1083A0007E05D5FE560056EBA90CC9FE150137F91E
:1083B0008307E91011FA73EE3C08C4088800220212
:1083C000C407A90902F232056702E808C205A90D2F
:1083D000DFFB3106E6046B0DD40AEAF90505180047
:1083E0003BFF7DFB4F09B8F81A0182FEFCFCC7F881
:1083F00066066708B80555FBA6FA0BFEAEFB43F709
:10840000D1F9C9FD20F384FFD7F95BFCA6FC53FE2C
:10841000F00C1908C3FD31090E0205F4E5E242F93A
:10842000EE11F713740642060DEEB1E690FF5A11F5
:10843000A5F916F79624FA08D0F38A024E13A90775
:10844000CA03A0FEE2059A0FD9F3D7FD72F5A20385
:10845000750C6000EDF754FC0DFC47E9140E431C4D
:108460006F018005E70438070807E8F72C01F6E9F3
:108470000D12E403BCEEB8037EF794007AEB81F2B0
:108480009F0040FF9FFA5DFC94FBE3F5C7FDBBF73F
:1084900068F7D8FB48FDBBFFBBFFC405450738069E
:1084A0008CFE36FA62F4A6F93504BBFE170496FF7B
:1084B000F5045A004BFC8FF5C5059BF47FF7D4F704
:1084C0001304310169F3BEEEF5FCDBF08703CCF554
:1084D00074040B0557FB58EAC4FC86FA32F83500E1
:1084E0007402FDFCFBE2E2FF280396F088F1A0EAAB
:1084F000F5F17900F2EE22F896088FF73DF143EF9F
:10850000F10444FCCB0217F5DEF87200E2FE7110B4
:1085100022E719FB3BF917F7A309E00A60F9AD015F
:10852000280BE403460768F621F5940590F935F722
:108530006204CBFABBF6BF0A1AF68AF31C0654068D
:10854000AC03E7FB64F4DFF6A8FBEDFC97F9EAEF78
:1085500033060F0270E870FAE2F77E0391F850F5E7
:108560006DFEB2F973FDC403E00620F937F46FF82D
:1085700099031207D0FD60F7EBF67EF67C01A00BA5
:1085800092056B090003AAFA3406D2FF9A0A9EFDEF
:10859000610E35FE37F997ED5D01860761FFD4F86E
:1085A0007EF8F00718EB37E74D056A0120F96CF704
:1085B00088FF8105CFEF95EBD8F544FDF1F56CFC14
:1085C000F20176EDF2DEB2F616EFD1FF95F2FEEA99
:1085D000C1F88A00F8FCACF1F6047EFBA5FCBAFFFA
:1085E000F3F047F8E4F65AFC85F3BCE97D10A208E5
:1085F00003ECA40568EC49F7B1067702620F0D00A1
:10860000C804530130FB2F046301FD00EF060BF893
:10861000A9F873FCEBF3FBEDFB1252FF000C7E0498
:10862000860EFB041FFC41F1AD09DEFD82059D0BAA
:10863000D20292F286ECCDF39E0D9703EBF8A0FEEA
:108640001DF8C1F5F7F774FDC6F68CF76A0B1FFF2E
:10865000BEFB19FDCAF10EF74B0AF00A7F02480D66
:10866000260A31FE8CF5B8EE98FA21F9BE0AEDF92A
:10867000FDFF1BF991F157ED4807AE00DFFA94FBBF
:108680005C02D7026BE513F078045DFB5DFEB9F880
:10869000C50430F70AE057E9CDF66003A6FC12F6F0
:1086A000B3F76B032FF5A8FAA6EC6DFF64FAF4029A
:1086B0002DFD020444FC11FF59E8D9ED27F6ED0623
:1086C00097EEA8EE8EFED6FC09FA2AFB011FEC13EA
:1086D00085EA74F7AAF1BAF503FAD404631154FFDA
:1086E0006A0323FD65FAD7091D0AE7F9C0F5BAFD4B
:1086F0000004ECEBCF087FE98905301EAAF3DF11F7
:108700005CF1B7F2ADF921FBAE283313F01B5F0E1D
:10871000A6F8EFF20AF7D9FA2B110609FA0CC505EB
:108720007AF281F9B7FE5EF810F7B707740882088D
:10873000F7FE270AF8EFF8014103EB009A07F60E5F
:108740007E01F704ABEBEEF64805040C890AB7FB93
:108750006F047811D3EB0AFE900F6DF640F9FDF32C
:10876000BC03290493F4D6F1C2FAC7F8D9FDC2F3C9
:108770008D058612DDF712FAFDF791F73DFE0DFD2E
:10878000640B05016BF661FF84FBF70122F92506F6
:10879000EDFC11ECA8F9A1FE4A04CBF6B10E4D0692
:1087A0007304BCECAD0B2E11CE056BEF0A106518EF
:1087B00063FF32025D01250776004FFCBB083007DE
:1087C000B0FFB709320986FA5DF73100A6FE7DF7E2
:1087D0000EFB2C0FC4FCA2F607FF300955FD1B034E
:1087E00008F729E9A605510AB324EE18730DFA1B00
:1087F000D1F267F23D05FBF89803980D3E1CBC1DB5
:108800005703DAFFB10190F70A0344149D1F971A2A
:1088100086F0D50AC3F7BD1020060F1CFA16810C8E
:108820009209CB02FF078C068D0396FA8E0B70011E
:108830005D00930B2E091EFF53FB430068F3B7F84E
:1088400047089708F502D1FD4109CEFBC4F71D0387
:1088500014158E0555FC63F25E000CF4D8FD01F58D
:108860000F0B94172AFB99F5FFFC150A18F6E40282
:1088700015158811B6ED7CEDED16BB18B0F93D026B
:10888000A106D3089FE77010810DCFF7C9046B02D2
:10889000C1FFEFF515114EFB05F7E0FC4D0E880406
:1088A0004D0AFCFB0D0790FC90FE11FAC109B509B9
:1088B0002FFA6404220943F980F7E202ECFF350243
:1088C000BBED07FC8A0D160BFBE2A0EAD40F3B15AB
:1088D000EEEF97056E088A0108EF98F1FB0E7A1209
:1088E0001A08CD158A0A9312AAF69FFD7C0B120C6A
:1088F000010B50FD740952FA08F8D4FA1C1DAF0997
:10890000B1015418790A370AADFBA4083E0D81FC69
:10891000DE19AB0AB50CD80ACAF41A06A208390542
:10892000F60AF4F72E0A02F33D06A5FB09010A0B2D
:10893000E702CA104905BB032106690DB6FFAF0463
:10894000E60C430EBDF4DA0764FFC6E8BD108B0ADF
:10895000F40B140774FD980BCDF26DF0490CFFFB7E
:108960009007BC00A90AA3F5C2EC0505810078FBBD
:1089700090012207EE02F0FBA703FFFCA601D1FD48
:1089800013090F044EFE5B01E306610204F6D4FBFB
:1089900057FB7503CDFB5F0A68025C088AF6AD09D8
:1089A000EB09000842020303E6FC53045EFE510794
:1089B0008011E706E9F8EE092A05D7F9D4F136FB6C
:1089C000F40E77094FFDDE04E4FE65FAEAF868FF6D
:1089D000C70FC30CE0082C05B7050B0382027E020B
:1089E000A11F4334FB0397FDA0066E106EF752F7EC
:1089F000DF25B2078706A70760EF2CEE88FCA3FBF4
:108A00002A09C2056BFC28FDBE05BA016B048AFC6D
:108A1000CCF785F3690D8A13C4015CFD3E0F750B1D
:108A20000508C9044514DDFBA2FA81F953F8C9F819
:108A30006FFE88FF900AD00050023800D605A2FBD6
:108A4000F0F6670325FE98FB6B06DBFE1607B0F712
:108A50008FFD4CF78E021E00AEF8BAF750F645FFB8
:108A6000A9F739FED10710090FF923F67F00E9FFB6
:108A7000C4FDA906850024FD330514FF1D0AA908BD
:108A8000210A8E0247027209DDF97B027403460156
:108A90007FF57B0192FD21F99505B804B409440ADC
:108AA000ABFBBBF97B001709DA09530347FF03FF50
:108AB0005FFF4B09EC06C2092C079BFADD0135FA72
:108AC0008004BF03EDFA40FA52F686F779FE500DA6
:108AD00089FFD9FAC1F7E202D8FCD9F54AFC92F62F
:108AE000C6016CFBF7F8DFF7DF0963085AFB4605A0
:108AF000B5FBD3F5FB06F2008D071DF956F93703D8
:108B0000A4FEB2F59AFB2BFC7D0398F9AAFE8EFD1C
:108B10004DF7270102F682F7FC068C0947FB300966
:108B2000A20002069504D70627F659FEC8082DF7BD
:108B3000D709C6F8B0FCDE02B5FC77FFF507F9FDF2
:108B4000DDFCFD00FC03490758F7E2FA700423FC42
:108B5000FCF584FF32FFD4FB38FD7AFE6FF8CB03BF
:108B6000FF096BFB7BFE63F63CF9F7067D05AA0463
:108B70000512A41003FD89F2FEEF42F5850FE715FB
:108B800033034A136AFFE8F155F227F8A506BD083A
:108B9000130D031419FF21FB12ED38059E187807F9
:108BA0002315510B15F494EE0007C8FD3A0BB509D7
:108BB000D50CD01D210325001701B6088DFE2C1FF2
:108BC0003B10A8120EF51CF5C60C61035C1F331791
:108BD0002B19C90EDBEFE2EB01F3C0F69A0D590930
:108BE0007A18860336F398EB86F0ECF2D10A58FF38
:108BF00093090B1249016BEF88F21A05A2FFB10F1E
:108C00007B0294087408BCF704F6A2F87807F0F920
:108C10005DFDB900570AE3000B0896FF23FD7906B6
:108C200003089C057608250A730758F6C7F8E0FA8A
:108C300098062907B502EEF54D082C0C25071A07F2
:108C40001913BC0952FCA9F0D501330341171B06C7
:108C50007212CA0E5EE82BE5B6F1D7ECE90F0E0DE5
:108C6000ED1BE51C0DED89E6CCECFDF5C11493F888
:108C70004C1C0520BAE629E535E109F5D0FFF216CE
:108C8000CC14390DB3E240EC2CFF07EA5E04AC18BB
:108C90003A0DD114C4E91FEB6AE865E56813F610D4
:108CA00044027101C6FFE8FCE9FB5FF9C8153B0F00
:108CB0004C0C3005B80D8D02A0FAA3F393145B0E93
:108CC0000A10B8111EFD00ED5BF22BF4E9F36BF115
:108CD000C6123D030EFC9BEFF0EC02FE3EF06BF083
:108CE000AF099C06D8FD34FC12EC6BF837FCACF6EF
:108CF000AEFADC00D6047DFC91F9D90294027D0124
:108D000043015E0897F822F8A1FD9BFE78FEC1069C
:108D1000A80CEE09301475FC1DF2680149078E0499
:108D2000D6EF0CF8880A12FD5D06CFF58909820E90
:108D3000900D68FD37F5C207D5F4AE01A6162E17C3
:108D400013FB05124200E7EBA907F8FF1203EDF849
:108D5000EF0685097EF32FFB2F0639043B0452F9F9
:108D60008CF958103EEE4BF7A700A2063908381CC4
:108D700088FC15F5CCEDD0024E107D01B613D50858
:108D80006E0D6203DCFE71071604CE03EE1A402955
:108D9000B806170066073214A7FC39F6BA13CE0DD1
:108DA00021E7EEFA3116DAFE3E0062F14DF655F497
:108DB000B305CF048405160912F4FBEDF0F851FD5C
:108DC000040992F95F0320EF02FABE0B44F5D107C4
:108DD000D8EE8F0180F8B605E80717012709800053
:108DE00030FE05FB89FAA4092CFD9702C501E1FBC1
:108DF000F50D79E45A15D11CC5EEC80D6B09A80311
:108E00007FFAA208A601BC02F2F716E58F0B141236
:108E100011FFC409B4F49CEF58FC09FD0D0C410D81
:108E20007407C9166A01ABFC5007B805350C30044D
:108E30008506380C38F6C10013F87A02E6040AF702
:108E40008E0D820FBD054BF76C0BCB012B0D3E0F2A
:108E5000350E5CFEABF70103230A2305CB0FA51EDD
:108E6000C30D4D0373FB3F0008F7D900F911F81645
:108E7000A0FC0D0A4EFF7D07AFFB11FFDD01FCEFEB
:108E80003605FBF790088D0B25F434FC2BE578EBC9
:108E900092F603F1E5FB61F82DF8D6F5B6E4BAE1F8
:108EA0008BF69CF5B70705052F026B0D22EB66EAE2
:108EB0002603BF0867062EF6D11058FA00F90FF7FF
:108EC00041F732029D03E006590443F8EFFEEE013C
:108ED000080612F2960454042DE93DFB1F014AE8EE
:108EE000AE0942EC4EF16B0AB8F6B70008058C10DB
:108EF0009FF70FF4B6066B11D803E8016C10E4FB82
:108F000042EF0E012FFFAD0722096F02ECFF15EFB4
:108F1000F2FF3BFD69F192FDA40EE817F7ED42EA7E
:108F2000A6013709FD04660A5004361600033B12F9
:108F300025FFAE00EDFF3D071D062F06501D1D0B42
:108F4000C60779059C0B72FB54F7FDF873FC1BF800
:108F5000C7FA1600450861FECAF53F02BCF8ECEFFF
:108F60006FFAC006B901A6FC8A0236F0D5DFB3EE6F
:108F700088F3F60043FAD0EA1E0707F05CED43EBF6
:108F80005CF6180DF2F6FE088FFAE50BFAF114FC08
:108F90009D0836F7EAFAB9F283027BFA25F4DB0082
:108FA000ABFA84FB6F08550B7BF9FA049309E809C7
:108FB0009DF4F0F91A092F1007001AF008FE94FC2E
:108FC000FEEDBEE97B08BA0632F3CF047E0AF0F468
:108FD000C4F253FCD0FD83053F076706ADF36BF089
:108FE000F1F581E8A8023309DD17D60403F942F050
:108FF000A7047FF719FA9E0B9F14920FACFD021382
:109000001AFC97F76704550072064211A6188B13D5
:10901000610770FFBC04A00D40073A01A5081D0DB3
:109020006C06D603841463077501E106D3FFB4FC14
:10903000CFFC3203C6076D074CFCE50CB5E707E72C
:1090400023F569FF56074607D7022B0B86E0DBDDC9
:10905000ECFB29FCA9FC7AFE150741FC3CEA0BE37A
:109060006EF6ED01B5FFD105A2045A00BCF3C2F7BC
:10907000A6FEE40206F97BFA7CF912F7FCF820FF61
:10908000D901D4F9BDFC4608DFF7F90AD5F9450E38
:109090001DF7EBFB790D7F07FEFCAC0ADB02170026
:1090A0000BF623E92AF730FB71E0F3FD2BFAAAE077
:1090B00094FB0D027803F3002C0397078BE507FD63
:1090C000B9F0C1FE1C0F43F953125F091BEE1BFEE2
:1090D0005BFEA5005F01B6F8BE04A508DA12051014
:1090E0004FFDC203A10C950519FC20114C115B0B1F
:1090F00017FFD9063006BD066D09C10198FC65FE53
:1091000027FDEA03B8FAA0FF46064701D4F54AED69
:10911000AF05F9FB620A2F06F20A560B9CE3D9DF72
:1091200054F71004150D3CFF180614FF18DEE7F481
:10913000D9091205DBFA10012402700A79E077DF01
:109140001EFD65F5E5FA7B0331040409E8E695EFB9
:109150008CFFF206FDF931F1EEF1C9EFBAFD0A0913
:10916000651802F745E9F810D30675F7F4FFA10872
:109170006EFC340623F2DF0BDCF6F5F670F39AFF93
:10918000ED06FFEF7AFDB7020EE3F8FBE9030AF5FF
:10919000ADFA0EFE8C091B1051FFC304D0FE59FC22
:1091A000FBFE5102C7075C01A414BF118BF7A70493
:1091B000570ABEF69E089C12100C0108E70AF90631
:1091C00052056F0F410136092F09F60657023E0579
:1091D000870B4F0D32093D009E021B068AFE55FB90
:1091E000AA0A640EA0F5D5095617B4157FE7B6EBA9
:1091F000BFF472F98C04840E6314AB0EB9F3EBFF69
:109200000902B802E60548103504E5FF6CEC36EAC1
:10921000490029F6EB084B084C140F15A9F232EB64
:1092200094FA8CF8300C720C3A1F920A7FF807F40B
:109230008402E7FF7F0EAE11B5018A126E0A79052E
:1092400058EE87F6A90A270D4409AB05BE018D0526
:1092500005F2C3121DF0DF03F5F772F2BF0DDA0F4E
:1092600018048801FAFFA90291F33203950AD8F392
:109270009A01B3F214092C0FB5090F0230FBD90281
:10928000ABF7F5F89402DF0196031A041904F7030B
:10929000BF01C1FA83110A0EF30A970D7906370947
:1092A0005EF9950F0F07A906300D3A08E00A68FA33
:1092B000DF0C16071709AE0EF60DB5F68CFEC9F2D7
:1092C0002601D207480BC8054C10481884E541F028
:1092D00024F1FBFDB40EE8145B090310EFF9160747
:1092E0000EFB440A900C2011D8117A0E42FE71FD3B
:1092F0000D0209069E10E6084702F90876F478FE8A
:1093000050F4A0F6F4038018FB156F15A7F3CEF9FF
:10931000BAF4BBFA081E44151101A8F5ECF710F9D0
:109320009FFDE605F3036301990F5BF6F9FBDFFB95
:1093300058F94307FD0103FB1801DEFCC512F102D9
:109340000200F3FBBA00890B99FCFEF9A6069AFC11
:10935000950526FD0C03930F04028A06890B8FFDE9
:10936000CCFA0504D10894067A06F10F37FFF30909
:10937000470818FA6312D10866048A010103C80479
:10938000E802F606240F141635069610C0F51B09E0
:10939000DC15480A590AD004DF05FE0828FA98EBC4
:1093A00081F8D9FEC5041702BD00C81459ED17EEA7
:1093B0001905CCF54C0B9E0DC10534FC1D00E3FED8
:1093C000E206D4FF6711870F1F02970A620EA807F3
:1093D0003A03C908DE0A820AC50B8A1B13083F023A
:1093E0000B0669EA920E6A1D941CE01B5CEE12E704
:1093F00004FF210EA01F4D17D414260647EEF300DC
:10940000C5FEEB0EE6127B0559016A05E507EC0E79
:1094100019004DF7B1087F05D5000912BF18E50303
:1094200056FDC10CDF14A113640B0BF52B133D018A
:10943000320AF30F6DFB1F0B670E8C0FADFC4C0255
:10944000DE066604310E9FFC1C1442079A0C0613BC
:10945000ADF8A5063207F310790A3DFC74FFEFFA68
:109460004703510F9A06BA0884091B0A4D009A1443
:10947000CE1683074E0EA8131706B000A109B1043B
:109480008BFECFF4D4F9D206520A10172D0072FECB
:109490009AFF1D09F4052CFC36067604A60041FF50
:1094A0005BFBD80652026403950E190DBD0E140F16
:1094B000D40ED9100EFEFA0AD916D90D2915610B52
:1094C000770527F876017B17C0183113CE00CFE857
:1094D0006D07ECFBF91EEF03BB195FFDC1F85019D6
:1094E0001CFE4A0053085A056701EEFB720B070E7B
:1094F000E8F1A2F93203B001DFFDAE0E63063011D0
:109500002FF5EC04240385053D075301AC116013CE
:10951000EF08110F4B02BEF89A150E0B26F757FFF6
:1095200001F8490C32042D0299FAE0F5D619D10759
:10953000C4F74A0305FADBF08200C8FBDDFDC2EE8A
:109540002D008BFF84FDFDF5AFFFC8137CFC1E03CF
:109550001A0988F88715850FB108910E7C129B16A1
:109560001AF22EFF3810DDFE7EF9F40211FE3EFBEA
:10957000A2FD1707720C0105570A101AD60475FFD1
:10958000520273099CF881FFFD062BFC0F08390875
:10959000340DCD123C01E7FB33FB1E09AFFFC208BF
:1095A000A520A1FD4FDF79060402AEF6D91805F714
:1095B000B2F0A2FEDD0A620DF514FDFFD907971681
:1095C000B20A490128F86805200881FAE40278FA0D
:1095D000440036FE1C0E67026AFC9F1DA11149085B
:1095E0001BEC95F956F961FC2120B014EF184813D3
:1095F000780297FFD8FC5BF3FD0B410CD90E5107A5
:10960000DD07CD01C6F217F39EFFD7FE580A420FC1
:109610007903FF010BF76FEF95F65C0208FDD7F2B7
:109620006B065E0DF3F193F79D0AA80896F15DFBBA
:10963000F8002E09CB1C5B0BA7FD90FE5117F3071A
:1096400013048CFAB10CA10EEAEE69024BF732FE5C
:109650003BFEEC04180B46FD4B14F512B302F8F870
:10966000A9FF54043307CBFCD1FC68071A0EA60BE4
:109670004208EB17C0EE47DEBC0F45FAFA10F612AF
:10968000D0115A0460DB4EFBA2F541042010FCFC13
:1096900051092318940499F174F281E82BFD0EEF1F
:1096A0006FFF57FA30F62504B2FCDE011FFFB80544
:1096B0005A0405FFB50D5110F8F6F10A02160C1800
:1096C000DADC1B0485F5C3EFC012A3038B08B80CCA
:1096D000B20B070096F88BF32102810A82FD520536
:1096E000E5FC9C0660F8B5F384F7A0EE3D12180384
:1096F000F7036F02BDFA86EB1B0559051C109EF19E
:1097000000FEBC1295FD6607D201D3FFD2EEC00861
:109710004200F200CD0DC6125C015FF62C032EFD57
:1097200003F6C8066C107606A6E9E7F354FEE6F4E5
:10973000060391F7FA0775FA830BEE0128049BF3F1
:10974000C3F132005EFA14FE4E0C72058E0BDB0D77
:109750009803EE02ECEAC4EBDB021E08C30F2A17E3
:10976000D60E8E1FC1DA64EA521320F7E402C0025B
:10977000EE1AA505A7FE2FF0F5DDEFF492ED04F348
:109780000E010BF939FACF0A1A01E3FFDC05B8F52F
:10979000BFF8F5F869F720FD91F429FB4EFD03F9B8
:1097A00042EDE7F805F295F5460E141409F057FB63
:1097B0005C03CA03F8F661F8F302D1003C03EB1333
:1097C0009C081105A4F386EBEFF7CCF6B1002E0C44
:1097D000F90CCC0E51F42AEF7F08FDFAF4F46B0873
:1097E000C40CE00E76EE0407ABFFDAF18CF4DD0476
:1097F00001128009F1181C0A02F26DF0571C90FF4B
:1098000043FC5BF18A065C09DBE7B3011EF712013A
:10981000B7F890F7C8FBCFF9F20B9300BBF9BE0184
:1098200050F19EEB8AFBF700660719034704490ACB
:10983000C9FC57F19AFD3FF7DFFF750B9C08B60E88
:109840003B0A0D26CDF093DAC214ADFA35F8A90F14
:10985000D2085C154EE9ABFFB5EE04E90AEE6BF6F3
:10986000C0F8BA0366087604C1FE5209B2FF74005C
:10987000DF0493FF800ADDFEB60597F7B6FC72FCA5
:109880002F03C700F90681FAC007B40D470E860DF5
:1098900079F6F209BBF950F675090BFC09FF3D0892
:1098A000F8001D13A1F69500D102F2F6C103F90DDF
:1098B0000A18830F77FD99EDCA045BFDADFA94F9A0
:1098C0001618B7113C03690FC105C6F933E77212C8
:1098D0002016DEF9C5FA63F94DF3ABF5AE18EF09C2
:1098E000B80716FF21FBCD09BDEE14FBEAF530F6F3
:1098F00015F8FBF17601C3FEA2042A045AFBBB0A49
:10990000E4EBEAF74E04C4F17B0F36F94AFE28FA7D
:109910001DFD0D070FF962F0880546139D0442FAFC
:109920006DFDC5197EEEECD4B30709DA01FEB80867
:109930006408821637F193F325E67CF4E7E84AF9E8
:10994000000023F2C5042206F705EC000AF7E9043B
:109950007C02D400A6F48302B1F4F30E6EFEAA07D3
:10996000ABF570F40903B3F8500F7F0F4305920174
:1099700036FA7E02A80132F5DEFDE70F06F9F1FFA7
:109980004FF8510E0B044F02AF006DFE6A03C1F990
:10999000AF104B0BE5F387FEFCFB6A06B5F44AEA11
:1099A000A312CC12D3F784FD63041DF09CFC170AAC
:1099B0006A0C7B079708CDFB7AF53BEE111BFC0484
:1099C0007EFE3EFEDE0AAEFFE9FE1E0BB6FB3EFF4C
:1099D00051EC38F60FFAF00B0F0603002E04BFF51A
:1099E000EAFF5BFA8909FFF2CF00FF034C0E81F713
:1099F000AE037EFD6CF0EBF368FAE80C8B0737FBE7
:109A00002101350FCBF937DA2A0247DAB9EF14060C
:109A10000403671DC5FCA3F049F1030D51E48DD883
:109A20000CF65C0662019410D51427FD5AFD6408FB
:109A3000FCEE8DF6460C39FB7A00B8FC770346F94C
:109A40008805DEFBC5F614F90DFC3D0B58022CEC25
:109A5000D3F988F1E50DB9FC500ACB0477F269F42B
:109A60000B0349F67EF856F42B06B50E14EA1FE7F1
:109A700051FB68048CF84FFC8300DD0078F0B1EBFB
:109A80009AFC240FA606C90F26F894FF31ED7F003B
:109A9000C0F965F60BFD4F096FF5DB01AA156006ED
:109AA00043FBA6F6C80A4D0F9CFFC0FF3A03E9111D
:109AB00073F834FE87F735F9AFF77E0A6010B2FE0F
:109AC0005BF84CF48D0114F3A2050E025D05DDFB7D
:109AD00056FA1404AB0069EC1D016C009501CBFF34
:109AE000A915E81B25F6FFE4D5F331DC5AF3010D87
:109AF0001A08F510950C6CF451032CF077DE6FEE1C
:109B0000580A20F48002EB0E05F5E50F9307FC04DC
:109B100069EE5EF644F8DDF2930F9C0B27F0E3F359
:109B20002FF3B0F314FF04016000B21311FF50FAD9
:109B3000A1F3ADF5FFFA41F9B705460101FCC0F309
:109B40005CF8AA0628FBB1FCA2042DF93CFE64E9EE
:109B50007409630509F40FF23AFB63F189F110F01F
:109B600035023F06AF004E0A21FC1901ACF99704FB
:109B70003FF48FFC8BF663FDA9F3D6FCF306E101FD
:109B800046FB57F8850214051FF7A3091B0126178A
:109B9000B203EBFE1B0A0909F7F81D09880ECC0772
:109BA00092FD7203FBF94BF960FB710039026BFE09
:109BB0004B0FA01111F3F8FA8DF4E8FF0B08110216
:109BC00065FE161DB108E209D4FB2AE9260C05063C
:109BD000391ECE0A78ED08F21DF29FF956ED01FA12
:109BE000BA08E306CBFB26F7CCFA6D0D5E0579F6D5
:109BF000020943F2F0F0ACF1B8F9B1FF90FD8DE746
:109C0000C3FFEEEF9AEA76FBBA03AB066C06D6FC0E
:109C10007BFDE4075406F3F69602B5F7B4FA89F62D
:109C200043051BFF4BF9F2F98601B4F755F7DDF157
:109C300057098C09B3FC99F0C4F79FFDBAF432F2CE
:109C400013104CFBE4F5D402E306B606B209F70F95
:109C5000D1FC3E01C4087C02EAFD52EF0C13430420
:109C60004BF4A2FFDE0150FBB0EFFC0110122F13EA
:109C70006C03C7064306220765FCEBFA4B12590139
:109C8000BE034E05BA015EF1DFFB22EA3E0173F32B
:109C90007D0AFF052708E2FC5FF278F4DAEFADFBFE
:109CA0009A072DFEE414CC0E90FD9FFE0D0ACD0AFE
:109CB000241CA1073FE837FF1DEE67F26FF1EBFAB6
:109CC0001B044B0B29F69D0677FAD2F1F8FD78F8C4
:109CD0009B07A81BA6F09CE47BE99BFB61FC36F686
:109CE000C80DC0F8DBF4E9010E04F1F966FDD301FB
:109CF000DE0E380FE8FA6501B500FF075E058A0A37
:109D00000D0E9A0E83F563FA37F816FB2300B7F0B1
:109D1000050FFD02EDF9FAF137F0C5079501A5EC45
:109D2000F909950A3B0481FEED024FF074157F0A94
:109D300083FD660370029009DAFF1FFA100B030F10
:109D4000AA0065FDBCFA240424F34DFA6F08020C46
:109D5000F3FFBF02B70943FCD5EA80F8D30AFAFF44
:109D600065016E0BDDFF89FDEEF2EEF14C093A0460
:109D700006054205FE075D0945039903A9F65BF751
:109D80007AFB53F3EA00D20B00F786FEE00747FAAE
:109D90000D1555093BEB0D01ED0E1EF9DBE6A7FD98
:109DA000BD0BB5FE4CFEA7F96BFAE10597F87DFEF9
:109DB0004507FC0EA00184F389FE0907DAFEA9F32A
:109DC000E40985146CF935FC6DF63CF279F3AEFDCF
:109DD000201BFC1139097E0339015103EE019BF868
:109DE0001E0AB912E80769FC95FD3E02ADF636F48D
:109DF000970B1C0CBCFA61056F05A801C8E9DDF6DC
:109E0000310C7703660A31FC09F9760740F903063D
:109E1000C70626FC9807EBF8E10977FFA706CD10E7
:109E2000FE00F9F2A50040FC15054B057D11680CFC
:109E3000570837F6A0FBB60471FA43F1F30CD500CE
:109E4000CD09C3F9520321F266F277E50C04CCFF89
:109E500011040903C9FF7A0DD70767FFADF7920117
:109E600023FAA3046704EBFC3AFF46032D11EFFC31
:109E700023F72A03AF01A70477113B09A3F08EFA59
:109E80001B083209CCFF17FBF6FA74FC31F65B00B5
:109E9000870421FB50FD010044FE190D16FCE70567
:109EA0002BF1AFFBA70C85005F031F05BBFC25FC56
:109EB000ED09BB095E0320FB140AEF0D4C0489E891
:109EC000FB10271234F711FF4102AB0B43EB6BEB96
:109ED000FC0246FB11F982027B042802F7DAE6D87D
:109EE000B501D80F0BFBE8FE41F63D081BD41CE57D
:109EF0009FF8980BE3FC51FAB1038C0542F314FF71
:109F000025067A0936FEB80A110E8A02B8156D14B4
:109F1000610A92087DFDC8000A07E9F6E5144314BA
:109F20008505420B86FFF2FB5BF555F56BFF610380
:109F3000421414FB09089818A0F3F50A9EF882054C
:109F4000B5F6B7053E10EE088C15BB0696F883F102
:109F5000B9F508F6C7072DF7F3F50906DEEDB4F9F4
:109F60002D0326FD4CFB79082B0969FAF6FDCCFC84
:109F700017F804F9CB010A060004DE1955FAFEF5BC
:109F800053E59EF09D1008144A20DE1C14F532ECB7
:109F900056F0A4EF6219B6114C158F088EEFAFFF83
:109FA0008DEF47FB530FDAF7AD0DC00C060229EF1A
:109FB000E4F851FE600AC1036F10A4FBBCE815E091
:109FC000020D51003F0D360E3F0D970FFBCF99D27A
:109FD0007F02F10206F94D01D01221079CE882F0C0
:109FE00080FD95EDBA00200C34FDA7F7520CC50A90
:109FF000F0FB120284F4BE028BFE78F0850B68132E
:10A000000702A4FA6FFF010361F8A9F1140A6401C1
:10A01000A7F2EEEFDD0836074002160061F6B20740
:10A02000DB0BB4197BF9E0F3ADF714E7F608E8FAB7
:10A030003BFEF80808FE5604F6FE5E07D708A7FBAD
:10A040007F0A1606DEFD090AECFB4C07070A19FB1E
:10A05000BBFE97F1E8F39507260DB40337F86EFEC3
:10A06000D4E103E6F209501003146A0BF501350040
:10A07000C1EF3FEE870C4215FC105213270B8B05E6
:10A08000CAF1DDF24E141018A80DDD062C0903F2FA
:10A09000CDF456EBB2189F17F912E5195AE944F1BD
:10A0A000ECF25BF0BC2032171B07D10D07D021DD8D
:10A0B0003307DE04371AD219260C69FCA8E69FF58F
:10A0C0008502AD01DD09B90BD40AF40A0116850930
:10A0D00010F027FF2012B222DAFBC30C7C0EF80925
:10A0E000F5FA75E39419000335FD8905D00F0F07C4
:10A0F000C1DF90E06DFD0D00F711900C190A4605C7
:10A10000DBE1CD03DE0670F22412A8077C1360FBAE
:10A110002701A0FD2FFE34FCD0FD480161F71A0491
:10A12000EDF84A027701DC0483FFD203E804BF069E
:10A130001C0220F9D30219F41A069DF850035EF6AA
:10A1400085F86DE6ECF30AF545079E0766FF150AEC
:10A150002DE8E9FECC01EA178FF99B08B70EB60E81
:10A1600075F555FAF925FE28C912BE19520B2006BD
:10A17000EDEB99002B1B11103F1CB62565FCDC078D
:10A180005FF8B2EA441AA924B62BDA354DF501EE90
:10A19000A7FC83EE2327D917802ADB13070025FAB3
:10A1A00046F308F33117B92B6225BD2A39123F1F38
:10A1B0009AF74EF4A01FE11F8A21A923AB16031BB7
:10A1C0004AE659F7651ED81D32182418120DC50726
:10A1D000BF02F601D40E2A16C416F810B61063108A
:10A1E0008D1120FA0C16D504430B82FAF016980351
:10A1F00096F8B7FF8EF8BA074D01E1F94F01130148
:10A2000066F978F551F6DB08C2F5A8FE8DF5C2F6C1
:10A21000D9FE090667F7A1084602E1FA1FFF4303CA
:10A22000B30742FED80180FA7907B2FAD40B6F0067
:10A2300083FE9EFB3F13DE0792FBB00DF811C303B4
:10A240003A083608650836039AFFDE06AC16721126
:10A2500066EEA2F2A41A3E03430E4E06FC1E5F0CED
:10A260009DFACDFB550DE30C7B0C3D02B40D2A1C71
:10A270001BFE8FFCC114C310B10FF9FF6014AEFEBA
:10A28000AF0407075613720ED40BD30D331A7D1D7E
:10A290000F075E0ACC1D1B07BE03EB0A8B1F400B8A
:10A2A000430EB4FC6B02E21850003201890718100B
:10A2B000B600BC066A14A600FD059DFE8508D508FB
:10A2C000BCFE70F9B7FD4807E8FF56FB8FF5EEFCC2
:10A2D000D0F94C04C00729033DFF540822FF55FC68
:10A2E000A1081304B90086036F07290128FDF008AF
:10A2F000B6040B04B103D706CD05E6F530F9D3005B
:10A30000360A62F832FA5EFD3EFC6BF6AAFF1B06C7
:10A310007CF6F4F6C0FB8AFA18F9E1FCE9F7A7FA33
:10A3200077064402F80544075707090982FCEA0446
:10A330007EFE2309D0F5520981FF77031404A7F7A5
:10A3400091062AF4A502EDFD0EF6E2F78BF7CAF6A8
:10A3500041F77E09300FFF05710A41FF450375F88B
:10A36000D7F76600D40002F7EEF5C7F878F5B30129
:10A37000BD01F6FC76069FFE4D0AE7FFE0F995F871
:10A3800036FA61F9D8FF2DFD02FF06F603F69BF9B8
:10A390004804A302C6FF5903B1FF96FFCD021AFE7F
:10A3A000F4F793F986FAFBFEE4FA4409E5FB5EF95B
:10A3B00095FD250874FD59FF3BF9C809EBF773FCBF
:10A3C00028FF4FF7D30905F644FF81F7E1FE32FC81
:10A3D000D400CBFDE0FD5D01D109EFFC66FC1E035E
:10A3E0006F006C029CFC2F05FEF6E606A004CFF47D
:10A3F00075F8FAF0BE153B061BFEAEFA08077DF6AF
:10A400004FF986FF3A088DFEB404760250017608B3
:10A41000A5FB4EF48E0A3416EBFA7CFC58F8FFFCD0
:10A42000EBF1A0FE4410A4FF42069BFFBE0552F9CB
:10A430000DF395F7C9053609B2F5BE089903D9FDA4
:10A44000C00322F576096117C5051CF7F9F853FA20
:10A45000D2FB1AF4D2FCF500C6044308D004E9FB91
:10A46000B4F135050F07BEF90C0A210A5401950213
:10A470009804C200E801F2FFFCFB2CFFE5F7EB09B2
:10A48000A9F715054505250AC3027CFA7407A90238
:10A490002BFDEFFEFA09A0058B001BFDE0F8F50689
:10A4A000B707120ABB0762086504B9FDE502430855
:10A4B0008FFFFFFC3FFF060015FAFA059AF7A70980
:10A4C00090F68502A506CF06CF080CF8BB09550407
:10A4D0003EFDC1EF1DFDAA11E306E1FB6CF4D9EDD1
:10A4E000A8F5CAF1FF189D1DAA09060AF7FB281452
:10A4F000E5F208F71320C417BE0266090DFF080233
:10A50000BCF0C3F621069904520301F7C70135FEDA
:10A51000500037FBA407CF0ABEFEB0FEB40E15F400
:10A52000AEF1E0058E111E03AA05A6F5A9EA70F0AA
:10A53000420B8FFB7614E208C3F875FF8902B8FF5F
:10A540001A006CFB07FE60F6CDF9A2F68D0517F335
:10A5500075FA07F76B0250019C06DCFFACF7F3F9C4
:10A56000DCF2E7F23EFFB1FF5508D3F7F409BC0770
:10A57000AE0054F7BEFC400523F63D0AED083BFB58
:10A58000F6FDD3002E045C0187F56A05BFF88A0446
:10A59000B5F125F117021D1082F621FB13F657FFC6
:10A5A000D703F50A5E0863FF97F9C907D305FEFFD5
:10A5B0003108EB003B044CFFCC034F0282F8B6039A
:10A5C0000FFE9A0059FB991090F51AF6760E750A4F
:10A5D0002FEAF6FF2C10BF020A0AB0FBA0179A045C
:10A5E000750F240C7F0A1B023B035FFD8019541377
:10A5F0005C07C116DDFAED046E04190221170C0C7C
:10A600009202FEF551FDF0048CFFEBFAE60B260DED
:10A61000170077F275FE11017DF8E00094FC7EFED4
:10A6200034003E039AF2B50198F8400170FBFDFC3E
:10A63000B3F115F6C9FBECEF6A09DDF779FDACF271
:10A64000140F6C0187FAA40E59FF12FE59FFCAF7C6
:10A65000E7F642026C0DDB04650769FAE8F60EFCCA
:10A6600099006AFCE1FC10F5E9F5A0F8650051F5E8
:10A670009BF1230B81EC14FAF303E6FF2D0755FA47
:10A680003EFF4BFF60E757FA8A027F037FF28E0D91
:10A690005BFF12FF0E075AFA2EFDC8F7511FC220AA
:10A6A00030FD68FC6DF9BAFCF7F67DF9740DDC0538
:10A6B000520419145507CB01C9FB85016D179D1B69
:10A6C000080EED0432FF07FE45FD7A06E007F60EA0
:10A6D000D204910FB5FD7F027D023907C5152A12FC
:10A6E0007502E006D3FA27074A019000C0FE021067
:10A6F0005009DEFBE21109077A07CB07850FB90184
:10A700003EF1B00700F383FE660614F568EE97F09D
:10A7100076F295F237F656052A0912011107E1F98A
:10A72000100E8205490761FFE203B90645FC911D41
:10A7300026FF8AEE0C0717F8E2F7350A6C13560469
:10A74000AAFD75FF86F5CBFE9108CDFF3E04C9FC3E
:10A7500051F5080BBEF7C1FB96FCADF8B2FEEE1743
:10A760002A0401FCB5F68DF02E069E023AFD4CF54A
:10A770001BFA06004FEF04F93009450B99078BF7D8
:10A7800046FBC2030C05B8F3B9FE7E0A580A37FC33
:10A79000A20534131E044FFDB7FA47F9EA07B012B9
:10A7A0000007F608B0FD730119FFC806C406840A45
:10A7B000E206DB0970FB96FE53FDC0F69AFCE1054C
:10A7C000020B8A0B99FC7B0B52F933F8B003900C07
:10A7D0003804C2000D025503EEF95206BA05E9012C
:10A7E000A3F9CCF9E40A3E14F5FED703C9FAB8FE82
:10A7F00005FA96FB4C141007670527069609500CBE
:10A800004CF4CA075D000CFEBF000F00EFF7261ADC
:10A8100085FAC7F62007E4081CFE3AFB5B0B8AF8B2
:10A820006DFA4E115E0843027FFC1C0838FDA90733
:10A83000CCFBC4FABA03EDF8EF074308190552FF41
:10A8400058FF56FF35FE5FE7DF0820FD5FF6240066
:10A850002D033CF8A7EC0BED3D090009F30CEF0AC2
:10A860003001D00109FA5BED9DFAAD0515FE8D0EA4
:10A87000CE01220C19FCFFF74F0065FABCFE7309EC
:10A8800067092A0BB10240FA12F9E3FE1FFBE81434
:10A890002DFFEEFE04035EF750F7B0FB460C480FA9
:10A8A000ED0274FCC0F666FC99FD0BFDD905FF03B3
:10A8B000A7FD0200B9064B03F7FE92070A054610F2
:10A8C00030027DFA6BFCEB034E08DF05D907FF0968
:10A8D000C1FBDA0422FF030955F704F5D302C308CC
:10A8E0007308F7EF92F6A80C92F9C402670DDC0426
:10A8F000FE046BF8FE0067FD0BF70EF6970A4102A7
:10A90000ABF69FFD60FB8DEB37F618FD8F06270435
:10A91000FCFD68F65C0261FD89FD40F655F7E5092E
:10A9200076F22FF4F1E6A0E599FEB30127FAF80DCF
:10A9300069ED2DEBAFF1DCE0DDFCA8FC4C07700A03
:10A9400060FF15FE94F92DF288050CF46C03C50424
:10A95000EAFCC50954EFE2F873F687F624FCDA1432
:10A9600015F5EDFBA0FA9DFEF7FB0E06B314060DE0
:10A97000DD0028F9DAFDB204070065029A17130713
:10A9800073F7C906850A1BF517FF410012102F0740
:10A99000C60148FFE3FD4CF025FD40F7730487FF37
:10A9A0002609FEF09CF88603D300250195067BFD61
:10A9B000670EEA088A030DFA37F8670477F7F3069B
:10A9C0006D087100B1031A0CDBFC91071AF67C08C4
:10A9D000D0052EFDEF0DBC03D707460671055EFEC0
:10A9E00077007EF38B02FEF0FAF780F79DFC6AEDAC
:10A9F000F8F180FF48FA30F494FBBDF57DFB58F187
:10AA00000CF03DFA25E142E1F7F680094307E11237
:10AA10001CF63EF3DEEBDFEE7F02EAFA4D020306A0
:10AA20001EFF67078EF867F4FDF97E02CF04DA0790
:10AA30006B01ACFFA5F91DFF62F7C8FDDB04410106
:10AA4000F4F54CF707042B0AE6FE66F3410B3D02D2
:10AA500011012E08F80119F42C068AF73A0DEF0BB4
:10AA60003A0207FF8AFDA804E2F7DDFD560A390322
:10AA7000E7F8B2FDB0F161F9D701F7F5AA04CDFE10
:10AA800078003CFC88FBEDFBA7F648F948051C0460
:10AA90007C1200FEF6EE6AFE0601EB04D801EC091A
:10AAA000B103D80BF70D5407FC0450FA25FE6511CD
:10AAB00047080FFFB2F7ABFEB9FDE50293FFCBFBF2
:10AAC00076F88BFC5100FAEEBEFB840996FFBAF9CA
:10AAD000CBF495FDF0FABFFDC4FF27FD870B2EF8E0
:10AAE00034EEAEE6A7EC16F01209E1F6D4092F1801
:10AAF000B5F9BEECB4EFD7FB35068CF701093F0979
:10AB0000EBFA210BE1F001F53602A2FC67FFEA0542
:10AB10005109720320057EFD93FBF0FCC3F5EAF2B8
:10AB2000B4F48CFF1E05500E39FCACF3DDF99A022B
:10AB30002FFC26EC5C01AB004F0649FBC7F9750101
:10AB400064F586FED5089E0921FDC507540E6EFCEE
:10AB50004FFE56FEC601F1FF5AF59AF7C302930461
:10AB600072FB880759F2C9F655FFD4033FF48806F3
:10AB70006210A60FF7E4D6E346FDEDF8F00389FE78
:10AB800020184111F20168026E0A2100C80A3A1128
:10AB9000FDF9CDFE75FC7EFAF4FC34FCCD05FA051A
:10ABA000AEF6A8F8C1FB6903C10791F50DF443F1B6
:10ABB000B9E90DF482F59606A1F749008312010365
:10ABC000E8F7DFEDC303DBF4F8017302FF060208C8
:10ABD0005EED29EC96044CFBBBFA09F415FB7503FA
:10ABE0002B063504870670FA71FAF5F5DF0110F3CC
:10ABF00051060301310DEFFBAA06A10082F14CFAC8
:10AC00003D058205FA0865014AFDD901D7002D02EC
:10AC10007EF562F62B0198F87CF84CF76DED5AEE54
:10AC2000F2F71BEF20F9AF0415FBB4F41F008F00FF
:10AC300070015AFAD4F2B2F8B405EFF6A8F97EFB27
:10AC400017F9C4F969F6AA036DF622FB10EF9C0F01
:10AC5000530F90136EED52F3D30696FB0D0D410783
:10AC60009217300A9508141140FDDBFEA60CA814BB
:10AC7000D5051CF57A069DE217FAE7FD5413BE03CD
:10AC800015F12C027BFE8303F90801F6BBFD5FEF93
:10AC900062E22FF5B5F9C602ADF84DFB3CEC63F26C
:10ACA000A0F5B5F12EF93909B6FCB908CA09540066
:10ACB00014F2E0F9AF10D409550045FCE0FC9DF911
:10ACC00033FB0A07C6057EFABEFF6800450592F20F
:10ACD00087F8FC0341029FF387FDCA0579FF16F749
:10ACE00041F8F10A35FD20F428F462F1C0FA23F6A8
:10ACF00019FC090242F8E8F65CF7B1FB40E324E4F2
:10AD00008FFD68F608F9FEEF0DF6630815EF51FEAA
:10AD10003400E0F6E4F405FC850048FCE308F500A7
:10AD200007F6A3F02EFAA4FC770203F1E504730CF6
:10AD3000D7FC69F9C3F6CF02EA06DC0881036B0C85
:10AD40001D0011168821DA1A75FA6904DA06450E13
:10AD5000E919140499FDF0F93A0A91089D18BC0507
:10AD6000BBF41BFB740718F03902DA05FAF046FB56
:10AD7000B1FAE0DF7AF2150520FFF9060B03BFFEFA
:10AD8000A6FD96EA5A0133FE1AFD61FDF213EFFCAF
:10AD900012EF95FAF60DAE072E029DFCB3079E0248
:10ADA00069F872F5F3FEE0017DFDD0067E0D08F92D
:10ADB000090C640131F523FDF0F6B403CAFE95FDDC
:10ADC0009308E21A59EE7B0022F3C90235FCBBEB73
:10ADD0002A083A0AD3E917E64400BEFB72DB26DEF6
:10ADE000C00D06FEBBF5E7EF22F4B3FD60E6BFFC45
:10ADF00064FD87F793007DFE78F728FF4001E706A2
:10AE00005D0001EF1900440884FCE100D501DEFD7E
:10AE10003EF5E2F03809360F45014500B3F92FFE43
:10AE2000F8F78F14CE009B10C7FDBF02FB01D6F8C8
:10AE3000931037EFA20E99FB24F7D1F98A0EE500A3
:10AE40005BF6D20628F61B03FBFDAF03D60601F521
:10AE500001ECC8F69DF2CB0BAA01ECF569F6A0FF58
:10AE6000B7F280FFFAF53B07EBFFAC044616F4FFA0
:10AE70006BFA49F87306400FF9FFAD0785F9B70083
:10AE80006AF9DCFF8C1679088D0385F7C2F136F577
:10AE9000220443093705870310FCFFFB47058F0396
:10AEA0001D19CA0FE40ED5FEB7FA02034FF21DF4C6
:10AEB0000A08F912F600A2F2C6F3B8F320EA78F015
:10AEC0005A0F900E16F3DCF5C9008EFCAAE652F676
:10AED0001A0D62F8B1F5C30304F25A0439EE01F811
:10AEE000F0F84600E5FC1906DBF67E0713FF58086C
:10AEF0006CEA90F5D70A63120F07BAF63F05A50270
:10AF000062F736F9F70C0404C3F973F8B2FD66F77B
:10AF1000B5FE01F4D81C741A39036604D20803097B
:10AF2000C201BD00D1F80BFEFEFA1E072E0FD1FCA8
:10AF300085FC22FD9DF6F8126804A4FC47EFFEFC98
:10AF4000B5F28AF0E8FDC1FC65F41FF8980A3FF5F8
:10AF5000C5E758F43CFEE90F2604E2FC60F6E1FF89
:10AF60001DE78EEC00031519F4F5FCF5DBF125F86F
:10AF7000A5016213F6111415BCFEAFFBE2F620F634
:10AF8000561E6A1DC809330780F9BB0604FA37F854
:10AF9000B0089F0DFBF50D012EF519F5C3F8DEF590
:10AFA000BF018A02ADFF18F930FFA7F8BEE198E0B3
:10AFB00028FA6307FE053EF4AA01A300CBE614FEBF
:10AFC00090042F01FA04CCF7E1F5DF03410A9B025C
:10AFD000A1F22FF9D3034B101EF79DFBC708BE014A
:10AFE000A7EECCFD6819471809FEAFF7BDF1C4E61E
:10AFF000C9F43CF5D319C60D6C052E09180E490786
:10B00000560863FDAB0BAB03C703FA08190BD90352
:10B01000D4FC44E947F0E60FE40130FE83EF13F778
:10B0200016F08BE0720C0D07D2FFD8FB6202F0F82D
:10B0300098CFC8CEC6050E06E6F8510299ED4EF43B
:10B04000A5D7C4E51C10EB064DFFD6FE2ADC0BE8A5
:10B0500033EF7D00DE0D480E0EFE38FC19EB10F6C6
:10B06000D518D80CF60F9CFD2CFF49F87EF7470049
:10B070001100130745F2EEF52606F601F6EC53E94A
:10B080009906E50AE20B110421FCC500D0DF71E44A
:10B09000F9058D03BBF412F79FF475FBFCF128FA58
:10B0A000DA0A85FA67F80805E803AF023906D2071D
:10B0B000FDFFD3F91001B8F131077BF63AEEDBF66C
:10B0C000F8FB63F8A51E972BC1FC0D030BEFE2E61E
:10B0D000A5F57B04C510A11999F5AEFCB20C1313AC
:10B0E000A4FD080365FDF9F13EFA9E05E7F9ADFF01
:10B0F000960728F2A4F4EC0692FE0EFFE7F028FB78
:10B10000F1FD49F0FB0C3915BF004DF162F0FF0174
:10B110004ED69AD6F8088FF64AF3CFFF56DA7EE37A
:10B12000CDBEBBD6C700E0FE43F60BF814D462DAFE
:10B130006FE58AE4DD11700C82FE650367DB2AE2AD
:10B14000AF07AC0C8B0F5E0BA3FF7902DDE8ABFE03
:10B150004EF710FC7F0BD9FBF8FBD00480EC09EF15
:10B160002707F204BE007DFDBBF640FA0FDF81E742
:10B1700026096BF8F2F71E089C05980327F32905AA
:10B180007202DEFD430C77088E05FDFBDE006408CD
:10B19000B2FBDBF23503C70012005F0027F0CDF3EE
:10B1A0000FEF00F1B507681F6DF88DFA9FFAC2F432
:10B1B0002C00D8F12118BA17F0FE1DFE1315E40279
:10B1C000A6006E0FFAF58B020FF63F0945F7ABF2BA
:10B1D000CCF92A0561F314030CFB4508CCFA820D67
:10B1E0001B09FBFA350292075C0108F57CF4C3E009
:10B1F0007CEE38D4310412FCE9F4B4F5B9E05EEB2E
:10B20000CDD797C2670BA30D99FB77FA2CDD0CE322
:10B21000EEBFD2E3451CE910EA053FFAE9D742E365
:10B220006ADFE0FD52100DFC1FFCE805F6D890E245
:10B230008DFA3AFDC1064A0D86FB2209D8D66AD698
:10B2400006031C145F0FF7FC5B01AE06CEE57BEE38
:10B25000800863F60908A201F2F77BFF22FBD3F313
:10B2600043F2650147F8F5051601770117FD32F441
:10B27000CAF7BDF23EF8A9F58704270302FE88FB52
:10B280009BF437F5D606D11048FFACF73301C60D55
:10B29000D3F82A01C811742BD3F909FE7A0A9A0748
:10B2A000CEFC0F00A2FE89E8DE0641FA7A0535F9E8
:10B2B0009CF51E16FFFC830217051307BDED480120
:10B2C0006F049507C509880AA303DEF5A1F083E39F
:10B2D00028006BF23508ED0371F2A6FA3AEDF8EAB0
:10B2E000F5ED54DA1A0513185AFA5BF995EBF5E601
:10B2F00072D903DFF820981291FF11F705E84CDAB4
:10B30000DAE6DDE5AFFDE9053A038F01E4D429CDA6
:10B310009BFA5DFB73020E11430021F9FBDC69E12E
:10B32000220D3F0CBBFD6F01AB008D0141FA5FF5B3
:10B33000B5048EFCC0F566F55B084EFE77079DFCF4
:10B34000ACF41CEE64FE0EFA2A0200FCB1F54903CF
:10B35000B3EBE8F3E3FAF9033EF975FCB9FBCAF87D
:10B360007AF03CEF1804541799F625FEE606BE0E57
:10B370008D0F82F81702E7183D00E1F9DD0C630B31
:10B38000A2F61CF9040466FD7AFA98F8FEFA1CFF8E
:10B390003EFBC416F506A4FCFD08FB02850602FB75
:10B3A000CF10EE1448121402F5FE590474F884FE0E
:10B3B0004D0CE6080213250D95030AFE0CF8AC09A6
:10B3C00004FF4DFAE000680800FB3904AEF4C4E65F
:10B3D00089FB15EFE919B70DC50472FF8FEB74FBFC
:10B3E0003DF15CF9E909E909540373FAA904F9FC90
:10B3F0007BFD8D00850F811508F7DFFEE3F5D7FB98
:10B40000B0FB3CFC7B0743FF9EF7BDF9B208050388
:10B41000E409F2F6B80DF2074CF6DD04950E860845
:10B420007EEDE4E11F04DA0CB1FE21F6A200E4FC9B
:10B43000D2DF64F2D0082C048E05A8F94CF0D2FFBC
:10B440006BFD13F50F041D1C01FEA5078AFA180AEF
:10B450009FFF4EEB761C1F09BEFEEFF7DD1CA71009
:10B460000CFD78015FFC5F0C3BFECE02A2FB3A01B3
:10B470004FF4180D04102810C7F8800ADC0C1902CC
:10B48000D80FAC122D0D1915A6F8D500F9EF23062B
:10B49000D1064310740EE007EBFF82F79E14DC091F
:10B4A000790AE20B5B0A761375F44FF8FC019DFEF6
:10B4B0008C0D57F85E0E42083BFAD2FB110361096E
:10B4C000A1F5F0FEBCFCB3F9E8FC5804B615FC1E6F
:10B4D000EB0721FF15FA0F0B5FFF44007225842054
:10B4E0005C02FAFFD4084E07E3FBF9FB7319C808A6
:10B4F000A6FEF6EF4B03DFFDE9F7E6F6EDFF3709B1
:10B500007BEFDBE33D102C0253F3E1046CFDF0070D
:10B5100041F145FDA7091E11EF03D1FD2AFF980552
:10B52000BFF6BCF55310B91E590527F670FAA6FEF2
:10B5300080FFE4F831157AFF6EFCDF02512BDE0844
:10B540000600D31029FBFE02C3F516FCF8036807BA
:10B5500092FB22F72D11E310BB093FFCF010040E03
:10B56000C817E212E615B71617F339036FFAB207D8
:10B570008B0A980D100392FC2800AFF79D0B18075B
:10B58000DC14A20CFC048A0EF3FD7606B81FE50B52
:10B5900019FE6701020AE1F6BC042CF9C00E5E2414
:10B5A000E1FB1101C30327021FF6DB05CB26681E52
:10B5B00042FE3E02B3060C029FF93EF8C531811EE1
:10B5C00021F9A4F8500978020D08E6FAD322FE0406
:10B5D000CFF092E94301500A6AFCB6F22E09BC078B
:10B5E00071F209EC5307CD04B1FD63F89A0D77FFB2
:10B5F0008DE87CEA5C137A0292FF7AF85DFDEF2811
:10B6000062F590F7E513701FFDF6D6020D26471977
:10B610005FFBD1F94122D1F95EFFD5FB2B1CE9FE7E
:10B6200096FF78F571FD8601E7F6CCF8B503A00426
:10B630006604D4FFF405FC15D20493012D08F1FC37
:10B6400096067AFCD30A5D12A6FED8F8540B380D84
:10B65000CD03B605830370FD410178F90903521744
:10B66000E603200651FCBB059A07D007AB24E52B67
:10B670002A0CAD0997F95804B1FE360A8A19D82563
:10B68000DF0989055104100404F89E016021FE19A8
:10B6900073042904D7FCFDF5DFF60402EA22B9168B
:10B6A000B1010CF86FFA28066C05C0074415320C7E
:10B6B00083E968FAEC08BE0A20F400063C166F160F
:10B6C00068D8CAE75F051004E3FE66F841FC880607
:10B6D000FEF810F50D02DC0D1AFCDFFC570D9C176F
:10B6E00000F963F9201C530AA80206FD522F3516F3
:10B6F0007DF139FF3418C8F65C094FF66C0E03046F
:10B700002D0899FBBA099AF6CE0075F78C031DFB3C
:10B7100034023E108A01EA0E59009BFF4B0C6F0069
:10B7200056119A0AB90482045900D9F77609051608
:10B73000E9F7BBFAABF5A1EA45F9420ACB16FC11D1
:10B740006F0117FFADFFBFF7A0F974FE4E115A212C
:10B750002505CF10D602C3F7BAFCF503201E5C28DE
:10B7600075FFDC09BFFD95F03C02E50464201B1663
:10B77000D000C9FF41F93EFB14F628FA221DFE0C49
:10B78000E2F285F750FD66FE93FFDEFEF8114E17DC
:10B79000A6F2ECE80DFD4A00290149F6D506021093
:10B7A0008FF17DE306029C08FCF784FAC9FFE016DE
:10B7B0002AF532F86C04330D8EFD0DF60821E418DD
:10B7C000F9FEB1EEBF0F350E3801D9F8CC0E140BCF
:10B7D00046FB97FC540AF70426FF7808030F2C0653
:10B7E000D6FB7F01BC00C4F53F010809190AFC061D
:10B7F000A202130D44F673FB540AA801A7F5D3FE69
:10B800000807AB051DF523F3C7088407CBFD8E0B96
:10B81000E70A1A06F5F436F43A0553077A080B06D8
:10B82000A0099A05B0F4F2FCB5F847075A182A1A8D
:10B83000AF0E2009A00321F23301D5FB370ACC0C4F
:10B840004DFF8C0907F8A9F858F75001CB0BC40D30
:10B85000970A47EB3DF93BFB9708B2FFEB0A2A1228
:10B8600083EF05EFC5EFDCE963F669F5A704B924BA
:10B87000F1EB0EEDC6F820FADCFD02FA2A1B81027C
:10B88000DFE6BCF4B60639FB1E05980BF9FD3D005A
:10B89000F0036900D40C831602081D004B187A04CB
:10B8A00045014BF45A18EE134B07FC065C12001AC4
:10B8B0000D07EF065F07A4F86302D0FB7A08A50422
:10B8C0006E01F8FAD705D5049EF8D4FF4A04DD01CD
:10B8D00086FEFEFD710D13F7E104EB0287FEFA050B
:10B8E000ECFF090724FE57F620F6C50615FD4C07A8
:10B8F000080466025EFD80E98FFEC90030F965002C
:10B90000580C900855EE78EBEB093204CFE357EC76
:10B910006C197B0EE8F158FD1AF8E1F95EF4CAF8EB
:10B92000A905EEFFE2E802F61FFB91006C0775FC2B
:10B9300089E9B5F314F109F8E0059F02DAFA84F316
:10B940009FF24DEFF9F022FF13FD94F6C5F6E602E3
:10B9500029033EFF19FDFA06780414FF72F9F00A74
:10B96000F501F6FF110709F8A205A9028002F4F219
:10B9700058098F18710B2A1F9806DE05E10E070B78
:10B9800059FDD7FDE117D20AD009EAFCB3057E0ABA
:10B990001804E7037100AAF96B006702F1005E0A60
:10B9A000CDFD350A51F6A0FAC4FA81FC8601A7F84C
:10B9B000020101F989FC6F07CFFF2CFE1700A403D9
:10B9C000B80B6C065910FE0B150264FC51FC720595
:10B9D00061FD33F6D306E6FA31004BFA4A0101E97C
:10B9E0005BE717F374FF15ECD7FE4EF747D5C0E5BC
:10B9F000B7021700BA087018310104F74EEE71E56E
:10BA00009AEDCCEB001592099BFBD70449EB0CF1A6
:10BA10000EF222F496012EFD6006A1F5A6DA4DD0B5
:10BA2000F5FFB9008A0A3D0A1901C8FD76D521D073
:10BA3000EAF561FFD8051EF4270239042ED9A3D9EF
:10BA4000660B2E0AC205B50156F723F675F474FC91
:10BA5000B90069F5BDEF5BFC4DFCA4050EFF4E007F
:10BA60007A09C2041A080CF80403CFFAB30658FE88
:10BA700031FC80065C01CD06CD02D8FB9EFBA7FC05
:10BA8000960012FFA8F6F406D90488F887FD4CFE4C
:10BA9000CA03C0056C029B02500AFFFFE9084D0A69
:10BAA0002EF50BFAB5FE74F7D005920030EEF8F5DE
:10BAB00049FB18F430FD9B0C5D089FFCCFF9FDF6A7
:10BAC000C5ECAEFF63FE640CB501E60495ED4DEAEE
:10BAD0007BE30F0479FD38FFB5F968F6DCE195E604
:10BAE00026FCD6FBBF0922F800FC8DFBA6E642EC43
:10BAF00072EFF7F23B0CFB0A40FB670527E4E6E632
:10BB0000C7EF0DFC4F0A8FF61D024208CCF2C3F3BB
:10BB1000D9F45DF3C303760B05090CF9BFF5A30255
:10BB200086F20DFE01F81CF4BD04C5F8D706E1014C
:10BB300069066105E1FD94F788F9120991FD710A22
:10BB4000C2FF9DFFCDFB3805F0F5BE01C408ABFD7B
:10BB5000270488F5340022FCC807BFFD7A04C1021F
:10BB60000FFBCEF6DBFF7E0345005101E9F8770AB3
:10BB70004D0765F9FAFAE2F9C60506038F03F7FFE8
:10BB8000E7FF220939FD7FF5CFF831007E04ACF5DF
:10BB90009EF90204BCFE2EFC9A0078FDAA075C0008
:10BBA00055026CFD8E05CCFDD9FEC7FA4B0283FA17
:10BBB000FEFC4C03C00165015AFB69F92DFE90F9AA
:10BBC000A5041BFF8F0338FC350DF502C3FF1BFADC
:10BBD00078036D06D8FFB2097AFF4FF63EF726FBD1
:10BBE00017FDDA086B08A2F9CBF6D4076A064D07F1
:10BBF0005CFC4DFDF4FBA4F9F4037709330061F913
:10BC00009803BF03BF00F5038300930930051CF8B8
:10BC1000EA0003FDBF060EFC74FD39FAB506C5FE49
:10BC2000E7F834F71904F0FAAEF691060400A8FB21
:10BC30000CFE6002D903FFFE4DFB2CFBDA00EEF98F
:10BC400090F73DF66DFCA6FF7EF9F6F53501400351
:10BC5000570168FD97081807CC0211042CFD6008F5
:10BC6000D0FA3A06ABF98404CEFECC00A605D90979
:10BC7000CD0009044A009A078800410591FC11F89B
:10BC80008EFEC4FFF9FD8EF5DC087F1D0808050552
:10BC900074016DF950FB0E0E5B04900AB20814FBA0
:10BCA000C00296035F0D90088914700B630153FF67
:10BCB000F1FA14F035F5B90681FE29051AFCC2F136
:10BCC0009E09E707C713290E1921491422ED41FFE8
:10BCD00093FA310752F4DEEE4F1970116109B20B7D
:10BCE0002A072D02CDF95AF78C1634FD490BD506DB
:10BCF00084FFBD094A02D1F4EEFD9F0E52FFF9F810
:10BD00007E05E7078106010A9702DBFCCBF9EDFF10
:10BD1000D6023BFFB8FFCAFFA800B20726093308C6
:10BD2000BA02F1FB1204C0F74BFCB0FA9201AC0569
:10BD30001705BC012FFB6E0BD60AAB12C30383F6AB
:10BD400055025D05870D03FD1E13C300C8F7ABFB4D
:10BD50008505C60AB2FD4502E40DE71663010E0A29
:10BD6000590C2E1CC803EEF3A71885175CFDF2EFE3
:10BD7000AE15FA1B150459F6FC1B9520AFF6530AB5
:10BD8000A7146F013DFBD300A41598FA8E0ACC00CE
:10BD9000000822FC2FFD3105C40F12FD2B0E62039B
:10BDA000FFFEDC038CF49BEE2D014A123EF6F602F8
:10BDB0004D016503A4EF61D7F406330036F8A5FE04
:10BDC000D7FC1F04CEDE7BE188FDFF0A3B0AE90EAB
:10BDD000B4036CFF5DE4A1EEC8153B142B056609A6
:10BDE0009C02B30C3E02C7F2AA061AFE90F96EFE40
:10BDF00060F623FFE7FB2B09F8FBFD06FCFE1A05A6
:10BE00009CF8C5F84703F1F7C309C6007D06910603
:10BE1000A7F8A7032BF72C0EE1EBE414E4EB8BEE71
:10BE20007006A10DBB005C002913B8004FFD02187D
:10BE300076106E0FCE049AF90A026D023F0B1D15A3
:10BE40001D1F91242BFE30FCEA00421AF81101F963
:10BE500044270E23B7EA43F25A0A6A0723056E06FF
:10BE60002B1FFC127BE681EAC30D710B86FC3B02A3
:10BE7000C015970C70ECF7F5510CB3057908670DF8
:10BE800062FF76062305FB07F4FEB609910761FF02
:10BE9000851047FD06FE64E4490B44FC0207D4000C
:10BEA0004A03F0F25BF1520846F58910700ED20A8F
:10BEB000DBE927F34000E912730C87129D0189101A
:10BEC0006F0DDB103F0A80149513F6FE45071BF239
:10BED000890E57F746F88C09BE0176FAB00660F86D
:10BEE000D606F109A3067C077F033304BC07F90AD1
:10BEF0000DFA9119A2F2C7F4AAFB51F5CBF2FFFD9E
:10BF0000E1F9B70ED3001DEFC0F716F592115A0EE6
:10BF10008510E31823F754F6DCFF5F0783FA350436
:10BF20002813F0199DEA9BFC2403D70B1C00C40EB8
:10BF30005E195E16E2EE4CF0B711C00A7E05F809F4
:10BF400042077F0B9DF443F4F0016DFB910A45100D
:10BF5000D500B40006F3A1024C06490BAB09E10A77
:10BF600067FCA906A50104F8A104F8129404610B6A
:10BF7000410E3AFDF2EF46E64D132710A1FA5E0797
:10BF80008705BCFB44EFB3EAD90A120A7A1560139D
:10BF900091F824F602F370FC7D06B60D010ABE0985
:10BFA00020088105F3F13A0B9C14C20CAE07F2098C
:10BFB0003B1211FB980B39F405126311D1F92014CF
:10BFC00034FF2008440244F6D0F98FFD4EFE55FFA1
:10BFD00010078D15BFF957E9D8F568F7F8F316ED96
:10BFE000FEF754FBB1F59AF02DE933E254140CF24C
:10BFF00031F3B60559EED1F226F70F0099011A0177
:10C0000023F90EF4A8EDE7E80AF9C604840105FC5B
:10C01000830A7FFF0BF418F5080647015AFFE80171
:10C02000AB036B092CF6C601D7063D048CFEDE0976
:10C03000E90385FE4A01651242FDD2F89C141E0FE9
:10C04000210A7B0CDD0D3F0ACF078A02AFFF110FDB
:10C0500096007E0D2300F60E0801CB0565066C12D6
:10C06000090BAA13A7F767034B121010900525FBC5
:10C070000B03EF04AC00DCEC890C9AFF4008760F50
:10C0800093F7011054E258F5C70D6E1577079F0A14
:10C09000BE0FF3061EE865E855206717110D4E0325
:10C0A000AAFEC6FC8D0517F547010F0B8F01A306ED
:10C0B000BB136E028FF28EFC100433F894F24AEE3A
:10C0C000A5FB57E6F5F81BEBE5FCCCEE3502AA081C
:10C0D00008F5D3EE1AF334F4DBEB5302FFF771F7F4
:10C0E0004BFF760438E656F9EC0BB9088708C60111
:10C0F0006E02A81657F941ECDCF580F5D603AEFBCD
:10C10000E20A5A13D3F595FEFBFA8DFA67F92D076B
:10C11000061EE3148308E009600063FD9FF8F3073F
:10C120006C1C5511FF18C51C83F17DFA41054B01AC
:10C1300000134E084F18750700EA1FF64601A30EBC
:10C140009300B8FFEE06E3FE11F5A0F24F12F505DD
:10C15000BFFB8AFF39FC40ED8D02610DF3FA201719
:10C16000BB0A210B03D6BC014208FA17D90C9E0A60
:10C1700050FAFCF3D8E916FCCB05620EB0FEFDFDCB
:10C18000D0FBF30979F8E0F59A07671301011EF275
:10C1900043FBB1F693FE06F77F0091FEA0F6580828
:10C1A00051F5F6E8D8F398FC47F7D705AF0002122F
:10C1B00007EAEEF7BCF885F6D1FDA6F5DBF47FF5CE
:10C1C0004811E4074EF12EF49E0F2CFAA0F865F802
:10C1D000B304B309FEFF03EC70FC9501CAFCAEF991
:10C1E000000E541AE4FE6CF510F86EF8BCF0C1FDB8
:10C1F000D2193D16C0F55C08D9F46BEA68F0B9F5C0
:10C20000F907B2036108E51AB4F144F275F689063C
:10C2100044F410F3E019691101F36EF7E6038A089C
:10C2200035F5B202AB08A61052FE65F7480056F885
:10C23000000376F51CFD16F7F2FE650B2304880358
:10C2400034F750F2FDF222F78912E9190115D812DC
:10C25000D4F7B30231F68FFE19098C0E8005D60E85
:10C260000FF9A3FA8F068CFB4A19220A7408F0E131
:10C2700023F1D8EC21F719F913FE81F93300AF0C43
:10C28000A3F039ED72FCE7EF7AFE6E041D05980C01
:10C290006BF17CF128F043E739FF51FE27F5B2F747
:10C2A000BC091AF77800CDF2BDF82FFA830202FE1E
:10C2B0002005E309B1F9B7FA830BB2030DFA46047E
:10C2C000A7059E0C7CF769007407B5FD39046BFA6D
:10C2D0008517A2076FF662FB21FEB6F59DF12502D8
:10C2E000EDFA3607B6039A098AF24FF99604C2FDB1
:10C2F000FBFE6E040C137606E0F1D305850AAC0252
:10C3000065F7E4F6A3064A0D93FC63087D02A106D7
:10C310006305E1F7E7FC310E42FE0413D8FACAFCCC
:10C32000E3F45DF8C0080BF2ED07AD0145FD360CF6
:10C330004206C10600F550FEF406980D62088FF320
:10C34000AE044FEEDEF59CF9DD11DB0AE6ED69E89F
:10C3500018FD1DFB4EFD26FDA70D1E0B5012EE0A0B
:10C360006EF488F163F39EF433FE8F00A306B30AE4
:10C370004EF95F0B30EB8DF66CF355F6C4F699FF72
:10C380007204F80AFCFDD5FE5FFB980B41F8A1FB97
:10C3900095156BFFF70D05FDFBFD37000EFA4AF30F
:10C3A0004206B5FE7AFD47103F06ACFAC4F8BBF969
:10C3B000EDF901FCC7FCCC023B06A8EDADFEEAEAB4
:10C3C0006905AA0AFBF39BF8C2F33000D9EF71F2BA
:10C3D0005C062503C2074919C2FC520119F76AFA23
:10C3E000FAFBA3E88E108A00E90273FDBC0FD303A9
:10C3F0003C0F9E0D43FF3E095AFB500475EF0E00A3
:10C400005514B6091F04C7FF2513001A04FF5DF376
:10C410004AFDF7F9F5F749F1E817D8EFB1ED47F61E
:10C4200058F3B602F0FE30F036134EEF5102D3014E
:10C4300017ECFDFF07052AFDBC03A8018C0282FD55
:10C44000FA0431079AF3CBE99DFCA7FBA0F75DFB4B
:10C450003A12ED084402450634FBC600C4FA1C0338
:10C460002E08CFFC2D069B059CFA0E0C4DFA3807C2
:10C47000B1FE05FADC05710724FAC40E3DF9C3F4D8
:10C480000BECA9EF260ACAFAAB07670E46F7EEF9DE
:10C49000B8EC1DFBCB00CBF7BB0AF105DAEE69F96E
:10C4A0002FFCBC0E9BF6ABF73A0027FE55EAB50110
:10C4B000570E6B094902CA07D20BA901EFFBBFF364
:10C4C0007DFA7CEFD602EC10F607DC05A9FF79FEB9
:10C4D000E8039B009D0BE51B7EFA2F0C730663009F
:10C4E00074097A14450969F8DC0E1A0110FFA8E6F0
:10C4F0001C06E1FFBCFECB062C14EAFEE0E991ED40
:10C500000EF11C013EFAF9081106D412F6F1F5FA03
:10C5100045EF22FADC0AECEA5CF910FF63F58FFBC9
:10C5200088FED9FD04E31EFDE501AB0654FCF3FED5
:10C530003BFD06F52D04B9072E111A077DFB58FFA8
:10C5400071FDB8ED84007205D4037805D311B911DB
:10C55000CEEFC5FA37FDD50FBF03D4FD50FAA4FCCA
:10C56000D6E8A4E913F60603DC075A0B86FD500152
:10C5700050F33D056C01F1F1BE0A42F66DF686FC02
:10C5800004FED10A45F221FC7001B9F173FAEC0204
:10C590007C06BB0734FF590A3607410B27F62201F8
:10C5A0007D0607F45E125D1990FAFFFBB1FFB0FA49
:10C5B000A906FCF4660CEE1E4204A00AB8F983F446
:10C5C000E0EA5EF7D00E39FDA11B9F17DAEA18EEFC
:10C5D000C0055DF696108301301A0600E7F150E2BF
:10C5E000C9FE7F08AE006EF127F8B1F892FD4BFF4F
:10C5F0008CFA7306150E69F6BCFA430218F9350871
:10C60000200208095CF85703AAF7B3FD30F49C0137
:10C610006CF0F4FEBEFE7A01B303D5038F0FD81180
:10C6200067F4F0F00E030B0717F7F1F3920A1110FD
:10C630006BF125EB520B9BFBDFFE26FFD209580A5C
:10C64000B2F247F03AF793F85C097B03130F590DE8
:10C650005006DDFC11ED2CFE38F60BF3CCFE08067F
:10C6600082FD1009D3F00C032EFE7FF7B40A000DF3
:10C67000EE093D052BFE61079AFCD7F641018600C5
:10C68000100848F7B3126011B0FD88FA4B10660627
:10C69000A1F085F3D01C411EBCF90508A00DAE0E1B
:10C6A00027EBF9E800085DF05B1FE922040D2EE49A
:10C6B000B8F6C8F63A12F9180709B5E974E427F193
:10C6C000C9FADBF48F00F1FBA3F5E40779FCC2079C
:10C6D000F9F918FE290141F58803E40A49FA5D05D4
:10C6E000DAFF1FF7780C3EFEE4ECB4F81D0AAD0447
:10C6F000C8F7C0FA100308FDB803DDFCF719CB0139
:10C70000D7F7C0FD9B0C48003601D1FB9D0F2D0CC7
:10C7100086F100F3CB091F02B10403079001B4F7BF
:10C7200002F8AF07C7003CFF0710C305A50A6B015D
:10C73000C8003EF86CF4DA029E0742FB5DFEAD06CF
:10C740002F06C10765F936FBB0ED8BFB3AFC280BD1
:10C7500019FCAC0032FABB02EBFB5F0AD20FDD0B17
:10C7600069032CFDF2070A0CE8FAC5FA4C063614E8
:10C7700030F4BFE64611E905B6F694103A0D420FC3
:10C780009AF380E5250057047118E6144702A5E4E2
:10C79000C105E2FC040A980B04125112F2DFFBE916
:10C7A0008B05970440FC0AF6250393FD1CF752FB0A
:10C7B000F5F7A70132EE1CFCC40316FDCAF8EF031F
:10C7C0004CE6A4EA75FEBBFC86ED1DF04D13CF0BC5
:10C7D0005A02F3F14D09DDFE6AFC6BFA7A04080394
:10C7E0006BF40CF46EF642F0EBEEBBFC2D114A003C
:10C7F00090EAADEC0FFF2FFFA109F717C3F617FF63
:10C800001DE9E4F6DFF1E70981033400BB02AB0761
:10C810000205AF0A33FEF802AD05C4F668F77EFEE6
:10C820007DFDB7FA090764FD26F088FCB10175109B
:10C830009303BD05AB02D9082CF68BF42110B00F81
:10C8400004FC26FB2D013D1011EE07FAB9193F0E2D
:10C85000A7F861F3D70908F9D0F65A0CA51630FAF3
:10C860004AEF80F5C40A87FAEC0D371067FA3AFFF1
:10C87000D00136FB52262F12CF0CA71326DC08F36B
:10C88000C1F84707C8067702AB07520330067FFDA1
:10C8900077E8E8F27BF136ECDB00E9097FF7B60BCD
:10C8A000B90346F0C50AA80BAEF1FBFFE5FFD701BF
:10C8B0008E0140F111F9B5F591F4AFF7A8104206D9
:10C8C000EBF9BFEC78F203FF96FC66FF120D96FEC3
:10C8D000F6FA11E9ED011BFF3011E50C7FFD37077A
:10C8E00075EEE7FC5E00F60E21041011E500C6FAB5
:10C8F000DAFDE006A404FFF888FB1BF47801610769
:10C90000E708770519FE96F324F47802A0FE2909BA
:10C910003D0B4D0934FBBCFE8E0752030007EA12A3
:10C92000DEFC67FB79021910B801ABFC1818E50FA3
:10C9300081F993F830FE3F01F4F313FAC316FD0BAF
:10C94000CCF8B8EFE00AD2F61E0E3C1D2DF755FDCF
:10C95000DB0177038A0ABE05C601F005AAF6C5F613
:10C9600056FE15037902FA0347F35DF076FA520892
:10C970005002690EACF2FAE62A0624159AFDBDF8BB
:10C980003C0FBEFA5209FA0DDE0122FCE3F6F30D6C
:10C99000DF0306E81C015E021CF564F8890C2D0B10
:10C9A0009EF41EEF37FF3CFFE2F9A306D0109B0B6D
:10C9B00073044DF4F9018310B40C500E86109B09DA
:10C9C0006C0057FB840376060010C70A3AFF350156
:10C9D00053F873F452F521FE46FB4B045303FDF16B
:10C9E0008FFB360A12F83DFAD4FA00024501030E15
:10C9F000D506A7FCFEF648F7BBFBC8FF151547098F
:10CA00007BFA750167FBEA044E04FFFF2C1622FA3D
:10CA100009F8ABFE76047FF3CE03660E6100F903DE
:10CA2000E4F7860B5CE82FFE81059D1F03FCB10235
:10CA30006B018F054C10C609C012880450F3DAF957
:10CA4000F603CA013308C5017AF774F35B0469FF82
:10CA50007B03710D2CE5C8EC1D03F00F0607CB001E
:10CA6000E3FF1101F2FB48F9000094F97D06E003B1
:10CA70007603F0F14E04DE02AD0152F77E0D27176A
:10CA80009CF499EC3D08E50BD6F43602001A1C051F
:10CA90000DF93CF90216660A381821133312E0002A
:10CAA0003BFB27FDA301ECF71D0C65109E03DC0981
:10CAB0004CFAF4000BF057FF7FFE93050E008EF842
:10CAC000C3F6140DE0FDA3EDE4FBA103CF060302C2
:10CAD0002602990591F258E92705EAF5050E131289
:10CAE0004AF38AEF24F230F4030A9105C1FC1109DC
:10CAF0009BEB67E04FF447F950056203ED0F740AB2
:10CB00002CF23B17B205670EE308060801F1D7F6D1
:10CB1000D402C102BF0F4406CB0A8A1160E4C9E502
:10CB20009B05E50507149DF4A7FCAEEF1DFD370935
:10CB300099FA410B88E866E99AFD26068E0941FBC1
:10CB400051FF760511F93EFF6D0AE207BCFD430275
:10CB50007A1239115407A708CB07C5011206C00B7A
:10CB6000280752EF3B129E16C000320D0E10A00D8A
:10CB70002D0247FC1C1BDB0C310B6316EF0FBCFFB7
:10CB800002F3D6FB2DF8A5E1C21B730D0814BFFEFE
:10CB900062FDE80441FCE7F98D00DF07C7020602E9
:10CBA0005D0095FDEEF3B1F0980C4A01C0FF400026
:10CBB000390875026AE7FFE8FB079701E0FDAD075A
:10CBC00058EE0C02C7F482FCDAF82A039202490CF0
:10CBD000CEEB2DE47913D2075BF4AD071FF133FDE3
:10CBE000B1F0A00B330ED90272FBABFB44E936ED7A
:10CBF000E30A7709CAFE7BFA87FDDFF753EEC6F238
:10CC00001CFB760C81FE9202A1F7C00327F44FF8BB
:10CC100000FEF00716F132F0360B980BABF6D40499
:10CC20005107DC120003B707FE0CF3078BFE4D081B
:10CC30008D12A5FFBF08EC11CDFBAFF256FDE40E3F
:10CC40004B0F5A094117EF118E006202780C37FA28
:10CC500069FF200DA807D2FEFD17B113ACFC0FFD34
:10CC6000C303C50A79F60AF6BE043A0398066DF0C6
:10CC7000880BE2055CF59AFCFA0694FCF907B2060B
:10CC8000E1FFC60581FFA1F96203DBFBF8032FFE7C
:10CC9000A603B60BD3F2A6F728F4EFF6D105D50418
:10CCA0008BFA9FF24AFBDCFB37F7A507B00A15FFAA
:10CCB00085EE9103D10F850B920569FC03ECDAED4B
:10CCC000A1061CF9D604EB0022F146FA62F69AEBB3
:10CCD000CA06B80747FB17FE6B083BF647E8F8FCA7
:10CCE00084FFA9FDD803250DD8FF9AF8E6F7B6F51D
:10CCF0004E07BF07B208CBFEB512A30772EEBEFE09
:10CD0000D70FB21A00000E02EFF9F50538FEB5078D
:10CD1000CC0318004B07CE009CF7F0094E05C40366
:10CD2000D806B302BF0EB5041412FC0E9DFDB20D61
:10CD30000900CF0D2E004AF105111B1767FCFA0000
:10CD40009C09F410C9E806EFD50A3A0EF5FF37FF43
:10CD50005CFEAB0307F763FA6AFD2E08550A31FF44
:10CD60000107510A7EF6B6011EF355FB32FBA80AF5
:10CD70000C0898F8A2F488FC94FAC4ED71FD0EF941
:10CD80004CF993FD1FEF9AED01FCC4FD4CFF5607D3
:10CD9000BAF9320D0EF91D048303E3F8F7EE70FCC7
:10CDA0008A0AEA113C039609C9F31BF3AAE8F9F9C8
:10CDB00019007BFCF1FFE50033FC88FEB2E7E502D9
:10CDC000DDFC210C2804D509F8FA1F070703F20639
:10CDD000B511D1025A02F70FE610F2F53FFB68F7E2
:10CDE000FE0381038A05250B9F0552FECEEF62F5F7
:10CDF0004E039312A40B8506340034FC0FEB28F984
:10CE0000BDFC9213C902740B5607CB0308068406B7
:10CE1000FF0AD103410A4AFACB094D17E803AB03D5
:10CE2000C7117A0668E1B6F67B179014D509260873
:10CE30009606DC0C4BF8BDFB0C077F0497078112AC
:10CE40003C08AB0C2A032AFA3107490863FAEAFFC7
:10CE5000460A55026CFA27E78D06D4F54AFA64F7BC
:10CE60005400FFF91AE126ECC3F2D601B1037AEDC2
:10CE70002102AC1CCEF642F500FC25F7BEF59BFB6B
:10CE8000DB0F290827FF4901C6E77F0480E0D9EDC1
:10CE900035FD8BF5DC0249F7A415740334F67509EA
:10CEA00060FD36F6380470FBB4F2B1058EF38304EE
:10CEB0003E0BD6068209A60DD30BFD0A56081605B1
:10CEC00088FBD2F5330E5C1ADA0438EE28F52EE62C
:10CED000320558079D167812F5F49BF9BBF6CFF989
:10CEE0000206B20C1C07AB11DA06C0FEB8FEABFBA3
:10CEF000C60B990CD40B1AFDDB0CF618D501830F69
:10CF0000680277FA72F5E7FADC098D0BC9105E0248
:10CF10007605D407DEF980F86AFE2A0CA30C8E038E
:10CF2000E4091F0090F317F29CFE1E023E0EDC0087
:10CF30008CFF48FF1BF407F10705430970EDDEF392
:10CF4000CD0688FFF5EA98EBAEE650E764FF90FF68
:10CF5000EC0A8B22EEE9D4E742F92DFAE5F97002EA
:10CF6000BC1F5CFB94F676FB9CF15BFAC8EDBEEE51
:10CF7000FCFDC8094EF40706700CC5FCEE0A76F9F4
:10CF800054FA1AF7C0088DF7FD00B601DEF737FC3A
:10CF90008510D3161CF08D0A4701B90BE8FD361732
:10CFA000450FDAFED5F957FD5312ED078EFBF9FA5E
:10CFB000AAF96D0268053B0797F33DFC91F1B104B6
:10CFC00054052FEFD8125405A6044F0335129D07C0
:10CFD000A3FA2E017310D0071C049B0D91081C00AE
:10CFE00079F804082A089C03B9F866089405FDF945
:10CFF00015064208F4008AF7AB0EAA069406C6FD91
:10D000000B060EF72AFA79F07A043AFA8CFD02EA56
:10D010000D05A8FB3DF5AEF44A067CFDD1FC3A08AF
:10D02000A8031B1182E277E87EFF4EF8440425FF37
:10D03000E216C32CC40520FE600392FA130265F2C7
:10D04000CF2CFB0AAEFE4AFDE7F8ED0304F11FF812
:10D0500037F28B07B4E9B3026AF02CFF4B0147FCAF
:10D06000D0F94508090741FDA1F647F6040176F716
:10D070006400680542FCF7EDEBFC28FF12F5EB13AA
:10D080009B03B50273F92DF96BE658EDF5FE7DFAB9
:10D0900067049F0B030007F4CBE41DF0B0029C0E65
:10D0A0005A055CEFC804C3004E007DF9F409A402E0
:10D0B0009DFDDD05CA0F0F122BFD97061E085000BF
:10D0C000E60638FF660A310B23058502C100BBFF67
:10D0D0009EFF2502B5FCB506520B61FE460045FADF
:10D0E0007805D104DB0160FDD20B2B0263002AF925
:10D0F000FF06EFFBA0FE51FE1B011807DEFAD4F776
:10D10000BF09191DCF00AD0390061FFB2A0742027D
:10D11000E80DE41A45FFB7FD80F22BF3BAFAF301EC
:10D120000D2F0B046A027BFBFB0193FBA4E716EEB9
:10D13000BAFEFCFB06F85CFBD6F8100943F13B0491
:10D140008FF5CFFDDC099DFBF60114F600FD5DFABD
:10D15000EC0B2AFBB5FA43EF00005EFE9E0643FC93
:10D160004CF6020222F056F917EB8DE6DFF4D20FEF
:10D17000510E4E1176FB98FAF2E9D4ECD70EECFA88
:10D180009802A60380F711EDCFDC71E169F9780B05
:10D19000AF0DCB0B81FBAC02CDEB3CF691198406B5
:10D1A0006E056F12AAFE84038FF037F912EFA3FE0B
:10D1B000660F13101A097D0A6EF71A011D0570F328
:10D1C000F8118308E80CDDF1620B3DFF1A0249FFFC
:10D1D000C1074D1E31FEA90B6BFE1B012DFABCEDE4
:10D1E000EE117D12C20B0F0FCCEF90FBB3F447FC96
:10D1F000750C961D0F0602FB7A0346F66600CD00FD
:10D20000590FAB086BFC6A0519FF6D098DE73602F3
:10D21000BD05ED00E20010F642FF7B0531F47CF61F
:10D220008A0A97F74AFB8B054F0822FC6EF7A00984
:10D23000F204BA052AFBE9068402D0FA3D05870A02
:10D24000820243F6A70A5E07F9FE0DE9AB059D07CA
:10D25000200CD3FCAC0927129EEEEDE68C033FF1C7
:10D26000690C750BED08E00A9EEAB2E7EFEF13F6E2
:10D270008B12251C57096A1419F22CFD59F067F816
:10D28000D210031FF40348118BFE9AFEE5F980F7D4
:10D29000012A1918CE0EA109D1EF08F368FD1DF17E
:10D2A0007B1C26157E01AFF822FA75F92DF3F7FDE8
:10D2B000E11E1C1E540091120AFD11F7C2F6C8E4CB
:10D2C00078269D12B4100517A6EDFCF85CFB23F739
:10D2D000FA214D19E30981001DF52504D1EFA005C0
:10D2E000FE09D1F29AF809FC2EFF32FDBAF7730558
:10D2F000F8FDE8FB38FA5F08C7FE5FFB0D08BB00CE
:10D3000071FC030973028904EFFB6EFC33001A02FF
:10D3100046026DFB34027500A0017309310748FF16
:10D3200003F2E2F801FDEAFE47037DFEC7033EFF7C
:10D33000EAFE67F7EEF9D80E83F04B021FF2F9F020
:10D34000F0F88BFE2F0A18095FF972F87BF56FF081
:10D35000C3F1FB06B504CF0BF7EEABFE6CECCDF3DF
:10D36000FF0957F1FDFDA8FB2AFD8F0750FBB6EF23
:10D37000A616591277112DFE9BED52EFCBF2B1019B
:10D38000900B81FC010998FD4CFA3CF2ADFA84E95E
:10D39000DC0E83FC4510E80912FFC9022BF3FFFBEA
:10D3A000380AC5128D04C1FCC5FB29F8180034FFEA
:10D3B000FE0C77FA53F7B40086F34A0586F0E9EBE2
:10D3C00059FCC2FEE408F3052706C502FAF6740606
:10D3D00018FADF049FF815F8E108ABFD0EFD6AFDB1
:10D3E0006005AA010F04B3FB8000E2FC67FEA60102
:10D3F0002CFBB2F662FF360560F75A005D07300A73
:10D40000B4FBBAF826FCDF00B205DA09120932FED5
:10D4100047056D047008A1F871FD4807A100890255
:10D420008408D3F9D60841090A074F02EA04F20337
:10D4300064F7A1F6280767FE4008860521099BF6D8
:10D44000ECFD6DFAEC007C053FF1220280FE5309F1
:10D450001AF9CAF726FBA9FC1102F8FF780382FE2D
:10D4600097FB45FE0501D1F68F05FD06B502BE010D
:10D470008F035C0A370ADFF81AFAD6FBF202BB0305
:10D480008D065A0AA6008B03E0F822FA7C091A07D7
:10D4900045FC8D010402F10923FF11F6FA0771081A
:10D4A000B8078CF68200DBF70AFDC4F7F8F70FFD2A
:10D4B00056FAE4FE32057A028D0841F8A207530AB3
:10D4C00063051006F6FEF1FFDC05ACFB2CFCAEFD9F
:10D4D0002803AF00620024F685FE0801EAFCA2FBE7
:10D4E0002BF9DF0069FDC906A6FAFCFA8D070009D1
:10D4F00077F57CF14700050486F85EEB000235FB0A
:10D5000020FB4EF7E509701617F974F82F049FF702
:10D51000D8F09BFAAF0E5C132E004F01B2FBE4EB88
:10D5200076F61AF3D6070005E903AAFB7FEF23F688
:10D53000BCF61EEED403CC0A89FD6100910457F0BD
:10D540009BF4D10383103D0961F9BEFA85FE3FF3D8
:10D55000FEF923F12D08F90545ED75FB1BF99EE851
:10D560004BF7D6073901ADFC5AF0BAF2C7F6BFF94E
:10D57000CEF184F055FEE1088F02A4FCC30148FC03
:10D5800067005EFFFC0100FB68FB8CFC8CF5B0F6CD
:10D59000C5FC3900C2F948F7AEF86AF86C04FD081A
:10D5A0004C00B8FD10F99A06DFFDAD0112044E0AD9
:10D5B000B6068003B7FF3E0F190079F60A0556FF3D
:10D5C0006CFFB0F5C21749FD38FCE5F259EDEFF9F3
:10D5D00094FC13EE6A09180C99FB44FA6A0488FF5C
:10D5E000DBE82DE1C00410FD1AE49BE308031EF103
:10D5F00015E943ED20FECC0388E0E6DB24F23BEAAC
:10D6000020E68EEEA4F89E0020EAB8F2FFF117ECB7
:10D61000A4F779F9BAFFF8FCF7F331EE78EB72DD95
:10D62000E604260495FFDF0B90F06DFA49EFFFF555
:10D63000DA022AE4C70F750834FA8B019706C2EFA5
:10D6400072F3DEFAFF0D9D12ADFD79F0EAF1F8F507
:10D65000FBF061F0ED04C1102BEFFBEB14EE49E899
:10D660001CF521FB88FDA508C3EC66073702BB0447
:10D6700068FF96F9C7F62FFEF3F9CA0326F9580892
:10D68000D8047C067AFDB9FDDB042A087BFD340151
:10D6900096FBE2F1DFFC2F0FB4FE53F98D0963FB1B
:10D6A0001FE89AF215FE8002E70125FF470021FDE1
:10D6B000DDE839DBC4F8F5F867ECFDFB8EF805F220
:10D6C000FFD0F0EBD2F7550867F757EB2AD8AAE45A
:10D6D0002BE651EE6CFB88F3BBE163E160EBA1EB61
:10D6E000B2EEEFD83500AE04B2E4EDE816EF0FE38A
:10D6F0005FDFDDD7F1F7E7EEC1FB12EF30E4EAFAC6
:10D7000057F0DD0A24FF6802300094019BF8E30221
:10D7100061F148F1D005E313C3F8F40652FB29F98F
:10D720008BF6BEF0C3076403570999FEF0FF420A67
:10D73000880071F333020E081907CFFB74FF44F918
:10D74000FBE9B206C407EFF00EEF9D03A7ECEB1068
:10D750006CF3D1F6930045044504B4FAA0FBAFFC8A
:10D760000508F803EB0489FA85FEBEFBAA0517FD40
:10D77000BF08D1F2A4FA68F995FEAEED030429F3CF
:10D7800028FB8AF9BC09F20224F3B3EC98F15BF9A7
:10D79000C9F4A7F0BAF7620496FF450765F0BAEB43
:10D7A00094F51CEF49069FF6A1E713F6F2DB70E053
:10D7B000BCF5C7EF4AE932E72CEBE8FF71E997ECDB
:10D7C00000F07AF0C6F571F191FE8702D2FFD4FA2B
:10D7D000B3E00BF301EAD8E965F94204E0F8890205
:10D7E0004802B000B3FC4903ECFDEDF84AEDDE0160
:10D7F00086FBF9041D14FA0E0CF21C02B1F82AF093
:10D80000B0FA0312DB0CA90E8DF9CFF732F51DEF3C
:10D81000A6025001EE01C209830083032BF1D6F862
:10D82000FDF891F1D3FC93ECEC0A62126BFD551CF0
:10D830003EE976F180FEAC0897006CFB0E0F74F8A1
:10D8400054FBF0F699F8CFFB0CFF02009A0528FD77
:10D85000FCF507EFA3077FEE9CED00F40800C1F58F
:10D860002EF7A60D76F8AAED32F867F11CF6AEF4A5
:10D87000440FBB040DF93CF74902DC0200F510EA45
:10D8800010FD5B053AFF15EFAB08B90603FEE1FD9D
:10D89000C7F9AFFA1CF8C9DF09006C038E002B072B
:10D8A000E7F5CDEBF8E5E1EB8002CBEEDE15380BCA
:10D8B00059FB88F161F3EEF024FE2EFE64FFF0F4D4
:10D8C0004107A509F2EFE8FA82F817F79FF8F2008E
:10D8D000F500FE014507C8FA9000DEFD9BF4AFF5A8
:10D8E000E2FB18FF5DFB820697F548032D062FFF2C
:10D8F000BB1245FE32FF00FC6F0C2A0281FDC5F50C
:10D9000082ECE1F7A8FBE2FF06F9B20DE205A412F2
:10D91000FEE8A5F929FD79FFBF02E2F443F87FF79D
:10D92000540830E95B093703B209E102C7FC6BEF29
:10D93000240DBF02DE074908C5F206FC76035B0230
:10D940004B0817205D0A0E1A5509C412E6F6E90ABB
:10D9500050123D0BC300D105A9F977F5F2F694F604
:10D96000CD0356FD1704D7F25C07940815F8C50FD0
:10D97000EB0067075AE5C6EAF4FFF700790A920759
:10D9800076F792F674EC18FF9FFFB4F4D609E90617
:10D99000BCF26CF743FE38E311ED9D0232FDEBEF74
:10D9A000C1FD83FC54F7C6FC40EF4BF9CCF13EF2CD
:10D9B0001E0AE80D6DF827FE22FA5FF808FA3D0A04
:10D9C000C8FA47111E0731FFC7FD1FF128FFE2010A
:10D9D00094FF52021001A8F4D20884FEB7FD17FA92
:10D9E00082F067FDB6FBE2F378057A0E7202740DE1
:10D9F00019FB9DEF07F74503EDFD6AFEEE0D4200B2
:10DA0000C50723FA97FD0510A0071206A4FF55FECF
:10DA1000B1096A09970A8E0151110D036D119B0717
:10DA20000C0B631721047D10AAF93D1CABF458FBC5
:10DA300045151413981D720A080B57FC33F8730729
:10DA4000E006A10572FD31F10F1622190E0B4708F1
:10DA5000EB05A2F6850159F58614E1F8F709760081
:10DA6000F4F894F6D8F922F626F28AF2E0080209D0
:10DA700064EA31FD82F512FA1BFA3AF788F286F76A
:10DA8000A1006A0EF8F32002A0FD68F3B6FCA20222
:10DA90000F02B912200373FBDBF65DFC9C095E0EDE
:10DAA000160AAA022BF678FC18F058065305CA1776
:10DAB000A60105F704F98AF323125816B90F1200CC
:10DAC000DDF729E70503BBED93038A0310FD52063A
:10DAD00062F122F9C0F99300050E60FC0F0788FE81
:10DAE00011156313D30EF1125A0A9612CEF4821A4C
:10DAF00043FF2F1343F3E0076915BC0848F92405D9
:10DB0000141AD211AB046B17FD0CB00A58FD1102A8
:10DB1000EB11420B6F0660002204E512AA133007D6
:10DB2000C5055B1B07010FFC8F0D6417BDF98BFA50
:10DB30005C08E9FB6AFDAC00EA07AD0CC8FCB00567
:10DB4000B5F20AFAE208B6FA68FB7CEF6303980DB7
:10DB500083F9F3FD0F0498FA2CF97C0DD3056F0CB3
:10DB60009E0B7E147B0B2105CDFAC80756049F0936
:10DB7000FF105D022F0946F269FD00F75412D7FE2F
:10DB80007BFCF2F806088505190AF30A8D134F0588
:10DB90006FF33E09A703880D210DFB28FD0C7B13B5
:10DBA00049027BEFFAFAFBEAA4205224E818BD1BD5
:10DBB00011E0CEEF3CEF0A083B1AC7140C0DB30E70
:10DBC0001C13111836117A1AF8052D0B37132D1066
:10DBD000B106130C860490FE870F63031AF66809DA
:10DBE00019124B1A3B15510728F8DE088CF412065F
:10DBF0000B008207B30A150DBE04A205BD0FBA00C3
:10DC0000D8017AFF44FCD1F181021B175A0245F872
:10DC1000A4062DFFD400410A0D16A001BFF6E2FDB7
:10DC20008DFEA4022306BA0C90F79A0169077C17AF
:10DC3000E7F386FB9418951166F9510B69083203D6
:10DC4000621B5617830EE70E6410AFFD7707FA12BA
:10DC5000210B17005C10860A11045FF66210AD08F4
:10DC6000B4F650F76004A7FF3F10C41112FD33084B
:10DC7000DBFCC5F590F9F215CE06C720C7FE7F1A6A
:10DC8000DBF5ACF0370BF2F55721C5226921E7151A
:10DC900048EDD40458ECA60BC1240DF3991B2202C5
:10DCA0005A07070E3B11E005EA093F101E0A2B0038
:10DCB0007310D500800B7D04E10F11FEE20637F5ED
:10DCC0000E0A7302DB0CD6FE67FFE60B9B0C3B0DC6
:10DCD0008BFBF503A5075E060103440ACF0F23F76C
:10DCE000C1060EF710092F087A13D610C7F8220BB9
:10DCF00092FB4206AC111C0F781EC002E906EF1120
:10DD000016F560F2D2141B0E4C00D502530E8A1485
:10DD10004FDD9701FF08980E6001E9FED412C70697
:10DD2000D90D550F9A1AF10B5E0B31F8CAFAE6FAC3
:10DD3000020769023F17890C31FAB60CD913B414E3
:10DD40009DFA5001AE0DBD0CB6014205870963076F
:10DD500094FB3DEDAC18B6084E1180F782075BFBD3
:10DD60009AE3A6EB6A12E0F97E164907A1180F059F
:10DD700077FA0AF4BCEB5FF42019990EF119080B3D
:10DD8000FE10C10F2F148110930CE41B360E4D00B2
:10DD9000DA121F09AB21A90F3C0C0F02E512A9F002
:10DDA0007C000308C60460F64D06C9068B101D13DF
:10DDB000750A7F078CF87FFECCFEA208FA0D160BC1
:10DDC00024FDF50D69FF270F1D02542099010E0750
:10DDD00001FC47083B0EE5108718720EF808AA02EE
:10DDE00098FBB6E74214BF08330C21EC7308EB0133
:10DDF000C9DEB1FBA20AF401FFFBB506F1F730FD65
:10DE000014143A14B501240B56F8D0F239F84BFC2F
:10DE10003A0743FF2A01440B52F44A0B7104BD0434
:10DE2000FCF3A9E921116D0319F65EF8E0FDBEFCD3
:10DE300019F06AE31306320ED2FBCFFEAFF7E2020F
:10DE400053D52BE62F25CAFDC0F2E0F3C20E5A0FC0
:10DE50000AF6180582ED76F7AB1B5B08B81BE20CDF
:10DE60005101531310FA1908970A5C08EA07A60B28
:10DE7000D9089C0E84058AFC0B13D6FFA6044C051A
:10DE8000BFFA8DF9D0FF62F733F3BDF9E301EA0C75
:10DE900009F77BFF7202AD024BF88403D80DE5074A
:10DEA000350F0508B5FF8D19910D8E157E0D56FCA9
:10DEB000FD058A0A4F15541B0A1EA20FE4F9F4F45B
:10DEC00079FF27E12907D2FB0C0D71F975FEBBF52F
:10DED000C4CC18F84B006BF6EAFAB0F664F9BEF35E
:10DEE0007419CD0B82FAE60076F981F7840197F573
:10DEF0008F14ABFBA2086A0018002308ABFD95FC49
:10DF0000F8E8C4FCDB00F10881090C0080FCC9F2D0
:10DF100078FBEAE9C212710A91FDBFF10EEB7500C0
:10DF2000AEED37FADF1AC8FFB8FC2A0BADF71007C1
:10DF3000ADFE8500A6F512FE130F7BF5DE1B030573
:10DF4000CDF7BF0AA3FEABFB2702CF0B7BF7E20E98
:10DF5000180BE6FE8D11B5FFC91547FFAA0839F861
:10DF600093FDDAF1B2FEA9F5B8F550F6F8FDCE0949
:10DF70007B0AC102DC101B0284F79807A800740317
:10DF800063046B08070FBE1C6C097D13EEFC080DC3
:10DF9000F107840CE3126C191E12AE0F78081204FC
:10DFA000F0FFB3E288062FF1660C80F5FBF725EC55
:10DFB000B6E648F242E134E54EF07CF5E3FF9D0021
:10DFC000F60FC71443EF68FF1DF77FF85D01EA0401
:10DFD0000F0AB900A9F5DAF4BC0ACC07500776F1AC
:10DFE00029FB520634F7480A3C109D06C7F9440441
:10DFF00011F90FF0010BD90B290A19FBF4F89DFA5E
:10E0000044FF1B097F190A019302650145F3EC0DDA
:10E01000D7028A0BAD0068FE95194C02E41736054D
:10E02000C006140A300B00FA5BFA84F903F98DFB81
:10E03000182496FE790D5BFDFE0EA5F0431855F5EC
:10E0400057126A0B63E4B0057BE1C2002DF8D001E2
:10E0500093FED303B6108CFEE90357F989FCF4FB59
:10E0600076FB1CF96E09041ADEF5AA07D1F890F6C2
:10E070003C0F2D0A601EBE076C0EBF125E067B01B0
:10E08000EDFB0EE16FF874DB440B92FA84F74DF16F
:10E09000D4E99AFCBEE6B5F45BFBE0F377FA66F8E8
:10E0A000DD03B91579EFC3F0AFF0A7059A05E10FCD
:10E0B00025081C09BBEA2EFF43FDED02F3FC3DF2EF
:10E0C000CB09CFFB6E02D7FD43090E07F0FACFF361
:10E0D000E80C010F0E03CE107D059A0B7F0437FD6F
:10E0E000E505530FFF137E0BA606CB01F5F2D6FB19
:10E0F0008B077E007EEAC1FE5A078507DA13F50515
:10E100001C108CFFB5052E07270B9807920A85F87F
:10E110006B08AE05A005A2FEA20C4BEED00684F95A
:10E12000C7122602D1F404038CF9A3F584F18FF20F
:10E1300071FC7306CE0A1514CFF58CF787F502FA39
:10E140004AF97108E60FC3209A01BEFDFBF167048E
:10E150002DFFBDFBDF10CAF9D30267068D09F0F76A
:10E16000E2EAB4E263E1CFDBC003D400D50077FF7D
:10E17000F0ED7B0B42E3E3F7D3F747EF830737FA82
:10E180009E092D13BAEE8DF166F6C8F1C408C108D8
:10E190005A166514B5FCF6EF580581FC1203F3F529
:10E1A0007509A70FCBF4B701B1057A0781FB3AF6E1
:10E1B0002F12B7093606EF0FE200E6FEC2F2BA0BE5
:10E1C0003C062B069E10170AF6071D06F8F983EE8B
:10E1D0006707AD0DD6EDB6F87B13BD10C712FC1660
:10E1E0005C0FA7FFE9FFE5FD08035E059A00E4F078
:10E1F00011049509A5FB1400E1F528F8A2FE14020C
:10E20000A30BE2FFAD05700930F92AFA6FE6E2E7E9
:10E210006AFF5D0B090D121065EEDAF8BCED1DEE1C
:10E22000C6FD1FF621164714D80084036BF788FF3C
:10E2300023F156E9ACFC26DD25FF81FDF5001E0328
:10E2400009EF9DEF9FD565E246FC7D00A60E9A0280
:10E2500056F7291615F617FD60006DFFC5086F0407
:10E26000DD17CE140CFAF2EC96F8AE04C6046BF689
:10E270009DFEB80ECFEE3DF2D9035BFC2AECBBF855
:10E280003F0F4308F6F5C9059702A815ABF64DFAFE
:10E290009500E9074B056B03EB0201111F04C30155
:10E2A000CAFF1008360583EECF093CF81500D101EE
:10E2B0002C01CFFA7FF5C3F1E9197B12751EBC0B57
:10E2C000E0FDCFF210033E043B0631FB7A05A603C6
:10E2D000BA0C7F055EF3E4F9260644F71500A1F5B4
:10E2E000FD182C009106F1012AFFE3F9B9F45FF162
:10E2F000E60486F803F939003A01C1F6A3FADDF223
:10E300005DEEDFFF960B380310F64A0048FB7CFEFB
:10E310004DFED5EF8FF9BED7EDFAAC07CA099605C9
:10E3200068E067EDA1E144F0FF0B810FC0043110FC
:10E33000580F6113ABFAF1F32A041C001F07700990
:10E340004A194104DDEFAFEFC707D702D20613FD2C
:10E3500019058EF61CFDB000D605380C5BE97BE98B
:10E360001105E6F180F292F76411B710D0FBF7FCCB
:10E37000E4EFD8FAFC08A008CFFF36052BFCC10853
:10E38000790E3DFEE9044DEB91030FFF5BF8D5F6E6
:10E390002AF9A3FF6BF1F80C2105F91C070A2CFCE4
:10E3A0004607B408BF04050989F3FBFDC406EEFB6C
:10E3B000C20B4801F90383F53405C50168F3FAF986
:10E3C000D9073605C3F7B9F86708DB02DFF0D3F8E1
:10E3D000E1F018EE20FCC006C3003BFA160FB80BA4
:10E3E000C5EF87E2770EF90D1AF522FB8E0D81FB42
:10E3F000DFE27CE5A2F8CBDD0AF5C9F869031B0F63
:10E400001CEBF900C1DC63F2FE082903B6FFEC0245
:10E4100041FA7FF9B9ED8BF91D1272F8260DBDF79F
:10E4200042040DFC65FA7602FEF639F3FD0177EF42
:10E43000FDFACCFD1EFDE0F99AF718F83AF2DBF58B
:10E440004CE99EF45CEE56FCDEF7490648F6C0F750
:10E4500019E418E69DF7F1F2AAECF3FEAFF857FDC8
:10E46000810055FC74FBE6F33812D4FB1A0527FF34
:10E470000509E70D64FA1EF1411B510CC10CEF08B0
:10E480003F01160B04FE581157FB29047DFE6D0C4D
:10E49000AD0A54F804FFE3E73B0B1FFF23FA2B01FF
:10E4A00095F7AF036902130638FE05FC61F95602C1
:10E4B000D6E360E54F0854FAE3F81CF2C202BBF859
:10E4C00034E780E7FDFA1C0402FC07F584101AFF0C
:10E4D00035F567E50FEEF6E8EBECC6EB8804970040
:10E4E000A4F385010EF6E9FCEA03A001D0F6A4042A
:10E4F0006905DDFD65F05FECF009FB016FFB92043F
:10E500001EFDC9FBEFE9F60222EB09F3E00000F87B
:10E5100033F70AF268F585F910F62BFEEEFA61FA88
:10E520006AF6EFE160F19DF96304430071EF52EC8C
:10E530007DDF50EA8403E2F784EE64FC8B018504FE
:10E54000A0F6BAEF4E0B83FDC702A4FBD812AF01B1
:10E5500064036C0AD3E7E2FAD71A9D04560ADCEC8E
:10E560004DF61EFDD7F9D20283FC29001BF9CDFD23
:10E5700010FC6CEC47F159E48E06C5FD6A0851EBBE
:10E5800097F0ADE5B608FE0BC8F214FDC0F263FBD0
:10E590000CDF9CE6730453023FFDA7F961F693FF7D
:10E5A00046E538F28E05E2029A022C050606BA0309
:10E5B00042013F12810683F300F0B1074F09EAF3ED
:10E5C000AD11160620082EFBCC025D065805320957
:10E5D0003DFD320D97FDF2EE2BFEEBFED8F035003F
:10E5E0005C09CC00B2ECFF06E0F332FB88FE01FED2
:10E5F000F2FE93FD6D08BFFBB7F94C0221F400FF5A
:10E6000053EA29FAE00045F98EFDBFFD6EF241F4B0
:10E6100074E8A6EDD3FE8AECD80349FEE0F29EF939
:10E620000103B4F929EF190166FF4CF61C0C9205A1
:10E63000870A20FD2FF53FFBD80583F6DEFCE4FCBE
:10E640007AFA1FF518FE5EFD6D05D7002FF90E0052
:10E650001CFFE3E8EBF5D0F0340586FE66031DF9F8
:10E66000C2FA50F018F34A032DFB35F44DF80404B8
:10E6700008E5CADE390BEC09730016FD92FE6D0148
:10E68000E2E9C3032705A110020335F55DFFB704D6
:10E6900004073607D012AF043EFB31FFCDFEC7F6AC
:10E6A000450CE7FF04000C019A085D06EEF608062B
:10E6B000B308E206DFF5A6F467F83B01E300DAF6FB
:10E6C000CB0B010D9902D6F82800BA0127058B055E
:10E6D000CFFCFEF96C037BF72CF81F00E2F566EB2C
:10E6E00033F999F6D7FAD3F954F71E0380F6FDF300
:10E6F00094011CF5C7F7A3EC5009810A8F03E308C6
:10E7000016086006B205C3F3C1F4A7FB851C000D13
:10E710001F099D04A40900FCC30DF5014FF75D031B
:10E72000EBFDD608FFF70005F9F4DA077F001A01C0
:10E7300058ECA6DCFDF863FF53045F02F8023CF4DA
:10E740003FFA52F292F93D0571EF7EEBCA03B3F73F
:10E7500075F0C8F0DE00680033F5A4FE1DF77DF605
:10E760007104400272001305870F1606B1F19E0571
:10E770007F0A5E06960FA8FE76F5E408520433F988
:10E780003907C30799094F114403C7FECB00C80BD3
:10E7900044100A0C031661073EF5050375FA7AF377
:10E7A000A8066FFE92FCA503D8FD0CFE990572FD2C
:10E7B0007DF54DEB880DB1FAD4FB34F6B0F107FAD4
:10E7C0007CEB110263FF9E069FFCA1FEC4022B039B
:10E7D00030FC8DF821EE7DED450CCC076F079109DB
:10E7E0005A0F030D18F17FFEFDF9A8F5FE19FE136F
:10E7F000191AF2F71D0AD1F70F042502B60D0AF611
:10E8000019F858041609CAFD48F97DFDABFB190536
:10E8100084EB83EE4706900496F9EAFFA4F5C4FF63
:10E82000BCF1E5E8550014F9240999F4D312470620
:10E8300055F182043D04F8FAD50370F438FCAFFCBE
:10E8400017F7C011B504DE10ED031C11DCFCFEFF50
:10E8500027F62AF4EB06C6F82F0ED5077806B7037D
:10E86000B8FBDC01EFFFC8034201CA02E2FCC704A7
:10E870007E092403D404AA06B40A2006BD064FFC70
:10E88000ACFC2A09EA07AB109A0234088D063FFF58
:10E89000FAFEA8FA1004DC03D9011A06D0096405AF
:10E8A0004FFA620C97F83AE9F3F19FFA3A01C20283
:10E8B0005AF9D6FEBF0115F9DBF42FF9AB102B2462
:10E8C0001CFEC9158E05B5FACBF10C0B4C20850A40
:10E8D000600094F8ECF37CF7A60AC40219F956F824
:10E8E0000B0433F69AF936FF52000AFECBFB9FF673
:10E8F00085FFC008A10757F58104B0F725F46DFA2C
:10E900003F0373F11F098002EFF24CF6BEE87A0074
:10E910002BFAC0ED1FFA4EFA8EF9D3F36101C2F65D
:10E9200038FEE4FC910449005505340C73051206C9
:10E930003FF833FA810FDFFEA10C8B0306FAF702D2
:10E94000FCFE5B0369071702A00756144C020B0A72
:10E9500034046EFBE501BFFD5708130FC303290AFA
:10E96000A3FBF9057604E50716097C0A1FFFA6013B
:10E97000BA0A95010504D20482FD29FB25127A19F1
:10E9800043105A07AFF804FC83F2AEF0D410E4044D
:10E990005C0472EEB6048F0A4D03B7FEA309E304CC
:10E9A000DB0C9412C704E1EDD5FFB5FA9D0CCAFD4E
:10E9B000BF0A9606F0F69DFE3FFF18F951030908BD
:10E9C0004FFDAF016508CF062504A2FFF309E40857
:10E9D0003DFDC7FBD1FB0804F7F8BA02B1FE29FCE4
:10E9E0009CFEBDFC2B091301BF0AFFF754FE67F024
:10E9F0006FFE35FC970B81FEF5FA2EF0A3F4640050
:10EA0000D5F273F3340330038BF1EDF497E717FE7F
:10EA1000B3F01AFE90EE58FDB3FD2A01DA009B0A0E
:10EA2000640596FBB407950EA3F434079FFE900A85
:10EA300042FB840F07110E0531012714AE0F261873
:10EA40005807C8FCFA142F0B1A090D043B0F1119B3
:10EA50004D0823EF3F0FD31AAA01CDF51320D30A97
:10EA6000E2EF68FE2F07031A41FA8BFF94077B132E
:10EA70004BFC82FB040E9B102207EA033D1AC707DA
:10EA800038EB75FDE313E8FD0612AA039617A0FD07
:10EA9000DD053D01D5F842019C06D4F8130644017A
:10EAA000AAF8A6F7690030FF97F60105F405F60904
:10EAB0002DF9FD01CEFBCFF7F3F8E7F409FB4D0587
:10EAC000C7E6CAF3F0ECBDF372F134F900F882E75F
:10EAD000A5F305FD2902DA0199F67BE02FE382FF19
:10EAE000D600B3F44108F6FE8DF45DEA2F06270048
:10EAF000EFEBAAF82CFF2D0670F2ACF7EAFF5E03ED
:10EB000082F50A0AFD08CC12BCF87CEECEFDBC05ED
:10EB100039FA19F70F024207B0EE0EEB60FDA801BB
:10EB2000D7FA50EE8706D90029E8CAED5D01F00654
:10EB3000B2FB2F02E5138E130AF5DDF394009CFF60
:10EB40009CF361E517027812EFEA47F13904BFF14F
:10EB500086E706F436201D06A4F74DEE180AEA03F0
:10EB60005508BEFB78FB8C086CFAA30065FEDF0A33
:10EB700082FF75F829FC70FE7108E6FC7BF8E5045D
:10EB800047F75FF8F306960854090401B805360004
:10EB90002B0533087004CBF9B2010E0768FC82FA2A
:10EBA00053FB0B08CD0B4C00B30AFA011D0ABD0B39
:10EBB000DE027B02A3025707BD0268FFA0FEBD066E
:10EBC0002E013AFC1E082700BCFC00FE9403370906
:10EBD000DC04A902BD152F097500DE041F0E980480
:10EBE00089001E18D6022820C7F4D701DC08791145
:10EBF000B8FFBEFE7D0EFB0859E7C4F15901A8F825
:10EC0000E8FEB213E0090C1830016F0069FF980D9F
:10EC10001B03A1FB9704880294F7A9F403FCAA0044
:10EC2000BCFF8AFAA5F7010E9EF971F7FCFDB0044E
:10EC30006FFB97FE8B152C05B3F8F9163DFB3D07CE
:10EC400062F759FD78F7A6FE42074EFE70093FF9BC
:10EC5000D4022D097103E806CAFCCD006EF71BFE35
:10EC6000BCF94D01CB0954F71B01600829FEDDFFFB
:10EC70008907A0FDBA028A0AF5FE8AFC17018FF9FE
:10EC800089FC08FDEC032E009201FF006F09560677
:10EC900018020E00ABFEFA002BF6890987044AF829
:10ECA00077FD2BFE16FA410A0E03CDF66D0AC1F868
:10ECB000F1F7310609FA37F8170A23FD3EFF010A7A
:10ECC000A501B10604F179054AFF5B03C30289FE81
:10ECD0009CFECDFBCC041E05E40158FD1CFF8606FE
:10ECE0005B0849FBACFF6FF9B7FF99F847049D0635
:10ECF0000E08F6F92BFCA4FDB8FE2F06620606FAF4
:10ED000058FE2FFB8407CAFCC80773FAA9FA9504BA
:10ED100030070A0ADB015200B7FF3001BAF7E706F5
:10ED200033F81DFAD3031F006BF8760391FF7C0ABA
:10ED3000D408EF0058F86E024D05340090FD5D05D3
:10ED400028084D0803FAE606F80366FEE50600FE0D
:10ED500067003B0922035901BCF7C7FBDEFC9208A0
:10ED6000A0F6F40293F904008FF84E0547FF0BFC60
:10ED7000AEFE17FE11EDA7F4F70264011B0B32087B
:10ED80006CFF390E49F179EB9607C60178051B1225
:10ED90006A0F40FBE2E7CAF971F7F8059107490CE1
:10EDA00041F8CBFA03F86EF261F69DEE0812DF0F20
:10EDB000ABF7FAFDCEFB65F596FFC5F973F4350D9B
:10EDC00070ED0B064AFFC6FD36F465F5CB07D3138D
:10EDD00097101F0C2BFECFE8A6F754F9DC14A509F9
:10EDE00076FD6606D7F0C5F3C3FC43F7E00B0A0BCC
:10EDF0009EF598F9C7FC3B01D1F91EFC4702650D51
:10EE000069F6C2F9C6F74908CC04D8047B03F508B3
:10EE100037084BFC22FB9DF9430114047A046AFE77
:10EE2000D0FF03FA0504B50803F7E8FC3E080CFF21
:10EE300025FC6D088EFAC40572F71EFA48FE84FAA6
:10EE4000CA07ACFE77028BF2D4F772F47B011C0583
:10EE500063008B02A9F09FF4410107FC3C0F4C0FAB
:10EE6000CA1A4407EAE4B1F4E4FCCC0337102DFCE1
:10EE7000700658FC06F43FF4C7F8F0FBE102020705
:10EE80009D0B9B0B35FAC00FCAFA00FDFA088600ED
:10EE9000F409D8F9800CE61525EFB509460DF507FC
:10EEA00054F05DF4291E6711B60704FC550A3E04B0
:10EEB000C1F80008AAFB7EF558FDAD0618027406DD
:10EEC0003211C31B3DF41FE6C7F4F4F8880E6E1D23
:10EED0002327940542ECBCED1EEB83E7B10BD90D63
:10EEE000CB14980412F323F58EF4E40CB9FF9F03BE
:10EEF00004F71BF77D0958009FF53801F7FC43FD27
:10EF000062FA7CF66AF9D9F9F50586FD97F54E07A0
:10EF1000A7FD100390FB9EF98001DB0A67FAD3FC82
:10EF200082F4D111670076F7AE0A51F40B008DF62A
:10EF3000EC0BC406E0F36CDD7CECAAEFA506CC116B
:10EF4000050B9105FDD91CEA99E42DF4111DBF02B2
:10EF50001F045D051EF6E5F46EF0DFE21AF6C5FF4C
:10EF6000C704ACE41C037105A1F90BF3FBFCAF056E
:10EF70007AEAD2DC720F090AADF0D00D530D5406B7
:10EF8000DBDBC1F8160EDF08BEFF9604F1FEA6F922
:10EF900053F5360975FD40F9F803A40716078613E3
:10EFA0004F0121FD060FDCF80CFC840BD90295F90A
:10EFB000CB0ED214D6E86ED69AFAB105ACF654EA66
:10EFC0004D032E0104F5FFFBC8F6950819E8D7FCA0
:10EFD0001AF6A5FCF1F8D9098F00390567F5350552
:10EFE00042FF5E06B7FADC0051FA230394F63BFEBB
:10EFF000DBFBCAE7E504B4FD83143A0EC8F1100D3B
:10F000006B03E0072FFB70F3B4F2FCF16D1451F9C0
:10F010001E108B09A7E1B6FF880784F416F6BEF42C
:10F020002D0FF90356F92DEBB2F98AF5B80B00F361
:10F03000340364EC91F93F032AFEAA055FF3F4EE72
:10F04000F5F213E55C0572088CFE700887F106F591
:10F05000EAE8E6E143FD2301ED058DFD16F80D0616
:10F060007AF80EF0B50C1BFB6B088C126EFEE404F4
:10F070001AF92910B7FBD9091D0EBF0680FEAB0394
:10F080001F19530DD504DE0EAC004E0363F664E881
:10F0900050133E0B740356F0CA051AF6D5E15EE430
:10F0A00014033BF9CEF100EC7AF6C50C07E1CBEC8A
:10F0B000E5F40606D0063907D4FF79F8DAEA05FC4C
:10F0C00034F948FEB0072A054201ADF668F9C5F8E3
:10F0D0006FF30AE9E4FFC4F94EFEE913FCFC120ADF
:10F0E00041FBCA0474F233EAEFFDC302C0F8ECEC52
:10F0F000A612F81705EECAF90D0949FDA0EC620841
:10F100004413A60BC6FD8CEDC30129F05C00750B02
:10F11000E1F877E2ADF972EF85F6BA09710468F2A9
:10F1200086F348EB84EDEBF4360DB70134F12FFD97
:10F13000D7E607F924FBE507810BA5FC2AF11901A5
:10F14000C2FE890A5D16EA192803B00706FE27F7F2
:10F150002210C71ADD01B6F294FFFBFE99FBE7010E
:10F160005C083811DAF7AAF9930D8A0A45F1B0DF85
:10F170008B0DE10C2E0527F581FE43F326E157F0B8
:10F18000B808A80900FF2B02ECFEDE0197ECCDF0D9
:10F19000AE039112B0FEADF68C040BF1EAF0A8F3C9
:10F1A0001007EBFD53FC8BF8F704050501FB28FB6A
:10F1B00046FE12ED2801A8045AF3B2F86815440B74
:10F1C000A50F9606380A0D0CD2F84A0A3E0193ECB8
:10F1D0005B0CD8083DFE0DF18C0D5E0758FEA4FBBC
:10F1E000E20519F607FED0F00FFE71FC0F072503AC
:10F1F00058EB11F4C1E2A0D3D0086CFF65F633F6EA
:10F2000016E300E17BDAA7D99C02D5F6B802F3F148
:10F2100053EAB5EAE3F39B0D740119020DF61603E8
:10F2200055FFD2FBE313A114F00A12FD4B01E904D0
:10F230007EFE7316321199F8B5097D06BA0952F1AE
:10F240006714930938FFBAFA7307A10496E290EFA6
:10F250003E135F176805470BFB047908B7EAB1E274
:10F2600096009E052F0E9A12DDFC860CFFED93E6AC
:10F2700096096A06E1FE0805B1F404FD2EF6A8FD24
:10F28000880627FC3C00040627070516F202DEF676
:10F29000CA0EFAFA560AAC1307F343FEF7062F0814
:10F2A00063049F0DE61BDB201F0D36F3E70673E7B3
:10F2B0008F09D1140C0F970A3FF88B0F8F0084072A
:10F2C00095FEB7FF9208A3EE70F9B904EF06C5FBEF
:10F2D0002FFF97F6E2E5DBD79010A80397FD60FEBD
:10F2E0009CF577E7B3DB4BDAF7FAD1F80705600254
:10F2F0003AEEA8FFCDEA7418CDF9B400480C951188
:10F300005A08310AEC161614660288075A07A80034
:10F31000A413C714FC09C7EE430CD3021A01C2F0B0
:10F320007715F3047CFE300137F9DCF81EF654EE55
:10F33000E9FCBEF7FD00B6F60105F309CEEC78E076
:10F340001C0229FD73037C1917029209E7E1F3DC23
:10F3500037025E0F2505CA0323FE4AFB14EC9EEF1D
:10F36000BA0416F7C200C30FAFFAD3035E18C8FB86
:10F37000A603320DB112F40D05FD5E0E3F055311CB
:10F3800035177712B9065E084FF8B70AF8FEF3E2B0
:10F39000C50DF5133E074311740EA80565E770FC13
:10F3A0002BFFCA089E085301E4FE380C990DCF00CC
:10F3B000BBF1BEEE38F97BE955FFD1FD950186031F
:10F3C00003EF56EDE8D023E58100AE04EE02840C95
:10F3D00029FE02FE7DEEB10894042403B2092A1826
:10F3E0007EF9EF14AB1057F8FAFC53FE2B0A3DFBE5
:10F3F000990B640BB0F8F4EC3800AE0C40F41BF63B
:10F400000DFBC6FD41F669FCC0F73CF97CEE97F7B1
:10F4100046F1FDEAF606AAFD950BCE0A97ECADC3C0
:10F4200034E413F48CF9490B99110A0AA1CD6FF455
:10F4300066F04EEBAEF689FB251CD30658F5A0F816
:10F44000A2FCDCFAF200150DCB0902196D049AFA40
:10F45000660440F49004F60389EFDA135A095B0E50
:10F460005C0D5CFF7DFE8C10810068F8C903CDE85F
:10F470002711E70DFD06EB0B820894FA3FF4F30D1C
:10F480008C035D029D061A0D8BFD0AFBB60220114E
:10F4900073F41BEC5BEEBDE969FB4901A905810032
:10F4A000DCE52DF439D7E2DAAA0435092C12390E3D
:10F4B000F9F900030DF948003F0E5012CA071B145A
:10F4C000D4028C00170400F9C20A4E0E05FE03F8A0
:10F4D000A80626FD47E5B1F0590361063BEC0DFA9D
:10F4E00058F8A4EF7F07BD07B6F67708990152F9DF
:10F4F000CAEE5FE50B0A160AC2FEAB0696DC2DD9F2
:10F5000037EABEF6C3F9070EC9064221F6DE30EA35
:10F510009BEA39F2B10152FF4F115CF846EEAE059D
:10F520001E080E05B8FE87159102611655FB4C01A9
:10F530004D060EF88A141CEED2000FFDEF10FC04ED
:10F540004E12B5F7B3FB270E5710BBF99006BEF16C
:10F55000DBFAE6FFE914AD0B6DFF930782E88B033E
:10F560008CF85F02320D9C1496FA6EF6580501FE77
:10F5700096F7BBF13CF61BEF3104D407D8F95501DF
:10F58000BFEA0DF4B2E03FDE46FFAF096001680E4E
:10F59000F6F4630786F1AA0D9515BE06FD06A6FCD6
:10F5A0006E0B1902C5FDB0F51DFED80403FD3EF437
:10F5B0000C059BF519F40AFCFB0CF9024EFCA001AA
:10F5C0006FEBC0E8530BE704ECF9AEFB12F2A0E4DA
:10F5D000DEE699E2B20834F51E102D0C88DEB8E2A2
:10F5E00088EACDF652F1880BCE0F5A02C9E871FABB
:10F5F00007EF96FD7EF640FF2B1B3C135CFE3900A7
:10F600001202D0072A007207EBFF3BF7AE07661322
:10F610003C04ECFD9D1254FE2204010375051FF904
:10F62000F205D0051AF561009A13CB0945F366E699
:10F63000FC09F1F943089601730833FA90F678FF54
:10F640005A0922113B0F6E13D7FA5B0250F618F5D8
:10F65000C30396F8D618F5FB2DF58FFED809B81020
:10F660007BFCCC06D0E5EBEFA9FB73104417B61674
:10F67000C9068A0D2D07A90FD80BED036D032DF4D4
:10F68000FC0DAA01FEF7B8EAF202F6F91DF1E90352
:10F6900047EB6AE58AFD7EFA40FBF3004A04C0FFAF
:10F6A00022EF14E45400140B97FB71F78B0792F2CE
:10F6B0008EEACAF46A0786F2B6022D0015EA54D91A
:10F6C00066EC3DE125E83505130EDF1B92DA3AD2F0
:10F6D00065EB2AF646F7D504590E2E155DEC88F435
:10F6E0007C02B4FCEEFA241B77FC7500CD071008F1
:10F6F000B109C10A0511AE0CD5FCEB14FFFF310CAA
:10F70000220A7DF783F533015F00220F5AFB00E3E5
:10F7100042FFE30D1B01C907B704FC0A7AEDBBF9F0
:10F72000F80E2DFE4F149A1A18FD0BF16EEF9E0E77
:10F73000D3065F0A4523161D17F085FE7CFF3204B1
:10F74000A210110CB20F9D0736FB36FCC908F80455
:10F7500088FC89024EFF2F07B1010CFF3F041107FF
:10F76000EB0C21F313FE4CECE405AE0DEF0B38026D
:10F77000F0F657E611FD4000F60782FD6706C0135C
:10F78000780191FB1910E70D8D00BC00D709B2E29A
:10F79000F50205018D04A0F4CEF26AFA9AE6CEDEF7
:10F7A00029F992E1BEF31D03F80A96FDFDD451DF5D
:10F7B00044DE4FF439220818790926185CE4FA016E
:10F7C00004FE8F0AEEFC4F0B23098D1516FFCF099F
:10F7D0000408A20DD40DC60FE5015A016BFF4AFDC6
:10F7E0008A05C4023AF14C09D4FF7206280228EBBC
:10F7F000AB0AAC03890FF40B63021402A7E7C5F24E
:10F8000033061A004D19CE0D7EFA53FC7EFE2E03F0
:10F8100022074EF8F71B9511CBF3FBF3BC0A3E0A07
:10F820002A0779FBA8092D0CAE02E1051FFF7BF525
:10F83000E7F7C206AB09E906720AD40881FB4A025F
:10F84000791192F9C3069702FD0ACD05DC06DC05A5
:10F85000F5F7B7018E05D70970FCC1FBEF0CC60F99
:10F860006A09C70AFE177C10B1081BEF020359F1A1
:10F870007204CFFE901BFCF206FD2EE99ADD4ACB06
:10F8800004EBEADC60F4A90787F07EF84AD017DDC4
:10F8900047E8A1FBC61FDE05C8FACFF992D83AF8AF
:10F8A000B3F49A0A83FECD035FFAEAFE0203A0FED8
:10F8B0003CF5AE013D12CC0E3E10520A3DF2D7048B
:10F8C000F9094B0F90FA710DF3F8BFFD38FD76EB97
:10F8D0003E026104F1112B0FDDF450EF27DD48EA01
:10F8E00070FA410539148620CAF3FAF60EFBB20D00
:10F8F0004B09D9F8C206E811E00068FF88067508D0
:10F900008102F7FC680B3E0D09FD5107DBFFAE00DD
:10F910003806200C2407460BCF056A0D03F8D5F4F2
:10F92000F6FF690324F97B0A3F0DA90B0908C8F506
:10F9300061F9BE0AB402910FCCFC76FDC712D91949
:10F9400017F8D7F5A30731FE90F4BFF52B1032FB63
:10F95000F2072AF37105E9FFB0F862F2C0E664D954
:10F960004EF9B7EBE6F101052AE854F500D26BEC4D
:10F9700097EA0FFC3B219DF6DCFE25EC71E0A6F03A
:10F98000250945049F03AAFBC3F94FFEB6004DF7B6
:10F990005A17FD13680AE81CFA0EAF0518F7EAEDCE
:10F9A000BA035A049803B30BCDDE29ED7201F7EDCB
:10F9B00067112C144412991F18F249F5B2EBE7DCD9
:10F9C0009A037900F61428170301C7F7ECFAB1116E
:10F9D0000CFC38006E00C403EEF7E9FF26202B195B
:10F9E000B3FEAC098500870C8B067F0C8C0613FFD9
:10F9F000C00F050DF30F400FF518BFFFB2F31D0444
:10FA0000430BE8FD140C52083F08F6FED1FA8709B3
:10FA1000A2016BFE1D0AAE02EDF308F1F50CDD0844
:10FA2000CD0168086AFEE60566EEA7FE1B04D30258
:10FA3000A610F3FDDCFE510410F3D9F50FE85ED6F5
:10FA400090F79AFAEAE74CF307ED5DE629CF10EC60
:10FA50004AFF71F277F8A1F8C0ED13F2EBE4FFE78B
:10FA600065FEB80C9001F601E9FDF1052B0249088D
:10FA70002C04B6FD52FB8E25110921FCBC0264F357
:10FA800099013603E30C7E1315DB8FDC85005DEBFB
:10FA900016093116C01D3E18CCF303F22DEA5FEAB9
:10FAA000A004E707970DAAFC49F5F5040B067C09AD
:10FAB000CDEEA7F826ED32F1790CBD0865228F1D39
:10FAC000F706E4F8ADF185FCEA026F0CDB10B50136
:10FAD000DC0DDD04020AAB165E06AD1263F0A20176
:10FAE000080E2EFB290D9509190AFDEBF201C4142D
:10FAF000550328FB6AFCC011F9F5D0ECD105E003F1
:10FB000049FE28FF140CFF0036F4CAF6EC006CEA3C
:10FB10007C027CF4360A3203B4F4500355E932D245
:10FB200073F41EFC3CF359F178F825E086D0ABD78E
:10FB30003BECE4FB2A126FF5CDFE880212DFF2F6F1
:10FB40009CFCD202ECFD17FE560017108AFA340C0A
:10FB500044F7B8F4030A2820220A020B09026F06B0
:10FB6000060011031D21371024F6EFF24FFFB3E812
:10FB7000A604650DBE0A6F0C3DF50EFB76E23BE771
:10FB80000901DBFE03FD1BF946FECA059EF96F0D58
:10FB9000B601F0ECDFE4C4DBBB03ABFD8D0DF81266
:10FBA00071F0BB0D53DF10F50E0984053E10A6FE63
:10FBB0001309740DCA0A12129313C30BEFFFE50762
:10FBC000250CAC039A11AA0D09FA20EFA611A80979
:10FBD00015F490FEC107B4F7D6F7F1FF1EFED2FE72
:10FBE0000CF9D1FE08FE5B0FC5FC9E086F02DCF22B
:10FBF000B9F679EDDF07E3074206A2FA90E496DB57
:10FC000032F874F9A4F68E063CFDD9F5B4DAF6D0D4
:10FC10004CF98BFD8716B0FD160286EDD6E48803FD
:10FC200010F1520C8A023AFA0A0A0206EE090FFE95
:10FC3000360007049710E31AF80D3BFD140A00057F
:10FC40008402E30B022B35127BFE41F6B7079FF3CC
:10FC5000A90425FDC60185EFE5F7DFF4B1ECA1EAC3
:10FC6000C301EEF3D7EDBCE785F96C08E4EEAF1005
:10FC7000D2F03CF8FCCCDFDC4FFDD6FB3D0E0102A0
:10FC80008011431551DC92F6A901D2FE870DBBF31A
:10FC9000080EBF099AFEE30D6F09E301BBFAC9071D
:10FCA000F1043FF8D313E105B8F637FA1805D70B7E
:10FCB000A700FEEC9F022EFE1DED7501FB0A330727
:10FCC0005D0676FCF1FAB6FADD08F0011FEF5FF28F
:10FCD0009BF4B2E6AEFF57FDF806AB030CE89AE1E1
:10FCE00064F80CFEC20C39FE79FC2D03F1D1D3D798
:10FCF0004EFAA70227FB3900A402F5FCE005D0ED7F
:10FD0000B3FFB0EE69082E0EFDFC5103A2F7250EDD
:10FD100050F071081C082D0961FFA4F5140CD6F8E9
:10FD200061FCFFF7D417EA15550354F5B30387FFB9
:10FD3000B00703026AFF6EF35BFA1F0150FCACF3DD
:10FD400008F63AF5ACF9F0E676FA8F07D6FCBD0670
:10FD50002DE8FC01C4D685DD26F811FC7D0297064E
:10FD600051F2880593D502E7E3F78201930CEEF098
:10FD700021073604C202BC0C9CFF7DFD68FCE6F640
:10FD800067067A0987060C168B004BFACB087A02B5
:10FD9000280929F953053C00D3F641F91E02F6FB68
:10FDA000F9F67805CA058C063A007405B2F080FDB4
:10FDB00091F21EF99B0091F8C4F7760516EB0BF84B
:10FDC0009BF022F080FB8CED85059602C9DCE5DD19
:10FDD000C5F74312F20A15FF8D002501F9ECF6FE76
:10FDE000540021FCF006ACFBB2FB9AF65FF8C806A3
:10FDF000F4F8AAF8A107080817ED9EF4BDFA96F2E8
:10FE00009DEF16F4A102EBFAC7F4EEFBF8031EFD1A
:10FE1000A803D80510F987042007F5096A024C06E3
:10FE2000A4F187EC0EF2D9E3850D6AFE20F688F086
:10FE30004DEE5CFC74EE64E293FF63F3C4F557FD92
:10FE4000ACF9E9F9ABE295F89E06DE082AFA7CF7F0
:10FE5000AC0DA3070702C3FC4201BBFDAB02B00718
:10FE60001406F0022A05DA03A80122FF600A51FBFA
:10FE7000280165F781FD1FFC6FFB74FFEAFB28F783
:10FE80005DF87AFB4406CA09590B65F7CDE411F019
:10FE900061EDBEF541F81EEFAC0E1B0A14FE95FC99
:10FEA000CBEF4BEED8F6FEF137FA7CFB4AE85CE785
:10FEB0008406E800B904610834F14D085505D9FFFE
:10FEC000150C1005CAF5650232FDC5FD75FB25F55B
:10FED000F402A3EC62088205C5FDBB01C3020EFA61
:10FEE0007AFBB1DFE9FD3DFAD3FB610A3BFF15FB6D
:10FEF00044F0E9F85DF77FF9C31BA10BDA000EFAB5
:10FF00002807DF040AF99DE2D307D105E3F601E3F0
:10FF1000B4FEA300E3EF8EEA3101BAFDD4E658F255
:10FF20003808D8084EE3A3F25B03E40016FDA401F1
:10FF30004F161D098FF1E9FAEF08AF09F5009E058C
:10FF4000BEFF3509DE0BED0472F62CFB9E0A7D0424
:10FF5000D7084DFFD1FBC3FDC1F92EF9E7F98BF5A9
:10FF600001F844FA4FFE2D09EEF8710D70F542F2DA
:10FF7000950498FCA705E7FDADFD060626058B0454
:10FF80003EF3DCFA45F423E6BDF23BFF20E7BAF688
:10FF9000C6FE78FF7709D8FA53EE3FFC22FB66F6DF
:10FFA000660D6CF776FD4D02220160FA4CF66E0488
:10FFB000DF054CF77FF6150C090252030EF9150701
:10FFC0009FFF92F9B6FA4CFC700F7F114AED2700A3
:10FFD000E0F07FE8DF0341FD480C021824F90CEE45
:10FFE0004A0024F8D1EE40EF4B0D01023CF5EEF152
:10FFF00006005A0444F60CEB95F5BD04C8E93EF240
:020000024000BC
:100000006601B40E09E30CE7D2FABF0388FF1001C2
:10001000610C3C11F3019907BA03400085FC82048E
:10002000E504230A62FC2406BCF5DEFCFE0D470154
:10003000AD0355025004A8155F00BC05B9F710FACE
:100040000700EF0DB9068312840C70FFD7FDC600C0
:10005000790571FC33019DFED70313060C0AD6FA0D
:10006000E7F425FC650EBFFB5F017706EFE43FFE7A
:10007000141046FA3D1094F6A4F5C3FEFB079F0743
:10008000D400BA000F0034017709420357063AF84A
:10009000C401E0F848EF070522FEE2FC2AFA7607E1
:1000A0002CFA77ECF50134FD3F06D70FC20356EC6E
:1000B00097FC21F7A0F3C3FF8F00950B38F4A6DF60
:1000C00023F20500BE09EDFFAAFD1E0A99DE70DBD2
:1000D0008FECDEEF31FA64E098F9C905E1F357F8E7
:1000E0007C0A8B06CCEFCCEC59FFB31114018AF8D3
:1000F0002D16DD04A0F73700C0FDB4F6D104D4F905
:100100006FFE730FCE0D010BF203BC0065F6CE0639
:100110007D0B2414FF14BE081108DDFE0F0734FB0D
:1001200092097609930DBD11FD05F203FA014AFA11
:100130005C00CAEE0FF969F2ABF4F3F968F9D3FA8F
:10014000FEFA74039D0492F193FFA2FFB7EC3FF215
:100150000C09160433FC55F9C21137FE64E83DFE64
:100160002A0A820350054F058803FCF5F1055DFE60
:100170003CFBDAF537068B0A41FAF6F99AF980FA70
:10018000A1F430F803FDC7F66BF2ABF21C067F0159
:1001900060EF26ED8602D803EBFCD40372F122F265
:1001A00008DFC6E3C5FB7EF60EFC3C0407E3ECD596
:1001B00013E810FC98DAB4ED2C0A240915E735FA97
:1001C0008AF60307D3EB07E2050F460C65FC64F6DD
:1001D000E5FD540834F5EDFE1E088D03B0F15F0512
:1001E000A30C82F1A202500CA5EF18EEDD06461416
:1001F000EB0A23FFD505381E3CF5070308FFB0FCCA
:100200008E02160DF106700F17FC99F3FAF8F3F64B
:100210001B0F3204480960E76C0120F7A1FF460379
:100220002DF3BCF4FAF077FA5DE41EEB71EBB3F357
:1002300076F65809D9FBF206110665041CFD0DFE81
:100240003D03A8088CFFD1FFB407C9FDB7FCE90343
:100250005704C2FD71021411CBF7E9FB340295FB80
:10026000BC027EF7C60314F40BF853F08716CA1FBE
:10027000EFF981F9BDF494F35BFCF901D806BCF603
:10028000CAE89EE0EFF363EDA3004509D5FB24F235
:10029000F4EDFFFB99CB80E6AEFB41F4E7FF0E12D5
:1002A000CDED96ECB9E2A5EE23079BFF2517340AA6
:1002B0000AFDEEF6C1F3A4F50903E906550A9FFE0F
:1002C00031F08DE9010DCE185D013DFC51FE250692
:1002D00096F7D6E4D11BC80E5B05A5F8770E49F951
:1002E00052FBF8FB75FA80FEE8F773E638F5D5FCAB
:1002F0009BFC8BFC6007550B23EFE8F9AEF3BAFECD
:10030000F0EEECF19BF262F4850144F8F70666FD2D
:1003100058FBEC0615F75B0190026B0837F4C8FD3B
:1003200030F616FD17FF4700BDF85C0594091CFF69
:1003300078FD53F644FA76F5EDFDF9001E07DC0B67
:10034000B3FB5EFBC002C1FB11F1E6EB8618631341
:1003500031016CE927F3C3EE6EE39DF86023501B77
:100360001CED09DAB9E7A3F4C0FFF2F5E308C41302
:10037000A4E6B2E313E86AE7CAF49AF6EB12EB03D9
:1003800098DE28E641E98EE286ED40F5F1149811F9
:10039000F0D057D89AE8F4E53EE295DD300F4C02F4
:1003A00030D5A6DCFFF6DEF7C1E388FD89146118BD
:1003B0001BDCFAD016F2F4FB77F174E43522650009
:1003C000FEDF5CE6A5F150F2D5E3ECE1881CA70F57
:1003D000B2EAF1EA260644EF5AF4D3F65F0A180EA1
:1003E000BCF9F0FD69E756FC2F09280BC207E909A3
:1003F0001300F0081EF997073A096C08AB05790459
:100400006F09BDF525FAF709B0FBEAFDB20406FF56
:100410000601B8F9410552FB4702930023F8B901E0
:10042000F6FB64053F0A3C094B0B340E58FA3104C5
:100430006E01A1F7D4F57E033E05AFFF000EBC0FA1
:10044000B3F351006CFDE90446FAD4FF830C3D146C
:10045000C9F14EFA3FFBC005540174EC2906F9FEC0
:1004600014EA37E878F6930A22EFBD0BBA0C51086C
:100470009EEE0AE375F9490143F333EB8B209C10A0
:100480007EF30002620A2C1207005C00C11373188D
:100490008F04AEEC5907E803D0F04DFA6409271237
:1004A000820436F5ABFFAF04E2E71EEA14FFF10960
:1004B0009101490887129D1AA1EEF5FEB606A0F536
:1004C00023F8C609B6F93AF80E01BBFA02026D0824
:1004D0003C08110AE8039FF5C4FFE7F9B6FCFF08E2
:1004E000D9F79B00B0FD6AFA45FB58FF50FB110697
:1004F000DEF54804C7F765F7CB09DB0837FDDF05F4
:100500007F025CF65E080BF97BFDD507740AD30405
:10051000FC098904A903710A21F79E02680551FDAF
:100520003BFB99F7ECF77B08A704AFF874F6B2FA37
:1005300095F61C07B20712FEE803FDF59400850945
:10054000560C0101B909410235FAD009D6FD9404CF
:100550006DF63EF841FA08F758034B080A072EF7E4
:100560006F0AEF05BD035E09EBF67C0628FFF6FA7D
:100570001A077EF91BF752F75509D20735FF9B047E
:1005800053FDAB093EFB54F9B7026FFEF504E7F5E6
:1005900084FAE3FB0C09050AD404ED0452FEB1020F
:1005A0005EFD6CF8590140FC6F043BFFCB04BBFAC5
:1005B0009E047C08FF02F002C2FADCFA85F981FF92
:1005C0009209B6076D00AA08A1FCD2F53B0535F9E2
:1005D000EC03E9FB53FDD4F730FC1309C403CD0051
:1005E0003C04A4FB16F8B5019005DD064CFD510452
:1005F000C1053211C3F70F00A70AD30FC5FA49048A
:1006000028081113FE0E430E320A3701B4FF95FF7E
:10061000ED09090DEEFAD814F502D500A4FC21FB72
:1006200033FD6907EF00B20EE9FDF5F43E02ABFAC7
:100630005BFDFF168A0030FA5DFF0C01B0029701E6
:10064000F10E641639F84EFAE807CCFED90DFA0D12
:10065000C7192214060E7C085F0AA50559FB8DFCFC
:100660001514411107FEE70E0A1302027A0588F7F6
:10067000D7102F09090672F68D071E0A6CF8ED01D6
:100680009EFD32FA70F6B400EC00420A5CFCE40213
:100690005A026A006805E1F532084AFAE8096DFF76
:1006A0009C08F308190643F782F70D0A5AF7B400BD
:1006B0005507E8082007860AA5F72FF6100A00F567
:1006C000E00BDC038A03B104D0F966FFA9F94D0100
:1006D00024068707B100170C810A9A0ADB06F3FF8C
:1006E000B2170110ABFFE2F9FE1DBC2A9807560AAB
:1006F0001810911EE40BF3072B29D719FD06B10F33
:100700008418CE139BEE5AED8F1C5B039D0A36F7BF
:100710005625B21B56EEF2F37A10320D77FBE0FD50
:10072000B3077FFDD90957075D004BF787FE9FFB95
:10073000D5F6D3068605B001C2FD55F005008DFF44
:1007400087F62D0B81034B16C907B416E0FE68F03F
:10075000CDFBA8F6EC0DC017B70C8708CFF7370014
:1007600074039504F7FA38F64F0A0108950AE0FA7F
:100770003107EBF6A8082DFB8FFC1BF817FC620A6B
:10078000EC07F4F807FDC40079FBBE0908F80BFD7F
:10079000E0FFAD02F30421F662F236F7C7081F0C42
:1007A0000AFB061738F44B0058FFB912ABF99C004E
:1007B000441E9011F1072FFC37174010D401AAFCFA
:1007C000F3F8DF0475F9F1FB400DC10D390AF31898
:1007D000F301A5FA4F04F7EEF91555178310AB0690
:1007E000EAFB7F04D7E8F1FC100C7A0F160CD1FE5F
:1007F000BA0717FD9302D60CDAFF1709F00178EF5C
:100800003B01B704A4090C038BFFA70342F265F177
:1008100005009CF1E6192A0EE3FF940031F53EF83D
:10082000DB05E8FDBFF86B05EBF21AF985FE610800
:1008300004F6C3F7F9070619FF085FFD1A0678F1F9
:10084000CBFD6E0AAE13BDF807FBDEF3E3F54514EE
:10085000CD01060A0F07C9F8B80689F8150E11FB75
:100860008E0146FC080A0B0988FC98FDF006A007DB
:10087000A005ADF92AFA67FD0FF6B4F5B8FC88F1CA
:10088000E61B911E3A05C1F13B0D30160BF879FDC0
:10089000711BC40A93EF32F3581158FE9C05BAFE3F
:1008A0004F03FC008AFBD8FE630D770D40E69F01E5
:1008B0008EF2C2FA1F01E3FDCC06B6FF820945F9AC
:1008C000560624135AED2E043404E00287FE74FE0B
:1008D000FD06FEF59D0D08099A05F4FCCFFB23FBF0
:1008E000A6E101DB4016FA09540D5802B9F61008CA
:1008F0001EE80BF53E071308CDFD4BF7151019FA4E
:10090000C1DEF6EC37FF6FF939FBF2EB360848022F
:10091000F8E1E5FDA4FF8DFE15FDCFF54B0BE20DD3
:10092000E3EFB9F4BAF70EFA26F1EDEC7B060E0A06
:1009300098F3D907E903E3059FF42011E70F7CEF53
:10094000D600800239F996037CF5A5F81A0679FCE1
:10095000400AB60F46F620F9F605C8FDA20E33058B
:100960003C17BE1A97F45BECE41B85062FF2BFFA26
:100970000018150C4DEC51FCA0033F0965E76EFA19
:10098000290B8F0BAE080302A3FD9000D4FB27FBBD
:10099000D203570986F4D5F6BEFB3B07690491FFE5
:1009A00053100EF957EFBBF9FFFE33FCABFC2703E6
:1009B000EAFC240115FE7FFD37FBE20A17F5B105BD
:1009C00042F3D0DD2B02980D45FE63F872FD140151
:1009D00096E13DDC3D0A73028D02B60645FB4FF7FA
:1009E00081DAB0DA6B0C770E83FD09055C06F2162E
:1009F000D2D99EE830F904F7510427FF5C14A51200
:100A000062FBD4FC65FF19EE0B019FFC66060A131E
:100A1000CBF853F94F0F4FFA24038CFDD609D7F9C1
:100A2000E9FEFA03EC051F006005F61020004709F7
:100A300081F53E0654F759FCB3FE7800F2FEFE0C39
:100A4000220AC0FD6E00EEEB580B66FE72FEF8F354
:100A5000EF09B80284FB170DF5F969006601A6FBE2
:100A60002213CB0740FC65FCCAFC21FB30FA1508B9
:100A7000EF0A8BFCA9FDBDF04008DE074B076AFAC0
:100A80004BF5BEF5D9E83EED450A6F03B6FCED081F
:100A900033FCF10880FFB0F64F08EA0A9A0182FAA7
:100AA000FBF85CFC6EFE020B4302CEFC83F505FBFB
:100AB00022F62EDA5A05800685FA3EFA2EF7FBFD5D
:100AC00081E5A1FC5408E5FF41F80303A4FA2009DD
:100AD00004DCBDD9D016150A56F52F020B00EF0A1B
:100AE00004DF8DF1A2F25003CE02D307761239153E
:100AF0000BF498FA11F0B8117DFD61FE47FC9AF2F3
:100B00000D0576049BFA1F0502F72DF9C9FBBE18E7
:100B10008906161440F26BF046FF8F0167FD4D0405
:100B20006E09A5F89BEEE8F3AA1B56068407D405C8
:100B30004FFE48054DFB87F0CDFFF7F5ABF3B30152
:100B40006FFF0E0E0BEC20FB92034AF57F08960E0A
:100B50006405CE023BFB29F5E8FE7103B900220CC7
:100B6000CA0B51F9A9F480FD5008FF082D04BD09F6
:100B70009500C505A9EF35F932092107B70BDCF55A
:100B800071042407E4F51E02E5FF97FCD5FDCE00B5
:100B9000BFECCBE347102505C9F7FF007F022C10FF
:100BA000A6E384F25801060620F9E5FB3605770531
:100BB00061D70BEA9D14C805BDF79CF56815610C5B
:100BC0003EF3A4FE12F9FBFABF051A0526066A09D0
:100BD000BFFFD8EFA5FF471386FC1700B5F9EDFC62
:100BE000A303D21E1F0AB8FA92E4B5EB0007960ED3
:100BF000F8F47E07B4FA62FA66FF75FA60019407AA
:100C0000080DD9031EECF1EF050E65031302A207D0
:100C1000D2F9EB08FDF1E2F424023BF766016C0621
:100C20006A0D32071DF3DAFAF3F5F8FEDC00EE0385
:100C3000B50676F9B8F94704ABFE70FAAE15DC10CC
:100C400095F94E0A41FD8A0A19FC41FE94052C11C2
:100C5000DC19EE09AE01DE0ACF0FE4F94B1ACE140F
:100C6000190B3BF80208C70A330517F6CD04AF008D
:100C700010F3FFF2A500B0045CFC99094E0AC215FE
:100C8000F5ED79F23B0DE6037DF566FDE60CD40C3F
:100C900002F527F9840FA5037AFF0EF3A31ADC1AD5
:100CA0002CF21DF7010BDDEE9CEE65FC57002009D0
:100CB000F90412F00FF8D0FEC2FE25F0A4031018BC
:100CC0006C0436146AFFC8FA33EFD3F32E0A6413A8
:100CD00066FACFFE02091802D206B307410EFEFCE7
:100CE0003017CD0CD9E282EEF203830A610B1C0EA1
:100CF00035076E10AFED47FB2000FFFA9510DD0CB5
:100D00000E001BFB9804C5FBA6FF4DF3E204BC0AD2
:100D1000F00BB2005011F10AE6FF30037F05C81551
:100D2000BF0F5B0D31127309530568FF3A170C1E94
:100D300010135B06EFFFD404CA0E51FD8F1D111175
:100D4000B0026FFD370BE9050D0A4C01CD10C30849
:100D50003BF5BEE867F5EBF79CF160F9D911D709CF
:100D6000ACF4BDFD2C0A8A01F704A6FB880D9EFF9A
:100D7000A00295FA44FB580F20FB3BF4D1043A0B38
:100D80003003BAF4DC1AF10666E165EF720AAD06CB
:100D90003207AE136CF723F88DFA89EBEC016E0382
:100DA000E6153F149FFEA90329EE55FF39050804F7
:100DB00049FD7DFCD802D706FDF319147801E20B3A
:100DC000DCFD800E63F9AAE8430500069B11021AB8
:100DD0000C08B4128AFF4EF978FCF807570BE1169D
:100DE000FA0549FCACFDBA023CF7DCF39F18E411AC
:100DF000A911BF0A86088D006AF215FE6811270A3C
:100E00003907E3138C156C0397022707B8036A0CA4
:100E10005B14050E91188711E0FCBCF92FFD35F627
:100E2000300A0CF72B00A904A003FB059DF7B3F2D1
:100E30004BF911E77CF832FE46025BFB28039FFA70
:100E400016FBE1FE1B0B0CFD40F77AF612F59CF049
:100E5000040F7BFC9A017D0D7BFE610AA0FEAB00B6
:100E60002AF279024513A8FCC1E06FDFFDF31B01F4
:100E700011FD4109E5FFDC0204F85BF64E05C207EF
:100E80007106890CC3FF8EFEBBF4C3F4FF03EA04B2
:100E90005214D809080292075AEF1A1277FD1B065E
:100EA000F8046F0C8DE1B0F001093A09BB10EB2298
:100EB00058004706F8F92E08FAF901FF43134D01CF
:100EC00044027406EBFD5E061FFB1CFCDAFE20F2FA
:100ED000800C280071FD4CFD5DFA31FA6EEDD2F008
:100EE00075071FFDDCF27AFA74FE2C0107E449DC79
:100EF0001B0520077D0BFA07C7070A0313E42EE73B
:100F0000E8013504C20D710387FAE5F8D7F141EE27
:100F1000480101FA4F08FFF752F8C1FB42F707F307
:100F2000C701370C64F3C70135FEA50255E8E3F3AA
:100F3000CE11A201D9FB0E11AF02EDF75AEDA8F9BF
:100F4000A7DFCBE399159F0DC8EEBCF525E3C800DC
:100F50002DE15A108C11A30E1AE2F5E1F30EF907F8
:100F60004D0B11FE660752F53F03E9000501F5043C
:100F7000630D33FB4209EE0BF6F24BFA300708E93A
:100F80006C0FD8FE73EBDFF7DAFBEF08560A01FFB0
:100F900084FF99079F065B143206DFF022EED8F734
:100FA0004E0CB409BFF4D60AD2F5CE0A8FF367E629
:100FB0004F026DFBE8F775FA6BF85B0216EE53D93A
:100FC0005EF502F76EF57006F7081E1492DDF6CA9C
:100FD0000F08541BC91340FEF10BE8FA24D76FE643
:100FE000441B1A12ACF6AEFC7809600909F19CF3B7
:100FF0004401AC04B3FC9E016B076E07C7F95EFBAE
:101000001DFE2409B0FACB02C90B9A0AC7F844EBBB
:10101000D709C1059805E4FC45031A01D9E90DEF8C
:10102000DAECEAE0F00AFCEEE10A92F582F21DF752
:101030001EF33018FA0417FCE6F387F4D3093500E1
:101040005708E2F808FF85F96F03BFF9ADF6931171
:101050005D0E8005BCFE9406C9EB1EF2330A24F037
:10106000BD1AF1F5CAFDC7F3100264FF57EA8AD929
:10107000CC01A007A309D805F3043AF2BDD8B4DC2B
:1010800051FE1DF9CBFCA8020B07CAFEC2EA2ADEFC
:101090005FF972FAFFFA57FCC706F90580D92DD817
:1010A000FFF4D1FAA209D80B2508E00B42E402F3C1
:1010B000E0058C0F5103ED08070B15FD6E0382F060
:1010C000FD132017DD026EEF3D026F0687F77401F6
:1010D0000413F3FF6AF490FB370BA70542F7A2F164
:1010E0002707320E06EF59FF04020904EFF62EF22D
:1010F000E801541069073F1148043C0486E249E7BF
:1011000014FDF2F7630335FB501BA0157BED5D0169
:10111000FAFBFB0870EB2805DA15AA0CC4063AFFA7
:10112000E7023906A90E3DF9D2FB9B08140B81F6A4
:10113000AA187E0DD9F2C5FA4DF69B000B04C3DD4B
:1011400048FC95FE1804F00316035FF776CD86BDC4
:1011500067F3FC009209940F3A076FFDAACC96D46E
:10116000D6FFDD01C7FB84F6A3F950FFF8CDD4DF2D
:10117000CD0833007007E2025DFDA0FB8AE2D6DBFA
:1011800080F007F83310A1173D16031DB1ED7FF96C
:101190000E0B2D0FABF652FC2C09090FAA0463F8B5
:1011A000971A781547EDA9F5530FE60B890352F00E
:1011B0000C07891083F44DEFF60C99FD6504CCF60D
:1011C0004C08010BA802F4F90B00930FC3F6FFFBC8
:1011D00061045B1363075001170954FCA8FADEF49D
:1011E0004E058DFE3D0D850AE403501A4AF54CEF7D
:1011F0007F0E7C049EFA0C00311D660B0B1B0A0B44
:1012000064F775FF5507C2032DF28CF9440C90006A
:101210007A168A1720FE5EF11D0154FFB9F57DEFA5
:10122000C9F426F5D00A601503FFE80896DB7DDDDA
:101230005CF8BDFA4F102911390E75FEA1D760E197
:1012400013FBADF5D60CA6FF0108010515D812E673
:1012500020FDB501760006159405D9FA92EBDCF174
:10126000C6F1320AEE18BC08BB05B82007F7F50333
:10127000880F970E2CECB1EC1820400BE8F97EF2A9
:101280001C0FB30628EE68F107097E022CF832FC29
:10129000160152074EF39DEEAE00600FB7F6C3E99C
:1012A00032137608D500C2045B062F1099ECFAFDC4
:1012B000310E2A0D56FE080B0A0B49F7EAFBFDF129
:1012C0004B04B6FC9C16A7FC2E053210B30CB30ED3
:1012D00037F3970624E82BF45F0D571842131F0EBF
:1012E000A8FF85FDEDF75706DD0218FFC80670F070
:1012F000171389F9C8F509F594094FFFCCFEC1F819
:101300002D030AF827FD07073F1004FDC7E0AEDEF6
:10131000BF03020DA2FFF7034C043CFD8FE5C7EAB3
:10132000660C160B3E08120D37F9BC0A63F115FE68
:101330006BF7340395141D0F05016C0CCAFDDB001F
:1013400094F486078A0F49EA8913DF1D230C66147B
:10135000C217B70DF5DDCDE47D148612250A7EFA9D
:101360005C128101ECF7D7F4D301770A2CFE98F2D6
:101370008A0C20006BF8ECEC44046F0F8BFEE60245
:101380000F016F09CCF0C4F4CB0BC802A902BD0356
:10139000A7FDBDF8D7F35D045300260380F8B5021E
:1013A00075079B04690E02F1E10CEB246B02D81067
:1013B000A70362F3ADEEA2FE1B17B005DD0CB91555
:1013C000C702E102D3058902D9F90109B0FE4BF148
:1013D000CF04FE07E4E5A703C2068502FA0136033F
:1013E000B0F9E4EE6A0259FCDAF5F90548F24CE985
:1013F000ADF6D9F39F071704D1F12C08CBEE74EFAB
:101400004CF561F5DD0D2A0A99024A08B907040076
:1014100064FBE1F5CE1F57158809E21171036EF9DF
:101420008CF3080E660626E358096F1C0A040511A2
:10143000F61A9E1977DEFAE8BA064A0872011CF617
:10144000CF01D40BC5EE91F73E085F0BF4FEF3FD20
:10145000E3022E0200FC1BFCDC052D0CC4029DFBEC
:10146000B4FE7E0D59F5A7FB56FE9BFDAEF34CFF77
:10147000F209BF00020306F89405A30310039BF3CF
:101480000C00E21536043BEEEDFF881F99F9DF11E1
:10149000C7FEDBEFD9E73C08920C640F8B10C51A2E
:1014A00039158F0151104D00C3ED420CF8FBE5F9E1
:1014B000260C0B0120E8A0EC8E07200DDE028A0925
:1014C000050605F546076BFEE0F60AF76801190206
:1014D000A6F752FAD207C805820900FCE8024303C6
:1014E00011F362ECD5FC8D03A60CC3FD190BF4F7C8
:1014F0007BF231F0B50465F6C5FD790E2D020B04C3
:10150000C9F97510C7EB2CCFF008DB099107CC0D9A
:10151000360D080F5DD83CF4720E1DFD1D0DBC0983
:1015200072FEDEFF9E0398FCD0061F0BDAFF7B08DD
:10153000541044070AFFEFFE0E040C0AD8003B08C3
:10154000F5F9ACFAF5F7F9F5AF009C06030313FCC7
:10155000CCFCF6F4B8039DFC6707F6FB04FB19020C
:1015600024F650211AFF45F6ADF12408250B0D0C89
:101570001417890CD4F9FF011E0382102007FE07FF
:1015800039081C10B900C00788FC52F4D006EAF7ED
:10159000040AF6E1BCFC87F4D2F327FDB312E81786
:1015A0004EF1DDE036FFDA052A080C0B7020290623
:1015B000B8EF94E988FBE9F92CF6B0077309110B31
:1015C000A7E5B0E3F4055AFDC0F44BFF150BA300EB
:1015D00080F140EC760857EC52FF950ED1FF54088D
:1015E0007BFCAE0C04F1FCE78E097304FA030318CC
:1015F000C216EB0D63EF8EFFCF0A83089107F10C43
:10160000B3016BF93906E303100852FFA7021C036C
:101610005804FC0067FE91FA610141FCC009C8FE54
:1016200032F67004E701A2043BF485FAE8119C0845
:1016300059F690EB5405D6059310660B2E0B060455
:101640001EF2CD086B0726FB23F46A026D057008B5
:101650003E01941166FD14F43B17CD0A550B46016B
:1016600034FF66FED3029C01A9FF60F37006EF040D
:10167000ACEDC7EAF003680005072F0A051D1B2221
:1016800038ED3CE3AB0502F64800BCFD8E13770C49
:10169000FEE27CED23029DF7A401C10B5C15EA0A72
:1016A000E9F295DF8C051B0CE304470A0018481289
:1016B0009EEE44F5A606E608CF0E52FD9D104209A7
:1016C0001304D70A50FE090452025205790D5D1623
:1016D000C807EB0369FA56FCBB0D57FBFC13DE167B
:1016E0008503020852FE11095301E7FF5100E5048A
:1016F0001DF95EFDD7FCA10B870DE2082911E0FF63
:10170000C0F051FA1611C700040CBB016609F9FDBF
:10171000F0FB0DFADE0BF4FD18FA0D0CC7FB72FF9F
:1017200084F45F0025FDA2011F09ECFA9DFCA508C9
:101730007E027204F0FCBD05840EC9031A0117FC79
:10174000B8FAC9FE7E0125F49204240D5EFEF40071
:10175000EEF4D4FD4FED300D94241F1FD6149E1BC4
:1017600096F316EE4506D0058904E4004720931150
:1017700082E920E4460097024DFA1809D90C781145
:1017800010F07CEABBFF4908660EB8FBD20D5C0B7B
:10179000A5F751F6CE05C609B9F9F0FC430F600470
:1017A0007009BB01550EE203E801A90CF6131013F2
:1017B00093FFBCFCF400C403DCF87E049C05CB154D
:1017C0009F019AFB0F01470337060BFEDE01670FEF
:1017D000E5FACDF140060206F7FA2FFD7B14DB0C8B
:1017E000A0F6DDF2E40CAC0638FDC3039806BD009C
:1017F000EDEF98F140FA6BF069080904950DB20914
:101800008CFB25FB71F24602A7F95FF2A00EE00106
:10181000D1EC5BFD44F82103A1FC2B08EE106A0318
:101820009504E508FC019C07A9FDD3F82A02E2F61D
:1018300073F567F336F26E11CE1D4516B218B61267
:1018400089F5C5EB1B09A5060FF7B700AD1977138E
:101850004DDE3AE13E0B0413CD098208A40E380692
:101860005DE202FC80FC730608FE0C09420C0F09C5
:101870003C0613F88212881B8A0D86FF8C03890CA4
:10188000DEF746F87E13CA16DD02B6FFD0FAAFF7D0
:10189000FFFE0FF7A507FD0BDEF81FFF80FFEA092B
:1018A00057F9A6F550003CF6EDFE480AC30D7A073D
:1018B000B8EB87F16EFF0303C4FFD3F51B12D70506
:1018C000D30513EE76F979E6710311FBC0F6ED0648
:1018D000C6F787EC15ED0EFC1B0B26037C064008B3
:1018E00012F0E209E9ED65063E07C307E90CF4FFD3
:1018F000A0F64EF70308D60AACE38004D8EE160033
:10190000B308220944F688045000CE074D0250FE69
:101910001EF2D8E3A40299024908FD1BC507AB08D3
:10192000EAF58FF655F90CFDBDFAEAF03716410ECF
:101930002DE56AF88F0A6205CDF697FAEA0A70FD7E
:10194000A1E62AF84307E606240A0100FD0EAF0FC0
:1019500054088DF89D08CA0AD805BAFB02004C0845
:1019600073FB38FF17165C0E1AF55C0769FBEE0671
:1019700014FF25FCEF0D7E0513F8D5F9A409FC1022
:1019800042E4E6F617F07AEF9CFC03FC65021B0AC2
:101990007BF0D7F33FF8A9EFDF11D1087A093200C5
:1019A000B0ED5CF40AE522EB391237095C059AF7D1
:1019B0005A017EE99004BBF1FC147D05EF0C0F1871
:1019C00027FE57F72BFCD1098B07F505881522094F
:1019D0001F02C0F846FB73F884F2ACFDE505D5069E
:1019E00018F7A1FDB7FA9006E8065D0754FBA607B5
:1019F0001E0885FE60FD47FB38FCE90828F8BBF7A8
:101A0000590BED04CDEE43F304011CF2FF0852FC28
:101A100099FCC1FC360013F0C8FBC8FAFFFA21F8A4
:101A2000C0FCC6FBCF07611756083FF17602650D73
:101A300077FA31FE830C8B0612FD2AF883F7FC033C
:101A4000B5FEBBF5630CED09D3F61FF21307E305F2
:101A500077F399F9E7F5CBF690F994035008C908A4
:101A60002FEDC70000F154F6450DE1FF250FBF1320
:101A70005EF82F0A88F301F20506A8004F1A121526
:101A800010FD1AFDEFEFA1FB2E01E908E105660349
:101A900025F3EDFE590687048E0D751794030F0389
:101AA0008EF7FB10510715F973FBE814CD256E1561
:101AB000400500F7BD037DFBA7FFD901C006D3F7A2
:101AC0005F05D90213038FF81D01D1FF62FB0901E5
:101AD00085003EFB460791F649FC6EFCDAF550FCAA
:101AE000C903490717EA73E5BEF3B30BCAEF69EB05
:101AF0006D06B0FD76F48FFB9C0A9B0643FC550AED
:101B00000406C00EA9037B0B0D089001420E82FF54
:101B1000E4FD79FBF6F862FC9607B9F8B8EF15F129
:101B20000B0287F291FB1FF5C501B0FC840BDF0CA3
:101B3000EC0D25FB71ECFEF755049FF387079C180D
:101B40005C0992FA71F9ABFE17F53A039E1DC01BB2
:101B50006AFA2EF5A3FDB0F8BB073909AD0FE3090A
:101B60007AF8CAFB35FB44EEA50C25FE5406AB07FC
:101B700056EF4AF58CE714F6B6EC1DF5730FB2007C
:101B8000F4F2F9FA8600A80A46E2B507C10178081E
:101B90005F0337FD76FA09FC98013709CA0A670620
:101BA000F1F8F0F70803DCFE8807EF01F805B3F958
:101BB0006C0458F894F7C009B4FCA8F89E0631FEEE
:101BC000CDEB11F11FFA5206B51A141182EB3EE566
:101BD000DBFECB0ABCF932F5D316BA05F8F7BF0223
:101BE000CD1BCD1792F9D9F137F4FB03D90349FF87
:101BF0009C033B0557F686090908C406ECEE55F12F
:101C000068FC6109BD01D9FE450320FBA000340931
:101C1000EC15C30DEBFA7C06EEFF50FDAF0F541030
:101C2000AF157509710B3BFFD3FF8CF8820C1800C0
:101C30006007E81503EE43FC2400CFF28A09E52291
:101C4000D10A8B04C8EFEAE03EFB4C0F0407C1F554
:101C5000700372FD57F857088C01B40CACE9DC0531
:101C6000DA0287FD9F03FBF89114AD03A0076E0510
:101C700032FF48FBAAFAFAF707011F0102FFD70259
:101C8000D2F7590963F82802C8FC2501D705D1FD10
:101C90009900BBFC9EFE10061BFBB40220FFAC06A5
:101CA00005F81C0BDD08A70714F11BEB5D114807B5
:101CB000E70CEE0C95098EFE5CF2F5F9190FE017B2
:101CC000B60C9E0AE6017BFD5AFED1F839074F0C8F
:101CD000C71651025300D7FC5AEE9BF34611880EEB
:101CE000A30ACE08F806CAF9DFF448ED491609261A
:101CF000F70B6E0D1814A112A106570C451A161EEB
:101D00003A164816DB08A3FF64F635F9E924781E75
:101D100028134D10770CB3F968FF6812DB05F0FA51
:101D20001613681AA804B9F81D0238FCF9FC48EA31
:101D3000DE087603A5FE0DFF0FF7A7F323EF43FEA2
:101D40001700C70942FEAE0291F55C09FBFCC0FE1C
:101D50000308B20606FB67FDB5FD3201D103A3FE01
:101D6000B90293FB74005AFB1B09850540FFCD07A0
:101D700009079CF8A3F71B0A71083BFF610AF1FBF6
:101D8000E0F686F583FD10005C010504BAFBB205A0
:101D9000D30315FDEBFE8A02720A71FEE102F0FF29
:101DA00065063408070563069A076406EF02DBFF41
:101DB0008503AF0259069FFFA0FA08FC4D0A0601F1
:101DC000FAFBE70B0709C405D8FF1FF92C0A700EB0
:101DD0000002C605ADFA5D003CFB0BF740F7E5F6E7
:101DE00069F84802F4FF88F879FE44012D0922F8C9
:101DF0007A051301B7FA8D03B6FD280A0FF69D0385
:101E000091F720FA1402C906670802FFE0072407C9
:101E10005DF6B9057102CFF99BFDEBF70508E808FF
:101E2000F70391065BFA4CFD2F0985FAFBFEB4031C
:101E300087008A07B6FE4EFD6C007E01490794F8C4
:101E4000F00450F8F2FBA604C2068F0541061D00FF
:101E500024083EF601FCEAFF8105C3F608FFD1FF26
:101E6000BF091F061A0997FE0909A90079F8AC04F1
:101E7000A003FCFA2D0327F6A4EDC8F985FD0303A2
:101E8000F90486F76EEF06F60AF7EEF2B10BB20A26
:101E90008BFDD90050F875F967F53BEF300B86FFE5
:101EA000180A1C02BCFBB4F902F657F10814CD085D
:101EB00035FE66038EF767020702B4F7A10E300203
:101EC000260E8001CBF22C00370219EFF00644FEFB
:101ED000B7082A00D7039FF6D7F6F5F2450B390865
:101EE000AB0C5708F9FB48FB93F5F1F73C0A8A0D58
:101EF0007D003E0ABBFD07F62FF5DEEE270E4302FE
:101F0000F0FB24FC4D00670686F7E7F5C2FD10F8EC
:101F100035FB170A2DF681F90E05D9FDD004D5033E
:101F20008FFE1006FD051F08AB022503420A4CFA7E
:101F3000B7FADF06EB0385FC4806B8EC7601E5FF4F
:101F40008B1243F94205EEFD45EA5208020DBB082B
:101F50008E05DD008CFEC4F313F952F2F10DCF04AF
:101F6000A70ED71171FF4DEB1BF66412390311EE6A
:101F70000E0A6E05E2EE290159FD7DFD6CE94BF577
:101F8000521FB40FECF94AF58001C80994026E168D
:101F9000220834F721FFD3F82209700486151F0B9D
:101FA000C7F8FAFC05FE2708AFFCB5FD580310077B
:101FB0006BFC28FA6208BD18A0F106EA3FF4D107CD
:101FC000840AE20FD213840663E7B2F4A3F6CEF9D3
:101FD00005028E0702FECBF564F4F3E5A010ACFD1C
:101FE0006108B2F86F04D503220B1D07C00928FA57
:101FF0007FFE3C01A208F5039A00D1F7A4F9EBFC9F
:10200000BCF6AC0876FD140710037AF588FC32FCA8
:102010005AFAC60ED308C5FA81EE9AEE0F052600CD
:1020200058F60504F4FE61016603E9F8CEF65201A4
:10203000A2FC29FDB70604EEB8F018FD1EFA08FE52
:1020400080128F097EF961FA13FC0201B0E66FE499
:10205000FB0DB119CAFB77F735029510B9E791F37B
:10206000A60EB4166CF80CE8A5FA3C079D062907E5
:102070007207100A4EF1CCFC17053D03891B6A015B
:10208000AF0C60091B009D099BFAC2F1CDFB69F6FC
:102090002DFBF2EAC508C805AFF3EDF10CF8FFF22D
:1020A000450160F3C415F81A73FDC209C8FE8FEF2D
:1020B0006C0823FBD503DCF19D06880557F972F8FF
:1020C000510A9301D1F598EA74F1BAFAD20201F2F9
:1020D00026EF9EF837F83FFE9DFE07FDC4EB24FD7A
:1020E000AEF67CF6EC0420FF6E09D707FCF9ED098B
:1020F000780E880094052811A4F628FFBCFFD0F5BF
:102100006BFB9EFED616D60835F3A7FB15023FF0F3
:10211000040524020EF70AF7A009860ABCDFCDE900
:102120005A0B16017DFB470644075304CAD857DDF6
:10213000590EC70C140A16FCEE019707F8E827FFA2
:1021400094009AFB930B5909EF03BB04F00809179D
:10215000890852FD91ED030AEC136CFDF41054F95B
:10216000E1035E0309004B043C0D36124DFF78FB82
:102170008D10D20C8404EFFE54FB3E03BDF105FA32
:10218000ABF63AF8C3F2DE0B070D10FD8FF4130225
:10219000CCFCD9ED6B01E0FFFA02491847037A0F36
:1021A000C1F523E6CC06501A681E3201BCF472F762
:1021B00024F7B50C7B0369014AFC81F269F094F3C2
:1021C0006DFDFC03800480FA71FE2D061F07E6FBFF
:1021D000C90358035E068B1472FF3406B0F4B4F1E1
:1021E00014095506BEFC700EB908F9067AE881DFBD
:1021F0000CFFF1FEF6FE1908DEFA84F828D840D666
:10220000FC05A600E4113201ACF335FC6DD7BBD759
:102210001D02C9FA250A070577F63FF40DF6CD0B26
:102220003B05C4FD850B39F904056BFFA11EA50B09
:102230008B02200BDC016EF44B013006090BF60F0C
:102240004D0B68036B056FFE430C7B08F1E8A9E7B3
:102250003B0E6C05B9F718FE8F033D0786F2E3FBD2
:102260005DFCDAF66AFBF6FBCD08FA08D4FAC7F98A
:10227000430043F91109F10DF208C30ECE03D8143F
:102280000FFBD5FFF50AB41CF4193E1E4EFD07F7EF
:1022900064FFF2F241035B04260010F6EAF549EB15
:1022A0006209420F09F6C4076B08BFF7A5090E04BF
:1022B0001604E608640CD5FEDF0A84F700F4B5F9CD
:1022C00015FED91D4004261990091C02FFE72CE3D6
:1022D000210641039B0BAB06A0F562FBDCCDD4CEFF
:1022E000C0117C0FEDFD5D0BEEEBA7E962DB90E228
:1022F0000615BC10A1023902A6EDEFFD73FA740FAA
:10230000700B1D05E203B4F331FB87EB0816F819D7
:10231000F0043BFBE1012EEFCCEF6BFF3B1A7CFCA2
:1023200070FEC50BC4F9DAFF18F7ECFD72DB7AE436
:10233000FD0A99077D092DFDA5F7A1ED82DEE9EBE8
:10234000E2022B0BDBFF0FF93EEFDCF647EF9AEFD3
:10235000B7FA36EECD030D07E1F895071FFE6501CC
:1023600001FA35F39913FE1D9BFAA805100276F1C8
:1023700082E89EFC84192104A20B3FF74DFF52EC2A
:10238000DE083913E3FD6D1983FF49F873F92E0751
:102390008219020BBB1797FA280E4FFBF2F012FEC0
:1023A000D007B10108158F19B5F7F3EEC7F175E144
:1023B000E207A510BE092704D8EC26F663D297DA07
:1023C0008709E00B3CFB42F726F6B7F0C3D28BE55A
:1023D0005B0F790FF106C9FCA602A5FB28FF2D10A3
:1023E0001719BC0D9EFC8EFA00FA1CF8E3120623A6
:1023F000120741090FF7D7F4CAFAFCFD121B62ED70
:102400008C0BC508A8F4100090F044EF15E138E7F4
:10241000A10A0C0F5809A7069FEF7EFE00F669F58A
:10242000A7037C082F09940203F6C6F1A6FC2FFF30
:10243000620B7406CB0278133CFD86F74BFE020E4E
:10244000DE002CF8911FCE1D67F8D700D0060E08CD
:102450003FED09044625AC033C0527FC7BFF7EE7E6
:10246000800FBD18C3FED40AA307AAF3371AF8F4E5
:102470000A0B1A0AA31ED701DD00C0F5D9FD01FB26
:10248000490868068508C30706F4FDFF95E27DE06C
:102490005FFB7306830045FDABF859F38FE9D0F27B
:1024A000C4141111FCFC78FA4FF258F8D9E07EEA16
:1024B000EA141D151AF371FD6A0C28FD5BFBCCFDB7
:1024C000D8107A11FFFC8DF299F604F4EA1BE22190
:1024D0009711401420FEC3F624EDE7F8830BBE00ED
:1024E000A900450CFFFCA20AFDFCB802DBD9B9EE3D
:1024F000670E0701A202D308C9F2B6F00CEA1C006D
:10250000FC0CBE01590FD80658FF34F9F3F39CFABE
:10251000EC0E8E088810CC1079FE5701F8FE0C03E3
:10252000EEEFA2F31222661398FEFB01D1FFB70B68
:1025300037F109014915D906C6047F09680070FB07
:10254000BEFE060F19FA630C3804ABE116FE060C4A
:10255000D00B4F107F1D9F04770FB8F760EE6EF120
:10256000C40EC3F63A0C4905DDED41FD9BEA3CE79C
:1025700000092900E8FB3FF3D3ED590328EFE0F011
:102580000C03ACF88AF876FBEBF402FD7AEA7CDD0A
:102590003AF2DCF878F3C4F40405F403B8EB5E0C0B
:1025A00034F2F5FA98F408FF25F2A3ED83156A1BBF
:1025B0005A032D0296F28BF712F105F7C018EEEED2
:1025C000810E8113ECECE6F9FEFDF0F8CFD7B7EF02
:1025D0001914500EA3F7A4042604D802E7FD50F9FD
:1025E0000DFE49050DFF8B05A303AB06840A5103BD
:1025F0009813BE14D408D9080CFBE30358FCC4019B
:10260000CCE5FFF84806711694FE6BF7360B7BFF9E
:10261000CFF8C5F7BB06F30987F40CF13AF2B8FD21
:1026200016073C0C8805FFFD41FFEBF32C0FA2FBC6
:10263000300DB30ACC1A0208E4F3C8F4D4F5EEE87E
:10264000E60590EEB600F3E86405A20EB4EED1DD27
:10265000C1EE51F7DFF018F20EFF18F663E118FB38
:10266000A7F7B9E289F7F4F24C01CDFE64F18EEAE6
:1026700034E2A4D90AF689FEF7F517FB85E773045F
:10268000DFD67CEC070C22FF72041DEEDB1BDF247F
:102690000FF7F7F8C5ED37F315ECA903AC0B25F0F0
:1026A000B403240518EDC2EEDC02FF05E9E8D3EB24
:1026B00036039103C5E979E8BB004905F3009701AA
:1026C000D0107B05A5FCB0F82BFBF1FD5B06D20911
:1026D000650E88FA31F81CF5C6FAC1EDE4FED2FAAF
:1026E0004BEA6FF2B5FE8B08D5FF31F476F7ACF804
:1026F0000FFD77F92610F60ABBF680FA66E99EFA16
:10270000060DA60E63F68106E7FDCC001D04FA0651
:10271000FB06630802121B0648FBB5FF7CE67AF154
:102720007CF3C8DD59F539EF65FFFDFEB8F4BBEB6E
:10273000EEEE38DA65EB3AF26A06CBF83AF199F642
:1027400088D4D1DC74F7E701A102A30B74E9AAEEE7
:1027500049D55AE67E030C00A2066B00CA096A1D21
:10276000C3EFCFF7B70258096A00CEEDCD1CE210D7
:10277000A700DEF2CDEE88F528EA55F103E4F7ED87
:1027800003FA01FD76EF6CF8A5F687F4E2F0040396
:1027900076F9FFFBBEECCFE643F76B08F8FB3A098E
:1027A000A2024608BDF5BDE34AEEAAEBC2FAC1FD9E
:1027B0007B0E2D015AE484EF1BF295F98DF29BF20A
:1027C0007BFBBDFBEADF9C093FF94A05B2E328E544
:1027D000B2F385FCEB030804B00D2AF070E7E8FFC4
:1027E0000AFFD8F8DAFEC702F3F92300EAFBEEFC91
:1027F000BDF9A5FA7D0A42FCFC01EC079FE6AE0498
:10280000ECDC7DE049F0EDF76B05D00AE6F3B4EAC5
:10281000A2D6BAD42901DAFA97FE2B08EFF60D02F8
:10282000E7D6F5DB6E003604C7FD560304F78809CA
:102830005EF5A8011C0DDD0EDB03A4068911BA1894
:102840004706EDF79917D903EC08EDFAC025DC0B24
:10285000A3FFCEF1390ED1F8C0ED26F2F0EFA7E9D3
:10286000DEFFB5EC50F826FFB0043EF17AECB4F789
:1028700058FEB6EF82F861E93504ED068D0B6CF475
:1028800008FC440C70EC6BEA3402E4F949F673FB83
:102890008707DFF8E4F23DE203F5A5EF740BAC091E
:1028A000B6FE1D1355F507E9FD0C2D0222E841DBAC
:1028B000C7FF26FB9EE7760298FED5FCB8EBBD016C
:1028C000390080F6F4FDBF0491042105210191F93E
:1028D000E8084FEF170612FBA3F954FCBE012CFDCC
:1028E00035D58BC919FF990E5AEFC003F2E68DEE6C
:1028F00044E936E705109A0B06042B0526F28604F8
:10290000BCED2A02800BE403DEFFB6109B0A3E0FEB
:102910006103E0046418610CC202361CB11AFE1E89
:10292000D60A9504410EBC05421633077E0C3EF3D1
:1029300091F3DCFBBF1165FEDD00E7FA0DEE6DF5EE
:1029400041F7E1FEE2F9F00FDC080500B5F85901A6
:1029500063EE66F191FA5FFCF7053B028F09CAF856
:102960003BF94DFB790045F6D30079F2F2FEE60023
:10297000F5FBECE816F56E016E011606E901CE09CD
:102980009D040E0D73F284DC220A290B32EB1CF439
:102990009FFB45EEB6DEA90160122018EFF74BFD54
:1029A00085FCEF08680883052BF7FF06FF009C01F4
:1029B00005FEF0EB07FAE30A5DF3A3EFD4FBF8FCA6
:1029C00079EC9DF4D11B0D1D1603DD0503E9B4F26E
:1029D00084FAFA05B517450DC618CB0DF7FAFE08AF
:1029E000700ABA0FEE120410C1044208AB0EA71809
:1029F0008A0FF7125D145B0771095705F2194B0135
:102A0000C90871F80209D602710BA01240F851F6FC
:102A1000BC03AEEE9408D8080F101C12B7F7D7EF1E
:102A20001BF89D020C0B78FF890D980417FF9C057D
:102A30002F017BF2A9049BFFEB000FF8C8FC6F018C
:102A40000003CF09D506FB03E8F100F7BB04A2039E
:102A5000500152FC74001100D60090FD1C0B821333
:102A60008D00F0035E0D55E25D022D15D0F9D8F40E
:102A70003E01CDEE55E8E2016F1F81110FE8FDEF39
:102A8000AAF88700600BE802AAF93304D6062FFDE6
:102A90002807C0FCCF156009440001096217AD0B7F
:102AA00097FBB80E450BE2172D0869FF0FF128EAD6
:102AB000EF0FEF16B411D10595039D093004C5132E
:102AC0007C12FC0F740C921E4707E8100F0CFE12CC
:102AD000091016FBB1147D0B6BFA60001503C0FAE8
:102AE000ACF60A01B90F520F3D09B80B6AF3A5EF16
:102AF0001EF93402DE03AC0C0818760AF5FA7DF0F4
:102B000025FB2EFA60072001D410E105A4FFE0F9AF
:102B1000D1F8F3F5440F2905D0FAA3FDEC0B87FF9C
:102B20008BFC670E5206D50B31ED5000C3F3C2FA91
:102B300053FCDC0AA4014C12F105CCF62B00D7089B
:102B4000430822F5C60D36E81E0A9F12C8EF2AFA7E
:102B5000CBFFED145A07D6F86D1CFF1172E04CFE46
:102B6000B908FEFCC0FD54029E0096FAEC00130466
:102B70005D072D07B504A000C70502131C01740BE7
:102B8000EA15D111C70425F92DFD2B027E00E901BC
:102B9000F1FF5E1B2CF92EFFCC03E90398F4E60449
:102BA000260A09154506790AC0FC06FCCC16380130
:102BB000E60771EF9414C211BAF337F2E803ABFDE4
:102BC000EFFE84015910D50EF10B7D0D64FACDF6A0
:102BD0003EF67108510CD111B811A71800029104EA
:102BE000B2FE0F0A46FCA909D017F51348007F0171
:102BF00025FEC9F9E5065707E2FD44F55D01B91167
:102C0000E0F7B8FFA8F59BF813FD030D080937F5A9
:102C100088FD970C20022FFCAB0B55089EF92AFE6D
:102C2000A208880B6DF8C4EA3206511964EAC7E0BD
:102C3000E40381FE0BE7D6059214EA10A6E89AF6A3
:102C4000AA06F910BEF8E9FBD0F5DCF8750784098F
:102C50006A114A0E5007BFFD170738098C10D303BD
:102C60006914F60AA2F7A3E43F0635FBF30910FB4B
:102C7000E50438081DE7B5E249109B0A9106E10812
:102C8000C705BA0636E1BEF24101B3F15810B2FFF2
:102C90004EFBA8F8BCEEC0F760F356F8630190F95C
:102CA00026F4C700D0E936F298FFCD18E7F4E6FD28
:102CB00029F153FE6CF0DA01E212BC04F40ADB02E3
:102CC00069F83900800650086911B4096DFC760A6C
:102CD00062FD2202EE0A75F80D135CFA550EF10D35
:102CE000DE043CFB83FCB4FDA20B220CF00134FF9C
:102CF0006001E201CC0122F97A0BB6F95A06D10142
:102D0000191291FFF4FDF1F2D0F581098DF045E93A
:102D100072041C0473F0CA00CF15D4FD6EDF78EB8B
:102D20003109F618F9F72101A8F019FBCBF2930746
:102D3000DC0F6E09680997FCA1F7320751FCAC1152
:102D40006201D7F60CF5C7DE9611B410AC0931F765
:102D500055FC6EFA47D84ED12F1390F62E009D06E3
:102D600055086CFA8EC2F9C9A9F99BEE98FF18FEB6
:102D7000BFF84EEE46CB4DCFC7EA39FDEFF598F8D8
:102D80007BFB53EE50D372D583131A0D2DFFB6047F
:102D900026F938FD78F5FAEEB90E980E5E08660948
:102DA000250BC5FDDBF55AFE78152E0AFF084AFEF5
:102DB000E2FC46F21CF616FF5106470AE706630ED0
:102DC000C2F619FAC7F863F6500846FEE30EB209D8
:102DD0000907B90AE4F7510622FA9E0E8DF806EFAC
:102DE000DCF90E0AEFF852F9850B100B26F377E5A4
:102DF000A511A30B7FFC7604D900A20C2FF52FF1AF
:102E0000BF07690CF90750F9B605C5F63F0704027C
:102E10007E0810FF6E07B91003F2450DAC08951738
:102E20005EFB8705A8E8E2CD7BFDA4026412A8FA48
:102E3000DAF3DC07BDCD42CED7FD73ED6AFFE407C0
:102E4000F7075AF565C492C319EB37F7A0FDD6080A
:102E500020F837EF11D3CAE0FFF80604D6F523FFB8
:102E600089F832069AD26DE2C807D516FD0117011E
:102E700093071707C1F32DFDC50F3C06CC026D006B
:102E8000FEFA59068708EEF9C90F430CE209EDF87E
:102E900021FE38EE7FFC7FEC9D13E6FE5EFD6902AD
:102EA0005EF4AA02A0F79404B5FA360601077BF097
:102EB00040FDC1FA810422F7EF0C500D89E82FEF95
:102EC000FDF52BFC530512EA01FEA3F841F402E0E4
:102ED000EE0CDA01C4FF6201C80CF10C1AE338EF02
:102EE000BEFCE708E60764041EFEE3F7BDFF00FD35
:102EF000DAFA0D045D0C8C08A708480DC1007AFEB3
:102F000031FBF0F296F735E47AF911FFA00147FEA4
:102F10000FFF6BFC7ADC62ED01F686FD93F9B2FBE4
:102F200037054602CEF95BE3EEF2C3ED92F2200BD9
:102F300086FF3E04EDF671E7BC035115A8030307B5
:102F400074F9F1FF72F809F89316230425029A0127
:102F5000E5013C02D70176FD23FC1F0276FF8F01BD
:102F600054F389FDA80017FDDF08EC04E1064101D8
:102F700077FB00FAE2098DF3C80D95055AFF4D075E
:102F800075FB13020608D1F945106B02E1F643FD0B
:102F9000CDF774F596F62B08EFF6C9FB68F4A5EFAC
:102FA0004C00BAEE6C008BFAC6FBE2F127ED92DD25
:102FB0003D0CC0FCC30E5C0BB1FE2AFCDBF16C00C7
:102FC00072F9E3056203200D7603AD0CECF914FAF7
:102FD0002B0AE10CD4FCE215A8F9FA0F3AFC640DB7
:102FE00068FDEDF7E5143BF6D90E0B0565FDCBF159
:102FF000910011063002F200C0F7CDF128FEA5EBDA
:1030000064FCB6F25A060B0C4FFEBD01AD009DF8F4
:10301000D7F1E3FFDA07C80B50FB290F63FBDE0A89
:1030200088FC3801F313A40FAF02CAFF430605035F
:1030300088F7C1FB8E0B1EFABAF716FEFD01990A3E
:10304000E60684FBA4FE3B0226F48E0E4BFA71FDCD
:10305000A6FA8A0914096906240A041469094D07A5
:103060002505CDF0D5FAFEF87B0B1D0FCC0BF9F141
:10307000EBF844FBD2F9B1006007D10761F16AF1C6
:1030800006F66304F40161028DF657F3DCF47CFB71
:10309000740027F67302B001660F350678074209FF
:1030A00096F5870233FFC102590582FAA30021FF7A
:1030B0003702B6F80D037B0C0B0F47044BFDB9FD2F
:1030C000BAFDA30CA81CC00E81116702A3F6FBF287
:1030D00092080A062D06B70ADFFEE401B3FD13F2DB
:1030E0005800E0FE4A0B150711ED43FD1DFBE3F20E
:1030F00012FC050855167011910870FBF60877014F
:103100008AFA4F054115A004CF005EEE3E07EBF8AA
:1031100078029200BC0B0205EFED2FF75FFBC611A2
:10312000D201A30D4EF67E008E0333F5FF096FFD2D
:10313000E80EB8051D08800643045114A301E60EED
:1031400060F5DEFC36FE5202A4FEDC01C9FA5CF931
:103150004BF86F054E07FDFC3508FB007BFBD0F7F5
:10316000BBECF8FE5E053C03BE0184ECA9F5FBFE5A
:103170009107BB04A317E1F7F8ECA9F7D00F39F8D2
:103180005DF71F007E006DF990FA700599F73F0119
:103190005809F700F3065219B3FB4FFFDB02F008A2
:1031A0008301530BD02C9320A9031402ECFCD9F615
:1031B000A41326081A13721F39F79DE930FF9107EF
:1031C0000704F4048710FA1093F401E84F09D80EAD
:1031D0004807DE02D3179F14A8F2BCF39108920BA4
:1031E000E303E70311117F0055F97EF462FDD8086F
:1031F000DD004C012811B008290044FCBD09000D78
:1032000089003706D4F6BCFAF1FB81F853F84DFD7E
:10321000810587F246FA12080C07230212FD17FDFA
:1032200057FBFBF23C02DB0261063B052F0742FE27
:1032300035FB75FE9EFDF502DD00B0FE11F2CDE816
:1032400095E623F8AF0568FFFCF323F30FECD4F504
:10325000A3044BFF120A360974F582FAC20662090A
:10326000EA08E8FE5BFF42F81F02A70544FD69FA81
:10327000D01A330EFEF53C1B8F0104FAFFF6220034
:10328000B51C6011AD2358148B0463FBCF054410AB
:10329000E709100E201EB92243E588E0A1053100A0
:1032A000B507EF04E80856178AE0F2E8A302F00336
:1032B000D8FFDF044813750DD4E2E9F3410155FA54
:1032C00023FBDA054907E307DBF869E995FF71009D
:1032D00084061B02CD0F06FF7DFA0EFE14F36EFA74
:1032E000500BAB02CE087C0E1BF21DEFF70026F749
:1032F000CFEC8BF56D10B7FF15F1520741F723F3B3
:10330000AFEF32FEA10A1D09E9F24CFF40F54C0572
:10331000A7F643F991107D0F8B01DDF3C1FC430843
:10332000E5FEA2F7DA0A7AFD86F22A027FFAE5FDC7
:10333000E1FA40FC2A0352FAF009E7F5A8FECD01B4
:103340000D05C7F78CFA95F9CE07B1FB2BFC0409E4
:10335000E902BBF9080EBA08CEF321F262F5600368
:103360007B04FFF7F9173E1082F34FF050010EEC8B
:10337000CCFCCA15910D930212E14EEC62EE1FF7E0
:10338000701099077B17920E6EE9F8DF490069F912
:1033900035102708320263FEE5E265EBDCFE1DFE18
:1033A0004E09900635070BFCE5F237EC6EE6B4EDFE
:1033B0008305010B7CFB4200DFED0FF317EC65E4A6
:1033C000F2169A06A20A7DF6B5FFB4E682DD41E167
:1033D000E40358F5DDF940099DF5FFE5A9EEDDE3CD
:1033E0009EECE2EC360A5E0D78EAA9F9C7D4D3F96F
:1033F000ABF573FDE70D2D0F36FD62F8F1027C0091
:103400009DFF1CF3C00519F7A908BE051105E0FDD5
:103410001604A708F4086F091C047B00D70424F7DE
:10342000840A40012E041B0ACBFEB807E4FB59F6C0
:10343000A5FBA8F370F88801C5FD8F05AAF6F1FE7B
:10344000E3EFF0E78FEC87F2FCEE28EDDAF747F7D1
:1034500095F0B509F0E1A8E975EF1FEFECE339DF6E
:10346000570BFB0C78DDECE768E000E073E32BEE34
:103470006A07E30777E2EDE394E0A1E813E4F8EEEE
:1034800056F85F011CEA7CE301F273DFB0EE07F24D
:10349000AE0EF3164ED9EFF8FDDE64EA94D90EFDB8
:1034A0007419040D67F7DAE50BDF32E193F4BBE73B
:1034B00073022601FAEA47EC28D342DA42E44DFFD0
:1034C00074F988F129F523F5A0E305F231ED33F91C
:1034D0007102B1FC00F5FFEF4EE14EFBFE0575F405
:1034E0000DFDF70B62FFB1FADDF46D06B5FFE3FBEE
:1034F000B10153F92FFA1901CEF9830695F5DB09CD
:10350000E7F5EE04D102C9FE79F96E06E1F7B407DA
:10351000E509CAFDE905EDFF4BF62CF8B404530AA2
:103520005BFC56FEDEFE8EFB2E07C00734F97EFBE9
:103530007BFB7A04A3F9FDFAAFF47EF3E1F7E3EF46
:103540002A06AFF8E0F35DFB4DF0EDF315EB84EDEB
:10355000530065064CFCDCFEDAF117F7D2E228E7EF
:10356000F903E3FE4FF6C9F496EC76ED94E847FADA
:103570003708970343EB52FD1ADE63F57CEC0BE949
:103580003809381075EF1EEAB1EA3AE338F41BFC4B
:1035900030026B05AFFBBAEF3DF1FFF944EF4AF0A3
:1035A0009700FDF871FAA1019EF285F7B200080CB0
:1035B00092063CFC08F0590110F80E06EF0BA00330
:1035C000DA0688FE98FE420A10F95EF67008AA0232
:1035D000B4084500660AFCFAC8FED0034FF877FF2E
:1035E00035FC58FD1CF6D6FFF803CDF62EFF41FD45
:1035F00088F56D0077016F0A300772F819FD050A2A
:10360000DA036AF6FBFCCDF54F018C0373F7190959
:10361000A4F76EFE89FDD106F00739089BF86B0010
:103620002D056EFEFC022A056D001EF79D01240487
:103630007305BAF722F9F800AFFBDEF8AC071B08F8
:103640005F0A3906DB03080023088DF9DCF946FA26
:1036500074FCDAFC9A0050F946F6330032040D0986
:103660003E0549F9E6054F0A1604B4FDCA0686036D
:10367000D8FCF2FD3A06F9FB80F9E609FB048D0758
:10368000BEFC2F0808FA400A52FF79F831FA6004AC
:103690001B0820FC86F7B10053056A0799F7700AEA
:1036A00098035F008A0246054B0068F8D8F565F973
:1036B00026FB010A3FFE8A018407ED040AFB63082A
:1036C0005BF6AFF54603E6FB36F85CFEB2F9BEF9F1
:1036D000BDFE1DFF45F97000D2F9670A9C071E0563
:1036E0001CFA91FEBE06F60594FEF2FBF7F6C1FF4A
:1036F0009CF93BFAD7FC15FED7081603A9062CF552
:10370000960BC90F07F5A7044FF9F50549F9E0F144
:103710004B0A81F8C0FD08F95BF499012DF30EFF07
:1037200029F39B050FFEEDFA7EF578FE210658037E
:10373000120E0E006AF00EF7F0F0DAF3A407830C15
:1037400060ED5AF9EDE3B5ECD1EE92FCA205260648
:103750003209F0069BEF70F9130A7608B5FDDDF02B
:10376000080C151213FDACFC86F651F78B0121FBFA
:10377000F80318FA20FA8EF444FC16FCBAF853FA4F
:1037800076F908017B0AB3FFAC01D3024D05C302F1
:10379000270227FD6801B1FB1200FBFA9406E5053C
:1037A0009303D0003D0844FA6206F40813F7D8FFEB
:1037B000360AD2EF74053F04E4003D0405FF8C0790
:1037C000A6FA1AFF35FD7F07FAFE4007EAFEC50696
:1037D00003FA1FF98DF662F59EF560F980FE2B0461
:1037E00017FE52EC6DFB8EE68801AC10F5EE7DF60F
:1037F00000F32DF20DF7FFFB3113710F8BFA9DE7EC
:10380000F60175FF3CEC8BF71301D00AF1F4780355
:103810000503A20771F0A7EEC4FFE10879EC210BC4
:103820001DFD4C0D45EB39F4E9F502E8F1064901BF
:10383000A80EAB175CEA0EF511EE74EE3216FCFF23
:103840000700320159FEB4EC95FE9A0567FA08F7B5
:10385000420D55FB7CF831F4D1F50CFDC8F013FB9B
:1038600051F4CA06F4F944F4DCFCF708F4FCDA027B
:1038700093FE4FFCD6080DF9E107FA056FFB3EFAFF
:103880004304BF0347FA8FFA01F68AFAADF7F4F55D
:103890009DF55AFA9E0D6CFDA8FA5B0927013206C8
:1038A000DD0E3A0C71FF36E87A149D0E0E1651F1BA
:1038B0004C02820B54F839009F10AB0E10F8ABF09D
:1038C0007D0E6FF781E981E961154AFD65F7EB002F
:1038D00074FB4AFB59E9F7E6C316DC1902010FF045
:1038E000DC0185FA5DE159E62F0A7DEEEFFDC51496
:1038F000E70B1510E4D9BFD90BEF12FD19043A05F7
:10390000ACFF2114A7D056D79E07130AF302AD0FC0
:10391000870A2C2057E532F34CF064E4B207620DBD
:10392000CF19AF15FEF4EAE8FBE606E34401120402
:103930008802A4FF6BF93BFBE0E756FF45F19502D7
:10394000B6066009D9EFF4FBE0EFEA083D04F9FAA6
:10395000BC025E06B3F7830417FFDD09A505D0009E
:1039600036FC84FCC5F9DA065DFFE1FAC1FDA9FA6F
:1039700038F7A21601078F0405FAFD176506930CA8
:103980009DFE45F15AF6EDF50C15F606FFFA2FE708
:1039900042F8C4FB39F902FF1712491050FFEFF942
:1039A0004EEDA5FA7AE2B4EDFB12740A53FCFD0465
:1039B00081FF4D0060EA07FCD81D931E3F00CD0E2D
:1039C000DF0125FAAFF2ABF0FA1906074B0632F920
:1039D0008D0208065BE2BFE3130A2F02FBFD650DB3
:1039E00014FE88FD74F73CEE7BFC86FD7701C30A6C
:1039F0003C024D0AB6F78F0905FAF5E86409FA109A
:103A0000B4160625A3FB73FC1ED9DED86A02D9FBC7
:103A10001902E81353FEC9F832D94AEF6709D206F2
:103A20003214960E0BF3EFEAD9F46A06D80A67103F
:103A3000EA09DF04D1F950F984FFA6FA7D153DF4B7
:103A40000305B3F5F4FECCFB6207BD00BB00D0025A
:103A5000AEF2F3F65F0BD5FBE30B760964F7DAFE03
:103A600036F36402B7093009101B4A2449E8DFF72E
:103A700024FFEF065B01CFF9DE19E514650482FA35
:103A800045010B0797F625FBA9FC490313F98302AF
:103A9000ACF958F75BEF2FF87C0D6112FB00AC0E10
:103AA00006031B00FB002EF0D2124C1920037002FB
:103AB00061F94FF7FBF566038107470EA90B6E0B03
:103AC0008107550237F117FEF1058CFDF20B380224
:103AD0007107D409B10214F758FE73FD2A060106D6
:103AE000E40892040401FBF998F46CDBCB0CC10DE3
:103AF0007103D411F6FCDBEF79CA40DDE70B82F9E4
:103B0000A012F0F3D5F485F967E809FBC6FADE07E1
:103B1000DD0CE30EB1F183F0A20C9002B401B3EF1F
:103B200009FDACFFC506EBEBC2F98500D7FC9F028F
:103B30006E07F6073DFA9C061FE80C14A3FC02EB87
:103B4000B8F32F0A83F861F7890E1B1216EA01FFFA
:103B5000B3F19CFF27053C09AF14310AEDF4EF00E7
:103B60002508A3F5E309AB006CF87001FA0916010A
:103B70004002C70181EFFBFFF10BD306490E11058F
:103B80006D02E4F471031D057C111D038503F40827
:103B900075ED46F9E3FCEA050F067400AFFFE8F89F
:103BA000C4FC57031B0652FC680129001708E5FCFA
:103BB0000B0B5714E1F966ED40F535F7A80AD7026B
:103BC0005314C404070112FDF9EC7AE245F522060C
:103BD000DB07751448F8F0E774C659D69FFF9001CB
:103BE000551C6C0402E11CF5FAD770FD8C09DB0B47
:103BF000311348F9E9EE39FD27015009C40030FBC3
:103C000083FEF513CAF7B0E6FDFF4D02B409C40008
:103C10002C0971FAEDFC700724F9010D8FE25AE2CC
:103C200055F36DFE0BFC4EFBE4153D0A07F39BF9C3
:103C3000B9FC43FF67F935F57DFDC9FE420362FC1F
:103C4000B607B8FAD9026EF9CE01940BAC0A1DFE84
:103C5000C70D390AB0FAE3F92C00CA02BE0587067F
:103C60005B05EDF7CFFE63F9FF07740A1FF508F94E
:103C70006B0681FE51F503FEF2F867FB1E05470750
:103C800055F3DAFEED09CC0B98F933F6DAFA7C023B
:103C90006501260DDA02E8FE060228FAC80A82FD4E
:103CA000490748F8A60C550589F448D615F4FD08CF
:103CB0006D023A0A58F8F7FFCFC511E9BB00BD0DF8
:103CC000180538FDF5F692E7FDDC30DAA2FC750048
:103CD000861479F807FD35F2FEFBA0F1A3032F034C
:103CE00033F021075FF88EE71BFA0EFBF106150B88
:103CF0001603C1071A042C0DF203B41185F5380020
:103D00003BF8BE05D406C20A550C0EEF2BF3A7F9FB
:103D1000C9FF4F003E01AD043FF4AC056C0F060C2B
:103D2000D20A1AF7780A00F6B6037BFE6C0BAA0DCE
:103D300087FE5D01E207DE00EDFA86E1030ECB02AD
:103D4000AE0411055FED7EF247E108F4E700C3021F
:103D5000A4F666021E03F50172FFD70017FAA3FA54
:103D6000750084FCAE087304C716EE0C060B3A030C
:103D7000A40119035111E3F8D7FD9BED6705FE0679
:103D8000C6FE2EFE02FC4FFA71E70BCB000BDD04E2
:103D900055044B083AF666F3A6CEE8CC9D0B6212AA
:103DA00030218A20A6FA86F632D0E3DD380D470AA4
:103DB000DA05BEF7BBFEA4F879FA7505CB071B132D
:103DC0001A071D1A84F004FDD0F02EF29B02A30600
:103DD0005A0673029CF988032FE6C8FFCD065304E8
:103DE000E4F44EEF1D00D9FD400ACDF2DDF193EE73
:103DF000A9FF9D04E304B4044DF81509900461F88B
:103E00005DFBDAF771FB740952F016E6C5FFDF00BF
:103E10006204621156FE08F733E47EE087FC490530
:103E20007B11F5FA29F246FAC6EE8E065DFC000516
:103E3000B0FBE4F4CB05D21DA418881B74FDBFF0C1
:103E40001A0992FE820E690C971A9F1983FD93FD41
:103E500001FD6C09160BB4F7F4F789DFF504CA0FFE
:103E6000CAF66C0544EB31EAC5DAB2BDC6041510DA
:103E70003C10BB058BFAACFE48CCD5DAF70D7716B3
:103E8000B6185C20BF017EF6C9D2AD04BD0BDA17AF
:103E90003104F303FA067D11CAF835F80B06D1FF99
:103EA000B1094808B2F153FC8BFCDAFCF0F90E0DB5
:103EB000DE0039FE7903F4ECD901C709FFF69EF064
:103EC00068F12EF39F043B0149EB63F8510CB405F4
:103ED00037F12BF573EC640536ED58F070F5A5FA63
:103EE0006DFAF80245FB460506F194DFB20268FC64
:103EF00046F799049A054FFD33ED91F762FF1B06D3
:103F0000250AE60C79F74303060A391FC402540652
:103F1000960D7906FD011D1E822DEA1DC10D8F092A
:103F2000AE0EE507D00D0413910EA20772087A0DAC
:103F30003B09CCFB8209ACF68CED1FDECC0B1EFDE1
:103F4000DE086AF18AE954F90FD2BFD3EC042813D2
:103F50002FF9E2EFBBF061FEA4D238EA8F091A0D07
:103F60001A116C141FF182EFEFD9F2F7FA10AD04B9
:103F70008B0458FB11F8E00FF40816F7B013D205C4
:103F8000E5016EFF3FF93AF7DAFF9A016A0831005E
:103F90009916C5FC10FB1DF802F7DC05D503E0FD02
:103FA000830147F04FF796FB86F95FF1DC050BFEC6
:103FB00003F18DF0BC0166FE54EF4EECCAF8B1F689
:103FC00097F9D8F56C0A47002CF46A01C7FF4BFD3E
:103FD000F30D67FF32FF9307210DC51949F9FBFD6A
:103FE000060DEE0F73FA10FEBA2AA81F6CFF0A0323
:103FF0002810AA11BD169609172CAA053B0AC3035F
:10400000E211190C05183614D3F665FB16F40AFEF6
:104010001E097C029F064BFD26E6A8DB130C6706F3
:10402000A7ED27EAD0F679FA74EEFDF4D20876FB14
:1040300093E0BADFE5F3E9E193E75AE892F8C207C3
:10404000E2DBBCF487E6F1F4AAE0A1F96F1E0D1DD6
:10405000CC098C041A00D8FE0D034F05B416CD040C
:10406000730543059902A200ACFA30F530F9380126
:10407000B905700B530B1A0F3DF7D4078AF5E116FB
:1040800028F4AE03550D2501C6FAB2F6EAFA20046B
:10409000E1EFB403060D4108F8E79FFE050574FD46
:1040A0000FF14CEC7C12C00B95104E1305FE6AF814
:1040B000A4074E108AFB35FE2C2AAC23C4006AF8F4
:1040C000CD0BCBFB47FE7106891D0B1831F95E0342
:1040D000AAFF47196414D819A20D01F708029E001F
:1040E0004E07F4F8C319F009C9FB7DEA060051FD3B
:1040F000790ADFEB2A0F3B0642E870D599F83A07B8
:104100005EF804EC1D06CDFA9BE6DEFCD9FBD6F486
:1041100057E2A6DD1CE7D1E12B00CEEB8FF1A1F138
:104120002ED669E7C7EE5EEB0504E208B9018AFD09
:10413000CAFDD0FDC3E858F909F6920D8B0EABF815
:1041400064005E0BAEFC5403EA0B1DF72A00080660
:10415000780EC7F7B7F3750D38F150F319F852140C
:10416000A90484016E0E4AF46CF349F3CCFEFD04FD
:104170000BF918F7B2FB2A0EF20258FED1077407AA
:104180006FF12EF91C07030BC911711E66FB970115
:10419000E7070A08040B830C5D184F148AFEAEFD76
:1041A000DE0049F854F6B1F9C00F830EAD083A0AA3
:1041B000350131FCD603171001FDFA013B09FDFE64
:1041C000140074F9CA1869142CF41EF4F2F3CC0428
:1041D000A6F50C0319FB2A009BEBE7F01FF67CF613
:1041E000DE05D3FE57F9F4E892FB0DFA76F493F46A
:1041F0006CF1E2DE46E975E5740EE11007EC89EB3F
:104200001BE132F039F586F55913FB118DE656F1B5
:10421000B6EF19FCA3E93AFC71FE6EFA5BFF5FFF93
:104220005804CB0D1D0285082C0212F3B1074EFF76
:10423000360BA60AD2EE060D0FED3D017902F20112
:10424000C509880582073CEF9FEEC9E992F320F982
:10425000F401B8F856F0A505D0FD070AF60A3606AF
:104260003500F8FDEB08FF0D9EFF0CF46106C6F368
:104270003F005FF8ECFF700F4CF8C1EF61FD0DFBE4
:10428000CDF997ECAF0A4D041500E705FFFFC40513
:1042900023FDF4FAAD0AEB0BC701CA05230202FFA6
:1042A0004503B3071B14AF0C60FFDFF18EEF75FF02
:1042B000F1F87FF7E0033505FFF99CF92BF719EDCD
:1042C00051088B0678F7F6E364FDFD0CA8F508EAC3
:1042D0001C056DE9DEE320DE010846138DF338EBA3
:1042E000E9F9C2ED7FE692F269081F16F9F3A9EB2E
:1042F00035EC75F05BFDB002D8FB21EEB7ECBFF4F6
:1043000084FC01FD3CF9B2FBC602CB0323FEE40BA7
:1043100011057201D7F6350576FF25F862018AF698
:10432000610BD6096200F3DFCDE8C8E7B3F46D0A8C
:10433000F103E3F614EFFFFF19EF93F15BFC96FA3C
:104340007C01B3F27E04B601ECE92BE3B7F3910BE9
:104350003BFDAFFB25FF2B0DE9E626E3EF0A99FEB7
:10436000C6F064E70609BF0599DF04F70802990C57
:104370001FE96DFBFF05EBFF27F40AF4070D65FB52
:10438000FEFFBEFFA013661585058BFD38F413FEF6
:104390008D0567FD670A93EB9B03530A44F2CBE557
:1043A0006E0C1E02D1F158F2EC09E21496E683F489
:1043B0002B0C5901B9FA75F68210192461ED5803D6
:1043C00077EEC8EC82F089F0D015A80EAB0850EE5D
:1043D00087E61EEB4B0A30FC6F08120D77E95DF3A0
:1043E00044FD8008010513FED501D2FAF4F256020D
:1043F00098F911F577F380FB0C0DDA000FF8A0099E
:104400002005E00443F8A5E8B2E6A0ECD60298F84F
:10441000E1002B0943DDACF715E62BEBE0FF55F48B
:104420001E09F5F73F0EF204B8E65CE5E202DCFD9A
:1044300012F481FAA1FFCBFF1FDD86C82E0048FDD4
:104440006FFD91FCCD119001C7CD15DA890B2DFDC3
:10445000C1F1B4F4EF0A9101FBE901F7B8F839FAB8
:104460003FF14502810E92143EFB05014EF82A02EF
:104470007F0C1407DFF4A8F2E601F009BBF4ADF0FD
:1044800023004BF504FA0DE24FFA030B6EEE9BF39B
:10449000AAF921FB35E36FE96A1FEA25B401C2FAE4
:1044A000A0F955EA94F578F6A22693FDBFFE63FACB
:1044B000B8EE3CF51A048F04A6F898FB92FD88F834
:1044C000CDFFE00D4A083F0AF6FC2501C109E701CE
:1044D000AFFEEC0383F961F72814F7EDE4E6B011C1
:1044E000930C9B0AA7F7EBEF57DA90E9BB02F50CA8
:1044F000D0088D05B4EDD6FD14E46900A7FED2FC0A
:10450000760850FD1C02EA0100F77CE509F9BF02BC
:10451000C6034EF587019F0026CEF3B84402A109D9
:104520008CFC6301E3FF06FAFDB0DDBF1D08E4F873
:10453000B9F5CF01F6FBF50579DE75F6AAF1C1F9FB
:10454000960048101003B5F6380DFF0506F9DCFF9C
:10455000280ACB03DCFB52E464FBFB08CDF173FAC1
:10456000A40587F14FF615F36D06260D8405FFF6B9
:1045700060EA96FB31F717F0CE10DD09B3FA08FFB9
:104580003CFE70E1F600D5F3701029DBEF061CE16C
:1045900082F19FE539FBA1FFCFEA760381ED280682
:1045A0000606F3FD360185F7BDF02707E4F57DF03B
:1045B0001010F0FCE103F2F5F90A38036FE9BFF8D7
:1045C0009CFE66088EE02EDF13DF4DF11E07990D6D
:1045D000E0045E0793EADFF0D0F527FE960B0102B8
:1045E000BC14AA13A0FA4CF86E09D404C0F269F8FE
:1045F0009BF7E10B48F8D9EF71F01CDDA90697FF96
:1046000048FD6507EA03750A6ED628D9E9045DF40A
:10461000AE00230EBDF851F112D787EFBEEC96F82D
:104620004A031E1298F6E9FD92FB180A05F25CFB9C
:104630001307FC0D3BF259ED74FFFCFD30F99BF8BC
:104640006005EEFA0CEDE0FAE8019DFC900812F42A
:1046500050F55CF60BE69DEE8F06540D11095708D8
:10466000CCEAB2E628F6BE087203DCED730D88EFE3
:104670007506D8013611F90397FB520B95F22EF10E
:10468000D5033D0800054CEA4AFD9A0AB3FEE1084D
:10469000150A880725FB3AF7DDF9E7E8B6FB41F68E
:1046A00023F5A8086CE475F120E678FB67FF0706A0
:1046B0005A05470D87EF3201A1F80B0041082BF591
:1046C000B515DEFEB2FFA1EF5A04D10313F93D0088
:1046D0009EFE48F77EF780ED7E01F4F35B02C5F89D
:1046E0002DFBFAFEB9FB250132097AF51F009CF675
:1046F00029076C05F3FB37FABDFE29F434EA44F5CB
:10470000330E7D08FCEED6F18E0E4705110668F9D2
:104710006C123E00F9F250F8FBFAB302F8F76605A6
:10472000BEF851F01BF152ED38FC2A0EE201AA0F3F
:1047300001E706E964E584E98D14A8232F115A0CDA
:1047400006F635E60BF2B003870C53F50314C5FEED
:10475000BFF0CDFAEDF8890D43F993F91AFACAF6CC
:1047600033F747FE32FBE40120077016BF09CD0581
:104770002DFFF1FC34F9B8F3A5FCAD010CF9BEF93D
:104780006AF890FDC1FC23F5F3DE2FF218F87F07DD
:104790007BF03BF48BF1BEEB22078F0A680B99018B
:1047A000D70455FBDDEFEDF0E104BA0D77FF2FFEE6
:1047B00059FBD8F0AEEC4CFCC70D9E0D96034DFF97
:1047C000D1F7ACFCB2031CFBAB014DFFDB0864FE70
:1047D0007508EC06DBF101F35E02D3F57FFC9A0964
:1047E000300C5D1644FEA9F02A02A4F670F900020E
:1047F0003A0601F957FBD8EF8E03DF029B04900CB9
:1048000015FA9CE5FBF433FA19058EF9160C320BF8
:104810002EE244E417F986E97403B310C30B500B7E
:104820008FEF11E61CF6FA0CA3017EEF58067D030C
:1048300061F52C08E0006BF8EEFE67F6FBE9120765
:1048400044012CF69C02F9F318FDE90DBF0CA501FB
:10485000D0E6E6E39DF9ACF82335F400D8E59BF10A
:10486000FDF270F86CF5E7FDEDE0C3F6A8FE0F0A67
:104870006CE427F989EF2AFBA605D2027F062306FE
:104880009D05ACFF95F46D02B0FB020AF0017900C2
:104890003AF89002D4F25CF1A309A1043DF6FB0BB7
:1048A00008090803D8FD38F3E908170725FDD90FD3
:1048B00011005C0B11FE94EF7A009908C007EC0719
:1048C000BA08400717F42FEDF0FA110027FAC3FEDB
:1048D00011050DF2B5EADAF6E4FEAC11C90E78095D
:1048E000B2F3E4F69AEF1600BF0B4AFFBE0F0717AC
:1048F0005BE555E4BDF332EBAB0CB1085217C610C3
:1049000021EEEFE75903BCFEBEE31CF492F6E70D7F
:10491000E9F07303CBE95605A70033FCCE06A802E5
:1049200097F6A901C7FA980950F7C4FA0007EBFDFA
:1049300081FCECF15DF406EDB029D02186F377021D
:1049400034E91BDEF2F2ADFD630746E97302B900FC
:104950006CD933E642F3DCF8310430FF3101E7046F
:10496000CEE8D3EE8EED01F0900DEFFF9F06A20290
:1049700085F9FFF990F82B01A3121501C700A7FED6
:10498000390405028306FD041704190BAE04500018
:104990005DFFA100540CA70584FB8E088E154C0604
:1049A0007E16750FD3FCC2F5EBFCA7FF7F0D4D10F3
:1049B00023F901F20BF5CAF432F2DBF8470FB60D1A
:1049C00057EB87E967FA2A0275FFEB02EA037C06D8
:1049D000D7FB44E4B1E7A2EA070EC6FD4903510F35
:1049E000C7EC62F918FD3CF6AEEC6BFE5E0671FF9B
:1049F0007DEC60F78EFFE9FB2AF2B4F9BA105B0890
:104A00003F0A9805CF012C06DCF8F6F86103E509AA
:104A10006902540456F1F2F8DA118D0C9C0A9311D4
:104A20004B0313EEC1E303FF8E01F7EB5D084A046D
:104A3000EAEA1AEDABFBBCF05BFBAE0A7DF5C4F510
:104A40001EE22FF2DAFA28F8A5FAD5079501FA0640
:104A5000D20101063F022D04DB12DE14E30B070135
:104A6000C7FBD304AC14B70FD9033801F1029A1075
:104A70007009F7FD8D198D0CD4FBE003920BB50C7A
:104A8000F408EEEF39014D0A46009CFEF311CF0AFF
:104A900071F137EE4105770A580B64073105DBFAEF
:104AA000A7E988E9AC01840A18059BFB0A04D30531
:104AB000C3E0C8E4F5F6C9F952FCA5F20F13900E55
:104AC0002FF30CF6E3FCAD0413FBF90C5506580567
:104AD000B2F50E06DC1114F66D0A60FFCD072BFE51
:104AE00051FD52066009A609E4F7AB033B065301EA
:104AF000AD04361382079BF9FA05C7F586F97E03E4
:104B00009A0D2B0B53F5A7F418FEE80D05EA16ECE9
:104B10007707ABFFBFF45AEB6DF93415B1F37E00A4
:104B2000B0FB0D0205E9B4E825163B0DD307E80EEE
:104B30006EF9C40489004D01A805C901CB0C8C0E87
:104B4000EC077401E90160F3C9F37003C02034106D
:104B5000E0087004C704080730FF7B01EF095F110C
:104B6000310DF1F72B0450FBF10220F9A4FEC10B2B
:104B70003BEA26E28B0ADF0FD3F951E9D00F64FE3E
:104B8000E5EFA2F07E0ECC014FED9DFED8FEFAF9C6
:104B900078EBDDF1BBF92EF99FFA72F5FCFFD2003C
:104BA000A6F9C2EDBEEB51F770F83B07860C97EA09
:104BB000A4F849086404D1FF1E04FBFD3FFD780200
:104BC000530612FE7EFD7D0955FADBF941FF21FBFC
:104BD00040F3E612100A60FF010A1104A2F90C006A
:104BE0000C192A05A1F700F97F04890A58F419E87D
:104BF000280F870C9AEBBCF3B4FE140BA0F4CFF48F
:104C00000318A32156F30EFFB4119E03A2FE72FFF8
:104C1000C30FEA207BF871EA65FBFBEF81F6E2F651
:104C20007B12531071F1B40246FA2105D703FD013E
:104C30001E0FC20B28049A03FB0556FFFCF909F965
:104C40007E006602D3EF5F00070A28F4AF04990ADA
:104C500069F80AFA2FFA0CF8470297F073023B1230
:104C600045F4B8F802004705FD00F8FC9FEE60FE31
:104C70005613CD06C1FB18F019F565F2E0FDBC0630
:104C80007B066BF46AF210FA45F96AFA4E111BF8CA
:104C9000E2040904D7F8ADF89209B5084207E9041F
:104CA00026FB7CFE3803D4FFEC03AA040B02E3FFCF
:104CB0004E0957FD19FF52F85301B0F56806A600DA
:104CC00000F0CDF57D14CA1924FDD0FD8F0421F923
:104CD00054FC4E07020DEF17C2FFADF391ED2DE42A
:104CE000EE11950513104B10550A31F845E791E97F
:104CF000720A450F30015BF4C1E4C1D92CED920872
:104D00002E0A2F0A0F006A05A0F34CF49302CFF885
:104D10004AFF9C098E18A2053DF6F8092EE033F7EC
:104D200051097D0CBFFED907381BC612990253FBEF
:104D30007C1181077B14EFF9E61D0B07C3FB6A00AA
:104D4000080B020CE8069B0D4B0032F80AFE01F836
:104D50006EFFC2FEE908340DEFF9B5FE7DF632F8BC
:104D60004B043D0820F8D9F86E033BFDC6F57400EE
:104D7000BC06F1F85F0182FB88F88204DE02480677
:104D80004C015C003806EDF73BF7A4F7A1FFBAFA37
:104D90005C0A28F9D4F50003D9FBA5FDBCFC33FE61
:104DA000FA0438081804F7FCEA0782F5C7FF2B0954
:104DB00093FF0E02A2FF5B048AF8C6F9AE02BCF9AB
:104DC0000407250AE309700F5AFC300217065C023B
:104DD0008D0D450A07092EFA8DEB1EF3E6F6E2F774
:104DE0007300A6095FF9E70538F8C1F1B5F53C088D
:104DF000B700A4F5DE12571BF500C90346F8A2F769
:104E0000A5FE4212A6014CFECC07B6EE2CEB16EA2C
:104E1000D50D22069E11D01167DF51F641F9D0F56C
:104E2000B4F8AD018511800D96EC33F09BE9C7EF26
:104E30006B035801B115160107F4BF01B8F45FF018
:104E40006C0825FD3D0A6EFF9607F3FC7809870A7A
:104E5000F6044903A5F725FAF801AD09D7FDC70601
:104E6000E7FA85FD0D0A18F70005320AB70888F73A
:104E700019080EFD88F790000304BCF68301CD09E4
:104E8000620920FA2403A8FFE7F7230450FF9EFBE2
:104E90009FF50A0A35F79DFBA2F8EFFA24092401D1
:104EA0008AFAC5021EF9E7FFDF05140AA2F9D4FF4A
:104EB000AC002E07DF081EF7FEF510061A087CFF6F
:104EC0002E0CB5029C00CA066E0B9BFDE9FE720A11
:104ED00072F475070CF911FBF908FC004408E807A7
:104EE0006AFE9A0808071003D5FF35F77FF59E077D
:104EF00029095D001F075D02AE0563FD5F057CFFAC
:104F0000A30686FFA80992FC19F9D8F9060040F615
:104F1000CF00D904CC08C7FF32026601DE0756096C
:104F20001C0989FCAE0695FA8F073F0668F8A407AE
:104F30006AFD7607A0019403C3F75AFF600A6F0366
:104F4000E1FB3009FEFF69FAF9021A00C807E10423
:104F50007EFD040844F6A400FA06260AA90078FBA0
:104F600040050CFFC0056008940876FA56062C012F
:104F7000C30E660C8503FD1323FF6A1463059D02AF
:104F8000AB08070A5A128E172511651870F61C0C0B
:104F9000600D620B60136A00F614560E0D143C0986
:104FA0001E0C9006FD02B10B6411380B9016340CE8
:104FB000B50238F4900465012F02F103AE02A1039B
:104FC0007C006301A603E80E2401BEFA5CFCE30743
:104FD000D0110B05DA014606580646075D0F980307
:104FE0008D122C0CD502C902420FB314B212750BEC
:104FF000380C9D118905080B78035F05261155FFB4
:105000000CF78F017AF7000972FBB8F5C6FB12F9AD
:105010001FFC8008D60587F77FF9C9F8840AFA03D0
:10502000B905D9F860F647FFD0F90F0136088304B7
:105030004E00CC015F0A93025003EFF77B0861003A
:10504000FF0DE9F96E0753FFAC0B5B12270CD2FB87
:105050005907CC0F7407D117DB0CCE198EF916FA4D
:1050600030018E00EB0DFFFE262D3316B8F759FDEB
:105070008807A3FF1C05BA13B61DC81B06F261EE14
:105080008C0A7A036404C80CE613CB1241EE1AEBC7
:10509000D406B9FF3306DA074F0F17F621071A0DAA
:1050A0000EF88B0A9C09B90020F346EF1D075D0A34
:1050B000ABFF850B65198208F8FB39F20B018B03F6
:1050C0000800EA062112B712170F250523138C18C2
:1050D0003113C5134F160016A60BA7038D16360FF6
:1050E0000502400707FAAAFF870A50F51B12750D43
:1050F000830935069707E301C3F892F924FB3701CA
:105100001401EEFEAAFA0004FE007FFEB3FE2208A0
:10511000B3F3EFF7E7F339FCF1FCE4FD5C046F0B4C
:10512000FCFA0108EF0D4402510C7C11F20B7205E0
:10513000B603F409C410321780FE8B0F200563F705
:105140002AFC0D09690392F44118D512B3E977E5F9
:1051500098FFDE0C37FCF9FFB20945119DF129EBF0
:1051600075F786FAA205730C5F167F0593E745FA7B
:10517000AC00B2FC65017F0B0BF8FCEE6EEE74F533
:10518000A2FE01FB280A9D16FAEABBE11D00CC0431
:105190004F031FF9EC0E9517CDF3D600C8FDE002C2
:1051A000C5FC690BB00F920C71F8E809DA1511FD16
:1051B000DD0BD103FD0B2012E5015B037A0A5002DF
:1051C000FDFF24EF340943EF0BFC9C04B710C4002F
:1051D000B2FFDB0140F23BF9A102FBF51E01EBFB44
:1051E00035FE95FFB7092904ACF609011E02FEF74A
:1051F0005CF20FEBD1F5860BCA02920DFE06E0F4CD
:10520000050D6FFF9807D8F6BD024803F6020A069F
:10521000FAFAD408A9FC55F623FE4AFD98FFE9F6F0
:10522000D50E490C38FAD8F2E400970179FA78E9FA
:10523000E00212FF4F068CFAFF01EEFC7DEEE1EB7F
:105240002800AFF4E4F5F100C8F932FF49FAEB05A4
:10525000FEFD3A00EAF7DF0A7907E5EE52F31FFC9C
:1052600039FE960DB30F3C11CEF6E2E9B1EFF8F43A
:1052700034F5D201AF0C511078F50DFAC3F48AFE63
:10528000150BA002F707F312B70BAB0FFBFDCAFE1D
:10529000770E9E08CD12F600EE02F5137E01B0F5F2
:1052A0001F06070624073CFA111C921AC9F37DF861
:1052B000E2FF5A0CFA00C0005218110459F21C0106
:1052C000D4FE9E07D7FE8208E9FBDAFD4EF754F6BE
:1052D00099F5A1E2D2020801240221F4B10EE0FD09
:1052E000A703E5F8CDFB12F9B7F8D9F8DA0B1103EB
:1052F0006BFE5A0B88F9FCFA2B05B30201046DED25
:10530000A9F8F20A37FDBBF065FAFAFFF9E59AE869
:10531000FA0DF600C201CDF9280AD2FABAF6F6ED76
:1053200015F8D7F3B4F368FAFBF2C1EFE4E36DF4D8
:10533000AA0D710666F9D40A25F74FFD1EEC41FE51
:1053400099FCE3F6E1056B1423F3AB0069EDE1F79B
:105350004E0192FA1B139319C8FE7505F5F39900D7
:10536000BF00DEFC55133C07300FD8F4A7EE76F5EE
:10537000A4FDDF0D4D0E7B019B03B903A1F430F8B2
:105380004A16910B16F3A4FB94123627DFFC99F30F
:105390004B146E00B5096D0BA6199510780633F7FE
:1053A0009A0416F3CE001C01BAFA97053CF9B6EE42
:1053B0009D0698FD67FB8CF94514BDF4CDF59F0063
:1053C000E415820B71FFD9FC5EF8580341FB9A0388
:1053D0001FF424FBF700F6FE09FC76074AF71BE5ED
:1053E000B0F76E0296FB3902770B140CBBFBA9E7F2
:1053F000D2F51D01A4FF4FFB07FD11F2F2EA87EA87
:1054000082F1170175F918FF0DF2B0FD80E513F474
:10541000D1F7F9F58B04340C52F1D8E176FB2BFF70
:10542000EEFCC0EA3613660A36E6D5F20711AEFE88
:1054300044E8DDF6D70B611621F93401DF0DA5FB39
:10544000A1F00500A20B35FF90FE92F1F0F30EFBE8
:10545000E1065012BF0A030CB6FEC503B1F9F7ED21
:10546000030BFA063A0E4708E0062C1DFEF18CF7F6
:1054700002187A03BB0A0AFF7F0AA601F1FB04FCAB
:10548000A50366F921FDF7F888FFEA0504F9FAE5B6
:105490000B0DDAFCACF10CF5CC038BF684EAA1031E
:1054A0006A0409F68102ACF4D505A41C7CF16EF700
:1054B000BCE949FA84FABFF479FEF01025F1ADE6B3
:1054C0004BFF260960FFC0F19E1A4D0B4903B5DD65
:1054D0009F09C2F55D010F04060435EF8DD4B9E4D0
:1054E0009AF92AF971086407F4EDC6F7C601FA00C3
:1054F00051F77FFE16155E128BF1D2F65A0C5D0045
:1055000078ED85FDC90B6A0203FA8B06D108E6180F
:1055100076FD2BF53A0EDA0461FC050239F9ECEE62
:105520005903F5054405520F43FD59F9150068F478
:1055300063FB78FD200E1E00630305FCAE03B4F18F
:10554000290ED51FB3F941F887F2D30402FC2BF8DA
:10555000690C38058209E507881C72FDB0050B0C43
:10556000BE075AEF8AF96DF7FEFFBEEBB2FC59EDAC
:10557000EF02E7FBFDFFED08A512D91082F5A1FEB1
:1055800058EC6CF743015BFA17FC46F40AFB13EC8A
:10559000E3F815F133EB90F88601B40720F9C9F46C
:1055A000AFF80AFDFBF76409250ACC05DDF125E219
:1055B00011F8BDF79E097802E9FB65F4FCEC8DED6E
:1055C00061F13E012B11AC0F4FF80EFBA5F25F000D
:1055D0004400FCEC6701670D66F6BEF4FA04EE0DBC
:1055E0009C0141FA160AD0059C14430DA206060F31
:1055F00080FA3EFD7B0241FF9204E3055DFC1DF64F
:1056000026F8EC097804AE065A0C2A0BF5E4D5E628
:10561000B2FBFFEF8D0CFEF9F9F97AF4BCEECBEC9E
:105620009F0F791BED0B8A006308191972F488F932
:105630009F0339FC720705FFB5123B126CF7C1EDF1
:1056400091FB66F5E3FC2BFC00F916EF7FF047F2C7
:10565000410356F764F63303EF18F1022DF914F500
:10566000B1E908ED14060CFBC9FD09F0CFF460EFB9
:10567000F1FF8FFFD8FB73041DFF52101AE173F185
:105680000E08AE05E906FB03501465080CFA04F396
:1056900067F211F1F002E2FC41033E01F90646FA1D
:1056A000BDF3A6F7E3073E0CFBFB38FE50FFCD0B26
:1056B00039ED98F984F289ED68EC76FDE90BC414B4
:1056C0009D02B1FC42EB1AF9A714720A560884EB4A
:1056D0007AFE35FBCEF686F6A70C20042AE381EE8F
:1056E000EDF912F68CFD2EF7BA017305FEDF71E9B4
:1056F0003CE1BCF6F9FA2AFEDF0A55F915FC75F90A
:1057000022075B0CDD066C0C970B45102BF501EBAB
:10571000BDF61DF05E06F0FDC70464FAD6FF100565
:10572000E800ABF894F66F061804DBFEF3FF3DFECD
:1057300084F34EF50AF4E200B7057509EEF9BDE908
:105740008BF720F65BF9A3F3ED0073EF28EFD9F2A6
:1057500010070B0EE3F63DFADCFE0B0A02E6E2F35D
:10576000D90B000A0F05710644062D1287018AF233
:10577000C7FE2EEE4102EFF0A20188F7ADF7D0F69A
:1057800084F683F41FF760FE80EF1EE9C000000D71
:10579000C9E8F4FD88F28DEBB2E17AF6500DF4140D
:1057A00025FDC0F8D2F272F2B1FE5C09780CDBF292
:1057B0007BF2090156F1CFEC6C03BEFF72F0E0ED15
:1057C00026F828F3D503C3F17F0CC214E2EDC0E63E
:1057D0002DF8CDEC96F6E8FD6B01D2140EE9BDFB79
:1057E000210E030BA3FF7AFD24175709C40382F18E
:1057F00098F2ACF7F80BC1F7130AD7F329E689FA48
:105800000CFD51FE6EF506F522F7EBF931EEC9F508
:105810003AFCBBEE3DFDD10D92F8E8E7310B5DF5AA
:10582000F4E77D01160D24EF12ECE0FB74EFE8EDD8
:10583000AD02B208E0FCDDF66BF8A80AEEEB53F817
:10584000E308AE067D0A9E05700AE40FC7FDD9EA9B
:10585000C9FD1A00E7FBBA006E07EFEBF7FCC00EBC
:1058600035F837F478051A0345F6B0EAB109380C73
:10587000FFE1D6E7B2F967F309EE7AE5E10F1B091C
:1058800040F1A4FBB2ED1FF940003D040AFC6EFAA2
:1058900043F2CAF622FA7CFA8800650E590063F9D1
:1058A0005501AFFAE2EC47E8DD12000F5BEAE2EBEC
:1058B00032F538F3DBEA29DAB109811A5DEB02FD32
:1058C0000A0486FF9DFE1FF70423021503F2ABE1D5
:1058D000CDFD54E8CF0E3BF9D20DF0ECBCE440F71F
:1058E000590083028B03120665026A064CFBC5FA57
:1058F00017F8F8F939F423099BF4AFF6A506C8F0B8
:1059000059F774005BF815F0E0EB570393E627ECCA
:10591000E40DC00AFFE881F73D0A9A0B86F128FBE7
:10592000070FA10DF4FB4D0C5910CE10620146017A
:105930001B09B2038EF7FD0F2208A705430A571370
:1059400069FDF5F581FCC7027904AD0B0A24181F27
:10595000EDF118EF36FBA2EE0EFDBFF9CA12F30807
:10596000B4F53CFABFFFABF86AF553F30112B60881
:1059700008FCF9F5DB056EF4B10159064D127F0400
:10598000FFF59D01C2EDF3E7650CAB03F4F364E9A9
:10599000F0FC290BE9D926D93707960F17EC1BF82D
:1059A000530FACF86BE879F5360AAE0AA5DF98E438
:1059B000FEDD7BDF63F6DCF73E0371F31CDEEA04F9
:1059C000B4FE9EFF4C094EFF7BFDCBFF150F9C05DF
:1059D000B503C8E741FE8DFB33FF8FF4A5F9F6F25E
:1059E000CEEFEC0699EEC3EA8FE765F884F436E46F
:1059F000910D4D16C0FC1B03DC03660AC2E4B6F62B
:105A0000F406D91AF4061BFF7011FC13BDF17109DD
:105A10003F171BFB64FFB3066D035513CC134C1BE0
:105A20001802A1E80109900E7D179502131E601A55
:105A300091E9D0F9BCFA34F5C1ED340448181300EB
:105A40004BF4A9F33BF9ACF4CFF71FE9A613CE0F43
:105A50000903390B2DF7C4EA90F6F6F20A02BA05EB
:105A60000EFBC30E72ED54D68AFFB7F6EDEF38EF9A
:105A7000ED04D20F59CBC6DE99003B04A1EC28DC23
:105A800059FE07F178F3ECECD80B9EF2B7CF9CD21D
:105A9000D5E869F5B0F8B9F869ED74F861E4CC03BC
:105AA000E80122002307BC032A08E1FCAAF05C09F4
:105AB00034F5E0FF7BED8FF766E42BF07DFAEB0128
:105AC000B6FBE3003FEA34E4FDE6E6FC9BF390E03E
:105AD000531094109EF33008CFFCED0C56E2D3EE39
:105AE000A5153412B906E1FF68139C1236EF5F1555
:105AF000070F2D0B3BFEA60A9119891AEF1F2C1ACE
:105B000021FBE2F4FF046D083317930F96194B1233
:105B1000CFF1FEF74800C1F8BC036909F9FDB10CEB
:105B2000C30A46090FF757F882003DEFF517231314
:105B3000D3FC07F80CFEC3E6A1EF55EF83183FFC3A
:105B400087FBAA06E7F969FD9FEA9DF7B3FE05E426
:105B50009A19DC0BD5DB9FE7F610ABFA27E6BDE020
:105B6000590E91FBE5ED43FE180AF9E8BCE33CE968
:105B7000EDDCECFEB6EC5DF40DF2B3F415EF4FF096
:105B80000D0C770514028707ED0206003BF4B1FE09
:105B90008B01A7FE75F7D7EE1D061F00BEFB81F433
:105BA000C0F662FEDD0171FAF1E4A1EFD9FFB2F2B5
:105BB000B4041D0952F8610AE8F4F2F14BE19ED4F5
:105BC000E711A213B2FC8C015EF85C13E9F2CD057B
:105BD0000009570C3CF60A0F1B19ED15CA1ABF1F16
:105BE000B81B3608B414640979133316281A8800D0
:105BF00013F92F04C6061505751CB909DAFBF80C54
:105C00000AFE7C01ADFDCBF902FAF5FBCB1C971C1B
:105C1000F800EC024DF2A8FEA2EB4AF035024F006C
:105C2000BEFEBDFC2F0A0E01A3E339F0BDED86F6E2
:105C3000DA010506D4FA3AEFC508EF07B4EB15FA16
:105C40003702A11216049EEF79FE69FCB3E6A3E3C6
:105C50001BF350E556DEB6EBB7EC8EF515F1AEFE54
:105C60001BF624FEB5032B0D05F3660A8BFAC60A54
:105C70003304EEED0103F4FCBAFCAC093FF6290055
:105C80001BEF56F5D1F7DBEE66D201ED94036E07FC
:105C9000F80261119BECC1F440F5F3DE43E06EE2E3
:105CA000930842061CFCCAFED0EAEAF7B2FF6C0A6F
:105CB000DC0F241B8502241800089217B8172D1535
:105CC0008911560C89135E0B7D15FB0DB612BAF8BF
:105CD000A5FFA7FD0205AEFFA30C9C00B7049B081F
:105CE000760C06FF83F249FCF3022FF7AF21DC08A4
:105CF000610432097FEFAB02BBEE5CE855FA52F863
:105D0000AAFF51092D0267114BE6B7F217ED5BEAC6
:105D10005109500202095CF94B0F0A0A6AFFBAFCEA
:105D20006BF9470677FF7EEE590825F613EE82EEF3
:105D300068EE7FEFB4015AED89E257EE62E8230482
:105D40007E041B001302B4036F09220150FAD6032C
:105D500055FC14F97204350C09F5B4F527FF77FCEE
:105D600074E843049EFC65F364EA03ED850067FB79
:105D7000CB0A420EDFF12800CBE528E18FD611E1F6
:105D8000180B550E69021102F4DA1EEE74F28AF352
:105D9000151A10179E04950358F10D02490B72FC59
:105DA0002209C510EE0FD1FDB9018702B901C3F771
:105DB000A50A4B058CFB2CEB870687FB24FF4A12B8
:105DC000521005FCFCE50DED1F04B6F741FF6EF720
:105DD0003CFFF7FDC3FF0219DDF6BFF92EF58DE399
:105DE0008FF672033B1062116AE168084FED41EFD4
:105DF00088FC0B01D50753FAB00B9604AAF41704DC
:105E00000BFC64099DED64DCB3F55DE613F44BF91E
:105E100039F986EE72ECDB018BED21FB39F855FA8E
:105E20008AFE45FA4E0F7A1168ECE4FA76F78FFB9A
:105E3000F9F59BF2B606D702F3F097EA81FD660703
:105E4000FEF409F5CB0150F982FA95F494FF6DED5B
:105E50000AFC81FDA4EE5EF24BF326F7AEE26EE89B
:105E6000DF0FCA117100DCF953EB8DE6CFE8CDEB03
:105E7000590D72089EF73EF95CEE84FAD7EF72F086
:105E800086130116E903A0FACD0D6A049F04A80940
:105E9000EA09230D2BE106F99CFCB2F2B40FBEFF18
:105EA0006C09950081F9A4FE2DFD280020FADDEA99
:105EB000A5003904EA00A41E23F89D0417EAD8DFE0
:105EC00045F80B0601186D17D1FF48FC97E50EEF5A
:105ED00021FAA50AEAFCC5EA250552FEBDF6330AF9
:105EE00082F9B500D5D468D992F21BEF48F95F0466
:105EF0009CE7F8F368F737F4E4EC390036F82F063E
:105F0000EF04BFF125016A078C05AAF6A3F828FD66
:105F1000BCF6550006F886FB0AEC8BFE5FF6CA0657
:105F2000430488F886F406EF25F83F060D09E9F7E3
:105F300061F93908BCF1A8055304BCF33DE09DEBC1
:105F4000110C3808F6F6BFED07FF9EF1E0E1B8E767
:105F5000A605711498F3F1F947FC40FA82FA15028C
:105F6000460B49073EEFA1E728F23DF11F06120656
:105F700067FEFF0A5DE516FCABFE33FF641245F7D2
:105F80006D0BF4041DFFDB0C34F8D0FA08ED1AE1B8
:105F9000B2F5E1FCAD0DCC164E0B5C0388F1DCFADA
:105FA000ACF5CD068618AB147BFEF60EABEBF30218
:105FB00012016106A91000FDC204170415F813159B
:105FC000B8FD0503ADEF0FDB7AF963F8E8071504B8
:105FD0002DEEA700B4ED5202BCF7AEF2C50008FFEB
:105FE000A80840FB18F9B70E0F00A0F9BA0919F874
:105FF00010F98C0E65FB3209A612F50F46F9EB027B
:1060000033F5E1F569FC43F3EC0654FCE4110EF6BC
:1060100025F23003C4EC940542033105E2ECF3EEC3
:10602000AD00BE097BF778F793FAB30D95DCD9DFA5
:10603000B004BD08E9F943F62302CB08E5F911FFE6
:10604000E7045AFD86E312EECFFA89F78A0DE108DC
:10605000CE09C112D2F20F042CFFDEFCA7052AFEE6
:10606000D30D480994F84B06D306310E3DF8BEF027
:1060700086FEA700DE15A519CB02C5FD11F9BFEC00
:10608000B4FABE0D8B17F9150B0520083AFD43EE47
:10609000CD077EFCA605A5FE120E7714C0F75CFEA8
:1060A0009EFD2907A9E2DFEBF0EC24F1F70BA10834
:1060B00010FE0304B1EBBF00AAF590019A03B402ED
:1060C000CF077AFDEA07CA0C91F7260D9C0CAE07A4
:1060D0003409E81106F50EF8A70EC2FA70F911FF9F
:1060E000FA03E1EFF805EAED5B1692FE9903F0F38F
:1060F0002AE8ADF2DAF436FDA30AE900F6E79AF5EC
:10610000F706260796FBDEED2407AF0774F994FA2D
:10611000D2FE2004CBF362F7F3033DFECCF379FD0E
:1061200038116C1105004F0424FEAFF4DB0715FF96
:1061300068096400EE0F081142F34E0676FEBCF1CA
:10614000450B8EFEB602F105FEFA460D2DF8E6E38C
:106150003EFE16FB631AEF1013048FF3F3FABEFC36
:10616000E1FAFBF73810FBFC830DA31095F85BFAFE
:10617000ED0357048D087DF8E30C51FD1D0897F9D8
:1061800044E9B7FE96E817EE70000FF781F970EF5B
:106190009E0F9FF7D1F07FF773E7C70507FAB608A0
:1061A00036F84FF5F4003E0420F8E8F8170B0C021F
:1061B0008C034D080CFC1309DA07B702820DFCF8BA
:1061C000DD02FBEAF30D2CFFF5110F0C3DFFBBE7E1
:1061D00089E37AE75B040B0B8C04DC072DF296F95C
:1061E00061F9D1FAEBF041F2B9092103E6060C0599
:1061F0008800AE04C205900D4506F10245FF4DF141
:10620000081A6817A0148D0AB3F7030933F963F568
:10621000D30864119D142E1BAB057E0D40F546F08E
:10622000CD01AA00AB13ED0B4E02D1097600A9F700
:1062300039029A032F01E40FA50E9709A308D8018C
:10624000DB036B03BF08ABF4E70D330B0C0D8C0EB7
:10625000FDFC9C01600629FB9CF55F054C02D011FA
:10626000F0F3C5FCF5E29DEE51F98EF9B00203F9A9
:106270004406EFF82CF490F52C103500EA0B4CFE98
:10628000AC01E5F7DAF8FAFE6F0833FDB6FE2EF63C
:1062900084F81E08440E6212BC0CE222BDF8B3FA68
:1062A000620288F2ED176302281AD61170FB23F6FA
:1062B000D3EB1AF4860CB213E7F94FF8AEEC78F191
:1062C0002F0067FC08034D127FFF3C0B21FA3B01B6
:1062D000D0F74EF247097618E003E4F443FEB6F92E
:1062E0009BFB8EF6BA0F56120904F6FA2A06FFED4A
:1062F00043F38BF8DC0BBD136406C70701FA95EE78
:10630000FDFE0E0154187A141E0D8C1159F6B804B6
:106310001BFC9A0762025BF55011480421FDC4FA88
:10632000B70720013B05A0F9B505E2EAE5FA12F846
:10633000430053FE49F70D0787EAFF009EFC29FC46
:10634000A8F2A9041AFC7DEC36F324E9F8019CF9C3
:106350002CFA4A0A50F7A706430A2A010D0F250016
:106360000608CB049EF90C00A3073BF85903D4FCA4
:10637000ABF9250405026615F5085B17EE07F1FB7E
:1063800075F397FE5B1E0A16F3086D02E018EE0A1D
:1063900071F5B5F10D1D8A20C2F51BFAB1FC3E0660
:1063A000C4E61DEF6019FE2489F81C08E3031F09E9
:1063B0004DF7E6F28221EF144D08FD07940388F0B3
:1063C0000EF7EAF75C20441A1C0C430D73FBB8FB74
:1063D000D2F7FB0000177B17430E64043AF7310134
:1063E000FDFECEF60C19A90C851B260D92FF6B1530
:1063F000C402B6F9DF0A35FFCC071705391C5A0C61
:10640000C0056FF5A3F505F9B8FF70F48BF9DB074C
:1064100076F5E7055001BEF9F80ACFFE22FD4A15D0
:1064200099E28D02D2FFC9F063015DF80322C00C2E
:1064300009F9C60104F81104EFF659020206320AFE
:1064400075026C0079FEBE078606450385FCEEF9F1
:10645000FA0FBA0412FA83F0E0033DFEFCF7CC0118
:106460008907D6FA5302020693F3D1F65215C204F5
:1064700067F057EE492A3B22EDEA6CE853F7BD0975
:1064800094E968ED002C4126CF004404BE1A7E0E2C
:1064900016FD02F5D32CFD1C3B0453FA5A0BE30AFC
:1064A000ADE9C1F30E2ED72547004306C907DE012B
:1064B000BFEC8500BA00610A8D08720C360F9C0C87
:1064C0009FF02AF8F315E51C17FCB8F7FC13590EDA
:1064D0001DFBF2F7A10AAF1AB80AD0FCB117B3023C
:1064E000BCFAF3F91CFEC3FE88F72A0DC1EB33F3A7
:1064F00033FB5A0AE311DF0570038B1122050413E5
:10650000FC09DF039B05AFFED3090FF59D12F405CF
:1065100091FD32FAF1FF20F6A302F905C20D2A021D
:10652000DAFA4C040BF87D0761F94A0A4F093D037A
:1065300048061FFAFE004C04E3F7B8FB27FAF904FB
:106540009C012303A30E32FB9D076DF28D0E9D115E
:106550003202D101B6F46BEED6DE72E7F1FFB31969
:106560004BFFAFF137FDF1F92FED6CF1E5006B1644
:1065700064F456018E0E461E06F738F6F50E10FD31
:10658000B715520A5416261E3BF781F6DA0AAD08F3
:10659000E6F8D8FDA6085C0866E7E0EDE521A3175C
:1065A00090F9A500AC0C5C0EC300AF05991A7C20D5
:1065B000FE0363F5C41AAE0E28F87DFFD323B002A4
:1065C000B6F0ADEB560D7902F7F958F94CFF2BF701
:1065D000AEF268FDBD0C971601F439006BF362F260
:1065E00095F6CEF86E0221FFDFFF73F7CEF8D1FDEE
:1065F0004A076208030A7500F1F9CAFCBE02B80234
:10660000B4F9E6FDC0070A04C1087F04E90988FB64
:1066100069FCCFFA60FDF3FB250494083F0006FEF9
:10662000E207530410FFD9F9190153FD55FF65FA2C
:106630009CF996F46906EC072DEB67E5E5F48DEE21
:1066400030F5C2F7BDFAFDF432EA11FCA9F22BFCD9
:106650006D03EAFE080059FDD1E4F9EF1C0D520D5F
:1066600063FE4CF5DB08E8FE47FA34F6280314FC19
:10667000ACF2060921FC6208F8E7CBFB201FF20B05
:106680005CF817FF59FB7FF9C3FBEFEA0117880697
:106690009005CFFF1BF20CF252E841F59211D61192
:1066A000A9FC7EF67BF3DEF5E0FA88F00B04EB0143
:1066B0005CE7F7F27BFE480723FE1B095BFA0B0A37
:1066C000F6F8450033F9B40021F76DF6CEFB63F719
:1066D00026FE22049C0859FAB1FD7D0148FF8CFA80
:1066E00075FF150AB4FABFF51E051FFCBAFDEC06CE
:1066F0000A0A090725045EF87E010B010FFD02FC62
:106700006203B2F71B09ABFBB8F73CFCE8FC0B08D3
:106710001D0596000FF75B0286FE850186011308B2
:10672000DD08F70854FE60FE15003D0AB302BFFB0A
:106730000B01BAFD270352FF29F8F4F712F985F887
:1067400048012201B402A502470764FB79FC1FFF40
:106750000412B1F859FD62FBF2FD40016BF3C3F77F
:106760006902F1095809C2025F0838F9F802B40653
:10677000C2F93F08D7077C08CC00FBF5C5FEEE0246
:10678000CA04CFFB4FFE9B0039FCF409C4F993F611
:10679000A3F97B02690013FC4905F800B7052F0631
:1067A000AFF51FF69BFCB905C3FC0B0538FCB5071C
:1067B0001AFA3B0306FE4AFA5BFE30F94A00150658
:1067C00087F8EE03BAFD9AF59905E50863F8F1FA42
:1067D00060FDB1F8BBFE9F074B04BC03C6056E0409
:1067E000FA0A7CF909FB3307280A310BABF777FD6E
:1067F000770FB108C9F0E8F3D7122B133D075A07FA
:106800004F109C1056F6E5FACF0712113416791383
:106810000103FA0E1AFDE1F65208CDFDD8FD07027C
:10682000600E101CF1E8C8F1BDFBD807A604B9063C
:10683000C8F5090B1CFD76F30801ADFA32F8350CEA
:10684000EE0EC91A69F19DF9F411060EA60696041A
:10685000930ACC074FF4F5E3AD103012870FFA0915
:106860002F1662015AF1E3EE1214BF0502069F13C0
:106870004B07540F4DFAC3F5FC10B007DA0AEA05CE
:106880001BFA54FFB3FE44065A01BE061BF61FFA5C
:10689000D70960FEEC03B8F87AF5010A92F8AD0961
:1068A000D80816F75CFC6609B3025801F9F66004D3
:1068B0006DFEEF0F6704F2F23806FCFF0B0A95112C
:1068C000BA18390AB7F8D7FDE1025009380CFE04AE
:1068D000090C3B1FF8F894F6A10B4B13B7FD3910C8
:1068E000101FFC267FEFA4FA061FA626380B6A02AB
:1068F00040195D2333F74CECC21B6E0F9AFC520813
:106900001C168101CCF3FFF2AE22A50E9509AC0551
:1069100067FCD9FE780429F6D50BB31F69003DF951
:1069200093FDFE0150011A054D1E742A8707471278
:10693000110EEB0235F840EDBE212A09F2014E049A
:10694000BC08331555FB66F79E22EF22531115063E
:106950008B1A481B8DE87CE18D16FD13A517D0110D
:10696000AE046A0095F64DEBC510C0084BF5B1F4C6
:1069700094FE9502D2FC50F79709C70953FE7401A3
:1069800095F811FDC507540527FE1DFE670294FF0B
:106990007CFE2108020643F52E04C602BFF437032D
:1069A00041F9B70A83E57103030D40FDF00A0209BE
:1069B000170AE4FB77FB8BEB87087B03490027086A
:1069C0004EF6051DFEE3DCE37A06D70EC910CFFABA
:1069D000A00C3F0CA3FEB9FB600AE00D980A560F0D
:1069E0007D093A049DF38EE1790477025E0A41063F
:1069F000F0FB39FFC0FF3D0E950E98156CF745056D
:106A000012F86D01A11B2D18B3155705B90650FCDE
:106A1000AB04D7008517070CD70AE20B880B2C0CA8
:106A200041F388F911067900BBFB3B147302D110C6
:106A30003305F715FDF59EE93620701699095E08B5
:106A40007603AE04B3EA04EC200832FC940C6BF736
:106A5000B5F74E02FFF011FBB50B8A005706EAFCB2
:106A60002DFB9DFD9BF6D4FF7A01F90692F5B80047
:106A70008AF959F4C30BBBF951EDDCF505F9F600C1
:106A80000CF191FD1301D2F64AFB3AF9CD14ED0950
:106A900038017CF695EC16EAF609ADED41F1A80651
:106AA00094FCB81644FA4AEB3706540DFDFDBB08BA
:106AB000A3FD54FB21FE5B096E033302650D340315
:106AC00012FD0C047A0289FCCD1CC50D08050100DD
:106AD000A00B63F9F2042B06A4170701ACF313F71C
:106AE00097F62C00D416B918AA0C3107370540F7D1
:106AF0002007B7F8201C860D38FD75062F01A30A64
:106B000015FE45F1591DE703B6F9EB0ABA0BEC0E79
:106B100008FBD7F9A5012FF70D06D70DB2150916F9
:106B2000CBFDF50295F7BEFED7089205FE0ECCFF11
:106B300020081016A3EC6CEFD501750CF009B50117
:106B40000504C107170A480307FA77F52B029504D5
:106B500093F7FCFCA8F9A7F2BCFA460434EF39EF2E
:106B60006C0990F590F4F0F130FFF0F8A30741EDD7
:106B70007EF627FF6CEC33EAB0F0B6F6D6F7060ADD
:106B8000C0024FFEB1F2B5F455FB8C048A025618D0
:106B9000DD047D0D2DF96FFA970C4708E00AA50278
:106BA000E3070B0374F605F2B605070931F163ED4F
:106BB00061FF2B0BDEFCE7FE81034E0B0CF7ABFBFA
:106BC000DF06E6042014820B9B0CAE0850F59BED0B
:106BD0005EF817FD4425B11B6EFEC6F853F17B012C
:106BE0006EF64104021C310999FE12F9DEFC3D05E6
:106BF000A9F1E4FBAE145E08A6002FFAF80D751497
:106C0000B1F41E0486FBD4FF580FFE05C918870B8C
:106C1000EC004C0EEDE3DDF4EF1B2505901D4D0C53
:106C200059F9A0FDD608AB014EF642FC0DF7250739
:106C30007D0AB00FB90204EA3D059B047FFC2EF3E8
:106C40008DFE900243E726FF50F614E39400810185
:106C50009104260EC4EFA1FD4FE700F4F8012002D5
:106C600043092E08BDF77F0E510AC610CD0E090E3E
:106C7000F70749FFE1FECFE6100927FD9C017208E6
:106C80008C0A4FFB3AF4E2EE5B079803630365F569
:106C90001505590190EEE4F878FA8F0410E74EE4F8
:106CA000BAF9B3F6A0F9E00C50FF32F691F15FEDBE
:106CB000F3FDE6FC6F16361F59F8C601D2DCA0F7CB
:106CC0000F00A408C217490F78E9E3E731EA93F20D
:106CD0005E0839F945FDE100C5E402E96B0A9B2035
:106CE00018FFDC0CA6015CF96504202CBF1A5219B0
:106CF00003EDBE0CCD0091F1490854072F0DA208F9
:106D0000B2FAEA08D207170E8600D603650964FCBA
:106D1000E507B80D98F5AEF998EC79F005078EEE19
:106D20005101E3FB8EEE1C0857E009E9B00CF805B1
:106D3000FFF9F8088EFCB9F900ED66052BEEA10607
:106D40008502BC03F0F984F57C08620D48018903D3
:106D50007406DA064B0165FC760C06FD5E0AC1037B
:106D6000AC03CB0AD8FDA1F8BFEF1BEBD9F8A4F513
:106D70002601F6F83AF0F3F400F9A3F0E8E459F547
:106D8000E2F99C01BFEFE81018ECA7EAE9EAD5F4B4
:106D90007601AA088F19A61818E54FD6E2EBCBEDBD
:106DA00088011A0AE022BB052CE5E7E4BEEC4800A6
:106DB000320D2606C40BF3FF75E6BBEC2DFB08175E
:106DC000D50DF8FD380063F8A2EE2510690F871A7B
:106DD000E3EF5A125CF60AF6170B6F07E715F90096
:106DE00084196316A4F2CE059C00C80E61102BE630
:106DF000F904490B77FE3E0016EEDCDF2601D7FFD3
:106E00009201510352033DFA37CA6AE48AF756F7F2
:106E1000AF091B0190F33DEEE0F4EAF62FF5910483
:106E200063027EFF62F712F28F054308410B3908B7
:106E30005EFE4A0104F57AF82B0A89FD3104C3FF8E
:106E4000EEFED00349FA3DFEF40478F67A04B6F279
:106E500002FE68FC36EC1EE402E785DBB5F0DFF1EC
:106E60002F0BF608DCDBD709B3E826DFDCEFC5FD26
:106E7000E5FDB00A84100D18ECD1E3D38AFA14F1C1
:106E80003E0990FE7019A918F6E7B2EA0A065C00FE
:106E90005B0B8609F50DB2F519E516F749055F0D8F
:106EA0000A06E2F89AE87AF41C031909E514891D28
:106EB00013FC39021AE5F9FF7DFCA20FDC0A9B10D6
:106EC000780EDB08D0F821FF0A0AB9135AF81EE53C
:106ED00010FF920FDA05091098FE63F09BFEF5F89B
:106EE0008CFEF2FF32E756EA10CF53E01604BCECFA
:106EF000E4FB5C0167F7BBFCA4E76EE6E9EECAF0D1
:106F00000507240B12F3AB0016F3C9FAF90411FFBD
:106F10005D022EF7CE09160350F520072E045C06FD
:106F20008800A2FC11F371F5F6FB44E0B8FE2DEDEC
:106F3000EEFC4E0183DBEBC8E8EAAFE00FE28EE344
:106F40008D0685F6FBEB5A058FE0DFE1EC02EDFDE7
:106F500097F99F05AF190B18D6EB80EF13F99DFF3A
:106F60004E07D5010917960941EEB9FFE6059E0CBB
:106F7000AB027B09C507CEF7F5F210FBF9FB550212
:106F800064FB68F58CDF01EA3A131B0FF309621DFD
:106F9000D404B4FC4CD6DCF09B1C8D153A0063EC99
:106FA0002F164FFCDF039F048705CD054F00BEFD64
:106FB0000E121EF88AFEFD09FC089EE42400EAFE7B
:106FC0005BFDADFE67EC35EE99E96EE17CFAFDE321
:106FD0000F0447055FFDAAF686DCF9F1B2ECE7FC89
:106FE0002E05ACFA2D03190377F5800748032F0D02
:106FF000D2F98BF859F873F906F762F9430C610D71
:10700000C3FBBF0164F6F4E95707CDF96A0B97F1AA
:107010004009D5F6D3C6F0CD81ED3AFEA8F4C7EA13
:1070200093F58FFDF2F24A0BC7F5A6FE9E008D0385
:1070300084023A06AA10DC2538F703095806F9F04D
:10704000E7015A0EEA1BC1035610640D27F87800B9
:10705000A704470B7EFAAAEB180F620FCF01C6F602
:10706000D90F76ED2AD9D0E68A25E315130EC6FF8F
:1070700095FE1AFEFDE1ACFC0E2D370A3408A3F193
:10708000CC123F1B9403AEF322FB63FF83FC63052A
:1070900012F58C110DF6A6E98AF488EEE5FC0DEBED
:1070A000AA000FF745E90EF9D0EF84F385F095EDCE
:1070B0002E0225109DFD7DF787EFCDF4FEF63105FC
:1070C000F9FAF7010706D1FD170016F4F7FE0B14C5
:1070D000F1F36208E7FFCFEFDDF589FF060BD80477
:1070E000AAFDE1FE16FF4EF86D038F0FF601F0FECC
:1070F0006703E6ED87E5AEE630125A1416F50CED9F
:107100009BECD3E763F5630FA001D0F9D80FA80B70
:107110001CF3CA06F7187C1EA9094E18510C2DFF46
:1071200034FFF401C210ED0AC10970138FF6F7F4B1
:10713000DF010F1759F851DC480EFE14F2FCA8FCD1
:107140004A107CFDCED449E9361AA525080F55070B
:10715000D0FCECFBD2F2F4F5F918E70DD90AE6FB06
:10716000D9094206E9FB0AFEBBFDF6105BF7B2F651
:107170007CF3AE046CF617EDE315E31DBCF0E707F6
:107180006CF30D0184F2C202CAED69E42DE972F7D5
:1071900025F177FB2709E3FCABDE09F0DA09F20DF4
:1071A00083030A055B003DF9E500BBF2CC018107D2
:1071B00041068DFFDCF2BAF3AFFF89FF4511491399
:1071C00047FB6AF8A5FCAC04AB0D4F1935FEE80689
:1071D000DBF350F2E6EAB3F7AF1A3D15F9E549FFE4
:1071E000F5E5B3FBECF8F2064C13F605DAFE49FDC3
:1071F00057F35205E30E7E16C40D80122CF88BF562
:107200003402BB0580163F0003140A12A70A400986
:107210003E15701759F62AD4590C5905A3031206C6
:107220008E2F050FD6DD14F2421367241A114EF289
:107230000006530A6F0B6708BA23E20A24E8FDEF41
:10724000100449FE48FAE201A6FBEAFF7C080503A8
:10725000890CA81186F88DF7B61E3B11F4F763F37D
:1072600061F321FEFEEEBC05CDFCB3FD2EF02E0336
:107270009F03E4F6F30A30FD67EA40F34C0327FE70
:107280004905740667FB190683F7C7F5BD0A75083B
:1072900078FE810C13FEF401B606F10E490B65FD74
:1072A000110F7002BF0B9304841A7F1062FE76F9EF
:1072B000B10222FB64FC12EEA50EF9107DE9B7F8CD
:1072C000F4FD31EF8E0183085113150A45029C022B
:1072D0003804F4F496105D14B00E6A0D140FEA0829
:1072E0001AFC060807156B03930C3014450D520A5F
:1072F0006607E22187F9E1E81213BA0F6F06361923
:10730000211FCC15E4E712013D145A0D31FE63E84C
:107310008D088E0FBD11FC063917111CE3E2C9F26E
:10732000D5FE9DF643051B02C4FE27027A04F5062E
:10733000560468FD0EE01EFC4507C80D5F0053F7BC
:1073400077E89100A1FEF51337F8CEEDDDF2DC040D
:10735000A40B7C08090B9D0AB6FFA1F4F40A2A01CC
:10736000BCF72A0D06138C031701FFFF1C076A12D6
:10737000B6047F0BF2F726F5971171212D07221223
:10738000EF0C4D057105E0FBAA1A4A0D07FE08FE39
:107390003A0757FF76F631F50A127619E0EF9CF8B6
:1073A00028F694FD4CFAE8111416AE08C3F408FA56
:1073B00003036DF6270D6C02B913190D5F0B0BFB60
:1073C000CDF7B30027084EF8AA07580E49010A095D
:1073D000BC08CF0209EFB8DCDE067E0B8B10290556
:1073E0006F109012A7F7F014320FD805B618E00509
:1073F000491E1C046E102CFE5A169E1674DCD9F819
:107400001CF8B00159F20302E8FBDCF6C903B3062D
:10741000D1EF15000304E4FEEFFE03047C0B76F4C9
:1074200000F15FFA04135809D7E6EDFA63F0870B11
:107430004104D2007212970A92098BF8D4FE2A17DF
:10744000EE03060D5216FF11B712BE074D0EEC0FDC
:107450005E0FF50A2DFEBC09721CD623F4007805D8
:107460000B0CFA0BE5F9AEF1C810D50F440D6A0408
:107470001DF8130BA9F07D003E09790A9908A9F8B7
:1074800083FD9400E60BCD0CFA0FB910A4001C0488
:10749000A2F949F8DD08B70DBC0FC80E3E04FA0288
:1074A0006FFDD2FC8CF323EC4A02E60F29F2ED01CA
:1074B000E204F7FDCF0156EE90048EFA1010690E2B
:1074C00025118023F2FBFDF32F00850A8604F400CA
:1074D000560CE616AF150508BE09321140F0CCF384
:1074E0003DFA4DF462F9CE114FF876FA4DF32F03C1
:1074F00049F82EF97608120573FE77FA06F79D0C07
:1075000038EF5FF5B807F907FAF05EF7F5F331FDEC
:107510007203B8FD9A02F700970D4F036603A50AA0
:10752000BF07830D1A04A90F93160C12880DD3FD03
:10753000E30B1814581152018A22911DA20348032B
:1075400002012B0A9AF9540117145C05AC0A430690
:107550003FFBE90DD4FBDC0A5702800BAB09220D7F
:10756000AB036B05CB018A069D05B3122CED50F6DB
:107570008BF1D2FD90FE63F7F204C4FE1FF2BB0450
:107580002EEEBFFE64F9B4FA450B3E053BF5B70499
:107590009C0648097DF956ECA60AE60598093B0BBE
:1075A0001208EA179EF414063FF6F51BBAFB5400C6
:1075B000F00C5C1572105CFDA80D1C0364EAADECC8
:1075C0002C0AC2F436031009F9041DED1109D20882
:1075D000E2F024FBF61228081E0CACF5090623FD88
:1075E0008E02E20253144E033108C605A8FE1901AB
:1075F0009AF7840521FE700EE50E2904740AF0FA4C
:1076000033FB4A06CB10EC031E10A01EBC0D4BFC36
:1076100081103C0BAA0D50078F136F191A026702D5
:107620000C168D0108095808E8FAE4FBD50BE506AD
:10763000A8FA8C025300CD07C2F88CF7EA02820840
:10764000D1033102390E2A0260FA480B0D00A5F968
:10765000B3EDABF293051EF98D074D09D2FCA6FFE1
:10766000B4F261FE51F6CEF9A9085711B3FEF5FE4A
:1076700004FA7705A1FE3DF4DBF84CFD2C14DE0F77
:10768000E60B8B1D13EFE700A80E0D19920120F6F3
:10769000940086111F10C7014B19BBF924EA93F51A
:1076A000FF00BDED18F87C0B0AF6D3F023FC3FF782
:1076B000BEE914F624099224F1FA4AF9B8F1560009
:1076C000370192FF9D0C15058B07CE08AD070D08FD
:1076D0008AF6E9FB3AFD2A1053167D18AF0013FA1B
:1076E0006703B3FB28FFC101B30E53081E0277FEE8
:1076F00089FF520CDB02A1F9110C0FF4EA04E10F2F
:10770000EB07B5057401EB0977EDBFEBA11836184F
:107710007EF275F5E606140600EBCDE8A10232FD17
:1077200003033CF36510420B92F4D1F59CF4D9F6B7
:10773000ACFD26FEA309A7F60EF93EFA4DFC88F52E
:10774000C5FF13FE5AF66BFB5BFDEC02B0F73D0B79
:1077500092FB0F0012F031F29503E70F0B083AFC91
:10776000AF03C41322ED42FB4B17A6158AF8D1EBE9
:10777000E00F550F09FDA5FC4523E118DAEECBEF2C
:107780008DF2CD0F420AB4FE32024B06CAFFEAFB6D
:1077900053FDE4F2EF0F851583085B028BF266124E
:1077A000EFF65CF17111C20B24179B03DCF477FB3D
:1077B000F5F33704BC0F200318030A04F2FE01FF9F
:1077C0000E04E3FC80012B06DD083D091000620970
:1077D0001F10C9021FF888FF57FB38FEF5FC3E1941
:1077E0003308AEF9EAFDE0F9CFEBE6F2DA21B106B3
:1077F0008004DA01D7091D1169F3A6F56D05B50CF2
:1078000038031704A20BB90669FA4CEFC2FDF9F26E
:107810007BFCF9F44007E10196F474F3C909640AAA
:10782000D1F386F6EFFDBAFA09FBC0F5E0FB8D0354
:107830001602C80368F0F9F7F8FE3F0018F417F7CE
:107840001AF9BE0414FB2900B8F4BD09CCF997E479
:10785000DA15ECFFEA0EE3FD470B270A15E536F8CB
:10786000C4F5020634FF730D76F54BF60EF925FFCD
:107870005DFD0D054F030027A2116C0BB4F8CBF88A
:10788000CEFC38050D189714380931043E03B7F8BB
:10789000ACF2D003CF0A8E02DE09A10116EB41FE45
:1078A000D30A61FBD402EA0232F6DBF59FF77804D3
:1078B000010C17159BEBF2F8330011EF6204910BEA
:1078C0001012B90FBDFC9503D8F75DF3FE15570EE6
:1078D0009C052EFDF0FBEB046CF042FC9705D710E5
:1078E000CFFA6AFB62113D1474F517EFD6F932F93D
:1078F00014F383F6B10FD0F3A5E7B8EA23087905AE
:10790000CDFE6F03D3EF6FED50FEC402741048F24A
:1079100013F854FA1200C5046A0234FCE9F449E889
:107920002BE846E6400FD2F6CBF414FCF3F047F216
:107930004A08B2054D089CF92C03FFF2ADFB9AFEF4
:10794000ECFF08079AF66607F0FC0202E9F47E05F0
:107950004911560B3A219B1BF0FA8F030104AEF636
:107960002AF432F49B09F50A1C01890CFDF931F067
:10797000D70630F925FC83F62CFE5F1433E2FBF6C4
:1079800041FE571169003FFC390D6B11940450FD05
:107990003F15B50CE9EFFCF16EF96206630D1D159C
:1079A000950D5211A901F2017408EE0C8B0BAA0B74
:1079B00022090500CEF6E4063DFD0601A0059C095E
:1079C000F5ED84FC000AB40F7FFC08FFAE028A0FBD
:1079D0007FF493039EFF9501CBEB0502D804680862
:1079E00084FE07F850F79F02BD0558046B01F6F2BC
:1079F0006E0948FF6F04B80774FC7DF9210361EB41
:107A00004FF139F3D61BEEFB40F8E80207E32BEF0A
:107A1000B90AE30384FAB9F9AD0EF30723080A0A99
:107A20008DFA10FECB04F6041805E2F99BF49C00D5
:107A3000190E08147F1BB7FDE2FE78EFC1EF8BF142
:107A40003D014D0AA0F270FC710333032AE913E1F2
:107A5000DD131114D90CE4FCA5069C00FBDB84DFCC
:107A6000670EFA1505FBDFF94004B505C5F2FBFE0C
:107A70008916130A3E02C8FC2005B21614062E12FF
:107A8000C014080B35F362FCAD067C023009050D0D
:107A90008906F601D0F74007E3EB4AEFB205380854
:107AA000CF0404F3D80DCBFE87FCB9F68C159500F6
:107AB0006F01BB00CE0BE3F7B6E9C0FD3800A7FFAE
:107AC00026FEAC027D122E156AF540F7C7E6ADF032
:107AD0003604D2F4CB176509A7F142F29CF98CED7C
:107AE00077FB3801BA088EFE7F0137028AE65CFE1A
:107AF00084EE36F93402FE012EF470FF1D1695FC5B
:107B0000B2FF34F605F69E09D5FB27F7F50031FFE5
:107B10006F01F9FF3F08D1FB44FC1BE486064401DA
:107B200088F8A10231F6DBF43A0CF2FD44FE0CE7D2
:107B30003404D709B6095E0719FE87FB3EE324D853
:107B40001813B70A28F7CCF7B00C0B1103F249ED64
:107B500050074A119602E4F3370097036CEBC2FC1E
:107B6000F1090B0A87F4A4FB3C018BECAAFF310559
:107B70001F07A8066F0058F9F3EAFAEDF2117E121A
:107B800050FACA0816FB4104A4F9EEEBEE11E8FD29
:107B90009CFA8606B809340DCEF157E720FA25F491
:107BA0001BFBDEF92E0EF617C5D8B5F3F7DEE3E7BB
:107BB000B60BF5FA59112DFF34F9BB02BAE910F9E9
:107BC0009DF375F04D0829046AE974FFCAE6440480
:107BD00000E8F4FDBD0515F7370121FD660D5B0AD0
:107BE0008B05E605A208B606FEFEE305EE050C03CE
:107BF0007CFDC7E9DFF8B707E2FA0AF4ADF23AFB19
:107C00000CF6C2FFFA0474FA5DF611FC0C0897EA50
:107C1000B4F655FA030DA5F8E70497FE49D8EFE04E
:107C200037F4B402EFFD84012302281909E27DF242
:107C3000CFFFD9F6110F970CCE0D740924EA1AEF75
:107C4000ED0C2500890453F93F0351049906230FD5
:107C50002107C20297004CF971013AEFEB07E30AE2
:107C6000490F5B09DAFB85FE160829F76D0648EF18
:107C7000C701400D06FAF3006CDC86DDD7EEB8ECE8
:107C80001CFAEDF9F00E4010CDDA18E705E345F1E6
:107C90001FF2F0F6EE0CC314A3F539FA8FF663F673
:107CA000FB151310C6075F06BFFF7BFC54ED1FF4E6
:107CB000C0FC47FB440026FDFA03ACFFBDF4FEF513
:107CC00039F950FE6B072FFBAA067DF74B00FEFC2F
:107CD00029019AF911101BE47FF894133704A609BF
:107CE000A7F1EBDA3CFDCB1289F128E3B0F27BE699
:107CF0007FEAE4FED304DA0F57F08BF44ED6F9D6C0
:107D000095E826EBAA0362055CF260FC20D4ACDEA9
:107D100037F4B0F87B185E099308FD0757E43EF38B
:107D200038F0F4F5730516FF6B19D10C3AF66AF2C8
:107D3000F900C4090DFD63FB2A1B341047F689FFC7
:107D40008912F7074C0BAC026A02ACF44DF573FDD7
:107D5000D600B4F70E04CBF5C7D86FEDC5F62CE905
:107D600088FE33F510F0F5F5D9E9DC08DFED8DF28A
:107D700052E3EAEB52ECBFFD871AEB0A76FD27FED1
:107D80001AF48A09B90786071C0668103C04AFF785
:107D90002A0098FE6E0707FA1E060B0036F9A7FFA9
:107DA000A001A506BC01E3FB150382F93C05FEF822
:107DB000C500A0F464085908F7FBAFFF74FE9E08E5
:107DC000A6F179E2AA0C530227FFCCE415F3CDF516
:107DD00091EBBCFB7E0CC109A8F419EFD8EFCDD80C
:107DE000B5F8AFF8E2FEABF471E53C0334E27DD4C4
:107DF0002DFEE5F6CE0254F2E7058AF828DA4CEBC0
:107E00006FF74FF526F97FF43FFB68FFE5E545EF97
:107E1000B402D7FDACFD58032CF0D4F4CCD0C7DFAE
:107E200069FBE0F0A8FBAEFDB1EA2EECAFE332F166
:107E300094FCAAF7BAF35DEA9EF0E603DAF0F7E005
:107E4000E7EBE3F859EDFF075BF34AF061E215F465
:107E5000B8F9F10A3EF937102B0FFFEECAF7C0F55B
:107E6000C5FA4802CD10EEF45AF7DE0973F393F524
:107E70006300C5FF8EF5F2F665FACFF57F04DF02E9
:107E8000D4F645FDBE07E3FCA8FE24F85A09DDFF41
:107E9000A50499F81CFAE3069306A50916060CFF3B
:107EA0009803450A10F3F8F0110521FCBAF8E30530
:107EB00043FB550588F370FEF7F34DEE8503F6F0AE
:107EC0003E05EA0690F2B6F4C7EDADFEC2F113EE40
:107ED000CC0C2D03D4EC12FA960881FB27E8410064
:107EE000A5F710FF2FF336F5D1FB1AE1C9FBC7EB5D
:107EF000A7082D0189EA2DF530EC36F265EC25F066
:107F0000230C5F0733E852F5EFF8DDEE4CF0DFEAC3
:107F10009A00AEF3D9FAE0FCE4EB44E9B9F2A1EB44
:107F20006FF528F9DF082EF9C6F844083CF639F653
:107F3000ECFAFD0432067306DA08410266EEEFFE43
:107F400094F50D0676F5B702E6FF4EFC3BFED9022E
:107F50001C00580794F99301E3F6570A7EFD420589
:107F600074FDAEF9B602AF083C05AE0528FA17005D
:107F7000390078FDBC016BFE1106FF06570873043B
:107F80006205C8003C06670A780843FD27024409D9
:107F900085F638F624019FF5F7009209A70898FAAC
:107FA0003B0337F9310AC905E0FE6DF86D0202089E
:107FB00092020EF6210469FFE9034AF9DE02700419
:107FC000D6F7ABF38F02B4FBBC039202C402DDFE12
:107FD0005C07F5FB30FEC6FB01FE88FDCB0E5900A9
:107FE000ACF950FF93068DF831FCBAFDEA04370274
:107FF000DAFCF3F92A05DD050309EA00AD070EF600
:10800000860044F9C8F953F998017FFB79F52FFFF1
:1080100077088DFB31F9640376F63D027A099EF705
:10802000EEF829069FFA1DFDD8F57806CC058906DD
:1080300089068407EA0100F8DFFB53FCC80198FABF
:10804000BBFA5EF7FAFE5A0A30063D07F9F8C60594
:10805000D8F77F065E0022F6C309CEF5EEF7020AD6
:10806000B3F6AFFEB500B40BA300E0F8DC07B80927
:108070001F055E03C6FD740378F630FD2304FE136E
:108080005701EDE7EB04C610D206D405ED06A91999
:1080900081E5C1FA5703D5069D13A4FCA1FEFE0D90
:1080A00097E5FEF2E20FC518BA04F40F3510A60CDE
:1080B00030F9B0EBE60C670ED9FF7BF930FB960B7D
:1080C00088E962F7DB0735066FF363F05B130F1B7C
:1080D00054F84F003A00BD10950B660DDD14381BA7
:1080E000E3EA78E801129FFE270A9B0079158810C1
:1080F000AEFAF6001E006D0AAEF62E007C06680091
:10810000FAFB87F876F60B029EF9660637F89EFBB7
:108110000F083DF8CF0356FD200479092FF62C0AED
:1081200087F651F7C8F822F8CAFBB201920412FD93
:108130005CF74B0A0FFD97FDDAFD48F078FCF1077C
:10814000170073FD3F0BEB058106EF0140019F080F
:10815000C6F4EBFBF3068314D9FBA0FB20048317C2
:10816000B9F465F1D4043FFB6EFCEAF724126D23E9
:1081700017F956FD4A04350699FDFF04AB29C71FC0
:108180006F039DF0F90DAF1C780D29101110020B33
:1081900034EC9AF46C0465062803AA049B11480C7D
:1081A0004CF689E58D112A11850B76FC5F0A1A0BB6
:1081B000EFEAE4F0BA0D7317EBFD9B04500143FDA9
:1081C00048F47AF3221304FF0206671B1B0BE41822
:1081D00091F8B4FFE608DE029512EF168F0AB30A93
:1081E00099FD890A280952FB7E0C430C35011800C1
:1081F000A9FF13FBA80314062D0A4E0361FD4BFCD7
:1082000004F947FD410782FDFF08F400FF04DB038A
:10821000290794001603D212DFEB76E96EF358FDBE
:10822000FBFE430670095EF513EF53091402E115D6
:108230001B004DE58DFAF2F309063AF7A319520A2D
:108240005FE2A1EDE5F99F058DE422E6EC225720DF
:10825000620548001B0C780B5DFEF2FC6B13A42436
:1082600070F1DCF582030D09EBE742E6540D1012C4
:108270005FED66E2991BF616FEF9D2F07EFE07FF6F
:10828000EBDBA2EB150C7308ADF0F6E85503EBFD44
:10829000A5F5B2E97807F10AFAEF09F4C2FA2B0062
:1082A00095F5C6EA48F2CD082604EAFE7DF58AF87F
:1082B00075F4A5FE7CFDCE03F201830C4EF970F33C
:1082C000AB009D01760C67FDA00287F9DF0BCE05A0
:1082D0004FFE16FA13F6B8F95A08C5049AFC0509B8
:1082E000ABF8D2FDEFF8D8FFAFFA970A8508B708C8
:1082F000B500D00293F5190303EE42EFF2FA100D28
:1083000067FDEFF99503F5FCAA0E40F808FE510849
:10831000A706080619F21C06DAF048E88109370CAE
:10832000D5FF090F23F0ABFF56EA9BF4E5119CFD46
:10833000AD02FAED8902E6F5D9FB39EA32093200DD
:1083400066E8F5E76604E30192F1FDF594FBB0F60B
:108350008ADFC5E4D700A0048AF98CF923FAABFCC4
:10836000BAFDEFFADA070204CA037CF584FDA6F829
:10837000A8FA150E7EFB4C0240F8680353F435FE54
:10838000D9017F06C50398081001220536FB97E93D
:1083900054FF33FD9EFDD302EE12310A62F275E402
:1083A00098EB0BEDB2EAB9FC930B64FCCAEC70F7E6
:1083B000C5EA65F131F251FA90EDF30F9E056407BD
:1083C0008D08CDFA07F9D60797084E0943F7AAF7A3
:1083D000D80400131A06F6F866FD5BF49C1125021A
:1083E000D612BE0FA7EF6604F4F36DF5F50723125E
:1083F0000B0F3B06ADF07CFAB0F9A3F67D061E0527
:10840000EDFED10C470114095201560EAAF657F998
:1084100037FFD7FCF4109606F211D5FA6605A202D2
:108420000FF607F3560A1403F3F529F7E0F93E04B3
:1084300000E941F63BFF0BFB1CFEDD0549FA50F558
:108440002FF35BF66AFE92F6EFF29FFC1BF9FB003E
:10845000F808F5032407C6065CFE28FD8DFD4F00D5
:1084600023FC44135EF62208B5FD7201A802F0FC5D
:10847000010FAC0BF909CD0ECD07590B37FBFAE60E
:1084800065F91BE54F0224EB0B00B4FCD6F801069E
:10849000A5E895FA21FE55F666FBAB1049FDC90526
:1084A0005DF7D80973F6F400F308A4EC3F09AC05B6
:1084B00098FBC109890BC3DD56FF3CFE6113CA0D51
:1084C000FAFC6DEBF3EFF803DC0306F8B302D70711
:1084D00019EDD3FBD1F9B0F52BE9D4EF61FE4201E0
:1084E000AEF6510989F4FFEEEC003A0FCDFBC20560
:1084F0000800CE043509EC152D05C8F58611C21308
:10850000690120F8B90E2E0432FC37F4DA05D007E1
:1085100019F569E219F00AECC8F1EA019613E808C6
:1085200050F1ADFF14EF09F82B0344036516261034
:108530002A086E00E4F72CF8DDF332FED7FF20F3B3
:10854000DB047F0656EF51ED670A8EFDFEF47DF1E8
:10855000D105060C66F72B038C04AEFEBCEC3BE5A4
:108560009BF739E464061F0D360AE30452E7CAEDAF
:108570003B0D85021808F8F805FAC608BBF1EB06B2
:10858000EE0036EACA02F5FB42064AE184FA891097
:10859000A5ED0CFEE2FC56E34FF8B7F591FFAE0FE8
:1085A00022EF74EB15DBC9F22D06C802690D36F611
:1085B0002FE155E1C8EA06FE77F2B5EF1A01E00AAD
:1085C000E1FD120A7300280200FB5808CA094D1188
:1085D00014096FFAC90F21185BEF3B0707119418B4
:1085E000E7FBD603D0183C0379F33F00F00E1F16CB
:1085F0008EF4C5E577F901FACEFF0B049719F11750
:1086000015FDC4041DFF1B0DB20428132D07BFFD6B
:10861000B406900C4DFA1A04B70CF20792F6C7FA9A
:10862000800F9AF9DC0183FB2806EC04BEEEF7F715
:108630006003F308F6FAF4048206390C8EEC5ADD76
:108640000EF557F47B0B990C210BAD02D2DFBCEF7A
:108650007600B80AAF0610F938021F05FDEC06FBDC
:1086600017FA39F60F13C0F0BC0901E839F4CD163A
:10867000D3F50BF740F27AEF19007F004BFD4DF870
:108680000A06A8ED03E0C0F8550C0B03F3FD3DFB13
:10869000A3EBA9F430F8C5002EE698F23708190BC1
:1086A00070FA0E0B77F50D0193FB8D05A5108D0962
:1086B0004A0A2E06950B65152BFC3E009F0F3A15B6
:1086C000FCF381E7C113D6FBEC06B00152129D13F7
:1086D000CFE1BFF86AF2EA053504B6F80817860359
:1086E000B80AF210C9FA8CFD3A0BF0FEF4FC9F01B7
:1086F00056F776FD47031AF629044EFB3EFBEB07BF
:10870000E0F35B01D4FBF40385F4850B3800BDF482
:10871000FEFD84F306FABF0470F934E4840172F1BB
:10872000CEFACDF3860E361312FBB406F0E3B9F0A1
:10873000F0F686FAF902800182FF0BEF2DFAAA0FFC
:10874000C6FBE3FCC0FE15EE43F434F0AEFDA6110B
:10875000C10B5F1900F007EF240A84F24F052FFBCD
:108760000404BF01D4E316EB0000E8F05A1999FDA8
:10877000A4F855F6FEE7A30058E6D8F31707081546
:1087800090FDA210F1FC4FFD9E006CFC9E062B0993
:10879000E401EF072B0F791355F9B60A27042501D9
:1087A0007BE756D3C714CFFC50F62AF55212F708D0
:1087B00033E84B00C5F0F7ED22F900FED202B4FE1B
:1087C0002F1BFF1579F4D5FAC30575F87DF4A5FACA
:1087D000C10962F1AAEDC9FC8500E8FDFC03320184
:1087E000F8F418054BFD87FF3C051EF21205C8F092
:1087F000C0071E009CFA9100AFE4FAE2C7006DF1D9
:1088000043F569EB591A4D16F9F42CEAEBEED8F75B
:10881000E0E95E0D25F7110FC4E715FFD001C3078E
:108820008009310653FD60F975FA6EFF98FEE10B81
:10883000E506591BCF018AF393FA49F21BF38F1A0D
:108840003408EA05A1E7A3E952FD88EBEA04110127
:108850002BFDBBFFFCFB71F8FEEC74F3DE03FA04A6
:10886000A904741433F6780222F45E0118FDE507BA
:10887000E8199BFCEFFD940ED40011F4A6FFC10291
:1088800008EB5AD135174FF706F633F409E795FA96
:10889000AAE308188FE787F56702E003CAF8CDE47A
:1088A0005E2761171EF19AF45FF46EF954EF30F50C
:1088B00019109EF986EF28EFD7FA9EF8D202D8FC5D
:1088C000CF09950108F467FBD5FE2AF1050CFD0ED2
:1088D000F103C6ED5FFA08FA20EF84ECEDFE4B00E1
:1088E00011F78BF9E906F512A9DB39F18AF5B2F82F
:1088F00058F358057707ABF979DC1EF0B5129900EB
:10890000ECF932F606F9FBF9ADFA8CF80D000F0917
:108910001E0C3206BEEC80EDD3F3BEF48EFE821840
:108920005EFFCA1072E6FAE924EEF7ECE80A8E0060
:10893000FCF50DF6C8FF7E0824F610F822096AFC43
:108940004207371B9FF47600E3FB5CFB79F9F0F1FB
:10895000E5124BFE71FD0F07290DFB0B3FF074E490
:1089600085E0C1DCE70712E71F0EA4080CD623E759
:1089700046F5FF18CCD629F3D6028D0040EB17E55B
:108980005322491AC3F70405270886F764F8B80389
:108990005C150109DFF7AAFE3CF558FB44095500B8
:1089A000A41AC20972FADDF159F49AF505036F08A9
:1089B0008705E0F5C3F945F8BFE27DE0CD05E50D9B
:1089C0001EE669F7A9F868FF7DDAA9D4EC07300A3A
:1089D0000FF2190961F78EF7DBE71BF5C109E8070C
:1089E00065F97B01E8F5DA00E40645F0090675FF54
:1089F0004E022F0323F0B9EAF6FCB7F03507100C4E
:108A00006E07A0080FE399F25EF33FEF790C45F48F
:108A1000230C42FDB902780CCFF0C7F5E7E947F027
:108A20006A095A07670A79FDB6FB131007EBD1ED07
:108A3000B00178EDDD07EB16F2073414E3E5DEEB69
:108A4000A7E355E31D06BFE6F609D904A1E5C3E98E
:108A50007608261448E157EEE80274F4930775F59A
:108A6000331B2B1482FA85FEFB0FA8FEC1039B006B
:108A70002012A31CB5FC6EEB24FEC4087606370951
:108A80008C13021A83FA42F0E9069209E3F84807C8
:108A90001F1608FB0A0423F8D7F4DBEE660832FA47
:108AA000F4FD13F32E062B0603EAC1DF2A0E900B0A
:108AB000BEEB7D045B083FEE57E74CE4AE04D00FFD
:108AC0008703830A07FCB2019405C504E2F5640339
:108AD000CBFBEF08DFF4D0FE94F109FF1904A200EC
:108AE00047127BFD63F88A0942F7E2EFE0FACCE235
:108AF000EA0B021177100D0FC9FD83F5F1E34AEA85
:108B00004B06510C910BBA0B6405650C36E9ADF2BE
:108B1000560459E5F20D79053F128B0E4FF787EB9E
:108B20008BF6A1019FF2EBDDAE10190B34F9DC05D9
:108B30002812E50F3AEB9BFBFFF4A6096FFFD20466
:108B4000C50D2C10A8FB36F30E0C1202AC09C2FEA8
:108B500050168018BAF77DF8E404610DB6FF3F07A0
:108B6000F9184E1EE0ED9AF8F70CF10D970091F20E
:108B7000191356FAE10FF50D7DFB3FEA1FEE50FB8E
:108B80000A009C0E96125111ECEB83E46D12C30A9D
:108B9000530AE7F58FFC9BF629F1B3EEF5094C116A
:108BA00086F56403A90D70F98FFAE3FAE8FB0F026A
:108BB000CD02280CA3F71C03F7E794FD3B08DF0860
:108BC000A719CAF01BFA450A88EEE5EB8DF0A0ED77
:108BD0002CFB3E16F20FB812CEE230FB3C0128F916
:108BE000AF1264013C14A3FEE002FD1096FF4AF3AD
:108BF000BAF652F71607D5EDF810E71805FA4BFB51
:108C000096FD6F093EF071EC261432F8C2F56F0E36
:108C10004611E9029AF255FF5AFF5F0951094F0BBD
:108C2000850F480B9CF368FF5B0A6F0EBA08F4F8D7
:108C3000B80BCA05E6EF4BE8980BA60909FC19FE2C
:108C40005A119D0950F4D4FC440092093FFA23F5CF
:108C5000F91278FA4903011BAAFE14EB47F7CA047C
:108C60008A016F1139158D02F8EE6EE6D50E6DF79B
:108C7000CC04B5F9DFE41CF22BEB29F6BF0E9C0EF9
:108C800008082BFC0C07020333FC7CFDF8F689FE78
:108C90003C07FA0BAC0A5C0E52FDF2F8C0FDF1087D
:108CA000B30EEEEF640A870FFCE667ED99EFB5F3BC
:108CB0008BEE3C0CDF0AF11B10E6B806AFFF210378
:108CC000530EFB0F7F08830E4E09AC102EF473F287
:108CD000F2F50FFBA706E6FA5414B011A3FC9AFBB9
:108CE0002101C31720F4DAE69B01D70218003E0FDA
:108CF00054030A01BEFDC9F81C0388029E15350AFB
:108D000096F0A5F8D2FE06FCEE056A0737065A0370
:108D100079E788F6B4F3FAF53F0CE90E0705EDF7AD
:108D2000C1F9F60714F7D803550644F624FB670685
:108D3000A8FECDF9EE0B9F1185FDF1EAB2F77CF9A3
:108D40002AF1FEF57E03880E08DCCCF28E0E66FA60
:108D50002914690BCEE642F67CFD7DF82BF5EC1369
:108D600052FEA0FA1902BFF9A2FA9E005402E907C6
:108D7000B407EAFE28FFA81383F782ECF31152121E
:108D8000260563F518FC510890E194E42E05F7F8E8
:108D900041F4A3F86204F806E0E9CB01E40220EF15
:108DA000C7098CF97A10A1014915950632EC87F6AE
:108DB00056F9C7F309F76F05CD0211187BFC37F69A
:108DC0000816A41311F547EB400B87FFC5033018B5
:108DD000620CA1F13807AD0F80F62104D60870FAB5
:108DE0006EEE23ED100EA0F2AE06B30B5B077AFE1B
:108DF000EFE75EFBE6FF77F8C3FEE809B501AF03D6
:108E0000F4F6B904E3084DFEB201BCF4160183FF89
:108E1000510215F73A00C60D38EDF0F48F04C80181
:108E20002BF55C0EFC08FE1348F676EEBA06B2018E
:108E30005119E315F3ED9DEFDAF543F4A9019B1108
:108E400039FB2A0CA30144F34A007DF9AEFDAC0DB9
:108E5000E30232FD8D0CC0F9E3076DEA69FB2914CA
:108E6000A1FDE2E444F2EEFE74F36EEAAB0E9B0A5F
:108E700031D97FE96B02D50AE6E80103E602CA05AB
:108E800049F679ED0D07A401760E7D0FA9F963FB74
:108E9000E1FD2F0D0FFFADFA940D91FFEEFDAEF544
:108EA000A5156C098DE013E51009AEF71308A7139B
:108EB000C6EAF1D599032C156E0D4F04C003B10B12
:108EC000EFD94EE96F06E507390D030981FA8E01E6
:108ED000C0E818F0ECFB35F95102E8063BF92D0229
:108EE00003F7CA0E47FFBF0C20FDD2EC5406AC05B9
:108EF000C0F2C2F56F11F2070CF12BFF74F7C3F249
:108F00007BF6B01FFA0F420260F399FCF6051C14C1
:108F1000DC1D6A02D3EA9BE985F852F39708041D29
:108F200008FDE4F4C7FFFBF861F129FC0F0009021A
:108F3000D3F7C403E7FAA0FB490E58F63C0C3717E9
:108F4000A5E5A3DDC8FEAFFFC1F624F7460C8F08E8
:108F5000E5DFCEF17300F50333F374EFBB076DF774
:108F600073F0EDF4BE074801240AA809A5025FF8D2
:108F70009BFC1B176CFD8FEDFAF8D805EBF676F924
:108F80002122E1FDA8DF88E997119708330ED0FD73
:108F90007FD728CB4407AA1A7A0E250ACD0736FFB9
:108FA000FBD635027A082B066905DAFC940A5E05C1
:108FB00024FE7BF3680967FF750A3BF4B809DB0CF4
:108FC000C201D6F9BE02970FFB029FF09BF27D050E
:108FD0005CEECEECB3129C061FED57F9070F900222
:108FE000F8DB4AF9C7055FF7C1E861E06209DA1FFB
:108FF0007117E701A4F447F21CF5F4FF7D04ED03BB
:109000001C0227FEA6FA10FFB4FF2CFE0C00F3FE94
:10901000BDEF8EF62C0D20FA7608341457FE28FF8B
:10902000E0E747E86D0E10F2BFF495F2F20CE505AB
:10903000B4FCBBFAC8090101C9F749F97D06660607
:10904000FC04170BFBFF90F290F371F7DD08E00BC7
:10905000A314E920CBFB8EF02FFA8AFB6801010CE8
:10906000A91D22F7E3FC11F163095501F610570A17
:109070000DBA19C6F11D4512A3FAA1027C0D75FEA9
:10908000CCE395F610146406E8FB38FD2C0B2BF9A5
:1090900037F7C5F19810700887071DF44CFAE3FF05
:1090A0004DE5D8EF1B0BAB15AFF5E8F173045D028E
:1090B000A8FD12E6AD06600A72EC20F2650A96077A
:1090C000C7ED9AF7580660FCB3EE78E592FD5B0FAA
:1090D000040D4E0734E862EB19F699F1040A00001A
:1090E00025F6AFFB2B02E4FA16F7940990FBFBFB85
:1090F00084DC06F4DC10F9F366FB6BFDD702AE09E5
:1091000072FCD007441206F7C6FC5EF5600E480CF0
:10911000BDFCADF2F2FCF0F3A302E700AC01240FBA
:109120004B00030FE20560FE23F29CFF3B04C60ADE
:109130008C12BE22AB0371089201EBFC5303A10316
:109140009A050DCE3D04A808950239F586062AFB3E
:109150007DC11BE25B055510FFFC47F797FF280117
:1091600021F2AFF67217A1148A0989056EF48B04F7
:1091700034FCB2E7AE1B2F18AAFBABF8B9FB0E010B
:109180006CE20FFD1805E40856FA49F94F040EF594
:10919000E2F87FFB02117A045804760126F91402E2
:1091A0002AF35DF980038CFD97DFC9F0020E9A184F
:1091B000AF108C0610FECA0777FAE701110B88047E
:1091C000930888FCF10438F7BE0170F1B4F8F90097
:1091D00035F46BF6F90994FBDAF2FEFDE4164F1153
:1091E000DAF8B60D1B0E550D87F3B8F5BDFCB3EFDD
:1091F00046FBFAFF13068D0639FEF7EFE5FE03FD89
:109200006E0244162511A403300AE5FF61030A002B
:10921000C6189B127002910594FC19FB0B0237FDD6
:1092200067FB38D9D006A4055706ADFD130A9BFC91
:1092300024D430F7D209BD107AF3260B83FD17F83A
:1092400082FF140CC603120D470032FFE704A2028E
:10925000290E5EF23010C5002BF4C5F4670C6F0FB9
:10926000D1F188F7C0145E12CEF233FFD1FF49F47A
:10927000FBFD4602DE0BB6FD670CC40D15F00208BF
:10928000CF036BF20DF272FEC6F98AED4E12F70EA5
:10929000400EB704F90366F61A036709B3F65806D9
:1092A0009100C70954012B019FF722FAE2F69BFFB8
:1092B0009FEE95F5EFF63FFAE3F67BF9081F4C0BAE
:1092C00031F8F40F500C7908CBEB1AF8A70ACDFC53
:1092D00020129812F300F3F82E031FF719F75DF32D
:1092E000081637169F0DC5FCB1FDE4F9D0F94DF60F
:1092F0005C0C97FD4805DA09FD05EF01D7F2B6F3DE
:109300005EEC7BEE2E0B60FC61073D0735FE8BFDAE
:1093100044E5E0F88A05D10C71F6B405D2FA24F8D8
:109320008208E903BF0B0000460A26F53E05C2FD90
:109330006409EAFEC80A82072B032DFF37FF0506E2
:10934000AFF191F5ADFE5709B2F8ABF83A047CF6EF
:109350004700F3FBB0F3D6F80DFC6A08E300B60350
:109360008D0CCC0B4CF3A1FFE10104F6450316F381
:10937000B612DCFAE11F330A5106E00797EC380613
:10938000DF049301C101F100B90280FE9803220AB3
:1093900043F20AEC87FB87055BED19FDA80F400B34
:1093A000F9F11E07CF0A02025BE5A2E91A02B9072A
:1093B0007F12441F2C0BE0F626F7DA102103DCFEA7
:1093C000CF09AE122B00B7FBF803A0FBAAF412EFF3
:1093D000C5071E002EFAB401D4FA54FFA6F391F289
:1093E000EA05A5E622FE1EF6A6F5E90377ED38FDAF
:1093F0001AE126EB90086806EEFE1D00CF01BB00C7
:1094000049FB5105D9FD3706A8066E05E0F897F827
:109410002B0B340E58F7C0F26003CF0C2F0878FDE9
:10942000E803BC0087FCB805BA0781FD89FFCD03BE
:1094300060080805EAEE0CEF0AECD0FAAA0B8D16CC
:109440003912E50301EFF2F69B0311F8BE1DFCF99A
:10945000DA0A2B0A790C38F60DF918F7A8EDBBF5E6
:1094600052F627FF6F02F6085705B607000183057D
:1094700084F7C7E68E0CD9FD4AFFCEF009F8F50C4B
:1094800079FC5800060F870EEAF7E803FE1C590A1C
:1094900086169215CF05B4FCAB055C087F08C4FEA8
:1094A00081049B09E7F5CB08E5FECE04C10183F2F8
:1094B000F504B5F38D01E4F05C05C6FE2EFCEAF67A
:1094C000D3ED91D53DF686021EFF7DF6F6FBC7F77C
:1094D00059E4EAF447FA33FD55F64AF9D306F90898
:1094E000BEF3CBFFC7F55AFB8F0A15FA9C06100F87
:1094F000DAFFEC079CF9E3EBBEFA280414087E05BA
:109500004DFBAF0A0AE86BF16104D0FD9910200110
:109510002C0F450F6AF1FCEF2FF9F7041205400CF0
:109520005F0D03FEAC06BFF1D6F608FF971F740D62
:1095300048FD89FD1F06F7F9D2F557F95DFDC00614
:109540002604DAF836F934FDE3F7EFFDACF57FFADF
:10955000B9F7580FF5F08EFCBE0AC50C53FBA3F506
:10956000E5197524F602D501A5009C133102D90531
:10957000F404C21DFC0242FBCB03ECF78809DB0CB0
:109580004F226A14C700E206F5EF42F61E0F3209B9
:1095900013E64EE872E712F2F6FC54FB4F05F5FEB7
:1095A000EEDEE5D110EF01FB7DF3CDF0CE0EBE0C6B
:1095B000FDC5E3DF90EF710296055A012306CB0C3F
:1095C00054F012037CFA96F0D1F7B000DF04CF1507
:1095D00083053CFBB2EAA1E5BE05FEEC3C0D402450
:1095E000EA07D80E01F274F573F1B8F0831C541138
:1095F000370A2AF60D0C131062FC8102C00319F41D
:1096000067F246FF2307DEF612F9A700E904EC0C27
:10961000BAFF27FB1600F2FD19FF93FB9700EA0142
:10962000C6057F0704010CFD85FD35094A02F506D4
:109630006207DEFB64032507410150FB90063F00F3
:10964000180AC0234CF690FFFE110304C6014B0616
:10965000F01EB71DDAF5B5EB64043B07B4098B0FB8
:109660006D16CD0B29F7D2F70C0387EE6D1C222463
:10967000820B8CFF21F496EEE3F9AAEFF21A4D2B40
:1096800057E6BFE88BFF48F86501BFF5221CD016EE
:10969000E3EE58F4B5E28FFF31F7EA028D30831222
:1096A000F7FCD6F752F036E341F6A7F3841EF51F18
:1096B0004E00950E1FF61BF6BBF5A8E3562AD434D0
:1096C0008122B31B9EF153028DE89AEDF12DE81033
:1096D000A712E506EDFD27F07BEA10F29B16450583
:1096E0000A161602E4018DFAA401A600D5F699F730
:1096F000DCF6B0012A067D0A93011D059CF61B03CA
:10970000C2066AFB58FF7CFEFB067D08860472FFDA
:10971000890A6CF845F8A9F9B8FE36F9DBF843FF79
:10972000B5F7FA00AF02DB056AFF8E045FF9C111DD
:10973000C3F91B0251F882064BFCE4FC1A097E08AF
:109740003D0691000EF368FC50EDC4FEF5FB3106BA
:10975000C20C120206FE75045CE501FACD14AF08D6
:109760006A07630A75FB850211F57EE62C12331C2D
:109770008212A410DEEB4FEEB0EF6F02AF0EBC19F9
:10978000DC06FD0BDCEE5DF0E8F684FAAA19C50DE7
:109790006CFD1EFED6EB9302600A7E0599129D0BAE
:1097A0007D0F7315B100FDF2AAF734F32107590EAE
:1097B000E30C370A41FFDD032D01C7F9D9F73BFB65
:1097C0008EF6DAF77FFC96064504DB099206A800C0
:1097D000F8FF640AE5059501C90414F83304FDF7A0
:1097E00045F72205DDFFA4027DF52B094A07830317
:1097F0003703B307880327FC34FBF8075A01E90253
:1098000083FEF5F6F70149FC410A3EFE49FC67F983
:10981000C2FADFF5A2FAB500DBFFCB06B6FE77FB96
:10982000E3FC59F9C6FCE407A0062504CDF56A055A
:10983000710219FF0406F3F95A062208E20632FD06
:10984000DDF9D20420029BFA02089F0F0701D80A13
:10985000C7F867FD0106C4046602590963088F0151
:10986000EBF502FF88FF5F03B5FBC8F75A00E3047E
:1098700050FB59FC68024CFEC5FD89FDB4000EFD8D
:10988000C7070F03B40441FB76041E0A73F7CD0724
:10989000A9FEFD0974F9A4F5A902A6081F03F7FBA8
:1098A000DEFBFF0541F6A8FF9CFA04FD5906E4FC27
:1098B000F1FDD2FF8508C302F4FD70003EFA3603C5
:1098C0008EFF1F049DFBE8FE3EF9C8FDCFFB730829
:1098D00082FB1203F3FA2D08AFFCCAFA3C08EE0231
:1098E0005205C00B9407A109F90A28FCA4F6DA0274
:1098F000C708440AF0091A0859134C0FB7FE910221
:109900009C039C11BD0B591274158A05F3F52204B2
:10991000570D2703110E0A0C82FA440F47F59AFDE2
:10992000B103730FD107E90677063D033B0B0C012A
:10993000FE019505C6F0650B4300CB0E05FF8801BF
:10994000C405C8021C0C1D123315AE171411A90B47
:10995000F810F612A10F5715DB10500F64FE93009C
:109960004C08BB03FF18B117C01414069BF57B030A
:10997000CB0CFB0D4B0B4B098B118C02B6011EF867
:1099800027F73B02BA065CFE1D0753F648FBB302FD
:10999000F4079AF56AFCBFFC02F8A7034DFEB9066E
:1099A0000904F3FED208AE04A10008F7410AF6F755
:1099B0000703AEFC62FCD10A67FC0F08E6F82A0236
:1099C00027FFAEFED815D8FB3805CE04E9FBD9FB3E
:1099D0008B0ED015D60DE20AC208140BF5F9FEFD68
:1099E000B00C64FFF80DE709F110CF275DF4FFFA22
:1099F000D6058406F312080CCF25950FD4F759002D
:109A000057FE79FBBC1257F9481FD103C7163A0C11
:109A10001CFC601535F82805E90C6C15630ACA05AD
:109A2000AF0DBB12D80A9413780589028F0636024F
:109A3000DB172E1089FC62FE10F8A6EDCCFEE1F8D3
:109A4000270B720C91065BFD1C06BA0A69006CFEBE
:109A50000F104C039F084E10E504C2104DF7AAFCEE
:109A6000C702C0057BF97809FBFF840928F9300497
:109A700037FD9F03B1F510FE0D03B1FBDF0107FCBD
:109A8000CCFD1EF825FBA20470FA8E0019004804D4
:109A900064F3FFF97DEEB30369F66302A7113F019A
:109AA000A205CF0490F96115FDFC1802C9ECA2F4DF
:109AB0003002D2FA5011C70B230D5A0B7BF04BF832
:109AC000E8FC30ECFC0F2713221EF6073DEE0DF5E7
:109AD0009EED69FB05067E0E540F101093F1CAEE41
:109AE000D6FF860C3D15F00366138804B5FCA20A68
:109AF000A205A5FC6B0A3910780E78FFFE0F200D29
:109B00008A07420C2C103317120CEB044913BE06C3
:109B1000C1114A186D04130B2F0093FE150232FA7F
:109B200093FD30FD1708C5025BF3D3F88CFCD0EE33
:109B30008305ECF56D085005A8EEED0AF4F9BEFEBC
:109B400058F7C3045AF74CFC951006F198FA7BFDC0
:109B50008704E7FF0EED030AD60495FDC106350420
:109B60005308DCF9FF08FA06A2FC9101BCFB82F85D
:109B700030F7A5F29DF7C3FC21FDDE00A700DC0253
:109B800073FC27F4100902180704BD1609F989E6C9
:109B900083F03AF270099A00541145072CF0B2F3A1
:109BA0002EEB29EE97FE970BAE01520A4FF21EEEF6
:109BB0004C01AAF1BB06B6FF8AFB14FE05E8DFF0F4
:109BC00018ED2BF532FF6AFE87F52300E1FCA209B0
:109BD0007802D3F53D0ED401BFF6B307CE0C761A4A
:109BE0007AFFFB0CF10DB1FF9D0AE7FF6D0F250D0C
:109BF000E107C1FF500C5A0709088AFE5BFF6DFBA5
:109C00004705EDFE0F00000C8DFA2FF184F79DE75C
:109C10002205C20DFDF278FAC2F65BE9C3ED20F62B
:109C200078070AFDBFDFE1E033ED54F193EC39E949
:109C30001D051F1047E469F87901720872FEFAFAEF
:109C4000C2F8620494F94BFD2200510042F8DCFD99
:109C500074FA0AEB350CC702E8103A0698006CF269
:109C60001DEE04E20505F7FC3F020304DAF88E124C
:109C700044E93BF474030004E7012503F10BFB08FE
:109C8000BDF166F43E0A0D00EDF471FDAF07E30887
:109C90006A02EEFDAE04E1F92B0422F7FFF48AF12B
:109CA00025F8F7FE3400D6F3A7FF5CF303FDDE06CC
:109CB0003BFC87FA31F9DAFA15F70AF25D1C2A182B
:109CC000C3FB4C0FF30068F98DFA31F5F110230650
:109CD000D10BE800C6053FF4C8FC9AF7820CE4FCFF
:109CE00081F70C056DF8C6F11A0418FB50F6C5F49F
:109CF000640F7306A0EB2BF2EA0243F7FDFAF3E2DE
:109D0000580C3AF4AFEEF4F7EBFC3CF9D5E3EAEC8F
:109D100063149306550101F942F90CFC39FA85FEEA
:109D2000E6FB7404FB0221FEA5031C16BEF9CD0B55
:109D3000120523E60A08CA0C5109421BC7FA370666
:109D400092E30EE26D090B0BC91B3D0E84027F10DE
:109D500001ED96FA53F0D1FAFB126E0F300F0A089C
:109D60003CFD7301C6F1E8EF0C00DF10D1068B0457
:109D70004E025C0513F5DEE84809AB13B2FF1E0482
:109D80003904BA08C0F683F3E40A4AFD31092B10FE
:109D9000EA04E0F6AFF22CEF56FED2ED0608AA0870
:109DA000FFF4B5FE12FC61EC98FDA5FBD61AFE1976
:109DB000100E82032A04F0EFC4057B00870E880D85
:109DC00013FFA9031BFB9E0047FBF8033DF861FB53
:109DD0002D05AF06CAEBE0E87906C6EE97EED2DEB7
:109DE0002205C31195F0D7F672F1910753D276ECA4
:109DF0001A08C9FFD9EBA3ECA2F88A0E16E52802CF
:109E00000F0A4FF8120084044101C919BAFEDC0F91
:109E1000360217E4DE05A3FD331A9F0FD10A361A66
:109E20004DD7DBE7E9F867F4FD20791349F74101E5
:109E3000EAF67B03C3F771EF48050B0D95035A074C
:109E400031FF6F0B4BF256FE3B07AF11B4FED7113B
:109E5000940EFB118DEC43F2FD005B0C430459FAA8
:109E60005D0D79FD54F503EA0B0B070621F863F944
:109E70006401AEFE7DF456EC33FB89F049FE6806C2
:109E8000290CA00620EDFEE50FF30BF5EA141419DA
:109E9000FA0D030771E969F40B069F08C81E240E2A
:109EA000C4FF45FAC4ED20F61A041D00960AD10637
:109EB000580FF60C3BE78CF6D2FFDDF629F075E083
:109EC0000DF8E7FE5DFAC2E950EB4FFE0FE36CDCE4
:109ED000CD0766105FF39AF9BBF14F0F83EA9BFF42
:109EE000F80460F8E816C91D2A049120B71BB214C3
:109EF000BF037CE962FFCAF39103A80CB305A50672
:109F000096EC58EE7C066E054C12070B1F01A80458
:109F100075EEACFDBD012400A7F6DE02C902C10545
:109F200071F7EE0A21F4C101A602E405DF1B010D61
:109F3000110F6611E6F23CEBEB0B1C05A908FF07BD
:109F400045053011A7F4DFFB610B1DF4A302A8F651
:109F500076FE4601E3027B001CF805FC0009DD19D2
:109F6000870FD90DEFF374FD01052A085C21362017
:109F700057004B0DD4F2D700AE058AFF821DA616FE
:109F80004B09B0047DFB09FC86FFB0FFFC1026FCEA
:109F9000D8003A0A18F607FE650031EAE40641FBEC
:109FA00094085C0A3B00A6F609E990DC52E333ED25
:109FB000E403550111E6F9FF3FFE34029DF6DB0292
:109FC0002FFF09FA9C10B020AB040906460963175D
:109FD000DF0303F00CFD1CFB4509B60B0704B6FFBD
:109FE00010EAFDEA1A17260FC80AA608610C26FF18
:109FF0006EEFFEFABA0B5E0A4EF4B5038514400606
:10A000005BFA0100530561FBCBEECAEDAF0B7F138A
:10A0100004055E0D750AAD0F5DEA8FEC9B01C7F874
:10A020003C08D2F6C614BB1CBDEBC9ED35FB48EEAF
:10A030000BF164F0F918860D9EF73B0729093D0CDA
:10A040005AF327F38FFB86029111FF03F20CA01E37
:10A050002AFF2F080808AE004506A8FE8E0EDC0E6B
:10A0600066F63CFC2D0675FBF90165FD8E0289083C
:10A0700001FE200AD7FD5205850AEAF2D1FDBBF5A3
:10A08000D2147A151207A8F506D6E2E1FFE531F6FB
:10A09000750883F42EF17C121EE3AC0227E9C8098F
:10A0A0004805AF074E056202AE145E0BF413C910EB
:10A0B0006906FFF59402FC0CAA058CFA4E124F06B5
:10A0C0004CFCDAF1440E51FCB9F658EA480C5FF545
:10A0D000FDF32CFBBEFE6F0996E3A6E2A20121036D
:10A0E000EC04BC06C40A0013A9E1A2D861FFAFF7D3
:10A0F000DA09CE00D411D1124DD43FE2C6ED85F875
:10A10000870994009713482F5EDF8CFA85F329ECBA
:10A11000CBFC1BF7CC0F8201EA0DDD023B047D0E68
:10A12000F6E701EDD1068807050CC106B20B7310E6
:10A13000F001D0FE2208810D3C0EA1F9AB0395136E
:10A1400037FFEDFABD14181075FC3605500DA3113C
:10A15000B0F955F1D5FF6C0FECFD9CF3B80A82EB1A
:10A160007A099C15500BBCFFD9DEE5E292E8F1F4C8
:10A170005313CCF208FCF9F760F017093CF5060C14
:10A1800025FD6DF77A10CC171B0387148C035E191D
:10A1900011F617F3F318D01B03FF81FE46011906D1
:10A1A0005BFD2FFB9C0D96FB18EA1ADC79FFCDF4C2
:10A1B000F3056EFBDBFE6013F8CE20CB2CF2B5F678
:10A1C000F0085D032F136D16CDC8D2D8AEF2ADF6F0
:10A1D000AAFD23019623701F61E071EBCAFE4EF6C3
:10A1E00073068A0B44201C18C6FBAC07C8E567E65B
:10A1F00024F1BCDECEFF2CF9190D1F0BF1E3B501E4
:10A2000052E228E967FB6C0408040B0329FC430BAA
:10A2100057FEBBEF0F0F3B0930FE8A0491032D0858
:10A220006EE74BDC061178118D015AF84510910745
:10A230002AD4C9E25105991047FAF3EEC20247FC4D
:10A2400009F2E60567033DF924DDA8E0D2F632F70E
:10A2500053055C1198F885094EE1400295FA47FDD7
:10A260005409BDF9FA049E11CEF8EA06F3F997FBFA
:10A27000B9FD10FB930CF8FF6FF200EE0DFE8FEFAF
:10A280003601F202E301370707E3A2D704EDC5ED7B
:10A29000B10D23FC3A08F10F94DE34DC430057F093
:10A2A00076F688007B22EA23ACE28AE8930078FA0B
:10A2B000C009D704581DED18530A600EF2F36BF471
:10A2C000C90C260900FC27FDFE204D1865EF96E21B
:10A2D0000BEEA6E952F9BEF9ED11C3F4D1EA97F7F6
:10A2E000F3EEAFEEEB0DE40170F610F883F7EB0040
:10A2F00073F17FF84912110744002AF6BF075A0389
:10A3000051E130E6FA13420F57FC4D007B074FF640
:10A31000BECEB2DEC40C7202530AD3FCD4F8C0ED38
:10A3200070E1A7EFB506180A4B03BBF8AFF10AE9D5
:10A3300015F9AFFE3D0D2F1366FC190F60EB5E0A99
:10A3400016FDB7F460FDD70207FF5E0933F77CFD09
:10A35000EFF587FC3606090571083FF3540AD10171
:10A3600041F84A023513371A4DDECDE169F458F948
:10A3700020FB1306B2286A180BF2ECE962FC1B05FD
:10A380008FFF22FDC81944020602FD121F04F6FBCE
:10A39000C90A540308025DFBA11D042622FF000226
:10A3A000370E94FA37E9A5EDD013BA1297F107E00A
:10A3B000D0F093E99D01E2F85509CFF6DCF26EED9D
:10A3C000D6EB47F08F0D42F8B6F76B0045F9BE00AB
:10A3D00032FE90ED6DFB7AF7B9FC3BF896005B011D
:10A3E00030F9C4ED6BFFB102D2F9711379FB97F527
:10A3F000FDED5DF5C20A420BD8F9E103E2FA65F220
:10A4000025EDF4F43D12D30BA6198B0956F55FF236
:10A410002EF949FC94F88FEA30001D1203EB550128
:10A420002BFDF8F23C022209A7054FFCB901FEF80A
:10A43000C7FA52F7B70F11FA260EADFF5A08BC053E
:10A4400011FE2605CEF548151AF1F0069BF096FA96
:10A450007500A3FCC00C0C0BEB094907A9FEA70E65
:10A46000C3FA24019702BD0080167A27E600E2FDB8
:10A47000CC0470F926F799E5C41F291B97FC7404D6
:10A48000AF06C2FB6AE91FECA218AB06B0FDBDEC3B
:10A49000A0F78BF700FAD3F9590258F575010707B1
:10A4A00068F6C5F5C6F6CAFEBF0255FFEBFBAA0566
:10A4B000F90055F025F6ABF022041C0777FB82FF6C
:10A4C000D3F0A4F47408F40BB7066F0AFEEFC6F5D8
:10A4D000A7F0FE00600A061E7D0038114EF62EFA27
:10A4E000400B2C09A41E7AEBD916770A23FB1FFE1A
:10A4F00038FACB0065F3BAF9CB1B9C10A001E2003F
:10A500008F08F1FA8A08C4FAF3F855FED5F942F833
:10A51000D80DE3EFA0FF84FBAE1054055C19DDF607
:10A5200042F6D1FD12F39408F609F91161EF52F5E4
:10A53000C1F2FFFD6E0FB4FD1209A20EABF75A0473
:10A540003A07F6FAE4F639F19015E11305FC6901D2
:10A55000C70BD5086CED1AF33812020772078AF29E
:10A56000870BFFF045F5EEFA68FF42016EF47CEED2
:10A5700099F0D8E708FD9FF5DF0040F5F1F34205BB
:10A58000C8002BF4DDEDA2EE14F93F04460A3CFDB1
:10A59000D40169FB99FFDFFDD50176FC260139F373
:10A5A00081F4E7FD7016F711D5F89F09D3F128F96A
:10A5B0006EEDCCFA3C15B81446FD880E1A00B5F4C1
:10A5C0002B1C0210860D94F0E41F490AA60130FEF0
:10A5D00025FA4AED1EEEADF2F10F0C1C3311D01826
:10A5E00076F2B7FAA3014A013E05AF0FD70E7C02FF
:10A5F00018F1A0F6D20D49F70F128B0EB807CAEE6C
:10A6000060F7C9FAD5FE2C154111981215F4CFF256
:10A61000C6EC4D01670A6602A4040606AEF679028E
:10A6200068FDEB0F2D012EEFF708610318051FFAE7
:10A630003E0CF60DBCEAC2EEEF00070179FA86E99E
:10A64000F4068A0D24F754EF3AFC5A012CEF1BF95B
:10A650009DF79AEFE3FCF9F7C7F8DFFDBAE9B1FA25
:10A66000FFFDCBF878E90FF33FFE7C051E06E6FE02
:10A67000A8EEB6F793FD3FFC3D02F8086BFA6D00BB
:10A68000E2F7640A160C0012E1F3A502B0F35D02D2
:10A6900010F6B2FCB014440816017707EAFFC800B0
:10A6A000B7077419D6135AE9C616460A11FE38FCC4
:10A6B0008F0990F239DD4C01B9180D071E0A671297
:10A6C000ADFEB3FC45FA2DFEB9022303EA0057079D
:10A6D00001FA910118FE34F58917AA0D5BFEF1F914
:10A6E0004BFB3BFE12F4B412EF17D1F737FCE1F845
:10A6F000F3F4C8F611FC4F096AF6C7F957FB55FD8C
:10A70000AEFB31FE8CF68EFC47FE4CFFC6F4CCF35C
:10A71000740BA51761FB38026EF4210C40FC46EF68
:10A72000050551052BF1B70178FF07FFEEF2EBFDB0
:10A73000EEF4EBF520F949F35206C9FEC1F95801D0
:10A740000EEDF1EA2EF7BAF2CD0A040806FC0DFF71
:10A75000AAF273F705058E01E906EC0469FA040014
:10A760003803EFFCC6FB0E0C30F68F0CD300BAFE9C
:10A770005600940A5C1295072304D401B5F5241001
:10A78000EE06A807FB0BFDF8A3FC9B146D15E51462
:10A7900046EDDEF8A7E09C09F5176A0CA612AA0898
:10A7A0005AF9C7F12F119D006E07AA076810B10A68
:10A7B00027EC70F4410B35114805F90E3E166AEE90
:10A7C0002C0240F058FE420D5BFB740692E75CF7EA
:10A7D00089FF3FFFC5FC091259F83CFEE5E539F158
:10A7E000D0F8DDF39E144F161EFAD602CB0212F7F4
:10A7F000FE0875F99B0601098EF3D5F8ACFDA0F8AB
:10A80000B8FD19F340062702540F25FCFCFBF0FFAE
:10A81000EFF1F9F49DFF45FBC7012E01B9FEA50438
:10A8200014FD02F287FD240DDC0BC100470244FF3A
:10A83000440588057B101E0A16000D016700DE081E
:10A84000C5068003B3FCFEFE52F82D0B37FD44FD18
:10A85000BE00D30493055A03AA0EEA03AB124613B3
:10A860000CFD6C016300A30B04FCB41C4A17FE151D
:10A87000CEE2C4FE5AE986E8B515CA080320FB11EA
:10A8800024F8B4F8FB07EE0439FF5C070905C70F8D
:10A8900022FDEAF9EF0795048BFF710FCF035CF7F8
:10A8A000D205B2F442049E03D403A7092BE757E470
:10A8B00067FC8BF714F780010AFBBD029CEA72EF7C
:10A8C000BD01B103E0148D131803F200EF0386FFFE
:10A8D000E9FDB80CFC0CB5106A01850695FC84FAFC
:10A8E000FBFF04F1730EBB0924F9D507FB007702C7
:10A8F000F9FC8BF646065BF7020B840A0C002DFD73
:10A9000068EF12022305E7053B0D32102EF40CFE12
:10A910003E086CF8F4FA470C9A052EFDF4FC9409F5
:10A92000AE039BFF99FA2CF4F601540A83F9DE0476
:10A930000608CDFE72EFCAF12A0D8CFF4100F40922
:10A9400088088700D5FCBDFB51F61D099807CA157C
:10A95000DDF00C0778F643009C0C490A60181AFCDD
:10A9600063FDB404A1039302E40691004B021B09AA
:10A97000ADFC22F8C8F21FF8430580168FF09DFD4C
:10A980005B02B20621FDCF0281FDF902C3F270E540
:10A990003A0AA60696F4990074FFCE0C1EF37FF2D5
:10A9A00027092A041B09B2028F04B6FAE9FFF4F45E
:10A9B0004B0B990938FCF4F6590844012D11F10AA2
:10A9C0002012320448FA350EC4090B02C315F60CE6
:10A9D000E103890B2811890C1B08540FD1FDD2F01B
:10A9E00020FCE50C77051A12CFF960F681FF45FFD0
:10A9F000DF109700F0FF880350F65EFE8BF140FEFB
:10AA000036058B080CE83BF21BF9650BEDF6A6F951
:10AA1000A013A102D5E7CBF36C0536F84D00500525
:10AA200019071E0A25F47DF5C9FF6F050C09FAFF09
:10AA300021FDCB0454F397FABF112FFC940A080BA5
:10AA4000750746F48E0987FD0EF8D8FD0F0D8114A9
:10AA500041EE37F376F653EF3B1A910769FF9E16E6
:10AA60001C15BE0615DB1AEB64FCE4EB13FAA5FD1E
:10AA70006F010F0475EE91F2DA066C0719FFDCFB2B
:10AA8000D60D4D197DFC06F8AEF337FCA5005A0033
:10AA90002D043D07D000B509200869031C0B620B8B
:10AAA0003F0BCA0D320B87F9CC0A970A0411C30B6E
:10AAB0007A0C0B0BC806CC0B9F08AFF62EFE27FFB7
:10AAC00059090500F806CC0754010E01E8034BF8BC
:10AAD00062106506CBFB40004AF6C500EFEF91FB24
:10AAE000241157105DF205EAD1F499FD58FB1703C4
:10AAF000490E62070BFA58E931F747FFB9F40FF82E
:10AB0000CA14510EBAF07F03EBFFEAF51A0FD7F41F
:10AB1000C3FF15FA0B15EC02611945006011CD0A4F
:10AB2000E701680021F8B1037AF8F3FF170CD50BA1
:10AB300019F34DFF71F1BFE887095CF91BF620EFAF
:10AB40009605BE0BC4E695E807F7AEF5C1F8760B9F
:10AB50003204EB0076E0CDEC0707B2FF6D10130274
:10AB60000B088B0E2900CFFE8AFBA502530EFF07B0
:10AB70006B0C350E18F834FD160780035001E40DF8
:10AB8000FB0AF3FC1C02F205E9F707FDAF06140708
:10AB90002C0641096504650FBB04D000BF07E00621
:10ABA00016093F0319106C04D909FB0660F1ECF695
:10ABB000520B12078A049AEA20FCFDFC26F3E4F803
:10ABC000B1005F031FE8DADD35F5A7F6D3E532F60D
:10ABD000430B6518AAE8A8DD93027BECA4F705F106
:10ABE0000BFFB4015DE6CCF53AF40AFCC9FB560153
:10ABF000C91BA3042E0807FC45FAC000FCFB81F624
:10AC0000C402A8FD52FED0FF940870020E0617F988
:10AC1000A508F000120746FA37148106F00288E40E
:10AC20004A15510F09F750FD08069BFCB7F5E4FFE4
:10AC3000E20A2E0B8700BDE7DA07B0F66608991521
:10AC40007A0A1B085FF20A0436F4A7FA4FF84F0C91
:10AC50003D0A2C0BC4FE05F9180A0202390A7702D4
:10AC6000A503B50B4D0AA300F2004C0DB511AE0EB5
:10AC7000D30E0CFDDA07EE0A3BFB9CFB25FC7502AC
:10AC8000B7186A0DDDFBCEF148F949F15AF4E0F34B
:10AC90005905AE064AFDBCEB4FED48EDCAF2E9DEC0
:10ACA000EB013CFEE8E80BE926F4CA05ADE947DD17
:10ACB0002D05F60BEDEBA4EB13055AED3CED4FF231
:10ACC0001B03C11147FD1502B0F3F2FC3FEF81FFFA
:10ACD000AD193EFF6F050407A2FF08FCAA01D4F8D6
:10ACE000C7FB20F68203A802E707E6FC13008408EE
:10ACF000A9F599FC77F6360375FFBB13230351F0D2
:10AD0000530A4E0F4706B20EAC101C08901BBA1C1B
:10AD1000B5FC90085000B8FEF2073E0443070F0A46
:10AD2000000E180BE706FBF690FFD702F7F71C049E
:10AD30002C063214C7FE9700E9F8130AA2009C07FC
:10AD4000821822117011270480F99A0DF10A9406D5
:10AD500051176C0B8E121A0D1E0602009FFEED009D
:10AD6000140CDE1F010FCF0EB700BAF544F915F22F
:10AD7000BB1BBD035EFD26FC8CEC5BE4B3F37AE801
:10AD8000BDFF9FFDFAFAE1F198EDFE0302E3AFF19A
:10AD90006EFF7E005EFED5F24EFED7ED27DB80DF34
:10ADA0002211A3FCAF025CF3B909B30A030379F5DE
:10ADB0006D0EB1049F086AFD990B440A68F86BF8A0
:10ADC0005BFFA207EE0636F646023D04DB012F00CC
:10ADD00000FDBA04D302FCF9F1FAF6035E00580A4A
:10ADE00048F46BF0B5116F04C80BEBF6030C6B0A5B
:10ADF0006BF3F9F835096F1117FC6408A40A7E0398
:10AE00001DFCD8F9570CFC0553F6DBFFE1006C077D
:10AE10001EF2D2FF0C08ED063B0258092CFCEF0293
:10AE2000A2FF2705F0149004AF005F03750B5CF1DF
:10AE300024FD8014AB11270AE0FADB00980C990E70
:10AE40007A107D15F60FAB088100FA05C105D8F917
:10AE50001500240C150F230D6FFFABFB5CEDB5EF58
:10AE6000D5068CF74307E10116F342F58DF091F713
:10AE70004210D506D500C008D8E88CF658E9E4F9A8
:10AE80000715CD086511F9079DFD37FE84EEECF43A
:10AE9000CF0A89FDF1F5DEF94700D509C80BE102BB
:10AEA00089FA5B079C00FFFDEBFAB90462027905A1
:10AEB00065FD2DF63C0794FB4B04ADF7AAF7C4F3F0
:10AEC000E7FA91F7C7F927FCA8F0C8EF04F58DEF72
:10AED0003DEA40EF3EFF7B004EEEE0F197F0381088
:10AEE00085E96DF88412020E1301FAFFAA04A20E7E
:10AEF00011EF22090D06AC0C2309C50313098B04BD
:10AF000002FDC6024401711BF4F797FDDAF351FD0F
:10AF1000C9ECF9F9D1131209E2F7BC106E0D110B4F
:10AF200006043FEE4F07B309DC0CC606EF07D61147
:10AF3000C0EBCEF4270674196B00F9F60615AFFEC8
:10AF400080FE7CFBC50C2BF7F7FECBF7FDFEF5046E
:10AF5000050783FFCB078C1054F81E095DF53601F9
:10AF60001CFF530647068D035C01E3F9CEF0990CF4
:10AF7000C9FA7AF7EEF560058C0405FC000A800931
:10AF800087F7B2F8FFF7DA04E5FECD0316064105B0
:10AF9000F8F592FA1500D2FBD7F89BF7BEF7F90344
:10AFA00049F8F102560D65FED109D3038F007702EF
:10AFB000A0087803180D3C0D38037DFBEA04E40B70
:10AFC00096F510F24E05AC0092F1F7017B0AF10202
:10AFD00078FB030A181E4205DD0879FD80064A0742
:10AFE000B9020D0607056D1320FC57FB6209B71A5D
:10AFF000A6F1CBFAE31494F626F77A040512BD09FC
:10B0000095FF10E9BA0B20111803DA06F80B4A1461
:10B01000DAF04BF5FFFE6EF605F7690051037C018F
:10B020005EFF1EFB2F04F614FB091606DC06100655
:10B03000FCFA04083A0EEB12CDFD8108B4F5E8F7EE
:10B04000D9FC80094E04FA039BFD0DF946FBC208AA
:10B05000EA086BF6FC04DAF80F0706FE260818016A
:10B06000B1FEC3F54703FD072C0A21F6A0023C06FA
:10B07000D0067708D1FF7CF6BDFFEB0583FA9E066C
:10B0800031F7A20574F60AFB0AFEB7F782FD240623
:10B090009A0404FC45FFE6F88DF7EC017209E8F626
:10B0A000390320FA02015F0982047B09B3F6FBF63B
:10B0B00059FA530AABFE2DFFB9069B085E04E9005E
:10B0C000A3F23303A40AC3004EF7960115F207F961
:10B0D000E50C450A99EFCCFE8C0A77F802FEBF0416
:10B0E0007807AF007CF710F87002C0038AF50CF700
:10B0F000E0034807930283FAF209FF02BA0643020B
:10B10000F107A5FF44FBCE073B07690538F861004E
:10B110007802C4FF520311F79BF89000C201D3FDDF
:10B1200007075206C504D4F75FFFEBFA7401CD069A
:10B13000A2F7EBFDE2FA07F74A0076013904B4F50D
:10B140004FFF30F7DB066B0067052902A70221FFDE
:10B1500040FA0204F204B1F789F575F588FD62FD45
:10B16000FF0948F81A076E0409FD0A0478FEF60480
:10B170009A07EE08010ACC040F14F60FD0FE82EFF6
:10B18000D4FFFC0113195D19540659F8F8FCFEFAB6
:10B19000ECEAD1F39D06A8060E02E0FF2CF42FFE88
:10B1A000C4ECF0EF6BFF4F0D8E01E00B45FD9A05EF
:10B1B00031F516FB2CFFC50A86FC63FEF709BE13AA
:10B1C000D30269FD72FDA613A607AFF9C7FE690B8E
:10B1D000DA0285F82E122A057D0314F8C8EF95F1DE
:10B1E00075FF2BF05A00F2118EF3C5FF0CF52D01FF
:10B1F000900533013512BD11FEFC17105CF799075D
:10B200008C097500C6F55D0532FFE10840FDFD03C0
:10B2100039093905A6FD2F0490069EFE90000AFF0D
:10B220004FFFF5FEC507C6F9EA0243098008180377
:10B2300045030506B40894EF780553FEA1061900EE
:10B240005503D1044B09E7035E0535FE7FFF3AFF46
:10B25000AB01FC02200BCD05180E90110DF607F482
:10B2600049038B0E1EFF7EFCAD11550FDAE6D4E6C6
:10B27000A10EF1F97101F7111C13F506C6E1D5E82D
:10B2800092015109220FF01055FD6CF303FBD00E13
:10B290001A0901056717B401FC07E70AC30103F2A5
:10B2A000DBFE7AFB84FD49023B017207B0030BF819
:10B2B0003F0784FB0BF5E0004C159E0376E5B5DDFA
:10B2C000640575FEE0FED5050208F710CDEFE8EE47
:10B2D000890167F97009920E1710D90457EDF9ED3D
:10B2E000A90E1DFB0705D2FEA20773009E021306DE
:10B2F000ECF98EFCA901390A0309EBFF93F551051E
:10B3000044FBE7FF8E011609AEFDCFF5A3F73BFB2B
:10B3100004F3C0F15D05690870EB9CF7F8F7860847
:10B32000CCFEA30B1101F80677025404DBF62004CF
:10B330009E09D80C8A05EAF3C6037EFB68ED4BF93B
:10B34000E8126C0AC2F8861485F61AFA44004CEE2C
:10B35000DFFCB90A9008DF0BDEFE9AF96C04ACFB47
:10B36000DCFAF6030E10EF1A10E6EBF29604FE0478
:10B37000700789FCC90C7F10B1E34BF70C0AC6FCBF
:10B3800033F6B9F8DFFE260481EF47E6170496FA94
:10B39000F4F376FE18F2A60318FAE2FA10F0EBEADC
:10B3A0000FEA20EA9C0419FC81F287EE93F8B0F5CD
:10B3B000E9F731022FFBE1FC45FDF8063BE8F3011C
:10B3C000D902DCFF3806A3FFB002CAF7F509B605BB
:10B3D000E8011D0607F9360A30FA01F6F3FD5F06AB
:10B3E000BE07A2F9F3FA06014509C30626022700A3
:10B3F00022FBEEFFCE0B5A089AEAD2F3D100D8090D
:10B40000EEF441F3E1FDB704B5068E0E9D00A7F9F9
:10B410007DF97EF9AFF27306D5FD83F9DBFA1CFBEB
:10B4200072013B005407160D31F67D0264FE930352
:10B43000A7FB09010412BF0C5701B0F057FB7D0CAC
:10B4400033FE49F8931A7614B4F650E3860BFA0BE0
:10B450003CEC06F1101A0F0A8CF02AEEC6FB6605CA
:10B46000A301FC088B040D018BF27B155CF554FDE8
:10B47000A9FB29F92AFA66F6F10392F771F84BED68
:10B4800099F3B2ECB5F89AFE14F4BEF98DE383ECAF
:10B4900045FA16F1D2FEFE0516F50CED15EC6AF72D
:10B4A00024FC76084E09580760FB360E1FF8630926
:10B4B0006F101218BD0CC0F88E09CF0990FABEFFAC
:10B4C000D3F98202A8FFD5FAE2F530055F06F00352
:10B4D0008CFB36F492FA81E7D2FACFF683FC96FE23
:10B4E000630613F5BDF044F2F000F5FC07F37403B6
:10B4F0001BF46D002C05D0F971F69AFB240234FD83
:10B5000042FCD0F3710DE2108C11FA07F1F4F3FE56
:10B5100044F194FB8D132E0C9707D9048100FBF5A1
:10B52000830439FD5711D605560F6EFEEEF225FA4B
:10B5300088F5BE009E013AF6BD0130EF6E0203F7BA
:10B5400070002EFD1801E2F69A05030A4FF640F24C
:10B5500017F991FF19EFE7F4BC0640006AF343F7CF
:10B56000BEFA47F0BBFA25FE9900120A9AE96DF27D
:10B5700087F61AEFB0FDC6FDE002190854E4D6EBD9
:10B5800070FFB51E9309350CED09F20B1AF3CDF2DD
:10B59000A9126708DE0B15FAF100A60CD2F02E00F6
:10B5A000AAF7910FF9082105C9FB04FE0305C8FE9F
:10B5B000400BA804DF0B3DF779FB2D092E04AC10DE
:10B5C000A505F2EB26F49D09CC128505B2F40DF227
:10B5D00090F6B2EE40022007BA0CB804C60B58FD34
:10B5E0009FFB94F81F11FC0D7C0BC818690040FFED
:10B5F00050F7A5FD8B036E1378FF0C01DAF7BCF34F
:10B6000060F24C019A08BAF9AC0E57F305F6F00057
:10B6100064FB4C0DBDFE96EDE40128F50106A00784
:10B62000930EDD0593FD1DF7F1EF450166082BFE36
:10B63000380F84016DFC0EFC2EFBE20780FB50EB03
:10B64000DF0339F792F500F44F062409B7E787F8CE
:10B650002FF4C7EC23F47AFB0C0B32151EE63AEA02
:10B660002800A312020BC9FF4A13FB0F9BDFAAF4A9
:10B6700066083008CA003AFE4106DA042CF323FCBF
:10B68000BE0429137E07DCFA0AFBEE094E009A017C
:10B69000E30A5806980F97FC6615371843FA390CD9
:10B6A0002102FCEE61FC41FE8F11990D69F764EEF9
:10B6B000A2FE9EFC4805770183010F137FFC12FD5B
:10B6C00066FBBAF6670792186113A206DEF8CD048E
:10B6D000D1F1450574086710C80179FF8B0A06FE91
:10B6E0006BFBEE0C1A016DF569FED401BD0D4A1518
:10B6F000BB0AE70E1EF7ADF249F0A2F9A008371514
:10B70000B50742FC3DFE8806D5F6EBF08B0D9F0495
:10B710007A083C06DFFF58FFECFC5D01AAF8A2FEA8
:10B720003BFF6DFC9EF931092201160AC3FA2CE396
:10B730000EF246F9850B5BF74D0C1E0A03EC06E48E
:10B74000390B73FF18F0B6E85E018DF914F58AF62F
:10B750002705EB1247FE66F3FCF4B200FEFD75F917
:10B760009FE98B13E2022F0FB7F1B01774024C025E
:10B770005600B1026D025AFACC08BA11690671FE80
:10B780001D09B3F6D0F65C0C9B20FD158400EDF28C
:10B79000C9FF000FCF05620A4B10331D16029C0033
:10B7A0006A0978082822B618790BD40FD505EC075A
:10B7B000D1030F069C166300910371F3F2096E0129
:10B7C0001207B208E8F69DD96D068D003116D31424
:10B7D0001E0C96F69DF111F609F412F9E90F6F1699
:10B7E000C8F9550893F960FBA4EF4DF2EF15AA0DC7
:10B7F000D7188B0A7CFEF8F8E3FDE4F89214BAFE41
:10B8000029FFDBF71E1082147008D8062EF45CF6B0
:10B81000350373E968FF8AF0C70A540895F46CECA5
:10B820002FEEC406BC0BB3017CFC4DF8ECED7FEEB3
:10B83000951230F87CFD7006720B7406E7F9CAF1B8
:10B840005414A70A060804012012AE116F0C2A0D29
:10B85000BE08520AE6070A07690B8D0795054304DF
:10B86000BF0E03FF9304B504A00912186C07DE0293
:10B870007411D30D2015AD16D90CEE0BD00CE111BF
:10B8800001150306B31D371B8E1255FBA808F20BDA
:10B89000C50BB50A241DED09E500C6017A0DF40CAF
:10B8A000500124F5D1E132D389FE930D23080B1DFD
:10B8B00081FFFEF602DEABFBF8F8DDF4DB102718A3
:10B8C0005CFB050F8F00ABFD27FCA7FB3B12260797
:10B8D000E0061F0E92FE8A0BBBFA69FE290E850850
:10B8E000580CA1096B107C08D208360FC9F4C3EDBF
:10B8F000A3F8A6F493F31502460869126DFC27FD20
:10B9000025F8BFFF070CA61A7DFF6708E4E42AE4C8
:10B910001906EA1306137D178D0BAAFE71EB79EF5A
:10B9200085041600700641FBB6108206C30CD4FADB
:10B9300064022F0EA91114F63B13B10143048B0EC0
:10B940005A18531C510E95144215061D0706790608
:10B95000F614C30BD206DF0A7311DA05BD0CAB0770
:10B960003A116C0C3F19BD200906AB06B000E7FF89
:10B970003D070AFA8B23DA0055092805750A4B049E
:10B98000BAF29DF426DD8CCD130EBC04A3FFD306C2
:10B99000E1EB2FF4B1E191F78EFA6C02061D371539
:10B9A000E6FDD5138C0194FA58061A01E80933080C
:10B9B000741BB60D8307210211FBD802C50376085C
:10B9C0008008D9FB761043FE7502D3016EF75BFD4C
:10B9D0006BEC3BE42AFF4DF93B06C405FA034F002C
:10B9E000FDF534F692185A1B600AC2F4D0E4A0FAAE
:10B9F000D1FE0E12D5078606C6E9CCF671EBC1F46E
:10BA00002E058C06F40215F50017C6FA3506AC0CA7
:10BA10000908FA1AC118BFFBBFF67DF4FDFEF80F46
:10BA20003B0B6B0ACC09AE035805420BD004F4EE75
:10BA30008313180D2F09BA1B37042C104AFE01FE80
:10BA40003B0E540255251C1F6E145A18430419F35B
:10BA5000CEFE3EEF6A1F85089510A913430277F4C6
:10BA6000D6EB3BEEF5F342F2B3FD47FD8DF98A03C9
:10BA7000F9EFB60686F3AA01A3E2F3F221072B023F
:10BA80004010700D2809C804EEF956016800DF1552
:10BA90008F198A294112320BDAFF7E05B909C3F8E2
:10BAA000E52447061C098909BFF92B0CEE04F1F5C2
:10BAB0001CEE5EE274144612D1FFCAFE7CFCEF025B
:10BAC0005FD86AF6841EA20BAA0C0F038BEF35F722
:10BAD0003FF4DEF890048D11FFF474ED94F9390F02
:10BAE00034014103F9031A0B8D075808E5FC8D0555
:10BAF0006304CA0B0C01B40BD9FF0303BDFE5DFE4A
:10BB00001F0E0B040C089E0E730BAE09EE0AEE0717
:10BB1000F5FF61F99311E216A6FC3B11310A59F1C8
:10BB2000FDEFD8F38F29181BFE02840E94F300F367
:10BB300020F58EE9791594091B001D028501EBF2B1
:10BB400014EA19EA83E9BEEB0A00E8E54802F1F7D6
:10BB50004406760E7BF218F98EE500F452FEDBFE09
:10BB60001315E21FDBF9D3FE59FEA0F4D0F95EFDF8
:10BB70002721682544096C050FF14F040507B90218
:10BB8000561BF10889FFB906920D9503E503E8F904
:10BB9000C0F96FE8190F5F19E90CA600BDFDD000D0
:10BBA0006ADC4AF1520AD20B3D02F5F9A1EE6BFABA
:10BBB00031F37512C9FEEAF8CEF8940242E7A808FC
:10BBC0002BF3C9FF4DF93902C8F339FB080216F807
:10BBD0003E0E210D861114135712F7049F07A00281
:10BBE000B605A5F3AB0E52186BF55A07DE06CAFE72
:10BBF00078F0BCEBD007BA1ED302A30533FA7AF76C
:10BC0000A20087F45E12F410CA011601FE04BEF20F
:10BC1000C5F045EE5C05D205000097EC7EEA7EF0AB
:10BC2000D3F40BF9F2E8DEF422DEFDDF12FB98FC20
:10BC3000430FA71877F414F6E0F72EF94E02E2FC52
:10BC400056167E162FFD0FFB5FFBA1F05AFCC30EAC
:10BC5000DD1A0819AF022B0482031C094E0C2AFEC0
:10BC6000A017FAFE5E09840C84F8E40D6FF3EAF283
:10BC7000D2EC6CEA8312CA180EFF40F6C600EAEF57
:10BC800090EF2AF5C50603FD1AF9FD0B73FBBBFA0D
:10BC900064137005B6E3C1F022FDAC0F2EE52BE96D
:10BCA00003FECDF7E706A0F83FF892077AF7060CF7
:10BCB0007C022E18B403790A6D1600FB9108030C60
:10BCC00088022DEA7F119220E2E95B029E12E6FFD4
:10BCD000E0E2DFE7AE12D41230FAD50011FD44FFE6
:10BCE00026EC99EAF112D6180BFADDDC63FAA2F21F
:10BCF000D3EDBE064CFF8C10CEE298DA6FF39CEECB
:10BD0000F50BDE080FF581EF33E4C8F880F72CFA65
:10BD10001C15131F1CE8DDE405FBF0F8B5F9F3FC76
:10BD2000E511980EF8F3BA0ACEFE7BFD4F008804A9
:10BD3000070E9907260CDD07C1FCB0054B08DDFC9A
:10BD400069F332F110F5F006F6FCD8034D0DE80763
:10BD500099FF88F77908040A1E003D0AE1032BFBCE
:10BD6000D6ED9604580681F134FDD5FCDDFB1E02AC
:10BD7000391C9F0185E8DEFB6217890228F69FF1D6
:10BD8000B5F8CB00670E0AFEF207970291F5390A63
:10BD900028F69CF76EF5A2FE08FA510708FE2D035F
:10BDA000AEFBC6EC040A2DFDC3E214F55A0E0603E1
:10BDB00065DB98E7C003060F69F7D1E97400E7FF78
:10BDC0009EF07AEC780E2A1432E032D61602AFF3E7
:10BDD000AEFA49083405C209EDD2DCE094F7AAF3C3
:10BDE000E6090E16B60847F4E8F7200331F0E6ED51
:10BDF000341BAE228EED72E03A0F3B0DC5F3CAFF45
:10BE0000BD05950262FEE20BF20780086CFA990309
:10BE1000C50940FAAE08E40ACAF9A1F8CBFD170B30
:10BE2000F7EF98F9C5FF96FC15F0C0EA3A07240928
:10BE3000BBFADCFF05FDD2FFFBF3A908FA087F007F
:10BE4000F2F755FB13017D0A28091A043709E6F6B3
:10BE5000D7F4E605B4FF06FB4E04DAFE60014DEEB2
:10BE60008F0686129205D001100402FE3510570885
:10BE7000331B6FFD7101B3FCE5F22B06DBFFC0FF46
:10BE80002CFA26E358008007EBDEB3E3100988089C
:10BE90006EE5D4EB350BCF0E70F748DBBB05EB043A
:10BEA00073F836F76C0B140BE4BEF4CCA70902FA56
:10BEB00073FBC3112D0A29FF9BD183EB6201E4FBC5
:10BEC0000F16A81E82FFB7F9010DF016EA0986F3D6
:10BED000031F101193EBCFFAE80EEC0241F326FE9C
:10BEE000880F4AFE4AFAA004330C3410E9F716F71B
:10BEF00047F44EFDB3FF64008B074A07920C2E05F2
:10BF000079EE29F03DFB70FB8AF927FD5108E8FD29
:10BF100074077F0A2D0C1601FCFF96104CFD0506D8
:10BF2000C50414E72103C3147F0AF609700E08E85C
:10BF30005EFAC70A31EC7EF23503F7FB3FE2A6F565
:10BF400055001605D7FFC5001BF9AFF83AFA180DD2
:10BF5000DD18400776033D0050F84E00E9FF730AF4
:10BF600079FFA8E5BFF40FFB7AE57EEE000AD50461
:10BF7000EECE7EF676F41FF562DFFAD16AF28FFC20
:10BF800070F7B2FC95F53C00B9C72FCE9506E501D8
:10BF9000B9FB6A0C920321FF43E8090FDD0A9900FF
:10BFA000DE1A691453F0B2F78A175B127E067CFA28
:10BFB000950E3801D5F6B0FB7B1282041D015306A5
:10BFC000C400F7F627FD12040C11540C49FFBB0303
:10BFD00021FDE3EA29F7C902B50D9BF5DE039806BA
:10BFE00028E8C1E75400ECF5D1066FEEA505A8FEE0
:10BFF0005EF37DFA85FD0A0751FE680713FCE60132
:10C00000ACF32809BE08F0F67A053E07C402E8EE54
:10C010009A0CCBFAD5FCE6F5D00C670FC0E08A008D
:10C020002603FF0868FBBEF2C211F6F4060F9A0F52
:10C03000F00BD70CA5FB01FD3CF5B9F7B2032E07B9
:10C0400065F8D2F1A5FD5BF870E70EEFB1F0AE0533
:10C050001CE354F12EFA1CE8FCE1ABE0C1FCAAF5AC
:10C06000EEF486F58DF6120938D494E24F03890078
:10C07000F8080309B3031AFFEA015B1E06118405E1
:10C08000DEFDEB151706B4F684296A158402B3EBBE
:10C090006D0C3503F8021B01A4145B0F7B03D5FB69
:10C0A0006DF62BF9B10559064E052A0CAE09030EA3
:10C0B000C3F1C5EA0DFE3108260A92F4F5FA960797
:10C0C00082EC1FF9DB0F4DFB12F2CBE95F03020993
:10C0D00096EBAAEE40FD4BFAF9E997F16B02C0F539
:10C0E00002ED8BFBE10DF6F8DA0238FEAAFD59EFFE
:10C0F000BD01E2011DF4ADF3C10A6FFE48E307FD87
:10C1000008F4290198043BFD1E0278139608051ACD
:10C11000E500BB1B30F073FF13FE43F42D0208F65D
:10C12000FBFBE6FB1FF110FA89F714EE64F3FFF74F
:10C1300069F9F0FA0CFCB1FD60D9B6E07F0277F73F
:10C14000FEF4BE02230A6FFA24E7AA06E4FAE70A1D
:10C15000A2FEFF0494F7BEF9B21CFB1FFDF61BFB09
:10C16000C7005E066BF5490572254614E6F60EFA21
:10C17000E6037EF98E049B05280B5711A008CF0219
:10C180005A041E02D4FC10F75A04721528FAFBF761
:10C19000E6F5BCF44DFEA6075B03CE02BF04051016
:10C1A0001BFBACED66FBF20754EE3EEBD6008206BD
:10C1B000E7F51CEA8AFDA80214E988F7DDFBA5F47F
:10C1C00037F5B2F24D04D10177F0FA056A0B93000E
:10C1D000E0037FF1A3F00FF61D1DFEEF38E87406B3
:10C1E000F7F73DF8FB051A045C0752FBB0035E103D
:10C1F000BC00A321E5F8C8FE07F5C9F503EBE00391
:10C200004D0459EC9404D9F44AE898EEA2F8D9FF09
:10C2100060FB580284F2A9F67BEE32F3DCFF670282
:10C22000FAF0B704BFF655F74AFEEC01100115010C
:10C230000DF220F647F576FB431CC50DD1FB0AEB4A
:10C24000C8FC7105E70C0F096C0E10138DE852F550
:10C250000F0B23F8670A0CFE1113F90FC80918F722
:10C26000CBEE7FED1BF7D0FAB1FEFFFC7400E8F6D1
:10C27000C9F647FE97077009C50100F3E5FF340CC6
:10C28000E9F7F8EF89F33207D4FCA8F9C207DBFA23
:10C2900092F107EE42FCF6FC47F24CED33FBE70867
:10C2A000DCF08FF89F03D1160DFA170A2E19EC0E49
:10C2B0002CFF57F732F8400A5A1471FF42EF8404FA
:10C2C000CC01D90C55FF3CF46CF6FFF6130AC303FE
:10C2D0000D15CB0E58042FF1A0F4C5002DF37602F6
:10C2E000DDF7CFF785F7ACFE54E79DE8CEFE74FC92
:10C2F00070F451FD88FE35FA7FFA57EB7F00D304C6
:10C30000B109B0FF42F8A6FF56EC6CFABCFD9DEBFC
:10C3100014080C076AF8F5FA50039A0CF0FB59ED73
:10C320007DF520029EFF8BFADE0352045FF6FCF4DB
:10C3300038F993FA9E08AD0E1F100F058C01A8FA6C
:10C340006504AAF82D08D80A410103FDDE09C500DD
:10C35000E0F8FFFD6A0799FDC4FAB90BB100C3FB11
:10C3600097F16FF21B0AD0085A0374F5AE0502026A
:10C37000C8F406F0FD093AFF73F1AB09A80386F48F
:10C38000E7F5D8F26001870EAAF62D0639078D0968
:10C39000A7FC530160F9C6F8CBFFF90494F62D0908
:10C3A0004BFF42F52CF74FF949F162F51EFF4B0C9C
:10C3B0000D18BAF993FE7CF864FC24F836F12B05CD
:10C3C00021F47B026507C1FD53EE9702380724FE76
:10C3D000120A130046FBADEC47F70D0069FACE01D7
:10C3E000D6FF23F809F6F7F8DF02770706F50EED1A
:10C3F000B00B2E07C30384FBD7FE9F07D1EEF0F8E6
:10C4000077003B0359008FFA390532FFD7F1AA02B2
:10C41000BDFCE5FF82FE340E3F10D9059B059B0451
:10C4200057F968EB90014808100509F63AFEC00C70
:10C43000BC00BB02070FEF0D7E05CEFDD3FCBAFD9D
:10C440007AFD75054707670F96F841000909A407AB
:10C4500079F806F763FCF0FE36FB50062309C70A9D
:10C4600066F3CFF820FE7E0A58006004C4FFCA00BD
:10C47000E3EF580521069100A2F43101E9FBCEFD5E
:10C480008AF7B9F927011B00B109F3F8C00836F79C
:10C49000A3030201C2F3FE0BA7F36EED4004A30257
:10C4A000A0FED4FE33FF36014BF7AFF4BFFEF00A17
:10C4B0003B03E31695F252F06306F508790C7EF81B
:10C4C000CE0B0F015AFC18FE5608251032EEF3F879
:10C4D000DD013EF60501C8F71A05AA0534F1D104BD
:10C4E000ED03DAF95B007100E50FC90990FC1D0B43
:10C4F000A1F89B04120F29043413B10DE90C620852
:10C500006EF636F50A07BD03451023FE890A5D095C
:10C510006AFE0A0418FBA3058901A10A26FF11F58A
:10C52000E7F30B0B7804C1FE0A0A780114ECDCFE79
:10C53000A70463FD2D02F001D50B4A067AF26605C9
:10C54000A108AE06C609E5026AFC79002E0567015E
:10C5500072EE9CF88A0DA5FE24F80DFB80F51BFBFE
:10C56000C20481F6D007BBFD5509BFF93E089AF514
:10C570002C11450FAA11FEFEADFD0DEF6E0F2B061F
:10C58000DC1E3912F4092FFE6DF8B500CE244B13D2
:10C5900016134D0AF1F236F3E40247F4D90513F904
:10C5A000C001CFF5B4005300AEF6A2F3D7EF03F904
:10C5B00099F262FAC10D0B042DF2B500CC05DFF83B
:10C5C00028F0DEFB4107F5F6DC05D111AD03E005EF
:10C5D000FF00A406C6FA04F6970A080ADDFEA807BB
:10C5E000F4FAFD02DD0582F681143B07C602F90369
:10C5F000E6F866FD38FBD20752F9E0FE98E859FAF2
:10C60000B1023C06EF0E44FC180917103402A104D5
:10C6100028FD4B008CFAACF34D03CD038F02C20C06
:10C620004A000A11FAF123EEDF17B61309FDC4F729
:10C63000B2FAA7045B05730953FE71096206120280
:10C640007706E303DFFBB2FFFB0336075DFF02FE65
:10C650000FFA8EFCB2F819077AF08710F60BB305C3
:10C66000600A9D123F015EF7D2F848F7E009FB0D22
:10C670009B1F7D1A75007EF2300384F95E073FFB35
:10C68000FF123E050FFCE5036DEE62F20F01380D5F
:10C69000E506A405DCFCDCFF6CF9A5F96513F404E0
:10C6A000580ADA06EDFF830663F5A6F64A0CCB00BE
:10C6B0000909F7FAFBFB1208AE0F5E08730B71FA5B
:10C6C000B5FD1A06D0062203AAFA9504B907D6F7D3
:10C6D000E0FFBD009607D40575FC0FFB86035006EE
:10C6E0002D06C5FD8DFA2B1C2B0256F50A0AA9044E
:10C6F00040E66DFA7B1C0C1A94FD3CEB33008FF77F
:10C700009AF284FE0B247B0091F92B03F5F0920240
:10C710004CFE09F930017C03930A390143F1010908
:10C7200002FA3B0861F7D5F8BE05770504FE5A0901
:10C7300036044DF86AFD120412F7DEF5330A99004B
:10C74000DBF97FFFFBFADFFF4FE335F568F1550DAD
:10C75000841922257EF523FF83EF6EFE5E0FE01421
:10C76000C717251117023A143AFD7BF4CE14492C51
:10C77000F617240E460B9E0B0AF1F5EF331C061933
:10C78000E007B8088F0BCA0AD4FBE505F904941139
:10C79000CF189C078D0156059DEBE7F79D2A9F0F4B
:10C7A0006C0FBF187217D60400F0D8F83526491B55
:10C7B00018103A195A1421145C0445060D189016E5
:10C7C0001122AE0EC9189123560C64F0E212E52135
:10C7D000730A3E10AE1EBC0076FBE7013B154A15FE
:10C7E000AFF435F73B032605BA00870CCD1548FC9E
:10C7F0003E030B078902AE03C1F67FF6CEF79CFD20
:10C8000034FC3108D203850516FDE109B3049CF818
:10C81000EBF82E03A80231FF8100DCF812F6880441
:10C820003E0597FDE5F950F8C702600544F642E879
:10C830005EFF070A62FE5516F40AA809C81116130E
:10C8400022149C04690927111C0AE009720C9D0836
:10C85000181023090223E41A9B0BC40A3A0977FF34
:10C860005100921326198A06D10A4B1E1910C113C2
:10C870001D138319D614E30921FC9CF9C214980AEC
:10C880004113CE275A12C311C1FEAA13040D1F0E65
:10C89000D21CD7154619F1155500920F0B137F16B0
:10C8A000CD0D3C0631049002390CF5FF04188416B6
:10C8B000BDFC0B0A631112048605A1032E165D0749
:10C8C0000B02A9F968F6FBF881FFC5072AFB5C0398
:10C8D000F4F8500226056809580130F6D50852FDD3
:10C8E000B5FFDA04B209AAF561FA40FFD00845F9AC
:10C8F000FDFD96FDDF038202DDF7ECFDE5FFEAFAC0
:10C90000EEF78B008B05FEFA040AA9002CFC13FF3E
:10C91000740101F90FFCBAFAAA0347014BFD7DFB34
:10C920001002D90144F89209EA078307E503CF0012
:10C930005F0ABAF94109ABF72308AFF910FDF8FA1D
:10C940002BFC9AF7D7064A017908CBFB310744FA4A
:10C9500035FB2F0AA605F8F626FFCE084505C0FED2
:10C9600065FEA6F58B069D08C401BFF6EF03EDF545
:10C970001604C20485FC4304EEFA73055C01080149
:10C98000640525F7E203A007AF03D4FE38FEF109E2
:10C9900024084508DAF7F500D3FCBAFE6A0A41F626
:10C9A00055FE44FA630A5B0635F97BFBC5FC0303BD
:10C9B000D5F7D2FCC7F99DFD9DF8C00901F97B0AA6
:10C9C0004102B7F87CF75EFAE4FA7B007BF6CAFC1A
:10C9D000AFFA91FEF9FFCFF74E04C6068200A0041D
:10C9E00083F6CF04CFFE68FE04FF56F870F97BFF94
:10C9F000EDFBF800BBF0F6F9A8F762F8FB08A1F729
:10CA00000307DC042DFF0B065EFA6E03F1FFA7F5AA
:10CA1000C701AB0B83026EF99504EE067DF4C509E0
:10CA2000F108F5FE60F7B201E6F87F057A0A4EF5E7
:10CA300024F963023408F8F3EB04E1080D08810CD3
:10CA4000A709940701F4B4FC0FF8F40240F5F7EBE2
:10CA500089FC4DF96C013D0763FE8AF5A6FC98132D
:10CA6000E9052AFC65FB870354F7D603AB10401099
:10CA70006E09F4086AFE3CFEAE0408F95A1075FA15
:10CA800093089FFA8AF8EDF9B604A801D0F7E909EE
:10CA9000320591FCF309C5F7F7053FFF55FF000983
:10CAA000950594FFF80686FCB30873FB9C090F01FB
:10CAB0008FF8460AD3F702F08005E8F5F402890AF8
:10CAC0008FFB58004CF52800C205D308360898069D
:10CAD0001D01DB0820014609B6F6E5047FF99BFE3F
:10CAE00094FCEA004212A504EB019BFE37F33CF4F0
:10CAF00089FB850E01FEAA064202CEFA04E1B5EEDC
:10CB0000330FCD0D5D135EFF21FB2408E6DC2FE221
:10CB1000DB100A14EC0BD512E605A50361F930FF12
:10CB2000B210EDFEA205D5141A09210508EB9CFFF1
:10CB300003FBD9E4AC124DFA12063FF9B8041B040A
:10CB40004FE634016D01AC0CE9FCBEFE320A33192C
:10CB5000E1F761066F09C501420A900384252F1889
:10CB60007A0518FAD4FFF9FCD3F673F87E0F0C019E
:10CB7000E5F987FFF3F786FEA60754017500160551
:10CB8000F1F77EF83B03CC08B5070E02C7F7EAFEC3
:10CB900007157E0FD5FB78FA68077BF743110A0269
:10CBA0001E05170BA01523017DFE3509CE01E6FEFB
:10CBB0004A091112B90B9D0E9EFC5807F905D7FDC5
:10CBC000A6F2E7FC99FF2FF70301FC077B00FFEDBE
:10CBD0000DF8CE0B020715FE18038802D3E2A1D789
:10CBE000380C3E0818FE4EF483FBA2FE69D7BDCF79
:10CBF0000209C20DFF102304F2FF4206EBD320D935
:10CC0000AF0A47F5760948FE6B036FF883E3A40487
:10CC100048F8CDF54E138D0F82F91FF63609CC007A
:10CC200010E84ADE7100E21344F786FE4DF931FF49
:10CC300011F07FFF9812520E6F06B307960551034D
:10CC400076F280F4E6F8C907D4F5F5F54314E1EE81
:10CC500012F75204830D27FF730742082EF3B4091D
:10CC6000F5FE4FFB39FEF9FF5AF7B6000502BE018B
:10CC7000AA027601BEF94CFA5F07DE04C601CFFBBB
:10CC80008FF70407E9F90D01AFF8EFFDD1FFF0FDD3
:10CC900039108010290FA3083E026E099E01E8EBAF
:10CCA000B9FD75F474F583FE65F9D20440F47FEFA5
:10CCB000B1019DFE53F53FF368FE530521EEE0CE32
:10CCC0009B065F114D0384F87E0069F812E3C6EC01
:10CCD0001F07B6094BFDAAFA2003E2FC1AF484E60A
:10CCE000CD05A2017A050A0668F72BF6EDEB2406BE
:10CCF0004E07260CE8FCE10431FD6C01A8F9610D3A
:10CD00004C035CEDF717B91147FAFA0137027C0EB4
:10CD100046F30DE5A104DF17B3F68C04540EF810AA
:10CD200091E827E93218841E27065CFF81FC0EF289
:10CD3000B3F77CF566157D062BF6A80217F1DE0B1E
:10CD40008B08B1F6B0F9BE0413FFD10371F95DFB96
:10CD500054130E12FEF8D1F7E3F698F56B00E802D3
:10CD6000C3189A0EC7F5CFF6F70919F900003F036B
:10CD70002F06740D25F425EE4705D80D2DF91DF964
:10CD80006605BAFAB2F8D4F477030A0D6BEB88EDB6
:10CD9000E2F9EE096AF3A3FFB6FFEFF743D8B5CD8A
:10CDA0004EFB2E0985FDEBF52EF9FFFDC4D8F2DF11
:10CDB000C308B607600149F2A9F5B3F5ABEF70F807
:10CDC00046164D07A009700312FAA9F5FDF4FC0000
:10CDD00096F52A01AF0B760BA0F7E8F8B40C28FB08
:10CDE0003E0306FFE31AD51619FA810088FE1E13CA
:10CDF0009FF898EAAD11B205FCF3C40A9811170A1E
:10CE000084DF1CF4AF125016B80201005814F4F974
:10CE100015EA50F6E4108509A8F79DFE7606D603BC
:10CE2000BD095302AD0535EE3F0497089DFC87F020
:10CE3000DBF2ED0A1E05E9F3E806D8F609F51E0A4D
:10CE40002203420D15F8CEF47D06BFFDA605B3F70B
:10CE50000C0ABAFE21F20BF31DF8DE032DFBB30022
:10CE600082F71C09EBFF63F7B40179FEE8F95BE98F
:10CE7000B70CDE0C93F757F9E5FB34F732D977D2CC
:10CE8000F60DA1070DF29AF588FF4BFFE7E929E5BA
:10CE90008F03090C8703BFFDC1F09BFED600DB05A5
:10CEA000DD0EBA0220027AFAEFED64F264040C0D92
:10CEB000010AE9FB21037A109BF79006CE119FF936
:10CEC0009B07CAFEED047FF7E0FE7F048BFB4B0D52
:10CED000A8EB78D81CF38D01D9017308C711A90FED
:10CEE00034DDDCEA3B06310F37057EFAF809EB0446
:10CEF00081F56F0609084EFAB8F534FB28FF0B0BD5
:10CF00001A0092107E043DFA8AFBF5019D0927F371
:10CF10009108F711B0FFD8FC5D03F8FEC10A060BBB
:10CF20000E05F6FBEDF91DF67FFAC8000707071599
:10CF300085FD37FB81FA29F53D05500DE1FD2BF606
:10CF40001FFFFE0957FF65019006C5F12FE5A6DE1C
:10CF5000D409670E7AF737FFC0F67EF2A9E1BAE08E
:10CF60000118C30E5C02B1045FF8FDF510FF8609DD
:10CF7000DE0E9E15C90264FED5F0F9F79D07D412A6
:10CF8000BE0D00140CFD12F9D407F704360228FE7A
:10CF9000AC0CF4060BF4B00673FAA7F962F821F6AC
:10CFA000E5031EF43105D60C08F952048708A509DB
:10CFB00090EEA2D56005F800A0FA3B0A120B1E11F4
:10CFC000B2C9D2E2A7F7BB0720EE4CFBEDF7930AFC
:10CFD0008F0414038A1BF3F6C5F6BBFDEEFB8A042F
:10CFE00018FD3C0425E656FF110380058AF551EF34
:10CFF0000DF6800294FFF300A0056FFB3B147A0E40
:10D0000094FFDE055505A6067705CCF56213CE1410
:10D01000E4FF9CF919004FF03306C202DCF901F974
:10D020000907A11678FB5B010CF421FF3BF38BE1B0
:10D03000BF0F281399EF90F6BAEF5E02EED22EE5FD
:10D040000E09EE027AFB70F6B20596F863045D11E4
:10D05000E2069C1156FBE1F2A40237FF2E1A610092
:10D060005709CB1DB2FC9E0264033CFF6708EC012C
:10D070007210CE0553F0B2F81E027AF3F400950553
:10D080003300BEE91CFAEA12BBFCB7F9BDF53E035A
:10D09000B6F8DBF6DAFA7D02E2022A084F086CF9EC
:10D0A000BCD486E6AB00DF211EFE98F59DF97EEF2D
:10D0B0001EFB5EF76612A3FD3AFFC800C3F64DFEE5
:10D0C0001705371028F26BEE9EFFFD047400A903CC
:10D0D00055F769F21B0CBBFF84F79F054F04B3079C
:10D0E000C7F4730A4CF221F710078A07DC13610BAF
:10D0F00014F132EF4E01A307F0F7AB05A4FAC5F91E
:10D10000E6F9B704E006EC07A600A10350F54DD6FA
:10D1100019060BF5AEF725FE2BF096F808D443E977
:10D1200086F7A3DED3EEB2EED1FCE0FF1E0B66174E
:10D1300070DA7E0834E70EF49503B3F4A0111E0AEA
:10D14000DA1A7110D1F441F307062802B5076DFB16
:10D1500002102CF6E3F6AC03B6004802E6EF09FE37
:10D16000DBE0F8E19101970915F5940545F42D04EC
:10D17000B2F9BBFD66F96B01CC04340673FF5BF4B6
:10D180000DE92CE5FD018718C50720035BE5830F3A
:10D1900071F9ECF9FC0A54EB6DF5C2085504FAFC80
:10D1A000EFFC670916F7AFF1E4FE67022FF13D11BE
:10D1B0004D018AF57AF11E08E1FD94FB4B13010F36
:10D1C000B0FE1EFE240E9AFC40030F019718EF02DA
:10D1D00087FBC0F91EFB8600BDFDB101F7E903EA3C
:10D1E0005CF517016B09CA0072FF27FA49DE93DC70
:10D1F000D4EA8DE8AAFEB1FED3F0CEF00ED0E9E974
:10D2000012C5E2C124FFDCE669F733FD98FDFD1E7F
:10D2100079E21EFF38ED41F76E040BF6FD126B0C40
:10D220000A14CA1304E116EA1905AEF404FC9505C4
:10D23000BE050EF0FDEC31041AF480002C037BF9DE
:10D2400046DE60F199F366F84BFBC0FD88EC7DFF8C
:10D250000BE8E1F710F7F803BEFA9E02BDFF8CEE73
:10D2600027023CF93B067403630524FCA4EFB805D0
:10D2700053F892FE00FC60EA88F31F05AFFBB70D80
:10D280009D0328FE51007FEC2D0AE3F717FC18FDE3
:10D290001102FAF2CAF8C0F067FBF60548085FF819
:10D2A000FAF80AF5E7F8420FE504D00A050C410444
:10D2B000740063F6D002E40B9B04C30204EB9BE50D
:10D2C000B4F8EEF5CD123C0635FDF3FA7ADB3FD12A
:10D2D00018DE3ED7E90EA60142F602FDBBF20A00B7
:10D2E0000EC8BFC75FFEAAEBB5007BF80D14712313
:10D2F000D9E422050AE1FDE1FC0753076317C003E7
:10D30000E01E890527F0CBF2580802F9F4FE41FF30
:10D310003CF968EB74F9C8F67902F8F5A0FB81F2E4
:10D32000F0E29FE2A6F41DFA85FE1BF4E2F7280165
:10D33000BBFA470302F45AFC7EFFCE031DF827DD3B
:10D34000960073FC7E04F0163400DBFFC6D85DEA5D
:10D3500015F094FE5F1F8FE63300D80546033206B2
:10D36000A209F0FB0F0821FB6CFFC6026001EC0173
:10D37000C4034B01B2EF84077BF648070C0A8C0804
:10D38000C9F8F4F453074A115C069A0A0E16EEF92E
:10D3900011F989F2CA0CFE017B0689F95BEB1DE1EC
:10D3A0003BE096D4730ACF0935FCC7FCD5E897EB70
:10D3B000D0D474D0180B4E07F9F49B0337F52E0424
:10D3C00082E505D65B0C6E00F000F4F45E0BCE191E
:10D3D000E2F2FD0F4FF4000151058EFA6F0CF50FCC
:10D3E000DF1DD50A0100B5F899F6E2FB26060B030E
:10D3F00026FF53E97802290CFEF91D051FEB61DFBA
:10D4000041E8A8FA410382F360042FF7A2024A0A16
:10D4100054FFC30290F9EA0028FD87FADCEB60E9CB
:10D42000E0006E0968F1BDEC490851FB00EB71E7C3
:10D430003C0E6507AAFBF1F30309050644DF7FFAFA
:10D440009902CB0A6AFE77F67203B2F5CE10E5FBBD
:10D450008B1190F7EFFEAFF93EF93CFD44F2260543
:10D460007FF330F71908E80910027A01B0FFE1F9FB
:10D47000FCE4BFDC5609E60E2AFC3B01FAF21BD99C
:10D4800097D7D9CA450DBE0AB9FD47F3B0E4DCEA27
:10D49000DBD79DE4231C400DF2F9EE097CECDFFFA5
:10D4A00072FCD405D61B6716B2F7E0F34518C60226
:10D4B00080016C0367085F1471FEA90128079913A6
:10D4C000190C4A07A817060AE5F587F39B0C3CF8E8
:10D4D0007CFAC9E802FBF4065105FDF99CF2FDDD7A
:10D4E00000F9B9FC9E02D1FF29FE17084D08D6F4B9
:10D4F00060FE4A001E0652F5FF0713F98CD3C2DE08
:10D500009906FA0B3EFB22F4520B79F2A3D87FE185
:10D51000C006FE035BFBF4F68FFA0AF7D0EB120DA0
:10D52000BDF64CF3ED020000110550003AFE4B072A
:10D530004AFF8DF4DDE71305070200FCBA0C410633
:10D5400022E8FBE51F046B112705FB09540455F580
:10D5500003DE7BC84C116C0A6F02CAF6E2EC1DEDCB
:10D5600004CB0BE94F06DD0338EF25ED38F715F254
:10D57000B201B90A0605270E7EFC74FB12FD4E06A9
:10D580003C01E4FD2C0D291542F1B3F35D0986152C
:10D59000A7FF5CFC9E077D10AC038E048910D00CA5
:10D5A0001B0911FA20191D1530F687F38CFB3CF985
:10D5B000B8FD67F75D0258F383020BF42CEE3CF5DF
:10D5C00083F65B0437FD5BF414FD1D078603B3EEA1
:10D5D00016F9D9FD25FE48F73506FC01D0E041E7F4
:10D5E0004EFB5C0975EE35F7560361041AE868F8DE
:10D5F000F71F6E12E3EFFAFE4CF7FB0705E842FA5D
:10D600006908D709C0FFFFF642FF8FFF7EFEF9FED3
:10D6100089FC3AFD84F41D0423FE09F9850078F69F
:10D6200090EA2BDDA61082084FFE08FED0037DE2B3
:10D63000B8CBC6D26B14ED09AB0565F7DFDE1CEC89
:10D6400050F469FB610B43F8CCEFEDEC2DF942008F
:10D65000410AF81740095203950965F49C092C0406
:10D66000C70884FB14007307D1EF8CF7680F0B1504
:10D67000210321053A09ED0F460214060114150095
:10D68000C405A7FE061D0C0B5800B0049F097EFBC5
:10D69000FCF05BEAE5FC8CF83DF68A088E028E040D
:10D6A0008CE8A8F926F6ECF22FFD40039DFF60F60A
:10D6B00007ECE8F398F38AF19CFDCB0473EC81E569
:10D6C000DBF1E80B0DEC3001EBF0AC00C8E68BECC5
:10D6D000011E0E09BDF829F01DF40A07B2EA8FFDFC
:10D6E0006A049006380535FCA101B1FFA80447FC87
:10D6F00034006CF78AF62B0A4A030F00D305B105F4
:10D700007FF2BAEEC8FC6404DBFE9B09B80ACBEEDC
:10D710000DF4F0E1FC074000D4049DF784E50AE530
:10D720003BFB7D1013FCE1030EFC0B04CDEB070B60
:10D73000901803071F040BFDD60A1DF9BA072F170F
:10D74000960D6B095814100B68FAC7F21112DB061C
:10D75000FDF704FAED0CCB12CE014EF2A707C3FB86
:10D76000A3EA75E11D0EB7F990FE5607B3FF13EC5F
:10D77000CFD0F8E106087EFC73F80EF823FCF9041C
:10D7800084D3D1E124F942F7BDFA5FFB8806B0E803
:10D790003AEA9E03F6F61FED45001C03D1DFE805CB
:10D7A00015FEA20874F8570D2FFC40FF63FED1E967
:10D7B000AC19E70734033EF6FF0465FED2F288EAAF
:10D7C00003F9BAFF2F0583F06705690AA8F5ECF5A0
:10D7D000DEFA4AFC9DF6DAF558054BF9840281FA27
:10D7E00046EC36EE7E026303620748FF93FCC4D921
:10D7F00080EF02F4A01D3210CE075BFF30E0FBDBB0
:10D80000D3091A0CCF0555FC6AF3E5F3EFF40C05C8
:10D81000250B0C061F0EBB083B0E14F2D01D631027
:10D8200044FE5A05290ECD05EAF258FC1616440AA4
:10D830009509B8F809F85F07330329F1A70CE9F651
:10D8400016EBD4D93D07D3060306B6F68BF038E4C1
:10D8500049DB40DF8F0186FD980214FCF5F95B106F
:10D8600084DEC0E178F83CF99A061B07EF008309D3
:10D870001CF1B4FEC2EB40FA310BCE0175F8B2FCDC
:10D880002B04591168F976F3F804BB0BD50A6CFA2E
:10D8900087159103A6F5CCF1B304A2F679FD47F004
:10D8A000370447FFD0F93CF77B052A058BF3300A94
:10D8B000F2FC74FBD7F8CE0820FAE50489FB94F853
:10D8C00050F217EB9C09EC091C0A300487F472D063
:10D8D00040FDEA064417520713039FF720DA53EA84
:10D8E0005903CA0C18024AFAECF88FF3B4FD4A0F38
:10D8F0009B0A0D04A7088EFC120A7F0A0E02190A61
:10D90000480F570E2007B709D80245FFBF02110183
:10D9100003FFAFE91EFABB0500FEEFFCD2061EEEC8
:10D920005CE92EE9CDFA850632F3D2FA61ED96F57F
:10D9300023FDF6FC1EFD9902FCF4C400260DA8038D
:10D94000DFF708F3C80242F603F98EFF02F802EE91
:10D95000E5FA670A13EF01F05300000124EB17F119
:10D96000130A4003C4FA8DF52B00E305DE033702EA
:10D970007612D20672F908F9CFF9690794037E107E
:10D980009AFD89FD220511FB05079808760005FB25
:10D9900081F9130915FDE912A405CAF5AEF783F361
:10D9A000AFFD42F891FE6307A7044D028BE3F4E458
:10D9B00077F67F09BE0B1EF52FF96804A3EB9708D5
:10D9C0006C054407BCFBC70161FBF2FF7602EA0D60
:10D9D000350F1312F9F550F80EFF660BCB0C9706B6
:10D9E000BC09131243F97B0D7504C0FA220055FFE0
:10D9F00078FC0DF75F059002AF068AFB79F830EBF3
:10DA00009BF24904C00C81005000ADFAA0EF2CF845
:10DA10000FF7CF00760E11FE6D017FFE87FC19ED2A
:10DA2000CCFE85F63004C0FBE800900302E060F015
:10DA3000F6046908C8F74C078A04AE00B7E65FF839
:10DA4000BC01E20BD80CD4014D09550C260CBA07C9
:10DA50007320850E4103A5EDFAF90B039402F50539
:10DA60009FFA740354055B01AA01C7FFF400CC0BB5
:10DA70004FF4F7066C09F903A9FB0CFC40E5EFD164
:10DA80003401F3F39C01AFF8690210F76FE61CF65E
:10DA90001602A30426F4CEFA3205D2F6A0FB37FA1A
:10DAA0001DFF720345F656FE4307A7F31A0334FE23
:10DAB000C904FA0800FD36F956024DF7C0FBB9FD5E
:10DAC0005215D5FDA6F43209AF00A3F183FB32FC59
:10DAD00060F6F5F62F0426076105950356F87DF1EB
:10DAE000CC02D3011205420912006A066EEFB1F5AD
:10DAF000EF16C6095C02DBFE1FFBB80113F520E33D
:10DB000025062510AA08E1054D0670085DE5EEE042
:10DB1000600BE6FFFDFD831A8E0E7AFF7BEF22F786
:10DB20001EFE2B18090CF712F2FD11F9D80B23FC7D
:10DB30001E1C2A02A6049BF59506B5FB60FDC308D2
:10DB400045FEB40A1CF865F905F9F8037F0A82F965
:10DB500047040200110594F3E7F85EFE3EF7D1DBBF
:10DB600095FFA2F6A8FB4BF66000B302C1E669F28E
:10DB700023F2B7F9B8EFBDFDFDFD0F01E5F493FD0C
:10DB80002BFB7B005401F6FB39F826031FF370FBD7
:10DB9000FD0B48FC5FECAC03B300A7FD61FFC6FFC3
:10DBA00091087F06710520FF460395F0E3FF88FE8C
:10DBB000B9038BFD4A0532F8D0F16DFECCFDD1FAE8
:10DBC0006A02070CFE04E21048F5A0F5BAF8EBF380
:10DBD0005318CF1B8505E0FC3BF6940910F79CE930
:10DBE00075077912DC1264121F0BF1FB3BFC71F517
:10DBF000A30DFE16431DFB1AE2F71906D0F5E70741
:10DC0000A30B0B0D6216470E29FAD6073B123E0BEB
:10DC1000D00C03FF74F467FAC907C009DA07B7F735
:10DC20005A0C5F0964F65F0738052B01AE019B01B2
:10DC3000AA105BF5CAF7630EF3F7C5F570F888E82C
:10DC40002009EC169D0C17EF1309FA0977E48704F5
:10DC50005204DB0038F507F1D3054CF712FA30F81F
:10DC6000FD01840333F009F4B30007FEC6FAF9F7A7
:10DC7000910906FC6F026905C6F6F7FB30EE180045
:10DC8000E4037F0FC303E7F64EFDADFDADFF0E0FBE
:10DC90005D06B7FD23FB60FC04FD65F6A5FD27F6D8
:10DCA00095FD75054D04A000FD048CF6ADF4C4FC93
:10DCB000CF0E7A0E050A2D09EDF8BB0BBAF5B5EEBD
:10DCC000DA178E17080B3110860C3B01EC01BCF5FE
:10DCD00016056AFE411A4D194FFF3DFD0BF5141252
:10DCE0000F179D123A219C009F0AC9080B0508FFD7
:10DCF000B0FC07FA3FFF3105440865099500A10211
:10DD0000B108B9F96101F1F80203CCF8C7FAA70923
:10DD1000E502FEF8A4FD3A0FE1FE18FA90ED5FF778
:10DD200023F667FCD50C94013F0987FB5FEE85FD68
:10DD30002DFD300851F818E740016B04B1F89BF451
:10DD400094FD6901B9F772FE80FF52F7F7F73906C3
:10DD500044F9CF0586062DF07DFA1D06D30401FF98
:10DD6000480AD20EE8FBCDEC08F0D2FDA51C8010CD
:10DD70009EFB0F06A8F91BF85701AC07A90FA60ACE
:10DD800097FDEEEB50FC4B0B75F2A8F9A4F1950250
:10DD900029FAC6F84E12B4127BF66A037BE1D1E28F
:10DDA0005FFBB8FC6F1BAF24DBFFBE0391EAE4F31B
:10DDB000DFFD84069E22E024A2041A0334F9C4FD88
:10DDC0000712B5F99711E70685F97000F6072907DC
:10DDD0000202FD055C0656FACCF8F9F8720F7909D3
:10DDE00083FA4E0510FFCFF557FEC5F7A20282F861
:10DDF00092060FEDF4FDB110F607F70902FC94F45A
:10DE0000A0F1BF000010F10916FEBB02CEFC6E01AE
:10DE1000D6F867FF74FAE901F2F98A0246EA1EF5BC
:10DE200027FF13F6AEFBB604C50835F8EE007BF30A
:10DE3000BCF1E7FE41FFA6FFA905C6F317F0870373
:10DE4000640ED50E1CF88B0A49F4F7F05B0D700BCD
:10DE5000CDFFFFF5F505E90496FB670697021B0762
:10DE60005AE27DF81605B000EE0315F685FAA5E630
:10DE70007802EAF7F210D510E1F430FC95E2F2F006
:10DE800054F2F6FD011AF6129F079204EEF0F71114
:10DE90000AFAA304BE0FBC2498064B05451AAB171B
:10DEA000171AA9122812D8090AFC7DFC1107800F45
:10DEB000F4FCACF620F3AEFBC405DF01540F65FBA8
:10DEC0001303ABFA16001E013FFBF9FA8009ACF60A
:10DED00040FE1B0FB60EC6FF8AFCD1FDCEFCED1B2B
:10DEE000B30F6401CEFB7AFEFD02F20313053EF48C
:10DEF000DF173718660F94FF8EF4C40922EFEDF98F
:10DF0000C50665F98CFA91F5B3FE47FEB2F25AF4F4
:10DF100032F510029C01740213FB090472EE86F5BF
:10DF2000580D82F6F206D00B93F694F9870E9505FC
:10DF3000A6015CF40203191671FB4C02EC1AE9F914
:10DF400019FCE3F3E008C90923F783F6A1EF96E88B
:10DF500009DFFECBB508DCF977049D0421F8150034
:10DF6000A1F33901DD06300029F8CA042B03DAFCDD
:10DF7000E0ECBEE7D60DF928D10542F7DE01860FA9
:10DF80005BFF32FBF31045076DFC91F85D00010665
:10DF90008BFCF1011708DF001C00720025F711F659
:10DFA000E9093509B2F7DA01F1FC8CF599FE27068B
:10DFB0001FFBBB072007E0FBBBFA61FFE7F99F07E8
:10DFC000FEFB45FD58085706D50271FFB312C5FE8A
:10DFD00080F840137D15E31436019604EAFD041918
:10DFE0009B066109F40FA3FC1AFEADF7FE16640749
:10DFF00050F202F0B1FC750859F6A5FD5FF292FAF5
:10E00000D2EA22010C18CE01F9F76904890F76F5DE
:10E01000D5F0F6FFCA0D02FBE803700A78FE940CF7
:10E020004002CDE3D0FCC7FE9FFBA6FE4B1BC117F1
:10E03000AAF117E76BF194E91EF712030F04080D1C
:10E0400064FAC1F30C02D401730AE1F32D04600DEC
:10E0500064FBB8F240F3CDFD400981FFC0FB06F937
:10E06000DDF907FACAFEAAF79BFEFB0858F6D3F6BD
:10E0700045F91A064AF69E0464FB2A082606380A61
:10E080000F00AC06B30780FC9E031BFD0AFFAFFB2D
:10E09000630762064EFC3E02E80131F9BC074E07F9
:10E0A000830A92F9D2FAB0068602B3089C09DF010E
:10E0B000FAF9D1FA3B01680785FA68F9850777050F
:10E0C0000E0190093C05D9FAFBF60404F60BF9128F
:10E0D000671673180AFD1F028B085800540E450F6F
:10E0E000761EA61B73028CF3AAF879FAE6133E0299
:10E0F00012FE82093E028004EDF97203031AFDEF5D
:10E10000B8058104F003AEE7F2048FFBE6F70A0DD1
:10E110000EFD5E0093F199F6C4036502680BFC04E2
:10E1200018065E0386FE94F36D06F3081FF9860257
:10E13000C5FA460A78F450F53C0213025207B303BD
:10E140003A02BC006DF7E307100758F6C9FCECF77C
:10E1500065FE9308F506CAFB4701620019F67CFFCD
:10E160008D0999FF41F96201A70704F9C2FBFC017F
:10E17000D202CDFDCEFBFA018EFF010A0A03A1FFF8
:10E18000BBF528FF37FA6A094600ABFD4A006B0968
:10E190002AF67B0ABE040C07E1F56703CB03820471
:10E1A000CC02E30947FD6BFEA6FFA5FCB4FEE5FB30
:10E1B000E507B1F8BD08C208E600CBFB79092906DE
:10E1C0005EF751FD71FFA2FF7D0256FEC1051003EF
:10E1D000DB00C808EC057508CD002B04C2FD16F65F
:10E1E000DA060FF70EF9F2F8A2050A0549F689FFDB
:10E1F00008FC4B08070ABDFB710875F86C0517068B
:10E2000065F852FF120A46070802DFF8CD02190529
:10E210003D0A53FDAAFE9B0782057AFEAEFFE3F698
:10E22000C2F548FA6C002D01ED02C5033C0652F818
:10E230002605A3FB2FFB870A9AFBFCFDC706A7FB5D
:10E240003FFB81F67EFD5906E3FBE6FC1DFA6A08FA
:10E250005EF822FCECF66808EBFCEB02AF04BFF9B9
:10E26000B5F60A0242F93D0A52F83BF6C2F81B0520
:10E270001FF222FFA0FC670478FA51F45DF4FEF966
:10E280004FEF5B0075FE1F04C9017DEDCCF761FB0C
:10E29000A7FF61F52506CCFAD5F7C2F955F95CFF61
:10E2A0001C0028FA860823FBB9FCBFEEBEFD14F85B
:10E2B0003FED6CFD75FA9FFA3FF39CF532038FF545
:10E2C000F5F74903D0EB39F4C709C0FF53F51DF644
:10E2D00099FE15F070053C19A3FDE8E63DF56DFBD0
:10E2E000BC024AF6B918C40DEEF2EAF3E4F2720287
:10E2F000F0018AF5B914A9014CECB7F06902E5F117
:10E300003901870466FF4708F1098202DAFD6004DB
:10E31000AC016AFACAFECBF681FCD209250459F891
:10E3200093FA03F6ABF85F04F9F63501B9F8C507BF
:10E33000D4F82807310719FF3BF8BC05B4023EFFAB
:10E340009B0C2402F4F5C6FC21F9CCF999F7B9F736
:10E3500038F164F417FD34ED42F6C3F1AE02C6F6AF
:10E36000BBFE0B01E6EE58EBDDF812FC16FAEEE60A
:10E37000BF00B4F84FF3610181011F04D1E876F4C6
:10E38000B00A69EEB0FD9DFA68084CF4D3E82AECB7
:10E390009EEF11F08AF7D7F8BFF4E6F3A6DC13ED91
:10E3A00031E9B5EA0EFCCBF7E8F5F90067E6AFF81E
:10E3B0001503C00899173B25DFFB61F0ADF257F05C
:10E3C000AE0923FC41206E0D8CF316F924ED1BF2EF
:10E3D000C0F7CB058C18190D30EF4E0008FCAAFBD6
:10E3E00076FE4301EEF040FF0A02300ABCF27BF9F0
:10E3F0000C07AFFFE5FE82FFFC054A050E081DFB7A
:10E40000A4071B002007CA06CAF9EAFF19086E070D
:10E41000F3FE620E6FEF92F29CF8AFF5BC140EFBA8
:10E420005EF7BAFD78067613A9FF78F35CF8EDF78E
:10E43000B405CF00E6095BE98FF107EC25FE3CF659
:10E440006F143905C7E8CAD7D3F6DAFCAAE94FED4D
:10E45000AD07361492D884DCC400A8FA4CE208E96F
:10E4600029154A0A59D9A4DAF9EB87EF9DED83E221
:10E47000B715D4043BF73EFC0CE80CE978D22DD05C
:10E480001F08CB0734E064EC79F1D9EF98C88DDD33
:10E49000D3FB49076A0324F10FE417F369F28A05F5
:10E4A0003F1221069BF4A20116DFDBFF66F52FF178
:10E4B0001FF37101AD0DC4119E0893F8950D5CF921
:10E4C000D5FE69050D0A76FFC4F8F806D4F8FEFA01
:10E4D00008FE92F9201062F9E6FC7704C4EC1106FC
:10E4E000EBFC9AFDE60499067CF72503C9FE70FF54
:10E4F0009EFEEB0891F486F6F9FCB908B60F90FB86
:10E500005FFE6EFFD8F5E4F28CEEAAF4890313EFF8
:10E51000B901AC0ECCF154D933FEBD01E30299F23E
:10E520004305E10819D8FDE0A1F856F5A9ED570318
:10E53000CD163C149FE607D44A0288FB28090F0E2B
:10E54000F2182F1394E029F9850F9C023408190062
:10E55000DE16330BD3FC13FB3CFFB0FF29FD72F139
:10E56000DA0C7105E1F5A3FD99EC7EEFB4FAB60182
:10E57000D3050CFE5AF72BF7D9EEE1DD190DD201C8
:10E580006007F100180A9904BCF6EBF984FE5F07F6
:10E59000F3FF8EEBD3114F1E0AF603F69B0826FA03
:10E5A00063073A020A2201157C09B506ADFFC3FED6
:10E5B000C2FE0C05AA215C14AB171E0C95FBB4EF30
:10E5C000F5FE3C0539F71309ECFE8FFD11002C0711
:10E5D00070FD9F11A2FBA106F4F80CFF260CC0EF02
:10E5E00032005F1242FFD4F8C100ACF4C2EC76F8FE
:10E5F0009B144E129EE4E9E36B0046FCC7F5C0F5A0
:10E600004C0E7011A2DFD4D76B18561368F2EC01D0
:10E610004906CD01BCDF67027F158E10C40086025B
:10E620004B0B5311EA05A402C815C31219051EF0BD
:10E63000910F140F8F00CA06F1FAB30332F256EEAF
:10E640004E04A20DBAF13808A9F254F6B8EF66FFED
:10E650006506C600250B07006700DDF78C02370D45
:10E66000A200A9FC2811DDFE4AF55FF60C0BB309E8
:10E67000ECF80BF9CDFB30F686EE7FE80B09F3FAE8
:10E6800037F1DB00EC198C1708F28D162104721794
:10E690000005010401239210670DC7FE12F173F506
:10E6A00084045A0AF806D2FDD6F646F217F67DFB28
:10E6B000F604A506B5F955F4CBF61C0914EEA7E44B
:10E6C0002408BB14FCFE0BF67D04E3F53CF0F0F9E6
:10E6D000F512E308BCE5EEDEF3053AFC40F072F516
:10E6E000C407CB0B7FCF22D3890BF50CE4FB22FFB1
:10E6F000FEFE16023DE8BBF1B513EF0663FA0CFC13
:10E700002A06660B1504DCF68F146807BB0099ED2A
:10E71000D7FC92FF37032C07F6114D0CFBEE8DF35F
:10E720008300FF0339FE71FECE05340B81F56E00C8
:10E73000CC03E008BEFFFF067B071205E2076E0967
:10E74000A104BE03CA1212FB9A08FF10FE0BF901C6
:10E75000ADFFEDF6B0F96F11DA03CDEB39FFB41C64
:10E7600042F0BAF09608772841EF2703A90627065A
:10E770000F07EE044A0F15FB45F895035405AEFD4F
:10E7800079FD0519CCFF0AE93E089CFD68F508F4FF
:10E79000D00A4E1218FD5AE6320664054DEE62F0BC
:10E7A000560C73F57FEE02E23FFED9F290FF260E83
:10E7B0009400790233D3C7CF710B8808890532F5ED
:10E7C0007F02A801A0D309DE8F0AFB0AD9FAD70C71
:10E7D0007A06F5009CEA7EFE86065A10C01359FDA3
:10E7E00096075F09E904D5FE17FD13FE7EFC54FC75
:10E7F0006404B401DE02DC0867FFC60CDAF208F13B
:10E80000D40297014304BEFE6307A808DC054B0A47
:10E81000C605D404A10123FDB60A2207DD06080EB1
:10E820006B006201FB013C086C0AE519D90CA000E1
:10E830003706B2F8520232123316C4FED70A6D16EA
:10E84000F2F1B5FA290EC10875FCD007A60D66FADB
:10E85000A80FC1FFCB18C70710ECC20792FC1FF529
:10E86000CF08FA0B85F8A8EBB8F0A50E94045CEE7F
:10E870004A0037FD0CE86EFA66FC600DA6FBE6EE7A
:10E8800037F998E8FFF16DEB80FEDE0ABCEED91493
:10E89000BBF948FB9FE332D8EE08750843141E0706
:10E8A000E1EEC4F8C8D385E17B165E105EFE900FE2
:10E8B0006DFB51ED07000917690D90FE7A032B0BD4
:10E8C00000FBEEFA4311281702007F038600B0F523
:10E8D0002DFA3F02590464F92805300235FC5CF931
:10E8E0009B0A5F00E9F208FBF60A680645F82FFD6F
:10E8F000020C750E0507E3FB2903860500FC3005B5
:10E900003A0C96081B03FB14C706F1082DF916FCF8
:10E91000D619B3162C057F044704CD0780FC1B03D2
:10E92000BF02D2F6BB0BFA2D21F9920338008D08F5
:10E930008007B90AA616A810800316FD8904A6024E
:10E9400014044B12F2FE1EF1F607B80F05FC89EC19
:10E95000FD026806A9F0A2E183F8820886FADBEDE1
:10E96000ED030DED8DEF44E3C5FEC80093F4DBF23B
:10E970002BF4BAF40CE087CAC2019109B70E71FFFB
:10E9800046FBD1EE53CF21FB97018DFCBE0C371215
:10E9900000F9FBED390AA023B8FF94FAD4FA89FAFA
:10E9A000CFFD03FE7C1A7B196AFDABF71802DAF47F
:10E9B000BF0C6501B4FEA4F0EEF8DDFF35EB88F87E
:10E9C000FDFE9B17E9FD6EF14CFA24073EFA17F1A4
:10E9D00035139309ACFB92F43602DD02ABFFBBFCAE
:10E9E00037182D18FB02FD035312FA051EF370FBB6
:10E9F000831BDC0EADFBDC05D007230DAD022F031E
:10EA000017F1CA0B8827C41A9D046BF65505DCFB69
:10EA1000A7048106DB15A6FC5E07EB042EF81CFAA2
:10EA2000C609770568FF74F26508DD090EFDD90691
:10EA30004E1162105FF2A5EF5612D0FE2BEF8BE164
:10EA40002208C5FC2CF607E8E6FDB01044F077F785
:10EA50007F08C1F03DCD96D7110B7604E9F0CA04CA
:10EA600062E703EFB4DC550377FF78042008D10A8E
:10EA700040EFB301FB107F1B0A0A15FB5A01B2FCE1
:10EA800002F595027D13C111EBFE48F9A70016F2BD
:10EA900040FE4BFC730BD3F0EF03F4F1F9F043FBB2
:10EAA0006401850300E969F61F01BBF222FA78F9D7
:10EAB0002E0CAC10C6FE75F5B3FB1D0C6C0009F5F1
:10EAC000B00EFE0C7CFFEDFCA30F590E7CED050192
:10EAD000871F7D093807EA0F3C097003F5066305B7
:10EAE00008E876008B160711ED03D9FEE0EEBCEBCB
:10EAF0003EF17AF490055AFA1802F5080DE459FC33
:10EB0000D4161C0993FD6EF7C508D0F99AF5D9F40F
:10EB1000B71B711B18F29FE93A0FF30364EDE2F0A3
:10EB20006F09B9F59CE86DEC8B03E70C93EEC0EC34
:10EB30002FF424F97ED843D41204FE0D31FD76065D
:10EB40008DF02800DDE1280356031E0FD3111015A8
:10EB500058020A061B16CA1743169F0CEA11A10F8A
:10EB60007F04D909531E810A2703FEF5981592F9EF
:10EB7000A9FB2FF82DF9C5F7E4FBD3F327EAD5F26B
:10EB80002EF4CA0054FED0F8ADF363F71EEE73FA0C
:10EB90001411C8FF16FDB5FE65F8A606F2F5870745
:10EBA0004014011020F3DFF7BA0AF3084AF6CFF851
:10EBB000F50CA8EAE5F1A6131E16940422025D01E5
:10EBC00026EE3AF16A1C3C128D1008F652F847FA0C
:10EBD000E3028CEDFC1387F52C0234FDC400AD017B
:10EBE00012F789FF4BF695F059FCD9FE890951FCC3
:10EBF00020037315A5FA5EFA9613060EC8F356E1C4
:10EC0000F8058800EEF932F2A50CB60915DDB9FB5E
:10EC100022FF6BF41CE78EEAACFB230004F647F9F5
:10EC200022F23AF37FDF1C03380EC3017EFD0A0493
:10EC30006E07360C480F3D1C5FFC08FB2D0D6A1A51
:10EC4000CC0D230E6114BC1A40FA00F85B20E616C6
:10EC5000F901CAFE5A14950FEEE8FFEE9BFD6BFE1C
:10EC6000B10146FE6C13FC0B83FAC10067FF5BFE2B
:10EC700007051E03E9F2BFF51B080E0EA8FC840C65
:10EC80000E08C9F898FFF4FCD101720B0203CF0FF4
:10EC900056EBE1D6D8046F0D4B146A1021126008B0
:10ECA00039D79F059505E4E6E608AAFF6311A4EAB3
:10ECB00040F3CCF667E659F218014A086CF542EDCC
:10ECC00078026501200AA2F59CFFB9041A0F00F929
:10ECD00059089D04EBF01206C4039A0756EFE5EAC3
:10ECE000EEFC060394FCAED9FB0146FF8EDDEEF888
:10ECF0003CF3F10014DAF2E557039903F4FEF9014D
:10ED000015FD7AFD53EC2DFD460477FE7EFA99132E
:10ED10003BFB0C014A0ADE102B1061F9FE0EB90D07
:10ED20008BF647038D13F40FB300F3EBDC12F310F3
:10ED30003DFE0EF9B21A2311A3FA2801580DF9125B
:10ED40008DFF59FDA60908FD890748FA390CF80C12
:10ED500011021EFE4DFCD9026EFB46039F11A40654
:10ED60009BFF6E02F10AFCF7C80E83090F1C751693
:10ED700043DEC6DE33FB21EDC3160706EA16600E3E
:10ED800061DF9BFBE5E05CDB2402B11346F43EEF60
:10ED90001E06890285E516F380123A0FE1F438F970
:10EDA00088FC4E00D1FC0AF187FB78F9660053FC21
:10EDB00003123208FAF9C7FF610B4C0593FDE4F723
:10EDC00011FE5002DAEEE5EBDAF6AFFE45F2EDFAAF
:10EDD000E1FE6900D0D15DF458FD34092BF370F0E9
:10EDE0003A0018F9C5FB95F41CFDD8FC7D01B4F779
:10EDF000FFFC91F19106D905C4FF15FDA0012C0976
:10EE0000EEF7A6F7400F7814EAF4A203DC0D4F13D7
:10EE1000EEFC12FE150CDB111CFA8505EA0F7D0BCA
:10EE2000B0F6D40CFE10680677022601F30B2A0B0D
:10EE3000B70A350CEDF309FC1C0C2E1C5906E20830
:10EE4000F1F57BFEBBF681028C094D00F20AACFCA9
:10EE50005AEF55F8D2E6E6DC4F0A97FD50FBEEF983
:10EE6000C9FBFB04B9E197F1B3EC640D90F7ABF586
:10EE70004B055DF967EBA1F8ED1C9E0342F544FDDF
:10EE80007BF5DEF9FDF705FDB5F1B804EB001BF9E4
:10EE90002D0E810E4904C401C9F94C024B00FB033D
:10EEA0001806B60040F3EAF0A305A0EDCA00F0F39F
:10EEB0005FF368F27AF6E0FED90831FE5EE83FEED5
:10EEC000DEE996EB00F47D006E09CD032AFD75FAAC
:10EED00080E980E494082CFAACFC8EFC7BEED50132
:10EEE00056F657FCFF02C508C2F2CBF55D06DA1DE7
:10EEF0001EFC88FE41060E0D7DF0DC0347051A0658
:10EF0000E7F194102D0901FF1107FC163A0A65007C
:10EF1000410CA0FE18F773F088147711B5FCC2EB12
:10EF20006A1181FDD4F5DBEB420650FD6EF2E1FA89
:10EF30000BFE480112F419DD06FB3BECF6E8E1EDAF
:10EF40005DFD98F064F893F149F0F1F70CF78AE968
:10EF50001710F005BCEBE3F7100DB91399E775072F
:10EF600019080000DDF624FDDF0548055CF93707C8
:10EF7000600C1A0243E835F90FF63AF9FC03FCFF7E
:10EF800059131F0121F9DF02C4F81C0405F33FEDFA
:10EF90008EFBB9E95DF7B7F5BDF9CF0A66F886F5DE
:10EFA0007AE321F316FFBEF8AFFF5DF64CF2B4EF43
:10EFB00042F8F7E9B1040C00F2F7A00095ED1AFB56
:10EFC00055F53B02701123F676F45DF7F10A930BC9
:10EFD0006FF6D9000AFD7501D703890D0D0CAA0A39
:10EFE00031051802360595083B14E30BF2FE6EFE60
:10EFF000CC13760DEAFE9BF2640C1BFD28F816EA92
:10F00000930AC406BCF6C6EDC60781F8FEEF30F5DC
:10F010007CFCA4FBB5E359F65EF60BECC0F1F6EA16
:10F02000C4FCC8E7CFF405E8C5E007044BF2EDF7F0
:10F03000B1F5C9F933E0C7F3AA16CA1389F2020180
:10F040006CFCCD01E00839EFD10107F2C0FE570298
:10F0500093026306FDFA06EE37F937FB00FBA2F9CF
:10F06000EA171E07F205BEFC6602EEFBEFF21BF785
:10F07000C8EEE0F1AB0BA00A880517FE57FBD9F8E4
:10F080001EFD3AF3F40AAA007607C50974F640E7B4
:10F0900086E49DE7510992037707DB03E6EC9F00C6
:10F0A000510057F323FE84F795FD8FF62905ABFF3A
:10F0B0005CEEFDFED9F78A138B1131132201B7FAEA
:10F0C0009C067A0A8310680690088E03C900E3FD47
:10F0D00046089AFB55FE88F7B30B85F482ECF3F5EE
:10F0E000F20048FE18FA96EEDFF531F5D1EB1DEA95
:10F0F000C80BEBF925FB95F65DEB6DE82BFFFBEEFE
:10F10000AF0CE6F5AAE202EA7D08991287EEE8F470
:10F11000DA0378FB96EFB0F3A509651D08FC99F4B6
:10F12000FB03F814F3EC9CFAA3034CFCC6F7380776
:10F1300064FEED09C0EF78EA36FB85F6F0F366F57C
:10F1400089063C0DB8F6AB1179FEACF8CEE878F73D
:10F15000BCFF5AF18A073F14FCFCF804C0F5D70243
:10F16000F2F9A500ADFF91042CFB6E012BEC1AFA0D
:10F17000EEF02D0576F348FEFE01550287EFA2065C
:10F1800034F4E9F05EFA3EF5ED0328FCF709FBFDE7
:10F190005EFE57FC4A08E8FBF50182039A0149F933
:10F1A000CD05E605C30D9C109B030DF946F9D6016C
:10F1B000A9FB16FE7FF08AEE9BFBCFF7B00277F437
:10F1C00094029805A9FCE7E435F7F5EA3CEF23E75C
:10F1D000C7074BFFF2E96EE24AF89CF635F0E6F518
:10F1E0007BEE02EF42E3A2EEB9FCC3FE5C03CBF17F
:10F1F000281347FDC1026BFFD70C1BFC0505B40D9E
:10F20000B7F79C06F2FB95EF1C000312B10300EE6A
:10F210001BF9BBFCFBF623E712FA9DED13F95F0324
:10F2200074001104BBFE2A08B4F21B0131EA88FD08
:10F230000D0058F8F801180A32F719037CEB5CF856
:10F2400014FD3D03E605BAF37200F9FB3FFC34FB05
:10F2500079055EF22E0533018505F806EAFC830B7D
:10F2600098F6940351FD23FA230C260942104A080C
:10F2700095048AFF2900C7000A07410307F56A02BF
:10F28000270737022A14550A8EF2AAF4BEF5390967
:10F29000E8F934033107F1FAF3FA31FE8003DBFBBE
:10F2A000FAF872FA8BECB0DD8CF8DDE993F727FD04
:10F2B0004EFD47FF65D2EFDB57EB87FE2FEECAE628
:10F2C000D3F20BE95EE8F70170F8E902FCF5CEFC39
:10F2D00083F70E03E3F86407B3011C0068FF5A05C7
:10F2E00093F7BB1265FF35F6E2027AFF9D03CF0468
:10F2F000AEEA56F9F4FAC6E2600F8C016D0752F6D9
:10F30000B3F68808C5FCA3F903FA660108F0A3F672
:10F31000CB0A34022507C0F848012DF6E9EF3BF689
:10F320002B03DAFA18F427006F009802A1FC19F9F0
:10F33000D1FC7D0AF6FDD5FBD8032C0273FDBC0879
:10F3400055057402A1F43EEFB5063F0494113FFA4F
:10F350009AFA1F0218020004B3FE2AF6ADF5C9FCA2
:10F3600043FCA5FBAC051213E8F1A2F137097601C5
:10F370008BF48AF453F8AA00BFE94BEF2009D703B6
:10F3800050F750EB84E592D20BF988F3D4EDAF033C
:10F39000D2FAB2EACCD693E8A6EA3AF401EF84F9BD
:10F3A000EFFD69EA53F295FE3A0DA3FBFCEF2EF652
:10F3B00058001C01BE0061FE1A0857F6ECED7DFAFC
:10F3C0000D033C024008CAEC77F3A30C850B84FACA
:10F3D000C9FFD1F727D966E1ED0D5AF35CF8C4EB0C
:10F3E0009E010FF58EFA2A0752FB5F0C7CDF90F22C
:10F3F0000B09FB01880A4CFD78FAE1F741FED6F9CA
:10F40000AB0CEDF7A0F1DCF959FEC20B14FB39028D
:10F4100024091001DCF54DF8B704CA044FF93A137A
:10F42000D20238086C024A06AB05F109D7FEB300D8
:10F43000C5FD5F0AEFF72EFA9BF210EEB0FB8601D6
:10F44000C8F65FFF9904DE0003031BFEB0FE0D004B
:10F4500099F9A102DCEB3BF11CEB83FE670B200169
:10F46000C1F320F312E07BD9C1FBDBF367F481FE2B
:10F47000C2F531E85ACAFBEA11FFC4FD8DF8430515
:10F4800086E60FE40FF9010B7009AAFFECFBD6F535
:10F49000B70816FE49EF02000EF7FAF9740404FDEE
:10F4A000F9EFC2F647FA34FE75F07AFCEC0B950AD8
:10F4B0002E0269F326D220FDD8FA80F399FA97F844
:10F4C000DE02B3023FF97FEDBB05CC0275FB8EFE79
:10F4D00011FD990999036EF55301B61105F23FF537
:10F4E0001C00850618FE9CF8270F71029DF6FFFA96
:10F4F0004107000456054B118F050D0B1BFAE7FC65
:10F500003D0873010413CF0E62082CF6E203F90ADA
:10F510005EFC440CAE02D10A080427FE950E78FE6C
:10F52000C7F97FFE2F0958FC43059EF6E90315082D
:10F530002CF0C6F418F5EDE4B1F4F2F0510BB00F75
:10F5400028FA6AE981DC1FC6BC008EFF6DFF43F814
:10F55000ECEDF4F507E0ECEA0D0728FDF50353ECBC
:10F560004FE922F6F810650798126EFE7E051F0619
:10F5700005EEEDFF5DEA89FC2BF47BFBD20324054D
:10F5800031F947FCDC09AAF9DA03E6F88EFF08F93D
:10F59000230F52FD42ED35EC0BEE97F0A10235EC56
:10F5A0008E04790A34F9C60761FB5C0793F8A6005C
:10F5B00057FC001402FAB2016102E7156F0415F658
:10F5C0008FFEA00CCC006A027E11BF00C9FDE8F5D9
:10F5D0009C0B13082C036D045807BF02D7FB1CFBC0
:10F5E000D5F4440A410A37138D07F1070D09BC0809
:10F5F000230A78FBC514C20420F480F32507931076
:10F6000089F504FFAF1167F97B04FCFCC6128A0878
:10F6100038FEBCF352FC78F1D2F738FCDC03460329
:10F62000DEF370EC38D951E6B0070E0B5BF69A0AA0
:10F6300064DD90F148E04CFF380C3004100725F5EC
:10F64000BDF6C80044EA5EFC350258F891F5FF04A7
:10F65000F0F4D1052AF007FBDBF3EBF788088E0303
:10F660002BF908F97DF712007EFD0307F102BBFAC2
:10F67000C70A310910F0D5E8680EB8E6BB0392F26C
:10F680009519F01FB1EE66FB15046F0913EC15FA1E
:10F690007314D20BBFF991F6B407D8040FF99DED9E
:10F6A00033FBB3FC1805400238FE37F37AF38F0DB5
:10F6B000FBFC000741049FFBD3FF05FA1BFCCA08B3
:10F6C000110A4A0E2A07E6FFB8FD5AFB41F859F71E
:10F6D000640447FFCB08F60C67F873FF740139F335
:10F6E00056F657FEEF1284FCB10065F9BE074902D9
:10F6F00083DFA3F2CDF180EB10052603E506C70AF0
:10F7000015E605E13BF3B3F54507B30C9C0CF10995
:10F7100071EABBEB4EFD17FC8F071E10140A630441
:10F7200024EDF2E898FEF8FC570A630739EDE00093
:10F73000A0F3720A2BF7DBFF2EF94DF6A0F9590062
:10F74000B0014103A3F5C2064508A006E9F9BCF6DD
:10F7500062FEB3FDF606D7F37B05EE1425FD9B0391
:10F76000910C2308C4F0EEE6B606D40444F45FDF3F
:10F77000D7141F16F4F324E952F666FB73E506EF7F
:10F78000E30EA11105E84EEE2CF3AAFAA2EB14F851
:10F790001F15EB0C12F7A1F5820BC012E1F399F9DA
:10F7A000A719180601F64D05B3FAE8F7EEF9F3F2DA
:10F7B00017073C00EB00E5FA5B0D7B0D3001A6F569
:10F7C000E0F81FFB62FA9603C00B6803AEFBBD00B6
:10F7D00092FBE50184F529EE0702A70241078DFAA5
:10F7E000DFEEC8EFAA095B0B6D06CFFF9A089010F9
:10F7F00028EF67EB7710B307AEFB35F06601040620
:10F80000C5F905FAF3FE07FC1BE9DD06D5FBDBF1C4
:10F8100043FC7106DB0598FB41F93B07190392FE97
:10F82000E506C9077DFE4C051D08400455F69909FB
:10F83000C506E5F41C00B40AEE05050ACFF66E060F
:10F8400053F4B8F1E80ED30AF4F496FA39F0D5EB94
:10F8500018F1C50F330A8AFF54FF0A1709F10AFC91
:10F860003106260526F894F6A51892212EEE91E091
:10F87000B00D020B21F5B207B712FE0191D993EE3C
:10F880005B0FF5158B073EF5CF05DB11BAE739E8BD
:10F89000360B150055103E00B315CD1199E3F8E570
:10F8A000F40DAD0DD902311E490014FD26F255F1BB
:10F8B0000F0A220BB60DB0065F0E54101BE860DD78
:10F8C000FBFF9EF0700F020839168C22FDDF2CF42E
:10F8D00066FDB4F8750A9604B91B011D46F856007A
:10F8E00093F44E00F3027904120EE605D2074301A9
:10F8F000EAFF1008290983FACFF723FF91F81009CE
:10F90000D6FA4102FDF583F7DE04CBF6B7FC89FC9D
:10F910001E05B40211F8A20472F781FA5403A80478
:10F92000B70B9E0F37FA87F976018B00750578F8CB
:10F93000A008E509B2FE4FF8D0080F065FF102FFFC
:10F94000C802EE0C9D014D0A4712820F0BF4D6ED52
:10F950004A0B9401C8EFBC000B1DFC0FDEEB81FBD2
:10F96000D5FB3603D0004DF8E604E91152F26DF6EE
:10F97000510FBE0F870B2611DB1BE3165EE8C00A92
:10F98000C60F44070F1094F8701EFC28C4F27000D4
:10F99000630EB910E7089E0CB627602313FC4FF0E6
:10F9A000CC051500A0FF61029217B51A9CF0B9FBB7
:10F9B000010104FC3FFA68FBF90DD00D5CF9470426
:10F9C000CF06800A7800F0F93002280552095C065B
:10F9D00007FF820637F718F9F0F8EAFF35F6BDFDA4
:10F9E00064FD81096702EE0535FC0D0814012F0244
:10F9F000CD09C700EA00530047073604D906C705FA
:10FA00007D0A3BF701FCD6FF610213037AFD060372
:10FA10007A0268028B091E04E5F73A0395F547F769
:10FA20005F027D019F0845F789066607C0F6FBFD6A
:10FA3000C5FE48F86CF74A021E060FF99CF90DFC4A
:10FA4000040BA30F14FD33F91EF67FF8060B7F009D
:10FA50007B0389074201C407E900350585072005B6
:10FA60006B031707150089F7D50387FD270A14F8DC
:10FA7000D30392FAA8077DFD7EFB7EF736FCD2F811
:10FA8000D1085000F7FFC1042101FCFFB1F988093A
:10FA900047042F0666045D0A4EF7030689F9080A33
:10FAA0005AFCDCF66902D6054605300804068BFCD4
:10FAB000F80822FABB05E803DCFF0D063CFE320421
:10FAC0002FFCB1FE40FF55FB6D0A7807E9F70709E7
:10FAD0008EFE8E09C9021F00E1F857FCB9070F0618
:10FAE00050F96F065C0909FFDC01E2FA0602250AFB
:10FAF0009301230C620CD604BEFBB6ECB011130FBD
:10FB000047082F0A84097806D9F2B3FDF50E9D0146
:10FB10001C025E08910931FEEAF995099C024E0328
:10FB20003208951114FA7E00B0F41AF3F8FEDF00E3
:10FB300067075D16610912F94E06A9F445F9DCEC78
:10FB40005713980AFDED9AF411EEFAEE36FB7E0299
:10FB50006416B215010A10065DE857E55F0BDC1864
:10FB6000E018D70DA507750CB7EE46E3E509F60FCB
:10FB70009A0BB605C6068A0FECF3B0F8510AAD0B26
:10FB80003A044F03D6F71AF675FB5A02BA07DC049B
:10FB900040FE9704B000BF006F04FD0622F7F3FAA1
:10FBA0005B0798FEBDF50B0635FA74017DFF66FF15
:10FBB0008104E1092DF947EBA1F649F71C0160F238
:10FBC000D70C40FE70F02C0104FF51F331F8DDFB3F
:10FBD0002012EB0CE3FF99FC60F6FBF18B0EFE109C
:10FBE0002F1FA12B2608DA17E1ED0DE700096B079F
:10FBF000111EA529D511C008E6EB06E797FDCC0636
:10FC00004B162D0A2D0E46198100050A69F9860743
:10FC1000D8035C1F891F331AD8FC33F6DE0FCC0BD8
:10FC20006A16CD0E51071517E4F6B7F75F012E15CA
:10FC300094172F1D07FFD30F3DF38CF38708DD04C6
:10FC4000BF090D18A710C804E9EECCD8CEFF721773
:10FC5000B9066F16E311FE0B1DEA47E65A09F60DC9
:10FC6000C017A60EE709AFFC68FBF50364026D0040
:10FC700013FAE200D3F77C004A074D0006F6590854
:10FC80004AF602FD53094004810447FE62045F08FE
:10FC90000404F1FB2302CCF5D7012CF00507A7F8EB
:10FCA0009BF6300A80F54513FAF4B2FFCBFE410D06
:10FCB0003E156B083D172D054CF06FEE480D9D0E5F
:10FCC0007514FD0CD802BD03E7F95CEC190AD9F6EE
:10FCD00004093E19E30797FB2EF12BF6A4FEC50499
:10FCE000370B700134087C02360B8307F4012C13A8
:10FCF0009AF86601A2FBBBF76815CE134F15B5063F
:10FD0000EF04570B3506FBFAE918A20661EE03FF74
:10FD100025092418EC11CA0AC8F839E264F6B7F1CB
:10FD20008F09DC04AFFAA4FCD6D333D45F07F906FD
:10FD30002302300B100200F520D45BE1BD0751FE19
:10FD4000EE00E1F292FD18FCD6EC55F438FDEDF62C
:10FD5000C1F28EF58CFE46FC54FF3D0485F4D3FDC4
:10FD60009E0168FFFEF64F0996F9BF052305F802CC
:10FD7000530DD709CD11E1EFD6EE6F0AB2FC6BF847
:10FD800080FD730E8D04B712840BA0FE0E04EC0CE4
:10FD9000360B05FDE8092F0703FFDA058C04A8F2EE
:10FDA0000B156602DB0A72F97CFF85FEBDF062006E
:10FDB0008D180C0156018FF7E6FEE2FD9BFDC0ECAD
:10FDC000A30B2BF54D0893024503E00400006AFAEB
:10FDD000DAF8E800A9FE09FF95ED5C03F7EF48E8C3
:10FDE0001F01CFFBFBF6D70A1D01C5002CF969FCEA
:10FDF0000FFA7E072607EF093EF189F39EEF25EC07
:10FE0000C800230FA1F853FB42F2FAF81BF644E9AD
:10FE100054FAC4F52BF88E03D3F87CF2B1F854FDF4
:10FE20004FF8E8F587FF77036404B1FCEC013FF776
:10FE3000C5FC25FC94F2CB011F08A4F94EF596F8F9
:10FE4000E0043CFA2703A5F70E0AFE09FFFFCA03E8
:10FE5000BB1F2D082F1131F49FEE840C5E0BB8E907
:10FE600041106B1AA4133016D107CB0EDFFF61FCD3
:10FE7000C81C8910851231FFBE0EA70A710C45FF00
:10FE800080061F0210012CECC7FFFA08BC09FF1105
:10FE900060F4C4E68E043FEF3909C6FAF50211F9A1
:10FEA000CEEE61FDA3F72DFB18F84FF0B2FC25FF55
:10FEB000DCFA5A0164F7E7002C03B3F9CAF0E8EE64
:10FEC000561147FC6802150B2009B80752E864EC8C
:10FED0005E071AFB21048513A91A27FD90EA0BED92
:10FEE000F5FD0A13880642F633EBF3EFF0F203F365
:10FEF0001805A00644F42C0575F872DA69E2F3FBE4
:10FF00003DFE740581F9590A67F42FEDB50275F9C4
:10FF10002C020C05A909960CE9F96805ACF0600102
:10FF2000B9F8DB0726F615F80FF78303E2F880012E
:10FF3000DC095E170C01A5FD370E590DD00268FBD8
:10FF40007F1ABD0D0B170A04B0FCE70F79FC6005A2
:10FF500032135A074EF195F73B0F60F9250C7A14CE
:10FF60001FFD6EFD61F177EDCB08E105F507AAFAFB
:10FF700064F3C9EF20F715F92A057401E40125039C
:10FF80004BF635F1E8F363F99EF33BEF2C070CFDDC
:10FF9000E9EE920C22FC8405DAF1B9FC57FE08FD6B
:10FFA000900693F3370D4205B30FD51B1008860456
:10FFB00096F82FF93416AB019C11BFFFD2F532FA37
:10FFC000F3FB82033209800061F4E7EE0BED62007F
:10FFD00027FB8510A7F2770059D71CEBAEF5D8FAAE
:10FFE000F413730D1A016E0F5601E6EFDCECE5FB1E
:10FFF0002A02F50B1D0A6200B3FE3DFA29EFC9F88B
:020000025000AC
:100000005E03A21730002EF5E70499EF9DFFC8ECC0
:10001000150B5F1BB20E130635F8D00D860C140BB2
:10002000A914510F210B19E7F01B6711A2FCF80965
:100030008D121716E7EB40DDB70791FF7F014F0EDA
:100040000AF878EEEAE179DCAFF36AFB52FD1003BF
:10005000D6FB66F31CE011F9E4EE4EFB0B0C8904B1
:100060003CF2A5010BF7E6FC88F0C6F3F707950E06
:10007000D7013A05FF028D0110F841F6EB0398FB1A
:10008000620846061C0C3B071A0E2C2969FB460326
:1000900078FFF5F5D3098DFBA719A506EEF065FDF0
:1000A000CB02C101840A490183DAEBC1EAFAC3F445
:1000B0008E08A2FD81F88DFBB2E6770028FCDBFDFF
:1000C000130511FD95F943FD38F5EBF30AFBD50453
:1000D0000D176C0C46109A05A7F6E6022DFFBC0022
:1000E000CAF9652274F0F3040E092C0DBBF01D074C
:1000F000C9132E1569F98FEB36022C177203F1FD27
:10010000CC19921074FC74E3000CFF02E10D3B0368
:100110009004101506DBA8D87C0828073208E803ED
:100120009AF434FF8ADF56E5F8FF5FF41104A10B5F
:10013000EBFABDFE6AEB50FD16FB5EF2CF023C0609
:10014000DF0C8C04A5FFB5024AFBE4F59806F20229
:100150006C094003910ACC01AAF2C703FEF77DF9AE
:10016000290BA1076109240A4719A11D95FB74F603
:10017000E6F6150A39FAB8F9FC0FDBE2FAFABBEE3B
:1001800072FD01F6AE00BE09F4C80DC19CF90FFD69
:1001900051075202FDFCC8FE33E9651078FD4301AA
:1001A00077F758F4D6FC7309530491043005F30C27
:1001B000BF1E7405B1F7CDFD39EB1DED70F73DEFB6
:1001C00053F6D108E403EAF117003BFD3C021E0799
:1001D0006E0A781453F5E3F1A500060755F901F20C
:1001E000291D260AAAEDA5D9A609BD052E1BE200E8
:1001F00008FD500C23DB12E2AB01D00B48FC99FA4E
:100200000301E60C95ED54F1C2FBE2F4A3FED50C1C
:10021000E0F268EEFDFB90FD91F77CFE740AD2FDE2
:10022000ADE867F02C077A077F064E0C0DF9ADFAA2
:1002300054FC9900C5FDD0FBA6066A14ADF705EC89
:10024000DB022B0240F9FFF9E918221938E770F7B1
:1002500056FCFFF7CFF8DCF814F42EE2DB053CFE89
:10026000F0FF6701F3E9EDF3F9CD3BD613F7B902DF
:10027000A20F6FFA10ECF0E82CEC010475F2D2F248
:100280003FF15CF5D8F411F1520AECF5A10BF9F24B
:100290006C11010D93FAB1FB53F7FF083CF258FBC8
:1002A0000EF9961204FA06F9000144FF360B5B00C2
:1002B0005F0916F637F9CE047E13CF10E2F6E5F9A2
:1002C000D4004DFB8EF804F89E07A8EC280B6903B8
:1002D000FDF90D0EF0F6C9ECE7EFE4EB81FD240724
:1002E00096F957F5B1F39DFAA8F371F6A3FDC9FD90
:1002F000EBFA32EC96FFE00209FA7403F0046406AC
:1003000079E1DAF0250EBF03500CE011ABFA48F7A3
:1003100053F8D30844FC28F559FE570961F1CDF094
:10032000660458FDEAF5D8EAE70A6418A000C7F9A0
:1003300068F80FF5B4EDC6ED2EEA08CF4D01F7FFD2
:10034000D501B3FD55E9BFE83DCD61E5321180042B
:10035000BEFD3BFD1ADC70E85C07F504CDFE69F4D8
:10036000F8F93A00FFE75DFE6BF7C2005BFDF406AB
:10037000A506E20D3EE54BFAC6E404FB56EEB9F1E4
:1003800041FD390971FEADE7280FC213811414F73E
:10039000A9FAADF365FE99EFA30AF60FBE0610F3B6
:1003A0002CF2ACEA83F472FBFEF977F25B0636F2CC
:1003B0008CF9FDF9EBF18DFDAAE589E558F7E60E1C
:1003C0003FFB8BEEEDFC35FFC2F6580B070226FC17
:1003D00038E0DED35909ACFA70114C1067FBEB1210
:1003E00018D621F9E3025BF398F7CFFF4E07D7E762
:1003F000A1130204E4F5CFFFF8FDCB021EEDCFFE02
:1004000047FE65F174F6B8EE80011F00D910BB0FEE
:1004100037EAE3F783F50BFE3FE828D65F01870C48
:100420000202CD044BF695EAE3D94CF3C30AC606A3
:1004300058FB3EF97EDC18C97CF69BFB5D04C6FACE
:100440005D000008E5D0A8FC46FF530767F062F0A6
:10045000810B7C1F05DE4BF96DE9D7FEC0E5C1F6C7
:1004600049028A0BB0F5E2FFFCFAE6196AFE0101C7
:10047000D70B66FCB7F162F15C0A470281FE4AFEC7
:100480008CEF93E11AEBB3F02AE3FBF0D709F5FC0C
:100490000CD9CFF021070AF646F8E8F6AFFB6D0F4E
:1004A00077E8F3DD89FA3FFF0BF79B03A601C20C47
:1004B0001DD881DCDB08CEFAFC1BC000DA019A09EA
:1004C00089F40C1C36FEE805790C65FEB1EE5CE69D
:1004D0006C22E017160A8C031101CF017AF6EA0CA0
:1004E000EB0591F1B7060BF37809B5FA5E085602F1
:1004F0001BF86CF5E20493F93CEB7EE0BF0C850938
:100500004CFB7FFF42FDB6F061F286FFCC0865052B
:1005100029FB82EE18E8DEE016FE3E0AEB05BAF192
:100520008DFE732A70D318F2EB189A0327F07EEB36
:10053000691F3413CCEB1DFCB4F8BD00ABF2FA0517
:10054000E2FF77F3B201D6F335FC7D0BF2FF66FBD9
:10055000790A98FC47EB00F841FF3EFBCCFF86FF91
:1005600077E5F5E1BDFD71F4CAE9CFF6930AE5013F
:1005700076D43FD3A5042812ABF9100895FB2A08BE
:1005800022DC64DDEC043FFBEB03A60C8008040ACC
:10059000BDE6E5EEAA03B6040E089CF77808B1079D
:1005A000E10B9C29BE08A40E68F596EE46F38BE499
:1005B000181BAB150F171C0DE2048CF9D107C107EE
:1005C00068FE20FCEC06A20484FCE3F73B11EB0B75
:1005D000DAF33700940282031FFB78E89E0E9E0731
:1005E00029112A01A504590401FE45FF62072B0DBC
:1005F000B0EBC9F7B6F175DF5B02B205B0F7D1E534
:100600001C07B00D3AF08EEBF514260D20F113EB1C
:100610000F1A8808BAF361067FF35E0080EDB9F324
:1006200014FEA2FAD1FB2B05FC03E1167DFE5A0A4B
:1006300036F8F2F46AF94614DD0D26FD4712B505C9
:100640006DE950E1C40EC8F0E50C460167FF5503A3
:10065000D2E0B7DB161247061E0250FB840489075E
:1006600028E383F5C5118910970C8E05DF04C109B5
:1006700035F5A20DCB0390F939FA45F2A5164803DA
:1006800034266B235305DE021CFCFFF811ED7001CC
:100690003324140C15080103A70596035302C7045D
:1006A000C70053F97512B000770834FCFB1B130E1A
:1006B0003300E20DC8FCF802C5F5F80B4715E90C4C
:1006C0009CFB9CF20204DAF8DE07AD05E6140C127E
:1006D00005045EF7AEEC91EE29F453FFC9F730F054
:1006E0006D07D40672E94707A40636EF40E9C2EE6B
:1006F0007F108910F61644104BEC26F933E38EFA7E
:100700003FF9AEFA190799FFBBF7E7FCA8FE93057E
:10071000CC1130F81C03D10C11067A0F63010307CA
:10072000E8EBC8FBAA19FF083B0C1907610090F51C
:100730004D00C4F50B0C7C17AB030CF8DE0EF50D69
:1007400094ED4EFEC9166208A5023E00C102DD0A04
:10075000A303651C0109D3F880F83501B918A60078
:100760003B329A334607B208C4FC95ED1BFD2CF2D0
:100770004C2700FF3C05F1019A089F0544067F09BC
:10078000FDF2A902BD14B80BFFFA75FE0C14360A6F
:10079000DB05FA048A065B00D6085802790A89113B
:1007A000CA02DBF8C1F6350118097413F507AF0763
:1007B0007FFCAA076AEF08EC94096204B202E1F533
:1007C000110B6B0442FCD70D5BF409F055E723E4F1
:1007D000BEFF8F10AF16AD183B0D5BF5AAED0DFFF8
:1007E000C3F7740E4EFDF7F6500B6402CB0210FDFA
:1007F000020D40131F0CD70FBEFA5F14ADF890F531
:10080000540522FF55071D1FD605F7FC66FF43FC64
:10081000B20B1D0D5C0F7C1C0406D513A7097A10C2
:10082000BC0909126020D80BA40E380A6207E70041
:100830003520AF216402AD0C8A0017FD2507970211
:100840009F30F81D4D0262077EF8C2F438EC7EE559
:10085000261B60FE9F0BB70F88FEB30B62FBFE16D4
:10086000B8051C043F10C802CE014508EF134B0425
:100870007B0B2F1597FCFFFE3A082B0E7816EF0620
:100880008BFF21FB680969038F0C7B0450FBFE0082
:1008900005FBB7F7D6069FF217FCA70A59FB9DEB9D
:1008A000A3125814A1FFCE1B1A00B4E18CEA5CF22B
:1008B000F203A9FF9B23010F62F822F3BCEABBED10
:1008C000F609460758FFD605DE04F7070708EEF8D5
:1008D00095177B1A9E022918970E970C0DF682F930
:1008E000880C9507360F660A78008707BEF5FCF777
:1008F000261241037F112016010C9113DC08120708
:1009000094115625461B111AD1121E14F0FF14FC27
:10091000741BCA331020990D1B06ED07590B6DF59A
:100920000B1A7F1DAC08C71145FBA2FCD2E1E6E81B
:1009300009117D0BBF18A1073701A20B5B07FC1043
:100940007205CE0383FD57F2E00AF00D5107B50A98
:10095000270EE20E84F7E705810E39067B1333F686
:1009600048F99303E9FA2C0A020A8208DDFB65F8CC
:100970006B099F0CC6003B05E208D20AACF323EEDC
:10098000BB247B1FA9EF42082DFB44EB68F196F8CE
:10099000E30724F8B10D9AFAA7F6A2F09CF1DFDF85
:1009A00021FB330CD9032908D1FFC009580F0CF4DF
:1009B000810E3A1F0C036B1A6F09D803C2FD860122
:1009C000770B2A133416360EAD06A4FDAAF44AF1AD
:1009D0001100B70674183F113D012E0602F1F30015
:1009E0005C147217171AB0209800FA0408F58CEE00
:1009F000D71FC51A7F1B701178FC49FE01F4BEECAD
:100A0000650AA903FC13450E26FC63FFB4EA8AF2CB
:100A100001F641004711B00CD2FC3408EA0A670E17
:100A2000E6125209FF08CE061D024F0CD21231FC0D
:100A3000CE108F04140392079E021DF8A4FDDAF66F
:100A400029F96EF84A09790A46024F0E31F274EC20
:100A5000A3FA37042705E016C00927F87EEBABE0C0
:100A6000D3187F2A6309E41DA7F5A1D8B9EDA10227
:100A7000991D0C01BAFDF70E82F17A03FEFD4DF9C6
:100A8000AD06D2F94A02DDEA7202CD0F290528012E
:100A9000B8F77F0BE9F74A1DB316140F700AB0F1CF
:100AA0004C0F62FD4E0E3C124C037B0ACCF5B8F2A3
:100AB0004D0699156FFCDB054904BB07C1EA8A04A2
:100AC000DF15A320DB009303B103B70279F81FE61B
:100AD0003012360E6406F00EEDFA23EDECE536F535
:100AE00009FA1209A205270790E3B9F685F8B3EAD7
:100AF00088FECAFFB603570DFEFE57FCB90DC309A9
:100B00004A0AF006840D4401890ABA0F6508CCEF41
:100B10008A102C08F90ED014D8079B0514EF38E77B
:100B2000F4F190F3E60678144A0C0002EADD17ECC3
:100B30007B0B8209811CE52849FAB7E9E7F1F8F255
:100B40001010B90ED517992149FD4BE319E24C0558
:100B50009B0EC0FF6B1A440C58EC4B0228F01D038F
:100B60002B08B201F803D7F733FBFC0292087FFA97
:100B70007C0D3016F201F9179A074A053F025AF523
:100B8000181449FFAF089EFA13E7C702D7FB2BEEF4
:100B90004A10A71047F8C1EFF5089A05F1EDDAFB06
:100BA000770F48123FFE1A032AED03EF3BF09AE657
:100BB000B105A902BCFA3704DFE7BAEB16E87BE718
:100BC000CE01BFFD1C0163FE9CE042F712ED65F90A
:100BD00037014C029B08550637F887021108450A71
:100BE000260C760468026A0FDB06A60A9BF911F64A
:100BF000A60637F813104818C21568044CE60AE236
:100C00006901500602097F126D0D1E07A9DE0DE570
:100C10009EF59E04C517AA0C51F1E20244E712F2B8
:100C200080F607FDB829E6278AFA46E2D1FDE408F6
:100C3000F4071200E517720741F5970516011CFE2F
:100C40002FFDDA082EFE2A003BFE700A4AF9E40066
:100C5000D81CC411690ECB05CE1076FEC2FAF5FC85
:100C60008912EDF920059CF323EAA4F28BFAB9F777
:100C70006E01E40884E67FEFDBF641F25FF8D3E330
:100C8000F40BE90C05EA73EC48E52DDE4CF1E4EBDE
:100C900095FB900659F588F0D0E0200067ED2BFB1E
:100CA0001000C603C3FBAEFABEF431F363F9DDF600
:100CB000050A91023F0126FDF1FA8AFEBAFF2603DA
:100CC000EC036DFB9AF9BC0486058707F50126FA4B
:100CD00056FD8B02ED0C910A220795165CF1FCE99A
:100CE0008F0026ECBD16111BD40053FA33E3A5E8A0
:100CF00005F9A3F5160CDC0E9EF602F378F753FA0D
:100D000012F9CDFA5D1F1D130DFB8E013902650727
:100D100021019F0281EA5FFBF50019F670F81CFBC8
:100D20007AFA340B5BFD190076F8FE031AF775FDAD
:100D3000062A03FEFB0A4EFA26025801B8F7BBF05A
:100D4000AA1C9210B0F8CEE5A1F430045AFEE6F1E8
:100D50000F0658FC33DFD5E70BFF4B0033F3FAEEF9
:100D600000F7A9FBE3F1FDF45FF7E2E770FE110A7B
:100D700007FDE900C8F024EB44FF5DF29200E2F3C6
:100D80007809290551EC75F0AB00BCF34DF765F817
:100D9000B400B60186F33CEDDDFBFBF71D00C1009E
:100DA0000FF910FAE0F8CBF637FA59027FF195FA0D
:100DB000A4F854F7D6FE23FEA112A115B1E31FDD5E
:100DC00009FFE9F497125D0A130C1D08A3E571DD14
:100DD00020FB9FF4B3F9CE0107FEE3EF54E8C2F421
:100DE00060F2FEF9C60B3E0FBDFFACF52F0927FFE1
:100DF00039028902D1E6340294F8540574EDF5F90C
:100E00004F08540454075AFFFCFA7F08E707270AE3
:100E10001D0D3F01CA102AF9100326070A00ECF441
:100E2000201F5210CEF9AEF83502B001E9EFE0F71D
:100E300036FAF4FD51FFCCEAA608E91FF7FB1802C9
:100E40001BF93F0161F13CE88C1094120503E005A9
:100E50009B044B01AEE9A8ED770D33FE0E013AFB82
:100E6000E90B4B0CC5EFC4F9D5FF22FB3BF0EDEFCE
:100E700098F8E4091AF1B5F0CDED65F28B019B030A
:100E800022042AF29DE87DF98A03A60C1FF7D2EA14
:100E90006DFF3EF8ABFEC6097801830555FAD2EB2B
:100EA0002DF680F3340A0009A8F78305DCF396F0E9
:100EB000870512EBC30FE81801F26EEEFCF2BA04DC
:100EC00036E626F33E00A7F6E3F06EF683FF9502C2
:100ED0003E0AB2F5470CDAF7B405C8F68DF92304DB
:100EE0003601C405D1FF89011AF96301DFF6C3FD9C
:100EF000DF070E088EF923F8F30238FD4100650480
:100F0000E806EEF681112C085D090201DA0478FF8B
:100F1000EFF66AF2F20ECF0ABB0EF92352F60D007D
:100F2000EDEB7BFC35FA9802E1101E21AFFD8A043F
:100F300082FD6DFEFE062DFAE905AE0E5A02CEFBCD
:100F40003108680143F4A0F11507E104A9FD49F255
:100F50004EF7F0FC8AF07CF14706AE0171030E05F6
:100F60007EFF40FC42F683F32CFA3909C40F3E039E
:100F700002E118EDB5089BFDF1013FF54C0621009B
:100F8000DC0176F4AF0C940C87F743FA93047FFCF2
:100F9000C9F5E9DE41071A1BBAFCA9E925EF3CF8BF
:100FA00037FC9E00B30A1E1439F42AFDE7F5F1F56B
:100FB000E8FF100214049BFDC0F350F9FA0575FA1E
:100FC000CEF81C08110AE2069CFA1E04E104CFFBCD
:100FD000B1FF381024103BF50D0983EF59062BFAA9
:100FE00070FFCAFA83014808CC129C17A106310988
:100FF0005CF477EF870ACC032C15A61C37FAB902EC
:10100000EDF3DEFDEC090109851D291623F77207B2
:1010100002FB66F2AE005E071C069F0579FB87FDAA
:101020007FF018EEBF01EF0BC40BBC08D9FCA30383
:1010300050F234EC8C05990001FD63F1BB0A3707CF
:1010400055ECEDFDDBFD4F05B6F7B2F907128F0049
:101050001DE453004DF6ED004D017CED94FD0EFFB7
:10106000E5F5C6E45E0C5AFF8EEAA6EDE7F20DF058
:101070009EDF1E07DCF6C1FD73F6E6F33CF6B5F421
:101080007E07DFFD29EB4C02EDF1DF025BF4D203BA
:101090001AFCCB04B60614FC69FF1D0838F890034F
:1010A000FF0098FF4CFD4AFFD5FAADFCA3F6C9FC42
:1010B000A2072C017FFF39014CFD6F02DB070BFEFD
:1010C000D1EF13F8F21387128A0002ED5C03F8FEE9
:1010D00074E767E554136D0D8BEAF4E7A3FFB818C6
:1010E0008BEE1DFD0C0BE90405E9AEE5F819202394
:1010F000B5025FFB3C098406A8FB01F2120E7702E1
:10110000CBDC92F0E815A80F71DF5CF25007BD1040
:101110009FE9D1EA8116C20E50ED26F04E17DD157B
:1011200010FF4DF3260C5A0C20E739E5D0145F1C54
:10113000F6F32CFC4CF94AFAD7E95EF99304CB128A
:10114000D3F17BED470FFB032AED80F0F7094E103A
:1011500042F207EFC8FFCE0D35F623F464118E027C
:10116000F6088A09BB11230883F456F68B0008079A
:10117000F0FD99F994FDD5098303FD05ECF9C1F95A
:10118000B8014FFA76F6BB07F1FF2007EE061FF60F
:101190005001EAFED802D5095706F9036108F903A0
:1011A0001402620715F9A204CCFA1CFA2D08E6F91C
:1011B000D0FDB203280CA71479FE92F4D501420C9D
:1011C000ADFFE91655002505C7F6A8040205021073
:1011D000D921BC20BC03D2FB4802A6FE5507CF068E
:1011E000B4F999EE1A03B2094AEA0103D604F90BDD
:1011F000D306EB02E0060202F0DE5CEF89199916D5
:1012000065F7E4EFF9014700CEFCFEF975166D1D98
:10121000CBF5DD07CC12470F17FF2CFF491BB90692
:1012200013F916EF79051AFBFDF30E0030FBAC0D38
:10123000B3F2D3F7F1F224F71A00F5013A0423FBD5
:1012400030FC2B074A01E2F9420938FB550135030E
:10125000CD0690FE5CFC5CF78FFCCAFD28FA4A03C1
:1012600094F93603D209B7FAD4093E07E9075F04B7
:101270001503D3FD66079705BBFFEEF9BD059B0778
:10128000BC0054042DF99EFDC8077E002DF706FD15
:1012900028F88DF9A2FE65050DF6690879F8C604EF
:1012A00099F7E1FA7AFC48F8E300350775F6D1FEC4
:1012B000D5FE74F84EFF0AFA290289FFE4F614FFFE
:1012C000AC11590FDE0A500071FA36095A0342F781
:1012D00073FE73FBA80184006801DEF553FFBE08AE
:1012E000BFF6EFFD5EFFB80446FEED085BFB18F8A5
:1012F000DF01A2098300820A6CF8CEFD6B0631F68D
:10130000A206880975FBB3FE3DF809F8600298074C
:10131000A5FDF3FA8A0A68014CFA2308090A31FF8D
:10132000420711F8880327038EF874031306D607C3
:10133000B30390053DF62BF86DF881F934F96A0591
:10134000A1FAB9FBB6FCC20737F747FD80FFCF060D
:1013500099F72A0068F73B05E2031303260118FEFC
:10136000B5098D074EFB710AB4FF7608A2F5540348
:10137000F8F9DAF53B007DFAAA019F0561018501C4
:10138000A3FEC107FEF14604E5FE4EFA02FC900002
:1013900099130208E11C620AC8FF2B00EE0639F817
:1013A000510DF615E50E2A093101320097F80702B2
:1013B000B6103C049A0243F611004E11400B5AFC41
:1013C00056F6ABFAF5FFD4FF11054BFC74EBACE419
:1013D000F9FE1910A00750F8D1F759FB2D081EF996
:1013E0007A049F0BF9F42D0541FC7AF5D00299F7A8
:1013F00075F271F1B6F49CFD93FAA3044AF740F537
:1014000040F635068AF9D8FDF009F3048F05200768
:101410001FFC88F8850A56016E0967FFBFF61008A1
:1014200072FA4FFDA7F93C09F9FC84FA31FFAEF6D8
:10143000BF0214EE30089404640543FCB00775F550
:10144000C9FDC608E0FA0CF75DF6B2F7AF0470020A
:1014500045071707ECF9ACFD4F0616FBCE07AD02AA
:101460001806390F0FF326E2A3FA0BFA82F827F2D7
:10147000A510A60C11F524F1C6F54AF735E6CBED1B
:101480004D0EFB0EEE08AB0042F0AAF0A1D847DEED
:1014900022081F03410342FE47F615157CE83F0969
:1014A00082F3A4E8810F0106A60D56FA0BF495F01D
:1014B000AEDDA0EDDD086001D7FE8CF852FC64FDC6
:1014C0001B006C03EAFD67FEB6FD90FCFDFA00F31D
:1014D0003610570EF3FEB40CDB0B29FC2FF2E8F8A4
:1014E000BEF932FD2EF412FF53FC4705B5F76D052A
:1014F00026FD2AF83709ECFA3A04A3FA8AF95805C6
:101500008009BBFEED0089F87C02B1F74EFFFBFFBE
:1015100061FBB0F3B4FD31FDE40FC80AE200010C39
:1015200029F29CFA04F5C90183FBEAF297F435DF4E
:101530003EFE9A1A5EF93EFE8DFCF3FEA6F103FA1A
:10154000A4FB0DF70513AF07B9011400B8F3BFE012
:10155000B0EF59ED6907B2F426E7CADFEDE57EE2A8
:1015600031FB89FE2BF410F133F534FF53DC8ED7B9
:10157000E6ECAEEF17F8DE08E7F2F6F87DDED8EE1F
:10158000FDD827ED76F306ED230143FB9AEF20EB20
:10159000DFEF4704D4F06AEF20F53EF592F10FF546
:1015A000CCFE45FB44FE7504B40A11FBDAEC31EEC7
:1015B00030FFF80E60F548F3CF0154F7410687F18C
:1015C0005A0E2915AFFF0AFD2F0A70FA42EDF1F10C
:1015D000880D74F92FF79701A1FB3DFC23FC36021F
:1015E000840AC9059EF8D50A2FFAC4FA770366F76C
:1015F0001406290162F6E115E0021D05B812070F75
:10160000E60EEF1A9FFF2300EA01ACF1270E96F4D5
:10161000F00A14094CFD20030AF9750488F333E33A
:10162000A9067EFDA40B790B2D03FCFB1FDDA4C8CE
:10163000EDFB7EF787087D086806240832D91EDA9C
:101640005D042BFADE0569F93B087013BAE5A9EFD2
:10165000F4F195ECADFBDA0916143A0C3CFD27FACF
:101660007CE1BDF48C0D29095EFCC8F51FF4B4E7DC
:1016700027FEBE0EAE08CDF3B6F4400A55EFF8EBE8
:101680005C1A781BD0011C0403FAF0FBE8E61EEAA2
:101690004113EC0F54F7C0037BF7BEEFF4E8E7F11A
:1016A0005D091EFFC617E6084401E5F9D1E986EA9F
:1016B000D0EE09FD9AFC4D05120114FE26F36DF7DC
:1016C000D9F6E3017000AC0942FE3CF72FF713FB9B
:1016D0004E076FF8B1FE52011006D6FE5E0EF20004
:1016E0005A0E792485FD83FBEFFE4EF1410EF5097C
:1016F000951CAF101A0273FFECF60B007A0818065F
:10170000120CA80F5C01F9FC2EF2C8E01D0B620D53
:10171000AB02E5F78B03E2FBB4EFFBF101F1E1F083
:101720007DFD42E95EFBCFFCB110BE0A6EFDC2FD3D
:101730001CE232D204063FF4710E7A1C8E0DAC15F9
:1017400029E20DEDC505080536FEB4F851FED2F7C5
:101750009305691F42051D0016E7D7FBDEED50E635
:101760006B14CB19AEFDF0FDFEED49F28DE3D3F025
:101770003C13742296F5DCFC97EBC3FB28F8B1FC14
:10178000BF1AAA06EF0AEE1572F6A8FF62F6A0E1EC
:1017900033F6C4FA56131C089D0813FD37ECF0FE0F
:1017A000F00970087A039501A4010CFBE3026CFFB9
:1017B0007AF860FC1A09D2FEC1FB9D0083FF2FF965
:1017C0001C0097FFFC000B0EDB0587F0C90D7FFDA9
:1017D000A406570DB205D30B31F0B9E7E503F113B9
:1017E000AB08420B7205780909DC95E15907BA0389
:1017F000900CDCF768092AFECBFDBF0C2AFFEB0F2B
:10180000A9F028EE3A0F6707970A8101380AC40A3F
:10181000E8D191D5BD04120193138C082719310129
:1018200063DD56F24C080B09F20241F18D047C0095
:10183000B70F971766FB830A32E386EF65EF89FFE0
:10184000EC274E2768F535FF0AEB68EF13F32BED15
:10185000B715111CD90A11018EFB39051906750C33
:101860009C11CE00B40382169BF7EC043C022CE4DE
:101870001002950EA108AC0AF2F7BBF97904E10752
:10188000FBFE9510D808600C4EF7F0036005670B5F
:1018900028F115FD8EFEEDF288091906AF0247F515
:1018A000DBFAD605E0046B104802D9ED83EE9EEC1E
:1018B000E8FFAD017C05910356E9AFEBA7FA1105EE
:1018C000E102AC066D02120587EB2DE851F7860A9E
:1018D000310E9F02B30C1304C3054A0BD204080651
:1018E0004D0617EE17F60B03DF04BE0CEEFAD91205
:1018F000E2E0EED111FC5B086709BAFE37149C05E3
:101900008DE027001902A8FF10009FF1A7FA180226
:10191000A7170F1972FD4200B1E307E38FF62DFB05
:10192000031C441F860D3D00BBFE87F1D0F0D3F9A8
:10193000F70F2D183BFBA4070EF133026109600B72
:10194000660B38FE3C054A067EFA1FFB76F7F1E689
:10195000D50A7006C000BC078D0610F915117FF579
:10196000A30A7D0A01FB0C0544033FF8E9F2930149
:10197000A3FF18FBF905950873079C0A2DFB69F571
:101980001EF3B4004303650A9F0836FA15EEB8DF6C
:10199000560800040202050E3FF83BF3B8EBD8F8F6
:1019A000D703D604A608620CA5ED2CEBBE01FAF70E
:1019B0008015331CD7FDD601600E7B04CAEE36F1CC
:1019C000FD14C0008D07AFFA3E03B20E15F282FD82
:1019D000D1DB43DC9AF98DFE1723DD06BE09D8FB67
:1019E00081EA910E70001C07DDEF09DEE9F9A2061D
:1019F0008A20031EC0FB88FFA8D149DD8D08D000D6
:101A0000D1203B19AAFC11017FFD63FFD30FC50153
:101A10007F1858022EF947FCD002EBF229FCF1FCAA
:101A2000CEE46CF08EFDFEFC54FE5FF891FCCE051A
:101A30009EFA2AF68A0B69FACD0492FEB9F2B3F83F
:101A4000AC09B1084100D1FEDDFD51F90A02A11235
:101A5000DB157C038D0673FF3F0887025C091FFEC0
:101A6000FB086102A30A8F064DF41CE8D3F89FF629
:101A7000C30394064102E9FBA506ED0A6CEFB20B25
:101A80001F1491032D009F0D9AF03100FA01CC052F
:101A900005189D1630F97C064601D30401F819E5B6
:101AA0002315CCF0520AB7F6D1F5E81A0FDF8FFDF7
:101AB0006DC73FC590F21AF0C81F460875194E173A
:101AC0001BF36C14EAF76001BEEB99D66C019D0C18
:101AD0005A1A4918860264F175E171E9BA0DFD0FD1
:101AE000351DF51A9EED05F87BF896070F0F090EC8
:101AF000270C440309FEACF504F629FE79F815EF2E
:101B0000D1E9F1E4C7FB65FA74FD2E04E5F9AE02F4
:101B10008EDEE0063A0F4805D00B8302AD037D044C
:101B2000C607B614E3FB750BC0FAFB08760DEB0D88
:101B30005010451055EF39FF58FEC4EE7C0ECFFF14
:101B40002FFCD0FB42131F0C78F594FABCF890EEF2
:101B500062F159059D062208F2F12DFD3FF74A0C6E
:101B60001B07EB0DC607830528F3A4F9B70440FC57
:101B70006F1B870A8404570491000CF517EE37D9C0
:101B8000C6FB1EE1F503CC0849F80812D4E8190A8F
:101B90001EC662DFAFF706F25E1E8808DB17EE1284
:101BA00037014C241AF6BBF030E55EE6FD0D5A0114
:101BB0000E1E47141BF251FDFAD4CAF6180C3B1046
:101BC0005A194415A4FF75F306F842FDEC15EE060C
:101BD0006001080089F41000ECFFDD06DC0306025A
:101BE0005DEA30F6DEFDF2035CFEA3059414B10A53
:101BF00096F1C00259067EF68C11181349164B0651
:101C00008C06741BAA0A8FFF4DF834FFA510C9FE7D
:101C10007C20D408BB00AD16750AEFFEE107D41690
:101C20007004F20515235E1B6CF9540021FFE8F6E1
:101C3000F6F1D0FFB903BFFDAEE552E578FA13091E
:101C400011038C046006270C08F3F0F02B159DF8A7
:101C5000420C70071BFACE087DF107FCCAE9A3E627
:101C600074EA5ED4120F7F0EBCEF1610B3F65B174A
:101C7000EED792EAB6FE5FF64A1F66062C0DDA0B27
:101C8000A901C91D58FFC2F0A4EF18EFF3FB19FC1E
:101C9000FF16E80B37F895F0D6DC76EFAE04AA1401
:101CA00056FC23060EF4F8F92BFD75FF960BE21295
:101CB00025082BF351FB25FEE6097BFB2213631A53
:101CC000BCF5AF098DFF6AFB42F56104CC0EDA0664
:101CD00050EB1C0DE5FFDA0226003A074405031914
:101CE00086F9DA11CBFD2204CBFDDB08E0FF62F9B7
:101CF0004F0D03F81BFD9F0FCEF70AF77CFD9516DD
:101D00008909E4FBB20ED31342EF9FFC5BE698EC2B
:101D100065FBAEFD1615920767F13FEB28DDAE0BB4
:101D2000300922FE41FD520333F1DE02380B5DF033
:101D3000F2FD1EF1D1FFE3FA29F493FECEF025F770
:101D400048F0B5EB550C3E0BBD0A3A078313BA18A1
:101D5000A1FAC40A6A0AA40A1414D206700E390F32
:101D600067128E1B5EFBAA09B5EDACF1DBFED8F164
:101D7000CB15AFFE7DF989054AEF44F3070BAAFFA7
:101D800061FB43F18B04D6F89809370A31F3C9F7A0
:101D90004EEFF6F528FE28F7FFF902EEEAF253FAC5
:101DA000160EB7054FF2C2F4DEE718F665FDA7067A
:101DB000E0021A068C01780066F7BAF6980849081E
:101DC00046005109DEF577FCB7FDA6F55601E80798
:101DD000F415B704EB06440D060618FBFB0B4E0387
:101DE000E408F7064906B21E9AFD8FFD61EA0CF67B
:101DF000940D9C049A088C0CF1FCC4F217EA5CFE6A
:101E0000FA0255F3D3FA89FEE80CF50EC0F2370258
:101E100074FB0AEC9CF21E1054F9DEF9D5F96E0938
:101E200097E750F32A10B917060B0A0C481390FDD8
:101E3000BDF674099B12330E6711C0015C02AF0638
:101E40008410C80D340FB20962EFB9F0B2051B035C
:101E50007B0D97F49B0599FCDDFA46F38F054F0245
:101E600073F29FF46DFF49FA31042803DEFE84F516
:101E7000A0E40AF3330414FA24ECA8F1DDDCC2EF89
:101E80004F07000198EBEFE9DAE799F3CCEFC0F0E8
:101E9000FB0D48FE92EA72FA2EF308FBADE61AFD3E
:101EA00013027C0E0EFD500B15028CF6BF02C2050C
:101EB0003F1F2205FA0E5C05E8008F026E134000FA
:101EC0008814FA03FCF8F70460F668F48DF6C50A86
:101ED0005CFC2CFDEC09A8F18B01C8F9FAEAE8EEEC
:101EE000C8017DFB1BF71EF83EFDDB079FF8510282
:101EF000AFF281F1CEF96E0903EF03E8A108CA0F32
:101F00004EF114FD6306B916BDF8FB04FD1112066F
:101F1000F2FBFE0F1A14D310E514BD008C1070FEF6
:101F20008214BB058705B10E5DF48CF9CDFC530618
:101F300095027700E31429031DF4A0FC400646092E
:101F400006F23DF6ABFFB6FA38F5DDF7C6FE5BFDEF
:101F5000AFEB75093C00D70B7FFECD06E3F545EEF0
:101F6000E8081E0FA2F18FE4DCF6D20281EF60F3E5
:101F70002D0E8DFDE0E4BBEB570034F8A0DD9CF5A1
:101F8000440B46061A08B7041AFD02092102620131
:101F9000FD0DAB061FFC7FF289023D0789F8FB09A6
:101FA0005C003F0E70F13EF91704750B49FA5101C0
:101FB00018F9C8FE09F643F414FFE10135F7EFF70D
:101FC000D0FC3FF483F74003B5F1D8F059FC65FE2F
:101FD0006EED25F21802F708FBF23EFD590BF303F4
:101FE00038F683FEA810E30874020413B5169012A5
:101FF000B20A10085512190F3A14D5ECB10C6C093D
:102000009DFA180004094F08B9E101EB91F8C70CDB
:102010005CFD95F9EF10360496F9AAE6E0031CF48E
:10202000600C12FCE80CD5157BFC69002FF7F80159
:102030000FFC76FAF10B6E099500D3FAE7F964F21A
:10204000B0F98105B4F8FAF52B0008FA7BEAF6DC62
:10205000AD0CAA079B012DF260F622F327DB92F567
:102060000A007905990092FCF90413FDC2F5C3FD3D
:102070009D06A70A72FF2EFACF075307F4F7F9F16E
:10208000220215FAD1E31BEF19019B0E81F70BF920
:1020900002022B0BB4F6F2F585FEECF82FFECAE037
:1020A000B7FB65F6C5FA5BF6D2F5D4EBE3E95CF471
:1020B000F4E6D4EC24EFB2F9BAF5E9FD1DFAF8091B
:1020C000E7FE8100EBF8FE0C420AE814890CF715D4
:1020D000C509EF0B71099DFCCA1957FC38146B0B2D
:1020E000C9EEF504E606BE0272EAA0EBE6FDF60FC5
:1020F000F9010216221136153EF647F74908EB049E
:102100000007E102D40B0E10C7F106042FFC66F4A1
:10211000B6FB4AF369107703B202C601D0E030DCA7
:102120008A00640FC70309DEF509EEF1C5E75CD943
:102130008307D40381E40FFF270148FAAAE7CFEF12
:10214000D9FADA0271015B08DB012709ED02EC091B
:102150004001C1F67500DCFB9CF6B9F963F5B9F3F3
:102160004001C209F6F8BCEAA1F4EE03D4F6490036
:10217000C3FF5A0383EE1FF220E94CF2D9FB7FFB29
:10218000FCEF4BEE78E8DEF368F7C1EE61F7C9F0DB
:10219000DAF6B90463E0D7E85AEF1804BCF2650B2D
:1021A00006F4D3FE90EB4CEC1D12DB159613BA121D
:1021B000F9F8D2FAD9F768FFBD237700F319540371
:1021C000EAFC010809FA9C0D21EC01E58E0259F6A2
:1021D0002A10AE11DD0E6314FE0123FE8200E1F72A
:1021E000DDFA48FD6A147F166A040814F5FAFCE863
:1021F000E8EEFDFFA3034D0D1E0B2E022CE3BDE602
:1022000050036215E0F863DCFB12A4FA62FC61F58E
:102210005A035CFDF9F63FF12B0106F99C098BE0AE
:102220000E04700B75FA6706DFFC43053F0AD710F2
:102230006A132511A80B5B0653F8E2F9AFF30FEA16
:102240003005EFFF2C009FF871FB6EFCBFFC4700D0
:1022500032F9CE0605FEB8FDA5F4D3F94AE842F3FB
:102260003D0292FE94EC58E22FF750F333F759F405
:1022700071F8BDFC22F22CEE35F6DAFB6C00890C0D
:102280007600E4FDCCDD7EE99D15AA1F4311C91D32
:102290006EFAD801AFE289D6E11B7D0C3E074E07EE
:1022A00051FB7504B8F61109A9EB1CF3E3F819F01A
:1022B0006706D4FE0A0B81195AF69E0511E7A5DCC4
:1022C000A102E9F81E240108800A7B14A6E088E731
:1022D000F1FA69E7CB09FFFC9A078F0A83EA8CEED3
:1022E00096F8E710ECF1D8F9231834F6CDE8E805B4
:1022F000550843FBCBFF75FF2E00A208CC11E3016C
:102300003E0A7301F6F86FFAEB00DF0625F9731049
:10231000E50FF11237F82A1903F965F66B1598F0F5
:1023200096FE58084211E0107F092F0242F29EFDEE
:102330005D0FEBFAF111F0F45E01440EA50059FDBA
:10234000AA0321FB11FA0CF5370C5CF981F21AF59E
:10235000D4F94BF3BBFA4DF8A9EF65F6ECF9300A66
:102360000FEEE3F598F044EBD502A20D5203E3140F
:10237000EA04E1046CE2EEDE5E0F9D012505E9EF63
:10238000840034055DE8830A69F08BFA94F37AE9F6
:10239000910087086712681DA4EEB1FAFEDA53E8CF
:1023A0006B00A00984127C0DB2F866F117EE80ED87
:1023B00029FC54F2DBFFA303CAF8880439DA58E495
:1023C000C0E0A4ECC406E7FBB2FAEBFF69F9D40B5A
:1023D0007BEC5F061EF432FF11FDD40273FF2A0C62
:1023E00077FCDC06FB09550BE307850001FB3B008E
:1023F000A4F65004FF085A0F61002EFFD901B2E67F
:10240000F70C33FEA60F5809A2FB950A9DE35C0565
:102410000C081F1898129CF90F0A5C0679019CF4AD
:102420001E1226FEBA115F0A1FFB5BFBC3FBF5F40D
:102430008EF78EFA550102F679EE26F3C9F8940666
:10244000F6F494036CFFDEF2230A2511E502B302D1
:10245000B90244069FE963E79208E3F2B3046D0012
:102460000E0022004D00BC0CA1FC4F09F4EE4CDD27
:10247000A4FBE6FCA7133513CBF72FFD26E4BAF334
:10248000FE04E3FE7212A8048EE921EF81EB55EF02
:1024900011F853F5BD15C8FEB4F04BDF09F881F50E
:1024A000F4E50AE6D8E96C00FDEF70FFF4F79A0A4C
:1024B000D3F89108A6EE410320073D055DFE860D89
:1024C000D507D811F1FC360A2A099F04CFFD52F72F
:1024D0001DF99AFC05FA91F969FBEE004AFDDBDA79
:1024E00002FE18FCB80AA11A19F746FE98ED2A0058
:1024F0000F0455196D098B02750851F0CCF483F166
:10250000800D2901B506150259F1D0E155FD1BF6E4
:10251000090CD80AC9FC9DF914F595F305F8E9F9F9
:1025200081039406C4F2D6F22E06001019F89FF526
:1025300005FB2DF738F89FF68BFF76036C03FBF84D
:10254000B2F867F65908EB02CE0393FC15F51FDAD3
:1025500027F3B9FF070BD80BE1FCF40290E3B1DEDF
:102560001416DB06230856164CEE31D9EFF3C6F2EB
:1025700030F768EEB0058E01DBED63E614F28BEF09
:1025800056E204F61CEA8E00CFF24B0421F506EF6A
:102590005E0395F844EA9FF53C0FAF063AFB6309EA
:1025A00053FE78010E0706FEDC06140316FAA60198
:1025B0008A03F9EAF5FF17F66D063DFE18EB62F4A3
:1025C000AB0CFE15160960FF85FD660B4104CA06BB
:1025D0001B01670B68F113F3980066EAB407FF0666
:1025E0005C037101ECF478F4EBE651F95E0A1B0D23
:1025F000A60406FDCBF264F076F0C2F4C500C3F584
:1026000026084E0DE6F5CEF2E70769FBF0FCEBF38A
:10261000E3FB9003B4F09C029EFC6D0BF1F6A3FA71
:102620006F0D6C08850E4013ED0AC805ADF7CAEAB8
:10263000B1005D1D2209D9078E17DC07A2DC96E2E6
:102640003D0A8D0FE9120709F2F55BF0A5F737FF98
:10265000CB00D5FCA30DE9F66EF1F700C602700EB3
:102660009BF9520E4AEB74E557FBE50C21FE8FE710
:102670004410A8FAEB01BA03CCFCE9064B11F406AE
:1026800013FD9605DAFA0A08DF02F507E1FE2605D2
:10269000651232F815033A0909F848FB6BE088F235
:1026A000A6052F0ACF16850814FA3AF6AC111015B4
:1026B0009F19471892FDE3FBD90337F0B613260D97
:1026C000E5F7BCFE5C0443F8AAF18D02430219173A
:1026D00010005005B20981FDE0F4620B270184026D
:1026E0003902A309E8EC6907F9088105760A5BFC61
:1026F0004D0E0012BA02DB0B3AFF9D03EFF84FFCC0
:10270000171221FCB110A003680A2F16B6F93DE498
:10271000040752FE1216D00A0B100FF9C7DBACCF1C
:1027200052F7B70344133600D9F618F7E9F133FA34
:102730009EF567FC97F4D5FCCAECF4F87FFC01F336
:102740009AEF360149F00EF348FCF20A68FCD10218
:10275000DD0E72FDB4FE9605CF06F90979019BFEE8
:10276000C6099C0655F7D4FAA9F502F77D08C403FB
:1027700034093F22FE0A92171EFB72FE8901C9FB33
:10278000E50E8D06A7FFFE071B056102CC11622333
:10279000DB16EAFB6CFB2B0404FA48004814D10852
:1027A000DE03E6FD1009E50E42F960F33E017D0E01
:1027B00048072F0127F9B1FF8203EDF894FD2EFCA5
:1027C00099FA4900F0FEA0F743F6DEF880F291F5A1
:1027D00036FCDD05C3FB2E0361F53BF2C004E7F7D1
:1027E000A400C2026CFF0B08F5F63F0DBAE48DD8C9
:1027F0002CFCEFE9DD089309D7FA4EEEEAD514E791
:1028000050EE11F6E909CF0491F8A5F0F6E85CFC6A
:10281000F9EE53F3A0F90F07DEED85F8F30071FE32
:102820002BDE9100E2023DF24BFD03037EFA0E0A1D
:10283000A9FC690914ED13F7B10588F9D2FDD9088F
:10284000A90653F984F83A0340017CFC8A0775F81D
:102850008FFE76FBE3FD56FD0B04AA0369FC4017CF
:10286000400E5E07CD0622007001DE04E91F260B34
:102870006AF9DB009111851751F563FE8A0098F61D
:10288000730A05090A0CE01B5FFD4AFDA700D3018E
:10289000FFFE1DFBC906D90D6EF990F0F0F47EEE37
:1028A000F40A210BE6132D081FDBFFE64DE38EE251
:1028B0006FFE4F08B3018A08B8FD1AE3B5EE3EEB90
:1028C0002B0F340A3805D914F3E0EEF3F4DED0DB35
:1028D000C7FE2BEC8515F6262AE7F2EFE0DBDCEAF3
:1028E000BEDE79E94217F713C3FEDDFEB0F0F2FA5F
:1028F00065E099F7A10FB5032CFE63F6D8F25F0CE3
:10290000B800B9FB6118A3EE13091708DA0DB8FE79
:102910004CF56F070CFC7F02EBFA1B09390620F619
:10292000BB0829026800B5FCE50566F9AA05EBFDC0
:10293000EDFE75FA1EF71504A5061EF9CDF5C305C3
:10294000470149F7AA0587F7C0058902CCF02BF9A2
:10295000040225012F0177F39202B10242F9F80631
:102960005EF501EDA1F6CDF58C07F2F908EE200039
:102970001EF471F370FBA40637FDC0F350F079ED3F
:102980007A03DCF439F72701EBF492E418E591FDC2
:1029900063E9FFF677F17310ABF7A7F0F5FB43F6A9
:1029A0006A071EF90417CF1373F43FEF5E13870312
:1029B0006CFFC0FACE0D5C1101FD7B01E3E6C3ECB8
:1029C000F6EEEDE00A0A72FB870144004EFD18F6B0
:1029D00004F2D8FE59FD01F80C04F9052F0FC504C7
:1029E0004101BFFCDCEF10FC5AFD050296F7FA0A24
:1029F000DF0412FFA207EFF92509E7033202BD0841
:102A00006DF7B1FE3401C903E50713F788049BFB9A
:102A1000600927FD62F7490149F6CBF6E0FF18F897
:102A20004E12D720C800B006350875FA7604FB03AD
:102A3000C212E20B05FF400101020E054F085AF9D0
:102A40000D124903BB00F8081B049A0A70F644F201
:102A5000490AB20A4BFC4C0671FE2D04AC08B2FBCD
:102A600060038422560741FE9EFB7CF867EFB109A4
:102A7000F2FA55F0A30A51F51E0247FBA2F33F01FB
:102A8000D708EA132AF84C00560AD8F9F7F92BFDB3
:102A9000050326F703FCAFEC50FE43FB0BEACEFC2C
:102AA00050FDE102ECEF5CEB1D01CD0181F8650A00
:102AB00068FBE40D0FF32DFDF1F64FFEEFFA91F7F1
:102AC00045FC76FAEA0605F8BB05BDFD4E04FBFEA3
:102AD0005200FF09700185FE5AF912FD6D0475025E
:102AE000D3F74C069CF907FA8E00FAF714FA5CF655
:102AF00005042208D2083FFFEEF736FC81FAF3FA0C
:102B0000FEFD3308EE08A8FEEC0494093D07FB0225
:102B1000D3F803FD9CF71B0620FEA7FF0AFCDA0290
:102B2000C1F7EBF73809DBFC8DFF25F66402CE0315
:102B3000C0F64FFB92FA4CFC3602A2FFB50991F7A2
:102B4000E40AA801C4021C09EBF6E4F804FC15FE33
:102B5000C10067FC29F67202E10C12095E00DCFF7D
:102B60005BF98DFDCB00F3065600A1FC7305B8F7A9
:102B7000A4FBD6063D044509EF013106B70380FEEC
:102B8000BAF57EF9BDF564FC5DF6E3FE4705B708CE
:102B9000AC0348F9D809E2F8A902F40915F74CF892
:102BA000E3F56A037A0383F7AA096F072E09E7069C
:102BB00083099105F8F9B5FF5307470596099FFF6B
:102BC0002C01A4FC1301FEF53603F2F57E09200367
:102BD000DE035DFB9C0849044A069E03CFF58D0485
:102BE0004D09DA0594FB1600660927050600B500B5
:102BF000AB15C806DCFE7AFC5FF491F483FDBFFDE3
:102C00004C03291BDFF917F837F5D2F44FF3D5F74A
:102C10004D130B04E201AB03B405FA0A18FFD30C01
:102C2000E304B505BBF74A052D0794026D0B870C2D
:102C30009BFAD4F3AE09810307F292062C03C00875
:102C4000AAFDE7FFB1FE81F9F311470C1F16F60547
:102C5000D207AB06FAF8D401ABF883F7C8ECF1FD64
:102C6000FB112F1344FE4CF538F96800F6F800F01C
:102C7000E1017512F00617F8BFF806FD17F03F00E6
:102C8000190AD9F7300809FDAD00E2058D000B00E7
:102C900064F7EA00E703C5FBC005090833FA7302CD
:102CA0008BF8E901A0FC8E0957FFA1F7E108D8F5E0
:102CB000230847007609EBF7C4FD5502F0FE2B0709
:102CC000DE024109C80663048C0AF7025604AFF815
:102CD0006211C005DEF12EFF9AF48C0307F767FF3F
:102CE0005F0F1A036BE899F71505C118E30338EF76
:102CF0003C123A0C3E02BBF83F0EC10CEAE911FF50
:102D0000810E521683E3EEE94D1DEBFE48F63207C5
:102D1000711145003CF1EE0892124D017BF185EBFB
:102D200021007DF9EC047AF50EF636E83FF4D2E4A2
:102D3000BAF41D01580252067BF335F299FC15F0E6
:102D4000C900DE0D2EFBB703C1F40401CBEDE2ECAC
:102D5000E0FFE508AD0217F7650E250902EDADEAC3
:102D6000D004F304B803A9F84B052004520063040F
:102D70001CF88EFC3BFE3EFDDD09D9FEF40239074E
:102D80009200A4F54EFE8F05DA037CFE7BFF0FF95F
:102D900097F019FD270D320312F04A007CF5CD1291
:102DA00052F7FE088601B501EEF850103B0A2800E4
:102DB000CE0D6E16A20D0813AFFF5E1EEAFC86F361
:102DC0008423350C1D0F18E93605780534F3AAF471
:102DD000FD0CB914CEFE30F0640E721F2EEB0CED1C
:102DE000B40D6C10FE0443F4C30B4004B6F908FEA6
:102DF000AF10E8FA57FAFAFF570FC60873FEB5FD91
:102E00009BF9C60B8B01CCF8B5053CF704026802B0
:102E10004E0C93FC7601B9FFC7F45AF16FFAF4E651
:102E20001C043503CA094009F3F2ADF35BF4530AFD
:102E300022FB42F887089F067804560513FCD60D3E
:102E4000790789FD00FA18FB8A0D4DF2F904A902F1
:102E5000C90C5DF860F17CFA0D0940017E0519028C
:102E600000F77A05C5F7D3038E00F5FF04FB2E00AB
:102E70009EF1FB0A970D47061DFAC2FC18F1C4F635
:102E80006012A0100119E5088905C313C3F8BCEB53
:102E90009F0E230EAE0EAB0B0C0F5909C1E9FEECD1
:102EA0005A0A65FB8C043E06AB08A609EBDF4FED22
:102EB0007006E009EE10350D8E15B107ECF0C8FE76
:102EC000110DE008FE17F60A2512850C0EF7B10B5E
:102ED000E10896FB3E1B8214D10D8D05720C110E7C
:102EE000F0F342F86016FD0BFF059508C8FF490294
:102EF000F4036DFC9D140D19360374FF8B0434022A
:102F000048FC42E4AB0816FF46FCDFF4FE06ADF7D2
:102F10004F0238F3EF0B5BFBB0FC0301ADFE74090D
:102F2000DDF4BB09E713D9021F00040139128B122B
:102F3000340CA50E5F0EB70B17F74B0F16083902AE
:102F4000C9F58AF51BF90B02A3FC92FF0B04F8F9F3
:102F5000D0F4FBF083198106ED02CD0E24F3C6F404
:102F60005517EB06601A9AFB560678F364EF29E4CE
:102F7000B00DBA056B0A340A85FCF80355F026E952
:102F80008E04CAF70B040CFBE5FE7A03D0E69AEE3A
:102F900048F84E02950A710D0B0DBCFAFE001C0399
:102FA0006A10DF030717FE11DE0E54055C0AB61423
:102FB000FE00CAFA7E0129FFD10B77020C19B70275
:102FC00041ED3BE74B096B0B80FFD80B7DFFEF0614
:102FD000ABFC12FDAA04F6113A09FB103FFF940363
:102FE000D0F7A4F7CE05B6FCB90BDF04770FE308E2
:102FF00061F0EDF362F7BCF5B5FB740BA2F51DF7BC
:103000000DF800096BFB071DD208F20D2A073E0ED2
:10301000AB05CA0817031502CC02B607AD12490763
:1030200079087E073BF9CFF181032504D101B5ED85
:103030000509E4FE90FA2108890472052F0404E5CD
:103040003E1143FE0FF11EFA8FFD05FAD8E49CE312
:103050005EF905F8A2042AF9FC06E9FCEDE3CDE8E7
:1030600031F88E0587FBC10D58FF57FD5EE8F8F774
:1030700042014006EAFF25047C0542FD11FDA40E35
:10308000C90DDE0B760B36123E0229F6040DAE0B8F
:103090000606EC057005940008042607700D7402FE
:1030A00059049B088812F3FC2CFBDA06D9FF050BA8
:1030B0005FFAD0F6FBF4A9FCB901D5043210C202C4
:1030C0002BF654E9B1F6F2FF35FA31FC5C0D14032E
:1030D000FBE449EA95FA8AFD7AFF14FDEA0379F7E1
:1030E00065FB6410A6FC4811C5F985FCD6F076FB9B
:1030F000AFFE5509B507D7078BFFE50B47F65CF622
:1031000048FDB70C4906FAEBDFF8CC08A1FC90F1BA
:10311000DDF62BFE43EF69F111FEF70754F592EB54
:10312000D00F63F851F9B308F218C10527F0D8D9C8
:10313000DF00820564FE0BFA6CFB30000EE274EADD
:1031400046027206830AAB08C0F732F8F0FF40FE71
:1031500023FCF8040EF8B4FF59F4BAFA610BEF053A
:1031600028FEBEFAACFD2A0871FD5EF75B0BA206D5
:103170003E10BD077B0A9810DC01F805DAFB8110D0
:103180005F09F704550238F46705F0FC0E06A20A41
:10319000E70288FFBCF12CF5BAFA2404C201100B37
:1031A0007BF57BF193F13F00BCF4F5FE14F9650566
:1031B00028E3BAE363EE27EBAE0552FC9B00461111
:1031C000ECE7F602F0F93E111C0A9BFFF1FD4A06FE
:1031D0009607D402BAF759F32D00780C72E950F62D
:1031E0004BFD43F379FFB7E12E085AF35C0508F471
:1031F00047F0F703C1F028FF14FC1308130302FB88
:10320000FBF9A2013304F5FD7813B1FCD7E788EE92
:10321000FC01150398FEEE068EF7AC06DEF589F389
:10322000750E62FEB1FF33F95C0135FDDC07630FFB
:103230006D00A3F986088BF794032DF4B5089A0165
:10324000D70131FB9BFD6F0506FC6A053201E9FFE2
:1032500054F854F968F6B1FD020319FEC402D9020C
:1032600054FBA4F7CE0140F8B20DCC04370A8A080B
:103270008C0563FAF9F52506CE0539F8DA0634002F
:10328000D4046E0607F499F75AF9FC02E1052C0FF5
:1032900009047EF525F3EBEBD9FFA5FA69F8E210F6
:1032A00086DE84EF9EFF3E160CF2E3076510FF06F4
:1032B000E4053703AB061B087E03C0F25EFE230263
:1032C00003025BFCAFED3AE51CFA8EE2B3F3CBF4FC
:1032D000F90455080DF565FCF1028403FEFB37FB8C
:1032E0005104E20072F778F3620A5311EFF0D4F957
:1032F0005103331269FC4F096A00BBF1CCF757FF49
:10330000161187FDDD0D3BFD68F3A6F5FE05530C98
:1033100050060AF7EC11FFFD71FCA4F97B0AF606D2
:103320001AF514FA07F844EEBC004007920AB6FFFB
:10333000E8FD81F77CF80DF80702D702DBF931F6DA
:1033400006FC16FE2FF9AD01D5FD3109A7F152F9A2
:103350002C08DD0E9601B40478FD35F7C303FB0697
:10336000C8077D07F905C506450D51FB9C0AD5FD2B
:10337000571962064DF785F13F0241FD5DF5C50D18
:103380004BE5AFFA08F624FB72E6D3FDF80CEF012B
:103390007AFF350D1D0BD3F32CEF94F6D806A7F763
:1033A0008EEE8CF611F90DFC32F746F72CF63DFB4C
:1033B000D1F15C10CBEB48FF46F39F12D2044CE6F0
:1033C000A210050B20ED86EAEA0C9E0A030879F9A3
:1033D000130AE9157C00FE0539FC0901830C0EF97E
:1033E00051FD33FE610E42FE27F3040198FF8B036B
:1033F00099F826EF95FD860890FAB1F81706AC010A
:1034000003F1E5EE680611E7AAFE3E04EE02D4FAE7
:1034100004FA27ED47F8DBF7160372F9AD03C0F2A3
:10342000480419FFF007B804DB005D0350EEB60056
:10343000C9085D0E0E1C4D1801002601A50283006F
:10344000F50D900E540E2DF6FCF19403EB0B0FFFCF
:103450005014CE172CFFD6F3FF07D907F3046E0BD9
:1034600029F25AF2E1D872EF2AEEBFEFA3084BF926
:1034700013FC7308930BA30C7FF6BAF6E3FC170D4D
:103480004AFB1EF8A4F881F339FB4C0AC4FA64F72E
:10349000A6F0F80E8EDF6BE3C5E5DD15CAE3A0F7F5
:1034A0008E0CC618F8E5DFE0F6089D081BFA21FB34
:1034B000710CFB0B6AFCBEFDA8F9A009320EC51108
:1034C0002FFA40009405EF00FBF92CFBCD144504C6
:1034D00035E938E8A0F752FC61F7AEF516F843FB82
:1034E00046EBCAFDF300A0118D08DF0370F5A3FDC4
:1034F000D9018706BB137F1914F722F1AF04A5F594
:10350000420BBA16F013141DB7045AFBF7FC7BF4F8
:10351000791590184315AE0AAA033C033800840CB1
:10352000D512F308A6132EF347017B060A03C80938
:103530009714980A7EEE5CE6B6FB74F63A0C000D22
:1035400014F61FEB2EF1ECFB0F0003F08A190E0CA2
:1035500000F61202440832FDF4E8BADC83160203D6
:10356000D1FE180236FBF3F03EFF9EEF29FEF9FA7A
:10357000CAEBB5039DF13BE6BCEF2108D0EACA0BCC
:103580009D0D8A1294E0F4D838F4EC05A6073010AB
:10359000310204F4B6F913F830FDAFFCD1185F1214
:1035A00037F595F78202D2033EF9B9FA850AF50A92
:1035B0005BFCEDE49F0201108802FAFB0F04D0F4DB
:1035C00044F43FFDFF0F0224F704BB117BFB940979
:1035D0007E13B51286201C27E90072EEBE02AEED06
:1035E000240C18141F1A650EA9F0AEFA36FED50A7F
:1035F0005015F50CCB06FC054BF8D312A001BE0408
:10360000B1070F026CF682F6F60A7F06D50E8C0C17
:103610000C184B15C8E681E8DF0C7AFBF50E501B41
:10362000620A0AF5FAE246F785154BF2211CCAF345
:103630002CF1C3FE52F54A0033EB01ED55F313E7CD
:1036400078FED9FC3F0575F852008FFA6F02ADF590
:103650005EECA302BDF542EB54F088F386F74B0A0B
:10366000DE08220DCFDEDCDED7F530064D09FD0584
:10367000F10B0BF86DE8B5F8C90F550ADE0F4D0ECA
:103680003EFEE8EE8FFAF903AE06AD018BFFFA0BB2
:103690007AF142F5A1F79D0794FB831128FF73FE91
:1036A000F4FE1912BD18FA1CDE0F4A194D038C00E6
:1036B000A118DC076B2B49180707EE021D0347F81A
:1036C0005311000FB50ACF0B8102FE0838F2AEFF8E
:1036D000500715059A0238F3B302DD06DBFCA3049C
:1036E000FA048906C9E61BE744063107BC0BDF0074
:1036F0005606B313FBE6CDE610147D19C2095E0D24
:103700005F11C4F3B3F41CEC5B0F6F0597F1FCFE83
:1037100095E58AF7B6FE75F78C10EF1543046B0735
:1037200078FB36FBB8FA3EFE7A052AFAC303790124
:103730007AF91B07C3FEF5F965E1EAF688EF45055E
:1037400076F407F7B1E7A5E2CBFC6C02010DD70FC9
:10375000ECFCE1FDF4E374E99A00650C7003960853
:103760003AF25BF9DAE514EB9307A505E00C090ED4
:10377000F7FB3AF5D3F2F405CA07FC0B5B03440FE1
:10378000AB0E4C19EF047D0F8B12E50AE20770FDBA
:103790002E1AD5185A174C146111FDFD8C06960689
:1037A000FC02D804220B3BF82DFAEE01B6F0DCFA4D
:1037B000E0FB89F780E2CADA5A0F0901EB057D0BBD
:1037C000EE032B04E5EA12E56AFF74033FFF400BAA
:1037D000B801840421EA56F23902CF0109FA7E05C4
:1037E000B5F5E9052EFF88F8FF0CAA1C13F7DF00DA
:1037F000ABFA99F29FED77ED081D5D06A2026D060A
:10380000CBF9B60721FBBC097A005CFDB6032B059A
:10381000FF02FA0847051FF66C097209B3E3A8F620
:103820008FFF0902DDF56AE21FF6B600CE0A380EF8
:10383000CAF824FBDBE33EE68E0B450FE1FC2B09C7
:10384000A7FD63EFD0DB00EB60086CFC6C0F870713
:103850003EFB96079CEC8704BAFC4B1808FF62FFFE
:10386000F60E430AE0FB2B1965113B198AFF480944
:103870009909CE0BE3153AF8A7105B0DD1F88FFD2F
:10388000180632F9EAFBCDEA3508230583F5E0F5A1
:103890004EFE3E04A0E152E539FE4A07AC07D2F8DD
:1038A0008802BF09B7F11BFAFA1132FC6004F2FD7D
:1038B000D60339FAC90617FB0903A705FBFDA8FCC7
:1038C0009FFC5C058E001F02E60D271D85FFA10BE6
:1038D00026EC98F604ECE0F5A31479195DECCCF431
:1038E000CE0AE40ECC00C8054EFBFA0DE1F74EF906
:1038F00091FE140DE711A7FCF10A0D0E9DF30103D3
:103900009002CB02DCED70D85303CCF92E06EE0BFF
:10391000CC0210FDF5EE50E9C7FF970FB80E180B5B
:10392000A2F583F09DE7E7E0450C2504EB0942FB97
:103930000FFE6FFC9EE92FF3BC1724183806920384
:10394000CDFAE20A0FF65CF7AB17BA16431256FF30
:103950001903CAF7DAF5A2F69308E30A61045B02D9
:103960008F0021025AF75EED0C0CF3050A05D4FC1A
:10397000BA0AE0FB3CFCADFB3103BD0553F4BEF0DD
:10398000EC0168041AEFC1FAC00A3E09A30720F946
:103990006400B7F32B00790BBB070F1281FC33FDDA
:1039A000A5066E04E20E6DF8F514112548F5030521
:1039B00025E5BBF237ED29EE19218F101FF59DFC8F
:1039C00091F8540838FEE304B4004F002E032CF0A5
:1039D0001C00CDFF1B0ED808970C7E0C81FE20F634
:1039E00069FE1101DBF201FBDDFF88F93C0E130FCC
:1039F00021F634FB03F664035D04BC0DD409900387
:103A0000ADFFDEECADFEB9EBF106B1101106D50C41
:103A1000C4FDFCF89AE930E1460CBB173D1688114D
:103A2000F2FBB8FECCDE8EED8B168A0EDBFFDFF0EC
:103A30000EFC7CFA7FF12BEA5C0208FB5AF60606C4
:103A4000F7F9860663F54CF92C076601F608DEFDEA
:103A5000D50CB207F0F77A01E8018FFE7CF6AFFAD9
:103A6000E3F057F5EFEAF0F736FF84011EF93DFB6E
:103A700095F59FF239F8C9FF9C0FAC0D0DF65FFD6F
:103A8000D7F4C7F98E0464DF360291043AF137F1B6
:103A9000ADFC45EF05EB02F524076825BAF0420AB4
:103AA0003C0E5214EDECC00DC0FA4902880787F4B1
:103AB0003511C6165D0FE607F5F8710D2BEBA5E87D
:103AC00093FA88F7E4058D0FD7FACA08EAFBB00726
:103AD000EB00CFFC1E0E8203630482036907DD093D
:103AE00055F4D8F2EB0364F1A7FD7DFDD007AD06D8
:103AF000C3EE59F654EDDCE97101F90FF909AE098D
:103B0000BEF658FD8FD688EC51071F08C0F771F438
:103B1000A50193FF35ECB9FBE6068EFC08F842FAE6
:103B2000D0FE7A05EE0043FF080912FE46FAE900CE
:103B300020FA0B0D9EFBFF0679FBC6010AF65AF927
:103B4000560105F57BF4E3FA0CF550FB3AF3BFF8A8
:103B50003BF4ACE0CFF2F209D410AB0F02FBACF8AF
:103B600019EC16EFFFFEBDE3F0F4F2FA1BF26EE57E
:103B7000B2F442F38FF853EE22F27700D8E4F4F671
:103B8000D30287FE68FCD4FD4EFEC4F8F8FDA1F711
:103B900006F96DF9C6F899F9DAEC1B06DFFC22F597
:103BA0008901EB0181FED700850F960474072D0370
:103BB000F70587F9A1066306E4FFF70CA40BF705E8
:103BC00044EE63FF9F0083F1A4FC420420060DFF36
:103BD00017011CF244F392DADE112BFF72104EF73C
:103BE0007701A1FAE7E485EA5FFBD20E3303C4FB59
:103BF000FF07CC0EEDF38AFC69FD760C90F489F595
:103C000099FD2D012203A003CA065305CBFFE7F659
:103C100029FEA8FDBA06A1026A02B106B3F96A0735
:103C20009C01D8F708FD6BFA4D079F088BFF86FCB7
:103C300083F762F0D5F82B0C47061701890E7DFF3C
:103C4000FAD68DF2C104AC029CEAC5EF72F3FCE136
:103C50003DE90FF9C0F989E9531A860797FCCEFEB2
:103C60000C0AFDFAFBF9C401BA09CB073DF8B9FE0D
:103C7000D6EB8A046DF263099DFF2018BB0CED02A0
:103C80009204F90A2E156D07BF044EFF5D015F0E09
:103C9000B608ADFAD007DE071D02241180F8B9047A
:103CA000DF00C7FEC40342F99FF9CA0CDF0FB5F964
:103CB00044F2BFEB5EF725EE88102B08D60C5905B1
:103CC000CFF98402CFF71DF8C8090D06C4F804FE29
:103CD000C20F0F0729018F06EC0F96FE97E5FCFE39
:103CE0009E0DED021001A2FAB2F9A70724FED0FD45
:103CF0004CFF6FFF72FF7409470C0AF98EF029FA26
:103D000004F620EFBC0A5C06D913480EF5F771FCE7
:103D1000F2E405EE36FC83FDBA01A507DEF8C2F633
:103D200008F2EDE953FF56F91BEAB4E64DF73AF114
:103D3000C5FABE01D1EF82018CFD3EFFD9F241F2FE
:103D40002CFD10F80A0B6213AEF8920A43F87804BF
:103D50004501D6070E067212181CCB1CECFD27037A
:103D60000E05DDF1241CFB16200880EF9E0CD00709
:103D7000B2096DFEC7080913B2014813B104CD0E94
:103D80003A05CDFACBFFCF003DFEDF0C0E0A8D10B9
:103D9000DAF7F7F81D0C79FA4E0C13045CFCA20C50
:103DA000AE021CF54EF76F070701A40304012DF3C3
:103DB0001C0C9DFB27FA5E091E0B68FDD9F216FC50
:103DC000B4FE8BFF57FFEC0209035EFDB30580FDD7
:103DD000470214012F0AEB038D08980831FC91F675
:103DE00080FC52E7C6F80B00D5FD980331F4B9F317
:103DF000CFEEDDE4CAF1D0F3B002F20162FB0A08B3
:103E000080F514EAB2DFD0F474E4D5EBA00434F703
:103E100023F8A001DEE465F6C018D206C2071CFE36
:103E2000E303DD023C044C0B5500F8026F04C3FFB2
:103E300086059310F7F9710EB71B492257FF7814C6
:103E4000EA02EEEF6312410EE003EDFC9BF9770806
:103E50004200FB027C098E0DDB001F0B510F89070E
:103E600022070F026D0D970A5006CC0A7801D0FF89
:103E70007104C0FAA405880D230B10063B0680FCD4
:103E800036FDD2F77A07D5038B07660ECB07670896
:103E9000BAF9410B1103070937F9710219084FF7F5
:103EA0001BFA7704BD01BF087004B1F796046EF5E4
:103EB000A1F7EDF7820D63FBB6FB22098FFBCEF372
:103EC0007EFE52E9F305C0F091F89B05AEE8A7EB42
:103ED00044F269F8DBEC7CDD8F0867033CF5B2083F
:103EE000E4F2C8EAA5F55EF99EFC5FF6F709030067
:103EF000CCF4A1087BFEB2F687EFFBFADFFCC6F735
:103F00005803E407D707930140F9C402A3FEE4F87D
:103F1000B40EC8074F07E01A83140218BBEBA60AB9
:103F2000DBFDEDFCEBFE2FF7D8F18EF70F023B0324
:103F300057F47401A2F6B6FAD7F9FC0D4FF90C0B41
:103F4000F6F83CF690155B00E9146F00A210A6107D
:103F5000FCF6AFF6BD14F007210F72134A09E6080C
:103F600083FBD4F4C10E4004F9FA3408700DED0F50
:103F7000CEFB93F31E08B408C80BE503CCFD820604
:103F800022FA84F05E0CB405DAFB8C0BF7FC3AFEE7
:103F900073FCCB080F0C1B044412A200DB05D3F406
:103FA000DA0505FD85048EF189FEAC15E9F89EF76A
:103FB00009FCFEFEF8E9C3EA3A10E3F6D4FDF41575
:103FC000481097FCAAF85E04DEF84A03A90F960C85
:103FD0002FF3C0077BFCE001EDE5FE033BF5140188
:103FE000E9FBA5FCC6FBEEF9D2028DF70006F5FB56
:103FF00004055209E005490D81F153062CFBE8E662
:10400000CD189F078F05BE0012F436ECEDE671F671
:104010003F04C40FB0F2320DA00388F573EDFC0429
:104020001EFF56FD540C38044C039700170646FA41
:104030002E089C087906B30B920280042DF93A04ED
:104040008AECDA00050185047A021EFE160BA70C25
:10405000B3FB31FCF702B8016A037C06880A7303DC
:10406000390C39FFCC0F1FFE4610260A5006760386
:10407000280E8F00380E4BFD40093AFE530079FFA1
:1040800075083707610039F6380A680D6D0AA6F61B
:10409000F2F6130F35FDDA02BB0416F559065C0D76
:1040A000E5FFC8F979FFCD017A03421A2CF9A10185
:1040B000B304C008B400B9FA1704ACFAD5F3810010
:1040C000ABF6CBF680F7E205CBF79E04ED031607BF
:1040D000E20041F1A7FA01F44D0B3BF86001B8058D
:1040E000AB0CDF233DF568F393ECB40104EEFDF671
:1040F00099110E10DFFFB5FD8CFB6C0888FAD5F125
:104100008018E1184608D90F2DF469FEEFF1AFF3DE
:104110002520FA131B11A301F900A8F11A011BF0C5
:104120006817E1042604AB041AFDC9FD9DEE81F376
:104130009C07510B4E0845091B020AF37EFF4B0DED
:10414000990666061310D9109EFA4E01820BA40937
:104150003013DD1AA10A3C017B0325FC4CFF320B16
:10416000DD054C03F2F1FEEF46F014E62709600589
:1041700063FAEBFF7DFF92F4DCE2CCEE55F057FDE5
:104180005605D10668FB770645DEDC04C7EC8705DB
:10419000FCFE08F71EF901FD550BE4FF65F7F6FE7E
:1041A00008003AFC5B058C02DCFF6CFA90F8F8051D
:1041B000F0FE74F9F902D40BAFF951F881F516004D
:1041C000FA0B220F660C69EBEB151502BC0DDD092D
:1041D0008B181521DFEF1308BF051AF6920330097B
:1041E000D01FA0147109F20BC0F414F122090DFBC9
:1041F0001E17011B810B0B0E1FF964F3D3025F081E
:10420000EF14BC202A01F5FFD0F0C6EA590311FFD4
:104210009B1F740A040F48FFADF91EE08308E208F3
:10422000C11DF9197B0F250C26F573F665FC860276
:104230005A178412B0075FF7CEF3AAE78E025C0329
:10424000A516191CAEF899F740EA46FCC009B00C57
:104250007C19620B6DFF750006F456FA1E021D00F4
:10426000B2146D065EFC74FA96F6B5F506070AFA06
:10427000A5F9EFFE95F9930472FF66066A0AAFF599
:10428000CAF51DFB2D08350332FDA5FA40FD5AF68F
:10429000B6077C0627083D09D405FEF785FFB30164
:1042A0009CF93BE7DEFBBDFFAEEBFBE3C4FC7EEF1E
:1042B0007006240DE10135F8D0E978FDA301040E64
:1042C0005810FC0D05F058F628F3BFEA2503EF0857
:1042D00082FA240886F51A000BE897ED6BF331F9A2
:1042E000D6077E03090280F7F7E9EFE512040D0116
:1042F000AB0A99FA2AFF320613E50FFB32039A0F35
:104300000B00100920FF6BF725FA64F384FD47F1D9
:10431000F8119D0F6EFA06FFAFF9560D9404130FB6
:10432000730329129EFE2303D5FCE2FE1308ABFBA8
:1043300068167FFAD60667FC59EFA0F0D7FEAEEEFE
:1043400069043708DAF62EFB4C0571012B0873FE61
:10435000A6F9BB02EF07BF0080084FFF36F9340013
:1043600023F8F7FAF91075F71F00C10BA0FAA9009E
:1043700085FD71FD40C1DFDCCEC062DD271265D650
:10438000A218752600DCA6B913C88AE262BCACE7A5
:10439000DDE83828CD18AFCEA421511DB710540543
:1043A000F4058211A6CEA5214A210AEAD22B412B7F
:1043B000ABEB192116F70EEC6DD070DA1DEF9C26D1
:1043C000FD06E6F155B7650B1349E4CCF5ED25EA9A
:1043D0009DED65EA36FC0AC3AD168211551730BD56
:1043E0004A13A7C029029F9FF2BCAA00CDED7AAA6A
:1043F00031E3942268E938C86D1C7018FD1D6A0904
:10440000EB0AE51D88EEBF0649EE64F326F5EEEFF4
:10441000B1EF2506B0DE5819B413BF09ADFE0D2269
:1044200007FE3FBE321CA80D0EFBA8D2E9BE331713
:10443000D60C5B1050C621EED70A43DAFF0147299C
:104440008AD455C9781403051ECA93F67AF59C10D0
:10445000F8144E13DD0C4BDCE7165B01D20F5FFE48
:1044600055F2EA117E2164F9DEDEAE3200F69BDA07
:104470000A0ED2CA61F6D80BFFC48905F1AFAB1A98
:104480001122F9EF26032F4283EAE21774F13C363A
:10449000A21BB80BC3F98821F6EC9800BC12582077
:1044A0007D195FE53102A00AE4D6D3D0BD0E84F0B9
:1044B000B9F9540E7A0598225D36A4199B1E06DFC1
:1044C000FCA916EC3107E2DA5DC937ED6C14510D29
:1044D00014EE5FF040CE3703FE124BF7B8DAE54634
:1044E000A5D2DFCB0BE5813A1F19B0F1CBFFDAD0B3
:1044F00067016F0EE20A5418A80F4F032D1250F2F5
:10450000CAF929EED90124D29DFE79FB45247E32D9
:1045100033213A0DB10530BF59E9400AF50800EEE4
:10452000691BB236B6F058127AF818379F34C5D5E1
:1045300029DB91D4DAF3710EFAF9502D5CE44DE7E2
:10454000C31507E77392B40338F8EFFC1EFCC9F5F6
:10455000F1444CF9CB09C50261C681D0E5EFABEE61
:104560001EEB7B1923C05D1E60FAC92331CBC90441
:10457000B218C3EDD61D62EF7DE43A0AAC17C81A33
:10458000F7EC0426CCC0F11B16E12BDCC21D2FEF8B
:10459000A0CC2C0A8BFC441A6E47DD41F5F256FE86
:1045A000AAA630DA0718D9F74EF02C0085E6AE102F
:1045B0009CEF2C1C95156A0B6B0DC5F9551051E33A
:1045C000CCE8E72D18046D102E070B16C419FBFA62
:1045D0006025B7F9A80FDD0ABFEEECEDF71ECFC5D9
:1045E000722D94B896CDB118A5F1E705AE3F8FE0D6
:1045F00000EB1115AFF35ED5092AE5E6FB42320E5A
:104600006EFA5B002FF7C4FC65E8A320DFF7C0B2A9
:1046100080FA159EC7F76D0081DBD7F817F7A6CA99
:10462000971B7FCCDB07E4FA03DFA115BA14C6ECB5
:104630004AE961BF22E70DC6C715DC1A4D0D891F77
:104640006A1074FF3DF0B9D73B0B56F356DFD2E743
:10465000241B64C2FAD942CBEA4D28EF40D685C06C
:1046600022256C1A9CD76CF61055171E63FBDDBA19
:10467000D8A39EF94EE24DBAFFED27FED6F443F0E3
:104680001C236D15FE17201DDEEEC6C97D182BFC00
:104690006C13D5E7E40DB38D6C0AA941BAF195030B
:1046A0004DE5C1163A8DD603D5541730AF31DBCD69
:1046B000FCEE250EADD10B00B1D58D11C0E28DCF32
:1046C00091DE92DE030045EBDC1AF2BC560CF0DC06
:1046D0007522422DD5FB0316780AFB2BF7BE36C395
:1046E000EF039A1EA7FA7BFEA42131EB3FCC44FFD7
:1046F000462012FF8724B02A14F84C0C26E957D222
:1047000031F73A237AFDA01B83001F192DD4DF9CBB
:10471000CBF307EFCFD0E7FEA41A4F0E5D1395FA47
:10472000AFE203E5131A5F1139DEE6FB82F7F9BF4A
:10473000EA0B3A1B87D13B28EAEF1AD782F30AF734
:104740008DC9FC0CA2BFF6C7BB31301B2606520533
:1047500033DB69E883ADA50EF645D8E79E07EB2964
:104760003229AAFCE3071409471C0BF51DE1C6BD5D
:104770000611C50B09E6E3ED3CDDA50270063FE539
:10478000F3E101158BFE50C6E90D31D40AED9C20F2
:10479000F206F6261819F108A324C719FCDD1D0C32
:1047A00083E873B4D0085CD0901AA42102EF1AB940
:1047B000A6F700D3E9BBD3D738161FEF1DE6E9D61D
:1047C0000CFD6BFA54F4BE24100F7AFA27117E1DEB
:1047D000DEEAFCEDDB26E6C03DD2B5102FD68F26F3
:1047E000072C613F651A3200E418851573D6BCCCDE
:1047F0009010EA0A48322D3B24EFF2F78728D1DBEC
:10480000410C5C3961FBFE0838F539D8F9D78133A2
:10481000BD05DA1302EFEFAF07AF33F78D195D1166
:10482000B21D7BCAEB0D0FCE48EC1D281E1846EBBF
:1048300066EA400D60D6CE1C17E0493AA1E4E9ECE7
:10484000622A12FDA8147D3966066BF98602AB2632
:1048500082C7E014790E5C15C220D4C572108CD0CA
:10486000041EAC0AC1EE4BD316D9E5129ED2C8F194
:1048700023CA4CE14410419F0502B310CD199A2977
:10488000FCCA11D606170B158F3633E7431FEA24EF
:1048900017BDFEFECEEF032326EFE0AB5B181EB084
:1048A0001E0185F6C2F1730EF713FE19A30D332313
:1048B000B52B01F31818E021C8D957147ED6412032
:1048C0008711BF0C72249EC743EA0305741D460777
:1048D000B1F9180C49E508CAAF21CB037C20A81F09
:1048E000F0DBBB2CBCEE00D1ADEE84D950098FCEED
:1048F0005019C521AE014E0E8BA990210E037123D4
:104900009F201C12DCF502EA73D0B1EA891A85BC3B
:104910007A1B65075FF05B2162AFE21D6AC6EF1686
:104920009B2B9CC8CB0AF6FEC1E414D866F79A17F5
:10493000FCE71CF23CDC6D14EEFBA71DC8C52B1870
:10494000A717E4CA0E06E63228F20AEF74FD0FD468
:104950000B1F22E061F338187600CB091E0AE61619
:10496000CF291AB5AB19F30743CE9BCED4BB6B212D
:104970002605AA177E3663E7F5BA571E301AD3E725
:10498000401DB4F9A423C91C6ED2CB2FCFF79DFBD9
:1049900020F6BF3F83F4C80956EA85EEE52A20CB0E
:1049A0009600FFBFCD1124F4D1E78EF6BA10DEF1E8
:1049B0003ED7D5E4670697088AF07BBE12F6971BB0
:1049C00074F240F3620843C9B3C801061816F40430
:1049D00026DBF8F8A81EDF0672201109B70A34C9D1
:1049E000B1C720043E198FE2ECF5E5D0A11E861474
:1049F00099105F06C3E959FF541BA1A200FC602374
:104A000009130709BCF5E507201D5D16F0067906B8
:104A1000CE17C2E996DAC4107B0BE2EBC1EFE79048
:104A2000AD163DCCDC06E9F919F10713A2FB8105AF
:104A3000970F8EB5921530E1950ED71225B2F3EB94
:104A40002EEEECFF41F89FC1ADEBD9EC57181F11CA
:104A500039385DECDFCCB71DBA0E1FF95FFD522669
:104A60007E14FD1785055BD15AEB90CAC0D2631E38
:104A7000C7DC4ED8020063261213601D5C1F6A1C3F
:104A8000CDEB8318420C8510AEA2D70E140644134A
:104A900094FF2C10EBDB040C4E1C2A227FD375D024
:104AA0000A1139213BFBB5FC3F08CB09BCFCD00BFC
:104AB000EDFA0308FAE8DE0D450F12FE630E590DFC
:104AC000CE125C0F1216F21C7AD5310C7EEAE8DCAD
:104AD0005FEBBEFD20D958C857F4CB1E4D005BE0FC
:104AE000FC149FACBABA9CF805CA23B01C12B922B8
:104AF000E10D10E2A3FC0BE10CFC1830DAEA790FAF
:104B0000B6A5C0E0DD0CABE708060708C7C6CFEACC
:104B1000DCB611F0301E8B16D2D1C51D7BD87213B6
:104B2000310CD912EAEDBC18551CA4F3E996772D87
:104B3000AFC94E12EDB7FBF717F4D1F6381AC12FF3
:104B400077F9AF0D00000000000000000000000039
:104B50000000000000000000000000000000000055
:104B60000000000000000000000000000000000045
:104B70000000000000000000000000000000000035
:104B80000000000000000000000000000000000025
:104B90000000000000000000000000000000000015
:104BA0000000000000000000000000000000000005
:104BB00000000000000000000000000000000000F5
:104BC00000000000000000000000000000000000E5
:104BD00000000000000000000000000000000000D5
:104BE00000000000000000000000000000000000C5
:104BF00000000000000000000000000000000000B5
:104C000000000000000000000000000000000000A4
:104C10000000000000000000000000000000000094
:104C20000000000000000000000000000000000084
:104C30000000000000000000000000000000000074
:104C40000000000000000000000000000000000064
:104C50000000000000000000000000000000000054
:104C60000000000000000000000000000000000044
:104C70000000000000000000000000000000000034
:104C80000000000000000000000000000000000024
:104C90000000000000000000000000000000000014
:104CA0000000000000000000000000000000000004
:104CB00000000000000000000000000000000000F4
:104CC00000000000000000000000000000000000E4
:104CD0000000000000000000000080008000800054
:104CE00000000000000000000000000000000000C4
:104CF00000000000000000000000000000000000B4
:104D000000000000000000000000000000000000A3
:104D10000000000000000000000080000000000013
:104D20000000000000000000000000000000000083
:104D30000000000000000000000000000000000073
:104D400000000000000000008000000000000000E3
:104D500080008000000080000000000000000000D3
:104D600080000000000000000000000000000000C3
:104D70000000000000000000000000000000000033
:104D800000000000000000000000800000000000A3
:104D90008000800080008000800000000000000093
:104DA0000000000000000000000000000000000003
:104DB00000000000000000000000000000000000F3
:104DC00000000000000000000000000000000000E3
:104DD0008000800080000000000000000000000053
:104DE00000000000000000000000000000000000C3
:104DF00000000000000000000000000000000000B3
:104E00000000000000000000800080008000000022
:104E10000000000000000000000000000000000092
:104E20000000000000000000000000000000000082
:104E300000000000000000000000000000008000F2
:104E40000000000000000000000000000000000062
:104E50000000000000000000000000000000000052
:104E60000000000000000000000000000000000042
:104E70000000000080008000000000000000000032
:104E80000000000000000000000000000000000022
:104E90000000000000000000000000000000000012
:104EA0000000000000000000000000008000000082
:104EB00080008000000000000000000000000000F2
:104EC00000000000000000000000000000000000E2
:104ED00000000000000000000000000000000000D2
:104EE00000008000800000000000000000000000C2
:104EF00000000000000000000000000000000000B2
:104F000000000000000000000000000000000000A1
:104F10000000000000000000000000000000000091
:104F20000000000000000000000000000000000081
:104F30000000000000000000000000000000000071
:104F40000000000000000000000000000000000061
:104F500080008000000080000000000000000000D1
:104F60000000000000000000000000000000000041
:104F70000000000000000000000000000000000031
:104F80000000000000008000800000000000000021
:104F90000000000000000000000000000000000011
:104FA0000000000000000000000000000000000001
:104FB00000000000000000000000000080008000F1
:104FC00000008000800000000000000000000000E1
:104FD00000000000000000000000000000000000D1
:104FE00000000000000000000000000000000000C1
:104FF0000000000000000000000080000000000031
:1050000000000000000000000000000000000000A0
:105010000000000000000000000000000000000090
:105020000000000000000000000080000000000000
:105030008000800000000000000000000000000070
:105040000000000000000000000000000000000060
:105050000000000000000000000000000000000050
:1050600000008000000000000000000000000000C0
:105070000000000000000000000000000000000030
:105080000000000000000000000000000000000020
:105090000000000000000000800000000000000090
:1050A0000000000000000000000000000000000000
:1050B00000000000000000000000000000000000F0
:1050C00000000000000000000000000000000000E0
:1050D00080000000000080000000000000000000D0
:1050E00000000000000000000000000000000000C0
:1050F00000000000000000000000000000000000B0
:10510000000000000000000080000000800000009F
:10511000000000000000000000000000000000008F
:10512000000000000000000000000000000000007F
:10513000000000000000000000000000000000006F
:10514000000000000000000000000000000000005F
:10515000000000000000000000000000000000004F
:1051600000000000F3FFFAFF03000500F7FFECFF6B
:10517000E6FF1700F6FF050058DB020058DB0200CF
:0C51800058DB020058DB020058DB020084
:0400000320007375F1
:00000001FF
