:020000022000DC
:1070000000000420757302005D7302005F730200CC
:1070100061730200637302006573020000000000E8
:107020000000000000000000000000006773020084
:1070300069730200000000006B7302006D730200B0
:10704000399402006F730200719602006F730200A0
:107050006F7302006F730200F19402006F730200FD
:107060006F7302006F7302006F7302006F73020090
:107070006F7302006F7302006F7302006F73020080
:107080006F7302007D8602006F7302006F7302004F
:107090006F7302006F730200F1B002006F730200A1
:1070A0006F7302006F7302006F7302006F73020050
:1070B0006F7302006F730200000000000000000008
:1070C0006F7302006F7302006F7302006F73020030
:1070D0006F7302006F7302006F7302006F73020020
:1070E0006F7302006F7302006F73020000000000F4
:1070F000000000006F730200000000006F730200C8
:10710000000000000000000000000000000000007F
:10711000000000000000000000000000000000006F
:10712000000000000000000000000000000000005F
:10713000000000000000000000000000000000004F
:10714000000000000000000000000000000000003F
:10715000000000000000000000000000000000002F
:10716000000000000000000000000000000000001F
:10717000000000000000000000000000000000000F
:1071800000000000000000000000000000000000FF
:1071900000000000000000000000000000000000EF
:1071A00000000000000000000000000000000000DF
:1071B00000000000000000000000000000000000CF
:1071C00000000000000000000000000000000000BF
:1071D00000000000000000000000000000000000AF
:1071E000000000000000000000000000000000009F
:1071F000000000000000000000000000000000008F
:10720000354936480A1A02D0072291438D4634493F
:1072100034480A1A06D00722914381F309880222D2
:1072200082F3148830483149314A00F044F831483B
:107230003149324A00F03FF831483249324A00F0D1
:107240003AF832483249334A00F035F83248334987
:10725000334A00F030F833483349344A00F02BF811
:1072600033483449344A00F026F83448344900227F
:1072700000F02CF833483449002200F027F8334856
:107280003349091A082902DB002202604160314AB1
:1072900090471F481F49884205D00268043003B454
:1072A000904703BCF7E700208646EC46002000210B
:1072B000294A9047FEE7884207D0521A05D0037842
:1072C00001300B700131013AF9D17047884202D088
:1072D00002700130FAE770470000042000E003204C
:1072E0000000042000000420D0DA0200E82A002078
:1072F00004B90020D0730200D07302002CCE02002B
:10730000D0DA0200E82A0020E82A002028CF020074
:1073100028CF020028CF020028CF020028CF020089
:1073200028CF020028CF020028CF0200CFDA0200C7
:10733000EC68030004B9002004B9002004B900205F
:10734000C8770120C8770120C8770120C8770120BD
:10735000C89701209D730200E1A10200FEE7FEE74D
:10736000FEE7FEE7FEE7FEE7FEE7FEE7FEE7FEE7F5
:1073700000F002B8FFF7FCBF0F484FF00701884349
:1073800085460E4880470E48016841F4700101604F
:10739000BFF34F8FBFF36F8FFFF732BF09480A4922
:1073A0000A4A884207D0521A05D0037801300B7080
:1073B0000131013AF9D1704700000420B98F020071
:1073C00088ED00E028CF0200E82A0020E82A00200B
:1073D0007047000007B5044B0093044A402300F0B7
:1073E00032F803B05DF804FBF173020005B9002028
:1073F0002DE9F84388461446B2B10F4B0F4E0325D2
:10740000002743F00109224608EB0701002003F0A2
:10741000C3F80744241A48B933782BB14FF47A40A3
:10742000C847013D02D13570BDE8F88301233370B0
:10743000002CE8D1F8E700BF30CF020004B90020EB
:10744000704703F0DDB8F0B595B01D461646084606
:107450000C4601F0C5FC1A9B0D93CDE9086500258B
:107460002B46082205A920460A958DF82C500C952C
:1074700001F0D3FC079B0293069B03939DF8143005
:107480008DF8115003F00302012A1DD1BDF814201C
:10749000059DC3F3C203C2F383168DF81030B2000A
:1074A00008230EA9204601F0B8FCC5F3952508ABCA
:1074B0000093324602AB0EA9284600F02BFB204673
:1074C00001F092FC15B0F0BD022AF8D1BDF81650BB
:1074D000C3F3C203C5F389158DF810300827082DB2
:1074E0002E4628BF08263B4632460EA9204601F00C
:1074F00094FCAD1B08AB02AA31460EA8374400F03D
:107500006DFB002DEBD1DAE708B5FFF79AFF0448D1
:10751000042100F069FA034B01225A7108BD00BF33
:1075200018CF0200E82A0020037813F0040216D0D6
:1075300003F00303012B03D0022B09D00120704775
:107540000A6800880232C0F3831002440A60F5E73B
:107550000B684288023303EB92130B60EEE7104690
:10756000704700002DE9F04F87B000230446861CC9
:107570000DF107000F4615468DF8073000F010FF9B
:10758000404A51683960936803F580735B1A9246EC
:1075900002F21C4702F5836902F21448B3421AD37F
:1075A0000020002D69D004F00F039B0143F0050378
:1075B00063F30F00DAF80430DAB203321E444AF8FB
:1075C00022009DF80700CAF8046000F00DFF0120BA
:1075D00007B0BDE8F08F0121384601F02CF948468C
:1075E00001F041F9404601F03EF9DAF80800029056
:1075F000C0B203300AEB800002A9FFF795FF029B9F
:1076000030BBDAB20AEB8202D16803919A1C0133D3
:10761000DBB20AEB83030292D3F80CB001F0030350
:10762000012B22D0022B15D08346404601F01EF9D3
:1076300010B1029BCAF808305946384601F0FBF8F1
:10764000DAF80830DAF8042003F580739B1AA5E70E
:10765000D8B2CEE7BDF80E30C3F3891303334FEA37
:107660001B4B02EB93030293DFE7BDF80C30C3F32F
:1076700083134FEA1B4B1344F5E7A40544F00600BF
:1076800098E700BF18BA0020064B074810B5002243
:107690001A7001F05EFB044610B9044801F0F0FBDB
:1076A000204610BD18BA002084CE02006CCF020024
:1076B00030B50A4C71B10A4A0A49121BD20800239C
:1076C0009A4201D1002030BD31F82350854202D0CA
:1076D0000133F5E7034654F83300F4E798CE02008F
:1076E00018CF0200E82A0020094B013903EBC00043
:1076F000032909D8DFE801F00A02040604207047D4
:107700000079704740797047002070470220704729
:1077100098CE020070470000034BD3E90130C31A32
:1077200058425841704700BF18BA00202DE9F04177
:1077300086B0FFF7F1FF0546002840F0E680744C64
:10774000C4F81804BFF34F8FA3680293DBB203336E
:1077500004EB830002A9FFF7E7FE029B18B1D4F8FF
:107760001824002A55D0DAB2991C013304EB8202A6
:10777000DBB204EB8303D268DB68049302F00303FB
:10778000022B039202914FD1BDF80E306148C3F332
:107790008917502F3E4628BF502666F38F1306F1F7
:1077A0000801ADF80E3001F0ECFA0546002800F0B3
:1077B000978001F015FB002303A90822284601F059
:1077C00022FB0299CB43DBB20133C9B20331B6EBE2
:1077D000830F4FEA830804EB810122D90823424634
:1077E000A6EB0806284601F00EFBF6B24A4908F15E
:1077F00008033246284601F006FB029B033703EBE1
:1078000097070297D4F81834002B41D1D4F81064AC
:1078100051E062689A4299D8A260284606B0BDE855
:10782000F08108233246E5E7012B59D1BDF80C3031
:107830003848C3F38311062928BF062161F3891351
:1078400002318900ADF80C3001F09BFA05460028A2
:1078500046D001F0C5FA0023082203A9284601F00A
:10786000D2FA0026BDF80C20C2F38312B300964270
:1078700003F10803C6D202994A1CC9B2033102922D
:1078800004EB81010422284601F0BDFA0136E9E744
:10789000284601F0A9FAFFF73FFF80F00100C5B2CA
:1078A000BBE7F3685B7923B1336829461B68304630
:1078B0009847F3681E68002EF3D1284601F094FA29
:1078C0000DF107008DF8076000F06AFDD4F8183458
:1078D0000BB9029BA3609DF8070000F085FDDAE775
:1078E000D4F8104454B90D4B0D480E49C01AC008C5
:1078F000000440F0020000F05FF8CCE72368204667
:107900009B689847E3681C68ECE7002585E700BFA3
:1079100018BA002084CE020024BA002098CE0200BB
:10792000C0CE020054CF02002DE9F34704460E46B4
:10793000924601A9012218469946FFF713FE1C4FF3
:1079400010B3019D4FF00008AA1CC84508EB0201C6
:1079500025D11848002100F03FFF80F310000004FB
:1079600040EA1440E4006B1C04F03804DBB2EDB2D2
:1079700044F0010407EB8303033544EA881444EA26
:107980008624D86047F825403B781BB1FFF7CEFE30
:107990000028FBD1FFF7BEFE02B0BDE8F087C9B2F8
:1079A00007EB81015AF82830CB6008F10108CCE7D9
:1079B00018BA002034BE002000231A46FFF7B4BFD7
:1079C00007B50123019201AAFFF7AEFF03B05DF8EE
:1079D00004FB07B5CDE9002302236A46FFF7A4FFA5
:1079E00003B05DF804FB000030B50F49D1F8102456
:1079F00003460020144634B9DC6820714AB9C1F846
:107A00001034226030BDE4682579854206D02468B0
:107A1000F1E7D268116821601360F3E701300A28AA
:107A2000E8D14FF0FF30EDE718BA0020084A38B52A
:107A30000123D2F8104413701D4604B938BDE36821
:107A40005D71236820465B689847E3681C68F4E72B
:107A500018BA002007B503460846197A052911D03F
:107A60005B7A2BB1094A0A49019000F062FF019844
:107A70000849019000F05DFF019803B05DF804EB48
:107A800000F04CBF002AF8D0F2E700BF78CF020028
:107A90007DCF020033D6020030B5C38885B00446DE
:107AA0000D4633B1144A00921449154A284600F095
:107AB00040FF217A05291DD0637A4BB1A088FFF7DA
:107AC00013FE104B104953F82020284600F031FFD8
:107AD000227A0E4BA08853F8222003920021FFF750
:107AE000E7FD039A0A490346284605B0BDE8304041
:107AF00000F01FBF05B030BD78CF020088CF020074
:107B000080CF020004D002007DCF020028D0020006
:107B1000A0CF02002DE9F04385B01F460C9D002345
:107B200095F80C902B7306460C469046294638462D
:107B3000FFF7B2FFB8F1060F09D8DFE808F004122A
:107B4000181F283340003146284600F0F2FE00227C
:107B500029463846FFF77EFF85F80C9005B0BDE852
:107B6000F08322683146284600F0E3FEEFE7D4E9CF
:107B700000233146284600F0DCFEE8E7A3680093C6
:107B80003146D4E90023284600F0D3FEDFE7E3685E
:107B90000193A36800933146D4E90023284600F0FE
:107BA000C8FED4E723690293E3680193A3680093B6
:107BB0003146D4E90023284600F0BBFEC7E76369DD
:107BC000039323690293E3680193A368009331460A
:107BD000D4E90023284600F0ACFEB8E708292DE9D7
:107BE000F74F80460E4617461C463CD8002593F8B2
:107BF0000C901D7319461046FFF74EFFDFF888A062
:107C0000DFF888B0AE4231D918F805205946204631
:107C100000F08FFE0135082DF4D11949194DDFF818
:107C200070A0204600F085FE4FF0000B5E4522D983
:107C300018F80B207E2A05D81046019204F0D8FCD3
:107C4000019A00B92E225146204600F072FE0BF137
:107C5000010BBBF1080FE9D1012221463846FFF79D
:107C6000F9FE84F80C9003B0BDE8F08F5146204631
:107C700000F05FFECEE72946204600F05AFEE6E718
:107C8000B4CF0200B2CF0200B0CF0200AACF0200F0
:107C9000B6CF02001FB50021039001AA44F20100F3
:107CA000CDE9011100F004F805B05DF804FB000017
:107CB00010B572B6FFF7BAFEFFF738FD0028FBD10A
:107CC000104B114C1149E41AE408240444F001005B
:107CD000FFF772FE0E4B1B68DB0700D500BE0D4997
:107CE00044F00200FFF768FEBFF34F8F0A490B4BC9
:107CF000CA6802F4E0621343CB60BFF34F8F00BF4A
:107D0000FDE700BF98CE0200C0CE020047D00200BF
:107D1000F0ED00E053D0020000ED00E00400FA05B1
:107D200049B152B1531E1A4007D18260016083806D
:107D3000C260104670470E2070470920704710B58A
:107D40008468C2688388121B934208D3C2681340B8
:107D50000268D154C3680133C360002010BD042001
:107D6000FCE78268C3689A420AD08268838813401D
:107D70000268D35C0B708368013383600020704716
:107D800005207047D0E90223D1E90201994208BFDA
:107D900090422CBF012000207047000008B50B481E
:107DA00000F055FC0A4B0B49D3E900231218D1E926
:107DB000000143F100038B4208BF824203D212F15B
:107DC000807243F100031046194608BDF02A0020D6
:107DD000D8BE002050BF002037B505460C460A48E3
:107DE00001A900F068FC60B10570446001A9064873
:107DF00000F08BFC18B1054800F02EFC002003B009
:107E000030BD0420FBE700BF3CBF0020F02A00206B
:107E1000284B73B51E7804461EB90026304602B0C2
:107E200070BD0028F9D0FFF7B9FFD4E902239942C9
:107E300008BF904238D300230DF107008DF80730BA
:107E400000F0AEFA23692BB94FF0FF324FF0FF3349
:107E5000C4E902239DF8070000F0C6FAD4E9053012
:107E6000984700250DF107008DF8075000F098FAAB
:107E70002169B9B1D4E90223581C08BFB2F1FF3F10
:107E800005D0521843F10003C4E9022335469DF89A
:107E9000070000F0A9FA002DBFD00748214601F0E5
:107EA0000EF8BBE70D46F2E7013308BFB2F1FF3F22
:107EB000B3D0F2E7E0BE002070D0020013B5114B42
:107EC00011491868019008231048582200F0E0FB7F
:107ED000044698B90E4A0F4801A900F0A9FA0446D1
:107EE00060B90C48012100F095FB01230A4A0948BA
:107EF000194600F0F7FA094B01221A70204602B029
:107F000010BD00BF6AD00200E4BE00203CBF0020CC
:107F1000CD7F0200F02A0020FFFF7F00E0BE00209E
:107F2000F7B5054600240DF1070017460E468DF8FB
:107F3000074000F035FAD5E90223013308BFB2F15A
:107F4000FF3F07D1FFF72AFF801941F10001C5E982
:107F5000020101249DF8070000F046FA4CB12B699C
:107F6000AF6103B12E6129460020FFF735FF03B052
:107F7000F0BD2046FBE737B5054600240DF10700AC
:107F80008DF8074000F00CFAD5E9022301330FBF4A
:107F9000B2F1FF3F4FF0FF324FF0FF33C5E902234C
:107FA00018BF01249DF8070000F01EFA2CB12946E5
:107FB0000120FFF711FF03B030BD2046FBE70000B2
:107FC000014800F044BB00BFF02A00202DE9F74F24
:107FD000804600F027FB40B1634AD2E9003113F13B
:107FE000807341F10001C2E900310021404600F0F8
:107FF00028FB38B15D4E336823B13068FFF708FFC6
:10800000002333600121404600F01BFB20B1FFF745
:10801000C5FE574BC3E900015648DFF8509101A94E
:1080200000F083FB4FF0FF364FF0FF3798B9DFF8D1
:1080300048A14E4F504600F058FF002800F08780BE
:10804000D0E90223591C08BFB2F1FF3F34D150469A
:1080500000F045FFEEE70378012B20D0022B09D179
:10806000DFF814A1504600F03AFF002877D0C0E9AD
:108070000267F7E753B94168D1E90223013308BF2A
:10808000B2F1FF3F02D03C4800F019FF01A9394886
:1080900000F076FB01A9374800F047FBC6E74168CE
:1080A000D9F80030994203D10023C9F80030EDE738
:1080B000314800F01DFFE9E7396891B13968D1E92D
:1080C00002018B4208BF82422FD23B68D3E90223D0
:1080D000013308BFB2F1FF3F03D03968504600F0CA
:1080E000EEFE504600F0FBFED0E9026B8146FFF742
:1080F00055FE341A6BEB0105012C75F1000319DBF9
:10810000B4F5350F14D3FFF75BFF1C4A02441C483B
:108110004FF49603002100F005FA98B93B6813B9B3
:10812000404600F0D7F9C7F8009003B0BDE8F08FE3
:108130003246ECE71248002100F079FA4846FFF792
:1081400067FE01E00D28F9D000233B6072E7074B82
:108150001B68002BE9D1404600F0C0F9E5E7094B68
:1081600001221A7092E700BFD8BE002058BF00203D
:1081700050BF00203CBF002070D00200FFFFB400C1
:10818000F02A0020E0BE00200648074A037807498D
:10819000D35C012213B1043001F0F0BE0C3001F0C9
:1081A0009FBC00BFF82A0020C4BF002084BF00206D
:1081B0000648074A03780749D35C012213B104300B
:1081C00001F088BE0C3001F039BC00BFF82A002055
:1081D000C4BF002085BF002037B50578012D0BD026
:1081E000022D2ED065B91E491E48FFF7BAFD0028A2
:1081F00032D1FFF7DDFF03E0037A1BB9FFF7C4FFBD
:1082000003B030BD4368184C19782046FFF797FD3E
:1082100080B18DF800500190144B68461B68984758
:10822000A168E368A2885B1A9A42E7D2104B012248
:108230001A70E5E7A268E3689A42F1D08DF8000071
:10824000EAE7C3688DF800500193FFF79DFF074BE5
:1082500068461B689847D3E703238DF80030F6E79C
:1082600085BF002074BF002060BF00205CBF0020DD
:1082700070BF0020F0B51F46234B89B004461A603A
:108280000D4600293DD08A8820480968FFF748FD3F
:10829000002834D1AA89A9681D48FFF741FD0028AC
:1082A0002DD11C4E0FCE6D460FC596E80F0085E808
:1082B0000F0063690693237C174A18488DF81C70D9
:1082C000003B18BF01238DF81430637C002B14BFD2
:1082D0000E2300238DF81530E3680293A3680393FF
:1082E0002368019369466368009301F02BF830B965
:1082F0000B4B18702368013301D0FFF745FF09B01D
:10830000F0BD0720FBE700BF5CBF002060BF00207E
:1083100074BF00207CD00200D9810200F82A00201E
:1083200070BF002070B5084D014608482E78FFF751
:1083300018FD044636B100232B70FFF725FF08B166
:10834000FFF7A8FC204670BD70BF002060BF002072
:1083500010B501460E48FFF7F2FC0446A8B90D48D7
:108360000D4A0378D35C63B1043001F0FBFD60B9C2
:108370000A490748FFF7F5FC38B9BDE81040FFF798
:1083800017BF0C3001F0A0FBF1E7204610BD00BF85
:1083900074BF0020F82A0020C4BF002085BF002041
:1083A00070B5EFF3108672B60C4A946801239CB93D
:1083B00093600B4B0B4DD3F8801029401160C3F82C
:1083C0008050D3F8841051604FF0FF32C3F88420FE
:1083D000047006B962B670BD0370FAE788BF00206A
:1083E00000E100E0FC06FFBD084B9A6810B55AB1E9
:1083F00050B9EFF3108172B6054A1C6814605C68CE
:108400005460986001B962B610BD00BF88BF0020FB
:1084100000E100E0435882B03BB100234350435891
:108420000193019B012002B070471846FBE7000052
:10843000F8B5204B4479204D43F824201F4A204BA7
:1084400005EBC4049B1A2279DB081B0432B143F00C
:1084500002001C49FFF7B0FA0820F8BD02680C883A
:10846000C2F8084590F904608A7804795201002E18
:10847000D2B219DB14498F1987F80023012276093B
:1084800004F01F0402FA04F441F82640427905EB97
:10849000C201012445F832000C7143F003000B497E
:1084A000FFF78AFA0020D8E7094904F00F040A55BB
:1084B000ECE700BF9CBF002094BF002098CE0200D4
:1084C000D0CE02009CD0020000E100E0BED002004D
:1084D00014ED00E0036801221A607047036801226E
:1084E0005A60704773B501F15005AD000068ADB238
:1084F0004FF480348C400026C0F80843C0F848434D
:10850000465101F5A8714559019522F07F42019D20
:1085100040F82120C0F844430BB1C0F8044302B036
:1085200070BD00002DE9F74F0D4622F07F44026830
:108530004FF4803705F150068F408046B60002EBBD
:108540008500C2F84873B6B2C2F80873D2F80415B1
:1085500099464FF0000BD0F84035C0F8401542F86E
:1085600006B05B1A9259009223F07F43012B009AC8
:108570004FEA850A0CD1264B4FF4806043F001038B
:108580009847D8F8003043F806B09B590193019BF7
:10859000D8F80010D1F80465C1F84473A31B23F088
:1085A0007F43012B1CD11A4B05F5A875013443F00C
:1085B000010341F825404FF480609847D8F8003017
:1085C000D3F804359E4209D1D8F800300020C3F812
:1085D0004473C3F8047303B0BDE8F08F0D20FAE7CD
:1085E0008A44C9F1FF13CAF84045D1F80405221A9C
:1085F000013A22F07F4203F57F439342EED3002AF3
:10860000E2D10134CAF84045D1F804359842DAE79E
:10861000D0D0020003680222C3F8442309B1C3F892
:108620000423704700684FF48271FFF7F3BE4FF4E4
:10863000803303FA01F10368C3F84813C3F8081341
:10864000704750318900006889B2FFF7E3BE0368C4
:10865000D3F804057047000090F90430002B09DBC3
:108660005A09012103F01F0301FA03F340320249C2
:1086700041F82230704700BF00E100E0024B034A9E
:108680001B681068184700BF9CBF002094BF0020E3
:1086900010B561B1B2FBF3F403FB1424A4B244B9E6
:1086A000C0E9001484608281C381204610BD0E2081
:1086B000FCE70920FAE737B550E8013F9DB2C489CD
:1086C00025448489A54228BF2D1B0489A54202BFE9
:1086D000BFF32F8F002207E0C5EA030540E80154ED
:1086E000002CE9D14FF001028DF803200193019B8A
:1086F0009DF803200B6002F0FF0322B10B88006895
:10870000184403B030BD1846FBE70A884B889A42EC
:1087100009D150E8012FC2EA024240E80123002BB0
:10872000F7D1012070470020704737B550E8023F6D
:108730001FFAA3F5C488A54202BFBFF32F8F002202
:108740000DE0C48925448489A54228BF2D1BC3EAB6
:10875000054540E80254002CE8D14FF001028DF8A5
:1087600003200193019B9DF803200B6002F0FF039F
:1087700022B14B880068184403B030BD1846FBE7AF
:108780000A884B889A4209D150E8022FC2EA224255
:1087900040E80223002BF7D10120704700207047EA
:1087A00001F01F024B090121914000EB830000F012
:1087B0001EB801F01F0301229A404B0900EB830011
:1087C000D14300F02CB84B0901F01F0150F82300F1
:1087D000C84000F00100704710B5034653E8000F91
:1087E0000A4643E8002494F0000FF7D110BD10B5FD
:1087F000034653E8002F42EA010043E8000494F0E6
:10880000000FF6D110BD10B5034653E8000F00EA83
:10881000010243E8002494F0000FF6D110BD10B51A
:10882000034653E8002F02EA010043E8000494F0F5
:10883000000FF6D110BD10B5034653E8002F02EB30
:10884000010043E8000494F0000FF6D110BD10B50C
:10885000034653E8002FA2EB010043E8000494F024
:10886000000FF6D110BD0121FFF7C1BF0021FFF7B6
:10887000CABF10B590B1D0E9012301689B1ADBB2E1
:108880000A60013BDBB2FF2B026802D100201071AD
:1088900010BD11684C1C14600B70F2E70E20F7E756
:1088A00037B5054600240DF107008DF80740FFF7A6
:1088B00077FD2A686B68116899420ED9481E1060CE
:1088C00011F8014CEB68298A01FB0434AB6811797B
:1088D0001B1ADBB2994238BF13719DF80700FFF7EE
:1088E00083FD204603B030BD37B5054600230DF1AA
:1088F00007000C468DF80730FFF752FD2A68136811
:10890000591C1160E968641A298AB4FBF1F41C70DF
:108910009DF80700FFF768FD03B030BD826810B511
:1089200004462AB143690168006998470023A3609F
:1089300010BD0EB403B5039921B104AB01AA019394
:1089400000F076F802B05DF804EB03B070470A2936
:1089500038B504460D4602D10D21FFF7F8FFA36894
:108960002268591CA160D554D4E901329A4204D33B
:108970002046BDE83840FFF7D1BF38BD2DE9F84F9C
:108980009846DDE90A43154682460F460A464FF0EF
:108990000109AA420FD2C14538BFC14613F0010BED
:1089A00001D16CB900240126B8F1010F1BD908F1DF
:1089B000FF386E43F8E709F10109B2FBF5F2E8E789
:1089C0009B070ED5B8F1000F0CBF30262026A1451D
:1089D000E9D2013C31465046FFF7B9FF002CF6D1F1
:1089E000E0E72026F3E7B7FBF6F39D42E1D9DFF895
:1089F0003C80B7FBF6F3504618F8031006FB1377DC
:108A0000FFF7A5FF3346AB42B6FBF5F6F1D2BBF15B
:108A1000000F02D00CB1A14501D3BDE8F88F202191
:108A20005046013CFFF793FFF4E700BFD6D00200A9
:108A30002DE9F74F054617468846002900F0428188
:108A400018F8011B49B92B7B002B00F03B8128460D
:108A500003B0BDE8F04FFFF761BF252940F0B780B4
:108A6000002698F800302D2B424608F1010823D04B
:108A7000302B24D02B2B25D000242A2B02F10101EE
:108A800023D13B681A1D1B683A601C440A461378C0
:108A90002E2B26D101324FF0000A104610F8011B90
:108AA000A1F1300CBCF1090F1DD80A2303FB0A13F6
:108AB000A3F1300A0246F0E746F00106D1E746F09E
:108AC0000206CEE746F00406CBE711F8013CA3F11D
:108AD00030000928DBD80A2202FB0434303C0A4665
:108AE000CBE74FF0000A12F8011B01F0FB006828E9
:108AF0009046F8D0782909D86F290CD8632962D01C
:108B000022D8252963D0582900F0888098F80030B1
:108B1000002B95D197E770390829F7D801A353F8AE
:108B200021F000BF9F8C02000D8B02000D8B020014
:108B30002D8C02000D8B02000B8C02000D8B0200AD
:108B40000D8B02001D8C0200642901D06929DDD142
:108B50003A68D2F80090111D89EAE9723960A2EBF7
:108B6000E9724FF0010B092A35DCD34538BFD346F3
:108B70002CB1B9F1000F01DB720700D5013CB3073E
:108B800002D5BAF1000F03D0F00701D44CBB00248A
:108B9000B9F1000F2DDAC9F100092D212846FFF7A0
:108BA000D6FE06F00302022A04D1BAF1000F01D169
:108BB0001CBB0024CDE9004653460A2249462846FC
:108BC000FFF7DCFEA2E73B681A1D19783A602846D9
:108BD000FFF7BDFE9AE70A230BF1010BB2FBF3F29C
:108BE000C1E7A345D4D220212846013CFFF7AFFEC0
:108BF000CCE77107D5D52B21D0E7A345DAD23021B8
:108C00002846013CFFF7A3FED2E73968CDE90046CC
:108C10000A1D3A6053460A220968D0E739680A1DDE
:108C20003A60CDE9004653461022F5E73B681A1D2D
:108C30003A6016F00106D3F8009028D1B9F1000F80
:108C400003D0484603F0A5FD0646B44200D904BB54
:108C500009F1FF3919F8011F00293FF457AF2846E1
:108C6000FFF775FEF6E728460136FFF770FE19F8A4
:108C700006100029F7D1A642BFF448AF002C3FF4FC
:108C800045AF20212846013CFFF761FEF3E70026AF
:108C9000EDE720212846013CFFF759FED5E73B6868
:108CA0001A1D3A60302128461C68FFF750FE7821D3
:108CB0002846FFF74CFE00220823CDE9003221466A
:108CC00010227CE703B0BDE8F08F00BF2DE9F84F1C
:108CD000B0F806A04579D2F800B09DF828900AFBBC
:108CE00005F5043D88460BEB0301A94203F104049A
:108CF00088BFA5EB030BB4FBFAF607460AFB164444
:108D0000C2F800B04EB9AAEB04055D4528BF5D4628
:108D1000BBF1000F04D1BDE8F88F3F68013EF1E7D9
:108D2000043408EB06003C442A46B9F1000F0DD08C
:108D30002146ABEB050B03F0AEFCDA452E443F6851
:108D400055464FF0000428BF5D46E1E70146204646
:108D5000EFE7FFF78EBDF8B546790146721E05466E
:108D6000002393422D6803D30024A64202D8F8BD05
:108D70000133F6E70F682846FFF7B6FD01343946A0
:108D8000F3E72DE9F843068ACD1C0746FFF788FD77
:108D9000043E35440446B5FBF6F5F0B14FF480735C
:108DA000EDB28380C680013D076081464FF0000828
:108DB000A84512D23846FFF773FD064648B16379DD
:108DC0000133637108F10108C9F8000007608146AA
:108DD000EEE72046FFF7BFFF34462046BDE8F883A4
:108DE00001210430FFF727BD10B5012104460430EE
:108DF000FFF72DFD10F0FF0F04D12046BDE8104015
:108E0000FFF7A9BF10BD1FB503920022009203AA6D
:108E1000FFF75CFF05B05DF804FB1FB5039201226C
:108E2000009203AAFFF752FF05B05DF804FB41DF93
:108E30007047000007B500230DF107008DF80730DB
:108E4000FFF7AEFAF1EE103A23F09F03E1EE103A8D
:108E5000BFF35F8F094B4022C3F884219DF80700C0
:108E6000FFF7C2FA02F02AF920B1FFF7E0FF03B0E2
:108E70005DF804FB20BF40BF20BFF8E700E100E041
:108E8000836800225A60C3E904229A60DA601A609B
:108E900070470B684A684360934208BF0023016033
:108EA00008BF43607047436843B1026891685268E5
:108EB0000B449342436004BF00234360704770B586
:108EC000446806460D46206818B1B368294698479D
:108ED00018B923682B60256070BD2468F3E74368E8
:108EE000186808B102681A607047436818687047CC
:108EF0004368186800B97047884203D102681A6055
:108F00000120704703460068F4E7000010B50D49E2
:108F1000A1F59472914201D800200FE08C1AE30F62
:108F200003EBE4035B1002EBC30452F833308342DB
:108F300005D802D204F10802ECE7606810BD2146B2
:108F4000E8E700BFF0D5020008B5FFF7DFFF024BEE
:108F5000002808BF184608BDB2D4020010B5044668
:108F6000C0B2FFF7F5F9204610BD0000034B1868AA
:108F7000A0F1080358425841704700BF300100106B
:108F8000064B1B68082B06D1054B1B68052B02D826
:108F9000044AD05C70470020704700BF30010010C9
:108FA00034010010F6D50200024AD2F80034002B3A
:108FB000FBD0704700E0014010B5FFF7D7FF40B18C
:108FC0004FF080430022C3F80C21C3F81021C3F8EE
:108FD0003825FFF7CBFF002846D04FF08052614B79
:108FE000D2F80414C3F82015D2F80814C3F82415D5
:108FF000D2F80C14C3F82815D2F81014C3F82C15A5
:10900000D2F81414C3F83015D2F81814C3F8341574
:10901000D2F81C14C3F84015D2F82014C3F8441534
:10902000D2F82414C3F84815D2F82814C3F84C1504
:10903000D2F82C14C3F85015D2F83014C3F85415D4
:10904000D2F83414C3F86015D2F83814C3F8641594
:10905000D2F83C14C3F86815D2F84014C3F86C1564
:10906000D2F84424C3F87025FFF78AFF10B13E4BB5
:109070003E4A1A60FFF784FF18B13D4BFB22C3F84C
:109080001825FFF77DFF48B13A493B4B0A681B683A
:1090900022F00F0203F00F0313430B60FFF770FF82
:1090A00018B1364B4FF400721A60FFF75FFF48B1FA
:1090B0004FF08043D3F80024D20744BF6FF0010281
:1090C000C3F800242E4AD2F8883043F47003C2F863
:1090D0008830BFF34F8FBFF36F8F2A4B1B68082B6D
:1090E0000ED1294B1B68052B02D8284AD35C3BB113
:1090F0004FF01023D3F808224FF08043C3F85825CF
:109100004FF01023D3F80022002A03DBD3F80432F7
:10911000002B22DA1E490123C1F80435FFF744FF72
:109120004FF010201224C0F80042FFF73DFFC0F8B6
:109130000442FFF739FF0023C1F80435FFF734FF7D
:10914000BFF34F8F0E49134BCA6802F4E06213431A
:10915000CB60BFF34F8F00BFFDE70F4B0F4A1A6084
:1091600010BD00BF00C000408C5600404881030085
:1091700000F00040E40E004058020010409602400B
:1091800000ED00E03001001034010010F0D50200C5
:1091900000E001400400FA050C2B00200090D003F1
:1091A00038B5074C051E04F1080318BF1C46236898
:1091B0002BB11A6822605B6828469847F7E738BDEC
:1091C000A8BF002020B9054B01225A70FFF7E8BF65
:1091D000012802D1014A9070F8E77047A0BF002033
:1091E00020B9034B01225A70FFF7DABF704700BF66
:1091F000A0BF002038B50E4C2378B3B90D4863608A
:10920000A3602361E36000F0E5F8054601F056FF36
:1092100008B900F0EBF801232370074BD3F80034B2
:109220000BB10123A370284638BD8525F5E700BFA3
:10923000A0BF0020C59102000000014037B50D4CD1
:1092400000230DF107008DF80730FFF7A9F8E36858
:10925000013BE360E36833B9074BD3F8005415B919
:1092600000F0D6F8A5709DF80700FFF7BDF803B031
:1092700030BD00BFA0BF002000000140012813B591
:109280000CD0032820D038B9124B0122C3F880201B
:10929000BFF34F8FBFF36F8F02B010BD0E4C002392
:1092A0000DF107008DF80730FFF77AF823780BB936
:1092B000FFF7A0FFE3689DF807000133E360012397
:1092C000A370FFF791F8E7E700F090F8FFF7B6FF1B
:1092D000E2E700BF00E100E0A0BF00201FB5037877
:1092E0008DF800304368019383688DF80830C368B7
:1092F000054A0393054B684653F8213052F8211074
:10930000984705B05DF804FBB4BF0020BCBF002047
:109310001FB503788DF800304368019383688DF89A
:109320000830C368054A0393054B684653F821305B
:1093300052F82110984705B05DF804FBB4BF002037
:10934000BCBF0020F0B5194B90F800C0DFF86CE00E
:1093500043F82C20164B16460A6943F82C204B7F05
:109360000EF80C300C4607460FCC89B06D460FC581
:1093700094E80F0085E80F001EF80C30CDF810C0FF
:109380004BB1002E0B4A694608BF3246381D00F02B
:10939000C3FC09B0F0BD002E074A694608BF32463B
:1093A00007F10C0000F078FAF3E700BFBCBF002023
:1093B000B4BF0020DD92020011930200C4BF002060
:1093C00000F18040002382B0036003680193019B99
:1093D00002B07047044A137923B9012110609180CB
:1093E0001846704785207047C8BF0020074B1A6891
:1093F000D20704D4C02283F8002301221A604FF060
:1094000080430122C3F81825704700BF00E100E047
:109410004FF0804208B50223C2F808334FF482703F
:10942000FFF7CEFF034B01211960D2F81834DB039C
:10943000FBD408BD0C000040124B1B6810B573B183
:109440004FF48070FFF7BCFF4FF080430122C3F858
:1094500008230D4B587910B95A711B6898470B4B6C
:109460001B6873B14FF48270FFF7AAFF4FF080437F
:109470000222C3F80823044BBDE810401B680120FA
:10948000184710BD00010040C8BF00200401004083
:1094900000F1804000F5C040002382B00360036803
:1094A0000193019B02B0704703681F2B83BF03F039
:1094B0001F03036001484FF0A040704700030050B5
:1094C00007B5019001A8FFF7EFFF019B00EB8300B8
:1094D000D0F8003723F44033C0F80037D0F8003715
:1094E00043EA0141C0F8001703B05DF804FB000037
:1094F0002DE9FF470024CDE90244584D4FF4807216
:10950000012102F1804303F5C04390B21B68012B97
:1095100006D1D5F804330B4202D0FFF7B9FF0C4354
:109520000432B2F5907F4FEA4101EAD14C4B1B68FF
:10953000012B11D14FF4BE70FFF7AAFF4FF0A043EB
:1095400044F00044D3F820250292C3F82025D3F834
:1095500020280392C3F8202814F0FF0F1AD0414F9F
:1095600000250126344210D0AB0003F1804303F5FF
:10957000C043D3F81005D3F8101557F8253023B1A0
:10958000C1F30141C0F3052098470135082D4FEA8A
:109590004606E7D1002C59DA324D334C334E4FF0AA
:1095A0000008012716F9013B5A1C3CD0C3F3C20145
:1095B00004A801445FFA83F911F8081C03F03F0284
:1095C00003F0070307FA03F319422CD001A8019214
:1095D000FFF76AFF019B03F5E07350F82330C3F3F4
:1095E000014ABAF1020F10460CBF03210221FFF716
:1095F00067FF01A80192FFF757FF019B07FA03F3EA
:10960000C0F82035AB1893F9303055F8233053B1FA
:109610004FEA9911032904D0BAF1020F19D1012997
:1096200001D11046984708F10108B8F1040FB9D1EB
:109630004FF0A043D3F820250292C3F82025D4F898
:1096400020350393C4F820351343A7D104B0BDE8F7
:10965000F087BAF1030FE6D10229E1E7006000408C
:109660007C610040D0BF00200003005030C00020CB
:10967000014B1B68184700BF3CC000200E4B9842AE
:1096800037B50C4602D0002003B030BD00230DF1E9
:1096900007008DF80730FEF783FE084B1D7915B9DA
:1096A00001221C601A719DF80700FEF79DFE002D37
:1096B000E9D01120E8E700BF002000403CC00020B6
:1096C0000023435082B043580193019B02B070477E
:1096D0000A4610B54FF48E71FFF7F2FF136A9168D6
:1096E000C95C136A01331362C0F81C1510BD024631
:1096F00008B500684FF49271FFF7E2FF4FF48471F0
:109700001068FFF7DDFF136801221A6008BD8B693E
:109710000A4610B54FF4847123B9FFF7D1FFD0F892
:10972000183510BDFFF7CCFF536AD168D0F8180583
:10973000C854536A01335362F3E700001FB5012395
:109740008DF80030044BCDE90110D3E900126846D2
:10975000904705B05DF804FB44C0002030B54C488C
:10976000D0F8043313F4007F85B005464DD0D0F80F
:109770002431002B49D04FF49271FFF7A1FF4FF431
:109780000173C0F80833434B93F829200AB901222A
:1097900042603F4902228DF80020D1F88024C1F8B0
:1097A000802403929A690292DA6801920022C3E946
:1097B00006226846D3E9001290473548D0F81C319C
:1097C0005BB134494A690B6A9A420A464AD991F810
:1097D0002830002B46D1FFF77BFF2D48D0F84431CD
:1097E0008BB14FF4A271FFF76BFF2A4B93F829203E
:1097F0000AB1012202609A692AB10022586AD96826
:109800009A61FFF79BFF05B030BDD5F804335B07C5
:10981000D3D5D5F80831002BCFD01E4C1C4821469B
:10982000FFF775FF636AA2699A422346C5D1E269D0
:10983000E1684AB12369E3600023606AA261E361E1
:109840006362FFF77BFFB8E794F829200AB9012289
:109850006A600F4A4FF40170C2F808030022586A88
:109860009A61EEE70A484FF48E71FFF729FF5369BA
:10987000002BB2D051690291002391688DF800301D
:10988000019153616846D2E900139847A5E700BFEC
:109890000020004044C000202DE9F843614B0579C9
:1098A00091462C2202FB0532064692F82A200C46ED
:1098B0009846002A40F0B1805B490068FFF7DEFE61
:1098C0000746002840F0AB8021684A1C10D01F29B1
:1098D00087BF564A01F01F030B464FF0A0420120FC
:1098E000984003F5E073C2F80805032042F823000E
:1098F0006068431C0DD01F288BBF00F01F03034678
:109900004A4A4FF0A04203F5E0734FF0000C42F8D2
:1099100023C03368A269C3F8242594F814C0627D7B
:10992000BCF1010F4CEA0202C3F86C25C3F8140520
:10993000C3F80C152BD1A168481C0DD01F298BBF73
:1099400001F01F020A4639484FF0A04002F5E072CC
:109950004FF0000C40F822C0E068421C13D01F28D2
:1099600087BF324A00F01F0C84464FF0A0424FF0F0
:10997000010E0EFA0CFE0CF5E07CC2F808E54FF083
:10998000030E42F82CE0C3F80805C3F810152C2389
:109990006B4308EB0302C2F80490226948F80320E5
:1099A000B9F1000F21D03068247F4FF48E71FFF79A
:1099B00087FE4FF4A2713068FFF782FE32681C4BBD
:1099C000C2F80433110B42F307326301002ADBB201
:1099D0001EDB1848841884F800330123520901F073
:1099E0001F0103FA01F140F8221033680422C3F882
:1099F00000252C2303FB05830022C3E9062283F8FC
:109A000029205A61012283F82A203846BDE8F883CC
:109A1000094A01F00F015354E7E70827F5E711273A
:109A2000F3E700BF44C000205D9702000003005030
:109A30008000020000E100E014ED00E02DE9F047B5
:109A4000204F90F804904FF02C0808FB097405464D
:109A50006669002E34D162610068A16026624FF40D
:109A60008E7184F82860FFF72BFE2868012383603D
:109A70002146FFF72DFE6368A0468BB92868D4F80D
:109A800014A0236A9A4511D82A68D2F81C31002BF9
:109A9000FBD00123D3602C2303FB097300225A61FE
:109AA0003046BDE8F08794F828303BB9D0F81C3137
:109AB000002BF8D04146FFF70BFEE2E70F26EAE75E
:109AC0001126EDE744C000200379044A2C2101FB54
:109AD00003235869003818BF0120704744C0002094
:109AE0002DE9F843394F05792C2303FB057306460E
:109AF0005C6824B103684FF40170C3F808032C2399
:109B000003FB0573986950B1D86900283ED024B191
:109B100033684FF40172C3F80423112433E09A61CF
:109B2000D9605862D8612C2303FB057393F8293060
:109B30001BB910B93046FFF7DAFD4FF02C0909FBCD
:109B400005783068D8F80430002B34D14FF4A27176
:109B5000C146FFF7B5FD3068D0F82431D0F80821B0
:109B6000D0F84441B2B90CB9002BF4D02C2202FB3E
:109B700005750022AA6123BB2CBB95F82910336818
:109B80000122B1B11A602046BDE8F8831961DA619B
:109B90000120C8E7002BE9D1002CE7D14946FFF7A7
:109BA000B6FDD8F82430D8F818209A42D3D82346E6
:109BB000DCE75A60E7E74FF40173C0F80433002490
:109BC000E1E70324DFE70F24DDE700BF44C0002006
:109BD0000023435082B043580193019B02B0704769
:109BE0001FB501238DF80030044BCDE90110D3E9F6
:109BF00000126846904705B05DF804FB70C0002075
:109C00007FB5434AD2F82461002E60D010464FF44D
:109C10009271FFF7DDFF02238DF80030D2F8803417
:109C2000C2F880340393D2F83C350293394BDA689A
:109C300001920022C3E906226846D3E90012904748
:109C40003348D0F8443173B14FF4A271FFF7C0FF2D
:109C5000304B9A693AB10022C3E90622D968D0F89C
:109C60003C05FFF7BDFF2A48D0F82031ABB14FF4D7
:109C70009071FFF7ADFF0123C360264B5A6962B1B3
:109C8000D0F84C150291002299688DF800200191BE
:109C90005A616846D3E9001290471D48D0F8583100
:109CA0009BB14FF4AC71FFF793FF1A4B5A6962B145
:109CB000D0F84C150291002299688DF8002001918E
:109CC0005A616846D3E90012904704B070BDD2F8DB
:109CD0001031002BB4D04FF488711046FFF778FF95
:109CE0000C4BD2F83C0599698842A9D1DC69D96846
:109CF00064B1D2F8005225F02005C2F800521A696A
:109D00009C61DA60DE61FFF76BFF99E79C61FAE71F
:109D10000020004070C000202DE9F843674B067911
:109D20009146242202FB0632044692F820200D467A
:109D30009846002A40F0BE8061490068FFF79EFC0B
:109D40000746002840F0B8802868421C10D01F2821
:109D500087BF5C4A00F01F0303464FF0A042012179
:109D6000994003F5E073C2F80815032142F8231067
:109D700069684B1C0DD01F298BBF01F01F030B46D8
:109D8000504A4FF0A04203F5E0734FF0000C42F848
:109D900023C02368AA69C3F8242595F814C06A7DF6
:109DA000BCF1010F4CEA0202C3F86C25C3F80C05A4
:109DB000C3F814152BD1A968481C0DD01F298BBFDF
:109DC00001F01F020A463F484FF0A04002F5E07242
:109DD0004FF0000C40F822C0E868421C13D01F2846
:109DE00087BF384A00F01F0C84464FF0A0424FF066
:109DF000010E0EFA0CFE0CF5E07CC2F808E54FF0FF
:109E0000030E42F82CE0C3F80805C3F8101524230C
:109E1000734308EB0302C2F804902A6948F8032050
:109E2000B9F1000F30D020682A7F4FF48871FFF716
:109E3000CFFE20684FF49071FFF7CAFE20684FF400
:109E40009271FFF7C5FE20684FF4A271FFF7C0FEC4
:109E50004FF4AC712068FFF7BBFE23681A49C3F8C2
:109E60000413190B43F307335201002BD2B21CDB4E
:109E70001648C51885F8002301225B0901F01F016F
:109E800002FA01F140F8231023680822C3F80025E4
:109E9000242303FB06830022C3E906225A61012220
:109EA00083F820203846BDE8F883094B01F00F0104
:109EB0005A54E9E70827F5E71127F3E770C00020B7
:109EC000019C0200000300501003420000E100E08A
:109ED00014ED00E001F06043B3F1005F2DE9F041C3
:109EE000064638D11E4B0779242505FB07359846D1
:109EF0006C69002C31D16A610068A9604FF49071DF
:109F0000FFF766FE4FF4AC713068FFF761FE33680F
:109F10006A69A968C3F84415C3F8482501229A6004
:109F20006A68AAB9D3F82021D3F858411AB9002C8D
:109F3000F8D00F2407E0002CFBD10122DA60D3F81F
:109F40005821002AFBD0242303FB078700237B61D1
:109F50002046BDE8F0811024FAE71124F8E700BF9D
:109F600070C000200379044A242101FB03235869AF
:109F7000003818BF0120704770C00020F8B501F00C
:109F80006043B3F1005F04460F465ED10379304D64
:109F9000242101FB0351496821B100684FF4047684
:109FA000C0F80863242000FB03539E6956B1D869AA
:109FB000002839D021B123684FF40472C3F8042378
:109FC000112030E09A61DF60DE6120684FF4887113
:109FD000FFF7FEFD20684FF4A271FFF7F9FD23683B
:109FE000C3F83475C3F8382516BB01221A602179ED
:109FF000242202FB015252680ABBD3F81041D3F865
:10A000004421D3F82401144302D10028F5D022467C
:10A01000242303FB01550023984218BF03209A42D2
:10A02000AB6118BF0F20F8BD1F61DA610126CCE7D4
:10A03000D3F8002242F02002C3F80022D7E74FF401
:10A040000472C3F804230020EDE71020EBE700BF03
:10A0500070C00020032811D8012A0AD101290FD18C
:10A0600000F10E02D2B20D4B00EB40001A5400205A
:10A0700070470129F7D0022904D049B10720704761
:10A080000022F8E7054B00EB400018444270EEE771
:10A09000024B00EB400018448270E8E794C00020B7
:10A0A00008B5012202210020FFF7D4FF08B10728DC
:10A0B00010D1072202210120FFF7CCFF08B10728A9
:10A0C00008D100210A220846FFF7C4FF10B1072873
:10A0D00008BF002008BD00000388102B10B502D077
:10A0E000112B1ED010BD1A4C2168B1B901220846AF
:10A0F000FFF7B0FF08B1072824D107220221012071
:10A10000FFF7A8FF08B107281CD104220221002074
:10A11000FFF7A0FF08B1072814D12368013323609B
:10A12000E0E70B4A1368013B1360002BDAD1FFF71D
:10A13000B7FF0028D6D0074B1B68002BD2D0BDE854
:10A1400010401847034B1B68002BE6D09847E4E704
:10A15000A4C00020A0C0002073B50378012B33D029
:10A16000022B31D073BB1A4C1A4D20782844FEF7CD
:10A17000D9F823780133DBB21D44237015F8012C84
:10A180000A2A05D00D2A03D0134A12889A4219D8F8
:10A19000012B15D90F4D114E2378ADF806300DF176
:10A1A00006024FF6FF732946304600F053FF082899
:10A1B00006D01328F0D0052802D008B1FDF76AFDBB
:10A1C0000023237002B070BD4068FDF763FDF9E71E
:10A1D0001CCE002028CD0020CAB80020CCB800201A
:10A1E0002DE9F04F914D0FCD97B010AC0FC495E80D
:10A1F00003008F4B8F4A0C934FF4807384E8030065
:10A20000CDE90E230D938C4A07230CA910A8FEF765
:10A2100031F808B1FDF73EFD4FF480410020FDF715
:10A2200033FA08B1FDF736FDFDF76EF9FDF746FE8E
:10A2300008B1FDF72FFD814802F0FCF98049814A01
:10A2400000200B78DB01A3F578531B1203F30703FF
:10A2500013704B78DB01A3F574531B1203F3070350
:10A2600053708B780330DB01A3F56253B0F5406F78
:10A270004FEA232301F1030103F3070302F1030271
:10A2800002F8013CDDD17048704CDFF800B202F0FA
:10A29000D1F94FF0090A0623CDE9053A6C4B049336
:10A2A000202600254FF002084FF001090523032264
:10A2B0003146CDE900630896664B079404F50040EB
:10A2C000CDE902890A95CDF824B001F02EFA624852
:10A2D00002F0B0F94FF40041204600F05BFF5F4808
:10A2E00002F0A8F9102704F5004332463146204613
:10A2F000CDE90353CDE901870323009501F069FF00
:10A30000574802F097F9574BCDF818A00422059250
:10A3100005223946CDE90747CDE90393CDE900721F
:10A32000514BCDF80880324604F50040CDE909B51F
:10A3300000F064FF484802F07DF94FF48051204658
:10A3400000F028FF454802F075F94FF0080A04F5BF
:10A3500000433A4639462046CDE903B3CDE9018AA8
:10A360000323009501F035FF3D4802F063F9072310
:10A37000CDE905933D4BCDF808800522CDE900627B
:10A3800051463A46CDE9074ACDE9039304F500402A
:10A39000374BCDE909B500F031FF2F4802F04AF9FB
:10A3A0004FF40061204600F0F5FE2C4802F042F91F
:10A3B00004F50043CDE903B3042332465146204659
:10A3C000CDE901830095032301F003FF2448294EC2
:10A3D00002F030F9284B294904944FF40072CDE97A
:10A3E00001A304F500400A230396CDF8009001F084
:10A3F00057FD2348234C02F01DF932460A2130460E
:10A4000001F088FF204802F015F9294616F9012BC2
:10A410002046013502F00EF90A2DF6D1FDF786F936
:10A420000028FBD1FEF706FDF8E700BFA4D6020026
:10A4300082D200208273012059A102001ED60200A0
:10A44000C09800208253012036D6020082D300201B
:10A45000102B0020302B00204BD602005DD60200CE
:10A4600069D6020090340020A0340020A0660020AD
:10A47000C066002078D20020C0A40020CAA400201A
:10A4800078D602009CD6020089D60200A8C000201F
:10A490000369C1688B429DBF8268D21802F1FF3206
:10A4A00003F1FF3394BF501A581A70472DE9F8434F
:10A4B000D0E902940546A9EB040840689045204481
:10A4C0000F46144404D902F0E6F8EC60BDE8F883C6
:10A4D0004246A4EB090402F0DEF86868224607EB66
:10A4E0000801F0E72DE9F843C56806468946174696
:10A4F0004FF000083469B3687068A54228BFE418BB
:10A50000013C621B5C1BBC4228BF3C46944228BFF6
:10A51000144649462844224602F0BDF8B368254453
:10A52000AB4208BF00253F1BA044A144F560E1D128
:10A530004046BDE8F883000010B5114C114AA261F5
:10A540000223C4E90433104BE361A2644FF40073A7
:10A550000E4A0F492362E26400231022E01DA36229
:10A560006362E362A3656365E365226502F0EFF869
:10A570000849204602F0EBF82023A37110BD00BF6C
:10A5800084740120BCD602000C750120FC740120EB
:10A59000C5D60200C9D60200F8B5184C182300FB36
:10A5A000033503FB00402544C46A012C0F461646C0
:10A5B0000FD0022C1AD0F4B92846FFF769FF864263
:10A5C00005D8324639462846FFF770FF3446204604
:10A5D000F8BD2846FFF75CFF8642344628BF044694
:10A5E000224639462846FFF761FFF0E72846BDE8D6
:10A5F000F840FFF777BF0024E9E700BF847401202B
:10A60000FFF79ABF30B5C8B1F2B10024651C8D4286
:10A6100006DA1588A54212D805196D789D420ED12B
:10A62000A14211D9005D48B1013880B230B1023485
:10A63000A3B210FA84F4A14206DB138030BD055D9D
:10A6400001352C44A4B2E1E70020F7E713B5134627
:10A650000022ADF806200DF106020446FFF7D2FFF6
:10A6600010B1BDF80630E01802B010BD72DF7047BF
:10A6700073DF704738B5012204460D46B0F8141454
:10A68000D0F81004FFF7E2FF00B1057004F13C02BE
:10A6900004F5826104F15400BDE83840FFF7E6BFDD
:10A6A000F8B5077804460D46002F00F0098100F246
:10A6B0002646817007220021304602F015F8E38813
:10A6C00013B1A378012B04D0E3794BB1A378022B0B
:10A6D00006D1636BA3B1012284F82D24082098478A
:10A6E000334604F22C4113F8012F12B99942FAD1E2
:10A6F00017466B1E032B57D8DFE803F0050B0F122C
:10A7000084F82D34ECE7A3791BB194F8243003B915
:10A710005FB9E3790BB1002F48D1237A002B47D1E1
:10A72000637A002B0CBF00250425636BA570002BFA
:10A7300040D0033D012D3DD86279002A3AD094F8EB
:10A740002E24002A36D184F83024012284F82F24C4
:10A750000720984704F13C0518220021284601F003
:10A76000C3FFE26A0123511E994284F83C3001D9AB
:10A77000042A00D1D3B294F8242084F8513042B195
:10A78000A36A591E012902D9042B18BF012384F89A
:10A790005230A178002384F8503004291BD8DFE818
:10A7A00001F0770D223559000025BEE70225BCE7F0
:10A7B0000325BAE7002384F82F34CBE7C4E91063FC
:10A7C000C4F820340223012284F83C30802384F82A
:10A7D0003120A4F84830A378002B5CD1636B002BA8
:10A7E0006AD1002067E00223002A84F8313014BFC8
:10A7F0000723032384F83C302369A4F8483000235E
:10A80000C4F82034E36826646364E4E7636963643E
:10A81000A369A4F8483012B1062384F83C30637968
:10A82000B3B194F82E349BB994F8303483B1022339
:10A8300084F8503004212046FFF71CFF0028CAD1BD
:10A84000052384F8313004F58263C4F82034C2E76C
:10A850000323F6E7E3696364236AA4F8483012B17E
:10A86000062384F83C30637983B194F82E346BB9B5
:10A8700094F8303453B1022384F850300421204638
:10A88000FFF7F8FE0028A6D10623DAE70423D8E76D
:10A8900084F831309FE7D4F820142A4604F154009C
:10A8A000FFF7E4FE38B994F8301094F85400FFF73D
:10A8B000DFFE002892D0F8BD94F83100984790E769
:10A8C0000820F8E70388112B10B50C460AD0262B78
:10A8D0001FD0102B05D1C37B012B02D18388A1F897
:10A8E000243410BD0022838881F82E24B1F824245A
:10A8F0009A42F6D10B79002BF3D101212046FFF7C4
:10A90000CFFE0028EDD0A36B002BEAD0BDE81040AD
:10A910001847037A013B012BE3D8897805230131DD
:10A92000B1FBF3F303EB8303C91AC9B2E6E70000F6
:10A93000034B1A8882420CBF18460020704700BFA4
:10A9400028770120024B9B6903B11847704700BF6D
:10A950000C77012037B50B46497A0F4A71B9D2E915
:10A9600001141D7A0246002D18BF21465868FDF7D4
:10A97000D7FA08B1FFF7E6FF03B030BD0021197226
:10A980005369002BF8D00122ADF806008DF80420A1
:10A9900001A89847F0E700BF0C7701204B88028898
:10A9A0009A4213D842889A4210D380888A8840F20B
:10A9B000F313984294BF031AC31A934206D800F2C5
:10A9C000F310904234BF00200120704700207047F0
:10A9D0000388122B70B5014659D004D8102B1ED015
:10A9E000112B44D070BD502BFCD12F4BC288DB897A
:10A9F0009A42F7D1038A022BF4D186883046FFF7BA
:10AA000097FF05460028EDD001F1120000F028F96B
:10AA100038BB6868FDF7AFFA0028E3D009E0C37BD4
:10AA2000012BDFD14FF6FF70FFF782FF054620B9FB
:10AA30000420BDE87040FFF785BF1C4A8E88068061
:10AA4000002303721368C0F80A305368C0F80E3050
:10AA500010310A30FFF7A2FF134B6872DB89002B1D
:10AA6000C0D129463046BDE87040FFF773BF8088EB
:10AA7000FFF75EFF04460028B4D04068FDF77BFA7C
:10AA800008B1FFF75FFF4FF6FF732380AAE78688C0
:10AA90003046FFF74DFF05460028A3D008310A30A5
:10AAA000FFF77CFF6872DCE70C7701203C77012020
:10AAB0000AB1FDF775BEFDF77CBE73B50191019C2F
:10AAC00006466CB100252C46294601A8FDF77BFE01
:10AAD00018B106EB440301349D800135142DF3D1E8
:10AAE0003046346002B070BD2DE9F0470388848899
:10AAF000103B8CB005460A2B1FD8DFE803F0063F59
:10AB00001E1E1E1E1E1E1E604400314EB368DB4317
:10AB1000009371686846FDF782FE009901A8FFF76F
:10AB2000CCFF0DF108094FF00008019B984507D3B1
:10AB3000132C13D90420FDF7ADF80CB0BDE8F08755
:10AB400039F802AB00270137514606EB8700FDF7C5
:10AB500030FE1E2FF7D108F10108E6E71D48214617
:10AB6000FDF71EFE1C482146FDF71AFEEB7B022B6B
:10AB7000E3D11A482146FDF713FEDEE715482146CA
:10AB8000FDF717FED9E7027A15483F2A4FEA12155A
:10AB9000214694BF00220122FFF78AFF022D94BFB5
:10ABA000002201220F482146FFF782FF012D0E48A7
:10ABB00094BF002201222146FFF77AFFBDE7037A06
:10ABC000002BBAD1427A0648C2F3C0022146F3E70D
:10ABD000447701204C7701204877012050770120ED
:10ABE0005C77012058770120547701201328014613
:10ABF00002D80248FDF7E7BD0020704748770120E2
:10AC000010B50446FFF7F2FF002814BF20461420B9
:10AC100010BD70B50546164608460AB90E2070BD2F
:10AC200000231360002DF9D02B68002BF6D0EB88A1
:10AC300013F003040ED1FFF7E3FFC0B214280BD0CA
:10AC40002B7983420AD9EB882A6800FB0320306005
:10AC50002046E4E70720E2E70520E0E70420DEE7FE
:10AC6000007800F00100704790DF7047A5DF704763
:10AC7000B5DF70477FB50023ADF80810ADF80A10B6
:10AC80006A4602A9064603930093ADF80430FFF725
:10AC9000EBFF054600B3124B124CE41AE408FEF732
:10ACA00053F9240444F0010403460F493246204678
:10ACB000FCF78FFEBDF80020BDF8023052EA030118
:10ACC00003D00A492046FCF784FEBDF804201AB1DF
:10ACD00007492046FCF774FE284604B070BD00BF4B
:10ACE00098CE0200E8CE0200D0D602001AD70200A9
:10ACF00059D7020013B5034680880C46A0B91A88BC
:10AD0000242A75D012D8112A51D0232A7DD0102A96
:10AD10003AD0A37A43B1E1880020FFF7A7FF0028CB
:10AD200079D14FF48073638102B010BD3A2A47D0C5
:10AD3000552AEED1DB88C988A072172B38BF17239C
:10AD40008B4228BF0B462381FFF792FF60B1FEF7CD
:10AD5000FBF8394B3949024639481B1ADB081B04FA
:10AD600043F00100FCF72CFEE37A002BD1D12369DC
:10AD7000002BCED040F6772200922289ADF8042035
:10AD8000694620469847C4E7DB7B09792173012B8C
:10AD900008D0022B09D0637B8B42BAD20020FFF788
:10ADA00069FFB6E72388E380F5E76388FBE7F723CD
:10ADB000CB8017230B8141F6FB3348818B81A8E7B9
:10ADC0005B89CA88934228BF1346172B0A6938BF8C
:10ADD00017230B814AB1C97A39B140F67721009126
:10ADE000ADF804306946204690470023638190E720
:10ADF0001A7A0B694A73002B8BD04DF67A218DF8A5
:10AE0000050000918DF80420BAE7197A237B994256
:10AE100028BF1946C3E7112886D0FEF795F8064BE0
:10AE20000849024606481B1ADB081B0443F00100D0
:10AE3000FCF7C6FD78E700BFE8CE0200AFD70200FE
:10AE400098CE0200DED70200B0DF704766DF7047A1
:10AE500010B5002104464088FFF7F8FF034608B903
:10AE6000237210BD112801D10123F9E76368BDE801
:10AE700010401847F0B5054685B00C46F1B1E8B171
:10AE80000B78DE2B1AD182884B889A4204D10B7A38
:10AE900013B10846FFF7DCFF2B88112B32D0512B62
:10AEA0000ED0012B0AD12B7A012B07D1A9886288F9
:10AEB000914203D123722046FFF7CAFF05B0F0BDCF
:10AEC000AE886388B342F9D1AF79022FF6D1AD7B5A
:10AED0002B1F022BF2D800211022684601F004FC3F
:10AEE000052D14BF4FF4C0730023694630468DF81A
:10AEF0000070ADF80430FFF7A7FF0028DED06368CC
:10AF00009847DBE76388AA889A4204BF4FF6FF732D
:10AF10006380D3E7ADDF7047AEDF704770B505469D
:10AF20008AB00C46002962D0002860D00388502BDC
:10AF300037D0572B72D0102B59D1818860690026E9
:10AF400001AA0196FFF765FE082231460DEB0200CB
:10AF500001F0CAFB02232189A888CDF80CD002AAEF
:10AF60000293FFF7D7FF002841D1A369002B3ED001
:10AF70000398FFF775FE002839D0019B0BB1012221
:10AF80001A701822002104A801F0AEFB02238DF8EC
:10AF90001030AB88ADF81830019B05940793A36976
:10AFA00023E08188606902AAFFF733FE182200219E
:10AFB00004A801F099FBAB882189ADF81830EB8823
:10AFC000029A05949942079218D12E8A022E15D121
:10AFD0006AB105F11200FFF743FE029B48B101225E
:10AFE0001A708DF81060A3690BB104A898470AB0D5
:10AFF00070BD187003238DF81030F4E7A2899A42CF
:10B00000F5D1A369002BF2D000228DF8102005F1B4
:10B01000120208922A8AADF82420E6E78188606946
:10B0200002AAFFF7F6FD01460028E0D1029B1B783B
:10B03000002BDCD0A369002BD9D0182204A801F082
:10B0400053FB01238DF81030AB88ADF81830059410
:10B05000029BA3E7F0B50F4687B016461C4605468F
:10B0600018B3406901AA1946FFF7D3FDD8B94FF6C6
:10B07000FF739C421BD0019BCBB11B78CBB13388B3
:10B08000F42B18D80146102202A801F02DFBAB8842
:10B09000ADF8083002A901232046CDE904678DF8F8
:10B0A0000A30FFF739FF07B0F0BD0E20FBE705209F
:10B0B000F9E70820F7E70720F5E70000014B1878CB
:10B0C000704700BFC077012007B508496846FDF703
:10B0D000E0FE019B13B903B05DF804FBD3E9002047
:10B0E00090476846FDF7DFFEF3E700BF2CD802006B
:10B0F000FFF7EABF61DF704730B5114DADF5017D57
:10B100004FF4FA740DF1020103A8ADF80240FFF705
:10B11000F1FF70B9294601A8FDF7BBFE029B002B89
:10B12000F0D003A8D3E90021904701A8FDF7BBFEAA
:10B13000F4E7052801D0FCF7ADFD0DF5017D30BD2C
:10B1400044D80200024B1B780BB1FFF7D5BF704704
:10B15000C17701204BDF70471FB50D4C01A8FFF7E9
:10B16000F9FF70B9214602A8FDF793FE039B002B5F
:10B17000F4D00198D3E90021904702A8FDF793FE8F
:10B18000F4E7052801D0FCF785FD04B010BD00BF31
:10B190005CD802002DE9F3418E0804460D4600EB11
:10B1A00086060027B44208D105F003052544002394
:10B1B000AC421CD102B0BDE8F08104220DEB0200CC
:10B1C000214601F068FA019A02F0803304F1040884
:10B1D0004FEAF313C7FA13F322EA030304222046CB
:10B1E0000DEB02010193444601F055FADAE794F9B8
:10B1F0000020002AB8BF23700134D9E72DE9F04FB1
:10B200002DED048B9DB008EE103ABDF8A830BDF8C6
:10B21000B460DDF8CCA00B9008EE903ABDF8AC30ED
:10B220000893BDF8B0300593BDF8BC300993BDF864
:10B23000C0300793BDF8C8300C9318EE903A02F076
:10B24000030503F001031D430491934640F06A8215
:10B25000089B5343089A1293534315930AEB8303B5
:10B260000A9312FB02F313FB0BF39BB209EE103AA5
:10B270004FEA4B030693059B5B429BB20D930F93E2
:10B280005446059B0FFA85F999456CDABDF93C30B7
:10B29000059A1693089BDDF834809B1A109306FBE1
:10B2A0000933149300230E9326E00FFA88F31793C3
:10B2B000109B169F06FB09331393149B9F4226DBBA
:10B2C0000A9BA34212D1319B03932E9B0293079BAF
:10B2D0000193099B009318EE902A19EE103A18EE8C
:10B2E000100A514600F0DEFC544631900E9BB044EB
:10B2F00001330E931FFA88F8BDF938900C9B9945DD
:10B30000D3DB0F9B33449BB201350F93B9E7049B0A
:10B31000DDF85C907B431193139B994502DB013769
:10B320003FB2CAE7002F07DB049BBB4204DDB9F143
:10B33000000F01DB4B450BDC069A0021204601F093
:10B34000D3F9069B1C4409F101030FFA83F9E3E7E3
:10B35000119B03EB09000B9B5A4621460BFB003067
:10B3600000F0B7FEEDE7129B5B001893059B15FB01
:10B3700006F5ED1AABB2059A10930C9B9B1A9945F2
:10B380001493C0F2F78019FB06F5AD1A0C9B4B45E0
:10B39000ADB240F35A812BB2059A1393089BDDF8A6
:10B3A00034809B1A0F9306FB0933129300230E93EC
:10B3B00016E10FFA88F319930E9B06FB0533119DD6
:10B3C00017930F9B9D4233DB0A9BA34212D1319B03
:10B3D00003932E9B0293079B0193099B009318EE06
:10B3E000902A19EE103A18EE100A514600F05AFC55
:10B3F00054463190139BB044013313931FFA88F8DD
:10B40000BDF94C50059BAB42D3DC149B9D4232DB13
:10B41000059B15FB06F7FF1A0C9B9D42BFB25ADB3A
:10B4200009F101030FFA83F9109B33441D46A1E78C
:10B43000049B199F6B431693179B9F4202DB6B1C67
:10B440001DB2BEE7002F02DB049BBB4209DC069A5B
:10B450000021204601F048F9069B01371C443FB209
:10B46000EAE7169BD8190B9B5A4621460BFB003086
:10B4700000F02FFEF0E7119F06FB05F80F9BBB4283
:10B4800018DC0A9BA34212D1319B03932E9B02939B
:10B49000079B0193099B009318EE902A19EE103A2E
:10B4A00018EE100A514600F0FDFB5446319001356C
:10B4B0002DB2AAE7049B129A07FB0380059BC01AD2
:10B4C0000B9B21460BFB003000F003FE189B01375D
:10B4D0001C443FB2D2E73BB216930E9B06FB0533EA
:10B4E0001493119B0F9A9A4219DC0A9BA34212D122
:10B4F000319B03932E9B0293079B0193099B00931F
:10B5000018EE902A19EE103A18EE100A514600F083
:10B51000C9FB5446319001352DB237447CE7049A7B
:10B52000DDF858805A431392149A904502DB013398
:10B530001BB2D7E7B8F1000F02DB049A42450DDCDD
:10B54000069A17930021204601F0CEF8069A179B21
:10B5500008F1010814440FFA88F8E5E71793139BE4
:10B5600003EB08000B9B5A4621460BFB003000F012
:10B57000B0FDEBE7BDF94030059A1193089BDDF86B
:10B5800034809B1A0E9306FB09330F930023139309
:10B5900036E70FFA88F214920F9A139F06FB0323E3
:10B5A0001193129B9F4226DB0A9BA34212D1319B2F
:10B5B00003932E9B0293079B0193099B009318EE24
:10B5C000902A19EE103A18EE100A514600F06AFB64
:10B5D000544631900E9BB04401330E931FFA88F805
:10B5E000BDF938300C9A9A42D3DC09F101030FFA05
:10B5F00083F93544CAE6049B7B431093149B119A4C
:10B60000934202DB01373FB2CBE7002F06DB049AFF
:10B61000BA4203DD002B01DB9A420BDC069A16933B
:10B620000021204601F060F8169B069A013314446D
:10B630001BB2E4E7109A1693D0180B9B5A4621468A
:10B640000BFB003000F045FDEEE7544505D100202E
:10B650001DB0BDEC048BBDE8F08F079A0123934029
:10B660005B08059319EE103A03F00305159B18EEDD
:10B67000101AC3F38F0205EB820301EB82070AEB7A
:10B68000C2020492002618EE902AB242DFDD2E9A02
:10B690009457099A9440059A18EE108A1444D1469A
:10B6A00047453A4611D104997819824233D118EEB0
:10B6B000102A1A4408EE102A079A1441319A04F30A
:10B6C00007041F4494550136DDE7414604221BA8B8
:10B6D000089300F0E0FF1B9A08F104084FEA3221BA
:10B6E0002FFA81FB2FFA82F3042249461BA8069306
:10B6F00000F0D1FF1B9A069B23FB0244042209EBB6
:10B7000002011BA800F0C7FF09F108091B9A2BFBD7
:10B710000244089BC4E712F901CB31F802EB1EFB8F
:10B720000C44C2E76FF0020092E72DE9F04F9BB0A6
:10B73000032A0593BDF890300D93BDF898300E9311
:10B74000BDF8A4300F93BDF8A8300993BDF8B03010
:10B75000BDF89490BDF89CA017900891109340F00C
:10B76000FE802D9A09FB09FB0C2319FB09F803FB4A
:10B770000B2308EB480814931FFA88F30B930E9BD6
:10B780005B429BB20C93079300230693BDF91830DC
:10B7900010998B4271DABDF91C1015910E990C9F0E
:10B7A000A9EB01010AFB03130A9113934FF0000860
:10B7B00020E039B216910A99159C0AFB03131293E3
:10B7C000139B9C4223DB149B93420FD12B9B03932F
:10B7D000289B0293099B01930F9B0D9A00932D992F
:10B7E0000B9B059800F0BEF82D9A2B90574408F15A
:10B7F0000108BFB210990FFA88F38B42D9DB069B80
:10B8000001330693079B53449BB20793BEE7089B03
:10B81000169D634311931646002312998D423246BA
:10B8200002DB013424B2CBE7002C06DB089AA242EB
:10B8300003DD002D01DBAA4205DC3360B380013556
:10B840002DB20636E9E7119B5919179B01EB41010F
:10B850000422194419A800F01EFF199A2FFA82F148
:10B860004FEA32222FFA82F23180090C92B2090497
:10B870000A43C6F802200023E1E72D9B934203D13F
:10B8800000201BB0BDE8F08F099A05990123934071
:10B890005B080BEB4B02C2F38F0206930B9B01EB91
:10B8A00082072D9903F0030808EB820301EBC20223
:10B8B000079200260D9AB242E2DD289ADDF8B4A084
:10B8C00094570F9ADDF814909440069A1444B945A1
:10B8D0003A4610D1079907EB0800824238D1059A01
:10B8E0001A440592099A14412B9A04F307041F4441
:10B8F00094550136DEE74946042219A8089300F062
:10B90000CAFE199D09F104094FEA35222FFA82F285
:10B910002FFA85F54FEA124B4FEA0B4B4BEA154BCA
:10B92000ADB245EA02455146042219A800F0B3FE23
:10B93000199A25FB024404220AEB020119A800F01F
:10B94000AAFE0AF1080A199A2BFB0244089BBEE7DB
:10B9500012F9015B31F802CB1CFB0544BDE76FF027
:10B9600002008EE72DE9F04F9DB001240093BDF851
:10B9700098300F93BDF89C300193299B0992134492
:10B98000109353080393009B0E9001EB4303029323
:10B99000019B9C4063080A93289B02330693299BD2
:10B9A00002330793109B02330893009B03F00303B9
:10B9B0001693009B9B089A008B4617921699009A43
:10B9C000561806EB83020D920BEBC3020592029A06
:10B9D00000EB830A02EBC3031593039B0B9306460C
:10B9E0000B9B002B38D1DDE90D21039B02FB0316D5
:10B9F000299B039A03EB4208099BDB0726D5289B6A
:10BA000013F912400F9B9C400A9B1C442546B146EB
:10BA1000059B9B4540F0F880179B1E44009B00222D
:10BA200003F003039A4240F03081019B039A1C41CA
:10BA3000299B04F3070403F81240019B1D41109B4E
:10BA400005F3070503F8125008F10108099B434468
:10BA500018461DB0BDE8F08F009BDDF808901896E1
:10BA6000F3180C93069B13F9025C0F9B9D400A9BF5
:10BA70001D44069B13F9014C0F9B9C400A9B1C44E0
:10BA8000D84604942B46059A90453CD10099169FC0
:10BA9000159801EB0A0605990C9152460AEB070925
:10BAA0004A4540F09C80019A049E1541079A05F38F
:10BAB000070502F8025C019A1441079A04F307048F
:10BAC00002F8014C019A43FA02F7089B07F30707B3
:10BAD00003F8027C089B16410D9A06F3070603F84B
:10BAE000016C189B13441E460B9B013B9BB20B93AE
:10BAF000069B02330693079B02330793089B02338E
:10BB0000089392446CE7414604221BA8199300F065
:10BB1000C2FD1B9B1493494604221BA800F0BBFDE9
:10BB20001B9B1393314604221BA800F0B4FD1B9FFE
:10BB300004364FEA37222FFA82F22FFA87F7110CD8
:10BB4000090441EA1743BFB20C99129347EA02472E
:10BB50001BA8042200F09FFD0C9B1B9A04330C933E
:10BB60004FEA32212FFA81F12FFA82F2080C0004F9
:10BB700040EA124392B2119342EA0142149B27FB1E
:10BB80000355139B1946199B27FB0137149B22FB76
:10BB9000034314930B46049922FB0313042208EB7E
:10BBA00002011BA8049300F076FD042209EB0201B8
:10BBB0001BA81B9C08F1080800F06DFD09F108099D
:10BBC0001B9A129B23FB045523FB027311991498B3
:10BBD00021FB0404049821FB0202049253E70C9910
:10BBE00016F9017B31F902EB30F902CB0C91049983
:10BBF00012F9018B1EFB07441CFB07171EFB08559F
:10BC00001CFB083304974BE7594604221BA800F09D
:10BC100042FD1B9B0299049304221BA800F03BFDEC
:10BC2000494604221BA8DDF86CA000F034FD1B9BE4
:10BC300009F104094FEA33222FFA82F22FFA83F333
:10BC4000170C3F0447EA13479BB243EA0243049AA6
:10BC500023FB024423FB0A5504220BEB02011BA821
:10BC600000F019FD029BDDF86CA0042299181BA8B6
:10BC700000F011FD029B08330BF1080B029327FB28
:10BC80000A441B9B27FB0355C2E60598B15630F8C2
:10BC9000120010FB0144159830F81200013210FB1D
:10BCA0000155BFE62DE9F04F99B09B46BDF88830AD
:10BCB0001093BDF88C300493259B059213440A938E
:10BCC00001EB4B030893049B0791012202FA03F353
:10BCD000D34009930BF003030E930E9903924FEA9E
:10BCE0009B03594401EB83010F9100EB8301029107
:10BCF000079901EBC3010D91089901EBC3030646B7
:10BD000013934FF0000A059B534508DC581C40086C
:10BD100003EB4000259B184419B0BDE8F08F06EBFB
:10BD20000B030693249B039A13F90A50109B149655
:10BD30009D40099B1D44249B9C56109B9C40099B45
:10BD4000DDE907891C4401942B460D9A904534D1B6
:10BD5000029A0E9F0D99139806910BEB020602EBC7
:10BD600007094A4540F08780049A0399019E1541CE
:10BD7000259A05F3070502F80A50049A1441259AFA
:10BD800004F307045454049A43FA02F70A9B07F396
:10BD9000070703F80A700A9B16410F9A06F3070675
:10BDA0005E54149B13441E46029B134402930B469D
:10BDB00002330AF1020A0393A5E74146042217A8B9
:10BDC000159300F068FC179B0C934946042217A8B2
:10BDD00000F061FC179B0B933146042217A800F07A
:10BDE0005AFC179F04364FEA37222FFA82F3119339
:10BDF0002FFA87F70422069917A800F04CFC069B3F
:10BE0000179A043306934FEA32212FFA81F31293E3
:10BE10002FFA82F20C9B27FB03550B9B1946159BAF
:10BE200027FB01370C9B22FB03430C930B46019924
:10BE300022FB0313042208EB020117A8019300F070
:10BE40002AFC042209EB020117A8179C08F1080834
:10BE500000F021FC09F10809179A119B23FB0455F6
:10BE600023FB027312990C9821FB0404019821FB17
:10BE70000202019269E7069916F9017B31F902EB9A
:10BE800030F902CB0691019912F9018B1EFB074490
:10BE90001CFB07171EFB08551CFB0833019760E7C6
:10BEA0002DE9F04F8FB00D460993BDF86030039334
:10BEB000BDF864300093099B02929B08009A079397
:10BEC000012393405B0801931A9B059003F1080836
:10BED0001B9B03F10809029B5B0800EB83021B011B
:10BEE0000A93079B08920693069B23BB079A1B9B0A
:10BEF00003EBC2081A9B03EBC2030493029B9E0848
:10BF00004FEA430B099B03F0030308EB430306933B
:10BF1000059B05EBC60903EBC606029B03F0030273
:10BF200006EB42030293069B984540F08B8000206D
:10BF30000FB0BDE8F08F039A38F9083C38F9067C59
:10BF400038F9046C38F9024C9340019A03EB020B68
:10BF5000039B9F40039B9E40039B9C40059B174473
:10BF600016441444AA46089A934235D10A9B1D44AC
:10BF7000029BDB0710D5B2F900302A4632F8081BC5
:10BF800013FB01BB698813FB0177A98813FB0166CA
:10BF9000E988154613FB0144009B4BFA03F303F3B6
:10BFA0000F0329F8083C009B1F411E411C41069BC2
:10BFB00007F30F07013B9BB229F8067C06F30F0637
:10BFC00004F30F0429F8046C29F8024C069308F1D5
:10BFD000080809F1080987E7194604220DA8049307
:10BFE00000F059FB049B04330B9304220D9B049334
:10BFF00051460DA800F04FFB0D9A049B23FB02BB9A
:10C0000004220AEB02010DA800F045FB0D9A049BE7
:10C0100023FB027704220AF108010DA800F03BFB84
:10C020000D9A049B23FB026604220AF10C010DA861
:10C0300000F031FB0AF1100A0D9A049B23FB024425
:10C040000B9B90E7049BDDF814A033F9024B04939B
:10C05000039B9C40019B2F461C444F454A460CD1F4
:10C060003346029999422DD1009B5D441C41D9442D
:10C0700004F30F0428F8024B55E7394604220DA8B3
:10C0800000F009FB0D9B0793042251460DA800F018
:10C0900002FB0D9A079B22FB03440422B9180DA84A
:10C0A00000F0F9FA04220D9B07930AEB02010DA898
:10C0B00000F0F1FA08370D9A079B0AF1080A22FBF3
:10C0C0000344CAE733F8020B32F8021B10FB0144A9
:10C0D000C7E72DE9F74322F0030507460E4614464D
:10C0E0004FEA920901F108080544AF4208F1080837
:10C0F00009D104F0030406EBC9062C44A54213D170
:10C1000003B0BDE8F083042239460DEB020000F0D5
:10C11000C2FA019B04374FEA33222FFA82F22FFA38
:10C1200083F348E90432E0E715F9013B26F8023BC6
:10C13000E4E72DE9F74F4FEA92094FEA890B0446ED
:10C140000F46164600EB89098A464C4508D15F44E4
:10C1500006F0030600239E4234D103B0BDE8F08F01
:10C16000042221460DEB020000F095FA042251460C
:10C170000DEB0200019D00F08EFA019B69B25AB2EC
:10C18000A8469142B8BF62F3070845F3072143F37D
:10C1900007229142B8BF62F30F2845F3074143F3EA
:10C1A000074291424FEA2565B8BF62F317481A1655
:10C1B000B5EB236FB8BF62F31F6844F8048B0AF134
:10C1C000040AC2E7FA56E1569142B8BFE25401337D
:10C1D000C1E72DE9F04F2DED028B87B0804601932A
:10C1E000BDF848300093BDF85070BDF84C30029354
:10C1F0000E46154600230FFA83F9B14542DA06FBD5
:10C2000009F909EB060205FB028203924FF0000BCD
:10C210002BE0029A059309EB040A5443009AA21AF0
:10C220005EBF009809EB0401091A019805FB0A8A10
:10C23000024454BF05FB01815146B242B4BF009A8B
:10C24000039C0491BFBF4C44A41A0246A418504654
:10C250002A46B8BF05FB048400F0CFF90499059B7A
:10C260002944A14207D30BF1010B0FFA8BF4BC4216
:10C27000CFDB0133BFE72A46504605930491FFF711
:10C2800058FFEBE706FB05FB06FB0B83039305FB5F
:10C2900007F308EE903A17FB05F39BB208EE103A4D
:10C2A0004FF0000A0FFA8AF3BB4204DB07B0BDEC83
:10C2B000028BBDE8F08F169A07FB03F905FB0929ED
:10C2C000029A03FB02F4009BE41A019B58BF04FB93
:10C2D00006F11C4454BF05FB01814146A642C8BF7C
:10C2E000744318EE902A4846D8BF039C0491C8BFF7
:10C2F00005FB048400F081F904995944A14202D35A
:10C300000AF1010ACEE718EE102A48460491FFF719
:10C3100010FFF1E72DE9F041DFF8908005460C466B
:10C32000164600231AB2A24203F1010317DB0021D3
:10C33000A8F110070A4601200BB29C4215DCD31766
:10C340000020012100F09BF84FF0000CE64608F1B8
:10C3500001020FFA8CF18C4214DCBDE8F08135F952
:10C3600012209045B8BF9046DCE735F91330BB4248
:10C3700006DDDB1B83F30503DBB200FA03F31A448B
:10C380000131D9E735F91130BB420CDDD31A83F303
:10C390000503DBB240FA03F303F30F0326F8113071
:10C3A0000CF1010CD5E726F811E0F9E70000F0FFE9
:10C3B00053EA020C61D02DE9F04BB3FA83F51E006D
:10C3C00007BFB2FA82F502FA05F403FA05F416463D
:10C3D000C5F120051EBF22FA05F73C43203556EA79
:10C3E000044C4FEA144418BF0134A3464FF000092F
:10C3F000C846904271EB030C39D3094207BFB0FA2B
:10C4000080F700FA07F6B1FA81F701FA07F6C7F1EB
:10C4100020071EBF20FA07FC46EA0C062037B6FBB1
:10C42000FBFC7F1B103F07F01F04C4F120060CFA31
:10C4300004F42CFA06F644BF34460026202FA4BF8D
:10C440002646002454EA060C08BF012418EB040811
:10C4500049EB0609A4FB027CC01B06FB02CC04FBD3
:10C4600003CC71EB0C01904271EB030CC5D20B466F
:10C47000024649464046BDE8F08BB2FBF3F22DE997
:10C48000304081EA03040D46002906DA6FEA000015
:10C490006FEA0101013041F10001002B06DA6FEA79
:10C4A00002026FEA0303013243F10003FFF780FF4A
:10C4B000002C06DA6FEA00006FEA0101013041F159
:10C4C0000001002D06DA6FEA02026FEA030301326F
:10C4D00043F1000330BD00007F2805D8034B185CF2
:10C4E000034B5B5C184070470020704774D8020013
:10C4F000F4D80200A0F16103192B98BF20387047CF
:10C50000A0F14103192B98BF203070477F2805D830
:10C51000034B185C034B5B5C18407047002070476E
:10C5200074D80200F4D80200A0F16103192B98BF5F
:10C5300020387047A0F14103192B98BF2030704775
:10C540007F299ABF017001206FF02E0070475AB109
:10C550000A787F2A0AD800B1026000211960596068
:10C56000501A18BF01207047002070476FF02E004E
:10C57000704738B504460846A26842B1236861682E
:10C580005D1C8D4208BF00208B4208D2D054E36866
:10C590002BB121686268914201D2214698472368F5
:10C5A0000133236038BD70B54C1E09D41646C5B2A0
:10C5B00029463046FFF7DDFF013CB4F1FF3FF7D1DC
:10C5C00070BD10F0100F08D108B510F4007F14BF33
:10C5D00030202020FFF7E7FF08BD704708B5034B68
:10C5E0005B689B681B68984708BD00BFF0B80020D7
:10C5F00008B50921FFF7F2FF08BD10B414468842C0
:10C600000BD98B1882182CB113F8014D02F8014D8B
:10C610009942F9D15DF8044B70478842FAD0002A5C
:10C62000F8D0431E0C4411F8012B03F8012FA1424E
:10C63000F9D1EFE70FB410B586B008AB53F8044B4F
:10C640000593002303936FF000430293084B049378
:10C6500000F0EAFB059A214601A800F0CBF8044659
:10C6600000F0E3FB204606B0BDE8104004B0704780
:10C670005D8F0200037853B159B10144034613F8AA
:10C68000012F12B18B42FAD10B46181A704703469C
:10C69000FBE70346F9E7844640EA010313F0030F82
:10C6A00018D18446202A0BD32DE9F007B1E8F8070A
:10C6B000A0E8F807A2F12002202AF7D2BDE8F0078F
:10C6C000042A07D351F8043B40F8043BA2F10402CA
:10C6D000042AF7D2002A05D011F8013B00F8013BEB
:10C6E000013AF9D1604670478446002A2DD010F0F7
:10C6F000030F04D000F8011B013A26D0F7E7C9B2B6
:10C7000041EA012141EA0141202A12D3A2F120028B
:10C710002DE9F0030B460C460D460E460F468846A3
:10C720008946A0E8FA03203AFBD2BDE8F0032032A4
:10C730000BD0042A05D340F8041B043A05D0042A80
:10C74000F9D200F8011B013AFBD16046704702465E
:10C7500010F0030F16D111F0030F13D12DE9F000E3
:10C760004FF001374FF0803351F8044BA4EB07052D
:10C7700025EA04051D4002D142F8044BF4E7A1F17B
:10C780000401F0BC11F8013B02F8013B002BF9D188
:10C79000704700F1010110F0030F11D010F8012BC8
:10C7A000002A23D010F0030F0AD010F8012B002A22
:10C7B0001CD010F0030F03D010F8012B002A15D065
:10C7C0002DE970004FF001324FF0803350F8044BE8
:10C7D000A4EB020525EA04051D4000D1F6E7A0F10F
:10C7E000040070BC10F8012B002AFBD1A0EB010063
:10C7F000704700002DE9F04F89B0074603920023EF
:10C8000003600C4614F8011B002900F0FA82DFF8DF
:10C8100014B5E9E2002507E05E2868D145F48055AB
:10C8200001E045F040051C46234613F8010B302873
:10C83000F2D81F2837D9A0F12002102A33D801A13D
:10C8400051F822F023C80200A7C80200A7C80200BE
:10C8500089C80200A7C80200A7C80200A7C8020032
:10C860008FC80200A7C80200A7C80200A7C802001C
:10C8700095C80200A7C802009BC80200A7C8020012
:10C88000A7C80200A1C8020045F08005CBE745F427
:10C890000045C8E745F02005C5E745F01005C2E7AB
:10C8A00045F40075BFE72A2821D1039A111D039191
:10C8B000D2F800A0BAF1000FBCBFCAF1000A45F0DF
:10C8C00010051878A31C2AEAEA7A2E2826D000211F
:10C8D000742847D07A2845D06C2800F0A8804C28CE
:10C8E00000F0AB80682800F0B8801C463DE0A0F165
:10C8F0003002D2B2092A88BF4FF0000AE3D84FF0C5
:10C90000000A0AEB8A0A303800EB4A0A13F8010BD6
:10C91000A0F13002D2B2092AF3D9D4E718782A2834
:10C920000AD1039A111D0391116858780233002926
:10C93000CEDB45F48075CBE70133A0F13002D2B2F3
:10C94000092A88BF0021F4D8002101EB8101303889
:10C9500000EB410113F8010BA0F13002D2B2092A19
:10C96000F3D9E4E71C4614F8010B002800F05582C7
:10C97000A0F12503DBB2532B62D8A0F12503532B82
:10C980005ED8DFE813F076005D005D005D005D00BD
:10C990005D005D005D005D005D005D005D005D00AF
:10C9A0005D005D005D005D005D005D005D005D009F
:10C9B0005D005D005D005D005D005D005D005D008F
:10C9C0005D005D005D005D005D005D005D005D007F
:10C9D0005D005D005D005D005D005D005D005D006F
:10C9E0005D005D005D005D005D005D00EB005D00D1
:10C9F0005D005D005D005D005D005D005D005D004F
:10CA00005D007B0020015D005D005D005D00200198
:10CA10005D005D005D005D0095000E01D1005D00D0
:10CA20005D00A6005D0019015D005D00ED001C4683
:10CA300014F8010B45F0010597E745F001051C4688
:10CA4000B44B1E68002E00F0CC8103AB0193009123
:10CA500053462A463946B047C3E11878682803D0C0
:10CA60005C1C45F0040580E745F008059C1C5878DF
:10CA70007BE725213846FFF77CFDB2E1039B1A1DB9
:10CA800003921E780AF1FF3A3A4651462846FFF7CC
:10CA900098FD31463846FFF76CFDA94619F0100F96
:10CAA00000F09F813A4651462020FFF77CFD98E137
:10CAB00015F0080F06D03A68039B191D03911B68F7
:10CAC0001A708EE1039B1A1D03921B683A681A6064
:10CAD00087E1039B1A1D0392D3F800808E4BB8F1B7
:10CAE000000F08BF9846464625F4007915F4807F6C
:10CAF00015D04046FFF7BEFD0546AAEB050A3A46AB
:10CB000051464846FFF75DFD002DC7D0454416F855
:10CB1000011B3846FFF72DFDB542F8D1BEE7404670
:10CB2000FFF737FE0546E8E7039B1A1D03921B68D3
:10CB300015F0800F0CBF0026232645F480750821D0
:10CB40001A46002B00F0298105AB4FF0000805F4D0
:10CB5000005CA64660468C460146D1E045F400558F
:10CB600015F0800F1BD043F2780643F25803782863
:10CB700018BF1E4615F4807F01D025F4007515F40A
:10CB8000804F32D0039B1A1D03921B6815F0040FCF
:10CB90001FD01BB2002B20DA5B422D262DE0002691
:10CBA000E8E715F0800F0CBF0026302615F4807FD3
:10CBB000E5D025F40075E2E715F4807F07D025F471
:10CBC00000750026DBE745F480450026D7E7002600
:10CBD000D5E715F0080FDDD0DBB215F0200F60D1DE
:10CBE00015F0400F18BF202607E0039B1A1D039283
:10CBF0001B6815F0040F4FD09BB215F4807F14BF53
:10CC000025F4007501215838202800F2AE8001A2D9
:10CC100052F820F041CB02006BCD02006BCD020038
:10CC20006BCD02006BCD02006BCD02006BCD02001C
:10CC30006BCD02006BCD02006BCD02006BCD02000C
:10CC40006BCD0200CFCC02006BCD02006BCD020099
:10CC50006BCD02006BCD0200CFCC02006BCD020089
:10CC60006BCD02006BCD02006BCD02006BCD0200DC
:10CC7000A7CC020041CB02006BCD02006BCD0200BD
:10CC80006BCD02006BCD0200CFCC02006BCD020059
:10CC90006BCD020041CB020015F0080FADD0DBB226
:10CCA000ABE72B26A9E71A464FF00008002B5ED011
:10CCB00005A84FF0000803F00703303300F8013BEC
:10CCC00008F10108D2081346002AF4D14FE01846B3
:10CCD0004FF00008002B4AD04FF0000805F4004E3A
:10CCE0004FF02C0973468E4619462FE002F00F00D4
:10CCF0000A4C205C03F8010B08F10108120906D068
:10CD00000029F3D002F00F00054C205CF2E77446D6
:10CD100061462CE0C4770120C8DA0200A8DA0200DC
:10CD2000B8DA0200CDCCCCCC08AB03EB080CABFBE3
:10CD30000032D20802EB8203A0EB430330330CF83D
:10CD40000C3C08F1010809280DD910460029EBD048
:10CD500008F00303032BE7D108AB434403F80C9C12
:10CD600008F10108E0E7714601E04FF00008A1EB8F
:10CD7000080121EAE179AAEB090AAAEB080AFF2EC9
:10CD80000ED9AAF1020AC6F307213846FFF7F1FBD4
:10CD9000F1B23846FFF7EDFB04E04FF00008E6E79C
:10CDA000002E3DD13A4651462846FFF70AFC3A4646
:10CDB00049463020FFF7F7FBB8F1000F0EDD0DF10B
:10CDC000140908F1FF38C84498F800104646384660
:10CDD000FFF7CFFBC14508F1FF38F5D115F0100F73
:10CDE00009D114F8011B61B125293FF413AD384670
:10CDF000FFF7BFFBF5E73A4651462020FFF7D3FB8C
:10CE0000EFE7BB682BB13A6879688A423CBF0021E2
:10CE10009954386809B0BDE8F08F4FF0FF30F9E75A
:0CCE20000AF1FF3AB4E700BF704770470A
:08CE2C00E1910200000000008A
:10CE3400E9AA020000000000D9A0020000000000DE
:10CE4400C5A8020020CE0020F5AC020054D2002078
:10CE5400D1A902000000000075AE02006CD20020CF
:08CE64001DAF0200CCB8002054
:08CE6C007D92020000000000AD
:10CE740045B102000000000059B1020000000000AA
:10CE840048B9002010BA002018BA002050B9002078
:04CE94001800000082
:10CE980002D602000000000008D6020000000000D0
:10CEA8000FD602000000000013D6020000000000A8
:10CEB80018D602000000000065CF0200000003033E
:10CEC8003CD002000000000060D00200000000001A
:10CED8001CD8020000000000FCD502000000000081
:10CEE8000FD802000000030324D802000000030347
:10CEF80038D802000000030350D8020000000303E2
:10CF0800E6D0020000000000EFD0020000000000A0
:10CF180038CF02000000000044CF0200E82A0020B9
:10CF280000000000000000000338FDD87047000032
:10CF3800D573020041740200D17302007274745FE9
:10CF48006C6F675F6261636B656E64004261636BFF
:10CF5800656E647320666C757368656400617070D3
:10CF68000000000038BE00207F000000B8BE00208E
:10CF78001B5B306D002573001B5B313B33316D004B
:10CF880025734C6F67732064726F70706564202816
:10CF980025642925730D0A003C25733E2025733A24
:10CFA8002000202530327800202020007C002563D6
:10CFB800001B5B313B33306D001B5B313B33326D03
:10CFC800001B5B313B33336D001B5B313B33346DEE
:10CFD800001B5B313B33356D001B5B313B33366DDA
:10CFE800001B5B313B33376D007761726E696E678A
:10CFF80000696E666F0064656275670078CF02002D
:10D00800B9CF020080CF0200C1CF0200C9CF020011
:10D01800D1CF0200D9CF0200E1CF0200E9CF020050
:10D02800000000004DD00200F1CF0200F9CF02004D
:10D03800FECF02006170705F627574746F6E004697
:10D048006174616C206572726F72005379737465D4
:10D058006D207265736574006170705F74696D65C9
:10D06800720001000600000000000000D0BE002091
:10D07800857D0200FFFFFFFFFFFFFFFFFFFFFFFFB0
:10D08800FFFFFFFF00000000000000000000D601C5
:10D098000601000052544320696E7374616E636523
:10D0A80020616C726561647920696E697469616C6C
:10D0B800697A65642E005254433A20696E6974692E
:10D0C800616C697A65642E000338FDD87047303189
:10D0D8003233343536373839414243444546707720
:10D0E800725F6D676D7400736F72746C697374002E
:10D0F8004E52465F53554343455353004E52465F85
:10D108004552524F525F5356435F48414E444C4537
:10D11800525F4D495353494E47004E52465F455260
:10D12800524F525F534F46544445564943455F4E0C
:10D138004F545F454E41424C4544004E52465F4570
:10D1480052524F525F494E5445524E414C004E5236
:10D15800465F4552524F525F4E4F5F4D454D004E10
:10D1680052465F4552524F525F4E4F545F464F559D
:10D178004E44004E52465F4552524F525F4E4F54F6
:10D188005F535550504F52544544004E52465F45E8
:10D1980052524F525F494E56414C49445F5041529A
:10D1A800414D004E52465F4552524F525F494E56CE
:10D1B800414C49445F5354415445004E52465F45E3
:10D1C80052524F525F494E56414C49445F4C454E6E
:10D1D800475448004E52465F4552524F525F494E9F
:10D1E80056414C49445F464C414753004E52465FB6
:10D1F8004552524F525F494E56414C49445F444153
:10D208005441004E52465F4552524F525F4441547A
:10D21800415F53495A45004E52465F4552524F525C
:10D228005F54494D454F5554004E52465F45525242
:10D238004F525F4E554C4C004E52465F4552524F2E
:10D24800525F464F5242494444454E004E52465F53
:10D258004552524F525F494E56414C49445F4144F2
:10D268004452004E52465F4552524F525F42555308
:10D2780059004E52465F4552524F525F434F4E4EF1
:10D288005F434F554E54004E52465F4552524F52DF
:10D298005F5245534F5552434553004E52465F45E2
:10D2A80052524F525F4D4F44554C455F4E4F545F5D
:10D2B800494E495449414C495A4544004E52465FEB
:10D2C8004552524F525F4D555445585F494E495447
:10D2D8005F4641494C4544004E52465F4552524FC5
:10D2E800525F4D555445585F4C4F434B5F4641493B
:10D2F8004C4544004E52465F4552524F525F4D5581
:10D308005445585F554E4C4F434B5F4641494C4539
:10D3180044004E52465F4552524F525F4D55544558
:10D32800585F434F4E445F494E49545F4641494C0C
:10D338004544004E52465F4552524F525F4D4F444E
:10D34800554C455F414C52454144595F494E4954FB
:10D3580049414C495A4544004E52465F4552524F46
:10D36800525F53544F524147455F46554C4C004E0F
:10D3780052465F4552524F525F4150495F4E4F549B
:10D388005F494D504C454D454E544544004E52461C
:10D398005F4552524F525F464541545552455F4E84
:10D3A8004F545F454E41424C4544004E52465F45FE
:10D3B80052524F525F494F5F50454E44494E4700C5
:10D3C8004E52465F4552524F525F4452565F545731
:10D3D800495F4552525F4F56455252554E004E5284
:10D3E800465F4552524F525F4452565F5457495F09
:10D3F8004552525F414E41434B004E52465F4552A3
:10D40800524F525F4452565F5457495F4552525FDC
:10D41800444E41434B004E52465F4552524F525F75
:10D42800424C455F495053505F52585F504B545FD0
:10D438005452554E4341544544004E52465F45525E
:10D44800524F525F424C455F495053505F434841E9
:10D458004E4E454C5F414C52454144595F455849F1
:10D46800535453004E52465F4552524F525F424CFE
:10D47800455F495053505F4C494E4B5F44495343B5
:10D488004F4E4E4543544544004E52465F45525216
:10D498004F525F424C455F495053505F504545528B
:10D4A8005F52454A454354454400556E6B6E6F774D
:10D4B8006E206572726F7220636F646500000000F1
:10D4C80000000000F8D002000100000004D10200B2
:10D4D8000200000022D102000300000043D1020034
:10D4E8000400000056D102000500000067D10200C8
:10D4F800060000007BD102000700000093D1020063
:10D5080008000000ABD1020009000000C3D10200EE
:10D518000A000000DCD102000B000000F4D1020078
:10D528000C0000000BD202000D0000001FD2020008
:10D538000E00000031D202000F00000040D20200AD
:10D548001000000054D20200110000006BD202004B
:10D55800120000007AD20200130000008FD20200ED
:10D5680080000000A3D2020081000000C4D20200A3
:10D5780082000000E0D2020083000000FCD202001A
:10D58800840000001AD30200850000003BD302008B
:10D598008600000060D302009000000077D30200EC
:10D5A8009100000095D3020092000000B3D302005E
:10D5B80000820000C8D3020001820000E6D3020006
:10D5C8000282000002D40200008400001ED402007F
:10D5D8000184000042D40200028400006CD40200DE
:10D5E8000384000091D40200000000000101010042
:10D5F80000000000636C6F636B00434C4F434B00AB
:10D608004750494F54450050525300554152540019
:10D618005541525445000D4170706C6963617469DD
:10D628006F6E20737461727465642E0D0A007072D7
:10D638006570726F63657373696E6720646F6E657A
:10D648000D0A00636F6E766F6C76696E6720646F83
:10D658006E650D0A0072656C7520646F6E650D0A43
:10D66800006D6178706F6F6C20646F6E650D0A00D5
:10D678007131356F707420666320646F6E650D0AB2
:10D688000071313520736F66746D617820646F6E38
:10D69800650D0A0025643A2025640A000800000088
:10D6A8000600000005000000070000000000000060
:10D6B80000E0D7015465726D696E616C0052545474
:10D6C800005345474745520073645F626C655F6766
:10D6D80061705F646174615F6C656E6774685F75C3
:10D6E8007064617465282920287265717565737482
:10D6F80029206F6E20636F6E6E656374696F6E208C
:10D70800307825782072657475726E65642025738B
:10D718002E005468652072657175657374656420A0
:10D7280054582F5258207061636B6574206C656E75
:10D7380067746820697320746F6F206C6F6E672040
:10D7480062792025752F2575206F63746574732E93
:10D75800005468652072657175657374656420632B
:10D768006F6D62696E6174696F6E206F66205458C0
:10D7780020616E64205258207061636B6574206C60
:10D78800656E6774687320697320746F6F206C6F9F
:10D798006E67206279202575206D6963726F7365E5
:10D7A800636F6E64732E0073645F626C655F67619C
:10D7B8007474735F65786368616E67655F6D7475AF
:10D7C8005F7265706C7928292072657475726E6550
:10D7D800642025732E0073645F626C655F676174F3
:10D7E80074635F65786368616E67655F6D74755FA4
:10D7F8007265717565737428292072657475726E07
:10D8080065642025732E006E72665F626C655F67C3
:10D8180061747400626C655F6E7573006E72665F2A
:10D828007364680074CE020084CE02000800000011
:10D838006E72665F7364685F626C650034CE020066
:10D848006CCE0200080000006E72665F7364685F49
:10D85800736F63002CCE020034CE02000800000073
:10D8680043000000504F534958000000202020205A
:10D878002020202020682828282820202020202038
:10D888002020202020202020202020204810101098
:10D8980010101010101010101010101084848484B0
:10D8A8008484848484841010101010101081818165
:10D8B80081818101010101010101010101010101D0
:10D8C8000101010101010110101010101082828263
:10D8D80082828202020202020202020202020202A0
:10D8E8000202020202020210101010200007032098
:10D8F80004170201085710408000000068D8020091
:10D908006CD9020080DA020053756E004D6F6E000C
:10D91800547565005765640054687500467269005F
:10D9280053617400000000004A616E0046656200A1
:10D938004D617200417072004D6179004A756E0048
:10D948004A756C0041756700536570004F63740039
:10D958004E6F76004465630000000000414D0050A2
:10D968004D000000A4DA0200A0DA0200A0DA0200EA
:10D97800A0DA0200A0DA0200A0DA0200A0DA0200AF
:10D98800A0DA0200A0DA0200A0DA0200FFFFFFFF1F
:10D99800FFFFFFFFFFFFFFFFFFFF0000E0D90200CE
:10D9A80010D902001CDA020030D9020064D9020042
:10D9B800C4D9020074DA0200D0D90200256D2F25DF
:10D9C800642F257900000000256120256220256547
:10D9D800202554202559000053756E646179004D47
:10D9E8006F6E646179005475657364617900576579
:10D9F800646E6573646179005468757273646179E3
:10DA08000046726964617900536174757264617962
:10DA1800000000004A616E756172790046656272A5
:10DA280075617279004D6172636800417072696C4A
:10DA3800004D6179004A756E65004A756C79004140
:10DA480075677573740053657074656D62657200EF
:10DA58004F63746F626572004E6F76656D626572B2
:10DA680000446563656D62657200000025483A25CB
:10DA78004D3A255300000000D9C40200F5C4020045
:10DA880001C502000DC5020029C5020035C5020006
:10DA980041C502004FC50200000000002E00000032
:10DAA800303132333435363738396162636465660C
:10DAB80030313233343536373839414243444546BC
:07DAC800286E756C6C29004B
:10DAD00000000000FF0000000010014011000400E1
:10DAE0000000000000200040000000000020004076
:10DAF000000000000090D003CFEEF9ECF4F1070233
:10DB0000F6ACB8BFCBFAA9C1C0E4E4FCFDF6CCF199
:10DB1000FBF9E1D49AEDFBBFF7FF0206FC0604F522
:10DB200008F7F50AF4050F0BFFFF21E7EE2FDDE9FB
:10DB300019E5FB00FC0902FB0022E7EB37D8DF22E6
:10DB4000E0F005F902EB100EFC05030EF6F903F602
:10DB5000FEF80508E3170CE70F08F10407F00508C5
:10DB6000F3110C02FCFFFFF60906FC150B000CF686
:10DB7000F7FC0D0A0C130B1B00FB0BEBE6E4F9039F
:10DB8000F1100E1AEAE7F8E3E8E90006F30D1900D0
:10DB9000EBEEFDEBEDF30B0E040D12FC0610FFF6A1
:10DBA000F2F90C09050D08FC090AF7FC07FD070747
:10DBB000F4070300FFF902F8FB09FD06FC07F6E78E
:10DBC00007F9F90A020EFC0211F705FD07F6E70452
:10DBD000F6F8000010F90B19F20D0407F4E905F04E
:10DBE000EF08000B020D15F509FD02F7F7FDF2F540
:10DBF00001FF06FA060EFF100B0703F21506FA11D5
:10DC00000D040107FDFA02021B0DFB1200F9FAFCDC
:10DC100002E8F500EEF8061808F20BFAF8F8000C26
:10DC2000EAFE0DF1FD071D06F00AFAFCF4F90BE619
:10DC3000F203F6F8001005F8FBFB03F1FE17EFFB0B
:10DC40001101010C0A03FBF9EEF9FDFC02030604C5
:10DC50000402F911140CE9E5F1FD0306050F06FEB7
:10DC600002FB16160BE6E2EDFAFB030A0C060201B4
:10DC7000FD140E04F1E6EE00F7010E080601F9F7B7
:10DC8000080B06F6F3F5FCFC08020511F7000BF78C
:10DC9000F515060D27F9011E020C24F5FF1CFEE701
:10DCA000FA06F0FAF7DEE803EFF102ECF500F3F51F
:10DCB000190D0600F1EC1007F507FDF6FBFEFA0E54
:10DCC000160CF0FBF4071707F605FEF6FFF707152D
:10DCD00008EDFEF3021503F109FEFCFEFEF4020D51
:10DCE000ED01060010FF0508E40BFEFCF6FF15E24F
:10DCF000FC16F80E090B0EEB14F7E900FC13E4F721
:10DD00001FE2FF0C030EF51E03E803F806EAF71FF7
:10DD1000E3021AFB0B081802DC1803F7FAEF04F809
:10DD2000F80C01FF0503F40FFAFEFF000FF5EE06F5
:10DD3000EEF6060306FD03F40DF2FF2BE9FD34F0C9
:10DD4000F51CF804FA05F510FAEC20E4E826E1EAFF
:10DD500014F005F307FE0503FA11F6F816F3FB0DB0
:10DD6000000BF00EFDF20603FC0404FE02FDF705B5
:10DD70000201FEF6FAFDEFFE01ED0201F2080B0EC4
:10DD8000030701F3F302FFFDF700FBEE04001203AB
:10DD9000090FF6F80AF4EE05FDF0F600F205040EA0
:10DDA0000EFF0A10FAFE0EFFF40802EEF3FF11FE5A
:10DDB0000218FCFD1108FF0C09FAFDFEF703FEF343
:10DDC000FFFBEFFBF9F0F9F8F2F703F7FF00F3F9C7
:10DDD00004F7F903FAF8FEFCF905F9FC01F8F50A75
:10DDE00006FD0E0CFF060AFE00F4F0FDF7ED000143
:10DDF000F4090CFE010AFF0A04F80603F50B0E01F4
:10DE00000C1308031009F9FF04F5FF03010C0807C0
:10DE10000F0DFBFE04F9FB01F8FD02010A09FF08E2
:10DE200009F5F7FE00FF06F2F3FA01030A03040BFB
:10DE3000FFFB0507040AF2EFF6F4F3FAF5F2FA0134
:10DE4000FA0102FF01FBF9FDFEFC01F5F3F7F4F026
:10DE5000F4FEFFFEF7FBFCF9FD03FFFD0809FE01E0
:10DE6000080B0D050E11010A11FF031200FA00FF45
:10DE70000003040D10FF080EFC020EF0ECF2FDFD95
:10DE8000000D1519050B0EFBFE0901FB02FAF7F256
:10DE9000F9FCF8F6F7F3F6F4F407FFFEFB02F2FBE9
:10DEA00003FA010903F803FFF70200F4FCEB061183
:10DEB00008111C16FB0602F1F8F90815FD0214FB07
:10DEC000FF10F80711030006010B1A00EAFCDFDC63
:10DED000F0D8FE0E01020A050111F6F003EAEAFF8E
:10DEE000F2F70A06F907070AF805FDFCFFF9F9F948
:10DEF0000100FEF90B0905FE020C0E100C070200D2
:10DF0000F7E9F2F8E9FFF5F2F9F7F90E0B072C2320
:10DF10001322260C010309FAFC08E0E4EDD7D3DB59
:10DF2000F2EFEFF904FDFB0808031015080E18FDC9
:10DF3000FB06F5F1EEF8F4F4FAF2F809FA01100331
:10DF40000B0303F8FB00FAF3F3F3FAF1F106FBFC21
:10DF5000091005010E05FC07FFF4F5EE00FAF405C3
:10DF60000E00FF0D02021206F7FCF000FDEF040C9C
:10DF700000FF0D02001006FA01F7FBF8ED12FFFC9E
:10DF800010FEFA12FFFC09FC01F4F3FC09FDF70690
:10DF9000FCF20F05FEFBFBFFECF7FD1002FB0C0390
:10DFA000F90F0701F4F9FEF1FE021207FF0A02FB66
:10DFB000FFF8F8EEF1F9FE0709F1F1EFF9FAF9F4DB
:10DFC000F4FAEFF4FA090E0C0D070603FD02FAF954
:10DFD00001F9FC03F5F4FA0C0B06FCFDFEF1F4FC70
:10DFE000F9FC03F7F7FC0F110CFD0102EEF3FA0444
:10DFF000050A060105090E08FA0103EBF1F9FEFF17
:10E000000504FF0204110EFC0409E8ECF5F9F9031C
:10E01000FEFA010509F60609F40C0BF90401F10BEF
:10E0200009FA190F05150D05170E070D02FD110A46
:10E0300006FFF6FEECEBF2F5F5FEF5F4FDF0F1FD72
:10E04000FCF206F0EDFFFDFE0DFFFD0CFAF60800F8
:10E05000FB0AF5F604FCFF08F5FB03FAFF08F8F1EC
:10E0600000FD0009040B0EFD0304F1F7FAF4F2FFC2
:10E07000EEF8FFE6F4F8E4F4F7E2F3F80AFFFA0F3B
:10E0800011050B16080F180811190C0AFBF70404E8
:10E09000FB010A010204F80607F905F6FAFFFBFD89
:10E0A00003080A0104FEFF00F802F80300FA090160
:10E0B000FEF80601FD01F60605FA07F8F4000B115B
:10E0C000FCF9FFF401FE090B0211DDE0EB2634142C
:10E0D000E5EFE2040211120A13D4DEDE2B3B1CE74B
:10E0E000EFE10600100A0412E1E5EA1B1F10F6F743
:10E0F000F003FA06FEF50F0A000EFEF8F800F9F933
:10E100000D000B02F9030A040300FEF2FFFFF0FF0B
:10E1100003FA08FC030C04020401EF070AF8000AE2
:10E12000FEFDF1000A0408F6F3E8F9FEF00008FD30
:10E13000FAFA07070B0D0209FAFC0BF102160002AE
:10E14000FCFEF6F4FB180F19FFFCFEF5FFFD070BB4
:10E1500005F0EFE9E3DDE2352D36F5F7F4FD0504D2
:10E160002C2724D3CDCDEDE4F019181CF100F407D1
:10E1700001022C2A28DCD7D7050003FF1205EFF196
:10E18000F107080E0B030401F5F80AFFFEFBF6FD8C
:10E1900006060A050909FA0300F2EBF0D8D9E600F1
:10E1A00004100F1418F2F9FB03FB01F3F400F0F56F
:10E1B00006040714F5F7FF0BFC070E0716F2F2052D
:10E1C000F9FA0CFCF70412FA050EFC0CFEF5060336
:10E1D000FB0B04F60102FFF204FAE91A0BF10CF949
:10E1E000DF06F6F10D06EC0E00E702F2DE01FCF5AB
:10E1F0000309170106FBFAFEF8F90611FB122AEDD6
:10E200000A2AFDFFFEFE0108040B1DEEF407F0F9DB
:10E210000201FF09F7F70FF9FB12FFFC060102FAF2
:10E22000F607FE0104FEFEFC0605F90403F9FEF5FF
:10E230001100F1EEE828191EF7ECEE010401E0F4FC
:10E24000EA362B2900EDF7E3E3E70510141406087E
:10E250001D0510C4B6BF25272BFBFEFE15F909EBE3
:10E26000DAED06160E021911EA04F50306F1FB02B7
:10E27000F3FE0CF8000D05FC0105F81304FB1C1D52
:10E28000EE1213EC01FEF7FEF6E20108C7E6FDD13F
:10E29000E4F60401030F04FFFCF8040CFD0A30103F
:10E2A000192601FF0FF9FC17FE021FF9F117EFED18
:10E2B00006ECEBFEFF0404FC030900080AFAFD115A
:10E2C000FEF50EFEECF4F812F1F714FCFF1707064A
:10E2D00014FEFDFBF4FD1AE5F111EAF613F6FD104C
:10E2E000F6FD00F9FF13F0FA10F4FB10F9FB06FA43
:10E2F000FCF7FBFC08FAFE0901FF040700FA090518
:10E30000F30C0604080F0AEAF4F1DEECEDF2FEFD70
:10E310000900070D1215031516E1F5FAE8FB0008D0
:10E32000F6FFF4ECF3080D0D101C1805151603F597
:10E33000FB01F1F51206000301F8FF0206FFFBF8EE
:10E3400008FBF81607FA06FCF3FCF4FAF4F7F6F704
:10E35000F7F5FAFAF7FAF9F6FAF7F6F5F8F8F7F941
:10E36000F9FBFDFCFBFCFCFAFBFD010404FF0303CD
:10E37000010404FE0102FE0105FD0306FB0104FB8E
:10E380000103FC0003FD0206F7FE02FA0103FB0194
:10E3900001FB0002FB010400FCFF14060214FEEF67
:10E3A00007FFF1F604FDF4FF10FFFC061701F91654
:10E3B00000F30A02FEE0F60EE7F30B100306190065
:10E3C000F313FFF6E5FE0BD7EE08FF000B11FDF48B
:10E3D0001A00F3FA0A0AEAFF10F00011FDFD070324
:10E3E000F5F8ED0EFDF40D02FB010904FFFC0A0037
:10E3F00002EC1202F10B0E00FA0B14F5EF11F4F31C
:10E40000E5170AEE0F1904F2051EF0E31AF3EBDF2D
:10E41000150EEC0D2004ED0220EDE316F5EEE813E9
:10E4200008F50C1605F0FD19F5F007F9F5FAFDF2FF
:10E43000080B020405FE09FFFF11FC02F6FFF7F7C7
:10E4400003FCE6F3ED0B0B0E10040CF502FFEDFFE1
:10E45000FBE0F4EF131717080004F0FCFBEF01FDDD
:10E46000F3040011130F01F8F9F0FBFBFE0E0BFD96
:10E470000A060A0703FEF5F33732222BDB23EB0AE9
:10E4800023CBB4070EFF5C14FDF7F0F208EFF6F7AC
:10E49000EC25F5FBEB09EAF6F512040C08160B0661
:10E4A000F2FA0E0F08F1FAF6E9E0F5F5221DFBF29B
:10E4B000F30EE1EFF408EDF70B0CF81F2318DD075E
:10E4C00010F0FA14030009E4DCEBF4DDFAFEF617B1
:10E4D0000AFE0807F01AF3F1F511FD100FFEE9F737
:10E4E000E9F306EB07FCD8DAE8ECFDD1131AFD04DA
:10E4F00015FCFC0901180EEFE6FFF426130DF9EEEA
:10E50000310101F508F9E6F8E20EE4CF0BF1F0F87D
:10E51000270106F0E92304F8F9F1F1210E08F7FECE
:10E520002A1B040F00E7F3EA0EF6D4DDF603F00E23
:10E53000F60F080E061A000A13170F05F80CE90764
:10E54000EE0E0813FCF704FB12E1D4DD0907E9071E
:10E550000D00F1EFFE19FA0D0918F41A1023DEF27E
:10E56000130AF808F8100EEF05EB04EFEC06072B82
:10E570001AFCFEF6FF1EEFF7F00609180FEBD71096
:10E58000FC220BF8FAFCD9EDFDD9EBF7FBFF081BD9
:10E590000AEBF9FDFBF6F5F5DC05F20C0619EB00CC
:10E5A000022B0CF303F2DCF5F6DDDBCFF9F30418F4
:10E5B00016F0FCF0EFEEF8F3EA07E2220617F1EAB4
:10E5C0001A03F9FBFDECF8EA15D4DE03EE0BE50FB8
:10E5D0000F04190CFB21FCFDFB1AFCF8EFFFD5071B
:10E5E000EF0D02E9E9F3EBF71AD2D1FBFB08DE02EB
:10E5F0001CFC21E9E829F1F7F105F4EF06EBECEA60
:10E60000FA08F8EAE608FFEF19E406FADD0FEB3046
:10E610001EFB18F4D046F3F4FF0B0D0311FCE7F7D3
:10E62000DF010DEEF0F104E825E60BD9EF08FC164A
:10E6300017F915FFE12CF902DBFB0DF00102DBEC11
:10E64000FD0305F2FBE0E6FE0A1014CDF70C040D05
:10E6500009E8ED0DF1320906F0E513170E23F4E297
:10E6600027EE0202F608EF1D09F1F40EED17F9E4AA
:10E67000080603F1F4E614FD0D2317E7C5E00A24AC
:10E68000D80C08F80FEAEC01FECAE0F2F00AE2CA80
:10E69000FD00FEF6EAF605F1FB1A17D8C4FAF409F4
:10E6A000E4EB04E30B04E40804E6EFE7D41EFCE823
:10E6B00012040DFBE90F16F9032130E4EAECEAFD40
:10E6C000C6FE20051602F6ECFBE90FDCE42AFFD7B4
:10E6D0000C011206DDFC0E01E52C23DCEB03EBF54F
:10E6E000CEF90E071522E801FEF403E5F83601F62F
:10E6F00010E8F3E5DDF607F4FB15ED060C0409D68A
:10E70000FAF007EC0423F73FF9072310F6310DE682
:10E7100037E411DD10D811041320FEECCDEB0526F3
:10E72000F81AFEEF19FA0015F5EC08FF001B08DADD
:10E730000EE40BD403E0EDF8E70FF7F0D10107F694
:10E74000F807FC0114F7DE10F7E616FDF1310B05B2
:10E7500015E51CE10F360AF0EBFF08FEF61303FF88
:10E76000E8040F0A181107F3E7E51AF4FD09FEFBA8
:10E7700022F40FE9F01AFEF6FFF50617EB0F061468
:10E78000ED11FEEC0B22F810EDFD26FE091CF70B37
:10E7900015F8EAD0F1F1F3F918F9FD23F712F80DA5
:10E7A000FF1BEB06F62429200B0CFD16F60DFEF0E0
:10E7B00007F0191F0EF506070607FB23EA032512CB
:10E7C00036F702EFFBFA02F9FF021508050E08D032
:10E7D000EEFDFD07EFF50717FAEBE716E615ED0D71
:10E7E0004D07E3FEF40117EEFCEE22FF021335069F
:10E7F00003090504F92405FAF5EEFB31F1090FFBD5
:10E800001102F20C082A3BD827F707F3FDEA2FF78D
:10E81000F9082002E500DF0EF6E50027F117FD00FC
:10E820000A16F9E9051101111A1A250F031215EC40
:10E8300003FC171DF9EBE022FAFE2A16F9220B025F
:10E840001E22FCF2F90A0E0406F7F725D90002F29F
:10E8500015D3FB1CFEFA08001025F803E71E390F3C
:10E86000F0E4F8EF04FED301F80AEE0113EFF5D956
:10E8700003E5FA0EEDF20C10E7E8D7E6F53914F4EB
:10E8800010FDEFFFF7FDFFFBDA2B041001F226FD70
:10E8900011FBFE10F0111AFE04EFF000F62F19091B
:10E8A000160DF1F00E0DFFEFFB20F30505DF04DE82
:10E8B000090C0A12FFE5EBFF01070BEBF304060C52
:10E8C0002E18E7FCFF09E712FF2B0C11F100F5EA07
:10E8D000FEFDFC11E203EA07F41622D0EAF8020278
:10E8E000FA12F20FFB10FE010EEAF204D6EDE20B73
:10E8F000100AE40A16F905E2F22E1DCB01DB1D0217
:10E90000B60C0D140015D8FE14F6C4F0DAFCE8F3CA
:10E9100000FAF4F2FFF005ECD6041E92FDFA05FAB7
:10E92000ABFF0608F4FECF01F218EF0BCE1512195B
:10E9300026EAFDF0FFF118ED03F027CC03E8031BF6
:10E94000C025121A08FCD50202F2BAF1C6FAE90291
:10E9500002F8FEFC0FEE03E5ECEB038D03DF1F0E68
:10E96000CE1CF31408C9CD2213F0D611C2F7E80B60
:10E97000050516010C2210EDED171299F3DE1D0CA2
:10E98000C7FE031100EFE70809EADCECDE0FF70C25
:10E99000201FEE11FDE9F8F8FF1F0FDBFDE3180162
:10E9A000DE181CF90B15EEEB12CABCDDC1FFEDFF42
:10E9B000F008ED00EDEEFEEFD91003BCEBB5EFFD76
:10E9C000B0F418D204F9D3FA05E604FFD4271412E0
:10E9D00004F8FE0CFBF00CFBEF0F06EF01B5E703AC
:10E9E000CD0C2E1813FDE10117F5C6E9A808FBE8C8
:10E9F000FA12080701E515FEE00BEEA802B6FAF1DF
:10EA0000CCF918060BDCD0131329F303BD0614F35D
:10EA10001F2105F9FC04140BFE1711D5FACFF4F1F0
:10EA20001813222A08F7E5FB14270CEFEE1406034F
:10EA30001FF5FBE61A10F9FBFE171D2F0B1C0D0826
:10EA40002315F915033201E90203F6F8DCF7E7FCB8
:10EA50001CE9E7EFF5FF02F5FEF920FB01F00408E1
:10EA6000F4F4FB0301FCEDFAE40511FFFE130920A9
:10EA700011EFEE0DEF0A08FB01E9081B22D6E7F8BB
:10EA8000FC100A1217091DFB0306D2E6CEDBF306C3
:10EA9000E50601F80F00F905F6EE04F71CF2E206B0
:10EAA000241301060FDDEF0A1A15FF0F06E72704EE
:10EAB000040A16E617FFFF0D1009F7FE15070216E8
:10EAC00038191C2413041A09F9030FFAEB05F21C78
:10EAD000FCD408F010080EEE19EBFB0DF405FE0453
:10EAE000FBF31BF50DF3F60B041432F60B0C012AA5
:10EAF000F9FBF40E04FC03E418F20E00F209FFEA3D
:10EB0000020D0FEF1503F0091F2BDC0C08FC0F287A
:10EB1000FA1D0C0EFCFBFEDB26F2FBFFE9FB0CEB07
:10EB2000F8230FFC15F314160CEAE6F3F907E611C7
:10EB3000E6F503F1081100F1FBF004E1FDBC00EA89
:10EB4000DA10FD0215E6D30A0FFDE7E71E14EC0FFD
:10EB500016F3FB0AFA14040501F4F3F4FCFE13DBCC
:10EB6000EF00110B0FFD031DF9EA1309F50513184A
:10EB7000EFCD17E1ED1604EF0EE2EAECF10E16E927
:10EB800005EF190B0BFEEFFA0304200E030D130C17
:10EB9000DF001FF30003ECE200100BEDDFEE0608D0
:10EBA00019FE0DFF05EEEE0A1B2CF51602EA1A0BF4
:10EBB000042616F70BF9E1F00E2EFEDAE8EDFD1E45
:10EBC000183BF1ECFEE32B0200E1EBCEE5EB02108B
:10EBD000FBFC19F4FBF1F6F6F2060DC9EE0D110877
:10EBE000D51FE4000005DBF819E7EAC3F6F21912B5
:10EBF00026EF090C0918EBF1000104F1F7EE22EB06
:10EC0000F80EF110EE19FF0FF1F0F20512DB1817F4
:10EC1000EFEC09EAF121020D12F9E0FEF1F203E650
:10EC2000FD010AF8E80C25E4F434ED0BFAFE1202BB
:10EC3000FA0E00F5FCE5F61207210AF303EA07F3E2
:10EC40002320FBE3EEEE36F0F3420B1AF7040ED866
:10EC50000124F00EECC6EC09EF1A02E7F6F0F00E14
:10EC6000184AE6F5F7E5630DE8E3FF02FCEE08F568
:10EC700015FEFD06F3FA12F3F2FF19CF000CF601B0
:10EC80000017EDFBEFF914F3F6012BF4FB00240958
:10EC90002C18FF1D0A1EFAFDF42109F2091E11DAD3
:10ECA000F417E316DF050CFFE511F7F705FB020C7F
:10ECB000FB0E09E00A210F24FE17FBEDF8EEFD180C
:10ECC000F2071903F1211B06E00D0D07F2FEE7D84C
:10ECD0000407FBEFF5E21B111512EEF404ECFC0A3D
:10ECE000D80000CBF61A3AF3D605221714FDC69EBB
:10ECF000EF19EF01E2B6FB1304EDD00C0FEAEF01C0
:10ED000017D5F3E0F90A4AF9CB0F160C0A08A9AD9A
:10ED1000FF09E902D8EB05F413E1F4F918ECD6E9A0
:10ED2000F3BFEB02F6EA01DEE80922F6F718BAC4EF
:10ED3000190EF907EB0E000CE707F001191404EEA9
:10ED4000E8CDE202F20606F4050FF7F4E61FFE0234
:10ED5000F9E90EE219F61038FA02090AFB1807F071
:10ED6000142912FBF809010AF107000DE0F8E9DBAC
:10ED7000F9EDF9F7FDE204200EF4EF0AFE020BDDD7
:10ED8000FC0702DBFB041EF2CC1929010BD7D0BA19
:10ED90000601E1E8DDEAEA0008ECE8161917FAF1E5
:10EDA00021D3F5EFFF071B0AC41A19001BDEC1C1EE
:10EDB00004F6EFDEDD06FBF21407EC062509E7F0AA
:10EDC0001CE0E4F1FB0304D0E20C080308E8C6BF32
:10EDD00001FCF7DCF8030243DD20F30A242606E4F5
:10EDE00032E7D4F7F400F5DD1C12F9F3071C12F337
:10EDF00006060700E6073B12FE1606FEB02106F5E2
:10EE000004FBF721FEF0ECED100C01DCFA162DFDF1
:10EE1000E42011F9C90601FB0CF5F115DB17F2FB33
:10EE2000FC02F808042425CBF00301F5FF300D198E
:10EE3000EA1700E9CF11EA1004F80104F2E904101E
:10EE4000E612EB0C0107FA18FA1ED4E7CEF5DD1630
:10EE5000DBEBFA08F8100E0DF7F717CEECC9070137
:10EE6000CE10130C03F0DC0512FC070F0111011189
:10EE7000DFF0F51001F01403F4E90BFEEF210D03B0
:10EE8000F1120F30FAF4E50ADD2106F9050A0EE663
:10EE900003F117F6E5FE16141406152ED408F6F243
:10EEA00026E6DE16DDF2FADFEE1323FF2A0E2EED44
:10EEB000FF160AE7DB10EBFE17EE2127F73AE31700
:10EEC0003D32E80BE70E1ED1DBFAFDED1209020A16
:10EED000FBEC05ECEE11F103FD001B17190D0122EF
:10EEE0000828EDF1F51AF1E8F1FACADFD7FDDCFEEA
:10EEF000E7E200FDF9FFF005F911FDCFFBBF0EF8C9
:10EF0000CF0E19F2FCFECCFEFCDBEA0EFA0BEB0E88
:10EF1000F8EB0603E7FFF41AFB0CEAF705D305F953
:10EF2000D2131A0EEFF7D003CD2119F834E01502F1
:10EF3000050005FCF8F9EFF2F3F21D1CE72708F0D5
:10EF40001E0BF5E906081205EF1619032F121E1203
:10EF5000F8F4FAE40108EAF9EA0621091630EF1E8E
:10EF60004A09ECDA05032EFEF2E8E7F908FEF31F82
:10EF7000EADFFDF4FDE0F609EF0626081CF91A08A1
:10EF8000F6F7E4D5151CFCEA12E6C6E3DDF9DCFC75
:10EF9000EBEFF4FE0C19F6FFF80B13D211C40AE3E1
:10EFA000BDDF10EC13F2C8FA1CD5EE0BED07ECFD3B
:10EFB000F0DF00F71624FC19FE0B1BE81BD5F2E569
:10EFC000E1FD0BF808F0D1FEE6EFFCEAF7EF10FDEB
:10EFD0000205F1ED03E8DEEBE2E419EFDDF2020BEE
:10EFE000FD1607F80FDAEA0EF9F4F8F4060F260E0C
:10EFF0001AFBF0F10EFED9F4E7F60DD00CEFFF038B
:10F0000016EE05050CDE00FE00EBDF0FFAE3FA0E4C
:10F0100002F9F3FA0005EFFA04010BF514E41907FD
:10F02000DC0305FC0E02E5F723F0CCE8E7F0D6ECB4
:10F03000FB06F6F20FFEF4FD00F907E1FDD10DEE3F
:10F04000CDFD1FF10DF3CF0126ECECEAEA0EDCFE5C
:10F05000FBFA05D81910F701060112DF16E3F8EDE7
:10F06000DA0612FC0BF7C70DFB0A1A0AFBD0F3F500
:10F070001A17DEF007FEE4EA110DF024F60DFEEAA1
:10F08000301D0AE8E7E1E6F9F5060B231CF1FF1352
:10F090003011F7EB1F03D8ED0B0BFC0914EBF8FB59
:10F0A00017100604F0EAFCFEF2E2D2180BE9E30BBB
:10F0B000240704F7FC0DE3F20608181B01F7110AF8
:10F0C000F41909FDFC06E6100FFDD7F1F5EBE0FBA6
:10F0D000FE1301FA0310F0F3FC0906EFFDD8FC0A59
:10F0E000E7E525F7080DCB0312EAF7D6E6F5E415B8
:10F0F000F00602E60E05F2EEF8FA07DD12EBF10D6E
:10F10000E2FD170204FDC81AE3EFFE0D0AC9E7D4B9
:10F11000C115090518E0D2E9E8E8F9D702E608E9DF
:10F120000611F811070F0E1EF7E5F12B1F07F9E284
:10F13000FF0301F2FAF4E4E60504011419D705FB14
:10F14000EB02F40807EB260AFFEFFA2F16FE10E594
:10F150000EDC0AF3FA0AFEE5182AF71402E90E0794
:10F16000F01FF5000F042E1A13F6F115EBF911E05C
:10F170000108FFE302F2E2F61C19F608E8DE0503D7
:10F18000F10BE70B0A09F3FF01F7050A0D1A3AF232
:10F1900017F3F3F3E6E6FAE218F4FF17E30407F4D3
:10F1A000170EEC29051BF40FF60600FE10E8EB0322
:10F1B000EB09F2DA09F5FDFDF4001700FC04140F69
:10F1C000120FE61503F6F82813E9FF0A150704EEF7
:10F1D00006FEE5E0EDF7F00802E010221405110A42
:10F1E0000EEED80FFBF12DF519031A1B291506EAAF
:10F1F00017E0001FEA020FF001E2FA170DFE1C12E1
:10F200001113F10804F7403040F6F00DFBF9F4F665
:10F21000FA05F714E0E00FE71AF1EE0EF3E618FB3B
:10F220001904F21203091A112613E726EFE9FE006A
:10F23000F1EEFEECF2FAF5E514F5FA0BD7EBFCF87B
:10F2400019FEEFD6F3FFF1070513080D2728F61175
:10F25000DF02F6F6000116F01F3401F9F729021358
:10F2600005E9F8ED11050F24370902FC0C190EFD14
:10F27000F20EF0F80130040707120C041317CD1139
:10F28000120FE71E09F62CF23CFE0503162B10099F
:10F29000F30F2014E80B03FEE50806EE14FCE9FF6B
:10F2A0001B2F031406F135324BF70FF2001F020A31
:10F2B000F3170F12EAED04090812F209FFE4FDED5D
:10F2C000F314172002F9F4140A20F630F8FA0612A3
:10F2D000DE11161017EFEC0C0712F409D3F5E20259
:10F2E0000D02160A00E3E11CF9F3E70909350D11D7
:10F2F000DA11E6EFE6171BF70E0CE9E4FD18F7EC60
:10F30000F5000211FEF3071F19F7D6DBE5070E1112
:10F31000E51CE5F3FE07FEEC03EDFDEF06C2D4F8B5
:10F32000D80EF4FDF7ECFFDC3AFDE3EFDF04E7175E
:10F33000DC25FF120A12FDF9EAF5E5CE0FC4F61935
:10F34000DB11080402E3F7F6390DEBF4D811F30BE7
:10F35000CF02F7FF06FAFA08060EDFE4F2C3090B44
:10F36000EE1224E7FFE4E0E4F62AF324F81AF2218F
:10F37000C2E8F4EA0803EA0D0B13C90FE2B5F5077A
:10F380002BEF2210F6EB0E08F80AF2F4E83CFF052A
:10F390000BF9FC11102E1E00F13120F7E505EB11E1
:10F3A000F713E91CFB23FBFF18E5CB0AEB290D083B
:10F3B000F0FDEA1F091922F6F8240F0CF7E3EC0917
:10F3C000DF0EE1F700EDF8F71E0FF0F6DE15CD13B6
:10F3D000D016FF17140518FA0C1D02E804CEE6003B
:10F3E000F722F101FEF4D3F11A1418FAD422FC0E1C
:10F3F000B91C110A11060206180C05F4E7D9FC1510
:10F40000FF0A13F5FCF9EBFAF1191A22203903115E
:10F41000CA060B0D04F6F41813FBFB27DBC5042307
:10F42000F6EB22F5F9D02D11EF1B0AEDEFF6EDF515
:10F43000FFDB15E8F1060420F2FAF204EE0A1B05E0
:10F44000EE0E1606F3F4D7FFE51221E70A0AFF03D2
:10F45000F0E80CFDF9F9FA0BE5EAF8FCFDF8FB0D14
:10F46000F612F7FEEC0BF513FA1436F60D2001EB4D
:10F47000F6F811E6FCF42307F2E9F60BF301F8F1D4
:10F480000CFDF9FDFD18150E09EB0C0225E1FD033D
:10F490000402F9EC17F03102F7F8F003E60EF2EB94
:10F4A000EEEFEF1A080E00FC1EF8160DFEE8F0FA5B
:10F4B000030AF7E9FDE91B03EDFAD7F7FCF3EFE7E1
:10F4C000D8D3F0FF1106EA0FE7250CFDFB19F5FF75
:10F4D00017002AF80004FF2BFA2E10EBFFF9110891
:10F4E0001527FB000014D60AE60D14EDF3160914D7
:10F4F00006030DFFF2ECF90AF31309EE02FBE5FD3A
:10F50000F10E010AEC25E112FD063A07F41306FE9E
:10F51000E61B1201F9EB0620FBF3F804F1FFE0080B
:10F520001BD70BF7EE20F5DB06F809240BE204FFEE
:10F53000FCFDEBF3FAF9ECEF03F302F5EEF0022039
:10F54000FCDAFEF5FFFBF8E80E00F715F7F3F80814
:10F55000050BCEEBEDEDE7DCF5F0FFED05D8F8039C
:10F56000F7CDF8E808E6F303F324F212FB24CC010C
:10F570002D0F00E220EB180DFE0A0CCC13D806CD9F
:10F58000D22CD1ED2117DB07F5221E0BEF13DD0B7B
:10F59000061FF2E911EB0A100CF0E4E811E0F5E2C5
:10F5A000F416E4F0111CEF0703F56C20011203FAC6
:10F5B000D51EFF0700F6EA210602E8F9F6D4EE258B
:10F5C00015E6040C0707E1EFFD11221BEFEB03FE2C
:10F5D000DD01040D0B07CFF5050D0CEFE2DE08167B
:10F5E00013E1060CF6E30E03FA0F1621F1F2000EFA
:10F5F000F1FAF40FD924CCDD00F32FDA03E6E32F80
:10F600001C040008E8EF0909FD11E40AE3F5CF0D39
:10F610001816F0F621F500F8E4EF10CD12D3EEF94C
:10F62000DE10E2E72FE6E5FEF6181229F4DAE50A25
:10F63000EC21FFE91DEAFAFF05F7E8E700D4EC1D2D
:10F640002A01EEE31CF4F7F5FAEF312D02E919EE89
:10F65000D7FE0E0000F4E1150BF5D6E6DCDCFD2E3E
:10F660000FF8F8E812E6FBECFBE5171BEFEB10ECEC
:10F67000E7E61CFD0DF7DBF60806F5F6D7050F24C7
:10F6800026EB12FDEBEA13300400FC07F711190416
:10F69000E5EE1C0CEA31E2ED0F0607E70D00000174
:10F6A000120623F6D8081A2AEBF8EE32E901DB231A
:10F6B0000E06E30D16E208F3FBF802F7F7F2E92471
:10F6C000FC19DCF115DEE2F5E407094EF1EAF90375
:10F6D000F7FFFAF810F103F9330400F3DEDD05203B
:10F6E00018F9EBF006F7FBEAFC04062AF7E21DD94D
:10F6F000F7F90EE9D6FAECF119FBEDEDDFEBE008D6
:10F700000008F3F605E71ACD1308FBF4F2E71ADF59
:10F71000F4DF18DDE308EADEF700F0EAE701210094
:10F72000221004F6FE01202117F00E2000192A12E3
:10F7300000F22004F621F2F10CF2190A1EFA230B52
:10F74000241B1104F803282C0EFDF824F0FDFEF50F
:10F750000B24FB0207D9E5E408E6F204F8EAE6FA2E
:10F76000EB0FFE00FB31FE1F0ACEFCFE180902065D
:10F77000F50CF4F016DDF0E616ECEC190DFB19ECC7
:10F78000D3E70D11F121F51407C505EF1106F501B9
:10F79000F802E7F61AE5F9F2FBF6F1F5FED708F301
:10F7A000C9DA1C2CE90CE4F80DF2E506ED03F2F7DA
:10F7B000EE1CE6F017E8E1F7F6FAF0E604D30AF4F7
:10F7C000DAE11304E6FFF705F810FC2514150AF931
:10F7D000F21BE5E025E20017E8F0020F091001EF47
:10F7E000F0FC041AE30D172010FBF61BFBEFF4FEF0
:10F7F0001610FD151E0100EE04FBE9F308EAF1DD29
:10F8000008E70508071BE40916F0DE19030B0700DB
:10F810001E1907011B02EF06010AF4EC12D80CEBCB
:10F82000DBEC0C080115ECF4FFD1C5E9FA20FEF57C
:10F830000F04F100F0F50406F70BF9FB04A10A042C
:10F84000B3FA0410F8F1CEE401FAC3EFD808F3F2EA
:10F85000EE0CFEFCE4F3F0FAF4FA04E400A5041262
:10F86000BFF306F8FBFED5F600FEEC1C060BF50315
:10F87000F3F6F801FBFE0B45F3FF0A0609E90A0857
:10F88000E90D04FFFF11091D082605EC02EEE0F466
:10F8900006F90603E1E501F20AD203FAFA2206FEAE
:10F8A0000203F006070D0B1EFFFB07022014F6F102
:10F8B0000EF51CE20017F7FE0B010BFF101800EA13
:10F8C0000EF9EEF80D042F0801F5F2E3EB2202E445
:10F8D00007DB2802063AF708E10B1ADBFEE8F90716
:10F8E000E11FF3F607EBEDEFF202E8D4E400EFE0FE
:10F8F000000B21FEE018F3FEF00905F8F9C9F41237
:10F90000F621F3E80D00EBF515270A100A011CF5A6
:10F91000FA000002F0E6143CEE0D1708F503FEFCB9
:10F92000301DF7F40E0624EFF502FDFFF5E6F9129F
:10F93000E9F909EB0BE42410FD07F3FFEDECF724E4
:10F9400022EEEBF9FBFC1C0EEF18F7150DFA132253
:10F95000171308D4091708FC06210934080D0E23D3
:10F960001AE1E70013F821EDF3F9F70D17321A2A1F
:10F970000B0E2E08122500FA09412A0A1FE8F6315B
:10F98000F919012E0A01F5F7F90DDDE20227091B2D
:10F9900019121505EEF623E5F13C2711060BDC22C2
:10F9A000D51804011202F00F210F2810211725127B
:10F9B0001C07070508EB25140216133E0028EA0170
:10F9C0000FFDF2F20B0324EEF807C70924F5EAEF66
:10F9D000F026EDF605E010FF03F3CB24EDFB000865
:10F9E00036F3DEDA08DEF928E2DCEDE9070D0AFE7F
:10F9F000E5190405DE11FCF205F3FC2CF7EA041A04
:10FA00000FECE9E20AEA0BF5E9F6F3033229FF0805
:10FA1000FFFC1C130015F20A2CFA0C211ADEF32449
:10FA20002409FEFDFC03E5E5ED09E2D7F71DFBF92E
:10FA30000AFB060FE012F2FEFD10F30105E3091CBC
:10FA4000E8020EE60110C206F1FB07C818281910DB
:10FA500002ECE704F901F804F011EC2C0140DD029E
:10FA6000FD0500E6F7F401FE12F10809E80F0B0AA4
:10FA7000E5030EF708E7F00406FC17EDF5FA0BEEC8
:10FA8000FA1024F1F6FD0BFD0501FE03F720121517
:10FA9000FA0BFA0011E51EEB05F5F902FD0BEAFE83
:10FAA0001BF31C25EFECF6020900EF11FC03E70144
:10FAB000F303F80414CB1011F901F711DF0717F75E
:10FAC0000AEE0B05F6FE02000F0D0B0500EAE9EF4A
:10FAD000F7F8FFF6F5E0F819FC0AE9FBF7FB1BFA6B
:10FAE0001C07FED8F8F609FFFC062C14F6ECFC0700
:10FAF00009271EEFF0F1F51BEF001BEFF5EA070AEF
:10FB0000150EFF0A0A0722F1F5FB00F602E6080EC1
:10FB1000F00301190BE7F71005EC1F10091D010E8A
:10FB2000FBD219DFFEEEFFFA01EEF32003F70333F9
:10FB3000EE04F801FBD2F3F815F7FE1EFFD4EAFB42
:10FB4000D8ED08F0FD06F61DFF02E10FFEE7E60620
:10FB5000E1F506F2FFDBFC19F6F7E50BEEEB0F061D
:10FB60002D04FADAF4F007EDF11FEAF40DE2F6E401
:10FB7000FAF405DCD3F4061CD6F8F50B03E80513FC
:10FB8000631DEAF3F802FAE8FD0F11F7FEFEF40F29
:10FB90001013F9F1F2EE0B15E1F60CFA111C04F258
:10FBA0002204F805FDFBF4F5F3E705F710F9FE1163
:10FBB00002150E1BF426D811F0FF0C09FC3915FABA
:10FBC000E2FB1BFA01030BE8DF16DFFE14F6FE2E44
:10FBD00005022116FFD5EBECF507F409FFED2D1A10
:10FBE000FF050BF1FAF716F6F134220C10F9D1DE0D
:10FBF000FAF604FCEAC40EFBE50AE106F9E4201A71
:10FC00007F37F4F7EFF31EDDF3462F09FF00EAD04C
:10FC1000F712F5F2CDF21309DC02FE0806C9FFFE69
:10FC20006E11E4E2F2FAF8F3FF100B191709F10470
:10FC300004180216EA050A1DFFF9F8110EF002FC7D
:10FC400014F909F705FBF3F5EAF5ECFA06EDEDD04A
:10FC50000A22040B0D23DE1004F116E9E64105FA31
:10FC600018ED07E611EE21F8E6120DF0FA01E3CFE8
:10FC7000000C08EAE6FB02F8E404FEFEED010600D3
:10FC80001919F8DFFDEEFEE3DD48352FEFF8DDBC96
:10FC9000F8F1E1EBE0DA03F2F404E3E404C8180756
:10FCA0005F13DCC703E508F8EC44FC3BE7EDEAF042
:10FCB000E6E8EC0DF3F201FC09DFE5E608A2E3E279
:10FCC000170BF9D305E5FEF3061AF00CF7ECFA254D
:10FCD000C414060709D9F0FC0209EBFBF4CCE1DB04
:10FCE000EE0214E100EAF1E9CE21192900E0DFA3D8
:10FCF000F501DF00DEF40306020EEBD6D709FF2183
:10FD0000151316E80BF8030ADFF922230411F3C6D2
:10FD1000F0E90900E204110F05E5ECFC00F9E82523
:10FD200012F407C10906FFD2D7FB23FD0E02FB0E1A
:10FD3000F5FC151C1A0CFE0411DAE9F4F513EEFFBC
:10FD4000F7F5E9020003DD01DFFEF70FD20F023005
:10FD50000C0605132013F5ED1904EBF20911E5FB70
:10FD6000F518FC04F00B0218FC18FD03F703193D0D
:10FD70000C212AF308F2FAF90A0B09ECF7EEFCF869
:10FD8000F836170CF8F0E9FAE01F04E2DAF5DA03C6
:10FD9000EBF0061800001402EFF3CC000202F2EDC3
:10FDA000FAE300F3FBF01D10F5F6F7F0D8F5F011CB
:10FDB00000F913F101110EE9DDFCC8FA093CEEE689
:10FDC000E0E5F20AFCFA0201FCE113F9FEFA071C75
:10FDD000391310F9161F0BF115EB03091C4CD80849
:10FDE000D4EADB15001AECEA01EF35F106ED1D153A
:10FDF0001F0F020604EB08F9E7ED06FD1510EE03F0
:10FE0000F3EBE5E8132B04F303EC17FB15F208FE04
:10FE100010F4EDF500E812EEE9F9FBF21419EC012B
:10FE2000150101F1070214F1DC1FF3E3F215D8F616
:10FE3000DE0CF0E907E607FFE800D5021121F9F62C
:10FE40000B0607120AE6EF09E110EDD1E10BE6FE21
:10FE5000F80DE7EFF8F813E8DDF0F8F60110E5EF3C
:10FE6000FC0E011800EBD2F5E2E305E1F9250A21C9
:10FE70000BFDF60AE52204EF01E9F4EAFC37F2F49F
:10FE800017F2EEF0FEFECD03E3E31EF2F4F0001DE8
:10FE9000FDFEF8F0FA1D0505EFEDEDF9F81FF2F3A0
:10FEA00028EBEDDF0414EE0BEE1E12EE0CF300094E
:10FEB00008F2E3E7F2F123F0E1E9EEFE0E0CF7EED3
:10FEC0001FEEFC0A001518F0DA10D3E2CFEDF0DDDA
:10FED000DC10FEFDFDE4E903E5F9F7F5F10E063669
:10FEE000FE0F270307E2EFF1D818E9E4D4E4EEECC3
:10FEF000DE11EBFDF0E4E3FCE606FAD8EE0CE318C5
:10FF0000FB0F2F2100E1CBDFCB1FEFE4E6F7090069
:10FF1000EF04EB12D215EAFE000B08E3EF15E22521
:10FF2000FB143836FEEDF2F6D305FEE3E0ED1017D4
:10FF3000EADDE3FFFA1FFBFD02FAF5E8E027F51919
:10FF40001D2B2E04FA170C18DE270F090FFA000ECE
:10FF500002F3E9F6061F0501F9FBE4FAEAE904FAFF
:10FF60002A1C050DF4E2FCEEE335DCFEDE00E8E1E0
:10FF7000DC1BF80BEFEFEE17EFDCEBE9F41AFBF903
:10FF800015121CF507D0E9EBE433F1F4DC03E8FBD0
:10FF9000E41B05FDFAFDEC09F7FAF3E0E9F9E818CE
:10FFA000032522EF04D1E8E8DE1CE409DA11F40AA3
:10FFB000E60906E8E510DF070E09FE0CF3F1DE188E
:10FFC0002A1828EE09DB02EBF51FF209DEF8F0161D
:10FFD000DC0703EFFC0CF8F6F8F9F70A080AFB0E49
:10FFE00015281CFF01E412F601FB0E28FB07F21B8B
:10FFF000DB0B06FEFBF2FE08FDE904F4FA0DD70D5B
:020000023000CC
:100000001C00EDFAEEDFEDE8E547F517D510F7E453
:10001000CA21EF1AF5F6EB0001F2EC08F2ECDC3243
:1000200031001FFF03EA1406EB1AE812CF0BF3FCB2
:10003000CBFAFB0DEB13F9F1FEE7EBEDEFEBE63E50
:100040001AF628E0FACF17EADE10F119DD15F90BE0
:10005000E8FDF6FCE63DF0F8EDEE0D0DF3E8DD3BD6
:10006000152835E7FBCA00FCF9F2E127EEFDF31293
:1000700003170CF0F71F0C16E70602040AF5E0322E
:1000800035362ACFF9D91AF4FE06F831F2FAF81407
:10009000FF1C1FF70B020537FC140B01FFCEE847CE
:1000A000032404C9FAF7F9E80B17001918F0BD0288
:1000B000E5FE03C615DF061CD1E6FEF3EBECEAF81D
:1000C00003EDEC1FE0F31004F70A1CD51315D1DF84
:1000D000D8F20CE50A02F8FADD3608EBF8051CFA4E
:1000E0003D2CF0D212091B0AFD0BE4FAE0F7BEF337
:1000F000E7EB02E4F60E0412F5200EDD051702FB15
:10010000F4F3EBFF15DAE6FEF614E808FFF6C10398
:1001100013F6EDF3EF2A0A0AE707DB002839F0EEC1
:10012000E8FBE42809E6F8F6ED1BFD0C0DDAD61421
:100130000918E2F30FE80624ECFBE8FBE7F901E11C
:10014000FE11E714040AEAE91AF1E90F0705F41CA5
:10015000E3F3DF0AF3EF1E1015ADFC0BFFF4FA0A10
:1001600006DE0C32EF000CEFF6F5DD3A07162AD664
:10017000D5FD09150F1BD6FE0519FF02FBFF182040
:10018000463C0AE61C0625FAF6F3FE16F8051ADACE
:10019000DEF4F1DA4246E0ED025305E6EB02100F21
:1001A000061E02091A3CF702F60729ECEB0C0D09B2
:1001B000340CF7EBE8F7FDFB170BEA03015C01F8E1
:1001C000E71CF51F0531F0FCEAFF24EF00F30D25D5
:1001D0001E1DF507E3EC0B0108D7F5F1F2F0EFF97E
:1001E000F5E700E704040CFB1E0DECEB15E9EB2230
:1001F000F114C00213F414110DB3EFE5F3FB16EC88
:10020000E0D60BEEEFFE0306F3EBF930F80617D459
:1002100010F1EDFB010AEAF2F1FFFF12EE0F010B04
:10022000000BEB0F12021918D228FE2136FE19B965
:1002300016DADE0FEE3CF0F7E23AF008F23508ECA1
:100240003858E2FD0B5E07FADE1816EB0FED0AEEEA
:1002500004E9FCF7DA1FF1F0FFFEFE0BF71B16E5D1
:100260001752D812F849EADEF0FF2CECFAE8FC2726
:10027000070EEFFAF7F529F30CBCE6FFFF00EBD70A
:100280000EF2F5D9F8FDFAFA0EE8FBEFF5E80916DB
:10029000F610FF081EF1071615C9F4DEF70FFEE58C
:1002A000CFE818F7E70EF918F8020F1E0BF515E363
:1002B0000CEB15F5160D02FAFBE9FFEDF325DFE275
:1002C000E5EB07120720F6EBE8040A041413FECB53
:1002D00031E2F6F20EF4E411F60DE0D4FF1AFA233F
:1002E0001600FDFF0A1C17DBE12BFD0E141011EEAA
:1002F00010FA00EADC05091612FA06F1FFE5060617
:1003000018FCF3E5F31101E4E413F0F7EAF00A0D49
:10031000FEF8F1E31EE515F710D205EC00EEF30848
:10032000FD06FD0CFDFFDF0C02F71B07F0EDE50AF3
:10033000EF0E0EF6E4C114E80AF3EC01F62015FE08
:10034000D5EA0F0FEE060423F9E51EFD04E20BF5D6
:1003500003F33BE6E8FA06EA12FFFBF7E0231E127E
:10036000DDEE15F607150808F81013E6D5F7F8EDD9
:100370001D070DDEEA0F0610E21410E2DCEF291073
:10038000ECF206EF061B15E9F6220F1A051209EE2C
:100390000B11F7D809EFFD14060222F30404FB1633
:1003A000050D0ADD00FC0D12EB1FDC0EFBFA060C3E
:1003B00005FCEDE722DC11ED1DD6F2F0FEFFFA0997
:1003C00004F8FEF30AF019FCF60A020A15F3FBFF23
:1003D0000F1C17EBFADCF30B13EC0AF3DCF41A1323
:1003E0000E16F53CFD1AF9071120F4E2E620F52778
:1003F000FD2A01EE1601FAE4FAFD02E7FE01050509
:10040000010CFF150EE201F12202F9FAD2E8100305
:10041000FD0410DA25012302DD1AF9E8DA1319F8D0
:10042000F30507220EEF04E131E510FA0300151879
:10043000091505F0FFF3020B09F2FD06DB130A02B2
:1004400001F50A19F8080BE323F704FD0C0A0F2342
:10045000010203FD0B14EEEE13D00415EA0B04FCAD
:10046000030112E0F3FC06EB0107D6F7EE09E0F01A
:10047000D6E614E4EEE1EE090EF019EDF0D6FDE457
:10048000240B1C0EEFFB00041714F4FFEDF6E00C38
:10049000F3EA222816FBF0F4F4F802EA000FF50A5A
:1004A0002CF416ECFF0CF7F203010027D2EDF9084B
:1004B000EAD9201A1DD50B01DF06EEF7EA1B21F55C
:1004C000EBE822EFF839050009F918F3F2FC0415FE
:1004D000CBF211E308D900FD0ADB0505F70BF3FDAC
:1004E00002E822EAE9F5EFFB2A01101315080615C8
:1004F000D9F4EFE20D2612F800E80BEBDE18EA174C
:10050000F3FF1B1CF40C26F2F709D006FC0EFCE6E8
:10051000ECFCF005C4F0EF27FE0EFA1DF9EBEE0D32
:1005200021F607F5F9060007F0280E072811040840
:10053000F8EBD61A05FE0103F7FFCB32FE261708AB
:1005400055F101F002FB0CCF0EF80B2312F32A2514
:10055000FBE9011501102DD9E002FF27F23C51D132
:10056000EFD90F27FE260AF01FE116FF21EB133704
:10057000F6FA0DFE03ED1402FDEB262A13F1071F18
:10058000EBECFFEBF726F3F72AF9E710F715010973
:10059000DDEFFCF90D120112FAF22DF7FADFFE1A67
:1005A000F43F1B0604D70C06E51409E0F906DDC884
:1005B000F6320118DE160520EEE8F62BF7FA04F005
:1005C000FEF1F4C5FB12E9F1E6F42B1732FF0BCC78
:1005D000F307BFFBEAC4F906F6C9D214F5FA10F422
:1005E00012E0D9ABEDEE15E5F9F2FB021ADA3107AC
:1005F00007F0EFD4D0035AEBEFE8D323F2140CD377
:10060000F9BFF5DFF00B2CEF0EE307090DF00C1E20
:10061000F1F51109F92813F5FDF0EA321CE1ECF8C7
:10062000E2F5F0060514F8F6130AF517E70DECFCF1
:10063000D8F9FE080E17EB21152510EFFCDAFEFDA8
:10064000E2260B0E00E7F3F9E4FC13F52D05D1D5F6
:10065000F20C0600D3151E190AFA12FFFB2E04EF46
:10066000031DE2FF0903F4E8E8F4562D1BDCFBDE72
:10067000F0EACED4D2EF0FF10CDBFAFF070E1AF23C
:1006800015F5D5B5D7E010FFEF1B370A16E60D03B9
:10069000F2DC0FCEE3FD14EC1DCCF9090FF6CED53C
:1006A0003CF8EA02DF1844F22CFB10EF1114FE278D
:1006B000FE0841F9051FFDF4F8F315FE1EE2FAF2FB
:1006C000E7F7F5260C25F8E62DDBE8F4E312F9EE62
:1006D000DE1D1714052CFB140D342FDEEEE8000D83
:1006E000DE2411251C00E000F002F208F9F8F30402
:1006F000131CEAFEF0ECECE105E7F5E3070BEF175E
:10070000EBF00604FCEB0C06EA0AD908FBF3E8065A
:100710000808FFF4190ADF0619CFECF3270BF614CB
:1007200012F60AEEFF03110CE601F31F0CDFF9E5E8
:1007300023F901E8F302EB0911DBEC1206FBDEF210
:100740000AE1031A0B0B2EFCFC10F31C17EEFDF252
:100750002A031C00FE0AD4FFEDEDEA12FA1FEEE2B6
:1007600006FA001E03E9FD13F90BFD03EAEF1BEF88
:1007700007FD0CF5F2F5121022E9EDEAF00D00D6B6
:10078000F2EF11FDF7E701E3F6F9F203DBEAFCF61D
:100790000005E20BF5D7F5DDFAF3EFE6FCDAE10A46
:1007A000D4DFF3F8F9EA0608FAEF0F0A060B0E0792
:1007B0001807E8000BE50FF917ED17031805E20D10
:1007C000F3E1F109FC0B1704FAECF223E9F7F2FB71
:1007D00054FB05E0F5EF0DEFDBE5F008EF37E01A2D
:1007E000C7D0EE03F815340810E1EC0FE6FAEE136B
:1007F0004D1229DCEE1604FCFB0CECEFFF3DE8FC8F
:10080000E2D8F500F4153A0F0C15F90CE72E0A1C86
:10081000241E44EFF3390823172E02CAF905E5D444
:10082000F7F2F820F10E08F0F807F80CF1E204E70F
:10083000F0F4F809FCFCF5F8FCEFF2E7F410FFF532
:10084000E615FAFAF6F3F00FFE011F0B03E505FBC0
:100850000403F81CF6EFF3DD0EE6DCE5FBE6F00A38
:10086000F8E70A15F90FF4EEF804F413F9D8FDEAE5
:100870002006FE1D00F616F2DADACFFBD5FD050DD7
:10088000E8E613FEF700210BF026C6FFE2E9FD07BC
:1008900054FE04EBFD0C1112F7FEE8E20929E9DD34
:1008A000F5EF0BE20F22210CF20CE406162BE618F2
:1008B0002D1A18D1FB211E18EAFFFBEA0615EBFBE7
:1008C000DFFFE2F70521160913FFF7061110F0E824
:1008D000F5E1F50BF3F6FBEEFAFCF6D9FF0C11058A
:1008E000120CFAF8F3F6060D0AE41E25F211F1F5E2
:1008F0000CF1F703F0F7EAEF0905E9DB00F7F7F28F
:10090000E4FD0D14F5EFF805F92007150814F5ECD2
:10091000F6F0F91C1A02F81EF70DEAE7E1EB04E520
:10092000150A15F101FFED0DE531EBEBF5FE0BFFBF
:100930002102F7EE12F7FA13EE05F5E303EB11E3EC
:100940002A0813F31EFDED14E40EE1F20DF4FC1180
:100950001F1105E11A270CFBDBFB0610FBEFF8F378
:1009600022FCF9E22304EB020F0510021011FEF441
:10097000F7E1010BF6040203F70A07E2FCFA0EF3B3
:10098000F4FBFE0101FB14131BFC0C05FF020AF42F
:1009900017EE01F81113E407200D040608DFE5F255
:1009A00009060605F8F01C0810FA0B0D06F8FEF50E
:1009B00001F2011B1C0AEE0C1C06FA09ECFEFC01FC
:1009C0000AFF09FCFFFAEE13F6101FE802EC0AFE1C
:1009D000EEF6F710060C0602F8FEF50B100D1608E1
:1009E000F8E112FA17EFEB14ECF510EB02DEFD194B
:1009F000FE00E8DFF3F300E70104F80DFC0BFE0056
:100A0000FCEBFD1329F0DDFFE814FBF2F3EEF6DF5B
:100A1000EDF2EBF2F2EFEAFD18FCFBE8FDE902F97A
:100A20000B1303FA13F708FEEEF400FF020203ECC7
:100A3000EF0E020206F7EC1302F00EED08091E0A93
:100A4000EF0C0D0D08FFF506ECFF16E70FF6FEFAAA
:100A5000F113011FFFF3F90CE9EEF1FA0E10031E7A
:100A6000E1FA0110F605F70BECF50C07FBEEF103CC
:100A7000F80BF31EFB04FB0203ED0FE91205FA125B
:100A8000E1E6F313F60CF106E1FA0D05E30AE9ECF1
:100A90000806EEFA071CFCFDECEBEBF20F30FCF85D
:100AA000DFF0060AF41213F90019FD09FAE903EB65
:100AB00005FF020410ECFB1017090AF6F3D0070C2F
:100AC000EEFD0EF403051402F5FA101BF408FDEC1C
:100AD000F7010A0911120019FC060DCE09F51110D3
:100AE000C7F90E170A10F601F7E22007050CF7EC1C
:100AF000EA03F827FD0C131BF5F20AF113ECF208D8
:100B0000D9F300F9032004DEEBFD17050C08EA0118
:100B1000F6FEE91FF3ED0B0712D303F107E1DDEF5A
:100B2000D5CDEE16FC1516F9E0E40803F102EFF757
:100B3000F8F0E8FD170BFD0407DAFDE21613F7E8FD
:100B400025D0FBFFF5FB10051DF801280EDDF7E7AA
:100B5000020CEE01F9FDE9FE090302BFFBF01002F1
:100B6000D1010313F5ED17E8071E08FBDEF1F1E2F2
:100B7000E1FBF6FFE430EF0BF1050EC3F2E904F7F9
:100B8000161BF913000CFAE2F9100C00E8FC01EA5C
:100B9000EFE2F110D33FFB2400E90BE0F320FAFE73
:100BA000083EF5F8010900EEF9DBFF1AFDE504F94E
:100BB00009DEFE0BDC140818FBCAFCEA00FC11F687
:100BC000E820EBFCFB160D00F0FE211CF6F80C08EB
:100BD00007E905FEF703101E11E7F5E41910F3ED20
:100BE00016D4E403ED0E21181328FA030EF003D5F2
:100BF000200E0AF1F412F80310F70CE0FC060526AB
:100C00001D13F60E00E213F4FA4424E1F502F4E7B2
:100C1000F31408E8CDEEEA08EAE245E7FBD4FF6208
:100C20004C3AE6080004FFF6F03B0EF7D805F6E56F
:100C30000C04F102E0FE0B1E12E018D1DA06F526D4
:100C40000120E01803FB0DF00AF8ED0DE6DB02DCF5
:100C500005E10402E40E262007D4F3E1F11E08FAB0
:100C6000C8F1E00E06EA2BE909E32411F7D205F6F4
:100C70000DE512DBE4F4171909EBE4F2FD3407FE8D
:100C8000DCE3E21A01071B070D2610F702111DDE37
:100C900012FA16E9090E1CF11809FBF4E6EE07102A
:100CA00013000C03050505F0F91724DD121B0FEAEC
:100CB000F6F6F2E1F7EAFAEFE7FA23FAEBD80F2DAE
:100CC00003F903E4110BF8F9F9E7140FF41712E133
:100CD000E1F9E301F902F8F115070AE4E1F4170973
:100CE000D4E2F8EF10E51E010DEE2703F20C05D754
:100CF000F5F6FB010304240214030CE7FA2EF7E7D0
:100D000007E2020D0CEA18F715E53EF707F0FFF9C8
:100D10001A0609EB010834010EF015EAF43D32F52C
:100D2000E2DEFB2210EEFD030CD8EAF4D011D8ED80
:100D3000FF1FFCF8F9EFFEE8FBE3F7D6051DE7E03F
:100D40000D000414F8FDE00C12DE03F4EC030FFFB9
:100D50001BF711FFF71505E5E3FAD7CEE41903E910
:100D6000C9FC0135FE18EBEB04AF04CAF00A2610EB
:100D70000BF51CE0F60FFBE000FDD2E3D83502D7FF
:100D8000BCD4F72F0435DBDF13CD0AE1E8002435AE
:100D900016FF0707F227F4EB05F3DAF2E90F1DDB84
:100DA000D5EEF230022BEEF304FE0903F719223FD1
:100DB00014FD04FFF606F7F201E8F100F93A1E030C
:100DC000E4F0F521081E121413120D2206F4D2FCD1
:100DD000161615053717FD0410080D002004DB005A
:100DE00022F70809F5FCF9141102ECFAE8F0F8DA38
:100DF00013020E06060722F7E501F30AF518FAE3D7
:100E0000F4F30AFBF422FDEA18E20FE60C0941DED6
:100E10000DF31000F60612F9FCEE01F9E75A10CEB8
:100E2000BDC3060D0310F3ED1FCF10EBF9F73E1213
:100E300014F51DF8F715EDF310EE01DAEE38F9C6EA
:100E4000EAC1F608FE2DE1CD0DE313F2E9F7182211
:100E500027F10913C329F1E0F1061AE7D705F802D3
:100E6000D3D5FA26052FE3E40229051FFA00E50E83
:100E7000F40EFB1D2201F304FBFDF800142AFD22F1
:100E8000220C010DF6EF0521072EE2F8EC02F80224
:100E9000E60805FE05191AF7E3FBFEFF0905DFFD6D
:100EA00004F311FFFC040BFEFEFA08EEF40A17E34C
:100EB00026E9FCF3090607F5F8EEF200FA2FF2D85E
:100EC00010D807E2FD140C0805DC0EE1EAE614E98F
:100ED0002EEDEEF2EB0418F811CFEDD2E84BF1C68F
:100EE000DBD5F3F6F12608EB0CF11FDCEDEB1AF87D
:100EF0001DFD0D160048FDF2E60604EFD54619DB90
:100F0000E7EFFD0FFA27FCE4F1FBEB10F3E3E91642
:100F10001102150202F60F09EB15F7EA1113150B72
:100F2000F5F9060509F4F10A0009D3F4EFECE6102F
:100F30000C0D13FF0D0D11FDD805020A09F7F1F98B
:100F40000EEF11E504120E0DE6FE0CEE07FB020299
:100F50000500F8FAE4F42FFBECF1F3FDFEF7E2DB19
:100F600004E20EFAED11F933E8EADAEEEFDAF1E82D
:100F70000FFCF4FEFDFE180A07DCE4E3FC1DFAC5D5
:100F8000E6E1FFE7F50C0114ECF01601FF0503CED6
:100F90001F0C030800EA0B21EFE610EAE01D02E156
:100FA000F2E30EEEFB1BF40CFEFEE8F10FD9E42E8B
:100FB0000C0AEE013AE21510F40DEDE4061AFBFD01
:100FC000190A13F704F4F309FD0BEDFD06D6EC1135
:100FD00010F6F9F313F10301ECFBE71B1DF1EF042D
:100FE000F603160002FD18FCEBFAF00016FA0910E1
:100FF0001005E1FDF40203FE16F3E1220902F307F6
:10100000210A0AF3F3FB0C35DCFDEC11F0D8DC000F
:1010100000F8F7FC0FFEF22821F3E5211124E7FC8C
:1010200034F9F809F7041B0AE0080BFDFCFAF2D9C1
:1010300004030C2813EAE62406E700110D32F70535
:1010400029F801FB09030E2105F7F604F12FCFEB78
:10105000F1E6F121F9F6FAE00DF505FFFEC216EC16
:10106000E1F307F2FBE8052517F4E5160A22C4F4BC
:1010700007E5F21012E710EDFB01FDF6FBF1E9F0D8
:10108000E5E100F7F6FCF61015FD000B0FFF0DE78C
:10109000F1F20CEC0DB00D0114FEF00601F8E8E7DA
:1010A000FBF00417F8091F15F61B1900250917E0B6
:1010B0001F130DEDE2CEFA2927DFF025F603F0032A
:1010C00001C9E6F7FC102EFCDC09212D083E0228A0
:1010D000FD291506E7310826D1180D1A131B03ED5B
:1010E00014E613EA0B04FBFF0DD6F51109F5E7E74B
:1010F00000F6F61CE829F2DD09F61AF0F5EB190FF7
:1011000008170610F9DA040E17E0F2F8F6F3D8EF34
:1011100004FBD914FEFB11E2E40201F4F2F307F53B
:10112000F20407FEEF05E9080FCEF70A0AD40BDC3C
:1011300000E9F9FBE4C7FFF607F6DCFDDBCA09CAE4
:10114000E9DF0A02EC050EFFEAE6150604DE15E407
:10115000EF06EDE8D1AFE4FA25DDD22FF3C3DDF0E1
:10116000E6BCE5E5071825E0EC2C182B1A07FE1E57
:10117000050810F7F115DF05F2F01F1F06F5F9F06D
:10118000FBC80C1E24ECFDFC1DFAED180103FC0D40
:10119000220713F4F238EF001F2525F61803070C79
:1011A0001436F210FC01F7FB1A031EFBED0F1616A6
:1011B000F607F2F903F91EFA0A2B24E30CFAFBF600
:1011C0001B230DF5FC15F1FE09D50AF412FC1A01DA
:1011D00003E510E3F3D9131013F7F00A000424B168
:1011E000010D0CF4F91C1E0BD9DD211023F724F19D
:1011F0000104FAD7EAC9DE0E1DCEC6321AE9F3E4BD
:10120000E0E1DECE05121A07E4F63C2B37F80919A7
:1012100008E309E7F4F7F9FA09D41F1128F3E8DD28
:10122000FBEBF20506F805F10903E3F400FBFD0E04
:10123000F1FB05E70204F5ED1016FF0310F6F311BC
:10124000F31BF81411EBEEE70AFC1AFFF9FC11107E
:10125000F0FEECEBFEEF0BFB1AFEE7D9F5EDFEF529
:10126000000006F01716F60C12E1060711F102FD58
:1012700007090AD316DF0B010CD0CDFF02F706D702
:10128000E2E805E20D110319EAD32E1BF7D813E8A3
:10129000040D06F2FAD1F70FFBD5C12210F2F1F4DA
:1012A000D9DED9CF0C0C17F4FFEE192712E81EFD7A
:1012B00029FF05FDE8F9050302CF0DED1FF1FFE65B
:1012C000EBEDF0DCFC2A0FEBF7FEF503F1021F0B50
:1012D000F5F105FEEA2D12E4060701160FE9E524F3
:1012E000FA0F04ED0E0F05F204FC0601E9050B02EE
:1012F000E7F3F819001507F61AE401FFF5E21411F7
:10130000FC1F11ED0037F51615FFED0C15F61BFF50
:10131000FF0804040CF5EBF910CCF2FCFE0EFFF311
:10132000F20F0CDDF410F01CFFFA1B0302F7FC14A3
:10133000F00C0EFF19FAE909E9D2D61D09F90F02DE
:10134000ECEFF3E5F50014090826050BF4FB101289
:101350000021FDFC0C2E0219FDE312E1F72400F040
:10136000FDEFFD04FD1412F1FA150E1A0EECEE0D50
:10137000DD07F2FC2EC307F0FDE6E4F6FAE61A1DDF
:101380001808F6DDEC091E07F90AED2307EAECEC74
:10139000CB19FA0114C3E0FDF406E9D3F7BE1A37FE
:1013A0002C0CF3FFF0F3EC30E7211A1509E3EEF013
:1013B000E40CF9FFFECF03080114FCDB0CF7294015
:1013C00002EF050CF9E81A39E3012F0216E4EC04E8
:1013D000F90910F912ED0BF717FFEDD819080611EE
:1013E000F1D0100CFFE00112F8E701EDE3C6060BA7
:1013F0001004180114EA31F802EAF0FA12EE11F7BB
:10140000E2CF050A0ED9F0F3F40F16280FF60A13EF
:10141000F805F6E314C117FFE5F6F506F116F8FF37
:10142000031E06F6F2021FFFFF0ACE17E1FBE9FCDE
:10143000D203FDEEF3C7FBF40609F6E00DD50F115C
:10144000F1ECF5D7F5DEF10DF3DFF011E9EAEBF0A1
:10145000C9F6FFE604D8F7040910E0DDFDE112FB50
:10146000FFD00FF1F7EAFCFBF3F71BF7ECE5DDF932
:10147000DBFC04E001E307FB0D13EAE31113F0DFEB
:10148000E9D11007FFEEEF00FD0114EEECE8FA04DD
:101490000D0C0DF41AD61AF7F9F5FEFE1F1208E32B
:1014A000E9E40F1902F2EDFB0AC2581717F04304E2
:1014B0001A1AF3FC150008F9DEF10E27E458F72696
:1014C00003FCFF2AEF2411EA0BD20303FCEF1EFBFF
:1014D00011F80F0511F6FBF3061013FCFF16FD04BF
:1014E000E9CFFC170311F3F1F9F3E903D8DF04E8BE
:1014F000E2050F12F4EBFEFBFEEF09DCFBC30B0A67
:10150000BCE214140914F4F0FBFF0005E4E3D7E493
:10151000E414F51404E2FEEFF8F71AF10AF2E524F8
:1015200006ED07F30CFEE4FE00030912FCF5F2E5FC
:10153000FD14FC1B37CC21F11EE225F11D0AFF2909
:10154000280EF7EE0401ED1F1BFD2AF711E346F804
:1015500023E704F206071AEDE3F1E606012601EBA4
:101560000108120E022307FE1FD90BF70FF437FAFA
:1015700035FE04E4F20616EA02FDFFEC042F17C064
:10158000DE040D2C0A1FFA050BFAEEE2E9FB14F457
:101590000C041603090A1BF8EBE6160DF30C0BED11
:1015A000E4071907120EF3E7F713F60CE5F4E0F081
:1015B000E910F91B0BF9F001F0EA14FA05C30A204F
:1015C00006100DE806FDEE0AF602F41A0BEFE7E34B
:1015D000E603FA1415FD0A1920E9FEF31A0E1603A4
:1015E0001807F4E3FDF6131F21F3EBECE8DF14FD1D
:1015F00015FCFB1D231903FDE913F0FB011305FC8A
:101600001F1F1D0E1703F4F10E0520EB10FB320A0D
:101610001EFDDFEFF50A07FDEE01040AFA1D1DFCB1
:1016200005100B231114F70F020005E502FF280433
:101630001D0EFAEBF90C0F03F4F80611ED01FDF1A4
:10164000140B031C1A0610DE0101FB0803F2DD0572
:10165000001D0000F9F00DFEF2F20910F7E7EE0BA5
:1016600008F2E7FB0616F3F2F9E7EB2BFBDAECF3F3
:10167000FC0D0A25060BF60807F7F503FEF6110226
:1016800001F2E62AF5FA090B1224D2D340080DED37
:101690001C010EC71714FE2030F55549F9347D2181
:1016A0007D0D5CB859FF0B460F0A0301ECF505EE02
:1016B000F7FFFCF5FBEDE6F10D050107061001EC67
:1016C000032300FE080CD7FBEC040603FD00E4F343
:1016D0000610FCFC01081102FCF6F7F503FEFCF70E
:1016E000EBF6EE02FAEE1B050205FBFDFCFEF01127
:1016F00001EFF3F4FFEE0A0607FCFF0701FC07F811
:1017000000040CFCFBF308EF00EAFE050C1403FADE
:10171000040A1004FDF900F1EFFF0E190203F1F5C0
:1017200001FCFEF2FE050CFE05F308FFFC00FA0CBE
:10173000FDEAEC07030B080606020A07FBFAFA1299
:10174000FEE90201F4F7FDFE00FDF704F0FDF9E902
:10175000F6F8FFE6FD091EF0F5F3F7F5F20505F7DB
:10176000F0010AFBEEF21FFAFF0105F90102EF0397
:10177000080102FDFC03FA0717F6FAFDF7F7DA0E87
:10178000FD09F6FD110DFA0C160808FA0909FA0D03
:10179000FFF50CFEFCFDFE1102F8F1FEF7F6F7ED89
:1017A00002F506FBFB081C02E90CEDF4DF02F8EF82
:1017B000FDF1FF17EE091702F712EFE31109150605
:1017C0000D030D20FC00F90AFEFEF6FBFCFB08FFF2
:1017D000FFF7EC0B0104F601FFFAE8FFFAFE0B0637
:1017E00007F70208FAF8ED0B06F605FB00F212F512
:1017F0000D0503F90006EB04020CF203F200F6FA01
:101800000A00EB110313EDFE0D15F6F5FBEEF606DF
:101810001901ED0002F5DCF30BE804F0FDE4000132
:10182000F7FAFDFF06F5ED0305FAF910EAEDF5EC20
:1018300006FEFFF41803E5FEF1EEFEFD05F4F8FCEC
:10184000E9010513E20CFBFCFF0AFF0D02FCF406A4
:10185000FD020D05EEFD020104140D0816FAFD0847
:10186000F4F6E40CF4FB05F4FA0D01EFE0F514F2E4
:10187000F7FAF5FFF8FEF3F6FF1FF415E0FEF2FFAE
:10188000000BFFFFF310F6F8F614FE0103F9EFFF6B
:10189000F4FCF2F0ECFFFEFCFD0B1006F4F5030087
:1018A00002FFFEEEEBFC05F70C100715090DFC021C
:1018B0000400EBEFFD02F6E8F60703F103F5010182
:1018C00005F800F90300FD02001FFB070006F3F90D
:1018D0000BF1FFF3020DFE0819FAFFF0FD0703EB11
:1018E0000A00F20D110700F90E0AFFFAF8F2FAF0F9
:1018F00004E6F5FBFFF20F0A1AFFE5EA0617F0F21D
:10190000FFF4E6EBFDFB01F7F3F7F7F400FAFDFA5D
:10191000F7FEF6FDF305FC04FE01FD01FDF306FBF9
:1019200003EEF5FAEDFEF30C04F617F8E90F0AFDE5
:101930001204FB02050A01F00FF20221FBFC05F57F
:10194000EDFC060510F2140C06F2E8E3F50110FABE
:101950000BF8E707F7FA0714EDFDF9ED02F80FF9B8
:10196000FB02F5F5FAFC04F9FFFC0FFEFDFE07F79C
:10197000F0FAFCED05FA060C0EFEFDFF1103F5FB77
:1019800019040FF9080701ED09E013110604080214
:10199000FB1D1CF70E0EF3FD05F7ECEF04F400FC45
:1019A000FE0E090509E4F108F80BF0DE08FDFE045F
:1019B00008ECFFF5EDF2FFF2FBFD19F00C0D0E1631
:1019C00006FC01F403F103F2F4FB1704F303EA133A
:1019D00008FDE309F4EBF4EEF1F708FA01FBEB077D
:1019E000FE0103F7F01BF5ED080000FFFEF7E4E74A
:1019F000E802F9FBEC01E5F10208F3FFFF03EBFA63
:101A0000F609040FF10CF4F6FAF102000500FEEEFF
:101A100004F8FD0401F7FF10F8140B070CFCDE0BB3
:101A2000EBFAF7F4EED9070EF2FFF50404FBEB0234
:101A3000F909FBF7141F11EEF2FFFA01FAF2EBF5C8
:101A4000FA0308FC051A02EE0013000403F802F67C
:101A5000FA0D07FD0310F9F509F513F7FAFB02FF7C
:101A6000FFF8F60D07F7F4FE00180AF90D0D0E1336
:101A7000FA00EDF20AEB0FFFF5FD15000117DB018F
:101A800003F7000D0A0D1FE3FDFF09FEF8F5F5FA57
:101A9000FBEF0FEC000B070C060D00F4F8F3FEFD56
:101AA000FBFFF6FA04060008F8F90AFBFAFEE9FC67
:101AB000FCF30310FF1005FDF409FBFE0BF00D0F06
:101AC00007F400FCEEF7F904E7FAFA06EDFB0D095E
:101AD000FFFB0304F91005F8FA030501FA040EFCF4
:101AE0000E0202F60D170703050B03F3FC090CFAAF
:101AF000F9FEF5FD00FA02FE1708FCF3FFF904F702
:101B00000409F8FDF805F4F2F1F3FF030E01F70400
:101B1000FEF8FE12FBFB0AFCFEF80C1EF61101F6A5
:101B2000FFF1EF1106FDFC0001F30002F203FCEEF1
:101B300006F4090CF4030D05FAFCF902EF0BF903A6
:101B4000F9FE0C00F7150109180D0BFEEE02FDFF62
:101B5000F2F3F202FF00FE13F8FDF706ECF7FBFBD1
:101B6000FCF7EFFCFC03FD0E0B030106EC0CF7F099
:101B7000F40104FAF90603FB00F2FE14F4FEE3F1AB
:101B8000F6060EEF01E904FEFB000305040CEC0170
:101B900006FEFF01F902FEE9000003080001EC1156
:101BA000F0F9F4FE0501FAF106F80305F2F5FE037B
:101BB000FF07FE0DF3040615EEFF09F9F402F4F732
:101BC000FA010A05F4FB05FFEEF1F313010AEB013C
:101BD000F808FEFBF3F80900EFF5F700060DFC0A24
:101BE00000ED000FF1FD0FF9F7F8FDFB0205F8110C
:101BF000FB01F503F60A08040BFF04F4F6F509FFF0
:101C000002FAFD10020EF102000008FDECF00DFFDB
:101C1000F20208040D05020E07E60B02FFF3FB02B9
:101C2000F701F7FDFAFE13FEE60008ED0E02F802DA
:101C3000F3F0FF02F4F82009E9FD0F13EA0219FCA2
:101C4000FFF00A08EE0417080408F7F4F90215FC7F
:101C500003F3F3F6F4FEF3EC0B05F808FE0E0DFBB0
:101C600008FEF6F0FCFE07F90CF3FB0A0B120A065D
:101C70000CF7F4110F030D07E6F310F812F7010843
:101C8000F9FD04060BED0A06FCF60D05F0FE20FE3C
:101C9000F5FEFC0FE2FB0D11F209FC0AE2F210EF77
:101CA00000F5F8DBFB09DCFAF80B0312F5FAFFF894
:101CB00005F600F7F904ECF9FF10FBF8FDF6F9FB67
:101CC00009FEF1F50208F7EE1007F3FF000AF4F43D
:101CD0000D15EC0708EFFAF70F090BF9EFFCF5DE2D
:101CE000FB00ED09F1E4F600F30D13F9F6F6FCF84C
:101CF00004F9F112120AE5F7F2030714FB01F60AE0
:101D0000FDF0FF020EEEFEFDFE05080CF907F70ED2
:101D100001F40207F404FAF9EBFD0F00F2F7F5F510
:101D200003F900FCEAF102F8E70B0F06080204F9D8
:101D300005FEFCF3F3EFFD09F7FB03FBFCFFF7F9EE
:101D400003E3FF00F7060906F3FEFB0A0004F7FDB4
:101D50000CEFFDFB02FD0D02FBFAFE07F80905057D
:101D6000FEF1FA00F7EB090DF3ED0204FEF702F4C1
:101D700004EB0F02F400FEEFFF0BF9021BF0100062
:101D800016EEFEF8EDF0FA17F4EC05E8F1FDF807B1
:101D9000FFFAFFE4FA000BECFFF208F8FD0BFCF889
:101DA00002F1F807030812ECFAEF03E7FAF5F1F98C
:101DB000F4140300F7E114F5F0F205FBEDF6ECF591
:101DC000F61104EEFCFBF4FAF3F5FCF801E4070766
:101DD000F91001F90203011319F60CF310020B07B5
:101DE00001FE0508F7F900031BFEF5FD02081704C4
:101DF000F9F9FDFB060103FF0C0803F1FE00F901F0
:101E00000809121A0A0D01F91102F3FE11EDF9F990
:101E100000FC06FDFBF7F4F307F5FEF505FF0FF4F4
:101E2000E807F300FF1804EBFC1B10F7FE05F9F5BB
:101E3000EDFAF921020609F10F0BF0FDE60DF905A7
:101E4000F1F40DF7F9FF03F60812FEF20000FBFEB5
:101E50000F06FC0FEE17FEF71408EBF000F80BE48A
:101E60000BF802FEF506EEF5FF04F0F9020BF1E6C1
:101E70000B03ECFFF20EFAF8FCF003060DFC090967
:101E800003F2F3F50D0500FC0904F30AFFEDFFFB77
:101E9000FAF4F2E9FFEDFE021326F8EE0BFEF9F478
:101EA0000EF9EEFF060304F4FBEC03080404EAFB5E
:101EB000ECFE0AFFFDF903FE09E9030D14FD13EE24
:101EC000E3F4FCFA07FEEEF802F304030A00FF0F46
:101ED00005F8FB020E1204FF05040D02FFF5FE14C7
:101EE000100C03FBF0010A03090D03F2120807FFAF
:101EF00008FDEA07E4F90813EDF40203F7FF0D0209
:101F000009F7FCEEED00FAFF00F20510F2E9F2E34A
:101F1000F4FE11F5FF1C150601FE0501F606110879
:101F2000FEF0F500FAFFFEEE060100FBFD05FD01E7
:101F300009F0F4F3F3F9F5F5041A05FBFC01FA02D4
:101F40000D02EBF7F4F9E8E6051CF8F10AE9F908E7
:101F50001423FCF4EDF0EBF0FCF9F00A0909E800B9
:101F6000FC08FFFB010F08E6E9000201EF03071080
:101F7000F201F7F9F6EA08FCFAEEF2F9ED03F604DD
:101F80000DFCFEFEF6E8FFEE03F0F902FE07F40199
:101F9000FDE0FA0201E1FAE8FE0FF3FA0BFA09029A
:101FA0001A0E0109EFEAF5F005FA04030F200011FB
:101FB0000200032005F8F00DFFF30700F8F4EEFE31
:101FC000EAF508F5FBEFFE07F7EAFCF6FAF8FC0184
:101FD000080419FA0DFDF801F6E7FBFBF6F3FE1312
:101FE000F5F90A09F3EDFC0401FA0501F8F9080412
:101FF000F502030EFDF1EE0EFAFC18F5FC01F3F804
:10200000F90D02021E01EE20EEF1180605FEE802AF
:10201000EBFF08E9FD15FBFBF8F707F7F3F4EFF327
:10202000FE051506050AF4F0FF1D1503F9E104E7A6
:10203000FA12F80AF9FEF2ED031A210A00F605F584
:10204000ECFCF7F20AF0F40615030AF2EC04E30CD8
:10205000F809011DF3FC09F4ECF6FFFA1207F0FF92
:10206000E70EF601EA0608F6E5F3F8F502FF010DC2
:10207000F1FF0FFB0803F803FD070602FDEE11F167
:10208000F7EB000012F0EAF7F7F709F0F4EF19F5B3
:10209000F1F70BEB15F2F707F4E8F9FBFE000B1B69
:1020A000F4001911020817FA0D00F608F403E70A04
:1020B0000C02E305FAEE1006F702FF11F7FF000E1F
:1020C000FEFFFEF600F0EDF10612F41305F62BFF0D
:1020D0000406F8FA12F506F4060511DEEFFDFAEF34
:1020E000FC04FF030C05290AF0F0F108FAF8E506F4
:1020F000F2F2F5F3F6160B0204FBF9FEF5F6ED002D
:102100000EF8F6FFFFF90A06ECF5F80DFEEF02F502
:10211000F8040105F6EE03F7FFF6F3FC0F020B08D7
:10212000F50400EF130003EE10F601F2FBFDF607D5
:10213000F500F705FCFF1004FEE80609EEEAFBF7E0
:1021400001F7FDF2F9FDF01225F90100FDFCFF0297
:102150000CF9FDF504010BF7FF1005180A06FB0149
:10216000FF06F6F5F9FF06030CFF0205EFFF060D6B
:1021700008FCF5E800FE0001100A1106FAFC08FF51
:1021800010F8F6FAFBF70E01EAF30601F5EE01048A
:102190000AFF00FFE7FCFAF8FE05FE140901EE163F
:1021A000F7F80BE7010505F40705F10FFC0F010334
:1021B00000EF01EBF5FC0406FC04FEF4EEFDF70372
:1021C000F6E9F8F2FFF20EF904F9FC04EDF2F3F788
:1021D000FE0001FEF5FB08010FFAFEFFF3F4F71213
:1021E000FEF8FF00080CFCF8E9F80006FCF8FC20FB
:1021F000E4FD01F706E8F8F50C16070106FC010BF3
:1022000003FAFAEA0E010EFD0106F5FFF8F7FF00EA
:10221000FEF2F3F909FC09F10C0DEA06FFEBFEE70B
:1022200009F9F3F5100904140CF8E70C00FAF40EA0
:10223000060109FC0104FDFEEBF90DFFF30305FFA8
:10224000F502F0F1FADD03F5000B2FFFF30307F1C0
:10225000FEFFF7E706F4F6F1FA0613FFFCF107F3C9
:1022600000FC0201040FE8E91216FD0008FF05ED6D
:1022700016010F080C0AFFFBFB0EE112F80AEDEF46
:102280000102FD17FAF807FDFDFE01F2F00CFDF268
:102290000000F91BFAF1F80DFFE92FEDF10D03FB3A
:1022A00004FCFE0309DEFE0107EA14F200FE1AFB3D
:1022B000EFFCFBFBF90AF0E40DF908F3F40B000165
:1022C000F2F30414F70203F2FBFCF601FB20E60C28
:1022D000F3F7E906FFF605FEFC03E7FBFEFAFB1148
:1022E0001700FA16F71DF807F2FBF701F8F31C01C7
:1022F00006FB06FFFAEC0FFCFEFBE7FAEDF21FF619
:10230000EF04FAF90CFEF8F9FBF9F4F3F705010410
:10231000FCF3110602FF0303E90CF813FBF9F711B4
:10232000F8FCFE03FFF3E219EFE70901FF02E10603
:10233000FBEBF10201F50414F6EF05FDFE06030CBC
:1023400000F50D0C00F7FFF30B00FEEF0500F108A0
:1023500005FAFBFD04070D0F05F600F2F6F9F7F795
:1023600007FCF1F50CF9FE0DE4F9F2FEF810F7FDAB
:10237000F810FC0E01F401F601F9F0F90007E70D81
:1023800005EFF6FEF51B030BFEFE020A04F5F7FA55
:1023900003EE160FFCFEF7F9FE01FBF1FD0BEC025C
:1023A00006FE04FA0401FE0DF702FBF3060100FD30
:1023B000100CF3000AEE06F4F20006121EFDEDF01A
:1023C0000015F1FFFCFC08F61205FEECFAF808F81F
:1023D0001500F0ED0611FCEA18F304F804E50E0808
:1023E00005F500F604011510010006E9FBF6E7EF1C
:1023F00010F40FF509FE1D0D031502DEFFF501F2C5
:102400000DFFEDF9FDF7F2F2FB1116E8110CF4E9FE
:1024100000FDF8FDFD05F7E8F007ED05F905FEF50F
:10242000F801F611120406FA0709F414F6EE06FE96
:102430000400F1FE000F06F8EC06FCFDF9FBF600C7
:10244000FCEDF6EA04FE1407FCF1FEF9FF060801B4
:10245000F1F8EFF7F7FF04FD07F708F9F502F7FCCD
:10246000FBEF040FFE18150AFFFEF30907FCE8E76F
:10247000EF060C15060DEE0801FAF708E6F2F7E490
:1024800006161304FA0DEF05F50CF9EBFEEBFBF95C
:1024900015FDEFF5F301F102FAEAFFF8F9FF08FA8A
:1024A0000EFDEFFEF61209FAF1F103FBEF0103F660
:1024B0000AF9FC1BFFFF1610040409F3FD0307FAD9
:1024C000F3D5000315F6FDFE0D02F5F402F5EDF46B
:1024D000FBF6EE0F0BFAF6F9FCEF080EFCFCF0F63B
:1024E000E6EDF5F7F80F0BF5FBEDFC0904080A081B
:1024F0000EF6041002110DF3FE02120C0106030A7F
:102500001204F208FE0D05FDF7EC25F0ED1202F1C4
:10251000EB05FFF703F4F5FE10FE01F4FAFDFDE50F
:10252000F6F01016F31610EFF8E9FF07F109FA05B7
:10253000EAFA0F03F9FF1A09FDFAFB080408F5FB94
:1025400002F207070FFA130E09FB080900020BFC41
:102550000FF8FC04FCFCF8FBFBFCECF7FBD8D8EC18
:10256000FD3CF0E8FDE7E9ECFC04F6FBFF02EFEED2
:10257000ED2319E00414FAE7E7F602FE020201086F
:10258000E7FF0CFAF10BF9EEFB0B0AF613F807F371
:10259000FAF3FFF80100E9010505030806FA01F95D
:1025A0000FF9F801FFFEF7FEFA00E7FCF9F3FDFC76
:1025B000F344E1FAF9E5F607EE0CFF0CF510F4141C
:1025C000F9FCF7070EF2F603F6F7040FEA03FEFF35
:1025D000E7E60008F4EDF101070C03EB09FD030643
:1025E000F0F5FFF800FCFE01FE0901FEF806F4F428
:1025F000FCF90006F607FA0502060FFAFEF9F8F9EB
:10260000E605E9020BE7F105E608F8F6050304160E
:10261000F9E200100AF005F9F3F8F8FEF911090ED5
:1026200002E406FE0010080905F603F90109FE0E92
:102630001CF5FEFA071306F908FE0E09F205FAF872
:1026400016F40501FC060E040301120AFAF8E8FB71
:10265000FEFCFBF1FCFBFFF9F2F50F0702FEF902AD
:10266000FD0D03F4F5FF0AF7E4020CEEFDF400FCA7
:10267000EFFAFB0E02F0FFEDF902F0F806FC0EF89F
:10268000F9F1FA0524F801EC0B0501FE09FFFB0640
:10269000EBFFF90910FB0D0101F2EF0917F60EFA35
:1026A000FCF3F7F0EBF30FEBFDED031908F2090172
:1026B000F7F40308FDF817FBF3F0F5FAF2F1F60C66
:1026C000F3FDF613F7EEF5F7F8F9F7F4FDF6FEEA89
:1026D000FA0403F603FCFFE906FEF90EFA0E0AEF10
:1026E000F3F3F3F9F5FCFAFB08F41AEA00F709F63C
:1026F000E5F3FC03000BF5FF190018FEFBED1B0DC5
:10270000F1F5012605FD08F805F202EDFA00F827BB
:10271000F6F30B0213F51AEEF40004ECFCF6F0F6F7
:10272000EF09FAFDF9FFFCED00FF0F04090805FEB3
:10273000FEF4FDF7F2FCFC00F7FD04F9ECFB0C05E0
:10274000F30AFD080218F8F6FA06EC0BF1F715018A
:10275000E51BFFF4EF0AFFF6FC10F9090216FD0174
:10276000120A1804FFF8010FF9F7F3FC010AF8F850
:10277000FD0C03F701FDF50D000F0203FA0002FF47
:102780000B160DF3E715FFF90D03F707F105E3FC51
:10279000DBF9EEFE0BFE110FF30AEE04EEF8FA0B76
:1027A000FFFEEF020AFAEB02F50111FCF4F4FC055E
:1027B00010F71204010806F9FAF9060704FFFF02F0
:1027C0000106140AE602FBFD1DFC0C070B051107B0
:1027D00000F7F30200F5F6F0F1FF09FB0D0310011D
:1027E0000DFFFF080A04F4F3060509F5F208FD0CD5
:1027F0000902F40803FEF7F4F5FEF712EA0BF605FA
:102800000104F6EC08FFF301F6FCF9FAF404FBF41A
:102810000CF3E715F6F109FB14FE0EEDF707F4FED5
:10282000F6FBD90D02FEF007F1F5FAFC0300F1F911
:10283000F9F6F5EEFBF7EBF40205F7060BF8F705F2
:10284000F503FCF60006EB05081304EE1BE7FA0F90
:10285000FCEFE9F2F9FCF60DF10406FB01EEF8F9E4
:1028600002F6FF060AFFFAEA030205F0F5FC000192
:10287000F6FD17F2FA07E20314F10310EA05F0F986
:10288000F8070903ECF8F20404FCF116FFF5FB0667
:10289000FB04090C0C07F3160005FD110B06F2FBF7
:1028A00000FDF4F30103181208ED0DF80201ECF538
:1028B000FF1A1AF0060105F8F9FE0111EFDF081002
:1028C000E21059E80D08F0FD08100E0FE8F203F0D1
:1028D000F704FA09FF0901F303FCFB14F70510F7ED
:1028E000F600FF100505FBEDF8FCF80B070E27F7C7
:1028F0000EF3F2FB0CFF0DFB02F006F6F217EF01F0
:1029000003FEEEF3F8EC12FEED10FF05F4000018E4
:10291000EDE60B00F408FDF3F70008F3030A0FFDE2
:102920000C02FDFE1303F70F0204FCFD0204F50484
:10293000FE01FBFB07FAFF04FFFEF8F6F2FA01F8CE
:102940000BF6F7EF01FDF0F8000F04F30406E908B9
:102950000309EDFAFA01F701F50B04F9FDFDFA069A
:10296000F212FAFF00FDFC0404FAF40806EF00F886
:10297000FBFDFEF1FAF80804FCEC06FB050000F193
:10298000FAFFF6F9F4F60FF9E9DCFBF71313FBF2A3
:10299000F3F515F1EBEBF0060500F6020B10FCF079
:1029A000F5FF06FBF6FEF1F512020501FD05FFFA43
:1029B000020900EF07F006F0F1061402FEEFFE0C2C
:1029C000F7010BE4FC04F507F8FCFE01FEF9010B2E
:1029D0000400FC01F2FD0D04F7E911F6FBE9010426
:1029E000F8030200FE09100114F408F5FE01FD06CB
:1029F000F8F80CF304FB050403F607FCFE0A0C0AC6
:102A0000FC0022F911070F00F71000F8F4FEFAF9A4
:102A1000F917F8E7ED0FDFFB030604F701F5FBFA02
:102A2000FE0BF8FCE10B00F0FF1EF9F6F7EAF1F7F8
:102A300001FEFB1EE90D01020F05FF04EFF5020781
:102A4000F70AFE02FBF7F5EFFEFFFE0EFEF9FAFCB9
:102A5000F40310FFFF02FFEF09E804F4EA01FBE4CE
:102A6000E312F409F507E703FFE4FDF3F9F401EAE3
:102A7000F5F9F101E80DF7ED0D14EEF301EAF7EACF
:102A8000FCE0EA2DF70EFAFDFB1FFCF3F4E8FFFA79
:102A90000900F5F7FF07FEFDFB0FFFF8F3F0FD005F
:102AA000FDFAFBFAF8F8F3F71FF80BF8F005F5FC60
:102AB000071C170D101AEA0B06F3FFFB06F8FEF1D0
:102AC000F9F8100AFC04E8030FE907F716FB070002
:102AD00012E8F40CFC07FC0401E903F4FBFA00FF24
:102AE0001FF00A00070B13EEFC000AFCEDFEEE06D9
:102AF000071003F7FB0A0300F6120208F6F3F1FAD7
:102B0000FE01080600FEFDF61706FBFEFF02170099
:102B100002F1F7FDFB0AEC04FCEB05EF2211F6FED7
:102B2000FB02FA06FD02F7F701F2F9EBF9F7FA04F6
:102B3000F1FA0AF60A070BE6F4F609E804EC0A07CC
:102B4000070D1808FD11F20BFE01ED09F0F8FAF778
:102B5000F6F8FCFFF8FE08FD0C1A0207FBF5FDF481
:102B6000FAFEF209FCFF04FF01FE00FD0BF7E4068C
:102B7000F6FFEC03FA000AF7E9ECF502F5F4FBF5D1
:102B8000E60311E2FEFD090DE9F804F7F8F5FF028E
:102B9000F40010F40001F4F1F3F3E40E09EDF00099
:102BA000FBF402F9FFF9050D1B070914E5EAF9F931
:102BB000E9EF01FE0905FA091E1DF613EC0BEDF70E
:102BC000FCECEF1BFB140404FB0DEF13E2FDE9FE2C
:102BD0000D01FA03F1E305F3EE1E1522F100F428CE
:102BE0000C01F3F5FCECF800F8F502F8FCF60AFE2F
:102BF000FAF203F700FBFC00ECE3F40600FF0AFC2A
:102C0000F6F016F20303FC130B00F322F201FCF9B9
:102C1000F1EEF804F90C12130205FA0B00FBF3F2C3
:102C2000FAFFFCFAF9F70301FC17FA1506FF020A8E
:102C3000FF07F70306FDF60D1DFF0AF4080DF1026C
:102C4000010F01FDF8F4ECF1EDF508F7F713FA03C5
:102C5000FCEBF308F4FBF7FAF9F90F11F30AFCF8AF
:102C6000EAF80A08F90D14100B0201F605FBF3F25D
:102C7000FBF7FDFBF10807050C0B06FBFD000A0442
:102C8000F2060303F908F9F7EDF3F3FCFCF9FC0194
:102C9000F5F803160BFCFD1AE3EE03F9020E05022C
:102CA000040906FA030304F21B15F30402060AFDE5
:102CB0001609FBF012FFEEEF1604F205140AF6FFF8
:102CC0001BF6EE0705F90802FD06F9FBFD0A03F6FF
:102CD000F30C05FDFF030706F9F5F70004F8F0FE15
:102CE00005F1E2FE00F20202F0E90503FDF8E5F36A
:102CF000F5F5F8FAF2E106F40B00180DFEFEF9E91D
:102D0000E90903F0ECF5E1F7160008FB06EDF2FE29
:102D100007FCF3F8F1F9F4EF1CF8F8FCF8F6F1F51C
:102D2000FD0414EEFCF501F7F5E100F50B1C08FBC2
:102D3000FB010F0704FE1513EEEA0809FE0E0BFF58
:102D400005F90701FEF618F4FDED0B15FF0F1BF951
:102D5000EC01F1FAF3F6FEF31201FBF902FB00EFCE
:102D60000809F80C01F8FBF308FE0203FA0204F468
:102D7000F4FF0707FE0509030EF7F404F4F0010A57
:102D8000FD0AEBF7F805060201F60202FE0CEC0262
:102D900006F9000EF9FC0DF302F6050EFFFA08F431
:102DA000EAF5F4F1FBEFF2F81209EB01F7FDF3EFAE
:102DB000FDF404EF050513F40201FFFEF903F0042E
:102DC00003F8FC15010610E40700EE11EFFEFE000B
:102DD000F60511F0F710F7FFFDFBFC0503130510D6
:102DE0000BF611F808FB05FCFFF20CEC1B02FA00D5
:102DF000EC000F05FCE4EE010A02FBF409F3FDF41C
:102E0000F10919F004FDFCF4FDE9FEF403FE1008DD
:102E1000F900FB080EF90DEBFEEA05FB00F5F1F9F0
:102E20000EE21906011904F103F9F7FB0FF40AFF8A
:102E300006F709FE110704E8020BF5E90404F8F2AD
:102E4000F323F9F1F4FA03E9070DFCFD0FFFF7F99D
:102E5000FD13F4F304F7FFEE05EC06FF0403FC009A
:102E600000E5F006FDFCF90002ED10FFFE05FBF9A0
:102E70000DF1070AE410011109FCFA04F9FA0BEE4E
:102E8000EEF30D0AF017F504020BE8F805F00F0356
:102E9000EA02F7F6EEF0E800001107F408FA080E6F
:102EA000F90F0EEE0CEDFBFC04F70FF1040EF91117
:102EB00001FC0B0F08F509F4F80D01F309080303F1
:102EC000FDE7EB05030D100403F01CF5F50502DB2F
:102ED000F3FEFF2AF01C06F5F9FFFBFEF6F11502E2
:102EE00006FCFCF9E7ECD709EEF71607F600FE0F33
:102EF000EEF827F813E711FCFBFA0506F409FEE4E7
:102F0000F5EF0B08FEF300F100F307FA0A040907D6
:102F100000F906EC01EE020902ECFDF4F00EF4F00B
:102F2000FA15F9F51AF010FFF600E8F9F5EFE5FAF1
:102F300003EBF1EBFCEADEFFE5EFF3020003F8F54B
:102F400008070B0809FB03E60DFD091CF3080FF148
:102F500000F2ED00050B0FFD08F3F7FBF9F5F506A0
:102F6000F90302FC05EE0D071101F0FCFC05EEE58E
:102F700010130909090702000904E3F104F5F20836
:102F80000109E8FEFADFDE0BF806FF0316F5F31C75
:102F9000000BED10040105E7F80E0E02F70606FE21
:102FA00004F702FA051B06FD0401F80EF8FDEFF622
:102FB000F3FCFAF2F508ECFCFB1DF321FDE6FDF84D
:102FC000F2F6E80CEDF8010C011A1002EB13040004
:102FD00006F9FBFE02030507F6E908E9FDF4FD0525
:102FE000FA0306FC100501ECF3F1E50EFDFFFAFC17
:102FF000011915FBFEFAFD001308001104E6F3F7B2
:10300000F508FEF9F4FEF109060FFC1705F612FAB1
:1030100002F6F9FF03F7FB020904FDE8F7EF0E0DD6
:1030200017F10503F8FBFEFFF6E7EFEE0EEBEF07F7
:10303000FDFA09FAF702FBFCF3F3F5FDFAF7FD01DF
:1030400012020004FDF1F403FA01060604ED10FE7D
:10305000FC1A07EC1AECF324FCF70805F70D092617
:10306000FBFF11EB09FA00FC07EB09FBF7F9FA1F6C
:10307000FA0210FEFFF1E3041208F8020A00F1055B
:10308000EEF4F9E8F5E800F3020A0807FEFA020B8D
:103090000DFF00F5F5F8F8EFF4EF28FEF0ECFD1069
:1030A000EBF0F4FD0BF5ECF801FBF8E7E50B08ECB1
:1030B000FCEF0813F2FF09FB07F3FB07F802F7F632
:1030C000ED12FF1FF0FBF80B1006EAFE0FF2F605FB
:1030D000F9F9F3FEFBFD0CF50F11ED09090CE507FD
:1030E000FDF1ECEEF4F9F4EEE3EBFCEBF7F3FD1A93
:1030F000F4FA00032204FCFCF4F7F802DE01F2E625
:103100000D010F12091119E9F8EFFB030309F5EEA0
:1031100001060202FF0203F30007090E08FC08057E
:10312000F6FBFCFF0909130512090E11000313F643
:10313000F9F0EAF1FEF8080AF0F602F0E9F6E40622
:1031400000EEF10503040C01040204F3F200F9FFA0
:1031500003F1F302F5F7F90105FD00F40FFEF60E99
:10316000FDEBFE11FDF301EA02040E01FF19F6EC7E
:10317000012303F502FE02FCEFEEFA20F5F7F3F36C
:10318000FE1802F9FF050FFFF6F1EEEFF013F0075E
:1031900013F5F307090107FE010611F2F70FF30516
:1031A0001402FAFFF9F7E4F300FE0AEF0104F40F4A
:1031B00010F00DFAF704FC0406F9FDFD0003EDFF25
:1031C00013F9100400FC0F01F003090DFDF5ED00EB
:1031D00001F112F1F70003EA080DE8FCF6F80A190C
:1031E000FE09F5031609F7FF100907F901F90BEFBE
:1031F000F2F2F4F1FEFFED00EF07F7E91D04F7002E
:1032000004F1E3000AEFFE09F403F4F70722FF18C4
:103210001EECFF1102EE09F5F2020B09080C06FD87
:1032200000E4FBF0F3FD01EDFB0FF8FCECF80713F5
:103230000BFB0B0509F9F0EB0BECF5F7E3FE0CF8D3
:10324000EF0600FFF703E9F8EDEFF0040A0716F3C5
:10325000E6FDF3F0F5FAED10FC0205030A080300A1
:10326000FEECF20403EBFA0B05F30803F7F711FD8C
:10327000FFFBEAFDF6FD01FFF8FD00030702FF1466
:10328000FAF20BF20306F8FBF9F604F2F6FCFCEE98
:1032900010F90307F8FEFEE907F2F40B01FAFA0150
:1032A0000B0D05FC06FCF8F80CF70104ECEB020F23
:1032B000FA17090207FBFA0E110801F6F7EA030DE7
:1032C000FD09FDF90AFCFF08F9E01DF3EC0200FC22
:1032D000FE04F110091306F7EF0424F504111DF69E
:1032E000E8FC18061304ED0BFC00ECEFF6F203EF1C
:1032F000FBFF06FB16F508FBFCEEF3F4FC12F3F201
:10330000F7FA0F0107F819F6F6010507FDFEE8FECA
:10331000FA08071000F5050CEEDFDE01F3F50313E4
:1033200006FCF30BFBFA0CFBF3FBF70D040818F893
:10333000EFF101F3EFFAED09F4FDF3FF04E8060401
:10334000FB0102FEDE04EEFDF2F9F207EDFAFDFAF2
:10335000FE0C08F1F203FF01FEFD0C0CFAE7ECFC99
:10336000FC0AF9EBECFEF2150EFDE305F5EEEE05B9
:1033700004FC0DEDECEE30FB0309F51700E9F2EA71
:1033800003E204E8EBF001010B02FC0A05EBE71293
:103390000EE5FDF5FCEC0AF61304FB1104FE160B1A
:1033A00000FBFCF7F8FC16011D001712FEF900F5F2
:1033B000F8F40107FA0803F113F9F5EDF5FAE9F26B
:1033C00007F1FBE9F9EAFEFC0C0CF7F2FBF4FBF762
:1033D0000FEEF8F0F7ECF1EEF905F5FDF909FF084D
:1033E000FEEEFCF0040BF8F5F609F4F40EFB05FF15
:1033F000FF08FA04F3F309FE060FF9FB0304FFFAD2
:10340000F9000501060310F81BF40801FA00F6F8AC
:103410000A0102F5FE02F7FD06010F02F0F1FFF9C5
:1034200007F208FAF5F1F8F4FAFB0403F307F815CC
:1034300007FC04060F10F2030110F6F602F9070A62
:10344000070EFD0D0408F912090D0CFEFBF9FBFE39
:10345000F7F4080BF200F10604FE0BFEFBFDFCE5A1
:10346000FC0EF805EC0906F9FFFF16FFF50DF6E96D
:10347000FF01F507EB0A08F5F8F41802EEF6F40080
:10348000F7F301EBF0F204FCEFF6F9F7F9FA0706AF
:10349000FDF800FBF900090C01FC08F9FEFB150022
:1034A00003FA0FFAF2FA05FD11F60D01FB0B0E05FA
:1034B000F311010B080409FFF6F911FDED0B0604E9
:1034C000F91FF9F30401050CF6E50212E700F3F425
:1034D000FA0AF6F80AF811FBEBF5F300FF05FB1406
:1034E000FF0CF8F30001000EF2090001EEFE06FDEC
:1034F000F30712F8071C03120FFFF409F608030C78
:10350000F6F9FDF402F40DF405FA08F6F404EEFE03
:10351000F90303ED07EFF4E90AECED121708E1F106
:1035200013F4E502FAEAE9F0FA0DF4F9220BE70FD9
:103530000FFEFA05F5F5F3F7ED0DFF0C0C06E5FDB2
:10354000F4F1F918060800F5EB08FAF3F7F9F0F3CF
:103550000CF203EF0309F309FE02F7EFFA00FBF0A8
:1035600009FD0EFC0903ECF911FAEA0DFEFAF7F871
:1035700015F6F6FD10F6F3020208F5F900F5F2FE75
:103580000DFDF9020EEAF1040105030602F9F6FC4D
:10359000FBF0F00BFAFBF6E801F20809E909F6F492
:1035A000F90003F8020D0AF404EDFF12F809FBFB21
:1035B000FF020519091108F50FFC0003000DFFFFBC
:1035C000F4F0F5F611FE050B000CF5F6FC0C000B03
:1035D00005FFF50909F101F5010500F1000E0204EE
:1035E000FFF9F91D08F10A00F20308F90CFDE803E0
:1035F0000A00EBEBF3EFDFE21612FAF90DE3DFF569
:1036000003FAEFF3F4EEE3E9210DFCF01F11F408E7
:103610001F0FF7FD0CEFEBED04F60603FD14100A87
:10362000FC05050E04F706F2F6FB0405E3F9FDFEC2
:10363000EFEC01F309F71800F90F01FB17FFF41184
:1036400009EDF9FFFCEEE5F90209FBF802FFFB12B8
:1036500001E9FFF7FBF605F905F103ECF105F21AB4
:10366000F9F7F8F5F4F1FFFE09F80CF5EF06F4F8B8
:10367000F4050C07F0FAFA07FA060C16FD00EFF64F
:1036800008F71202060704F8F110FBFE0F0EF7030D
:103690000DFB020FF9F605FCF8FAFEFBF902130C1C
:1036A00005F9FA030AF5030FF007FEFFF2FFFC111C
:1036B0000A04ECFE02F3F1F5DFF7F4F3F9070DF27B
:1036C000F31003F7FD0CFDFAF606F9090D0B0202E3
:1036D00004F5F8F0F603F812EE00FC0E00FB06010C
:1036E00002F0F009F5F60801FDFF1205E9080802ED
:1036F00001EDFC0109FA10FC06FC05F900FA020EC6
:103700000AFEF80C01E20E0CF9F5F9F8F90804E9E3
:10371000F101F601F8030802F3081107F90104F7B3
:1037200001F0E9F6000511FEF90D0907FEF9FD0F9C
:1037300004E9F0F9FAF0F10E00FA0005F50CF7FED5
:10374000FCFBF5FDF9F400F402F4040FF919000B89
:1037500007080C170FEE02FC05F009FDF300F9F263
:10376000ED1013070507FDFEFB040AFDFDF109F846
:10377000F905FCFEFD0805FC00F7FC120BFE060532
:10378000F501F82102F401FB04F91813F20FEFFF21
:10379000F904F1F8FAFCF00C011105FEED00FCF162
:1037A000F3FF04F7F8F9F21A09FE06FBF0FF04E94B
:1037B000F1EAF4F3FEF804F30F0402F5FB0B10F644
:1037C000F8F3F404F9EB01F80A11FEF7180B0DFCFD
:1037D000F80104FE0B06FC06F5F9F60F06F5EFFA04
:1037E000010BF4FDFBF10C0CEEF8F6FDE7F0FCED3F
:1037F00002F303F8EDFB0C09F3F8FCFFF8FE01F20D
:10380000FEF902F2F9ED10F70005F3FC060705FAE0
:1038100003FF0001F2F9FFFAFD1403060AF903F9A8
:103820000B0803F20408FC06F8FCF21205FEF3FD97
:10383000FBF3FDF6FEFB0CF70202F60AE5FE0CECCC
:10384000FAF703F7F0030F040CFDF4FBEDECFCFEBC
:10385000F7EDFFE5F2F602FA1B0BEC03E8FF02FBC3
:10386000FFF008F1F304FB02F90E0808E7F6F8028E
:10387000F3F2030509F91902EDFDF7FDE5F4EEFA9F
:10388000F0EEFFF9FDF90806F407F1FFE3F9F6F9A8
:10389000FEFC06E9F6091B0DF4F8FA07E5DBF80F64
:1038A000FFF60FEDFAFB050AF2FFFC0DF6E2ED273D
:1038B000F4F008ED0BFB09050C080900F1F30F0308
:1038C000FEF90A0FFCF902FD0EFFF7FB04FAEEF217
:1038D0000306F9FBF802F60113FBE1EF05FD030413
:1038E000130AF812FF170A0814F5F4F312F5F60A92
:1038F0000B11010502F707F407ED02021AF3042386
:10390000FF0FFEEC04E7FCFC08EEFBE3F010E90817
:103910000110F1FE18FFFFFE08E8FDF5F8F5F4FBD5
:103920000300EDF50801EAEB04EE02F9ECE8E0151E
:1039300012030802EF0305E7FEF5F308EDFBE404CC
:1039400018FDFFEDF9F6F2F709F6FAE4F0F6F801E2
:10395000030103FE050A02F8F0F0FAF6FE11FB0E71
:10396000ED0A11FAFAF208100FF7F005FFFCF7FD67
:10397000080005FEFDF6F6010AF2F8EEFFF4F1FE8E
:103980001409FA00FEFF03EEF4F5EEFFE50901EF7E
:1039900003FA0D04F6F4F6F6000602EEFA0100F35F
:1039A000F9070405FE020FF81B05F4F2030504F203
:1039B000F20AEC0408021FF608FBFDFFF4FAEFFF21
:1039C000F7080EFF03FC04FF10FBFBFC0AF1F20AF0
:1039D0000B0F0C01FD01EB090F00EA0EFB02FF17B4
:1039E000EF0812F9F407FFF806060C0EF705FB0DB9
:1039F0000C06F80C03F81B01F60FFB02FCF5ECEBD0
:103A000001ED07FDFA08050E0AF7F1FAFAFDEAEEF4
:103A10000EFAF008041DF4F2F4EC000305E4F412CD
:103A2000F7F201F8F1F5DEF5E9F7F4F30DEFF71A27
:103A3000FAF301F70CFDF0EBF00AF5050EF3F109CE
:103A4000FEEEEBF604EBFA06080D141402080EF86D
:103A5000000D09000701EB0A030AEF02F609F4F66C
:103A60002012F60BFE09F9F50AFD05FCF210F2032F
:103A7000F41101FD06FDF8E3050003F9FC0BF3EE7C
:103A8000F41306FC07EFF1F1051A0DFEFEFF00101E
:103A90000505F80404FAFF0BFDF5FE08F6F7FF0133
:103AA000F5FEFAF903F2F90313040E07EEF5FBF441
:103AB0000AF8F801100017E60C0DE915F6F3F30209
:103AC00003060301F0EC14F4FB0404FFFA0AF510FA
:103AD00005FEF6FF0FE9F904F3FE12EAEDFBF70627
:103AE000F604ECFF26FBFB07E8FC0FECF3130115D3
:103AF0000204080601F6F31204120FFFF4F9FBF4B6
:103B000007F9FF010AF6F805030EF7F9FDF501F9CB
:103B1000F503ED08FFFA00F607FCFCF3FD03FD03D7
:103B200003F9EE01F8F1FFFCFDF404FBF600FDF8EB
:103B3000FB00040BF414FB09EEE106F10C06EB06A6
:103B4000F5F72109051206F11709E4FF170CFAF63B
:103B50000AF11316F0FEEB02051DE00B0009FEFE54
:103B600004F2FF07F706E80F10FFE800FEFBFDFE7A
:103B70002208030802FAFEFF0CDF08100BFAFEF819
:103B800002F30D020208FBFDF1DEF801FAEFFBE3A0
:103B9000F3F73008F4FC04F903F6F312F2F7FBF341
:103BA000F5FEFAFEFFF3EEF9F202E209EE06070770
:103BB000FAFCFEFFFF0008FEEFF6F9FE020B01041F
:103BC0000C0A02FA07F4FBFE03EC0408FF0A0600E5
:103BD000F4F60AEF0C040DE7F3F5FF11EFF60DF51F
:103BE000FD00EAFAF2F3EF00FA020E1404EDF8F029
:103BF000FEF8E4EC05F6F90C1B09F8FC00000F07D1
:103C000001F3ECEB01F9FCF8120FF6F5110A08FCD0
:103C1000060AFAFDFEED02EF06050802070D04F2A2
:103C2000FF0A01FA00F61AEE0106EEF8F604EEFBC2
:103C30000900F8FB0401FD11F60FF1F8FFFF09017F
:103C4000F0FCEE0AFCE0FDFCFF05090EFBFDF601B1
:103C5000FDF6F203FF02FBF5F9FBF9FCFFFDF60FA1
:103C60000708070701F413F9FB0A0D090DEBFAFA2F
:103C7000F1FF0114EBF7EE0109FB0104000FFBF467
:103C8000070405000309F1F6020306080EF103FA22
:103C9000EFF5F118FBF5F1F2FF0101FFFEE9EEFC93
:103CA000FBFBE911010AECE9F9F9EEE9FF00FD0A75
:103CB000FD0AFA1C02F807FA0600210001F4FCFBD9
:103CC000F808FA12FD09F60EE906FE0B0607FE06D5
:103CD00008FEEFF5F50C1BF3F7080C06FCF40402E4
:103CE000F2FCFB00EE0311F1FF0A181209FF1106A6
:103CF000FFFAF308E60E1BF5FEFFFDEBFEFF0706DD
:103D0000ECFBECF2F2F90BF7FCE214FBF9EE0E011E
:103D1000FD15ED03100708E7F1EA04F80AEFF107D3
:103D200000F808FDF4F900FBF9F511030EF9F3FCB6
:103D300017F4FEF3F510F8F4FE0C0A0CF9EEFFF39D
:103D400014E9FBDDF70CFDE9FFFA0007010DF503AF
:103D50000B010DF4E809F4020BE503F90003F60981
:103D60000C04F307FEF40F0105EE030DF9FEEFF965
:103D7000F713FEFFF30BEEF00CF4050BF702FCF467
:103D80000E0FF7FCF60DF8F20CF91C01F2F5F90034
:103D90000903EAF7010CF8E6FAEA0813F6FC0C0945
:103DA000FFF30106FFFBFEF80DF001030210FE0217
:103DB000F71104F9F8050BF8FDF4F3FC1D0401E01C
:103DC00000ED03F9F102FFF4FFF802EDFA160FF629
:103DD000010DF3F4FE1003F0FCFC0DF2FDFE0904EE
:103DE000FBFAF3FAFBF8FAEA0001FBF2F7FD100325
:103DF00005F602FC00FAFFEF02090BF1F1F8FBF007
:103E0000FE00FF170FE90708FFE414F5FEE70FEFC8
:103E1000FA0613FAF3F805EDFFE400F5FA020FFED7
:103E2000F10A1C0A000504FA0104070B22E5F4025A
:103E3000F5F1FE0302F1F7E50B13FE0106FDE6F4D2
:103E40000105EEFCF901F1F20906F604F9F3F4E6D6
:103E5000FA0E0206FDF6EBEDFA09FAFFE6EFEF0CBB
:103E6000F20900FBF9F10807F708F91EF705F1FE62
:103E7000060FFD0C020704060A0B071DFFFAEF00F0
:103E8000F503F307F701E7F6151702FC0C02F5FC42
:103E9000FFFFF1F40103F5F50DFFFA1102FCF9F84B
:103EA000EA00F4F9F7E901F206200C0BE102E80D53
:103EB000EFE7EEFCF9EB0301EA1FF4FBEB16F5F676
:103EC00012040703070609F6FEEDEAF5F60D02FBFC
:103ED00008010606F803F6FDF7F7F8F5F5FE01040C
:103EE000F9F8FD0BFF0FFAFC0B000006000301FFC1
:103EF000F4F1F9F6FC0703F70B09F7090407FA0CCC
:103F0000FFFBF0F9FFF40218FC0B0B01FAFEFD00B9
:103F10000F11ED15FE0B0BF710F6F602FC04000373
:103F200004FAFEFA050409F30802F909EE09F9FF9B
:103F3000FE01FE09010F09FC0B0606FDF60506F65B
:103F4000EBE8FAFD010F00FA02FE06FBF206F7F9B4
:103F5000EFF2FEFB03EB03FEF6FFF1F2FB00FCF3D6
:103F6000F8FBF306F9F708F10EEC0104ECF7EE1597
:103F7000110106FEF8FE09EA08F8F2EA04F1EF2959
:103F800006E804F0FAF2FDEFEBF5F71B1100EB1B6E
:103F9000F4D9FCEDFAE50A02F9F5050602FFF5F79A
:103FA00006F803FBF5F50E00F207F2F508F803F446
:103FB00001FA0408F3F30BF209FFF204F6FEEDFB3D
:103FC000080AF80FF50206EF0DF907F2F4F5F1060D
:103FD00008FEFDF7090807F30AFB190401F822009F
:103FE000F7FA04E9FEE5EAFCFDEAFA1101FAE9F361
:103FF00004F303EF02EFFB0BF800F7FCFBF2FEEC1F
:1040000008EB080601F703EEF40104F7F502E9EC0A
:1040100018060208FC01F505F9EEF8FFFC0AF9E7BD
:10402000FA0F0510051503F601EB21FD050A19FA33
:10403000F60916FCFBFFF30A1406F00A11FE02FE55
:104040000CF1F10400F7FF031314F8FB0FFA11F061
:1040500008FEF20B04FA03FBFF0DFC0E09F603F851
:10406000FBFCF9020DF106FDF60502000900F30460
:1040700005FCEC080A09F4F1FAF4F1F3F606FF0482
:10408000FFFFF301FFFCF20502041702F810040918
:10409000F7F5F70208F9FAFE0C0F1AFEF9FFFFF622
:1040A0000AF7110506F6FAFA0F141E14ECFD08FCC7
:1040B000F5F5FBF80BFCF803FB010BF7FBF8F90C2B
:1040C000FDFBFD09F5EEFDF600F30FF9F0EEECFA5D
:1040D000FE0DFCFDF2EC0FED01ECFFF3FB06F5ED40
:1040E000E90F12F50021FDF9060708FB07ED00F4C2
:1040F000EEFEFBF8000902F8F905EDF1FA07FD13F1
:10410000FFF2EE01F9FD09FEF1F6E506FB131617C5
:1041100008F4F7F8FCF0F6FA15FAF204F8041C01BA
:1041200002F3F5EBF0F0EAEBFAEEEDFCFFF4FBF254
:10413000F51207E5F000F7FEFB14F6F3F902FEEFC7
:1041400008F9F4EFFAFDFBFBF607F4F2EB16E31CBB
:104150001C0000FBFAF10113FCFBEB07F30600085F
:104160000C0AFCF2F8F2F0F61700F501E1F7F8FF9F
:10417000FDFCE7F407F4F1F0F413F6F1E814FEF8AF
:10418000EBF1FC06EAEEFEF6091010EC052806033A
:104190001113F405FFF9E2DD05F6F9FEFF01FFE476
:1041A0000E13F2031C02F2E9000EF7F212F8F8EE19
:1041B000F000FB0C08F808F8002103FBF2F8E0F22D
:1041C00000F3F2030104FEF9100B03FEFA05071BCE
:1041D000F8F0EFFCFD0CFB0C04EC05080600EE0605
:1041E000180F07FEF5F301020DE5032801F2F6EDC5
:1041F000FD131E01041101F40302FF0EFA04F5F78A
:1042000000EF0AF8130A0302FBF904010B00F7128E
:104210000FFA0FFA0E080D020D0B050204FBFE0447
:1042200007FEFB0A060C04F8F0F6FAFD0FFA00F0A0
:10423000FB03051002F615FCFE0EFC0A08F800FB55
:10424000ED090BFCFC0310F8FA12FF06FB000BFB58
:10425000FCF7FB020AF805EEF20DFB18000205F769
:10426000FFE9F9FDF4F6F604080C0C07F20BECF686
:104270000108F5011304EF0102F5FDF5EDF4DE028E
:10428000FFF1F7F408FE00F20602FAEAE80FFA017D
:10429000FEE6FEF4F814F70CFCF001F3F804FB045E
:1042A00011F201F9EC0E100705EF080E02F400FE02
:1042B000F3F200FDFC01120CFB040804FC1600FDE7
:1042C0000301F803F900FB08FEF4FEF2F2FAF9121A
:1042D000FFF7FFE7F3F30E05FAED0BFCF6190C0EF2
:1042E000F90212F50800040601F50800010012F8B1
:1042F00012F5FDFEFCF70CFD0F02FE0501ED04F1C9
:10430000F5F205FEFAF909090200FB01F8000A05B9
:10431000FB13F8F90AF5F8060F05F8ED08FB0C0099
:1043200002FCFAFA06FFF8FB01F8FFFC0424EE0099
:104330000607F7FC140201F30E040001F818FC054F
:1043400005F6E90411F5FF0001FA0009FAF5F1F8A4
:10435000F7020DFCF8F61309F30A01EEF4050AF66C
:104360000403FAECF8FBFEFBFB0C0805FFFB05F071
:10437000FFF705F3F1F8FBF0F8EDF9F4F5FB1403A2
:10438000020EF7FEF3F6EAF7FD01F8030EEC05F76F
:10439000FFE5F3F6FFEB0CFAF701FB01020204F173
:1043A00001F4F7F2FEF014EBFFFA15FEF51407F92D
:1043B0000AF70704110A01050904030FEEF3FB06CF
:1043C000FFFDFFF803F3FF0108F303F7F3F404EA3A
:1043D000051C111600E4EAE71305040408EC09E7DC
:1043E000F4FB0AFFEEDAF5F311FD00FB1CFC17F7F6
:1043F0000D080BFC01E0F2EB08F406F828F3F8F1E5
:10440000EFFEFDF8FDF104F60EF307EFEDEDF2F02F
:10441000FB151A08F501FFF7FAECF9EAF00A0B0DA3
:10442000F1F81D01EA02FEEBFDEE0001FC040107BC
:10443000FEF7E405F4E4F60B0005F001FFF9F601E0
:104440000A020F020400F4FC0FEF04EB07F60B0C5A
:10445000ED00F8EB12F106F10202FE0608FEFB1376
:10446000F4F8FEF7FCF8F5F6FC0703140B0B0A153D
:10447000FAFAF6FCFBF7FDE9F60204FAF90501FB8E
:1044800005F7F2FEFBEB0305E528F61105F4E9F963
:1044900004E8F7030F05090C1318FA10060D0500C0
:1044A000FCFADEED06FDF9EDF50F0A0D0111F10A3A
:1044B0000100FAF701F6FF0AEDFB2214EC33FC09C8
:1044C00008FCEDE0F7F6F30AFAF00FF4EF1815F335
:1044D00009F9ECEA08FEE3F70609F6FFF20206E541
:1044E000F7ECFD1F022106F9EFFF03030B0810F1A3
:1044F00001F008F6FD010103FD01FA0105FA08F0DB
:10450000FC0211F910F5FEF5FAF300F2F4F0F409EB
:10451000F9F2F6FB0DF50A0AF5F507F4F5EEEBFFF7
:10452000F903FCDD01F6090E0CFEF1F7F7FEECF9DC
:10453000F80B0EEF090A04EF05F30AF4FEF3F80096
:10454000FFE408FAF3F8FF0303090DFBFAF70BFE8B
:104550000CF7001903F40EFB08F2FAF9EFF5E80086
:1045600009FBF605FBE52001FEF90209F4FFF5065B
:104570000128F8F8F9F0FAF3FBFFE705010EEB0369
:10458000EF34EFFB0DEDF6EFF6FBEDF8FD0FFDEE72
:10459000F7FAE81108FEFADAF7F8FB0BEE0EF9DF8E
:1045A000E7140805170500FD08F6120404FF0405CA
:1045B000F40702020F0403F80CFBF9F5FC0BF8F901
:1045C0000E04FCFAF90BEDEB0DFF03100AFDF3F9F5
:1045D00004F7FB0D09F00CF9F9F3EAF7F704E5F03D
:1045E000F5FCFEE1E3FAF8F1F6F6FE05F900ECE879
:1045F000F3010502E9F7FF0908FD0E00FD02F917B6
:10460000F501FE11FBFE100AF7F40DF5EFF4F005CD
:104610000904F2EFFC05F9FE0CFD0D0300F7FEFBAB
:1046200016FDEBF90506FFF005EDFBF9FE14F402AB
:1046300001F90601EA071104EE00050AF002F10192
:10464000F2011E0200050CFEFAFA0F09F901FD0F36
:10465000F801040A0AFA0200F6F80701E0F3F3048D
:10466000F0F8FC01F4F4F1F304FA01FFEBF7F2F1D6
:10467000FE0BEC05FDFDF3FFF9F8F3FA0804010762
:1046800003F11010060010F7EF05070508FBFDFA0F
:10469000F3F50D07FE0C03010BFF09F309020814E3
:1046A0000003FE030DFE0AF103F40204E7F2FF0E1D
:1046B000F9FB09FAF7F6011715F7FCF3F5FDFEFC17
:1046C000F404FBFCFEFFF30BEEED04E9F9FC150826
:1046D000F3FC090D01FCFD00F006FCED07070000EE
:1046E000F4F6FAF9F9FEF303FF03FEF1050A000AF6
:1046F0000809FA0505010DF508FF0EFDFAFFFDFC9E
:1047000000FF00FCFCFD060BF7120EE8F00D02F4B2
:10471000FF0EF40809FEFC0CF90720FDE8EEFBF79C
:10472000E3060400F2FBEA18152006F3FCF503EE9D
:104730000801FE02FB17FCF91BF1EFE902EAFBF3AB
:104740001E0CFB0400060BF9F2F302F5EDFEF70573
:1047500013FBF9F8FEF3F5FAF804FB0AFE0FF40A6E
:10476000F7F5FCF7FD04E9F70403F5EBF91004FC99
:104770000BF8F308FE04F21CEFF203F3F600200A34
:104780000102F3FAF50B110DF4F8F7171917F714E6
:10479000F61104FE00EAFB0CF705F8040A0FF40D0D
:1047A000F1FB0515FBF6FE120602000EFD0AF1F7FD
:1047B000FFF5FA000D0801F117F5FEEFF0121B05E9
:1047C00000F00D02FBF2EEE70BE9060DEDF007E756
:1047D000F113FB0DF80F15FFE9F90705F9F501F5E0
:1047E000EA06FDFF0AF9F8F4FB0208F9F700020AED
:1047F000F5F91A0711FFE6010207040F0700FA098D
:1048000009F2FDF5F5EDF81810FC00FA0BF8EFF3DE
:10481000F2FCFDE9F7DF00F401FD0007FD02E7F41B
:10482000061102FAFB0117EC00F6F505E8F803E3C0
:1048300004EC01FEFF0208F403FF05F2F5F208F4B0
:1048400010FBF10EF61402F407F4F2F4F207F80686
:1048500006FFFC08FAF9F6FD0AF10AFC1AE8FCF674
:10486000EAEE09F603E802F305FFFCFB080BFDFE88
:10487000F80EFB00FAFB09E901F104F0F4F9020A71
:10488000F007F7FBF3F60600090209FC04EC10043C
:10489000F513F402FFFE1902090B0A16ECF002FDF3
:1048A000F7FAFB0410F90408EBEBEBE7E7E7E8E8BD
:1048B000E8E8E8E8E8E8E8E8E8E8E8E8E8E8E8E878
:1048C000E8E8E8E8E8E8E9E9E9E9E9E9E9E9E9E95E
:1048D000E9E9E9E9E9E9E8E9E9E7E9E8E7E9E7E950
:1048E000E9E6E9E8E8E8EAE8E7EAE8E8E8E9E9E645
:1048F000E8E9E7E9E9E9E8E8E8E8E8E8E8E8E8E934
:10490000E9E9E9E9E9E8E8E8EEEEEEEBEBEBEBEB01
:10491000EBEBEBEBEBEBEBEBEBEBEBEBEBEBEBEBE7
:10492000EBEBEBEBEBEBECECECECECECECECECECCD
:10493000ECECECECECECECECEDEAE9ECEAE9ECECC0
:10494000EAEAECEAEAEBEDEAEAEEEBECEDECECEBB2
:10495000ECECEAECECECEBEBEBEBEBEBEBEBEBECA2
:10496000ECECECECECEBEBEBEDEDEDEAEAEAEAEA91
:10497000EAEAEAEAEAEAEAEAEAEAEAEAEAEAEAEA97
:10498000EAEAEAEAEAEAEAEAEAEAEAEAEAEAEAEA87
:10499000EAEAEBEBEBEBEAEAECE9E7ECEAE7EBEB74
:1049A000EAEAEBECE3E6E9E7EBEEE7E9EBEAEAEA71
:1049B000EAEAEAEAEAEAEAEAEAEAEAEAEAEAEAEB56
:1049C000EBEBEBEBEBEAEAEAEEEEEEEBEBEBEBEB31
:1049D000EBEBEBEBEBEBEBEBEBEBEBEBEBEBEBEB27
:1049E000EAEAEAEAEAEAEAEAEAEAEAEAEAEAEAEA27
:1049F000EAEAEBEBEBEBEBEAE9E9E6E8E8E7E4E629
:104A0000E8DFE2E7BAC0C5D1D8DBCFD2D5E4E4E62F
:104A1000ECEBEBEAEAEAEAEAEAEAEAEAEAEAEAEBF1
:104A2000EBEBEBEBEBEBEBEBEDEDEDEAEAEAEBEBD3
:104A3000EBEBEBEBEBEBEBEBEBEBEBEBEBEBEBEBC6
:104A4000EAEAEAEAEAEAEBEBEBEBEBEBEAEAEAEAC0
:104A5000EAEAEBEBEBEBEBEBECEEECE9EDEDDBE1BB
:104A6000E6CBD2DBA3ACB3C3CDD0D6DADDE6E5E846
:104A7000EDEBEDEBEBEBEBEBEBEBEBEBEBECECEC7F
:104A8000ECECECECECECECECEFEFEEECEBEBECEB61
:104A9000EBECEBEBECEBEBECEBEBEBECEBEBEBEB62
:104AA000EAEAEAEBEBEBEDECECEDECECEAEBECE854
:104AB000E9EAEBEDEDE5E7E8D0D8DAC2CDD2B9C648
:104AC000CFAEBCC8A5B3BDB8C4CACFD7DCE2E4E85A
:104AD000ECEBEDECECEBECECEBECECEBECECECED18
:104AE000EDEDEDEDEDEDEDEDE4E5E5E4E3E4E8E637
:104AF000E7E7E4E6EAE8E9EDECECEDEDEBECEDEB15
:104B0000EDEBECEDEBECEFECEDEFEDEEE1E5E6E0FF
:104B1000E4E5E9EDEEDDE2E4B7C5CCA1B4BE9FB4B7
:104B2000BF9AB0BE90A3B18F9FAB9CA9B1C6CED3A4
:104B3000E9EEEFECEDEAEBECE9EBEBEBEBECECECBC
:104B4000EEEDEDEDEDEFEDEED4DCDEE0E6E9E6EAEC
:104B5000EEE3E8EAE5EAEAEAEDECEDEEEBEEEDECA9
:104B6000EFEDEEEFEDEEEFECEDF0EEEFC9CCCBDBE1
:104B7000DEDDE9ECEBD6DADAC1CCD2B9C9D2B8C9FC
:104B8000D3ADBFCBA5B6C49FAEBBA2B0B9BAC7CC9C
:104B9000E5EFF0EAEFEEE9EEEDE9EEEEEAEFEEEC4E
:104BA000EFEEEDEFEEEEEEEED8EAF1DDECF3E1EE56
:104BB000F6E1EFF3E3F0F0E7EEEDECEDEBEEECEB2E
:104BC000EEECEDEEECEDEDEDEDEFEFEFC5C6C4DC98
:104BD000DDDAE9EAE7E6E7E5D1D5D9D1D8DEDBE4ED
:104BE000EBD0DAE3D1DDEAD2E0EBD9E9F0DAEBF1B0
:104BF000E1F0F3E4EEF0E4EFF0E6F0F0E6F0EFEBF6
:104C0000F0EFEDF0EFEEEEEE768C95778A947C8EF9
:104C100099889BA1ACBCBFE1EAE9EBECE9EDEAE8DD
:104C2000ECE9EAEBEBEBEBEDECE9EDEBD6D8D6E219
:104C3000E4E2E8EAE8ECEDECE4E6E8E3E6EBE7ECF6
:104C4000F1E1E8EFE1EDF7D9E9F3C9DBE2B9CCD363
:104C5000ACBDC3A7B3BAA7B4B9BAC7C9DFEBEBEB16
:104C6000F1EFECF0EFEEF0EF6D828D6779856C7D02
:104C7000896F7F89929FA5DEE5E7E3E4E1E5E2E065
:104C8000ECE8E9EAEAEAE7ECEAE6EDEBE5EAEBE78D
:104C9000EBECE8EDEEE6EBECE7ECEEE7EDF0E5ED66
:104CA000F1DFE8EEBFCED5A4B8BF92A5AC899CA336
:104CB00086959F808C9979858F95A2A6D8E4E5EAA0
:104CC000F1EFEBF0EEEDF0EFC3D4E0BCCAD7C7D301
:104CD000E0C8D3DFD1D9E3DFE3E7D5D5D3D3D1CE55
:104CE000D8D5D6DCDEDEDBE2E1D2DDDBD1DBDFD323
:104CF000DDE1D8E1E6DCE5E9E1EAEDE2ECEFE1ED6A
:104D0000F1DAE7EDB7CCD0AFC6CBB5C8CFB2C2CAE7
:104D1000BAC5D3AAB2C48E97A4B9C3CADBE6E9E781
:104D2000F0EEEAF1EFECF0EFC1CFDEBFCAD9CAD3A3
:104D3000E0D6D9EADFE1F1D6DBE3CBD0D0ABAEAE43
:104D4000B1B4B7CFD5D6AEB8BC6270795D727E65AE
:104D500079846F818B7A8A938998A199A7AECAD8F2
:104D6000DCDFECEDDAE8EBDCE9EEDFEAF0D9E2E9F2
:104D7000DDE4EDD4DBE5C4CBD4DEE6EDDBE3EADD58
:104D8000E6E9E8EFF2EBF1F27182986F7D93717DC5
:104D90008D7D83978A91A5AAB6C1BFC9CDBEC7CC68
:104DA000D0DBE2D8E6EA9EACB736475C2D465B31F5
:104DB000495B35495A4254626672819FA8B3DDE36C
:104DC000E9EAEFF1E9EDF1E3E7EDDFE4E9CFD3D98B
:104DD000CAD0D4D3DADCD4DBDFC7CED6B3BAC4BCF6
:104DE000C5CDD3DDE3DDE7EA3D516C4556723F4F5B
:104DF000644455667B8D9B8B9BA4979DA4C3C8CFB1
:104E0000D6E4EACEDFE4A3B4BE67798A5F70836537
:104E100075878A97A8B5C0CFCFD4DFDDDEE8DBDBAE
:104E2000E3CDCBD4B7BAC39EA6AE939AA3838A939D
:104E30007D858C828B90889298858E978089938AC5
:104E400099A0B6C5CBC5D4D828354D3A465E556233
:104E5000747F909984979C606B6E777376A39EA104
:104E6000ADB4B6B8C2C5B6C2C6B5C1C8B7C2CAC667
:104E7000D1D9DAE4ECC8D2D9AEB5BA9FA5AC919637
:104E80009F848895747D8A626F7B5E6A76636F7B90
:104E90006976806B79827A87918A97A196A4AE9D74
:104EA000AEB8BCCED5B9CBD00D0F231A1D2F868C32
:104EB00097CED8DC8A9696767B7B8D8586ACA2A22F
:104EC000B5B5B4CFD1D3DCE0E1E4EAE9E0EAE8E665
:104ED000F1F0E2EEEEB0BDBE909FA38A9AA28E9E44
:104EE000AA91A3B19AABBB95A5B695A5B69AABBB53
:104EF0009DAEBDA0B1BFADBECCBBCCD9BECFDAB2EA
:104F0000C4D0A5B7C19DAFB70505183A3E4FC8CF6D
:104F1000D9E1E8EFC5CDD4C7CFD3D4D4DAE2E0E508
:104F2000E5E6EDE9ECF6E8EEF5E6EEEFD1DDDCDF07
:104F3000EEEFDDEEF1D2E4EAC6D9E4B4C8D6C1D8CA
:104F4000E6BCD5E5BDD4E7C2D6EAC0D4E8B8CCE02B
:104F5000ACC1D4ABBFD1A1B5C590A5B3889CA98382
:104F600092A1808F9E8A9AA5272D47919BB3BECC94
:104F7000DEBAC4D8B8C5D9C0D3E5C2D3E6C2D0E33F
:104F8000C2CEE3BFCBE4C0CFE4BECFDDB1C1CFB46E
:104F9000C6D79AB0C193A9BC91A1B89CABC392A348
:104FA000BA71859C7289A1849DB47E96AD6F879EEF
:104FB0005C738A5B70875D72855E7483697D8C79B2
:104FC0008597818D9E818E9C7A87A1A2B3CF8FA079
:104FD000C2899ABD8398BB8098BE7F96C08296C1D5
:104FE0008396C08093BE7F93BD8195BD8195BC7C27
:104FF00091BA687EA3647A9A66789A7686AA708057
:10500000A35E6D915E70945E75995770905367883A
:105010005061825367865D6F8B65758D6C79907377
:105020007D9279859482909C49576D4C5A714D5A66
:105030007A505D7F54628657668E5766935A69969A
:105040005E6F986677A06B7CA57183AC7389B5762B
:1050500088BA7684B47885AF7388AC6E85A86A7F89
:10506000A364779B5F6D9455658B4F6184505C7F23
:10507000505E814D648550648152627A5C687E71B5
:10508000778A7D879288959C0D1929030B19091041
:1050900023121A30121A3415193814193A161E3DF3
:1050A0001A243E222B462A334D303B5734456A3C66
:1050B0004B79424D7E464F7E47577F48587E43513D
:1050C000783C487037436A354468354567394566EA
:1050D000394769394E6E48597357647768718078DB
:1050E0007C8882888D899295242E370B1014080DA8
:1050F00013202C35242D3A161929080B1E030818E5
:1051000001041100020F00020F000414060D2A050D
:10511000123801133C03173E0D1D47182651152167
:105120004D151F4C15264E162C4F1E3253273A5A3A
:10513000394665555A7671738A7B7B8A74737D7A9A
:105140007B80868B8999A09E23292D1A1B1A0D130B
:10515000121B292947515446464C3132391B1F2511
:105160000F0F1505050B0202070000071111233967
:10517000405B1F324E0A243E041E3C041E3E071EA6
:105180003F0E2345192B4A2937533E476356617B0F
:105190007A7C92908395847887726972756F748433
:1051A0008685929892ACB3AF100F110D0A09040ACC
:1051B00008030C0B2D2C2E413439362B2F242123A0
:1051C00012121404040702020400010307080F76F8
:1051D0007586A19EB383809470708369697D6967C9
:1051E0007C6D697F766B7E8A73859A7E90977E8DC3
:1051F0007F6A7469565B6A5E617874748182818E9D
:105200009390A4ACA5B8C2BE2828230C0A070003BB
:10521000030004040C06071E0C11200C11150A0CC7
:105220000706070201030201020302030000024411
:105230003A40B68092CD8294C47F90C27B8DC37772
:1052400089BB7181AC6E7A96606A7B4B536742452D
:105250005F4746685D587A767181847E848D879831
:10526000A29EABB6B0B9C5C2454D401A1D1501018D
:10527000010101020401000C02051203090C0205E0
:1052800004010202000002000004000101010120EB
:105290000C0B992D3BCB2F44C32E43BF3045B3326B
:1052A000439B313B772A315B262A51302E5E4D4796
:1052B000756E667D7E747D8078818780909993A2DB
:1052C000B0ABADBBB7B8C6C4535E522F342B01018F
:1052D00001020102020000050102070105040002AB
:1052E0000100000100000100000300000102001B9A
:1052F00003028E1926CD2036C6192EA9192B79192D
:1053000024551D224A2927554238665C5279716915
:10531000807C737A7E73797F76848B83939D96A548
:10532000B3AEB0BFBBBAC9C75C665D363C320607D8
:10533000030302010202000103010103030102024F
:105340000101010100000100000101010003020F41
:10535000010066131C9D1F2F7511174A0D0C381B79
:10536000164A3A37635A517373637A7E6F7C7C7046
:105370007B7B717D827780877E889189949F97A2BD
:10538000B0ABB1C0BCBCCAC95763592B3325131786
:105390000B0B0C04080A02050B04020A04020702A4
:1053A00003040103040103040102030200060604CE
:1053B00005022A0D0D471518351B19393229504D94
:1053C0003E716252847165867E717B7E70747D6FE2
:1053D000788073838A7E8B94898F9A919CA8A1A9E7
:1053E000B8B3B6C5C1BCCAC95260522E3924242CE8
:1053F000161F23111B1E0F161C0F111A0D10170C50
:1054000012150C13150D14160E13170F131B14176A
:105410001F1525281B40372D574643685851746681
:10542000558070588B7969837A6E757A6B737F704B
:105430007B8577838B7F8B958A94A0979FACA4AE56
:10544000BDB7B9C8C4BBCAC85565533E4B303A4313
:1054500026373D253338232F35212E352230372668
:10546000313728333829353A2C373E2E3B432D44EB
:10547000473051543B68604A7467537F6D5C857454
:10548000617F79617F7F6B767C6A727D6C7A8375D0
:1054900081887B8891858D988D95A2999EABA3A8D4
:1054A000B7B2B4C3BFBAC8C71E87CD4D28142EDD0E
:1054B0001CDF26F305EC0FFCFD0D24ED0A0EEEEFCC
:1054C000F50F19EEF0F7F7F8FC15F50A04060709D1
:1054D000F2F711FA010812050E0C000209F8FD0F8F
:1054E000F902EEFAE614FA090AFE0C0BF6F912F4C8
:1054F000F42912060BFDFF020B1801160906042100
:10550000EEF4E6EA0703FEF8FDF813F01CEE0102E4
:1055100010E6E2EEF4E20909F90D070CF510FEFFC2
:105520000EF60F0B04F1FBF40716F1F4F901160166
:10553000F41D0301FDF4FBF9FF1614FAEC19030541
:105540000102EFFEFE0404000FED06F9EC0BEEE69F
:105550000E0100F704F80BF0FF0FF0F911F3F6015C
:1055600002080EFEF020F6F60CF009F5F6F103093C
:10557000E23A04EC06F6FA0B00FF0D0EF200FDF421
:10558000FC1602020E010A01F4F811F4FFF6F7F717
:10559000FE0BE4E7FAFB040AFD0B06100DFDFA050D
:1055A00023F4FF051AFDE302FCFAF1FAF508F8F41A
:1055B00001F3FE070CF007FB0B14FAFE2A1524FC7E
:1055C000F401FC190600F4051CFB0105F101FE01C4
:1055D000FBFCF629F209F5E9002100F70DF7FD06BD
:1055E00001040103F70402F0FE15E0F706F4FE03E0
:1055F000F91DF8E50AFDFD0AECFD0C00FCFCF507C1
:10560000FA0802F50607FAF3FEFC11F505000B0196
:1056100004FAEFF7E707040415110EFB04F4EF0595
:105620002EF911F61600F7F3F30CFC01FCEFFEF96E
:10563000F2F2F20709F5FE03060F04060308140A46
:1056400010FCECF61907FC050301FEFE080209FE3A
:10565000FA02FBF5040118F6F50BEFFCFBF20B0266
:1056600002000A0DE109F20D1315E3F60409DF0348
:105670000900F3F0FFFDFC1403FE0CFADAF0EFF87A
:105680000A0C12F6F8101908FCFF04F4FAF8FE0BE5
:10569000F602F0F528EF0B0504EBFF1921FB0CF9DE
:1056A000010602FC05EF110CEE0306F8F721FB0AD8
:1056B000EAFD10FDEA1D2DFBFBED0B0DF6F4F108E4
:1056C00001100EFDFC07F7FBFA010205F1E0F5F70A
:1056D00008F80903EEFC170C04F22403FC290EFD64
:1056E000FE02FD0C04FC08F1FE0708080302040B8F
:1056F000FF0AE60CF90BF0FF1CE71308FBF8FDF8B6
:10570000FC10F8F2F7031008080804F403FAF40395
:1057100016F9EBF5F2FCFF07F6FD060DF23DF6F289
:10572000F1FD0D05E2ECF1E7050AF70C08FFF905BC
:10573000EFFFF3000BFA3C0500EC0615EA06F4F760
:1057400001FD01EDEBF9FC07F1FAF70BFBFB0CF4A3
:1057500006080F02FAE9E900FC06F8F7EB1FFB0365
:10576000FB0105FFF9FA1EF2FD0B0B05FC000FF91A
:10577000F8FDFC02F1FCECF90DF6F1EDE7F04CF16F
:10578000111A0207F0EFF2FFF715FCFB022AFA02EA
:10579000F8FA0606FB03F6FE060EF40004161AFBE2
:1057A000F4FFFC1C13020BEA1BECFA0FF701F6F7EF
:1057B00004FAFB04000205F5F7F5FA1016FCFD02E9
:1057C00001F90B060608F3F7F0070107F0F1FEFDFB
:1057D0000B03F406EFF112FB0B08F6F81605FAFCC2
:1057E000EFF6FE0CF002F9FB0C04EE0109F2FB01EE
:1057F000FC0DFAFE0BF80401F8F8000106FC170492
:10580000FDF90114F5F801F2030C0AFAFB2C0B0563
:10581000FEFD180306020100F307020DF707090257
:10582000F2021BF201F6030117F60604FB0C0BF95A
:10583000FDF901F5F70CEB07F6F7F211FEFEFC029D
:1058400018F8F4FC040E05150CF900FD03F4000231
:1058500005FB0BFC06FE21F6FE0FFAF60CF605061C
:1058600007FE0B03011002F5FA0BF6FBFD06F9E546
:105870000501FFFEFE03EE0004F60401FDF605F946
:105880000DF0F1160208FE1017F513FDF4F509F5F9
:10589000E808EFFBFDEA0602080CEF0A04FFFA0035
:1058A000EF0505FFEA0101031FF906FD050608FCE7
:1058B000FFF50BF4F61FF8FEF6F71C02F6F8ED06FE
:1058C0000704F011FB09EFF5FD0D0FF2FB0AED00E7
:1058D000FE07FA01020D0304F2FFF2F9F52E12029F
:1058E00006F6EE370EFCFF0307F417130800F40961
:1058F000FCF5F6EB070904F0FEFA12F2F1F7F5F603
:10590000F80304EB03F7090D001308F4F8E20106AD
:105910000609E9FF03E727E50BED08F40711000A84
:10592000F9FBFE13FDF4EC09041204040AFA0AEC74
:105930000106FD060405F9FDFAF805100E0CEC024F
:10594000FA09F2FEE6020C0CF1F00E0603F8FBFF7A
:10595000FC00F40106060108FCF7F3FBF02AF5074A
:10596000F8EBFEFBF3F1F5F905F50F20FDF606F671
:105970000BF80A13EFE4FFF2F8F4FB02F4031F053F
:10598000ED21030AF7FF04F1010C00F8EC0202F329
:1059900001FB0B00EF01F80504030F1B04FE05DCFF
:1059A00002FEF0000CFBFD061FF4F200F8FFF20807
:1059B0001DF8FE05FD01F4FC0A0CFCF813FFF1FFD5
:1059C000090E02F0FE0F030AF5FBFE020902F404C1
:1059D0000B000302F6F50F0100E903FDE900FAF4FC
:1059E000FF0BF4F302FCFBFD1100000009FD0405B0
:1059F000F7F504FB07F7FFF70BF9F0FDF7F9F508EA
:105A0000FEFA030B03FCF9F2010CF4FFF70F130885
:105A100005021A07EDF9EFFCF9FF21F101F801FC8D
:105A2000FAFBFDF20AFFFE0C0608F91AFAF406006A
:105A30001FF713F5FE0EFA10FF010506FCF3040B29
:105A4000FA0207FAF102FD07FDF302FBFA0604FC75
:105A50000BFE20FD0C0014FFF8FFF60512DBF3FB34
:105A600010FD0B060AFDFE0901EF01F3040405FA1F
:105A700002010BEEF9F50BFEF7FD0700F00603033C
:105A800009F7011AF703FAF403011101FB040203F9
:105A9000EA06EEEEEFF11B060905090CF7FEF3FD31
:105AA000F40A00FDF8FD08071001F7260EF7F800CC
:105AB000F806F5EDFDF7EE0D05FB0DFCFEF8F10522
:105AC0002AF2FC0000FD0CFEFB0512D90DFA0C07B2
:105AD0000D0608000702CF17F1F51703010BFFFDB4
:105AE00007FFE61807FEF5030F020E03FB15EDEFA7
:105AF00004FCF0EE09F5190105F907FEF100FB06BB
:105B00000AFE0507F4F8FC0A1000E007F9E6E814BD
:105B1000FB04FA02FBFCFD060DEF0A0EFDF5F70F84
:105B20000401F5F8F600141213FB16F517FEF8053C
:105B3000090B02F51FF200F2010BFA1C1EF9F9091C
:105B40000EFA0801FB1611EDEEF30512030BFF032D
:105B500003F904F5FDF7E214EE0E080BFF17F30549
:105B6000F500F8FCFBF70A020200110EEB19EEFE3D
:105B7000F8000100FFE311FCEE12F6070903FD0037
:105B8000FB171208090911F2040AF603F3FCFD06DB
:105B9000F715E70206FEE617F701140809F4FE03FD
:105BA000FAFEF6FA05FD17F90EF9F203F9FCF0FA20
:105BB0000DFDFBFB1EFA07070605E90C08EEF2FADD
:105BC00017F2FB04FF131201FA06F2FE0915050590
:105BD000FF0202F804FB02F8F2FFFD0F0D06F600CB
:105BE000030105F40CFA0AF91003160AFA19EDFE7E
:105BF000F5F108F206F70AFD0805FEF3F6FCFB00D6
:105C0000FFFBFFF0FD030604160911FEFAF019016F
:105C1000040417F600FEE60A021916FF0001F0FB65
:105C2000F9F6EAF20AF90F1F0FEFF9240CEAFDF971
:105C30000A08FE0207FC0802F50611F102EADFED90
:105C400013E9F80109F60A020405FA1106000BF837
:105C5000F6EEFAFE1503F5FF040602110FF3FF0737
:105C60001BF5FFFE02F702050302FDFD03120CFF08
:105C70000BF918F9FBF7100306FB080701F4FE0FF8
:105C800009EE01FFF400FB0509EF1FFCF8F6F4092B
:105C9000FE0904EE0CF5FA0500031002010AF0FCFF
:105CA00009FAFDFE09F6F00C0509FA1F0BFEF0F4E7
:105CB0000A0301F7F80A04F9FAF106F60411E811EB
:105CC00002DF09E9FFFF20FB10F8030C15FFE8FFD6
:105CD000E81BFDF812FFF6F92DD9EE02FCFA0505D6
:105CE000ED220F240B08F9F2F50000F50206EEE7AD
:105CF000EF01FDF1E125F7F20AE801F0010DEBF506
:105D0000FB0F05061B041B18FBED25EDEEF6EFEF70
:105D1000F0FF120E0B0C0623EF23F2F4FB0701F841
:105D2000F70AF8F2011701E8F9FCEC31120F08F458
:105D3000E20A00F9F80AFDFE06E7EAF6F6000109B4
:105D4000EEF906F50BFA07F401F0F1F616FB56F43E
:105D500010D7F5FFFF0C1A0BF90CEC2A06081006F9
:105D6000E50402E8EC072BF1FBFEF803F10CF0FC74
:105D700005FB01020903EF1304F5FF0800F306F623
:105D80000F0CE4F237FC0D10D6FB2EF6F8FDF2F303
:105D9000F1001AF9F81922F4DE16F6F7EFFB0BF50D
:105DA000F2FAFAF7000E07F2ED07F825F3F9F91108
:105DB000F01317F2F3F9EE0912ECE701EAE60EE44C
:105DC00010EFFA0406E6FAFBFAEFFBFB130D16F0F0
:105DD000F204F8F103020807FDFAFE11090501F4C7
:105DE000F200F2F70B0F27FBE702EEFB04FF17129E
:105DF000F7F90216F60AF3250EF5F7FAFB0EFAF795
:105E0000F800F8061CF90719F3FA19FD07F5F2F87E
:105E1000F9F20F0A060B21FEE9F00A0EFD08F60062
:105E2000F211070218FAF717FFEDF90EF2FCFE0661
:105E3000020506FFF50905F909F9FA0EF2FA030958
:105E400000FFFC020EEAF51208DC02FF09F2FC0278
:105E5000F804FF05F81DF00AFF01F823010A04EF1A
:105E6000F30FFC000016E10412F900FEF5F11D0A23
:105E700003070305F01AFA21F80802F9090C0B0AC6
:105E80000B0A02FCEF09F0E3F9FFED1DF50003FD3D
:105E9000011A17FD07FC13FBE3141507FC03E9FBCC
:105EA000F50301E5FB14F416FB070EFAF1F005ED1E
:105EB000F90BFEF0F9F4F4EBF703F701F20BF5F749
:105EC00006E5F3F9FA0431F90409F3F438040B0E8A
:105ED000F10C13FCE70BEFEA0F04FAF802FB00F5F4
:105EE00001E9FA0315F4FFF9EAE9FF1301F9F6EC09
:105EF00005F805EBFFFE0DFAF505F7F7F312FD02C5
:105F000005F4FA1EF3FCEE140008F8080400F90684
:105F100005061D092AFEF4070EF6F301FFEF08ED52
:105F200004EFF3EC0819FFEF130A050AFA03F40E65
:105F30001EFAF5F8FCEFF4F7F429F0EBFEF1160287
:105F40000902FB050216F8F3ED38F00621FC23FDEB
:105F50000AF10DF5FB0B0001FB03FA15F4FAF0074B
:105F60000FFAFBF101F801FDEFE3FE01F409F8F887
:105F7000F81E0A1211DE0A050211F2FAFD00EA0605
:105F800014E0FBEBF008F801FE10FDFAECF305035A
:105F90000A0DF7F30B000405F6F705ED0AFCF5FD15
:105FA000F4FCF5F9EBE2F6060E08FEFF100113F122
:105FB000F204FFFC04F90CF3F41DFF03000204F5E6
:105FC000FDFDEA04FA030609E710FCF224030502CA
:105FD000F1FC01F50DFCFDFC00FCFD2C0EFEF9F9B9
:105FE0000DFFFAF702001CF3F8FA01FBFAF70606B8
:105FF0000AFD06FE0CF105000011FEEE0406020388
:10600000F9FEF6EDFCF9FDFC0309EF0AFCF6F4FEDF
:10601000F607EAF9F90107FE06F8F8071209FB038B
:10602000FAFCF604F2F5F9090D01FBF11B07FCF38C
:1060300000F70B080B00FF00FC090509F105F61B32
:10604000F8060B0FF50DE7F1F0F709FC0EF9FAFE73
:10605000FE0302EBF8FFEAFBE5FA0409070D00F97D
:10606000FEF8F40506FBF8F9FEFB0807F001100145
:106070000400FA0B07F2FA0FFC11FBFF05180505E7
:10608000F20BF8FAEEFDF2F303FCF608F913FE0446
:106090000624160812ECF80AF901F408FB04F807C4
:1060A000FEFDF9FAF000F70B0A03FFF7FA00FDF81E
:1060B000F502F313FFEA0400FA00F6F40C07F4FB10
:1060C000EF03F4FC0CFB1B13F50AFA0D0701FF1B91
:1060D000F80C0706FEFA06F9F018F6FEF4F50DF6D0
:1060E000FBEDE5F2F501FFF1FE12EDF60303FD1302
:1060F00009F5F8FB18FD0214EEE8FB0B040E0E0286
:10610000F70800F7F4FE0CFE11EDEF041011F60590
:10611000FB0E0F0514F603F818F0FCFF04ECF6EC88
:10612000FBFE05020506EAEE03F8F90505FD0C0085
:1061300012F80CFE0DFC0203FC0BF1F3F20B00FC59
:10614000F6F6EA111914FCF6FB22FE1D0304F4F81E
:10615000F509F60DF0FB03FE0608FCFBF601FEFA5E
:106160000F030EF9FB06FBFE0D07F7F3F60EF9FC25
:1061700006FE08F11D0FF20FF830FEF3FDF8FAEC01
:106180000CFD06F7F0FCF8F81FFA0BFD00F6F6FA26
:106190001106F40112F60109020302E511FBF8FAF7
:1061A000F9FE06F1F4F40DF4F601FA0A0D0700F316
:1061B00008EE001907F904F8FB0109FDFEF4FDFCE7
:1061C000EAF90406120101F5F90705FD0FFA050ABF
:1061D000EA0BF7F00AFA060215FEFF020CF6FEFCC7
:1061E000050314030AF7F9FCF60CF2FA0201F807AA
:1061F0000500F7FC2EF2040CF303020008041FF361
:1062000006F901F2FE0804F409F3F90504010AF99C
:10621000F2FAF90A0F01FCFC0BFEFDF30FFCF5F896
:106220000402070AFFF925F1FDF9F0020D0BFDE963
:1062300003EDFBFEEB09F80100080AFC00FCEF0B84
:106240000609EA0CF50BFF0E0A16020106F5F9FC29
:10625000FC05FBF309F7FBF9F7EF0109FE03000763
:10626000FF10FB0EFC03FAF408100107F20100FC1A
:1062700009F20101070DFD0B070905F405F800FE01
:1062800012F1F7FBF30CF9FB020DF503021315F005
:10629000F80C0D070402EEFCFBFAF0F4F000040920
:1062A00004F60900F90AF806FB06ECF2FAFB03E92A
:1062B000F6FC1203F606F90FF80700EA03EBFE05F9
:1062C000F52102FA06F3F90E010A000DECF0F115C2
:1062D000F010052805010FF6081102EBE803F70599
:1062E00003FCFAF9F3FC0002E91CFC000600030BB6
:1062F00001F3FAF810FD24020806F414060809F95F
:10630000FB0603FF10F2F6FF28F0FB0C1AFF05FD59
:106310001715F2FB0002FD0F06F305F2FCFFF0F388
:10632000F014FF1700DAFEF61110F7E8F70711096D
:10633000F8F60B00E606FBFBF8EF01010A00F5F0AA
:10634000EEF6050B0E07EA05FFFFF701FB12EF1152
:10635000F1FAF91FFCFCFF0406FEFCF501F1FDFB60
:106360000B0101F0FAFF0704FB1200F70211F2F132
:10637000F8E7F9F70D0E050CFC1FFA02FF00070302
:10638000EE12FBF90EF3F5FAF6FA02F0F21A09FD35
:106390001CF70907FEFEF1FF0309FAE8FE02F9FF08
:1063A000030315FD03F9F612FFF90E0116F6EEFBD5
:1063B0001A07FAFAF8FAFE0702EE0A090903FE05BF
:1063C000F5101BFBFBF0F4F2FD0702F0EFFFF60700
:1063D00000F816F707FBFF05040DFA0807F6FEFBA9
:1063E000F804FFFE07F000FEF403F6FDFE01F8FFDF
:1063F000F305050910FC0E060C04071D0E03FCFA3C
:10640000FD16E9FB0FE4050208F405EE0805FDEEB4
:10641000F804EF1205FAF8F400FBFEF60106EF06A9
:106420000AF8FA1102FB050B01FBFCE6FD0EF6FC77
:1064300003F5F5F0FDFFFB02090218110804FC2624
:10644000100E06FAF5FE0EF60BF50C04F8F8E6F35E
:106450000DF8F21501F80A0B16EF07FCF9F600F536
:10646000120905000AEF00FE020F01FEF9FE0211FB
:10647000FAF2F3070B03010E000A08F514ED00FC15
:106480001008F30304FF04001DF4E81A040BF2F4EF
:10649000F60F0FFB0106FDF803F3F107FA01FDF516
:1064A00002EE0EFFEFFE0C0CFA0CE9F309EE04000D
:1064B00005FDF21407FAFAF50AF9FA06E804EE1AED
:1064C000E9FE12F2F3FDF61CFC1EEA09F3EF0BEDF8
:1064D000F7F40E02FA191B0001F9EFFAF004010DAE
:1064E000F4FAFAF502F4EA11FBF1F9FC050F2300C6
:1064F000FD0AF20DF00407FB0CFF0BFEE9F7FD0AA5
:10650000F8FDFB090CFDF4FC0603E6F905E8F5FDD2
:10651000F717F7E0F0031E00100705FF00F1F92858
:10652000ECFAF7FEF3F9FEFEFC00EAFC0CF205FFC4
:10653000FDFAF8022920F6FA03F6F1F00AF4F9F46C
:10654000FBF33304F705F00F0201F628F2092401EA
:10655000F0F9FD06051917F1FAF2F5FCFEF703FE56
:1065600011FBFC000A1112FF01EF0308FA060FFFEE
:1065700002F205F607FB0BFF00F6030D01F610070C
:10658000F8FAFAF3FD09140402F3F7EAF8FEF00C46
:1065900005F007F109060105020809F90FFE0723B6
:1065A000F500FE0101F711F907F9ECF80BFE0609F9
:1065B000000AFCF51D0700FEF6F1FDFFFC04F1E505
:1065C000010C16F6FD14EF1307FD0525FC0912FD5D
:1065D000F9F4FD0F020010F5F407080AFEF114F2B9
:1065E000020DFF06040D110F0608FA09F906100442
:1065F000FEFDF90EF202FDF6F9F20408FD0A000CA8
:10660000FC0405FBF6112AF70205020503FDF20C56
:10661000020604D7FA02FD090300F9F80701FD0B91
:10662000FD00F50402FD17F5FDF80AEB1A0CF71052
:10663000F81002F80DF3F8F0EE12ED08FD02FAEB97
:106640000801F3EFF2F90612EBDC100814F3F8F08E
:1066500008F702FD02FBFBF9FDF4FC0003F9FBF770
:106660000C11F0FAEEED0719F4EF0901F2FDF20654
:1066700004EFFBFFF3F9FC0FFA0501FB01FCFE013F
:106680000309E4F7E4F61CFDF4FA1806FBF9FA0135
:10669000050126DEFDF2F10EFC2502F8EBEBFAF324
:1066A0000106D2F4F8FB050A03F11CF604FCF4021F
:1066B0000105F30A13F40207F8FD00F3DFFB0A00FB
:1066C0000DFEFE01EBFA06EDFD0EEB09070617FFC6
:1066D000E9F308FE100100FC0B0705FAF5F60001CE
:1066E00014060CFEFFFB14F2052C0401F9F90A0153
:1066F000F41606010AFAF70403030005FF00000D73
:10670000F6FFF20D00080BF2F113F5FCFDF10204A7
:10671000F7250BE4FCFAFCFEEFFDFEFBE4130FF89B
:10672000E2FFF30406FD08F71206FEE8F2F3F003B9
:106730000C22080900FDF712F300F8F513FF0FFA19
:106740002507F4FF0BFEF403FDE302F600F924EE47
:10675000F6FCF70003FF0CF8FAF20D12180CFFFC20
:106760002803F60A04FD150E0DFE0B0CFBF5FA0BC3
:10677000FE120704FDFDFE0A060606F509F2F20602
:10678000110B000001FF08FD01FD05000EFD040CCA
:1067900003FCFFEDF7FA03FFFFF908070AF20AED21
:1067A000F9030AF8FEFF02F9F8F9021A0211FD05D1
:1067B00000060420FDFCFDF3F5F9F60C040B2100A6
:1067C000F4F60B0510F909FCFCF0F8F80E0209FAD2
:1067D000FBF5FA0EF3FAFBF8F9FDF51C09080605BE
:1067E0000AF5F803E9F0010CF200FE1203F60519B0
:1067F00009EC000FFD010401F6F9F91017F9150075
:10680000F2020306F2FDF1FBF1FCF80E0504ED04C3
:10681000FAEEF80FFE08FC03FAFBF50E10F6F4FD95
:10682000F606FFFAF70CFCF7F8FFFC1EFC18F51053
:10683000FE07061B05F6FE0011F8F2F9F6031B1D14
:10684000EDF5FB02F6FFF202FE00F701FE17E90F7D
:10685000F8F415040EFAFFF5FF0AFB0B10FD0923EF
:10686000F9020106FCF5F9F2FDF812090C07F42211
:10687000FFE5090B07F7F80906F7FC07FCF60A0A1B
:10688000F506F904F5FA00FCFF0AFE0FF30DE11816
:1068900001F3ED08FEFB07FC0AFCF6F6F6F8FFF63E
:1068A000F8FD01F7FD0101F5FE06F622FB0CF122D1
:1068B000FFEC1400000000000000000000000000D9
:1068C0000000000000000000E8B800200000000008
:1068D00068D200200100040004D9020004D902009B
:0C68E00004D9020004D9020004D902000F
:0400000320007375F1
:00000001FF
