:020000022000DC
:1070000000000420757302005D7302005F730200CC
:1070100061730200637302006573020000000000E8
:107020000000000000000000000000006773020084
:1070300069730200000000006B7302006D730200B0
:10704000419302006F730200799502006F73020092
:107050006F7302006F730200F99302006F730200F6
:107060006F7302006F7302006F7302006F73020090
:107070006F7302006F7302006F7302006F73020080
:107080006F730200AD8502006F7302006F73020020
:107090006F7302006F7302003DB002006F73020055
:1070A0006F7302006F7302006F7302006F73020050
:1070B0006F7302006F730200000000000000000008
:1070C0006F7302006F7302006F7302006F73020030
:1070D0006F7302006F7302006F7302006F73020020
:1070E0006F7302006F7302006F73020000000000F4
:1070F000000000006F730200000000006F730200C8
:10710000000000000000000000000000000000007F
:10711000000000000000000000000000000000006F
:10712000000000000000000000000000000000005F
:10713000000000000000000000000000000000004F
:10714000000000000000000000000000000000003F
:10715000000000000000000000000000000000002F
:10716000000000000000000000000000000000001F
:10717000000000000000000000000000000000000F
:1071800000000000000000000000000000000000FF
:1071900000000000000000000000000000000000EF
:1071A00000000000000000000000000000000000DF
:1071B00000000000000000000000000000000000CF
:1071C00000000000000000000000000000000000BF
:1071D00000000000000000000000000000000000AF
:1071E000000000000000000000000000000000009F
:1071F000000000000000000000000000000000008F
:10720000354936480A1A02D0072291438D4634493F
:1072100034480A1A06D00722914381F309880222D2
:1072200082F3148830483149314A00F044F831483B
:107230003149324A00F03FF831483249324A00F0D1
:107240003AF832483249334A00F035F83248334987
:10725000334A00F030F833483349344A00F02BF811
:1072600033483449344A00F026F83448344900227F
:1072700000F02CF833483449002200F027F8334856
:107280003349091A082902DB002202604160314AB1
:1072900090471F481F49884205D00268043003B454
:1072A000904703BCF7E700208646EC46002000210B
:1072B000294A9047FEE7884207D0521A05D0037842
:1072C00001300B700131013AF9D17047884202D088
:1072D00002700130FAE770470000042000E003204C
:1072E0000000042000000420D0E20200E82A002070
:1072F00004B90020D0730200D073020044D602000B
:10730000D0E20200E82A0020E82A002040D702004C
:1073100040D7020040D7020040D7020040D7020009
:1073200040D7020040D7020040D70200CFE202005F
:10733000EC70030004B9002004B9002004B9002057
:10734000C8770120C8770120C8770120C8770120BD
:10735000C89701209D730200E9A00200FEE7FEE746
:10736000FEE7FEE7FEE7FEE7FEE7FEE7FEE7FEE7F5
:1073700000F002B8FFF7FCBF0F484FF00701884349
:1073800085460E4880470E48016841F4700101604F
:10739000BFF34F8FBFF36F8FFFF732BF09480A4922
:1073A0000A4A884207D0521A05D0037801300B7080
:1073B0000131013AF9D1704700000420D98E020052
:1073C00088ED00E040D70200E82A0020E82A0020EB
:1073D0007047000007B5044B0093044A402300F0B7
:1073E00032F803B05DF804FBF173020005B9002028
:1073F0002DE9F84388461446B2B10F4B0F4E0325D2
:10740000002743F00109224608EB0701002003F0A2
:1074100047F80744241A48B933782BB14FF47A401F
:10742000C847013D02D13570BDE8F88301233370B0
:10743000002CE8D1F8E700BF40D7020004B90020D3
:10744000704703F061B8F0B595B01D461646084682
:107450000C4601F05DFC1A9B0D93CDE908650025F3
:107460002B46082205A920460A958DF82C500C952C
:1074700001F06BFC079B0293069B03939DF814306D
:107480008DF8115003F00302012A1DD1BDF814201C
:10749000059DC3F3C203C2F383168DF81030B2000A
:1074A00008230EA9204601F050FCC5F3952508AB32
:1074B0000093324602AB0EA9284600F027FB204677
:1074C00001F02AFC15B0F0BD022AF8D1BDF8165023
:1074D000C3F3C203C5F389158DF810300827082DB2
:1074E0002E4628BF08263B4632460EA9204601F00C
:1074F0002CFCAD1B08AB02AA31460EA8374400F0A5
:1075000069FB002DEBD1DAE708B5FFF79AFF0448D5
:10751000042100F065FA034B01225A7108BD00BF37
:1075200030D70200E82A0020037813F0040216D0B6
:1075300003F00303012B03D0022B09D00120704775
:107540000A6800880232C0F3831002440A60F5E73B
:107550000B684288023303EB92130B60EEE7104690
:10756000704700002DE9F04F87B000230446861CC9
:107570000DF107000F4615468DF8073000F0A8FE04
:10758000404A51683960936803F580735B1A9246EC
:1075900002F21C4702F5836902F21448B3421AD37F
:1075A0000020002D69D004F00F039B0143F0050378
:1075B00063F30F00DAF80430DAB203321E444AF8FB
:1075C00022009DF80700CAF8046000F0A5FE012023
:1075D00007B0BDE8F08F0121384601F0C4F84846F5
:1075E00001F0D9F8404601F0D6F8DAF80800029028
:1075F000C0B203300AEB800002A9FFF795FF029B9F
:1076000030BBDAB20AEB8202D16803919A1C0133D3
:10761000DBB20AEB83030292D3F80CB001F0030350
:10762000012B22D0022B15D08346404601F0B6F83C
:1076300010B1029BCAF808305946384601F093F859
:10764000DAF80830DAF8042003F580739B1AA5E70E
:10765000D8B2CEE7BDF80E30C3F3891303334FEA37
:107660001B4B02EB93030293DFE7BDF80C30C3F32F
:1076700083134FEA1B4B1344F5E7A40544F00600BF
:1076800098E700BF18BA0020064B074810B5002243
:107690001A7001F0F6FA044610B9044801F088FBAC
:1076A000204610BD18BA00209CD602007CD70200EC
:1076B00030B50A4C71B10A4A0A49121BD20800239C
:1076C0009A4201D1002030BD31F82350854202D0CA
:1076D0000133F5E7034654F83300F4E7B0D602006F
:1076E00030D70200E82A0020094B013903EBC00023
:1076F000032909D8DFE801F00A02040604207047D4
:107700000079704740797047002070470220704729
:10771000B0D60200034BD3E90130C31A5842584196
:10772000704700BF18BA00202DE9F04186B0FFF77E
:10773000F1FF0546002840F0E680744CC4F81804B8
:10774000BFF34F8FA3680293DBB2033304EB8300D4
:1077500002A9FFF7E9FE029B18B1D4F81824002A09
:1077600055D0DAB2991C013304EB8202DBB204EB90
:107770008303D268DB68049302F00303022B0392B5
:1077800002914FD1BDF80E306148C3F38917502FD5
:107790003E4628BF502666F38F1306F10801ADF868
:1077A0000E3001F086FA0546002800F0978001F0BF
:1077B000AFFA002303A90822284601F0BCFA029977
:1077C000CB43DBB20133C9B20331B6EB830F4FEACF
:1077D000830804EB810122D908234246A6EB080660
:1077E000284601F0A8FAF6B24A4908F108033246E1
:1077F000284601F0A0FA029B033703EB9707029794
:10780000D4F81834002B41D1D4F8106451E06268E8
:107810009A4299D8A260284606B0BDE8F0810823B4
:107820003246E5E7012B59D1BDF80C303848C3F397
:107830008311062928BF062161F3891302318900CB
:10784000ADF80C3001F035FA0546002846D001F0BD
:107850005FFA0023082203A9284601F06CFA0026EB
:10786000BDF80C20C2F38312B300964203F1080363
:10787000C6D202994A1CC9B20331029204EB8101BB
:107880000422284601F057FA0136E9E7284601F0BC
:1078900043FAFFF73FFF80F00100C5B2BBE7F36892
:1078A0005B7923B1336829461B6830469847F368F3
:1078B0001E68002EF3D1284601F02EFA0DF10700C4
:1078C0008DF8076000F004FDD4F818340BB9029B62
:1078D000A3609DF8070000F01FFDDAE7D4F810441C
:1078E00054B90D4B0D480E49C01AC008000440F0B1
:1078F000020000F05DF8CCE7236820469B689847BB
:10790000E3681C68ECE7002585E700BF18BA002093
:107910009CD6020024BA0020B0D60200D8D60200BD
:1079200064D702002DE9F34704460E46924601A9AA
:10793000012218469946FFF715FE1B4F10B3019D13
:107940004FF00008AA1CC84508EB020123D11748D4
:10795000002100F0D9FE80F31000000440EA14403A
:10796000E4006B1C04F03804DBB2EDB244F0010417
:1079700007EB8303033544EA881444EA8624D8607D
:1079800047F825403B781BB1FFF7CEFE0028FBD11E
:1079900002B0BDE8F087C9B207EB81015AF8283080
:1079A000CB6008F10108CEE718BA002034BE0020F1
:1079B00000231A46FFF7B6BF07B50123019201AABB
:1079C000FFF7B0FF03B05DF804FB07B5CDE9002376
:1079D00002236A46FFF7A6FF03B05DF804FB000030
:1079E00030B50F49D1F8102403460020144634B9AD
:1079F000DC6820714AB9C1F81034226030BDE468F7
:107A00002579854206D02468F1E7D26811682160A3
:107A10001360F3E701300A28E8D14FF0FF30EDE7BB
:107A200018BA0020084A38B50123D2F81044137060
:107A30001D4604B938BDE3685D71236820465B6864
:107A40009847E3681C68F4E718BA002007B50346B6
:107A50000846197A052911D05B7A2BB1094A0A49DF
:107A6000019000F0FEFE01980849019000F0F9FE37
:107A7000019803B05DF804EB00F0E8BE002AF8D0EE
:107A8000F2E700BF88D702008DD702003BDE02007C
:107A900030B5C38885B004460D4633B1144A009210
:107AA0001449154A284600F0DCFE217A05291DD02C
:107AB000637A4BB1A088FFF717FE104B104953F8BB
:107AC0002020284600F0CDFE227A0E4BA08853F8E5
:107AD000222003920021FFF7EBFD039A0A49034697
:107AE000284605B0BDE8304000F0BBBE05B030BD53
:107AF00088D7020098D7020090D7020014D802005D
:107B00008DD7020038D80200B0D702002DE9F0432B
:107B100085B01F460C9D002395F80C902B730646EC
:107B20000C46904629463846FFF7B2FFB8F1060FDB
:107B300009D8DFE808F00412181F28334000314646
:107B4000284600F08EFE002229463846FFF77EFFC9
:107B500085F80C9005B0BDE8F083226831462846D0
:107B600000F07FFEEFE7D4E900233146284600F01D
:107B700078FEE8E7A36800933146D4E9002328465D
:107B800000F06FFEDFE7E3680193A36800933146DE
:107B9000D4E90023284600F064FED4E72369029369
:107BA000E3680193A36800933146D4E90023284693
:107BB00000F057FEC7E76369039323690293E36804
:107BC0000193A36800933146D4E90023284600F0CE
:107BD00048FEB8E708292DE9F74F80460E461746BC
:107BE0001C463CD8002593F80C901D73194610468E
:107BF000FFF74EFFDFF888A0DFF888B0AE4231D93A
:107C000018F805205946204600F02BFE0135082DB6
:107C1000F4D11949194DDFF870A0204600F021FE7B
:107C20004FF0000B5E4522D918F80B207E2A05D8AC
:107C30001046019205F0E8F8019A00B92E2251464B
:107C4000204600F00EFE0BF1010BBBF1080FE9D14D
:107C5000012221463846FFF7F9FE84F80C9003B064
:107C6000BDE8F08F5146204600F0FBFDCEE72946E7
:107C7000204600F0F6FDE6E7C4D70200C2D70200B6
:107C8000C0D70200BAD70200C6D702001FB5002134
:107C9000039001AA44F20100CDE9011100F004F8BB
:107CA00005B05DF804FB000010B572B6FFF7BAFE30
:107CB000FFF73AFD0028FBD1104B114C1149E41A93
:107CC000E408240444F00100FFF772FE0E4B1B6829
:107CD000DB0700D500BE0D4944F00200FFF768FE47
:107CE000BFF34F8F0A490B4BCA6802F4E06213439B
:107CF000CB60BFF34F8F00BFFDE700BFB0D60200DF
:107D0000D8D6020057D80200F0ED00E063D8020098
:107D100000ED00E00400FA0549B152B1531E1A40CB
:107D200007D1826001608380C260104670470E20D8
:107D300070470920704710B58468C2688388121B99
:107D4000934208D3C26813400268D154C368013318
:107D5000C360002010BD0420FCE78268C3689A421B
:107D60000AD08268838813400268D35C0B708368F2
:107D7000013383600020704705207047D0E902235B
:107D8000D1E90201994208BF90422CBF0120002096
:107D90007047000008B50B4800F0F1FB0A4B0B4997
:107DA000D3E900231218D1E9000143F100038B420B
:107DB00008BF824203D212F1807243F100031046E1
:107DC000194608BDF02A0020D8BE002050BF002070
:107DD00037B505460C460A4801A900F004FC60B11D
:107DE0000570446001A9064800F027FC18B1054859
:107DF00000F0CAFB002003B030BD0420FBE700BF49
:107E00003CBF0020F02A002038B5184B1B780446F0
:107E100013B90025284638BD0028FAD0037F03F0A7
:107E2000FF05002BF5D0FFF7B5FFD4E902239942F7
:107E300008BF904214D3236903B92377D4E90530EE
:107E4000984721690029E4D0237F03F0FF05002B28
:107E5000DFD0D4E90223521843F10003C4E902231E
:107E60000348214600F0C3FFD4E700BFE0BE002076
:107E700080D8020013B5114B1149186801900823EE
:107E80001048582200F09CFB044698B90E4A0F484F
:107E900001A900F065FA044660B90C48012100F020
:107EA00051FB01230A4A0948194600F0B3FA094B6D
:107EB00001221A70204602B010BD00BF7AD802001D
:107EC000E4BE00203CBF0020217F0200F02A0020F9
:107ED000FFFF7F00E0BE002038B5037F04460D465B
:107EE00083B98261FFF756FF2369401941F1000110
:107EF000C4E9020103B1256121460020BDE83840F4
:107F0000FFF766BF002038BD00230146037701203C
:107F1000FFF75EBF014800F032BB00BFF02A00202F
:107F20002DE9F04F85B0804600F014FB40B15A4A6D
:107F3000D2E9003113F1807341F10001C2E900314F
:107F40000021404600F015FB38B1544E336823B190
:107F50003068FFF759FF002333600121404600F0ED
:107F600008FB20B1FFF716FF4D4BC3E900014D4858
:107F70004A4F4D4EDFF8389103A900F06EFB002800
:107F800045D1DFF82491454EDFF828A1484600F09E
:107F900044FF3368002875D07BB13368D0E9020113
:107FA000D3E90223994208BF90422DD233681B7F48
:107FB0001BB13168484600F01AFF484600F027FF21
:107FC000D0E902B307460193FFF7E4FE019BBBEB48
:107FD000000463EB0105012C75F1000345DBB4F5EA
:107FE000350F40D3FFF796FF304A02444FF4960313
:107FF0000021504600F02EFA00283ED1336813B914
:10800000404600F0FFF9376005B0BDE8F08F037817
:10801000012B1DD0022B09D14FF0000A304600F091
:10802000F6FE002834D080F81CA0F7E73BB9416881
:108030000B7F23B901230B77304600F0D8FE03A94C
:10804000184800F035FB03A9164800F006FB96E738
:1080500041683B68994202D100233B60EFE730461C
:1080600000F0DEFEEBE7BA68C0E70021504600F002
:1080700076FA3846FFF7C8FE01E00D28F9D0002354
:10808000336083E7002BBFD1404600F0BFF9BBE768
:10809000012389F80030D2E7D8BE002058BF002065
:1080A00050BF00203CBF002080D80200FFFFB4007A
:1080B000E0BE0020F02A00200648074A037807495E
:1080C000D35C012213B1043001F0DCBE0C3001F0AE
:1080D0008BBC00BFF82A0020C4BF002084BF002052
:1080E0000648074A03780749D35C012213B10430DC
:1080F00001F074BE0C3001F025BC00BFF82A00204E
:10810000C4BF002085BF002037B50578012D0BD0F6
:10811000022D2ED065B91E491E48FFF71EFE00280D
:1081200032D1FFF7DDFF03E0037A1BB9FFF7C4FF8D
:1081300003B030BD4368184C19782046FFF7FBFDAB
:1081400080B18DF800500190144B68461B68984729
:10815000A168E368A2885B1A9A42E7D2104B012219
:108160001A70E5E7A268E3689A42F1D08DF8000042
:10817000EAE7C3688DF800500193FFF79DFF074BB6
:1081800068461B689847D3E703238DF80030F6E76D
:1081900085BF002074BF002060BF00205CBF0020AE
:1081A00070BF0020F0B51F46234B89B004461A600B
:1081B0000D4600293DD08A8820480968FFF7ACFDAC
:1081C000002834D1AA89A9681D48FFF7A5FD002819
:1081D0002DD11C4E0FCE6D460FC596E80F0085E8D9
:1081E0000F0063690693237C174A18488DF81C70AA
:1081F000003B18BF01238DF81430637C002B14BFA3
:108200000E2300238DF81530E3680293A3680393CF
:108210002368019369466368009301F017F830B949
:108220000B4B18702368013301D0FFF745FF09B0ED
:10823000F0BD0720FBE700BF5CBF002060BF00204F
:1082400074BF00208CD8020009810200F82A0020A7
:1082500070BF002070B5084D014608482E78FFF722
:108260007CFD044636B100232B70FFF725FF08B1D3
:10827000FFF70CFD204670BD70BF002060BF0020DE
:1082800010B501460E48FFF756FD0446A8B90D4843
:108290000D4A0378D35C63B1043001F0E7FD60B9A7
:1082A0000A490748FFF759FD38B9BDE81040FFF704
:1082B00017BF0C3001F08CFBF1E7204610BD00BF6A
:1082C00074BF0020F82A0020C4BF002085BF002012
:1082D00070B5EFF3108672B60C4A946801239CB90E
:1082E00093600B4B0B4DD3F8801029401160C3F8FD
:1082F0008050D3F8841051604FF0FF32C3F88420CF
:10830000047006B962B670BD0370FAE788BF00203A
:1083100000E100E0FC06FFBD084B9A6810B55AB1B9
:1083200050B9EFF3108172B6054A1C6814605C689E
:108330005460986001B962B610BD00BF88BF0020CC
:1083400000E100E0435882B03BB100234350435862
:108350000193019B012002B070471846FBE7000023
:10836000F8B5204B4479204D43F824201F4A204B78
:1083700005EBC4049B1A2279DB081B0432B143F0DD
:1083800002001C49FFF714FB0820F8BD02680C88A6
:10839000C2F8084590F904608A7804795201002EE9
:1083A000D2B219DB14498F1987F80023012276090C
:1083B00004F01F0402FA04F441F82640427905EB68
:1083C000C201012445F832000C7143F003000B494F
:1083D000FFF7EEFA0020D8E7094904F00F040A5528
:1083E000ECE700BF9CBF002094BF0020B0D6020085
:1083F000E8D60200ACD8020000E100E0CED80200CE
:1084000014ED00E0036801221A607047036801223E
:108410005A60704773B501F15005AD000068ADB208
:108420004FF480348C400026C0F80843C0F848431D
:10843000465101F5A8714559019522F07F42019DF1
:1084400040F82120C0F844430BB1C0F8044302B007
:1084500070BD00002DE9F74F0D4622F07F44026801
:108460004FF4803705F150068F408046B60002EB8E
:108470008500C2F84873B6B2C2F80873D2F8041582
:1084800099464FF0000BD0F84035C0F8401542F83F
:1084900006B05B1A9259009223F07F43012B009A99
:1084A0004FEA850A0CD1264B4FF4806043F001035C
:1084B0009847D8F8003043F806B09B590193019BC8
:1084C000D8F80010D1F80465C1F84473A31B23F059
:1084D0007F43012B1CD11A4B05F5A875013443F0DD
:1084E000010341F825404FF480609847D8F80030E8
:1084F000D3F804359E4209D1D8F800300020C3F8E3
:108500004473C3F8047303B0BDE8F08F0D20FAE79D
:108510008A44C9F1FF13CAF84045D1F80405221A6C
:10852000013A22F07F4203F57F439342EED3002AC3
:10853000E2D10134CAF84045D1F804359842DAE76F
:10854000E0D8020003680222C3F8442309B1C3F84B
:108550000423704700684FF48271FFF7F3BE4FF4B5
:10856000803303FA01F10368C3F84813C3F8081312
:10857000704750318900006889B2FFF7E3BE036895
:10858000D3F804057047000090F90430002B09DB94
:108590005A09012103F01F0301FA03F34032024993
:1085A00041F82230704700BF00E100E0024B034A6F
:1085B0001B681068184700BF9CBF002094BF0020B4
:1085C00010B561B1B2FBF3F403FB1424A4B244B9B7
:1085D000C0E9001484608281C381204610BD0E2052
:1085E000FCE70920FAE737B550E8013F9DB2C4899E
:1085F00025448489A54228BF2D1B0489A54202BFBA
:10860000BFF32F8F002207E0C5EA030540E80154BD
:10861000002CE9D14FF001028DF803200193019B5A
:108620009DF803200B6002F0FF0322B10B88006865
:10863000184403B030BD1846FBE70A884B889A42BD
:1086400009D150E8012FC2EA024240E80123002B81
:10865000F7D1012070470020704737B550E8023F3E
:108660001FFAA3F5C488A54202BFBFF32F8F0022D3
:108670000DE0C48925448489A54228BF2D1BC3EA87
:10868000054540E80254002CE8D14FF001028DF876
:1086900003200193019B9DF803200B6002F0FF0370
:1086A00022B14B880068184403B030BD1846FBE780
:1086B0000A884B889A4209D150E8022FC2EA224226
:1086C00040E80223002BF7D10120704700207047BB
:1086D00001F01F024B090121914000EB830000F0E3
:1086E0001EB801F01F0301229A404B0900EB8300E2
:1086F000D14300F02CB84B0901F01F0150F82300C2
:10870000C84000F00100704710B5034653E8000F61
:108710000A4643E8002494F0000FF7D110BD10B5CD
:10872000034653E8002F42EA010043E8000494F0B6
:10873000000FF6D110BD10B5034653E8000F00EA54
:10874000010243E8002494F0000FF6D110BD10B5EB
:10875000034653E8002F02EA010043E8000494F0C6
:10876000000FF6D110BD10B5034653E8002F02EB01
:10877000010043E8000494F0000FF6D110BD10B5DD
:10878000034653E8002FA2EB010043E8000494F0F5
:10879000000FF6D110BD0121FFF7C1BF0021FFF787
:1087A000CABF10B590B1D0E9012301689B1ADBB2B2
:1087B0000A60013BDBB2FF2B026802D1002010717E
:1087C00010BD11684C1C14600B70F2E70E20F7E727
:1087D00037B5054600240DF107008DF80740FFF777
:1087E00077FD2A686B68116899420ED9481E10609F
:1087F00011F8014CEB68298A01FB0434AB6811794C
:108800001B1ADBB2994238BF13719DF80700FFF7BE
:1088100083FD204603B030BD37B5054600230DF17A
:1088200007000C468DF80730FFF752FD2A681368E1
:10883000591C1160E968641A298AB4FBF1F41C70B0
:108840009DF80700FFF768FD03B030BD826810B5E2
:1088500004462AB143690168006998470023A36070
:1088600010BD0EB403B5039921B104AB01AA019365
:1088700000F076F802B05DF804EB03B070470A2907
:1088800038B504460D4602D10D21FFF7F8FFA36865
:108890002268591CA160D554D4E901329A4204D30C
:1088A0002046BDE83840FFF7D1BF38BD2DE9F84F6D
:1088B0009846DDE90A43154682460F460A464FF0C0
:1088C0000109AA420FD2C14538BFC14613F0010BBE
:1088D00001D16CB900240126B8F1010F1BD908F1B0
:1088E000FF386E43F8E709F10109B2FBF5F2E8E75A
:1088F0009B070ED5B8F1000F0CBF30262026A145EE
:10890000E9D2013C31465046FFF7B9FF002CF6D1C1
:10891000E0E72026F3E7B7FBF6F39D42E1D9DFF865
:108920003C80B7FBF6F3504618F8031006FB1377AC
:10893000FFF7A5FF3346AB42B6FBF5F6F1D2BBF12C
:10894000000F02D00CB1A14501D3BDE8F88F202162
:108950005046013CFFF793FFF4E700BFE6D8020062
:108960002DE9F74F054617468846002900F0428159
:1089700018F8011B49B92B7B002B00F03B812846DE
:1089800003B0BDE8F04FFFF761BF252940F0B78085
:10899000002698F800302D2B424608F1010823D01C
:1089A000302B24D02B2B25D000242A2B02F10101BF
:1089B00023D13B681A1D1B683A601C440A46137891
:1089C0002E2B26D101324FF0000A104610F8011B61
:1089D000A1F1300CBCF1090F1DD80A2303FB0A13C7
:1089E000A3F1300A0246F0E746F00106D1E746F06F
:1089F0000206CEE746F00406CBE711F8013CA3F1EE
:108A000030000928DBD80A2202FB0434303C0A4635
:108A1000CBE74FF0000A12F8011B01F0FB006828B9
:108A20009046F8D0782909D86F290CD8632962D0EC
:108A300022D8252963D0582900F0888098F8003082
:108A4000002B95D197E770390829F7D801A353F87F
:108A500021F000BFCF8B02003D8A02003D8A020058
:108A60005D8B02003D8A02003B8B02003D8A0200C2
:108A70003D8A02004D8B0200642901D06929DDD1B5
:108A80003A68D2F80090111D89EAE9723960A2EBC8
:108A9000E9724FF0010B092A35DCD34538BFD346C4
:108AA0002CB1B9F1000F01DB720700D5013CB3070F
:108AB00002D5BAF1000F03D0F00701D44CBB00245B
:108AC000B9F1000F2DDAC9F100092D212846FFF771
:108AD000D6FE06F00302022A04D1BAF1000F01D13A
:108AE0001CBB0024CDE9004653460A2249462846CD
:108AF000FFF7DCFEA2E73B681A1D19783A602846AA
:108B0000FFF7BDFE9AE70A230BF1010BB2FBF3F26C
:108B1000C1E7A345D4D220212846013CFFF7AFFE90
:108B2000CCE77107D5D52B21D0E7A345DAD2302188
:108B30002846013CFFF7A3FED2E73968CDE900469D
:108B40000A1D3A6053460A220968D0E739680A1DAF
:108B50003A60CDE9004653461022F5E73B681A1DFE
:108B60003A6016F00106D3F8009028D1B9F1000F51
:108B700003D0484604F019FA0646B44200D904BBB3
:108B800009F1FF3919F8011F00293FF457AF2846B2
:108B9000FFF775FEF6E728460136FFF770FE19F875
:108BA00006100029F7D1A642BFF448AF002C3FF4CD
:108BB00045AF20212846013CFFF761FEF3E7002680
:108BC000EDE720212846013CFFF759FED5E73B6839
:108BD0001A1D3A60302128461C68FFF750FE7821A4
:108BE0002846FFF74CFE00220823CDE9003221463B
:108BF00010227CE703B0BDE8F08F00BF2DE9F84FED
:108C0000B0F806A04579D2F800B09DF828900AFB8C
:108C100005F5043D88460BEB0301A94203F104046A
:108C200088BFA5EB030BB4FBFAF607460AFB164414
:108C3000C2F800B04EB9AAEB04055D4528BF5D46F9
:108C4000BBF1000F04D1BDE8F88F3F68013EF1E7AA
:108C5000043408EB06003C442A46B9F1000F0DD05D
:108C60002146ABEB050B04F022F9DA452E443F68B0
:108C700055464FF0000428BF5D46E1E70146204617
:108C8000EFE7FFF78EBDF8B546790146721E05463F
:108C9000002393422D6803D30024A64202D8F8BDD6
:108CA0000133F6E70F682846FFF7B6FD0134394671
:108CB000F3E72DE9F843068ACD1C0746FFF788FD48
:108CC000043E35440446B5FBF6F5F0B14FF480732D
:108CD000EDB28380C680013D076081464FF00008F9
:108CE000A84512D23846FFF773FD064648B16379AE
:108CF0000133637108F10108C9F80000076081467B
:108D0000EEE72046FFF7BFFF34462046BDE8F88374
:108D100001210430FFF727BD10B5012104460430BE
:108D2000FFF72DFD10F0FF0F04D12046BDE81040E5
:108D3000FFF7A9BF10BD1FB503920022009203AA3E
:108D4000FFF75CFF05B05DF804FB1FB5039201223D
:108D5000009203AAFFF752FF05B05DF804FB41DF64
:108D60007047000007B500230DF107008DF80730AC
:108D7000FFF7AEFAF1EE103A23F09F03E1EE103A5E
:108D8000BFF35F8F094B4022C3F884219DF8070091
:108D9000FFF7C2FA02F038F920B1FFF7E0FF03B0A5
:108DA0005DF804FB20BF40BF20BFF8E700E100E012
:108DB000836800225A60C3E904229A60DA601A606C
:108DC00070470B684A684360934208BF0023016004
:108DD00008BF43607047436843B1026891685268B6
:108DE0000B449342436004BF00234360704770B557
:108DF000446806460D46206818B1B368294698476E
:108E000018B923682B60256070BD2468F3E74368B8
:108E1000186808B102681A6070474368186870479C
:108E20004368186800B97047884203D102681A6025
:108E30000120704703460068F4E7000010B50D49B3
:108E4000A1F59472914201D800200FE08C1AE30F33
:108E500003EBE4035B1002EBC30452F833308342AC
:108E600005D802D204F10802ECE7606810BD214683
:108E7000E8E700BF00DE020008B5FFF7DFFF024BA6
:108E8000002808BF184608BDC2DC020010B5044621
:108E9000C0B2FFF7F5F9204610BD0000034B18687B
:108EA000A0F1080358425841704700BF300100103C
:108EB000064B1B68082B06D1054B1B68032B02D8F9
:108EC000044AD05C70470020704700BF300100109A
:108ED0003401001000DE020008B5FFF7DFFF40B1EB
:108EE0004FF080430022C3F80C21C3F81021C3F8CF
:108EF0003825FFF7D3FF002846D04FF080525E4B55
:108F0000D2F80414C3F82015D2F80814C3F82415B5
:108F1000D2F80C14C3F82815D2F81014C3F82C1585
:108F2000D2F81414C3F83015D2F81814C3F8341555
:108F3000D2F81C14C3F84015D2F82014C3F8441515
:108F4000D2F82414C3F84815D2F82814C3F84C15E5
:108F5000D2F82C14C3F85015D2F83014C3F85415B5
:108F6000D2F83414C3F86015D2F83814C3F8641575
:108F7000D2F83C14C3F86815D2F84014C3F86C1545
:108F8000D2F84424C3F87025FFF792FF10B13B4B91
:108F90003B4A1A60FFF78CFF18B13A4BFB22C3F82B
:108FA0001825FFF785FF48B13749384B0A681B6819
:108FB00022F00F0203F00F0313430B60FFF778FF5B
:108FC00018B1334B4FF400721A60FFF767FF48B1D6
:108FD0004FF08043D3F80024D20744BF6FF0010262
:108FE000C3F800242B4AD2F8883043F47003C2F847
:108FF0008830BFF34F8FBFF36F8F4FF01023D3F83C
:109000000022002A03DBD3F80432002B2FDA224B94
:109010000122C3F80425D3F80024002AFBD04FF026
:1090200010221221C2F80012D3F80024002AFBD02B
:109030004FF010231222C3F80422174B1A46D3F81C
:1090400000140029FBD00021C3F80415D2F8003425
:10905000002BFBD0BFF34F8F0E49104BCA6802F4B0
:10906000E0621343CB60BFF34F8F00BFFDE70C4BB3
:109070000C4A1A6008BD00BF00C000408C5600407A
:109080004881030000F00040E40E00405802001048
:109090004096024000ED00E000E001400400FA05C7
:1090A0000C2B00200090D00338B5074C051E04F1AE
:1090B000080318BF1C4623682BB11A6822605B683E
:1090C00028469847F7E738BDA8BF002020B9054BD0
:1090D00001225A70FFF7E8BF012802D1014A9070BF
:1090E000F8E77047A0BF002020B9034B01225A7057
:1090F000FFF7DABF704700BFA0BF002038B50E4CA5
:109100002378B3B90D486360A3602361E36000F086
:10911000E5F8054601F078FF08B900F0EBF8012307
:109120002370074BD3F800340BB10123A3702846FA
:1091300038BD8525F5E700BFA0BF0020CD90020017
:109140000000014037B50D4C00230DF107008DF8EC
:109150000730FFF7BDF8E368013BE360E36833B92C
:10916000074BD3F8005415B900F0D6F8A5709DF858
:109170000700FFF7D1F803B030BD00BFA0BF00204B
:1091800000000140012813B50CD0032820D038B9C5
:10919000124B0122C3F88020BFF34F8FBFF36F8FB4
:1091A00002B010BD0E4C00230DF107008DF8073002
:1091B000FFF78EF823780BB9FFF7A0FFE3689DF85F
:1091C00007000133E3600123A370FFF7A5F8E7E789
:1091D00000F090F8FFF7B6FFE2E700BF00E100E023
:1091E000A0BF00201FB503788DF8003043680193BD
:1091F00083688DF80830C368054A0393054B6846B9
:1092000053F8213052F82110984705B05DF804FB5F
:10921000B4BF0020BCBF00201FB503788DF800301C
:109220004368019383688DF80830C368054A039347
:10923000054B684653F8213052F82110984705B085
:109240005DF804FBB4BF0020BCBF0020F0B5194B93
:1092500090F800C0DFF86CE043F82C20164B16465F
:109260000A6943F82C204B7F0EF80C300C46074659
:109270000FCC89B06D460FC594E80F0085E80F004C
:109280001EF80C30CDF810C04BB1002E0B4A6946C9
:1092900008BF3246381D00F0C3FC09B0F0BD002EF7
:1092A000074A694608BF324607F10C0000F078FA19
:1092B000F3E700BFBCBF0020B4BF0020E59102006F
:1092C00019920200C4BF002000F18040002382B048
:1092D000036003680193019B02B07047044A13794D
:1092E00023B901211060918018467047852070478E
:1092F000C8BF0020074B1A68D20704D4C02283F8E5
:10930000002301221A604FF080430122C3F8182580
:10931000704700BF00E100E04FF0804208B5022333
:10932000C2F808334FF48270FFF7CEFF034B0121E0
:109330001960D2F81834DB03FBD408BD0C000040E0
:10934000124B1B6810B573B14FF48070FFF7BCFF70
:109350004FF080430122C3F808230D4B587910B910
:109360005A711B6898470B4B1B6873B14FF482709E
:10937000FFF7AAFF4FF080430222C3F80823044BF3
:10938000BDE810401B680120184710BD00010040D7
:10939000C8BF00200401004000F1804000F5C0403B
:1093A000002382B0036003680193019B02B0704701
:1093B00003681F2B83BF03F01F03036001484FF0B6
:1093C000A04070470003005007B5019001A8FFF7C7
:1093D000EFFF019B00EB8300D0F8003723F440330C
:1093E000C0F80037D0F8003743EA0141C0F8001751
:1093F00003B05DF804FB00002DE9FF470024CDE930
:109400000244584D4FF48072012102F1804303F56C
:10941000C04390B21B68012B06D1D5F804330B4230
:1094200002D0FFF7B9FF0C430432B2F5907F4FEA48
:109430004101EAD14C4B1B68012B11D14FF4BE7096
:10944000FFF7AAFF4FF0A04344F00044D3F82025D3
:109450000292C3F82025D3F820280392C3F82028CD
:1094600014F0FF0F1AD0414F00250126344210D0CE
:10947000AB0003F1804303F5C043D3F81005D3F8E4
:10948000101557F8253023B1C1F30141C0F3052071
:1094900098470135082D4FEA4606E7D1002C59DAE6
:1094A000324D334C334E4FF00008012716F9013B83
:1094B0005A1C3CD0C3F3C20104A801445FFA83F9EB
:1094C00011F8081C03F03F0203F0070307FA03F347
:1094D00019422CD001A80192FFF76AFF019B03F506
:1094E000E07350F82330C3F3014ABAF1020F10467B
:1094F0000CBF03210221FFF767FF01A80192FFF7CC
:1095000057FF019B07FA03F3C0F82035AB1893F916
:10951000303055F8233053B14FEA9911032904D064
:10952000BAF1020F19D1012901D11046984708F16B
:109530000108B8F1040FB9D14FF0A043D3F82025AA
:109540000292C3F82025D4F820350393C4F82035BF
:109550001343A7D104B0BDE8F087BAF1030FE6D1F9
:109560000229E1E7006000407C610040D0BF00209C
:109570000003005030C00020014B1B68184700BF9B
:109580003CC000200E4B984237B50C4602D000205C
:1095900003B030BD00230DF107008DF80730FEF752
:1095A00097FE084B1D7915B901221C601A719DF8B0
:1095B0000700FEF7B1FE002DE9D01120E8E700BF5B
:1095C000002000403CC000200023435082B043589C
:1095D0000193019B02B070470A4610B54FF48E719B
:1095E000FFF7F2FF136A9168C95C136A01331362D3
:1095F000C0F81C1510BD024608B500684FF4927102
:10960000FFF7E2FF4FF484711068FFF7DDFF136886
:1096100001221A6008BD8B690A4610B54FF48471A7
:1096200023B9FFF7D1FFD0F8183510BDFFF7CCFFF5
:10963000536AD168D0F81805C854536A013353628D
:10964000F3E700001FB501238DF80030044BCDE98E
:109650000110D3E900126846904705B05DF804FB9D
:1096600044C0002030B54C48D0F8043313F4007FD8
:1096700085B005464DD0D0F82431002B49D04FF4A9
:109680009271FFF7A1FF4FF40173C0F80833434B09
:1096900093F829200AB9012242603F4902228DF83D
:1096A0000020D1F88024C1F8802403929A690292A4
:1096B000DA6801920022C3E906226846D3E9001263
:1096C00090473548D0F81C315BB134494A690B6A80
:1096D0009A420A464AD991F82830002B46D1FFF722
:1096E0007BFF2D48D0F844318BB14FF4A271FFF7C6
:1096F0006BFF2A4B93F829200AB1012202609A6974
:109700002AB10022586AD9689A61FFF79BFF05B019
:1097100030BDD5F804335B07D3D5D5F80831002B1D
:10972000CFD01E4C1C482146FFF775FF636AA26923
:109730009A422346C5D1E269E1684AB12369E360F0
:109740000023606AA261E3616362FFF77BFFB8E711
:1097500094F829200AB901226A600F4A4FF4017077
:10976000C2F808030022586A9A61EEE70A484FF4EB
:109770008E71FFF729FF5369002BB2D05169029116
:10978000002391688DF80030019153616846D2E959
:1097900000139847A5E700BF0020004044C0002008
:1097A0002DE9F843614B057991462C2202FB0532E5
:1097B000064692F82A200C469846002A40F0B180CE
:1097C0005B490068FFF7DEFE0746002840F0AB80EB
:1097D00021684A1C10D01F2987BF564A01F01F0379
:1097E0000B464FF0A0420120984003F5E073C2F809
:1097F0000805032042F823006068431C0DD01F2891
:109800008BBF00F01F0303464A4A4FF0A04203F506
:10981000E0734FF0000C42F823C03368A269C3F82C
:10982000242594F814C0627DBCF1010F4CEA0202B9
:10983000C3F86C25C3F81405C3F80C152BD1A16827
:10984000481C0DD01F298BBF01F01F020A46394862
:109850004FF0A04002F5E0724FF0000C40F822C03B
:10986000E068421C13D01F2887BF324A00F01F0C4B
:1098700084464FF0A0424FF0010E0EFA0CFE0CF59C
:10988000E07CC2F808E54FF0030E42F82CE0C3F884
:109890000805C3F810152C236B4308EB0302C2F82C
:1098A0000490226948F80320B9F1000F21D03068F4
:1098B000247F4FF48E71FFF787FE4FF4A27130685A
:1098C000FFF782FE32681C4BC2F80433110B42F3DF
:1098D00007326301002ADBB21EDB1848841884F8C3
:1098E00000330123520901F01F0103FA01F140F88E
:1098F000221033680422C3F800252C2303FB0583C0
:109900000022C3E9062283F829205A61012283F844
:109910002A203846BDE8F883094A01F00F01535464
:10992000E7E70827F5E71127F3E700BF44C0002069
:1099300065960200000300508000020000E100E094
:1099400014ED00E02DE9F047204F90F804904FF01F
:109950002C0808FB097405466669002E34D1626143
:109960000068A16026624FF48E7184F82860FFF7CA
:109970002BFE2868012383602146FFF72DFE6368D4
:10998000A0468BB92868D4F814A0236A9A4511D848
:109990002A68D2F81C31002BFBD00123D3602C2382
:1099A00003FB097300225A613046BDE8F08794F842
:1099B00028303BB9D0F81C31002BF8D04146FFF7D6
:1099C0000BFEE2E70F26EAE71126EDE744C0002090
:1099D0000379044A2C2101FB03235869003818BF7E
:1099E0000120704744C000202DE9F843394F057924
:1099F0002C2303FB057306465C6824B103684FF40F
:109A00000170C3F808032C2303FB0573986950B158
:109A1000D86900283ED024B133684FF40172C3F8EE
:109A20000423112433E09A61D9605862D8612C2351
:109A300003FB057393F829301BB910B93046FFF7C3
:109A4000DAFD4FF02C0909FB05783068D8F80430AE
:109A5000002B34D14FF4A271C146FFF7B5FD306839
:109A6000D0F82431D0F80821D0F84441B2B90CB96B
:109A7000002BF4D02C2202FB05750022AA6123BB27
:109A80002CBB95F8291033680122B1B11A60204629
:109A9000BDE8F8831961DA610120C8E7002BE9D13C
:109AA000002CE7D14946FFF7B6FDD8F82430D8F8A6
:109AB00018209A42D3D82346DCE75A60E7E74FF4F0
:109AC0000173C0F804330024E1E70324DFE70F2427
:109AD000DDE700BF44C000200023435082B043585C
:109AE0000193019B02B070471FB501238DF8003030
:109AF000044BCDE90110D3E900126846904705B048
:109B00005DF804FB70C000207FB5434AD2F82461A1
:109B1000002E60D010464FF49271FFF7DDFF022354
:109B20008DF80030D2F88034C2F880340393D2F834
:109B30003C350293394BDA6801920022C3E90622D0
:109B40006846D3E9001290473348D0F8443173B1E6
:109B50004FF4A271FFF7C0FF304B9A693AB100226F
:109B6000C3E90622D968D0F83C05FFF7BDFF2A48B3
:109B7000D0F82031ABB14FF49071FFF7ADFF012366
:109B8000C360264B5A6962B1D0F84C15029100228D
:109B900099688DF8002001915A616846D3E9001256
:109BA00090471D48D0F858319BB14FF4AC71FFF786
:109BB00093FF1A4B5A6962B1D0F84C1502910022FA
:109BC00099688DF8002001915A616846D3E9001226
:109BD000904704B070BDD2F81031002BB4D04FF4D0
:109BE00088711046FFF778FF0C4BD2F83C05996955
:109BF0008842A9D1DC69D96864B1D2F8005225F055
:109C00002005C2F800521A699C61DA60DE61FFF734
:109C10006BFF99E79C61FAE70020004070C00020CC
:109C20002DE9F843674B06799146242202FB063260
:109C3000044692F820200D469846002A40F0BE8047
:109C400061490068FFF79EFC0746002840F0B88095
:109C50002868421C10D01F2887BF5C4A00F01F03F1
:109C600003464FF0A0420121994003F5E073C2F88A
:109C70000815032142F8231069684B1C0DD01F29D9
:109C80008BBF01F01F030B46504A4FF0A04203F573
:109C9000E0734FF0000C42F823C02368AA69C3F8B0
:109CA000242595F814C06A7DBCF1010F4CEA02022C
:109CB000C3F86C25C3F80C05C3F814152BD1A9689B
:109CC000481C0DD01F298BBF01F01F020A463F48D8
:109CD0004FF0A04002F5E0724FF0000C40F822C0B7
:109CE000E868421C13D01F2887BF384A00F01F0CB9
:109CF00084464FF0A0424FF0010E0EFA0CFE0CF518
:109D0000E07CC2F808E54FF0030E42F82CE0C3F8FF
:109D10000805C3F810152423734308EB0302C2F8A7
:109D200004902A6948F80320B9F1000F30D0206868
:109D30002A7F4FF48871FFF7CFFE20684FF49071AF
:109D4000FFF7CAFE20684FF49271FFF7C5FE206846
:109D50004FF4A271FFF7C0FE4FF4AC712068FFF71B
:109D6000BBFE23681A49C3F80413190B43F30733E6
:109D70005201002BD2B21CDB1648C51885F800230F
:109D800001225B0901F01F0102FA01F140F82310E2
:109D900023680822C3F80025242303FB068300223E
:109DA000C3E906225A61012283F820203846BDE823
:109DB000F883094B01F00F015A54E9E70827F5E74A
:109DC0001127F3E770C00020099B02000003005038
:109DD0001003420000E100E014ED00E001F06043F8
:109DE000B3F1005F2DE9F041064638D11E4B0779EB
:109DF000242505FB073598466C69002C31D16A6132
:109E00000068A9604FF49071FFF766FE4FF4AC71E3
:109E10003068FFF761FE33686A69A968C3F84415C2
:109E2000C3F8482501229A606A68AAB9D3F82021AC
:109E3000D3F858411AB9002CF8D00F2407E0002CB1
:109E4000FBD10122DA60D3F85821002AFBD0242369
:109E500003FB078700237B612046BDE8F0811024C7
:109E6000FAE71124F8E700BF70C000200379044A24
:109E7000242101FB03235869003818BF01207047D3
:109E800070C00020F8B501F06043B3F1005F0446F4
:109E90000F465ED10379304D242101FB03514968FF
:109EA00021B100684FF40476C0F80863242000FB59
:109EB00003539E6956B1D869002839D021B123686F
:109EC0004FF40472C3F80423112030E09A61DF607C
:109ED000DE6120684FF48871FFF7FEFD20684FF4C3
:109EE000A271FFF7F9FD2368C3F83475C3F838256C
:109EF00016BB01221A602179242202FB015252680A
:109F00000ABBD3F81041D3F84421D3F824011443F9
:109F100002D10028F5D02246242303FB015500235B
:109F2000984218BF03209A42AB6118BF0F20F8BDBA
:109F30001F61DA610126CCE7D3F8002242F020024B
:109F4000C3F80022D7E74FF40472C3F804230020BB
:109F5000EDE71020EBE700BF70C00020032811D808
:109F6000012A0AD101290FD100F10E02D2B20D4B04
:109F700000EB40001A54002070470129F7D0022955
:109F800004D049B1072070470022F8E7054B00EBE9
:109F9000400018444270EEE7024B00EB40001844CA
:109FA0008270E8E794C0002008B501220221002059
:109FB000FFF7D4FF08B1072810D1072202210120A2
:109FC000FFF7CCFF08B1072808D100210A22084674
:109FD000FFF7C4FF10B1072808BF002008BD00002C
:109FE0000388102B10B502D0112B1ED010BD1A4CB7
:109FF0002168B1B901220846FFF7B0FF08B1072870
:10A0000024D1072202210120FFF7A8FF08B1072869
:10A010001CD1042202210020FFF7A0FF08B107286D
:10A0200014D1236801332360E0E70B4A1368013B36
:10A030001360002BDAD1FFF7B7FF0028D6D0074B0B
:10A040001B68002BD2D0BDE810401847034B1B689B
:10A05000002BE6D09847E4E7A4C00020A0C0002071
:10A0600073B50378012B33D0022B31D073BB1A4C5C
:10A070001A4D20782844FEF7EDF823780133DBB23F
:10A080001D44237015F8012C0A2A05D00D2A03D08F
:10A09000134A12889A4219D8012B15D90F4D114E27
:10A0A0002378ADF806300DF106024FF6FF7329460E
:10A0B000304600F075FF082806D01328F0D0052898
:10A0C00002D008B1FDF7E2FD0023237002B070BD9D
:10A0D0004068FDF7DBFDF9E71CCE002028CD00200D
:10A0E000CAB80020CCB800202DE9F04F914D0FCD1B
:10A0F00097B010AC0FC495E803008F4B8F4A0C93B8
:10A100004FF4807384E80300CDE90E230D938C4A4D
:10A1100007230CA910A8FEF745F808B1FDF7B6FD16
:10A120004FF480410020FDF7AFFA08B1FDF7AEFD16
:10A13000FDF7EAF9FDF79EFE08B1FDF7A7FD81489E
:10A1400002F084FE8049814A00200B78DB01A3F5F0
:10A1500078531B1203F3070313704B78DB01A3F54D
:10A1600074531B1203F3070353708B780330DB0126
:10A17000A3F56253B0F5406F4FEA232301F10301C9
:10A1800003F3070302F1030202F8013CDDD170483A
:10A19000704CDFF800B202F059FE4FF0090A0623B6
:10A1A000CDE9053A6C4B0493202600254FF00208B8
:10A1B0004FF00109052303223146CDE900630896DB
:10A1C000664B079404F50040CDE902890A95CDF865
:10A1D00024B001F0D7FB624802F038FE4FF4004192
:10A1E000204600F07DFF5F4802F030FE102704F5A6
:10A1F0000043324631462046CDE90353CDE901877D
:10A200000323009502F0D6F9574802F01FFE574B82
:10A21000CDF818A00422059205223946CDE907475A
:10A22000CDE90393CDE90072514BCDF80880324659
:10A2300004F50040CDE909B500F08AFF484802F076
:10A2400005FE4FF48051204600F04AFF454802F0D9
:10A25000FDFD4FF0080A04F500433A463946204612
:10A26000CDE903B3CDE9018A0323009502F0A2F9F9
:10A270003D4802F0EBFD0723CDE905933D4BCDF8BA
:10A2800008800522CDE9006251463A46CDE9074AE9
:10A29000CDE9039304F50040374BCDE909B500F053
:10A2A00057FF2F4802F0D2FD4FF40061204600F026
:10A2B00017FF2C4802F0CAFD04F50043CDE903B3B3
:10A2C0000423324651462046CDE9018300950323FD
:10A2D00002F070F92448294E02F0B8FD284B2949B4
:10A2E00004944FF40072CDE901A304F500400A2361
:10A2F0000396CDF8009001F06FFF2348234C02F045
:10A30000A5FD32460A21304602F0A2FB204802F0A9
:10A310009DFD294616F9012B2046013502F096FDD8
:10A320000A2DF6D1FDF700FA0028FBD1FEF71AFD41
:10A33000F8E700BFA4DE020082D200208273012071
:10A3400061A0020026DE0200C09800208253012096
:10A350003EDE020082D30020102B0020302B002094
:10A3600053DE020065DE020071DE02009034002040
:10A37000A0340020A0660020C066002078D2002013
:10A38000C0A40020CAA4002080DE020099DE0200E2
:10A390008ADE0200A8C000200369C1688B429DBF0D
:10A3A0008268D21802F1FF3203F1FF3394BF501AD2
:10A3B000581A70472DE9F843D0E902940546A9EBF5
:10A3C00004084068904520440F46144404D902F024
:10A3D0006EFDEC60BDE8F8834246A4EB090402F090
:10A3E00066FD6868224607EB0801F0E72DE9F843AF
:10A3F000C5680646894617464FF000083469B368B9
:10A400007068A54228BFE418013C621B5C1BBC427B
:10A4100028BF3C46944228BF144649462844224659
:10A4200002F045FDB3682544AB4208BF00253F1B41
:10A43000A044A144F560E1D14046BDE8F8830000A6
:10A4400010B5114C114AA2610223C4E90433104B28
:10A45000E361A2644FF400730E4A0F492362E26481
:10A4600000231022E01DA3626362E362A3656365BB
:10A47000E365226502F077FD0849204602F073FD8E
:10A480002023A37110BD00BF84740120BCDE020034
:10A490000C750120FC740120C5DE0200C9DE02003B
:10A4A000F8B5184C182300FB033503FB0040254486
:10A4B000C46A012C0F4616460FD0022C1AD0F4B9EC
:10A4C0002846FFF769FF864205D8324639462846B6
:10A4D000FFF770FF34462046F8BD2846FFF75CFFC3
:10A4E0008642344628BF0446224639462846FFF7AE
:10A4F00061FFF0E72846BDE8F840FFF777BF00248A
:10A50000E9E700BF84740120FFF79ABF30B5C8B1F6
:10A51000F2B10024651C8D4206DA1588A54212D8D6
:10A5200005196D789D420ED1A14211D9005D48B147
:10A53000013880B230B10234A3B210FA84F4A142DF
:10A5400006DB138030BD055D01352C44A4B2E1E784
:10A550000020F7E713B513460022ADF806200DF1F1
:10A5600006020446FFF7D2FF10B1BDF80630E0182E
:10A5700002B010BD72DF704773DF704738B501223B
:10A5800004460D46B0F81414D0F81004FFF7E2FFAB
:10A5900000B1057004F13C0204F5826104F154003D
:10A5A000BDE83840FFF7E6BFF8B5077804460D462A
:10A5B000002F00F0098100F2264681700722002159
:10A5C000304602F09DFCE38813B1A378012B04D040
:10A5D000E3794BB1A378022B06D1636BA3B10122BF
:10A5E00084F82D2408209847334604F22C4113F8B0
:10A5F000012F12B99942FAD117466B1E032B57D877
:10A60000DFE803F0050B0F1284F82D34ECE7A37993
:10A610001BB194F8243003B95FB9E3790BB1002F73
:10A6200048D1237A002B47D1637A002B0CBF002539
:10A630000425636BA570002B40D0033D012D3DD850
:10A640006279002A3AD094F82E24002A36D184F870
:10A650003024012284F82F240720984704F13C0578
:10A6600018220021284602F04BFCE26A0123511E09
:10A67000994284F83C3001D9042A00D1D3B294F82D
:10A68000242084F8513042B1A36A591E012902D90D
:10A69000042B18BF012384F85230A178002384F8DA
:10A6A000503004291BD8DFE801F0770D223559001E
:10A6B0000025BEE70225BCE70325BAE7002384F89E
:10A6C0002F34CBE7C4E91063C4F8203402230122FD
:10A6D00084F83C30802384F83120A4F84830A378F3
:10A6E000002B5CD1636B002B6AD1002067E0022352
:10A6F000002A84F8313014BF0723032384F83C3048
:10A700002369A4F848300023C4F82034E3682664A1
:10A710006364E4E763696364A369A4F8483012B131
:10A72000062384F83C306379B3B194F82E349BB996
:10A7300094F8303483B1022384F850300421204649
:10A74000FFF71CFF0028CAD1052384F8313004F537
:10A750008263C4F82034C2E70323F6E7E369636445
:10A76000236AA4F8483012B1062384F83C30637998
:10A7700083B194F82E346BB994F8303453B102237A
:10A7800084F8503004212046FFF7F8FE0028A6D1B7
:10A790000623DAE70423D8E784F831309FE7D4F8BA
:10A7A00020142A4604F15400FFF7E4FE38B994F867
:10A7B000301094F85400FFF7DFFE002892D0F8BD67
:10A7C00094F83100984790E70820F8E70388112BA8
:10A7D00010B50C460AD0262B1FD0102B05D1C37BF9
:10A7E000012B02D18388A1F8243410BD0022838874
:10A7F00081F82E24B1F824249A42F6D10B79002B4B
:10A80000F3D101212046FFF7CFFE0028EDD0A36B46
:10A81000002BEAD0BDE810401847037A013B012B1A
:10A82000E3D8897805230131B1FBF3F303EB83030C
:10A83000C91AC9B2E6E70000034B1A8882420CBF6E
:10A8400018460020704700BF28770120024B9B6903
:10A8500003B11847704700BF0C77012037B50B468E
:10A86000497A0F4A71B9D2E901141D7A0246002DC6
:10A8700018BF21465868FDF72FFB08B1FFF7E6FF28
:10A8800003B030BD002119725369002BF8D00122AA
:10A89000ADF806008DF8042001A89847F0E700BF46
:10A8A0000C7701204B8802889A4213D842889A423A
:10A8B00010D380888A8840F2F313984294BF031A19
:10A8C000C31A934206D800F2F310904234BF00201E
:10A8D00001207047002070470388122B70B5014695
:10A8E00059D004D8102B1ED0112B44D070BD502B42
:10A8F000FCD12F4BC288DB899A42F7D1038A022B05
:10A90000F4D186883046FFF797FF05460028EDD042
:10A9100001F1120000F028F938BB6868FDF7F4FA7D
:10A920000028E3D009E0C37B012BDFD14FF6FF7095
:10A93000FFF782FF054620B90420BDE87040FFF70D
:10A9400085BF1C4A8E880680002303721368C0F8F6
:10A950000A305368C0F80E3010310A30FFF7A2FFFA
:10A96000134B6872DB89002BC0D129463046BDE805
:10A970007040FFF773BF8088FFF75EFF0446002832
:10A98000B4D04068FDF7C0FA08B1FFF75FFF4FF69B
:10A99000FF732380AAE786883046FFF74DFF054600
:10A9A0000028A3D008310A30FFF77CFF6872DCE78B
:10A9B0000C7701203C7701200AB1FDF789BEFDF735
:10A9C00090BE73B50191019C06466CB100252C46E2
:10A9D000294601A8FDF78FFE18B106EB44030134A8
:10A9E0009D800135142DF3D13046346002B070BD26
:10A9F0002DE9F04703888488103B8CB005460A2B6C
:10AA00001FD8DFE803F0063F1E1E1E1E1E1E1E601E
:10AA10004400314EB368DB43009371686846FDF72C
:10AA200096FE009901A8FFF7CCFF0DF108094FF041
:10AA30000008019B984507D3132C13D90420FDF778
:10AA400025F90CB0BDE8F08739F802AB00270137D3
:10AA5000514606EB8700FDF744FE1E2FF7D108F1A3
:10AA60000108E6E71D482146FDF732FE1C48214655
:10AA7000FDF72EFEEB7B022BE3D11A482146FDF7B2
:10AA800027FEDEE715482146FDF72BFED9E7027ABF
:10AA900015483F2A4FEA1215214694BF0022012291
:10AAA000FFF78AFF022D94BF002201220F482146A2
:10AAB000FFF782FF012D0E4894BF0022012221469C
:10AAC000FFF77AFFBDE7037A002BBAD1427A064836
:10AAD000C2F3C0022146F3E7447701204C770120FE
:10AAE00048770120507701205C77012058770120BA
:10AAF000547701201328014602D80248FDF7FBBD18
:10AB0000002070474877012010B50446FFF7F2FF98
:10AB1000002814BF2046142010BD70B50546164607
:10AB200008460AB90E2070BD00231360002DF9D02D
:10AB30002B68002BF6D0EB8813F003040ED1FFF73F
:10AB4000E3FFC0B214280BD02B7983420AD9EB88DB
:10AB50002A6800FB032030602046E4E70720E2E794
:10AB60000520E0E70420DEE7007800F001007047F0
:10AB700090DF7047A5DF7047B5DF70477FB50023D2
:10AB8000ADF80810ADF80A106A4602A9064603930C
:10AB90000093ADF80430FFF7EBFF054600B3124B0E
:10ABA000124CE41AE408FEF767F9240444F00104A7
:10ABB00003460F4932462046FCF707FFBDF8002048
:10ABC000BDF8023052EA030103D00A492046FCF7DF
:10ABD000FCFEBDF804201AB107492046FCF7ECFE44
:10ABE000284604B070BD00BFB0D6020000D70200F6
:10ABF000D0DE02001ADF020059DF020013B503465F
:10AC000080880C46B8B91A88242A00F0968014D897
:10AC1000112A71D0232A00F09E80102A3BD0A37AFB
:10AC20004BB1E1880020FFF7A5FF002840F0998094
:10AC30004FF48073638102B010BD3A2A65D0552A63
:10AC4000EDD1DB88C988A072172B38BF17238B4240
:10AC500028BF0B462381FFF78FFF60B1FEF70CF989
:10AC6000484B4949024649481B1ADB081B0443F07C
:10AC70000100FCF7A1FEE37A002BD0D12369002B61
:10AC8000CDD040F6772200922289ADF804206946A3
:10AC900020469847C3E7DB7B0A790A73012B13D060
:10ACA000022B14D0E18823898B4205D20020FFF7C4
:10ACB00061FF70B90123E372217B637B8B42AED2CB
:10ACC0000020FFF75BFFAAE70B88E380EAE74B88E9
:10ACD000FBE7112802D10123A372EDE7FEF7CCF8C0
:10ACE000284B2B49024629481B1ADB081B0443F05A
:10ACF0000100FCF761FEDFE7F723CB8017230B8110
:10AD000041F6FB3348818B8189E75B89CA8893428E
:10AD100028BF1346172B0A6938BF17230B814AB186
:10AD2000C97A39B140F677210091ADF8043069460F
:10AD3000204690470023638171E71A7A0B694A73B2
:10AD4000002B3FF46CAF4DF67A218DF80500009191
:10AD50008DF804209BE7197A237B994228BF194676
:10AD6000AFE711283FF467AFFEF786F8054B0849B7
:10AD7000024606481B1ADB081B0443F00100FCF7DF
:10AD80001BFE58E700D70200E0DF0200B0D6020049
:10AD9000AFDF0200B0DF704766DF704710B50021FB
:10ADA00004464088FFF7F8FF034608B9237210BD38
:10ADB000112801D10123F9E76368BDE81040184765
:10ADC000F0B5054685B00C46F1B1E8B10B78DE2B45
:10ADD0001AD182884B889A4204D10B7A13B1084663
:10ADE000FFF7DCFF2B88112B32D0512B0ED0012B1B
:10ADF0000AD12B7A012B07D1A9886288914203D10D
:10AE000023722046FFF7CAFF05B0F0BDAE88638805
:10AE1000B342F9D1AF79022FF6D1AD7B2B1F022BB4
:10AE2000F2D800211022684602F06AF8052D14BFFE
:10AE30004FF4C0730023694630468DF80070ADF8BA
:10AE40000430FFF7A7FF0028DED063689847DBE7F0
:10AE50006388AA889A4204BF4FF6FF736380D3E7E2
:10AE6000ADDF7047AEDF704770B505468AB00C465F
:10AE7000002962D0002860D00388502B37D0572B90
:10AE800072D0102B59D181886069002601AA0196E1
:10AE9000FFF743FE082231460DEB020002F030F8C6
:10AEA00002232189A888CDF80CD002AA0293FFF7CB
:10AEB000D7FF002841D1A369002B3ED00398FFF7AC
:10AEC00053FE002839D0019B0BB101221A701822C1
:10AED000002104A802F014F802238DF81030AB888A
:10AEE000ADF81830019B05940793A36923E081888E
:10AEF000606902AAFFF711FE1822002104A801F0E0
:10AF0000FFFFAB882189ADF81830EB88029A0594D1
:10AF10009942079218D12E8A022E15D16AB105F1F5
:10AF20001200FFF721FE029B48B101221A708DF832
:10AF30001060A3690BB104A898470AB070BD1870DF
:10AF400003238DF81030F4E7A2899A42F5D1A36962
:10AF5000002BF2D000228DF8102005F11202089289
:10AF60002A8AADF82420E6E78188606902AAFFF703
:10AF7000D4FD01460028E0D1029B1B78002BDCD0D9
:10AF8000A369002BD9D0182204A801F0B9FF01232E
:10AF90008DF81030AB88ADF818300594029BA3E70C
:10AFA000F0B50F4687B016461C46054618B34069F3
:10AFB00001AA1946FFF7B1FDD8B94FF6FF739C42BD
:10AFC0001BD0019BCBB11B78CBB13388F42B18D8A5
:10AFD0000146102202A801F093FFAB88ADF80830BB
:10AFE00002A901232046CDE904678DF80A30FFF756
:10AFF00039FF07B0F0BD0E20FBE70520F9E7082078
:10B00000F7E70720F5E70000014B1878704700BF0D
:10B01000C077012007B508496846FDF7D2FE019BBD
:10B0200013B903B05DF804FBD3E9002090476846EC
:10B03000FDF7D1FEF3E700BF2CE00200FFF7EABF07
:10B0400061DF704730B5114DADF5017D4FF4FA74F5
:10B050000DF1020103A8ADF80240FFF7F1FF70B94E
:10B06000294601A8FDF7ADFE029B002BF0D003A8F6
:10B07000D3E90021904701A8FDF7ADFEF4E70528CC
:10B0800001D0FCF703FE0DF5017D30BD44E0020068
:10B09000024B1B780BB1FFF7D5BF7047C17701207A
:10B0A0004BDF70471FB50D4C01A8FFF7F9FF70B9D2
:10B0B000214602A8FDF785FE039B002BF4D00198E2
:10B0C000D3E90021904702A8FDF785FEF4E70528A3
:10B0D00001D0FCF7DBFD04B010BD00BF5CE0020056
:10B0E00010B55FEA910E30D000EB8E0E002402689E
:10B0F000844602F0803304304FEAF3137045C4FAFB
:10B1000013F322EA0303CCF80030F0D111F003016D
:10B110001AD09EF900300139002BB8BF002389B244
:10B12000B8BF8EF8003079B19EF90130002BBCBF5A
:10B1300000238EF80130012906D09EF90230002B41
:10B14000BCBF00238EF8023010BD8646DEE700BF8C
:10B150002DE9F04F2DED048B99B09346BDF8984042
:10B16000129308EE904A02F0030304F00102BDF8C6
:10B17000A4400794BDF8AC401394BDF8B0400590CE
:10B180000F46BDF8A000BDF89C1011941343BDF804
:10B19000B8400A9109900B9440F0F083002800F029
:10B1A000E7832F9CCDF838B001FB01F20BFB02F2D4
:10B1B00004EB82020F9211FB01F212FB0BF292B22E
:10B1C000414208EE102A8AB2169214924FEA4B09B5
:10B1D000A2461A460B99002900F0C4839BB20A9933
:10B1E00007981593099B02FB0012A2EB030BBDF914
:10B1F000503010930022169B0C931346109959451A
:10B2000080F29983079C0A98BDF9306092B20D9242
:10B21000099A03FB04039C1A0D460A46A64220DA4B
:10B2200002FB07F3002D0693B046C0F28B829742D3
:10B2300040F37B82B4460895B8F1000F50464A4669
:10B240004FF0000102DB674500F3AE8201F058FECB
:10B2500008F101080FFA88F84445CA44C446EBDCFB
:10B26000089D01352DB25D452A46D7DB0F9B53451E
:10B2700000F03D830C9B07990D9A0B4401320B990A
:10B2800012B29BB28A420C931346B7DB149A079909
:10B29000159B0A44013309991BB292B28B42149256
:10B2A0001A4697DBDDF838B00D460B99491B9142E1
:10B2B000109140F33A810A9810FB00F111FB0BF159
:10B2C00089B209EE101A079913FB01F1491B0BFB18
:10B2D00000F489B2149104FB00F12F9800EB810176
:10B2E0000D9108EE104A610017914FEA4B0919467B
:10B2F000D846099B002B00F02983079B02FB03F330
:10B300008AB20999159316925A1A0A9BD3184A427F
:10B31000069393B20E934FF0000BBDF950300C938F
:10B320005C46069A0C9B9A4240F3DD820A9A079982
:10B3300004FB01241FFA8BF20F92099AA51ABDF99A
:10B34000382008921E469B46089B9D4223DD0BFB3E
:10B3500007FB1C469C4607E0013424B201F0D0FDF7
:10B36000AC42CA44A44616DA002C4A464FF000010B
:10B370005046F1DB6745EFDD059B0BEB0C0001341C
:10B38000514624B2424608FB003001F08DF8AC4231
:10B39000CA44A446E8DB069B013636B29E42B34659
:10B3A000D2DB0D9B534500F077820F9B0E9A03F181
:10B3B000010B079B1A4493B20E93099B0FFA8BFB68
:10B3C0009B455C46ADDB109B9B453FDA159B099A7C
:10B3D000CDF820B09D1A0A9BDDF85CB0CDF838900E
:10B3E0001D440C9B9D4222DD079ADDF8249004FB4E
:10B3F00002F618461C4618EE102A4346B846574631
:10B400009A46059B069208FB0060A0EB09000134F8
:10B410000AFB0030394624B201F046F8AC42069AE5
:10B420005F442046EDDB5346BA46474698460D9B9F
:10B43000534500F01582089B109A01331BB29342CA
:10B4400008931C46CDDBDDF838909B460B9B5B4593
:10B450005CDD099B159A0A99D21A0A440692079A4A
:10B460001BFB02F2D21A93B20E93069A0C9B9A42DD
:10B4700040F3F2810A9A07990BFB01251FFA8BF220
:10B480000F92099AAD1ABDF9382008921E469B46C4
:10B49000089BAB4223DA0BFB07FB1C469C4607E0EC
:10B4A000013424B201F02CFDAC42CA44A44616DAA1
:10B4B000002C4A464FF000015046F1DB6745EFDDB6
:10B4C000059B0BEB0C000134514624B2424608FBAD
:10B4D000003000F0E9FFAC42CA44A446E8DB069B1A
:10B4E000013636B29E42B346D2DB0D9B534500F087
:10B4F0008D810F9B0E9A03F1010B079B1A4493B2A7
:10B500000E930B9B0FFA8BFB9B45AEDB149A079BAC
:10B5100016991A4493B201311493109B09B29942BF
:10B520000A46FFF6E6AE0B46C3460B99914240F33E
:10B5300084800A982F9CCDF838B000FB00F10BFBFB
:10B5400001F104EB81010F9110FB00F111FB0BF1F4
:10B5500089B208EE101A0799099813FB01F1091A2C
:10B5600089B21491414289B216914FEA4B099BB2BC
:10B570000A9907981593099B02FB0012A2EB030B93
:10B58000BDF9503010930022169B0C93134610996E
:10B590008B4540F33881079C0A98BDF9306092B220
:10B5A0000D92099A03FB04039C1A0D460A46B44205
:10B5B00020DD02FB07F3002D0693B046C0F2DC80CD
:10B5C000974240F3CC80B4460895B8F1000F50463E
:10B5D0004A464FF0000102DB674500F3DA8001F0D4
:10B5E0008FFC08F101080FFA88F84445CA44C446A4
:10B5F000EBDC089D01352DB2AB452A46D7DC0F9B0D
:10B60000534500F0DC800C9B07990D9A0B440132E6
:10B610000B9912B29BB28A420C931346B7DB149A71
:10B620000799159B0A4401330B991BB292B28B42C6
:10B6300014921A469BDBDDF838B02F9B53456ED031
:10B6400018EE903A002B6AD02A9A129F551E2D9A16
:10B6500013449E460A9B119A03FB0BF603FB06F666
:10B6600013FB03F313FB0BF3C6F38F0603F0030383
:10B6700006F1FF3B4FF0010808FA02F81FFA8BFBB6
:10B680002F9A03F1FF390BF1010B1FFA89F94FEAE9
:10B690008B0A4FEA580802EBCB0BCDF8149015F942
:10B6A000012F13998A404244002E00F05E812F98AA
:10B6B00007EB0A0957F8041BD0F800C04FEA312401
:10B6C0002FFA81F12FFA84F421FB0C224168083013
:10B6D00024FB01224F45EDD15946002B00F0348167
:10B6E00099F900000C8814FB0022059858B199F9CB
:10B6F00001004C88022B14FB002204D0888899F9A1
:10B70000021010FB012209EB030711990A4102F311
:10B7100007022D9901F8012B71452D91BFD1002011
:10B7200019B0BDEC048BBDE8F08F08F1010850465C
:10B730004A4600210FFA88F801F0E2FB4445CA446A
:10B74000F3DC8EE508F1010850464A4600210FFA65
:10B7500088F801F0D5FBA045CA44F3DB81E508F188
:10B76000010850464A4600210FFA88F801F0C8FB4C
:10B770004445CA44F3DC3DE708F1010850464A4617
:10B7800000210FFA88F801F0BBFB4445CA44F3DC02
:10B7900030E7069B0E9A03EB0C00059B514602FB1B
:10B7A000003000F081FE1CE7069B0E9A03EB0C00B4
:10B7B000059B514602FB003000F076FE48E52D9BCC
:10B7C00003932A9B0293119B0193139B2F99009340
:10B7D00018EE902A18EE103A129800F0F9FB0C9B24
:10B7E00007990D9ADDF8BCA02D900B4401320B99FE
:10B7F00012B29BB28A420C931346BFF610AF109957
:10B800008B453FF7C8AE93B20D93F8E62D9B03939B
:10B810002A9B0293119B0193139B009318EE902A8D
:10B8200019EE103A2F99129800F0D2FB0F9B079A4D
:10B83000DDF8BCA02D9003F1010B0E9B13449BB2CD
:10B840000E930B9B0FFA8BFB9B45BFF65FAE069AE0
:10B850000C9B9A423FF70EAE1FFA8BF30F9344E610
:10B860002D9B03932A9B0293119B0193139B00939F
:10B8700018EE902A19EE103A2F99129800F0A8FBB2
:10B88000089B109A2D9001331BB2934208931C46DB
:10B8900054DADDF8BCA0A4E52D9B03932A9B029308
:10B8A000119B0193139B009318EE902A19EE103A06
:10B8B0002F99129800F08CFB0F9B079ADDF8BCA023
:10B8C0002D9003F1010B0E9B13449BB20E93099B29
:10B8D0000FFA8BFB9B455C46BFF675AD069A0C9B39
:10B8E0009A423FF723AD1FFA8BF30F9359E52D9B37
:10B8F00003932A9B0293119B0193139B2F9900930F
:10B9000018EE902A18EE103A129800F061FB0C9B8A
:10B9100007990D9ADDF8BCA02D900B4401320B99CC
:10B9200012B29BB28A420C931346BFF6AFAC109989
:10B930005945FFF667AC93B20D9397E4DDF8389064
:10B94000DDF8BCA09B4681E54F46DEE69B468BB208
:10B950001693079B02FB03F31593BDF950300C932C
:10B960005C4633E59BB2159390E42F99B946B4E653
:10B97000DDF8BCA003460246054696E46FF00200DF
:10B98000CEE600BF2DE9F04F2DED028B97B0032AD4
:10B990001093BDF88C300993BDF890300A93BDF830
:10B9A00094300793BDF89C301293BDF8A030BDF8D9
:10B9B00088400E93BDF8A830119408900B9340F086
:10B9C0006581002B00F01981099B2B9803FB03F282
:10B9D00013FB03F303EB43039BB208EE103A0A9BFD
:10B9E00015925B4202EB420200EB82028B4699B257
:10B9F00000230C9214910F9182461A461F469BB267
:10BA00000999079813930A9B02FB0012D41ABDF9F7
:10BA10003C300D930025149B06932B460D9AA242B1
:10BA200080F22D8109990798BDF918C003FB001316
:10BA30000A99ADB2591A104613468C4544DA0028CB
:10BA400003FB0BF835DB9B4540F3E5800AF106026A
:10BA50006346E646059023E008EB0E09F34509EB43
:10BA6000490921DD089850F809E02FFA8EF94FEACC
:10BA7000194A4FEA0A4A4FEA3E2E2FFA8EFE1FFA63
:10BA80008EFE4AEA0E0E22F8069C9246C6F802E0A6
:10BA900001331BB28B429E4602F1060280F2B38054
:10BAA000002BA2F10606D7DA3760924622F8027C14
:10BAB000EEE7634601331BB28B42CAF80070AAF866
:10BAC00004700AF1060AF5DB013000B2A042034619
:10BAD000B3DB0C9B534500F0B080DDE90632013545
:10BAE00013440B9A2DB29BB2954206932B4695DBDD
:10BAF0000F9A0799139B0A4401330B991BB292B218
:10BB00008B420F921A46FFF67AAF2B9B534574D0A7
:10BB1000119B002B71D0159ADFF878C1109C02EBB5
:10BB2000420818EE102A02F00307269A02F1FF3E9F
:10BB3000299AC8F38F081344994608F1FF330E9AE7
:10BB40009BB201334FF0010A0AFA02FA9A000592F9
:10BB50002B9A02EBC303CDE9063807F1FF3B4FEA0E
:10BB60005A0A1FFA8BFB129B1EF9012F9A40079B62
:10BB70005244002B00F08780059B2B9804EB0308B0
:10BB800054F8043B2FFA83F18DB206684FEA332351
:10BB90002FFA83F345EA034525FB062203EA0C034B
:10BBA00043EA1143083050F8041C23FB01224445AA
:10BBB000E6D1069B002F64D098F90010188810FB7E
:10BBC0000122BBF1000F0BD098F901105888022F09
:10BBD00010FB012204D0998898F9023011FB03224E
:10BBE00008EB07040E9B42FA03F303F30703299AB9
:10BBF00002F8013B4A452992B5D1002017B0BDECAF
:10BC0000028BBDE8F08F0598013000B2A0420346D8
:10BC1000FFF613AF5DE7634601331BB28B42CAF8F0
:10BC20000070AAF804700AF1060AF5DB013000B2D0
:10BC3000A0420346FFF601AF4BE7299B0393269BE7
:10BC400002930E9B0193129B119A00932B991098CB
:10BC500018EE103A00F020F8DDE906320135134401
:10BC60000B9ADDF8ACA029902DB29BB295420693B9
:10BC70002B46BFF63DAF0D9AA242FFF6D3AEADB252
:10BC800027E74446AEE72B9BA04693E76FF0020000
:10BC9000B4E700BF0000FFFF2DE9F04F97B0560852
:10BCA000239DBDF880400B941544BDF88440149248
:10BCB0008346099105930A941395159600F0038124
:10BCC0000122A2401846520800F003040C9201EB36
:10BCD0004000721E0E462299049492B2043101EB88
:10BCE00042020E92621E92B21292229A0F90023279
:10BCF0009B080392239A0D93013B02329BB20133BE
:10BD00000692AA1C07929A00089200EBC30206EB67
:10BD1000C30311921093039B0B9813F9021C13F9A0
:10BD2000012C059B0C9C814082400D985B44214472
:10BD300022440293002800F03E810898DDF83C8000
:10BD4000DDF824E0584401900E4610469A465BF810
:10BD5000045B2FFA85F44FEA35252FFA85F52F0C71
:10BD60005AF8043B2FFA83F93F0447EA1447A4B278
:10BD70004FEA332344EA05442FFA83FC4FEA1C457B
:10BD80001FFA89F32D0445EA194543EA0C43DEF80E
:10BD90000090D8F800C024FB091124FB0C6623FB9B
:10BDA000092223FB0C00DEF80430D8F804400EF121
:10BDB000080E08F1080827FB031127FB046625FB82
:10BDC000032225FB0400019B5B45C0D1029B089C1C
:10BDD00023440293DDE91043049D002D3ED0019FD2
:10BDE000029D97F900C095F90050B4F9007017FB57
:10BDF0000C1117FB0522B3F9007017FB0C6617FB3B
:10BE00000500129F37B3019F029D97F901C095F974
:10BE10000150B4F9027017FB052217FB0C11B3F99E
:10BE2000027017FB0500049D022D17FB0C6611D054
:10BE3000029DB4F9044095F90250B3F90430019F12
:10BE400014FB052213FB050097F9025014FB0511A2
:10BE500013FB0566019B049C234401930A9B194133
:10BE600001F30701069C1A4104F8021C02F30702C1
:10BE7000214604F8012C1E4106F30706079A1841D3
:10BE800002F8026C00F30700134602F8010C0233BB
:10BE9000039A0198059C07930E9B023220440231BD
:10BEA0009A420392834606917FF435AF159B229AFE
:10BEB00002EB43022292239A02EB43022392139A4B
:10BEC00002EB43031393149BDB076ED5229B0A9965
:10BED00093F900200B9B099C9A4001238B4002EBB5
:10BEE0005302059B5FEA930804EB430C6AD0374F7B
:10BEF0000BEB8806654611465BF8043B2FFA83F08E
:10BF00001FFA80FE4FEA33232FFA83F34EEA034EE3
:10BF10003B4043EA104320682EFB002228682EFB9A
:10BF20000011D4F804E068680834083523FB0E22B9
:10BF300023FB0011B345DFD1099B03EBC8030CEBD6
:10BF4000C80C0993059B13F0030320D0099D96F9B3
:10BF500000002C88013B14FB0022BCF800409BB27F
:10BF600014FB00119BB196F901006C8814FB0022B0
:10BF7000BCF80240012B14FB001108D096F90230E6
:10BF8000A88810FB0322BCF8040010FB03110A98D8
:10BF900042FA00F303F307030141239800F8013B41
:10BFA00001F30701139B239019701498239B1844E5
:10BFB00017B0BDE8F08F0F9B099CCDF804B0104678
:10BFC0000E4609E75E461146BCE700BF0000FFFFD2
:10BFD0002DE9F04F95B083462198BDF87840BDF823
:10BFE0007C50129208940D91049309951044002AF4
:10BFF00000F0E880561E0122AA4052080A9226F05C
:10C0000001021C46024404F0030504320C926A1E2D
:10C0100092B29B081192219A0B93013B02329BB280
:10C02000013302300692209A0590029201EB4400FF
:10C030009A00079201EBC30200EBC303139603952A
:10C040000E9010920F93029B089A93F9004093F977
:10C050000100049B0A99944090400B9A5B440C4465
:10C0600008440193002A00F0B080079ADDE90D89A9
:10C070005A440092054627469A465BF8042B5AF824
:10C08000043BD8F800E0D9F800C04FEA32264FEA66
:10C0900033212FFA82F22FFA86F62FFA83F32FFA42
:10C0A00081F122FB0E4422FB0C7723FB0E0023FBC5
:10C0B0000C55D8F80430D9F8042008F1080809F123
:10C0C000080926FB034426FB027721FB030021FB22
:10C0D0000255009B9B45D0D1019B079A13440193C5
:10C0E000DDE90F32039900293ED0009E019996F9AF
:10C0F00000C091F90010B2F9006016FB0C4416FB69
:10C100000100B3F9006016FB0C7716FB0155119E78
:10C1100036B3009E019996F901C091F90110B2F968
:10C12000026016FB010016FB0C44B3F9026016FB1B
:10C1300001550399022916FB0C7711D00199B2F928
:10C14000042091F90210B3F90430009E12FB0100A3
:10C1500013FB015596F9021012FB014413FB017702
:10C16000009B039A13440093099B1C4104F30704AA
:10C17000069A184102F8024C00F3070002F8010C7D
:10C180001F4107F3070705991D4101F8027C05F3DC
:10C19000070502320692029A049801F8015C023205
:10C1A0008B1C029200990C9A059301449A428B468B
:10C1B0007FF449AF139B129A23F001030233134417
:10C1C000219AD01815B0BDE8F08FDDE90D23CDF828
:10C1D00000B00546274685E72DE9F04F8DB09D0854
:10C1E00009930C46BDF858301A99BDF85C900B9233
:10C1F00016460A95029300F057F9002D00F0E280F0
:10C2000006F0030218990192013A90B26A1E92B2A6
:10C21000083101EB82020492421C9200B30808929A
:10C22000189A0393013B9BB2161D199A079001338C
:10C23000171D1A0105921A9A4FF0010808FA09F819
:10C2400002EBC3034FEA58080693029D16F9041C3B
:10C2500016F9030C16F9022C16F9013CA940A84066
:10C26000AA40AB40039D4144404442444344002D16
:10C2700000F01181059DDDF868C004EB050ED4F8CF
:10C2800000B0DCF800504FEA3B2A2FFA8BFB2FFA64
:10C290008AFA2BFB05112AFB0500D4F804A02FFA1B
:10C2A0008AFB4FEA3A2A2FFA8AFA2BFB05222AFB4D
:10C2B0000533D4F808B0DCF804504FEA3B2A0CF1FF
:10C2C000080C2FFA8BFB2FFA8AFA2BFB05112AFB9D
:10C2D0000500D4F80CB010344FEA3B2A2FFA8BFB40
:10C2E0002FFA8AFA2BFB05222AFB05337445C6D1A7
:10C2F000069D019C002C00F0CC80B5F900409EF911
:10C3000000C014FB0C119EF901C014FB0C009EF937
:10C3100002C014FB0C229EF903C014FB0C33079CD3
:10C3200034B3B5F902409EF904C014FB0C119EF918
:10C3300005C014FB0C009EF906C014FB0C229EF9EC
:10C3400007C014FB0C33019C022C11D0B5F904403A
:10C350009EF9085014FB05119EF9095014FB0500C5
:10C360009EF90A5014FB05229EF90B5014FB05336D
:10C37000089C744441FA09F101F3070107F8041C11
:10C3800040FA09F000F3070007F8030C42FA09F23B
:10C3900002F3070207F8022C43FA09F303F3070339
:10C3A00007F8013C049B0436B34207F104077FF40D
:10C3B0004CAF189A0A9B02EB83021892199A02EB6F
:10C3C00083031993099B13F003075ED0199B1F4445
:10C3D0000B9B03F0030C4FEA93080CF1FF3308F1B9
:10C3E000FF3B9BB21FFA8BFB04931A9BCDF8048092
:10C3F0000BF1010B4FEA8B0A03EBCB0B4FF0010E55
:10C40000D046CDF80CB0BB466746DDE918CA0EFA37
:10C4100009FE4FEA5E0E029A1CF9013B9340019A15
:10C420007344002A3CD01A9804EB080654F8042BF5
:10C4300005684FEA32212FFA82F22FFA81F125FBAB
:10C4400002334268083022FB0133B442EED1039A32
:10C4500027B396F90010108810FB0133049959B1E5
:10C4600096F901105088022F10FB013304D09188F7
:10C4700096F9022011FB0233F41943FA09F303F38E
:10C4800007030AF8013BDA45C5D100200DB0BDE82D
:10C49000F08F74466EE71A9DA6462AE73446ECE70D
:10C4A0001A9A2646D4E700BF30B5950824D001F18A
:10C4B000080C00EB850E50F8043B0CF1080C70459D
:10C4C0004FEA33242FFA83F32FFA84F44CE904342F
:10C4D000F1D101EBC50112F003020CD09EF900303E
:10C4E0000B80013A07D09EF901304B80012A1CBF16
:10C4F0009EF902308B8030BD8646ECE72DE9F04393
:10C50000970854D04FEA8708064601EB870751F891
:10C5100004EB33684FFA8EF55CB2AC42B8BF2C46E0
:10C520004EF3072943F307259C464D45B8BF4D46BA
:10C5300064F307034EF307494CF307444C454FEAB5
:10C540002C6CB8BF4C4665F30F23BCEB2E6F64F325
:10C5500017434FEA2E6425DA64F31F63B94246F8A5
:10C56000043BD4D1404412F0030219D097F90030B3
:10C5700090F90010013A994292B2B8BF03707AB1B3
:10C5800097F9013090F901109942B8BF4370012A20
:10C5900006D097F9023090F902209A42B8BF837012
:10C5A000BDE8F083B94246F8043BB0D1DAE70F4664
:10C5B000D9E700BF2DE9F04F2DED028B87B0824601
:10C5C0000293BDF84C300393BDF85030BDF848805D
:10C5D000009393460191002900F09C80002B00F00D
:10C5E0009280002305931F46019B03FB07F73B4402
:10C5F0000BFB03A3002604933346039A019CFD180A
:10C6000002FB03F3B3EB0800029A5CBFF918A1EB3D
:10C6100008010BFB05A5104454BF0BFB01A12946E3
:10C62000A04275DAFC18A4EB080414440BFB04A424
:10C6300001EB0B095A46284600F0EBFB4C4507D9A5
:10C6400049465A46D9442846FFF758FF4C45F7D883
:10C65000009A013636B296423346CEDB059B019AEC
:10C6600001331BB2934205931F46BDDB019BCDF8FE
:10C67000108003FB03F20BFB02A20592009ACDF897
:10C6800004A012FB0BF700210BFB02F208EE102AAC
:10C69000BFB203FB0BF60A4699468846009B02FB95
:10C6A00003F5039B03FB02F2169B0BFB0535049B72
:10C6B000D21A57BF019B019909FB02F10BFB013113
:10C6C000029B1A444A45B7BF019B059C09FB02F235
:10C6D0000BFB023401EB060A18EE102A284600F084
:10C6E00098FB544507D951463A46B2442846FFF7CD
:10C6F00005FF5445F7D8009B08F101080FFA88F8A8
:10C7000043454246CADC07B0BDEC028BBDE8F08F62
:10C71000049C8DE7002BA9D1F5E700BF2DE9F04F70
:10C7200093B01646BDF870400A93BDF874300B9371
:10C73000BDF87830DDF87C800993CDE905040891D7
:10C74000002900F080819208019206F00305002B79
:10C7500000F07481531E9BB20133990008EBC303B0
:10C7600000220293A74F0F9208EB46030D930C9102
:10C770001346089ADDF87C9003FB02F30793D31865
:10C78000059A06FB03230E930023049307990B9845
:10C79000069CCA1800FB03F3059806FB02020392ED
:10C7A0001A1B5EBFC918091B06FB01040A990898E9
:10C7B00048BF039C0A44824280F22081079A02EB20
:10C7C0000308069BA8EB0308059B884406FB083872
:10C7D00049463246204600F053FAA11988454CD903
:10C7E0000C9BCA18019B4FF0020E002B42D048460A
:10C7F0008C4692465CF8043B2FFA83FB1FFA8BF4BD
:10C800004FEA332394452FFA83F344EA034403EABF
:10C81000070343EA1B4300F1080050F808BC94FAF0
:10C820001BF450F804BC40F8084C93FA1BF340F892
:10C83000043CDFD1029B95B19AF900001C88012DC0
:10C84000204418800BD09AF901005C88022D204406
:10C85000588004D09AF902009C8820449880314482
:10C860000EF10103884532449BB208D99E46019BD4
:10C87000002BBCD14B468A46DDE74FF0010E5EB17E
:10C88000039B0D98591E4A4632F9023B93FBFEF377
:10C89000904201F8013FF7D1049B099901331BB283
:10C8A0008B420493FFF672AF0F9B089901331BB2C2
:10C8B0008B420F93FFF65DAFDDF87C800846099A46
:10C8C000059C049612FB06FACAF38D030193013B03
:10C8D00002FB06F19BB200FB00F206FB02420133B1
:10C8E00000FB06FB0D9198000E9208EBC3038AB281
:10C8F000A8F1020100250AF0030A0293414C0792B5
:10C9000001EB42031093119103950F902B4656466D
:10C910000B99099A02FB03F201FB03F3049901FB53
:10C9200002F20C92069A9B1A00F18B80089A02FB85
:10C9300003F5059A01FB05250A9A1344089A9342C8
:10C94000BBBF5343DDE904120E9F01FB03272846BA
:10C950000D9A414600F094F905EB0B0C674553D94D
:10C960000F9B0CEB0301019B4FF0020E002B42D0FA
:10C9700042466546894655F8043B2FFA83FA1FFA6A
:10C980008AF04FEA33238D422FFA83F340EA0340C3
:10C9900003EA040343EA1A4302F1080252F808AC1E
:10C9A00090FA1AF052F804AC42F8080C93FA1AF311
:10C9B00042F8043CDFD1029B96B199F90020188817
:10C9C000012E02441A800BD099F901205888022EBA
:10C9D00002445A8004D099F90220988802449A802F
:10C9E000DC440EF10103674559449BB20ED99E46C3
:10C9F000019B002BBCD14346E146DDE7DDF83880E2
:10CA0000E6E600BF0000FFFF4FF0010E079B6BB191
:10CA10000C9BDDE91002591E209B194432F9023F9C
:10CA200093FBFEF3824201F8013FF7D1039B099982
:10CA300001331BB28B420393FFF66AAF13B0BDE81C
:10CA4000F08F059D78E7002BF8D0084637E700BF48
:10CA50002DE9F04F83B0002900F008816FF07F04CA
:10CA60000023C5560133AC421BB2B8BF2C468B42E3
:10CA7000F7DBA3B2A3F1080A5FFA8AF701934FEA42
:10CA80000A4347EA0A6703F47F031F434FEA0A2376
:10CA900003F47F431F430FFA8AFA5FEA910900F01B
:10CAA000E080764E00EB890805464FF0000C01242B
:10CAB00055F8043BC3FA07F32FFA83FB1FFA8BFEEA
:10CAC0004FEA33232FFA83F34EEA034EAEF3030EFD
:10CAD000334043EA1B435FFA8EFB04FA0BFBCEF3B1
:10CAE000074EDC4404FA0EFEE644A3F3030C5FFA9F
:10CAF0008CF304FA03F3CCF3074C9E4404FA0CFCC9
:10CB0000A845F444D4D111F0030100F0A58098F9B0
:10CB10000060A6EB0A0686F303060123F6B203FAC9
:10CB200006F64C1EB444A6B2A6B198F90150A5EB86
:10CB30000A0585F30305EDB203FA05F59E42AC4400
:10CB400008D098F90250A5EB0A0585F30305EDB26C
:10CB5000AB409C444FF48016804696FBFCF6B9F13E
:10CB6000000F4CD009F1FF381FFA88F808F10108CE
:10CB7000DFF808A14FEA880B141D00EB88084FF07E
:10CB80000D3950F8043BC9FA03F383FA07F32FFA7F
:10CB900083FE1FFA8EFC4FEA33252FFA85F54CEA07
:10CBA000054CACF3050C5FFA8CF346FA03F303F380
:10CBB0000703CCF3074C04F8043C46FA0CFC0CF3D6
:10CBC000070C05EA0A0304F803CC43EA1E43A3F367
:10CBD0000503DDB246FA05F505F30705C3F3074380
:10CBE00004F8025C46FA03F303F30703804504F8F4
:10CBF000013C04F10404C4D15A4451B34C1E0199C0
:10CC000098F90030053109B2CB1A83F30503DBB282
:10CC100046FA03F303F30703A4B21370CCB198F9F7
:10CC20000130CB1A83F30503DBB246FA03F303F3B7
:10CC30000703012C53700CD098F902C0A1EB0C0C27
:10CC40008CF3050C5FFA8CFC46FA0CF606F307062B
:10CC5000967003B0BDE8F08F4FF4801696FBFCF69B
:10CC600080E70029F5D08046CC4650E74FF6807328
:10CC70004FF078376FF0870A01930EE70000FFFF4F
:10CC80002DE9F04197082FD0184E00EB87058C4610
:10CC900050F8043B2FFA83F84FEA33231FFA88F445
:10CCA0002FFA83F303EA060E4EEA184E44EA0343D2
:10CCB000A842CCF80030CCF804E00CF1080CE7D125
:10CCC00001EBC70112F003020CD095F900300B8084
:10CCD000013A07D095F901304B80012A1CBF95F924
:10CCE00002308B80BDE8F0810546EBE70000FFFFD6
:10CCF0007F2805D8034B185C034B5B5C18407047DA
:10CD00000020704774E00200F4E00200A0F161032B
:10CD1000192B98BF20387047A0F14103192B98BFF9
:10CD2000203070477F2805D8034B185C034B5B5CB1
:10CD3000184070470020704774E00200F4E00200E1
:10CD4000A0F16103192B98BF20387047A0F141036F
:10CD5000192B98BF203070477F299ABF017001209E
:10CD60006FF02E0070475AB10A787F2A0AD800B1B6
:10CD70000260002119605960501A18BF01207047E5
:10CD8000002070476FF02E00704738B50446084603
:10CD9000A26842B1236861685D1C8D4208BF002013
:10CDA0008B4208D2D054E3682BB12168626891426B
:10CDB00001D22146984723680133236038BD70B5FE
:10CDC0004C1E09D41646C5B229463046FFF7DDFF92
:10CDD000013CB4F1FF3FF7D170BD10F0100F08D146
:10CDE00008B510F4007F14BF30202020FFF7E7FFC4
:10CDF00008BD704708B5034B5B689B681B68984784
:10CE000008BD00BFF0B8002008B50921FFF7F2FF08
:10CE100008BD10B4144688420BD98B1882182CB167
:10CE200013F8014D02F8014D9942F9D15DF8044B18
:10CE300070478842FAD0002AF8D0431E0C4411F8FB
:10CE4000012B03F8012FA142F9D1EFE70FB410B580
:10CE500086B008AB53F8044B0593002303936FF09F
:10CE600000430293084B049300F0EAFB059A214625
:10CE700001A800F0CBF8044600F0E3FB204606B022
:10CE8000BDE8104004B070478D8E0200037853B1A6
:10CE900059B10144034613F8012F12B18B42FAD164
:10CEA0000B46181A70470346FBE70346F9E784462A
:10CEB00040EA010313F0030F18D18446202A0BD354
:10CEC0002DE9F007B1E8F807A0E8F807A2F1200281
:10CED000202AF7D2BDE8F007042A07D351F8043B13
:10CEE00040F8043BA2F10402042AF7D2002A05D03C
:10CEF00011F8013B00F8013B013AF9D16046704757
:10CF00008446002A2DD010F0030F04D000F8011B36
:10CF1000013A26D0F7E7C9B241EA012141EA0141CD
:10CF2000202A12D3A2F120022DE9F0030B460C4671
:10CF30000D460E460F4688468946A0E8FA03203A79
:10CF4000FBD2BDE8F00320320BD0042A05D340F811
:10CF5000041B043A05D0042AF9D200F8011B013A57
:10CF6000FBD160467047024610F0030F16D111F056
:10CF7000030F13D12DE9F0004FF001374FF080334C
:10CF800051F8044BA4EB070525EA04051D4002D126
:10CF900042F8044BF4E7A1F10401F0BC11F8013BA5
:10CFA00002F8013B002BF9D1704700F1010110F0AC
:10CFB000030F11D010F8012B002A23D010F0030F1B
:10CFC0000AD010F8012B002A1CD010F0030F03D058
:10CFD00010F8012B002A15D02DE970004FF0013216
:10CFE0004FF0803350F8044BA4EB020525EA04050A
:10CFF0001D4000D1F6E7A0F1040070BC10F8012B31
:10D00000002AFBD1A0EB0100704700002DE9F04F92
:10D0100089B007460392002303600C4614F8011BF5
:10D02000002900F0FA82DFF814B5E9E2002507E0F4
:10D030005E2868D145F4805501E045F040051C4666
:10D04000234613F8010B3028F2D81F2837D9A0F156
:10D050002002102A33D801A151F822F03BD002005F
:10D06000BFD00200BFD00200A1D00200BFD002009A
:10D07000BFD00200BFD00200A7D00200BFD0020084
:10D08000BFD00200BFD00200ADD00200BFD002006E
:10D09000B3D00200BFD00200BFD00200B9D002005E
:10D0A00045F08005CBE745F40045C8E745F020058D
:10D0B000C5E745F01005C2E745F40075BFE72A282B
:10D0C00021D1039A111D0391D2F800A0BAF1000FEB
:10D0D000BCBFCAF1000A45F010051878A31C2AEA63
:10D0E000EA7A2E2826D00021742847D07A2845D005
:10D0F0006C2800F0A8804C2800F0AB80682800F075
:10D10000B8801C463DE0A0F13002D2B2092A88BFA7
:10D110004FF0000AE3D84FF0000A0AEB8A0A3038D1
:10D1200000EB4A0A13F8010BA0F13002D2B2092A2F
:10D13000F3D9D4E718782A280AD1039A111D03914C
:10D140001168587802330029CEDB45F48075CBE7AF
:10D150000133A0F13002D2B2092A88BF0021F4D8ED
:10D16000002101EB8101303800EB410113F8010B84
:10D17000A0F13002D2B2092AF3D9E4E71C4614F830
:10D18000010B002800F05582A0F12503DBB2532BE0
:10D1900062D8A0F12503532B5ED8DFE813F07600A8
:10D1A0005D005D005D005D005D005D005D005D0097
:10D1B0005D005D005D005D005D005D005D005D0087
:10D1C0005D005D005D005D005D005D005D005D0077
:10D1D0005D005D005D005D005D005D005D005D0067
:10D1E0005D005D005D005D005D005D005D005D0057
:10D1F0005D005D005D005D005D005D005D005D0047
:10D200005D005D00EB005D005D005D005D005D00A8
:10D210005D005D005D005D005D007B0020015D0044
:10D220005D005D005D0020015D005D005D005D0052
:10D2300095000E01D1005D005D00A6005D001901A2
:10D240005D005D00ED001C4614F8010B45F0010582
:10D2500097E745F001051C46B44B1E68002E00F010
:10D26000CC8103AB0193009153462A463946B0471F
:10D27000C3E11878682803D05C1C45F0040580E7FA
:10D2800045F008059C1C58787BE725213846FFF7B8
:10D290007CFDB2E1039B1A1D03921E780AF1FF3A4E
:10D2A0003A4651462846FFF798FD31463846FFF783
:10D2B0006CFDA94619F0100F00F09F813A465146C7
:10D2C0002020FFF77CFD98E115F0080F06D03A68A2
:10D2D000039B191D03911B681A708EE1039B1A1D95
:10D2E00003921B683A681A6087E1039B1A1D039238
:10D2F000D3F800808E4BB8F1000F08BF9846464621
:10D3000025F4007915F4807F15D04046FFF7BEFD67
:10D310000546AAEB050A3A4651464846FFF75DFD29
:10D32000002DC7D0454416F8011B3846FFF72DFDE8
:10D33000B542F8D1BEE74046FFF737FE0546E8E7BD
:10D34000039B1A1D03921B6815F0800F0CBF00266B
:10D35000232645F4807508211A46002B00F0298108
:10D3600005AB4FF0000805F4005CA64660468C460D
:10D370000146D1E045F4005515F0800F1BD043F273
:10D38000780643F25803782818BF1E4615F4807FAC
:10D3900001D025F4007515F4804F32D0039B1A1D7F
:10D3A00003921B6815F0040F1FD01BB2002B20DA6C
:10D3B0005B422D262DE00026E8E715F0800F0CBF1C
:10D3C0000026302615F4807FE5D025F40075E2E7CD
:10D3D00015F4807F07D025F400750026DBE745F4BF
:10D3E00080450026D7E70026D5E715F0080FDDD0E9
:10D3F000DBB215F0200F60D115F0400F18BF2026CA
:10D4000007E0039B1A1D03921B6815F0040F4FD011
:10D410009BB215F4807F14BF25F4007501215838A4
:10D42000202800F2AE8001A252F820F059D3020069
:10D4300083D5020083D5020083D5020083D5020084
:10D4400083D5020083D5020083D5020083D5020074
:10D4500083D5020083D5020083D50200E7D4020001
:10D4600083D5020083D5020083D5020083D5020054
:10D47000E7D4020083D5020083D5020083D50200E1
:10D4800083D5020083D50200BFD4020059D3020025
:10D4900083D5020083D5020083D5020083D5020024
:10D4A000E7D4020083D5020083D5020059D30200DD
:10D4B00015F0080FADD0DBB2ABE72B26A9E71A4673
:10D4C0004FF00008002B5ED005A84FF0000803F0D5
:10D4D0000703303300F8013B08F10108D208134676
:10D4E000002AF4D14FE018464FF00008002B4AD034
:10D4F0004FF0000805F4004E4FF02C0973468E469D
:10D5000019462FE002F00F000A4C205C03F8010BD3
:10D5100008F10108120906D00029F3D002F00F002B
:10D52000054C205CF2E7744661462CE0C47701208C
:10D53000C8E20200A8E20200B8E20200CDCCCCCCE6
:10D5400008AB03EB080CABFB0032D20802EB820302
:10D55000A0EB430330330CF80C3C08F10108092818
:10D560000DD910460029EBD008F00303032BE7D1B7
:10D5700008AB434403F80C9C08F10108E0E771464E
:10D5800001E04FF00008A1EB080121EAE179AAEBE4
:10D59000090AAAEB080AFF2E0ED9AAF1020AC6F35D
:10D5A00007213846FFF7F1FBF1B23846FFF7EDFBF4
:10D5B00004E04FF00008E6E7002E3DD13A46514620
:10D5C0002846FFF70AFC3A4649463020FFF7F7FBAA
:10D5D000B8F1000F0EDD0DF1140908F1FF38C84451
:10D5E00098F8001046463846FFF7CFFBC14508F1D2
:10D5F000FF38F5D115F0100F09D114F8011B61B1F6
:10D6000025293FF413AD3846FFF7BFFBF5E73A464F
:10D6100051462020FFF7D3FBEFE7BB682BB13A68F8
:10D6200079688A423CBF00219954386809B0BDE846
:10D63000F08F4FF0FF30F9E70AF1FF3AB4E700BF8F
:04D640007047704778
:08D64400E99002000000000063
:10D64C00F1A9020000000000E19F020000000000B0
:10D65C00CDA7020020CE0020FDAB020054D200204A
:10D66C00D9A8020000000000C1AD02006CD200205D
:08D67C0069AE0200CCB80020E9
:08D68400859102000000000086
:10D68C0091B0020000000000A5B0020000000000F4
:10D69C0048B9002010BA002018BA002050B9002058
:04D6AC001800000062
:10D6B0000ADE02000000000010DE02000000000090
:10D6C00017DE0200000000001BDE02000000000068
:10D6D00020DE02000000000075D7020000000303F6
:10D6E0004CD802000000000070D8020000000000CA
:10D6F0001CE002000000000004DE02000000000048
:10D700000FE002000000030324E002000000030316
:10D7100038E002000000030350E0020000000303B1
:10D72000F6D8020000000000FFD802000000000050
:10D7300048D702000000000054D70200E82A002069
:10D740000338FDD870470000D57302004174020011
:10D75000D17302007274745F6C6F675F6261636B98
:10D76000656E64004261636B656E647320666C7500
:10D7700073686564006170700000000038BE0020AE
:10D780007F000000B8BE00201B5B306D00257300D9
:10D790001B5B313B33316D0025734C6F6773206425
:10D7A000726F70706564202825642925730D0A0046
:10D7B0003C25733E2025733A200020253032780026
:10D7C000202020007C002563001B5B313B33306D43
:10D7D000001B5B313B33326D001B5B313B33336DE0
:10D7E000001B5B313B33346D001B5B313B33356DCC
:10D7F000001B5B313B33366D001B5B313B33376DB8
:10D80000007761726E696E6700696E666F006465AD
:10D810006275670088D70200C9D7020090D702005E
:10D82000D1D70200D9D70200E1D70200E9D7020020
:10D83000F1D70200F9D70200000000005DD8020015
:10D8400001D8020009D802000ED802006170705F92
:10D85000627574746F6E00466174616C20657272DB
:10D860006F720053797374656D207265736574000F
:10D870006170705F74696D657200010006000000E0
:10D8800000000000D0BE00207D7D0200FFFFFFFFF2
:10D89000FFFFFFFFFFFFFFFFFFFFFFFF0000000094
:10D8A000000000000000D601060100005254432091
:10D8B000696E7374616E636520616C726561647911
:10D8C00020696E697469616C697A65642E005254CE
:10D8D000433A20696E697469616C697A65642E00E7
:10D8E0000338FDD870473031323334353637383964
:10D8F0004142434445467077725F6D676D740073B3
:10D900006F72746C697374004E52465F5355434393
:10D91000455353004E52465F4552524F525F535645
:10D92000435F48414E444C45525F4D495353494E25
:10D9300047004E52465F4552524F525F534F465436
:10D940004445564943455F4E4F545F454E41424C16
:10D950004544004E52465F4552524F525F494E5425
:10D9600045524E414C004E52465F4552524F525F17
:10D970004E4F5F4D454D004E52465F4552524F52FD
:10D980005F4E4F545F464F554E44004E52465F45E2
:10D9900052524F525F4E4F545F535550504F525456
:10D9A0004544004E52465F4552524F525F494E56D3
:10D9B000414C49445F504152414D004E52465F45F3
:10D9C00052524F525F494E56414C49445F53544165
:10D9D0005445004E52465F4552524F525F494E5693
:10D9E000414C49445F4C454E475448004E52465FB7
:10D9F0004552524F525F494E56414C49445F464C46
:10DA0000414753004E52465F4552524F525F494E76
:10DA100056414C49445F44415441004E52465F4593
:10DA200052524F525F444154415F53495A45004E50
:10DA300052465F4552524F525F54494D454F5554DF
:10DA4000004E52465F4552524F525F4E554C4C006D
:10DA50004E52465F4552524F525F464F52424944E2
:10DA600044454E004E52465F4552524F525F494E1A
:10DA700056414C49445F41444452004E52465F4532
:10DA800052524F525F42555359004E52465F4552D3
:10DA9000524F525F434F4E4E5F434F554E54004ED0
:10DAA00052465F4552524F525F5245534F55524373
:10DAB0004553004E52465F4552524F525F4D4F44C0
:10DAC000554C455F4E4F545F494E495449414C496E
:10DAD0005A4544004E52465F4552524F525F4D5593
:10DAE0005445585F494E49545F4641494C454400AE
:10DAF0004E52465F4552524F525F4D555445585F06
:10DB00004C4F434B5F4641494C4544004E52465FA3
:10DB10004552524F525F4D555445585F554E4C4FEC
:10DB2000434B5F4641494C4544004E52465F455287
:10DB3000524F525F4D555445585F434F4E445F49D5
:10DB40004E49545F4641494C4544004E52465F455C
:10DB500052524F525F4D4F44554C455F414C5245D8
:10DB60004144595F494E495449414C495A45440042
:10DB70004E52465F4552524F525F53544F524147A7
:10DB8000455F46554C4C004E52465F4552524F52EF
:10DB90005F4150495F4E4F545F494D504C454D4594
:10DBA0004E544544004E52465F4552524F525F46D6
:10DBB0004541545552455F4E4F545F454E41424C8E
:10DBC0004544004E52465F4552524F525F494F5FA7
:10DBD00050454E44494E47004E52465F4552524FC3
:10DBE000525F4452565F5457495F4552525F4F56F9
:10DBF000455252554E004E52465F4552524F525F6B
:10DC00004452565F5457495F4552525F414E41431B
:10DC10004B004E52465F4552524F525F4452565F40
:10DC20005457495F4552525F444E41434B004E5258
:10DC3000465F4552524F525F424C455F49505350E8
:10DC40005F52585F504B545F5452554E43415445B8
:10DC500044004E52465F4552524F525F424C455F20
:10DC6000495053505F4348414E4E454C5F414C52E2
:10DC7000454144595F455849535453004E52465FFD
:10DC80004552524F525F424C455F495053505F4C92
:10DC9000494E4B5F444953434F4E4E4543544544D0
:10DCA000004E52465F4552524F525F424C455F49CB
:10DCB0005053505F504545525F52454A4543544585
:10DCC0004400556E6B6E6F776E206572726F7220B6
:10DCD000636F6465000000000000000008D90200C6
:10DCE0000100000014D902000200000032D9020035
:10DCF0000300000053D902000400000066D90200AE
:10DD00000500000077D90200060000008BD9020050
:10DD100007000000A3D9020008000000BBD90200E0
:10DD200009000000D3D902000A000000ECD902006B
:10DD30000B00000004DA02000C0000001BDA0200F5
:10DD40000D0000002FDA02000E00000041DA020090
:10DD50000F00000050DA02001000000064DA020038
:10DD6000110000007BDA0200120000008ADA0200D3
:10DD7000130000009FDA020080000000B3DA020006
:10DD800081000000D4DA020082000000F0DA020014
:10DD9000830000000CDB0200840000002ADB02008C
:10DDA000850000004BDB02008600000070DB0200F3
:10DDB0009000000087DB020091000000A5DB02005C
:10DDC00092000000C3DB020000820000D8DB0200EA
:10DDD00001820000F6DB02000282000012DC020079
:10DDE000008400002EDC02000184000052DC0200EE
:10DDF000028400007CDC020003840000A1DC02003D
:10DE000001000000636C6F636B00434C4F434B0099
:10DE10004750494F54450050525300554152540009
:10DE20005541525445000D4170706C6963617469CD
:10DE30006F6E20737461727465642E0D0A007072C7
:10DE40006570726F63657373696E6720646F6E656A
:10DE50000D0A00636F6E766F6C76696E6720646F73
:10DE60006E650D0A0072656C7520646F6E650D0A33
:10DE7000006D6178706F6F6C20646F6E650D0A00C5
:10DE8000666320646F6E650D0A00736F66746D6162
:10DE90007820646F6E650D0A0025643A2025640AB7
:10DEA000000000000800000006000000050000005F
:10DEB000070000000000000000E0D7015465726D0B
:10DEC000696E616C005254540053454747455200F7
:10DED00073645F626C655F6761705F646174615FEA
:10DEE0006C656E6774685F7570646174652829205D
:10DEF000287265717565737429206F6E20636F6E6B
:10DF00006E656374696F6E20307825782072657451
:10DF100075726E65642025732E00546865207265E5
:10DF2000717565737465642054582F525820706160
:10DF3000636B6574206C656E677468206973207408
:10DF40006F6F206C6F6E672062792025752F2575A5
:10DF5000206F63746574732E005468652072657158
:10DF600075657374656420636F6D62696E61746951
:10DF70006F6E206F6620545820616E6420525820C6
:10DF80007061636B6574206C656E6774687320697B
:10DF90007320746F6F206C6F6E6720627920257517
:10DFA000206D6963726F7365636F6E64732E0073A7
:10DFB000645F626C655F67617474635F65786368F2
:10DFC000616E67655F6D74755F7265717565737499
:10DFD00028292072657475726E65642025732E0081
:10DFE00073645F626C655F67617474735F657863A7
:10DFF00068616E67655F6D74755F7265706C7928B6
:10E00000292072657475726E65642025732E006E0A
:10E0100072665F626C655F6761747400626C655FF5
:10E020006E7573006E72665F736468008CD6020052
:10E030009CD60200080000006E72665F7364685F21
:10E04000626C65004CD6020084D602000800000015
:10E050006E72665F7364685F736F630044D602001C
:10E060004CD602000800000043000000504F534906
:10E070005800000020202020202020202068282870
:10E080002828202020202020202020202020202080
:10E090002020202048101010101010101010101008
:10E0A00010101010848484848484848484841010E8
:10E0B0001010101010818181818181010101010105
:10E0C0000101010101010101010101010101011031
:10E0D00010101010108282828282820202020202DA
:10E0E0000202020202020202020202020202021002
:10E0F00010101020000703200417020108571040D9
:10E100008000000068E002006CE1020080E2020092
:10E1100053756E004D6F6E00547565005765640051
:10E120005468750046726900536174000000000075
:10E130004A616E00466562004D6172004170720076
:10E140004D6179004A756E004A756C004175670033
:10E15000536570004F6374004E6F76004465630032
:10E1600000000000414D00504D000000A4E20200FC
:10E17000A0E20200A0E20200A0E20200A0E202008F
:10E18000A0E20200A0E20200A0E20200A0E202007F
:10E19000A0E20200FFFFFFFFFFFFFFFFFFFFFFFF07
:10E1A000FFFF0000E0E1020010E102001CE20200BB
:10E1B00030E1020064E10200C4E1020074E2020006
:10E1C000D0E10200256D2F25642F25790000000085
:10E1D0002561202562202565202554202559000031
:10E1E00053756E646179004D6F6E6461790054758A
:10E1F0006573646179005765646E65736461790065
:10E20000546875727364617900467269646179005B
:10E210005361747572646179000000004A616E7523
:10E22000617279004665627275617279004D617242
:10E23000636800417072696C004D6179004A756EC7
:10E2400065004A756C790041756775737400536594
:10E250007074656D626572004F63746F6265720001
:10E260004E6F76656D62657200446563656D6265CB
:10E270007200000025483A254D3A25530000000061
:10E28000F1CC02000DCD020019CD020025CD020017
:10E2900041CD02004DCD020059CD020067CD0200F4
:10E2A000000000002E0000003031323334353637A4
:10E2B00038396162636465663031323334353637FC
:0FE2C0003839414243444546286E756C6C29003D
:10E2D00000000000FF0000000010014011000400D9
:10E2E000000000000020004000000000002000406E
:10E2F000000000000090D003CFEEF9ECF4F107022B
:10E30000F6ACB8BFCBFAA9C1C0E4E4FCFDF6CCF191
:10E31000FBF9E1D49AEDFBBFF7FF0206FC0604F51A
:10E3200008F7F50AF4050F0BFFFF21E7EE2FDDE9F3
:10E3300019E5FB00FC0902FB0022E7EB37D8DF22DE
:10E34000E0F005F902EB100EFC05030EF6F903F6FA
:10E35000FEF80508E3170CE70F08F10407F00508BD
:10E36000F3110C02FCFFFFF60906FC150B000CF67E
:10E37000F7FC0D0A0C130B1B00FB0BEBE6E4F90397
:10E38000F1100E1AEAE7F8E3E8E90006F30D1900C8
:10E39000EBEEFDEBEDF30B0E040D12FC0610FFF699
:10E3A000F2F90C09050D08FC090AF7FC07FD07073F
:10E3B000F4070300FFF902F8FB09FD06FC07F6E786
:10E3C00007F9F90A020EFC0211F705FD07F6E7044A
:10E3D000F6F8000010F90B19F20D0407F4E905F046
:10E3E000EF08000B020D15F509FD02F7F7FDF2F538
:10E3F00001FF06FA060EFF100B0703F21506FA11CD
:10E400000D040107FDFA02021B0DFB1200F9FAFCD4
:10E4100002E8F500EEF8061808F20BFAF8F8000C1E
:10E42000EAFE0DF1FD071D06F00AFAFCF4F90BE611
:10E43000F203F6F8001005F8FBFB03F1FE17EFFB03
:10E440001101010C0A03FBF9EEF9FDFC02030604BD
:10E450000402F911140CE9E5F1FD0306050F06FEAF
:10E4600002FB16160BE6E2EDFAFB030A0C060201AC
:10E47000FD140E04F1E6EE00F7010E080601F9F7AF
:10E48000080B06F6F3F5FCFC08020511F7000BF784
:10E49000F515060D27F9011E020C24F5FF1CFEE7F9
:10E4A000FA06F0FAF7DEE803EFF102ECF500F3F517
:10E4B000190D0600F1EC1007F507FDF6FBFEFA0E4C
:10E4C000160CF0FBF4071707F605FEF6FFF7071525
:10E4D00008EDFEF3021503F109FEFCFEFEF4020D49
:10E4E000ED01060010FF0508E40BFEFCF6FF15E247
:10E4F000FC16F80E090B0EEB14F7E900FC13E4F719
:10E500001FE2FF0C030EF51E03E803F806EAF71FEF
:10E51000E3021AFB0B081802DC1803F7FAEF04F801
:10E52000F80C01FF0503F40FFAFEFF000FF5EE06ED
:10E53000EEF6060306FD03F40DF2FF2BE9FD34F0C1
:10E54000F51CF804FA05F510FAEC20E4E826E1EAF7
:10E5500014F005F307FE0503FA11F6F816F3FB0DA8
:10E56000000BF00EFDF20603FC0404FE02FDF705AD
:10E570000201FEF6FAFDEFFE01ED0201F2080B0EBC
:10E58000030701F3F302FFFDF700FBEE04001203A3
:10E59000090FF6F80AF4EE05FDF0F600F205040E98
:10E5A0000EFF0A10FAFE0EFFF40802EEF3FF11FE52
:10E5B0000218FCFD1108FF0C09FAFDFEF703FEF33B
:10E5C000FFFBEFFBF9F0F9F8F2F703F7FF00F3F9BF
:10E5D00004F7F903FAF8FEFCF905F9FC01F8F50A6D
:10E5E00006FD0E0CFF060AFE00F4F0FDF7ED00013B
:10E5F000F4090CFE010AFF0A04F80603F50B0E01EC
:10E600000C1308031009F9FF04F5FF03010C0807B8
:10E610000F0DFBFE04F9FB01F8FD02010A09FF08DA
:10E6200009F5F7FE00FF06F2F3FA01030A03040BF3
:10E63000FFFB0507040AF2EFF6F4F3FAF5F2FA012C
:10E64000FA0102FF01FBF9FDFEFC01F5F3F7F4F01E
:10E65000F4FEFFFEF7FBFCF9FD03FFFD0809FE01D8
:10E66000080B0D050E11010A11FF031200FA00FF3D
:10E670000003040D10FF080EFC020EF0ECF2FDFD8D
:10E68000000D1519050B0EFBFE0901FB02FAF7F24E
:10E69000F9FCF8F6F7F3F6F4F407FFFEFB02F2FBE1
:10E6A00003FA010903F803FFF70200F4FCEB06117B
:10E6B00008111C16FB0602F1F8F90815FD0214FBFF
:10E6C000FF10F80711030006010B1A00EAFCDFDC5B
:10E6D000F0D8FE0E01020A050111F6F003EAEAFF86
:10E6E000F2F70A06F907070AF805FDFCFFF9F9F940
:10E6F0000100FEF90B0905FE020C0E100C070200CA
:10E70000F7E9F2F8E9FFF5F2F9F7F90E0B072C2318
:10E710001322260C010309FAFC08E0E4EDD7D3DB51
:10E72000F2EFEFF904FDFB0808031015080E18FDC1
:10E73000FB06F5F1EEF8F4F4FAF2F809FA01100329
:10E740000B0303F8FB00FAF3F3F3FAF1F106FBFC19
:10E75000091005010E05FC07FFF4F5EE00FAF405BB
:10E760000E00FF0D02021206F7FCF000FDEF040C94
:10E7700000FF0D02001006FA01F7FBF8ED12FFFC96
:10E7800010FEFA12FFFC09FC01F4F3FC09FDF70688
:10E79000FCF20F05FEFBFBFFECF7FD1002FB0C0388
:10E7A000F90F0701F4F9FEF1FE021207FF0A02FB5E
:10E7B000FFF8F8EEF1F9FE0709F1F1EFF9FAF9F4D3
:10E7C000F4FAEFF4FA090E0C0D070603FD02FAF94C
:10E7D00001F9FC03F5F4FA0C0B06FCFDFEF1F4FC68
:10E7E000F9FC03F7F7FC0F110CFD0102EEF3FA043C
:10E7F000050A060105090E08FA0103EBF1F9FEFF0F
:10E800000504FF0204110EFC0409E8ECF5F9F90314
:10E81000FEFA010509F60609F40C0BF90401F10BE7
:10E8200009FA190F05150D05170E070D02FD110A3E
:10E8300006FFF6FEECEBF2F5F5FEF5F4FDF0F1FD6A
:10E84000FCF206F0EDFFFDFE0DFFFD0CFAF60800F0
:10E85000FB0AF5F604FCFF08F5FB03FAFF08F8F1E4
:10E8600000FD0009040B0EFD0304F1F7FAF4F2FFBA
:10E87000EEF8FFE6F4F8E4F4F7E2F3F80AFFFA0F33
:10E8800011050B16080F180811190C0AFBF70404E0
:10E89000FB010A010204F80607F905F6FAFFFBFD81
:10E8A00003080A0104FEFF00F802F80300FA090158
:10E8B000FEF80601FD01F60605FA07F8F4000B1153
:10E8C000FCF9FFF401FE090B0211DDE0EB26341424
:10E8D000E5EFE2040211120A13D4DEDE2B3B1CE743
:10E8E000EFE10600100A0412E1E5EA1B1F10F6F73B
:10E8F000F003FA06FEF50F0A000EFEF8F800F9F92B
:10E900000D000B02F9030A040300FEF2FFFFF0FF03
:10E9100003FA08FC030C04020401EF070AF8000ADA
:10E92000FEFDF1000A0408F6F3E8F9FEF00008FD28
:10E93000FAFA07070B0D0209FAFC0BF102160002A6
:10E94000FCFEF6F4FB180F19FFFCFEF5FFFD070BAC
:10E9500005F0EFE9E3DDE2352D36F5F7F4FD0504CA
:10E960002C2724D3CDCDEDE4F019181CF100F407C9
:10E9700001022C2A28DCD7D7050003FF1205EFF18E
:10E98000F107080E0B030401F5F80AFFFEFBF6FD84
:10E9900006060A050909FA0300F2EBF0D8D9E600E9
:10E9A00004100F1418F2F9FB03FB01F3F400F0F567
:10E9B00006040714F5F7FF0BFC070E0716F2F20525
:10E9C000F9FA0CFCF70412FA050EFC0CFEF506032E
:10E9D000FB0B04F60102FFF204FAE91A0BF10CF941
:10E9E000DF06F6F10D06EC0E00E702F2DE01FCF5A3
:10E9F0000309170106FBFAFEF8F90611FB122AEDCE
:10EA00000A2AFDFFFEFE0108040B1DEEF407F0F9D3
:10EA10000201FF09F7F70FF9FB12FFFC060102FAEA
:10EA2000F607FE0104FEFEFC0605F90403F9FEF5F7
:10EA30001100F1EEE828191EF7ECEE010401E0F4F4
:10EA4000EA362B2900EDF7E3E3E705101414060876
:10EA50001D0510C4B6BF25272BFBFEFE15F909EBDB
:10EA6000DAED06160E021911EA04F50306F1FB02AF
:10EA7000F3FE0CF8000D05FC0105F81304FB1C1D4A
:10EA8000EE1213EC01FEF7FEF6E20108C7E6FDD137
:10EA9000E4F60401030F04FFFCF8040CFD0A301037
:10EAA000192601FF0FF9FC17FE021FF9F117EFED10
:10EAB00006ECEBFEFF0404FC030900080AFAFD1152
:10EAC000FEF50EFEECF4F812F1F714FCFF17070642
:10EAD00014FEFDFBF4FD1AE5F111EAF613F6FD1044
:10EAE000F6FD00F9FF13F0FA10F4FB10F9FB06FA3B
:10EAF000FCF7FBFC08FAFE0901FF040700FA090510
:10EB0000F30C0604080F0AEAF4F1DEECEDF2FEFD68
:10EB10000900070D1215031516E1F5FAE8FB0008C8
:10EB2000F6FFF4ECF3080D0D101C1805151603F58F
:10EB3000FB01F1F51206000301F8FF0206FFFBF8E6
:10EB400008FBF81607FA06FCF3FCF4FAF4F7F6F7FC
:10EB5000F7F5FAFAF7FAF9F6FAF7F6F5F8F8F7F939
:10EB6000F9FBFDFCFBFCFCFAFBFD010404FF0303C5
:10EB7000010404FE0102FE0105FD0306FB0104FB86
:10EB80000103FC0003FD0206F7FE02FA0103FB018C
:10EB900001FB0002FB010400FCFF14060214FEEF5F
:10EBA00007FFF1F604FDF4FF10FFFC061701F9164C
:10EBB00000F30A02FEE0F60EE7F30B10030619005D
:10EBC000F313FFF6E5FE0BD7EE08FF000B11FDF483
:10EBD0001A00F3FA0A0AEAFF10F00011FDFD07031C
:10EBE000F5F8ED0EFDF40D02FB010904FFFC0A002F
:10EBF00002EC1202F10B0E00FA0B14F5EF11F4F314
:10EC0000E5170AEE0F1904F2051EF0E31AF3EBDF25
:10EC1000150EEC0D2004ED0220EDE316F5EEE813E1
:10EC200008F50C1605F0FD19F5F007F9F5FAFDF2F7
:10EC3000080B020405FE09FFFF11FC02F6FFF7F7BF
:10EC400003FCE6F3ED0B0B0E10040CF502FFEDFFD9
:10EC5000FBE0F4EF131717080004F0FCFBEF01FDD5
:10EC6000F3040011130F01F8F9F0FBFBFE0E0BFD8E
:10EC70000A060A0703FEF5F33732222BDB23EB0AE1
:10EC800023CBB4070EFF5C14FDF7F0F208EFF6F7A4
:10EC9000EC25F5FBEB09EAF6F512040C08160B0659
:10ECA000F2FA0E0F08F1FAF6E9E0F5F5221DFBF293
:10ECB000F30EE1EFF408EDF70B0CF81F2318DD0756
:10ECC00010F0FA14030009E4DCEBF4DDFAFEF617A9
:10ECD0000AFE0807F01AF3F1F511FD100FFEE9F72F
:10ECE000E9F306EB07FCD8DAE8ECFDD1131AFD04D2
:10ECF00015FCFC0901180EEFE6FFF426130DF9EEE2
:10ED0000310101F508F9E6F8E20EE4CF0BF1F0F875
:10ED1000270106F0E92304F8F9F1F1210E08F7FEC6
:10ED20002A1B040F00E7F3EA0EF6D4DDF603F00E1B
:10ED3000F60F080E061A000A13170F05F80CE9075C
:10ED4000EE0E0813FCF704FB12E1D4DD0907E90716
:10ED50000D00F1EFFE19FA0D0918F41A1023DEF276
:10ED6000130AF808F8100EEF05EB04EFEC06072B7A
:10ED70001AFCFEF6FF1EEFF7F00609180FEBD7108E
:10ED8000FC220BF8FAFCD9EDFDD9EBF7FBFF081BD1
:10ED90000AEBF9FDFBF6F5F5DC05F20C0619EB00C4
:10EDA000022B0CF303F2DCF5F6DDDBCFF9F30418EC
:10EDB00016F0FCF0EFEEF8F3EA07E2220617F1EAAC
:10EDC0001A03F9FBFDECF8EA15D4DE03EE0BE50FB0
:10EDD0000F04190CFB21FCFDFB1AFCF8EFFFD50713
:10EDE000EF0D02E9E9F3EBF71AD2D1FBFB08DE02E3
:10EDF0001CFC21E9E829F1F7F105F4EF06EBECEA58
:10EE0000FA08F8EAE608FFEF19E406FADD0FEB303E
:10EE10001EFB18F4D046F3F4FF0B0D0311FCE7F7CB
:10EE2000DF010DEEF0F104E825E60BD9EF08FC1642
:10EE300017F915FFE12CF902DBFB0DF00102DBEC09
:10EE4000FD0305F2FBE0E6FE0A1014CDF70C040DFD
:10EE500009E8ED0DF1320906F0E513170E23F4E28F
:10EE600027EE0202F608EF1D09F1F40EED17F9E4A2
:10EE7000080603F1F4E614FD0D2317E7C5E00A24A4
:10EE8000D80C08F80FEAEC01FECAE0F2F00AE2CA78
:10EE9000FD00FEF6EAF605F1FB1A17D8C4FAF409EC
:10EEA000E4EB04E30B04E40804E6EFE7D41EFCE81B
:10EEB00012040DFBE90F16F9032130E4EAECEAFD38
:10EEC000C6FE20051602F6ECFBE90FDCE42AFFD7AC
:10EED0000C011206DDFC0E01E52C23DCEB03EBF547
:10EEE000CEF90E071522E801FEF403E5F83601F627
:10EEF00010E8F3E5DDF607F4FB15ED060C0409D682
:10EF0000FAF007EC0423F73FF9072310F6310DE67A
:10EF100037E411DD10D811041320FEECCDEB0526EB
:10EF2000F81AFEEF19FA0015F5EC08FF001B08DAD5
:10EF30000EE40BD403E0EDF8E70FF7F0D10107F68C
:10EF4000F807FC0114F7DE10F7E616FDF1310B05AA
:10EF500015E51CE10F360AF0EBFF08FEF61303FF80
:10EF6000E8040F0A181107F3E7E51AF4FD09FEFBA0
:10EF700022F40FE9F01AFEF6FFF50617EB0F061460
:10EF8000ED11FEEC0B22F810EDFD26FE091CF70B2F
:10EF900015F8EAD0F1F1F3F918F9FD23F712F80D9D
:10EFA000FF1BEB06F62429200B0CFD16F60DFEF0D8
:10EFB00007F0191F0EF506070607FB23EA032512C3
:10EFC00036F702EFFBFA02F9FF021508050E08D02A
:10EFD000EEFDFD07EFF50717FAEBE716E615ED0D69
:10EFE0004D07E3FEF40117EEFCEE22FF0213350697
:10EFF00003090504F92405FAF5EEFB31F1090FFBCD
:10F000001102F20C082A3BD827F707F3FDEA2FF785
:10F01000F9082002E500DF0EF6E50027F117FD00F4
:10F020000A16F9E9051101111A1A250F031215EC38
:10F0300003FC171DF9EBE022FAFE2A16F9220B0257
:10F040001E22FCF2F90A0E0406F7F725D90002F297
:10F0500015D3FB1CFEFA08001025F803E71E390F34
:10F06000F0E4F8EF04FED301F80AEE0113EFF5D94E
:10F0700003E5FA0EEDF20C10E7E8D7E6F53914F4E3
:10F0800010FDEFFFF7FDFFFBDA2B041001F226FD68
:10F0900011FBFE10F0111AFE04EFF000F62F190913
:10F0A000160DF1F00E0DFFEFFB20F30505DF04DE7A
:10F0B000090C0A12FFE5EBFF01070BEBF304060C4A
:10F0C0002E18E7FCFF09E712FF2B0C11F100F5EAFF
:10F0D000FEFDFC11E203EA07F41622D0EAF8020270
:10F0E000FA12F20FFB10FE010EEAF204D6EDE20B6B
:10F0F000100AE40A16F905E2F22E1DCB01DB1D020F
:10F10000B60C0D140015D8FE14F6C4F0DAFCE8F3C2
:10F1100000FAF4F2FFF005ECD6041E92FDFA05FAAF
:10F12000ABFF0608F4FECF01F218EF0BCE15121953
:10F1300026EAFDF0FFF118ED03F027CC03E8031BEE
:10F14000C025121A08FCD50202F2BAF1C6FAE90289
:10F1500002F8FEFC0FEE03E5ECEB038D03DF1F0E60
:10F16000CE1CF31408C9CD2213F0D611C2F7E80B58
:10F17000050516010C2210EDED171299F3DE1D0C9A
:10F18000C7FE031100EFE70809EADCECDE0FF70C1D
:10F19000201FEE11FDE9F8F8FF1F0FDBFDE318015A
:10F1A000DE181CF90B15EEEB12CABCDDC1FFEDFF3A
:10F1B000F008ED00EDEEFEEFD91003BCEBB5EFFD6E
:10F1C000B0F418D204F9D3FA05E604FFD4271412D8
:10F1D00004F8FE0CFBF00CFBEF0F06EF01B5E703A4
:10F1E000CD0C2E1813FDE10117F5C6E9A808FBE8C0
:10F1F000FA12080701E515FEE00BEEA802B6FAF1D7
:10F20000CCF918060BDCD0131329F303BD0614F355
:10F210001F2105F9FC04140BFE1711D5FACFF4F1E8
:10F220001813222A08F7E5FB14270CEFEE14060347
:10F230001FF5FBE61A10F9FBFE171D2F0B1C0D081E
:10F240002315F915033201E90203F6F8DCF7E7FCB0
:10F250001CE9E7EFF5FF02F5FEF920FB01F00408D9
:10F26000F4F4FB0301FCEDFAE40511FFFE130920A1
:10F2700011EFEE0DEF0A08FB01E9081B22D6E7F8B3
:10F28000FC100A1217091DFB0306D2E6CEDBF306BB
:10F29000E50601F80F00F905F6EE04F71CF2E206A8
:10F2A000241301060FDDEF0A1A15FF0F06E72704E6
:10F2B000040A16E617FFFF0D1009F7FE15070216E0
:10F2C00038191C2413041A09F9030FFAEB05F21C70
:10F2D000FCD408F010080EEE19EBFB0DF405FE044B
:10F2E000FBF31BF50DF3F60B041432F60B0C012A9D
:10F2F000F9FBF40E04FC03E418F20E00F209FFEA35
:10F30000020D0FEF1503F0091F2BDC0C08FC0F2872
:10F31000FA1D0C0EFCFBFEDB26F2FBFFE9FB0CEBFF
:10F32000F8230FFC15F314160CEAE6F3F907E611BF
:10F33000E6F503F1081100F1FBF004E1FDBC00EA81
:10F34000DA10FD0215E6D30A0FFDE7E71E14EC0FF5
:10F3500016F3FB0AFA14040501F4F3F4FCFE13DBC4
:10F36000EF00110B0FFD031DF9EA1309F505131842
:10F37000EFCD17E1ED1604EF0EE2EAECF10E16E91F
:10F3800005EF190B0BFEEFFA0304200E030D130C0F
:10F39000DF001FF30003ECE200100BEDDFEE0608C8
:10F3A00019FE0DFF05EEEE0A1B2CF51602EA1A0BEC
:10F3B000042616F70BF9E1F00E2EFEDAE8EDFD1E3D
:10F3C000183BF1ECFEE32B0200E1EBCEE5EB021083
:10F3D000FBFC19F4FBF1F6F6F2060DC9EE0D11086F
:10F3E000D51FE4000005DBF819E7EAC3F6F21912AD
:10F3F00026EF090C0918EBF1000104F1F7EE22EBFE
:10F40000F80EF110EE19FF0FF1F0F20512DB1817EC
:10F41000EFEC09EAF121020D12F9E0FEF1F203E648
:10F42000FD010AF8E80C25E4F434ED0BFAFE1202B3
:10F43000FA0E00F5FCE5F61207210AF303EA07F3DA
:10F440002320FBE3EEEE36F0F3420B1AF7040ED85E
:10F450000124F00EECC6EC09EF1A02E7F6F0F00E0C
:10F46000184AE6F5F7E5630DE8E3FF02FCEE08F560
:10F4700015FEFD06F3FA12F3F2FF19CF000CF601A8
:10F480000017EDFBEFF914F3F6012BF4FB00240950
:10F490002C18FF1D0A1EFAFDF42109F2091E11DACB
:10F4A000F417E316DF050CFFE511F7F705FB020C77
:10F4B000FB0E09E00A210F24FE17FBEDF8EEFD1804
:10F4C000F2071903F1211B06E00D0D07F2FEE7D844
:10F4D0000407FBEFF5E21B111512EEF404ECFC0A35
:10F4E000D80000CBF61A3AF3D605221714FDC69EB3
:10F4F000EF19EF01E2B6FB1304EDD00C0FEAEF01B8
:10F5000017D5F3E0F90A4AF9CB0F160C0A08A9AD92
:10F51000FF09E902D8EB05F413E1F4F918ECD6E998
:10F52000F3BFEB02F6EA01DEE80922F6F718BAC4E7
:10F53000190EF907EB0E000CE707F001191404EEA1
:10F54000E8CDE202F20606F4050FF7F4E61FFE022C
:10F55000F9E90EE219F61038FA02090AFB1807F069
:10F56000142912FBF809010AF107000DE0F8E9DBA4
:10F57000F9EDF9F7FDE204200EF4EF0AFE020BDDCF
:10F58000FC0702DBFB041EF2CC1929010BD7D0BA11
:10F590000601E1E8DDEAEA0008ECE8161917FAF1DD
:10F5A00021D3F5EFFF071B0AC41A19001BDEC1C1E6
:10F5B00004F6EFDEDD06FBF21407EC062509E7F0A2
:10F5C0001CE0E4F1FB0304D0E20C080308E8C6BF2A
:10F5D00001FCF7DCF8030243DD20F30A242606E4ED
:10F5E00032E7D4F7F400F5DD1C12F9F3071C12F32F
:10F5F00006060700E6073B12FE1606FEB02106F5DA
:10F6000004FBF721FEF0ECED100C01DCFA162DFDE9
:10F61000E42011F9C90601FB0CF5F115DB17F2FB2B
:10F62000FC02F808042425CBF00301F5FF300D1986
:10F63000EA1700E9CF11EA1004F80104F2E9041016
:10F64000E612EB0C0107FA18FA1ED4E7CEF5DD1628
:10F65000DBEBFA08F8100E0DF7F717CEECC907012F
:10F66000CE10130C03F0DC0512FC070F0111011181
:10F67000DFF0F51001F01403F4E90BFEEF210D03A8
:10F68000F1120F30FAF4E50ADD2106F9050A0EE65B
:10F6900003F117F6E5FE16141406152ED408F6F23B
:10F6A00026E6DE16DDF2FADFEE1323FF2A0E2EED3C
:10F6B000FF160AE7DB10EBFE17EE2127F73AE317F8
:10F6C0003D32E80BE70E1ED1DBFAFDED1209020A0E
:10F6D000FBEC05ECEE11F103FD001B17190D0122E7
:10F6E0000828EDF1F51AF1E8F1FACADFD7FDDCFEE2
:10F6F000E7E200FDF9FFF005F911FDCFFBBF0EF8C1
:10F70000CF0E19F2FCFECCFEFCDBEA0EFA0BEB0E80
:10F71000F8EB0603E7FFF41AFB0CEAF705D305F94B
:10F72000D2131A0EEFF7D003CD2119F834E01502E9
:10F73000050005FCF8F9EFF2F3F21D1CE72708F0CD
:10F740001E0BF5E906081205EF1619032F121E12FB
:10F75000F8F4FAE40108EAF9EA0621091630EF1E86
:10F760004A09ECDA05032EFEF2E8E7F908FEF31F7A
:10F77000EADFFDF4FDE0F609EF0626081CF91A0899
:10F78000F6F7E4D5151CFCEA12E6C6E3DDF9DCFC6D
:10F79000EBEFF4FE0C19F6FFF80B13D211C40AE3D9
:10F7A000BDDF10EC13F2C8FA1CD5EE0BED07ECFD33
:10F7B000F0DF00F71624FC19FE0B1BE81BD5F2E561
:10F7C000E1FD0BF808F0D1FEE6EFFCEAF7EF10FDE3
:10F7D0000205F1ED03E8DEEBE2E419EFDDF2020BE6
:10F7E000FD1607F80FDAEA0EF9F4F8F4060F260E04
:10F7F0001AFBF0F10EFED9F4E7F60DD00CEFFF0383
:10F8000016EE05050CDE00FE00EBDF0FFAE3FA0E44
:10F8100002F9F3FA0005EFFA04010BF514E41907F5
:10F82000DC0305FC0E02E5F723F0CCE8E7F0D6ECAC
:10F83000FB06F6F20FFEF4FD00F907E1FDD10DEE37
:10F84000CDFD1FF10DF3CF0126ECECEAEA0EDCFE54
:10F85000FBFA05D81910F701060112DF16E3F8EDDF
:10F86000DA0612FC0BF7C70DFB0A1A0AFBD0F3F5F8
:10F870001A17DEF007FEE4EA110DF024F60DFEEA99
:10F88000301D0AE8E7E1E6F9F5060B231CF1FF134A
:10F890003011F7EB1F03D8ED0B0BFC0914EBF8FB51
:10F8A00017100604F0EAFCFEF2E2D2180BE9E30BB3
:10F8B000240704F7FC0DE3F20608181B01F7110AF0
:10F8C000F41909FDFC06E6100FFDD7F1F5EBE0FB9E
:10F8D000FE1301FA0310F0F3FC0906EFFDD8FC0A51
:10F8E000E7E525F7080DCB0312EAF7D6E6F5E415B0
:10F8F000F00602E60E05F2EEF8FA07DD12EBF10D66
:10F90000E2FD170204FDC81AE3EFFE0D0AC9E7D4B1
:10F91000C115090518E0D2E9E8E8F9D702E608E9D7
:10F920000611F811070F0E1EF7E5F12B1F07F9E27C
:10F93000FF0301F2FAF4E4E60504011419D705FB0C
:10F94000EB02F40807EB260AFFEFFA2F16FE10E58C
:10F950000EDC0AF3FA0AFEE5182AF71402E90E078C
:10F96000F01FF5000F042E1A13F6F115EBF911E054
:10F970000108FFE302F2E2F61C19F608E8DE0503CF
:10F98000F10BE70B0A09F3FF01F7050A0D1A3AF22A
:10F9900017F3F3F3E6E6FAE218F4FF17E30407F4CB
:10F9A000170EEC29051BF40FF60600FE10E8EB031A
:10F9B000EB09F2DA09F5FDFDF4001700FC04140F61
:10F9C000120FE61503F6F82813E9FF0A150704EEEF
:10F9D00006FEE5E0EDF7F00802E010221405110A3A
:10F9E0000EEED80FFBF12DF519031A1B291506EAA7
:10F9F00017E0001FEA020FF001E2FA170DFE1C12D9
:10FA00001113F10804F7403040F6F00DFBF9F4F65D
:10FA1000FA05F714E0E00FE71AF1EE0EF3E618FB33
:10FA20001904F21203091A112613E726EFE9FE0062
:10FA3000F1EEFEECF2FAF5E514F5FA0BD7EBFCF873
:10FA400019FEEFD6F3FFF1070513080D2728F6116D
:10FA5000DF02F6F6000116F01F3401F9F729021350
:10FA600005E9F8ED11050F24370902FC0C190EFD0C
:10FA7000F20EF0F80130040707120C041317CD1131
:10FA8000120FE71E09F62CF23CFE0503162B100997
:10FA9000F30F2014E80B03FEE50806EE14FCE9FF63
:10FAA0001B2F031406F135324BF70FF2001F020A29
:10FAB000F3170F12EAED04090812F209FFE4FDED55
:10FAC000F314172002F9F4140A20F630F8FA06129B
:10FAD000DE11161017EFEC0C0712F409D3F5E20251
:10FAE0000D02160A00E3E11CF9F3E70909350D11CF
:10FAF000DA11E6EFE6171BF70E0CE9E4FD18F7EC58
:10FB0000F5000211FEF3071F19F7D6DBE5070E110A
:10FB1000E51CE5F3FE07FEEC03EDFDEF06C2D4F8AD
:10FB2000D80EF4FDF7ECFFDC3AFDE3EFDF04E71756
:10FB3000DC25FF120A12FDF9EAF5E5CE0FC4F6192D
:10FB4000DB11080402E3F7F6390DEBF4D811F30BDF
:10FB5000CF02F7FF06FAFA08060EDFE4F2C3090B3C
:10FB6000EE1224E7FFE4E0E4F62AF324F81AF22187
:10FB7000C2E8F4EA0803EA0D0B13C90FE2B5F50772
:10FB80002BEF2210F6EB0E08F80AF2F4E83CFF0522
:10FB90000BF9FC11102E1E00F13120F7E505EB11D9
:10FBA000F713E91CFB23FBFF18E5CB0AEB290D0833
:10FBB000F0FDEA1F091922F6F8240F0CF7E3EC090F
:10FBC000DF0EE1F700EDF8F71E0FF0F6DE15CD13AE
:10FBD000D016FF17140518FA0C1D02E804CEE60033
:10FBE000F722F101FEF4D3F11A1418FAD422FC0E14
:10FBF000B91C110A11060206180C05F4E7D9FC1508
:10FC0000FF0A13F5FCF9EBFAF1191A222039031156
:10FC1000CA060B0D04F6F41813FBFB27DBC50423FF
:10FC2000F6EB22F5F9D02D11EF1B0AEDEFF6EDF50D
:10FC3000FFDB15E8F1060420F2FAF204EE0A1B05D8
:10FC4000EE0E1606F3F4D7FFE51221E70A0AFF03CA
:10FC5000F0E80CFDF9F9FA0BE5EAF8FCFDF8FB0D0C
:10FC6000F612F7FEEC0BF513FA1436F60D2001EB45
:10FC7000F6F811E6FCF42307F2E9F60BF301F8F1CC
:10FC80000CFDF9FDFD18150E09EB0C0225E1FD0335
:10FC90000402F9EC17F03102F7F8F003E60EF2EB8C
:10FCA000EEEFEF1A080E00FC1EF8160DFEE8F0FA53
:10FCB000030AF7E9FDE91B03EDFAD7F7FCF3EFE7D9
:10FCC000D8D3F0FF1106EA0FE7250CFDFB19F5FF6D
:10FCD00017002AF80004FF2BFA2E10EBFFF9110889
:10FCE0001527FB000014D60AE60D14EDF3160914CF
:10FCF00006030DFFF2ECF90AF31309EE02FBE5FD32
:10FD0000F10E010AEC25E112FD063A07F41306FE96
:10FD1000E61B1201F9EB0620FBF3F804F1FFE00803
:10FD20001BD70BF7EE20F5DB06F809240BE204FFE6
:10FD3000FCFDEBF3FAF9ECEF03F302F5EEF0022031
:10FD4000FCDAFEF5FFFBF8E80E00F715F7F3F8080C
:10FD5000050BCEEBEDEDE7DCF5F0FFED05D8F80394
:10FD6000F7CDF8E808E6F303F324F212FB24CC0104
:10FD70002D0F00E220EB180DFE0A0CCC13D806CD97
:10FD8000D22CD1ED2117DB07F5221E0BEF13DD0B73
:10FD9000061FF2E911EB0A100CF0E4E811E0F5E2BD
:10FDA000F416E4F0111CEF0703F56C20011203FABE
:10FDB000D51EFF0700F6EA210602E8F9F6D4EE2583
:10FDC00015E6040C0707E1EFFD11221BEFEB03FE24
:10FDD000DD01040D0B07CFF5050D0CEFE2DE081673
:10FDE00013E1060CF6E30E03FA0F1621F1F2000EF2
:10FDF000F1FAF40FD924CCDD00F32FDA03E6E32F78
:10FE00001C040008E8EF0909FD11E40AE3F5CF0D31
:10FE10001816F0F621F500F8E4EF10CD12D3EEF944
:10FE2000DE10E2E72FE6E5FEF6181229F4DAE50A1D
:10FE3000EC21FFE91DEAFAFF05F7E8E700D4EC1D25
:10FE40002A01EEE31CF4F7F5FAEF312D02E919EE81
:10FE5000D7FE0E0000F4E1150BF5D6E6DCDCFD2E36
:10FE60000FF8F8E812E6FBECFBE5171BEFEB10ECE4
:10FE7000E7E61CFD0DF7DBF60806F5F6D7050F24BF
:10FE800026EB12FDEBEA13300400FC07F71119040E
:10FE9000E5EE1C0CEA31E2ED0F0607E70D0000016C
:10FEA000120623F6D8081A2AEBF8EE32E901DB2312
:10FEB0000E06E30D16E208F3FBF802F7F7F2E92469
:10FEC000FC19DCF115DEE2F5E407094EF1EAF9036D
:10FED000F7FFFAF810F103F9330400F3DEDD052033
:10FEE00018F9EBF006F7FBEAFC04062AF7E21DD945
:10FEF000F7F90EE9D6FAECF119FBEDEDDFEBE008CE
:10FF00000008F3F605E71ACD1308FBF4F2E71ADF51
:10FF1000F4DF18DDE308EADEF700F0EAE70121008C
:10FF2000221004F6FE01202117F00E2000192A12DB
:10FF300000F22004F621F2F10CF2190A1EFA230B4A
:10FF4000241B1104F803282C0EFDF824F0FDFEF507
:10FF50000B24FB0207D9E5E408E6F204F8EAE6FA26
:10FF6000EB0FFE00FB31FE1F0ACEFCFE1809020655
:10FF7000F50CF4F016DDF0E616ECEC190DFB19ECBF
:10FF8000D3E70D11F121F51407C505EF1106F501B1
:10FF9000F802E7F61AE5F9F2FBF6F1F5FED708F3F9
:10FFA000C9DA1C2CE90CE4F80DF2E506ED03F2F7D2
:10FFB000EE1CE6F017E8E1F7F6FAF0E604D30AF4EF
:10FFC000DAE11304E6FFF705F810FC2514150AF929
:10FFD000F21BE5E025E20017E8F0020F091001EF3F
:10FFE000F0FC041AE30D172010FBF61BFBEFF4FEE8
:10FFF0001610FD151E0100EE04FBE9F308EAF1DD21
:020000023000CC
:1000000008E70508071BE40916F0DE19030B0700D3
:100010001E1907011B02EF06010AF4EC12D80CEBC3
:10002000DBEC0C080115ECF4FFD1C5E9FA20FEF574
:100030000F04F100F0F50406F70BF9FB04A10A0424
:10004000B3FA0410F8F1CEE401FAC3EFD808F3F2E2
:10005000EE0CFEFCE4F3F0FAF4FA04E400A504125A
:10006000BFF306F8FBFED5F600FEEC1C060BF5030D
:10007000F3F6F801FBFE0B45F3FF0A0609E90A084F
:10008000E90D04FFFF11091D082605EC02EEE0F45E
:1000900006F90603E1E501F20AD203FAFA2206FEA6
:1000A0000203F006070D0B1EFFFB07022014F6F1FA
:1000B0000EF51CE20017F7FE0B010BFF101800EA0B
:1000C0000EF9EEF80D042F0801F5F2E3EB2202E43D
:1000D00007DB2802063AF708E10B1ADBFEE8F9070E
:1000E000E11FF3F607EBEDEFF202E8D4E400EFE0F6
:1000F000000B21FEE018F3FEF00905F8F9C9F4122F
:10010000F621F3E80D00EBF515270A100A011CF59E
:10011000FA000002F0E6143CEE0D1708F503FEFCB1
:10012000301DF7F40E0624EFF502FDFFF5E6F91297
:10013000E9F909EB0BE42410FD07F3FFEDECF724DC
:1001400022EEEBF9FBFC1C0EEF18F7150DFA13224B
:10015000171308D4091708FC06210934080D0E23CB
:100160001AE1E70013F821EDF3F9F70D17321A2A17
:100170000B0E2E08122500FA09412A0A1FE8F63153
:10018000F919012E0A01F5F7F90DDDE20227091B25
:1001900019121505EEF623E5F13C2711060BDC22BA
:1001A000D51804011202F00F210F28102117251273
:1001B0001C07070508EB25140216133E0028EA0168
:1001C0000FFDF2F20B0324EEF807C70924F5EAEF5E
:1001D000F026EDF605E010FF03F3CB24EDFB00085D
:1001E00036F3DEDA08DEF928E2DCEDE9070D0AFE77
:1001F000E5190405DE11FCF205F3FC2CF7EA041AFC
:100200000FECE9E20AEA0BF5E9F6F3033229FF08FD
:10021000FFFC1C130015F20A2CFA0C211ADEF32441
:100220002409FEFDFC03E5E5ED09E2D7F71DFBF926
:100230000AFB060FE012F2FEFD10F30105E3091CB4
:10024000E8020EE60110C206F1FB07C818281910D3
:1002500002ECE704F901F804F011EC2C0140DD0296
:10026000FD0500E6F7F401FE12F10809E80F0B0A9C
:10027000E5030EF708E7F00406FC17EDF5FA0BEEC0
:10028000FA1024F1F6FD0BFD0501FE03F72012150F
:10029000FA0BFA0011E51EEB05F5F902FD0BEAFE7B
:1002A0001BF31C25EFECF6020900EF11FC03E7013C
:1002B000F303F80414CB1011F901F711DF0717F756
:1002C0000AEE0B05F6FE02000F0D0B0500EAE9EF42
:1002D000F7F8FFF6F5E0F819FC0AE9FBF7FB1BFA63
:1002E0001C07FED8F8F609FFFC062C14F6ECFC07F8
:1002F00009271EEFF0F1F51BEF001BEFF5EA070AE7
:10030000150EFF0A0A0722F1F5FB00F602E6080EB9
:10031000F00301190BE7F71005EC1F10091D010E82
:10032000FBD219DFFEEEFFFA01EEF32003F70333F1
:10033000EE04F801FBD2F3F815F7FE1EFFD4EAFB3A
:10034000D8ED08F0FD06F61DFF02E10FFEE7E60618
:10035000E1F506F2FFDBFC19F6F7E50BEEEB0F0615
:100360002D04FADAF4F007EDF11FEAF40DE2F6E4F9
:10037000FAF405DCD3F4061CD6F8F50B03E80513F4
:10038000631DEAF3F802FAE8FD0F11F7FEFEF40F21
:100390001013F9F1F2EE0B15E1F60CFA111C04F250
:1003A0002204F805FDFBF4F5F3E705F710F9FE115B
:1003B00002150E1BF426D811F0FF0C09FC3915FAB2
:1003C000E2FB1BFA01030BE8DF16DFFE14F6FE2E3C
:1003D00005022116FFD5EBECF507F409FFED2D1A08
:1003E000FF050BF1FAF716F6F134220C10F9D1DE05
:1003F000FAF604FCEAC40EFBE50AE106F9E4201A69
:100400007F37F4F7EFF31EDDF3462F09FF00EAD044
:10041000F712F5F2CDF21309DC02FE0806C9FFFE61
:100420006E11E4E2F2FAF8F3FF100B191709F10468
:1004300004180216EA050A1DFFF9F8110EF002FC75
:1004400014F909F705FBF3F5EAF5ECFA06EDEDD042
:100450000A22040B0D23DE1004F116E9E64105FA29
:1004600018ED07E611EE21F8E6120DF0FA01E3CFE0
:10047000000C08EAE6FB02F8E404FEFEED010600CB
:100480001919F8DFFDEEFEE3DD48352FEFF8DDBC8E
:10049000F8F1E1EBE0DA03F2F404E3E404C818074E
:1004A0005F13DCC703E508F8EC44FC3BE7EDEAF03A
:1004B000E6E8EC0DF3F201FC09DFE5E608A2E3E271
:1004C000170BF9D305E5FEF3061AF00CF7ECFA2545
:1004D000C414060709D9F0FC0209EBFBF4CCE1DBFC
:1004E000EE0214E100EAF1E9CE21192900E0DFA3D0
:1004F000F501DF00DEF40306020EEBD6D709FF217B
:10050000151316E80BF8030ADFF922230411F3C6CA
:10051000F0E90900E204110F05E5ECFC00F9E8251B
:1005200012F407C10906FFD2D7FB23FD0E02FB0E12
:10053000F5FC151C1A0CFE0411DAE9F4F513EEFFB4
:10054000F7F5E9020003DD01DFFEF70FD20F0230FD
:100550000C0605132013F5ED1904EBF20911E5FB68
:10056000F518FC04F00B0218FC18FD03F703193D05
:100570000C212AF308F2FAF90A0B09ECF7EEFCF861
:10058000F836170CF8F0E9FAE01F04E2DAF5DA03BE
:10059000EBF0061800001402EFF3CC000202F2EDBB
:1005A000FAE300F3FBF01D10F5F6F7F0D8F5F011C3
:1005B00000F913F101110EE9DDFCC8FA093CEEE681
:1005C000E0E5F20AFCFA0201FCE113F9FEFA071C6D
:1005D000391310F9161F0BF115EB03091C4CD80841
:1005E000D4EADB15001AECEA01EF35F106ED1D1532
:1005F0001F0F020604EB08F9E7ED06FD1510EE03E8
:10060000F3EBE5E8132B04F303EC17FB15F208FEFC
:1006100010F4EDF500E812EEE9F9FBF21419EC0123
:10062000150101F1070214F1DC1FF3E3F215D8F60E
:10063000DE0CF0E907E607FFE800D5021121F9F624
:100640000B0607120AE6EF09E110EDD1E10BE6FE19
:10065000F80DE7EFF8F813E8DDF0F8F60110E5EF34
:10066000FC0E011800EBD2F5E2E305E1F9250A21C1
:100670000BFDF60AE52204EF01E9F4EAFC37F2F497
:1006800017F2EEF0FEFECD03E3E31EF2F4F0001DE0
:10069000FDFEF8F0FA1D0505EFEDEDF9F81FF2F398
:1006A00028EBEDDF0414EE0BEE1E12EE0CF3000946
:1006B00008F2E3E7F2F123F0E1E9EEFE0E0CF7EECB
:1006C0001FEEFC0A001518F0DA10D3E2CFEDF0DDD2
:1006D000DC10FEFDFDE4E903E5F9F7F5F10E063661
:1006E000FE0F270307E2EFF1D818E9E4D4E4EEECBB
:1006F000DE11EBFDF0E4E3FCE606FAD8EE0CE318BD
:10070000FB0F2F2100E1CBDFCB1FEFE4E6F7090061
:10071000EF04EB12D215EAFE000B08E3EF15E22519
:10072000FB143836FEEDF2F6D305FEE3E0ED1017CC
:10073000EADDE3FFFA1FFBFD02FAF5E8E027F51911
:100740001D2B2E04FA170C18DE270F090FFA000EC6
:1007500002F3E9F6061F0501F9FBE4FAEAE904FAF7
:100760002A1C050DF4E2FCEEE335DCFEDE00E8E1D8
:10077000DC1BF80BEFEFEE17EFDCEBE9F41AFBF9FB
:1007800015121CF507D0E9EBE433F1F4DC03E8FBC8
:10079000E41B05FDFAFDEC09F7FAF3E0E9F9E818C6
:1007A000032522EF04D1E8E8DE1CE409DA11F40A9B
:1007B000E60906E8E510DF070E09FE0CF3F1DE1886
:1007C0002A1828EE09DB02EBF51FF209DEF8F01615
:1007D000DC0703EFFC0CF8F6F8F9F70A080AFB0E41
:1007E00015281CFF01E412F601FB0E28FB07F21B83
:1007F000DB0B06FEFBF2FE08FDE904F4FA0DD70D53
:100800001C00EDFAEEDFEDE8E547F517D510F7E44B
:10081000CA21EF1AF5F6EB0001F2EC08F2ECDC323B
:1008200031001FFF03EA1406EB1AE812CF0BF3FCAA
:10083000CBFAFB0DEB13F9F1FEE7EBEDEFEBE63E48
:100840001AF628E0FACF17EADE10F119DD15F90BD8
:10085000E8FDF6FCE63DF0F8EDEE0D0DF3E8DD3BCE
:10086000152835E7FBCA00FCF9F2E127EEFDF3128B
:1008700003170CF0F71F0C16E70602040AF5E03226
:1008800035362ACFF9D91AF4FE06F831F2FAF814FF
:10089000FF1C1FF70B020537FC140B01FFCEE847C6
:1008A000032404C9FAF7F9E80B17001918F0BD0280
:1008B000E5FE03C615DF061CD1E6FEF3EBECEAF815
:1008C00003EDEC1FE0F31004F70A1CD51315D1DF7C
:1008D000D8F20CE50A02F8FADD3608EBF8051CFA46
:1008E0003D2CF0D212091B0AFD0BE4FAE0F7BEF32F
:1008F000E7EB02E4F60E0412F5200EDD051702FB0D
:10090000F4F3EBFF15DAE6FEF614E808FFF6C10390
:1009100013F6EDF3EF2A0A0AE707DB002839F0EEB9
:10092000E8FBE42809E6F8F6ED1BFD0C0DDAD61419
:100930000918E2F30FE80624ECFBE8FBE7F901E114
:10094000FE11E714040AEAE91AF1E90F0705F41C9D
:10095000E3F3DF0AF3EF1E1015ADFC0BFFF4FA0A08
:1009600006DE0C32EF000CEFF6F5DD3A07162AD65C
:10097000D5FD09150F1BD6FE0519FF02FBFF182038
:10098000463C0AE61C0625FAF6F3FE16F8051ADAC6
:10099000DEF4F1DA4246E0ED025305E6EB02100F19
:1009A000061E02091A3CF702F60729ECEB0C0D09AA
:1009B000340CF7EBE8F7FDFB170BEA03015C01F8D9
:1009C000E71CF51F0531F0FCEAFF24EF00F30D25CD
:1009D0001E1DF507E3EC0B0108D7F5F1F2F0EFF976
:1009E000F5E700E704040CFB1E0DECEB15E9EB2228
:1009F000F114C00213F414110DB3EFE5F3FB16EC80
:100A0000E0D60BEEEFFE0306F3EBF930F80617D451
:100A100010F1EDFB010AEAF2F1FFFF12EE0F010BFC
:100A2000000BEB0F12021918D228FE2136FE19B95D
:100A300016DADE0FEE3CF0F7E23AF008F23508EC99
:100A40003858E2FD0B5E07FADE1816EB0FED0AEEE2
:100A500004E9FCF7DA1FF1F0FFFEFE0BF71B16E5C9
:100A60001752D812F849EADEF0FF2CECFAE8FC271E
:100A7000070EEFFAF7F529F30CBCE6FFFF00EBD702
:100A80000EF2F5D9F8FDFAFA0EE8FBEFF5E80916D3
:100A9000F610FF081EF1071615C9F4DEF70FFEE584
:100AA000CFE818F7E70EF918F8020F1E0BF515E35B
:100AB0000CEB15F5160D02FAFBE9FFEDF325DFE26D
:100AC000E5EB07120720F6EBE8040A041413FECB4B
:100AD00031E2F6F20EF4E411F60DE0D4FF1AFA2337
:100AE0001600FDFF0A1C17DBE12BFD0E141011EEA2
:100AF00010FA00EADC05091612FA06F1FFE506060F
:100B000018FCF3E5F31101E4E413F0F7EAF00A0D41
:100B1000FEF8F1E31EE515F710D205EC00EEF30840
:100B2000FD06FD0CFDFFDF0C02F71B07F0EDE50AEB
:100B3000EF0E0EF6E4C114E80AF3EC01F62015FE00
:100B4000D5EA0F0FEE060423F9E51EFD04E20BF5CE
:100B500003F33BE6E8FA06EA12FFFBF7E0231E1276
:100B6000DDEE15F607150808F81013E6D5F7F8EDD1
:100B70001D070DDEEA0F0610E21410E2DCEF29106B
:100B8000ECF206EF061B15E9F6220F1A051209EE24
:100B90000B11F7D809EFFD14060222F30404FB162B
:100BA000050D0ADD00FC0D12EB1FDC0EFBFA060C36
:100BB00005FCEDE722DC11ED1DD6F2F0FEFFFA098F
:100BC00004F8FEF30AF019FCF60A020A15F3FBFF1B
:100BD0000F1C17EBFADCF30B13EC0AF3DCF41A131B
:100BE0000E16F53CFD1AF9071120F4E2E620F52770
:100BF000FD2A01EE1601FAE4FAFD02E7FE01050501
:100C0000010CFF150EE201F12202F9FAD2E81003FD
:100C1000FD0410DA25012302DD1AF9E8DA1319F8C8
:100C2000F30507220EEF04E131E510FA0300151871
:100C3000091505F0FFF3020B09F2FD06DB130A02AA
:100C400001F50A19F8080BE323F704FD0C0A0F233A
:100C5000010203FD0B14EEEE13D00415EA0B04FCA5
:100C6000030112E0F3FC06EB0107D6F7EE09E0F012
:100C7000D6E614E4EEE1EE090EF019EDF0D6FDE44F
:100C8000240B1C0EEFFB00041714F4FFEDF6E00C30
:100C9000F3EA222816FBF0F4F4F802EA000FF50A52
:100CA0002CF416ECFF0CF7F203010027D2EDF90843
:100CB000EAD9201A1DD50B01DF06EEF7EA1B21F554
:100CC000EBE822EFF839050009F918F3F2FC0415F6
:100CD000CBF211E308D900FD0ADB0505F70BF3FDA4
:100CE00002E822EAE9F5EFFB2A01101315080615C0
:100CF000D9F4EFE20D2612F800E80BEBDE18EA1744
:100D0000F3FF1B1CF40C26F2F709D006FC0EFCE6E0
:100D1000ECFCF005C4F0EF27FE0EFA1DF9EBEE0D2A
:100D200021F607F5F9060007F0280E072811040838
:100D3000F8EBD61A05FE0103F7FFCB32FE261708A3
:100D400055F101F002FB0CCF0EF80B2312F32A250C
:100D5000FBE9011501102DD9E002FF27F23C51D12A
:100D6000EFD90F27FE260AF01FE116FF21EB1337FC
:100D7000F6FA0DFE03ED1402FDEB262A13F1071F10
:100D8000EBECFFEBF726F3F72AF9E710F71501096B
:100D9000DDEFFCF90D120112FAF22DF7FADFFE1A5F
:100DA000F43F1B0604D70C06E51409E0F906DDC87C
:100DB000F6320118DE160520EEE8F62BF7FA04F0FD
:100DC000FEF1F4C5FB12E9F1E6F42B1732FF0BCC70
:100DD000F307BFFBEAC4F906F6C9D214F5FA10F41A
:100DE00012E0D9ABEDEE15E5F9F2FB021ADA3107A4
:100DF00007F0EFD4D0035AEBEFE8D323F2140CD36F
:100E0000F9BFF5DFF00B2CEF0EE307090DF00C1E18
:100E1000F1F51109F92813F5FDF0EA321CE1ECF8BF
:100E2000E2F5F0060514F8F6130AF517E70DECFCE9
:100E3000D8F9FE080E17EB21152510EFFCDAFEFDA0
:100E4000E2260B0E00E7F3F9E4FC13F52D05D1D5EE
:100E5000F20C0600D3151E190AFA12FFFB2E04EF3E
:100E6000031DE2FF0903F4E8E8F4562D1BDCFBDE6A
:100E7000F0EACED4D2EF0FF10CDBFAFF070E1AF234
:100E800015F5D5B5D7E010FFEF1B370A16E60D03B1
:100E9000F2DC0FCEE3FD14EC1DCCF9090FF6CED534
:100EA0003CF8EA02DF1844F22CFB10EF1114FE2785
:100EB000FE0841F9051FFDF4F8F315FE1EE2FAF2F3
:100EC000E7F7F5260C25F8E62DDBE8F4E312F9EE5A
:100ED000DE1D1714052CFB140D342FDEEEE8000D7B
:100EE000DE2411251C00E000F002F208F9F8F304FA
:100EF000131CEAFEF0ECECE105E7F5E3070BEF1756
:100F0000EBF00604FCEB0C06EA0AD908FBF3E80652
:100F10000808FFF4190ADF0619CFECF3270BF614C3
:100F200012F60AEEFF03110CE601F31F0CDFF9E5E0
:100F300023F901E8F302EB0911DBEC1206FBDEF208
:100F40000AE1031A0B0B2EFCFC10F31C17EEFDF24A
:100F50002A031C00FE0AD4FFEDEDEA12FA1FEEE2AE
:100F600006FA001E03E9FD13F90BFD03EAEF1BEF80
:100F700007FD0CF5F2F5121022E9EDEAF00D00D6AE
:100F8000F2EF11FDF7E701E3F6F9F203DBEAFCF615
:100F90000005E20BF5D7F5DDFAF3EFE6FCDAE10A3E
:100FA000D4DFF3F8F9EA0608FAEF0F0A060B0E078A
:100FB0001807E8000BE50FF917ED17031805E20D08
:100FC000F3E1F109FC0B1704FAECF223E9F7F2FB69
:100FD00054FB05E0F5EF0DEFDBE5F008EF37E01A25
:100FE000C7D0EE03F815340810E1EC0FE6FAEE1363
:100FF0004D1229DCEE1604FCFB0CECEFFF3DE8FC87
:10100000E2D8F500F4153A0F0C15F90CE72E0A1C7E
:10101000241E44EFF3390823172E02CAF905E5D43C
:10102000F7F2F820F10E08F0F807F80CF1E204E707
:10103000F0F4F809FCFCF5F8FCEFF2E7F410FFF52A
:10104000E615FAFAF6F3F00FFE011F0B03E505FBB8
:101050000403F81CF6EFF3DD0EE6DCE5FBE6F00A30
:10106000F8E70A15F90FF4EEF804F413F9D8FDEADD
:101070002006FE1D00F616F2DADACFFBD5FD050DCF
:10108000E8E613FEF700210BF026C6FFE2E9FD07B4
:1010900054FE04EBFD0C1112F7FEE8E20929E9DD2C
:1010A000F5EF0BE20F22210CF20CE406162BE618EA
:1010B0002D1A18D1FB211E18EAFFFBEA0615EBFBDF
:1010C000DFFFE2F70521160913FFF7061110F0E81C
:1010D000F5E1F50BF3F6FBEEFAFCF6D9FF0C110582
:1010E000120CFAF8F3F6060D0AE41E25F211F1F5DA
:1010F0000CF1F703F0F7EAEF0905E9DB00F7F7F287
:10110000E4FD0D14F5EFF805F92007150814F5ECCA
:10111000F6F0F91C1A02F81EF70DEAE7E1EB04E518
:10112000150A15F101FFED0DE531EBEBF5FE0BFFB7
:101130002102F7EE12F7FA13EE05F5E303EB11E3E4
:101140002A0813F31EFDED14E40EE1F20DF4FC1178
:101150001F1105E11A270CFBDBFB0610FBEFF8F370
:1011600022FCF9E22304EB020F0510021011FEF439
:10117000F7E1010BF6040203F70A07E2FCFA0EF3AB
:10118000F4FBFE0101FB14131BFC0C05FF020AF427
:1011900017EE01F81113E407200D040608DFE5F24D
:1011A00009060605F8F01C0810FA0B0D06F8FEF506
:1011B00001F2011B1C0AEE0C1C06FA09ECFEFC01F4
:1011C0000AFF09FCFFFAEE13F6101FE802EC0AFE14
:1011D000EEF6F710060C0602F8FEF50B100D1608D9
:1011E000F8E112FA17EFEB14ECF510EB02DEFD1943
:1011F000FE00E8DFF3F300E70104F80DFC0BFE004E
:10120000FCEBFD1329F0DDFFE814FBF2F3EEF6DF53
:10121000EDF2EBF2F2EFEAFD18FCFBE8FDE902F972
:101220000B1303FA13F708FEEEF400FF020203ECBF
:10123000EF0E020206F7EC1302F00EED08091E0A8B
:10124000EF0C0D0D08FFF506ECFF16E70FF6FEFAA2
:10125000F113011FFFF3F90CE9EEF1FA0E10031E72
:10126000E1FA0110F605F70BECF50C07FBEEF103C4
:10127000F80BF31EFB04FB0203ED0FE91205FA1253
:10128000E1E6F313F60CF106E1FA0D05E30AE9ECE9
:101290000806EEFA071CFCFDECEBEBF20F30FCF855
:1012A000DFF0060AF41213F90019FD09FAE903EB5D
:1012B00005FF020410ECFB1017090AF6F3D0070C27
:1012C000EEFD0EF403051402F5FA101BF408FDEC14
:1012D000F7010A0911120019FC060DCE09F51110CB
:1012E000C7F90E170A10F601F7E22007050CF7EC14
:1012F000EA03F827FD0C131BF5F20AF113ECF208D0
:10130000D9F300F9032004DEEBFD17050C08EA0110
:10131000F6FEE91FF3ED0B0712D303F107E1DDEF52
:10132000D5CDEE16FC1516F9E0E40803F102EFF74F
:10133000F8F0E8FD170BFD0407DAFDE21613F7E8F5
:1013400025D0FBFFF5FB10051DF801280EDDF7E7A2
:10135000020CEE01F9FDE9FE090302BFFBF01002E9
:10136000D1010313F5ED17E8071E08FBDEF1F1E2EA
:10137000E1FBF6FFE430EF0BF1050EC3F2E904F7F1
:10138000161BF913000CFAE2F9100C00E8FC01EA54
:10139000EFE2F110D33FFB2400E90BE0F320FAFE6B
:1013A000083EF5F8010900EEF9DBFF1AFDE504F946
:1013B00009DEFE0BDC140818FBCAFCEA00FC11F67F
:1013C000E820EBFCFB160D00F0FE211CF6F80C08E3
:1013D00007E905FEF703101E11E7F5E41910F3ED18
:1013E00016D4E403ED0E21181328FA030EF003D5EA
:1013F000200E0AF1F412F80310F70CE0FC060526A3
:101400001D13F60E00E213F4FA4424E1F502F4E7AA
:10141000F31408E8CDEEEA08EAE245E7FBD4FF6200
:101420004C3AE6080004FFF6F03B0EF7D805F6E567
:101430000C04F102E0FE0B1E12E018D1DA06F526CC
:101440000120E01803FB0DF00AF8ED0DE6DB02DCED
:1014500005E10402E40E262007D4F3E1F11E08FAA8
:10146000C8F1E00E06EA2BE909E32411F7D205F6EC
:101470000DE512DBE4F4171909EBE4F2FD3407FE85
:10148000DCE3E21A01071B070D2610F702111DDE2F
:1014900012FA16E9090E1CF11809FBF4E6EE071022
:1014A00013000C03050505F0F91724DD121B0FEAE4
:1014B000F6F6F2E1F7EAFAEFE7FA23FAEBD80F2DA6
:1014C00003F903E4110BF8F9F9E7140FF41712E12B
:1014D000E1F9E301F902F8F115070AE4E1F417096B
:1014E000D4E2F8EF10E51E010DEE2703F20C05D74C
:1014F000F5F6FB010304240214030CE7FA2EF7E7C8
:1015000007E2020D0CEA18F715E53EF707F0FFF9C0
:101510001A0609EB010834010EF015EAF43D32F524
:10152000E2DEFB2210EEFD030CD8EAF4D011D8ED78
:10153000FF1FFCF8F9EFFEE8FBE3F7D6051DE7E037
:101540000D000414F8FDE00C12DE03F4EC030FFFB1
:101550001BF711FFF71505E5E3FAD7CEE41903E908
:10156000C9FC0135FE18EBEB04AF04CAF00A2610E3
:101570000BF51CE0F60FFBE000FDD2E3D83502D7F7
:10158000BCD4F72F0435DBDF13CD0AE1E8002435A6
:1015900016FF0707F227F4EB05F3DAF2E90F1DDB7C
:1015A000D5EEF230022BEEF304FE0903F719223FC9
:1015B00014FD04FFF606F7F201E8F100F93A1E0304
:1015C000E4F0F521081E121413120D2206F4D2FCC9
:1015D000161615053717FD0410080D002004DB0052
:1015E00022F70809F5FCF9141102ECFAE8F0F8DA30
:1015F00013020E06060722F7E501F30AF518FAE3CF
:10160000F4F30AFBF422FDEA18E20FE60C0941DECE
:101610000DF31000F60612F9FCEE01F9E75A10CEB0
:10162000BDC3060D0310F3ED1FCF10EBF9F73E120B
:1016300014F51DF8F715EDF310EE01DAEE38F9C6E2
:10164000EAC1F608FE2DE1CD0DE313F2E9F7182209
:1016500027F10913C329F1E0F1061AE7D705F802CB
:10166000D3D5FA26052FE3E40229051FFA00E50E7B
:10167000F40EFB1D2201F304FBFDF800142AFD22E9
:10168000220C010DF6EF0521072EE2F8EC02F8021C
:10169000E60805FE05191AF7E3FBFEFF0905DFFD65
:1016A00004F311FFFC040BFEFEFA08EEF40A17E344
:1016B00026E9FCF3090607F5F8EEF200FA2FF2D856
:1016C00010D807E2FD140C0805DC0EE1EAE614E987
:1016D0002EEDEEF2EB0418F811CFEDD2E84BF1C687
:1016E000DBD5F3F6F12608EB0CF11FDCEDEB1AF875
:1016F0001DFD0D160048FDF2E60604EFD54619DB88
:10170000E7EFFD0FFA27FCE4F1FBEB10F3E3E9163A
:101710001102150202F60F09EB15F7EA1113150B6A
:10172000F5F9060509F4F10A0009D3F4EFECE61027
:101730000C0D13FF0D0D11FDD805020A09F7F1F983
:101740000EEF11E504120E0DE6FE0CEE07FB020291
:101750000500F8FAE4F42FFBECF1F3FDFEF7E2DB11
:1017600004E20EFAED11F933E8EADAEEEFDAF1E825
:101770000FFCF4FEFDFE180A07DCE4E3FC1DFAC5CD
:10178000E6E1FFE7F50C0114ECF01601FF0503CECE
:101790001F0C030800EA0B21EFE610EAE01D02E14E
:1017A000F2E30EEEFB1BF40CFEFEE8F10FD9E42E83
:1017B0000C0AEE013AE21510F40DEDE4061AFBFDF9
:1017C000190A13F704F4F309FD0BEDFD06D6EC112D
:1017D00010F6F9F313F10301ECFBE71B1DF1EF0425
:1017E000F603160002FD18FCEBFAF00016FA0910D9
:1017F0001005E1FDF40203FE16F3E1220902F307EE
:10180000210A0AF3F3FB0C35DCFDEC11F0D8DC0007
:1018100000F8F7FC0FFEF22821F3E5211124E7FC84
:1018200034F9F809F7041B0AE0080BFDFCFAF2D9B9
:1018300004030C2813EAE62406E700110D32F7052D
:1018400029F801FB09030E2105F7F604F12FCFEB70
:10185000F1E6F121F9F6FAE00DF505FFFEC216EC0E
:10186000E1F307F2FBE8052517F4E5160A22C4F4B4
:1018700007E5F21012E710EDFB01FDF6FBF1E9F0D0
:10188000E5E100F7F6FCF61015FD000B0FFF0DE784
:10189000F1F20CEC0DB00D0114FEF00601F8E8E7D2
:1018A000FBF00417F8091F15F61B1900250917E0AE
:1018B0001F130DEDE2CEFA2927DFF025F603F00322
:1018C00001C9E6F7FC102EFCDC09212D083E022898
:1018D000FD291506E7310826D1180D1A131B03ED53
:1018E00014E613EA0B04FBFF0DD6F51109F5E7E743
:1018F00000F6F61CE829F2DD09F61AF0F5EB190FEF
:1019000008170610F9DA040E17E0F2F8F6F3D8EF2C
:1019100004FBD914FEFB11E2E40201F4F2F307F533
:10192000F20407FEEF05E9080FCEF70A0AD40BDC34
:1019300000E9F9FBE4C7FFF607F6DCFDDBCA09CADC
:10194000E9DF0A02EC050EFFEAE6150604DE15E4FF
:10195000EF06EDE8D1AFE4FA25DDD22FF3C3DDF0D9
:10196000E6BCE5E5071825E0EC2C182B1A07FE1E4F
:10197000050810F7F115DF05F2F01F1F06F5F9F065
:10198000FBC80C1E24ECFDFC1DFAED180103FC0D38
:10199000220713F4F238EF001F2525F61803070C71
:1019A0001436F210FC01F7FB1A031EFBED0F16169E
:1019B000F607F2F903F91EFA0A2B24E30CFAFBF6F8
:1019C0001B230DF5FC15F1FE09D50AF412FC1A01D2
:1019D00003E510E3F3D9131013F7F00A000424B160
:1019E000010D0CF4F91C1E0BD9DD211023F724F195
:1019F0000104FAD7EAC9DE0E1DCEC6321AE9F3E4B5
:101A0000E0E1DECE05121A07E4F63C2B37F809199F
:101A100008E309E7F4F7F9FA09D41F1128F3E8DD20
:101A2000FBEBF20506F805F10903E3F400FBFD0EFC
:101A3000F1FB05E70204F5ED1016FF0310F6F311B4
:101A4000F31BF81411EBEEE70AFC1AFFF9FC111076
:101A5000F0FEECEBFEEF0BFB1AFEE7D9F5EDFEF521
:101A6000000006F01716F60C12E1060711F102FD50
:101A700007090AD316DF0B010CD0CDFF02F706D7FA
:101A8000E2E805E20D110319EAD32E1BF7D813E89B
:101A9000040D06F2FAD1F70FFBD5C12210F2F1F4D2
:101AA000D9DED9CF0C0C17F4FFEE192712E81EFD72
:101AB00029FF05FDE8F9050302CF0DED1FF1FFE653
:101AC000EBEDF0DCFC2A0FEBF7FEF503F1021F0B48
:101AD000F5F105FEEA2D12E4060701160FE9E524EB
:101AE000FA0F04ED0E0F05F204FC0601E9050B02E6
:101AF000E7F3F819001507F61AE401FFF5E21411EF
:101B0000FC1F11ED0037F51615FFED0C15F61BFF48
:101B1000FF0804040CF5EBF910CCF2FCFE0EFFF309
:101B2000F20F0CDDF410F01CFFFA1B0302F7FC149B
:101B3000F00C0EFF19FAE909E9D2D61D09F90F02D6
:101B4000ECEFF3E5F50014090826050BF4FB101281
:101B50000021FDFC0C2E0219FDE312E1F72400F038
:101B6000FDEFFD04FD1412F1FA150E1A0EECEE0D48
:101B7000DD07F2FC2EC307F0FDE6E4F6FAE61A1DD7
:101B80001808F6DDEC091E07F90AED2307EAECEC6C
:101B9000CB19FA0114C3E0FDF406E9D3F7BE1A37F6
:101BA0002C0CF3FFF0F3EC30E7211A1509E3EEF00B
:101BB000E40CF9FFFECF03080114FCDB0CF729400D
:101BC00002EF050CF9E81A39E3012F0216E4EC04E0
:101BD000F90910F912ED0BF717FFEDD819080611E6
:101BE000F1D0100CFFE00112F8E701EDE3C6060B9F
:101BF0001004180114EA31F802EAF0FA12EE11F7B3
:101C0000E2CF050A0ED9F0F3F40F16280FF60A13E7
:101C1000F805F6E314C117FFE5F6F506F116F8FF2F
:101C2000031E06F6F2021FFFFF0ACE17E1FBE9FCD6
:101C3000D203FDEEF3C7FBF40609F6E00DD50F1154
:101C4000F1ECF5D7F5DEF10DF3DFF011E9EAEBF099
:101C5000C9F6FFE604D8F7040910E0DDFDE112FB48
:101C6000FFD00FF1F7EAFCFBF3F71BF7ECE5DDF92A
:101C7000DBFC04E001E307FB0D13EAE31113F0DFE3
:101C8000E9D11007FFEEEF00FD0114EEECE8FA04D5
:101C90000D0C0DF41AD61AF7F9F5FEFE1F1208E323
:101CA000E9E40F1902F2EDFB0AC2581717F04304DA
:101CB0001A1AF3FC150008F9DEF10E27E458F7268E
:101CC00003FCFF2AEF2411EA0BD20303FCEF1EFBF7
:101CD00011F80F0511F6FBF3061013FCFF16FD04B7
:101CE000E9CFFC170311F3F1F9F3E903D8DF04E8B6
:101CF000E2050F12F4EBFEFBFEEF09DCFBC30B0A5F
:101D0000BCE214140914F4F0FBFF0005E4E3D7E48B
:101D1000E414F51404E2FEEFF8F71AF10AF2E524F0
:101D200006ED07F30CFEE4FE00030912FCF5F2E5F4
:101D3000FD14FC1B37CC21F11EE225F11D0AFF2901
:101D4000280EF7EE0401ED1F1BFD2AF711E346F8FC
:101D500023E704F206071AEDE3F1E606012601EB9C
:101D60000108120E022307FE1FD90BF70FF437FAF2
:101D700035FE04E4F20616EA02FDFFEC042F17C05C
:101D8000DE040D2C0A1FFA050BFAEEE2E9FB14F44F
:101D90000C041603090A1BF8EBE6160DF30C0BED09
:101DA000E4071907120EF3E7F713F60CE5F4E0F079
:101DB000E910F91B0BF9F001F0EA14FA05C30A2047
:101DC00006100DE806FDEE0AF602F41A0BEFE7E343
:101DD000E603FA1415FD0A1920E9FEF31A0E16039C
:101DE0001807F4E3FDF6131F21F3EBECE8DF14FD15
:101DF00015FCFB1D231903FDE913F0FB011305FC82
:101E00001F1F1D0E1703F4F10E0520EB10FB320A05
:101E10001EFDDFEFF50A07FDEE01040AFA1D1DFCA9
:101E200005100B231114F70F020005E502FF28042B
:101E30001D0EFAEBF90C0F03F4F80611ED01FDF19C
:101E4000140B031C1A0610DE0101FB0803F2DD056A
:101E5000001D0000F9F00DFEF2F20910F7E7EE0B9D
:101E600008F2E7FB0616F3F2F9E7EB2BFBDAECF3EB
:101E7000FC0D0A25060BF60807F7F503FEF611021E
:101E800001F2E62AF5FA090B1224D2D340080DED2F
:101E90001C010EC71714FE2030F55549F9347D2179
:101EA0007D0D5CB859FF0B460F0A0301ECF505EEFA
:101EB000F7FFFCF5FBEDE6F10D050107061001EC5F
:101EC000032300FE080CD7FBEC040603FD00E4F33B
:101ED0000610FCFC01081102FCF6F7F503FEFCF706
:101EE000EBF6EE02FAEE1B050205FBFDFCFEF0111F
:101EF00001EFF3F4FFEE0A0607FCFF0701FC07F809
:101F000000040CFCFBF308EF00EAFE050C1403FAD6
:101F1000040A1004FDF900F1EFFF0E190203F1F5B8
:101F200001FCFEF2FE050CFE05F308FFFC00FA0CB6
:101F3000FDEAEC07030B080606020A07FBFAFA1291
:101F4000FEE90201F4F7FDFE00FDF704F0FDF9E9FA
:101F5000F6F8FFE6FD091EF0F5F3F7F5F20505F7D3
:101F6000F0010AFBEEF21FFAFF0105F90102EF038F
:101F7000080102FDFC03FA0717F6FAFDF7F7DA0E7F
:101F8000FD09F6FD110DFA0C160808FA0909FA0DFB
:101F9000FFF50CFEFCFDFE1102F8F1FEF7F6F7ED81
:101FA00002F506FBFB081C02E90CEDF4DF02F8EF7A
:101FB000FDF1FF17EE091702F712EFE311091506FD
:101FC0000D030D20FC00F90AFEFEF6FBFCFB08FFEA
:101FD000FFF7EC0B0104F601FFFAE8FFFAFE0B062F
:101FE00007F70208FAF8ED0B06F605FB00F212F50A
:101FF0000D0503F90006EB04020CF203F200F6FAF9
:102000000A00EB110313EDFE0D15F6F5FBEEF606D7
:102010001901ED0002F5DCF30BE804F0FDE400012A
:10202000F7FAFDFF06F5ED0305FAF910EAEDF5EC18
:1020300006FEFFF41803E5FEF1EEFEFD05F4F8FCE4
:10204000E9010513E20CFBFCFF0AFF0D02FCF4069C
:10205000FD020D05EEFD020104140D0816FAFD083F
:10206000F4F6E40CF4FB05F4FA0D01EFE0F514F2DC
:10207000F7FAF5FFF8FEF3F6FF1FF415E0FEF2FFA6
:10208000000BFFFFF310F6F8F614FE0103F9EFFF63
:10209000F4FCF2F0ECFFFEFCFD0B1006F4F503007F
:1020A00002FFFEEEEBFC05F70C100715090DFC0214
:1020B0000400EBEFFD02F6E8F60703F103F501017A
:1020C00005F800F90300FD02001FFB070006F3F905
:1020D0000BF1FFF3020DFE0819FAFFF0FD0703EB09
:1020E0000A00F20D110700F90E0AFFFAF8F2FAF0F1
:1020F00004E6F5FBFFF20F0A1AFFE5EA0617F0F215
:10210000FFF4E6EBFDFB01F7F3F7F7F400FAFDFA55
:10211000F7FEF6FDF305FC04FE01FD01FDF306FBF1
:1021200003EEF5FAEDFEF30C04F617F8E90F0AFDDD
:102130001204FB02050A01F00FF20221FBFC05F577
:10214000EDFC060510F2140C06F2E8E3F50110FAB6
:102150000BF8E707F7FA0714EDFDF9ED02F80FF9B0
:10216000FB02F5F5FAFC04F9FFFC0FFEFDFE07F794
:10217000F0FAFCED05FA060C0EFEFDFF1103F5FB6F
:1021800019040FF9080701ED09E01311060408020C
:10219000FB1D1CF70E0EF3FD05F7ECEF04F400FC3D
:1021A000FE0E090509E4F108F80BF0DE08FDFE0457
:1021B00008ECFFF5EDF2FFF2FBFD19F00C0D0E1629
:1021C00006FC01F403F103F2F4FB1704F303EA1332
:1021D00008FDE309F4EBF4EEF1F708FA01FBEB0775
:1021E000FE0103F7F01BF5ED080000FFFEF7E4E742
:1021F000E802F9FBEC01E5F10208F3FFFF03EBFA5B
:10220000F609040FF10CF4F6FAF102000500FEEEF7
:1022100004F8FD0401F7FF10F8140B070CFCDE0BAB
:10222000EBFAF7F4EED9070EF2FFF50404FBEB022C
:10223000F909FBF7141F11EEF2FFFA01FAF2EBF5C0
:10224000FA0308FC051A02EE0013000403F802F674
:10225000FA0D07FD0310F9F509F513F7FAFB02FF74
:10226000FFF8F60D07F7F4FE00180AF90D0D0E132E
:10227000FA00EDF20AEB0FFFF5FD15000117DB0187
:1022800003F7000D0A0D1FE3FDFF09FEF8F5F5FA4F
:10229000FBEF0FEC000B070C060D00F4F8F3FEFD4E
:1022A000FBFFF6FA04060008F8F90AFBFAFEE9FC5F
:1022B000FCF30310FF1005FDF409FBFE0BF00D0FFE
:1022C00007F400FCEEF7F904E7FAFA06EDFB0D0956
:1022D000FFFB0304F91005F8FA030501FA040EFCEC
:1022E0000E0202F60D170703050B03F3FC090CFAA7
:1022F000F9FEF5FD00FA02FE1708FCF3FFF904F7FA
:102300000409F8FDF805F4F2F1F3FF030E01F704F8
:10231000FEF8FE12FBFB0AFCFEF80C1EF61101F69D
:10232000FFF1EF1106FDFC0001F30002F203FCEEE9
:1023300006F4090CF4030D05FAFCF902EF0BF9039E
:10234000F9FE0C00F7150109180D0BFEEE02FDFF5A
:10235000F2F3F202FF00FE13F8FDF706ECF7FBFBC9
:10236000FCF7EFFCFC03FD0E0B030106EC0CF7F091
:10237000F40104FAF90603FB00F2FE14F4FEE3F1A3
:10238000F6060EEF01E904FEFB000305040CEC0168
:1023900006FEFF01F902FEE9000003080001EC114E
:1023A000F0F9F4FE0501FAF106F80305F2F5FE0373
:1023B000FF07FE0DF3040615EEFF09F9F402F4F72A
:1023C000FA010A05F4FB05FFEEF1F313010AEB0134
:1023D000F808FEFBF3F80900EFF5F700060DFC0A1C
:1023E00000ED000FF1FD0FF9F7F8FDFB0205F81104
:1023F000FB01F503F60A08040BFF04F4F6F509FFE8
:1024000002FAFD10020EF102000008FDECF00DFFD3
:10241000F20208040D05020E07E60B02FFF3FB02B1
:10242000F701F7FDFAFE13FEE60008ED0E02F802D2
:10243000F3F0FF02F4F82009E9FD0F13EA0219FC9A
:10244000FFF00A08EE0417080408F7F4F90215FC77
:1024500003F3F3F6F4FEF3EC0B05F808FE0E0DFBA8
:1024600008FEF6F0FCFE07F90CF3FB0A0B120A0655
:102470000CF7F4110F030D07E6F310F812F701083B
:10248000F9FD04060BED0A06FCF60D05F0FE20FE34
:10249000F5FEFC0FE2FB0D11F209FC0AE2F210EF6F
:1024A00000F5F8DBFB09DCFAF80B0312F5FAFFF88C
:1024B00005F600F7F904ECF9FF10FBF8FDF6F9FB5F
:1024C00009FEF1F50208F7EE1007F3FF000AF4F435
:1024D0000D15EC0708EFFAF70F090BF9EFFCF5DE25
:1024E000FB00ED09F1E4F600F30D13F9F6F6FCF844
:1024F00004F9F112120AE5F7F2030714FB01F60AD8
:10250000FDF0FF020EEEFEFDFE05080CF907F70ECA
:1025100001F40207F404FAF9EBFD0F00F2F7F5F508
:1025200003F900FCEAF102F8E70B0F06080204F9D0
:1025300005FEFCF3F3EFFD09F7FB03FBFCFFF7F9E6
:1025400003E3FF00F7060906F3FEFB0A0004F7FDAC
:102550000CEFFDFB02FD0D02FBFAFE07F809050575
:10256000FEF1FA00F7EB090DF3ED0204FEF702F4B9
:1025700004EB0F02F400FEEFFF0BF9021BF010005A
:1025800016EEFEF8EDF0FA17F4EC05E8F1FDF807A9
:10259000FFFAFFE4FA000BECFFF208F8FD0BFCF881
:1025A00002F1F807030812ECFAEF03E7FAF5F1F984
:1025B000F4140300F7E114F5F0F205FBEDF6ECF589
:1025C000F61104EEFCFBF4FAF3F5FCF801E407075E
:1025D000F91001F90203011319F60CF310020B07AD
:1025E00001FE0508F7F900031BFEF5FD02081704BC
:1025F000F9F9FDFB060103FF0C0803F1FE00F901E8
:102600000809121A0A0D01F91102F3FE11EDF9F988
:1026100000FC06FDFBF7F4F307F5FEF505FF0FF4EC
:10262000E807F300FF1804EBFC1B10F7FE05F9F5B3
:10263000EDFAF921020609F10F0BF0FDE60DF9059F
:10264000F1F40DF7F9FF03F60812FEF20000FBFEAD
:102650000F06FC0FEE17FEF71408EBF000F80BE482
:102660000BF802FEF506EEF5FF04F0F9020BF1E6B9
:102670000B03ECFFF20EFAF8FCF003060DFC09095F
:1026800003F2F3F50D0500FC0904F30AFFEDFFFB6F
:10269000FAF4F2E9FFEDFE021326F8EE0BFEF9F470
:1026A0000EF9EEFF060304F4FBEC03080404EAFB56
:1026B000ECFE0AFFFDF903FE09E9030D14FD13EE1C
:1026C000E3F4FCFA07FEEEF802F304030A00FF0F3E
:1026D00005F8FB020E1204FF05040D02FFF5FE14BF
:1026E000100C03FBF0010A03090D03F2120807FFA7
:1026F00008FDEA07E4F90813EDF40203F7FF0D0201
:1027000009F7FCEEED00FAFF00F20510F2E9F2E342
:10271000F4FE11F5FF1C150601FE0501F606110871
:10272000FEF0F500FAFFFEEE060100FBFD05FD01DF
:1027300009F0F4F3F3F9F5F5041A05FBFC01FA02CC
:102740000D02EBF7F4F9E8E6051CF8F10AE9F908DF
:102750001423FCF4EDF0EBF0FCF9F00A0909E800B1
:10276000FC08FFFB010F08E6E9000201EF03071078
:10277000F201F7F9F6EA08FCFAEEF2F9ED03F604D5
:102780000DFCFEFEF6E8FFEE03F0F902FE07F40191
:10279000FDE0FA0201E1FAE8FE0FF3FA0BFA090292
:1027A0001A0E0109EFEAF5F005FA04030F200011F3
:1027B0000200032005F8F00DFFF30700F8F4EEFE29
:1027C000EAF508F5FBEFFE07F7EAFCF6FAF8FC017C
:1027D000080419FA0DFDF801F6E7FBFBF6F3FE130A
:1027E000F5F90A09F3EDFC0401FA0501F8F908040A
:1027F000F502030EFDF1EE0EFAFC18F5FC01F3F8FC
:10280000F90D02021E01EE20EEF1180605FEE802A7
:10281000EBFF08E9FD15FBFBF8F707F7F3F4EFF31F
:10282000FE051506050AF4F0FF1D1503F9E104E79E
:10283000FA12F80AF9FEF2ED031A210A00F605F57C
:10284000ECFCF7F20AF0F40615030AF2EC04E30CD0
:10285000F809011DF3FC09F4ECF6FFFA1207F0FF8A
:10286000E70EF601EA0608F6E5F3F8F502FF010DBA
:10287000F1FF0FFB0803F803FD070602FDEE11F15F
:10288000F7EB000012F0EAF7F7F709F0F4EF19F5AB
:10289000F1F70BEB15F2F707F4E8F9FBFE000B1B61
:1028A000F4001911020817FA0D00F608F403E70AFC
:1028B0000C02E305FAEE1006F702FF11F7FF000E17
:1028C000FEFFFEF600F0EDF10612F41305F62BFF05
:1028D0000406F8FA12F506F4060511DEEFFDFAEF2C
:1028E000FC04FF030C05290AF0F0F108FAF8E506EC
:1028F000F2F2F5F3F6160B0204FBF9FEF5F6ED0025
:102900000EF8F6FFFFF90A06ECF5F80DFEEF02F5FA
:10291000F8040105F6EE03F7FFF6F3FC0F020B08CF
:10292000F50400EF130003EE10F601F2FBFDF607CD
:10293000F500F705FCFF1004FEE80609EEEAFBF7D8
:1029400001F7FDF2F9FDF01225F90100FDFCFF028F
:102950000CF9FDF504010BF7FF1005180A06FB0141
:10296000FF06F6F5F9FF06030CFF0205EFFF060D63
:1029700008FCF5E800FE0001100A1106FAFC08FF49
:1029800010F8F6FAFBF70E01EAF30601F5EE010482
:102990000AFF00FFE7FCFAF8FE05FE140901EE1637
:1029A000F7F80BE7010505F40705F10FFC0F01032C
:1029B00000EF01EBF5FC0406FC04FEF4EEFDF7036A
:1029C000F6E9F8F2FFF20EF904F9FC04EDF2F3F780
:1029D000FE0001FEF5FB08010FFAFEFFF3F4F7120B
:1029E000FEF8FF00080CFCF8E9F80006FCF8FC20F3
:1029F000E4FD01F706E8F8F50C16070106FC010BEB
:102A000003FAFAEA0E010EFD0106F5FFF8F7FF00E2
:102A1000FEF2F3F909FC09F10C0DEA06FFEBFEE703
:102A200009F9F3F5100904140CF8E70C00FAF40E98
:102A3000060109FC0104FDFEEBF90DFFF30305FFA0
:102A4000F502F0F1FADD03F5000B2FFFF30307F1B8
:102A5000FEFFF7E706F4F6F1FA0613FFFCF107F3C1
:102A600000FC0201040FE8E91216FD0008FF05ED65
:102A700016010F080C0AFFFBFB0EE112F80AEDEF3E
:102A80000102FD17FAF807FDFDFE01F2F00CFDF260
:102A90000000F91BFAF1F80DFFE92FEDF10D03FB32
:102AA00004FCFE0309DEFE0107EA14F200FE1AFB35
:102AB000EFFCFBFBF90AF0E40DF908F3F40B00015D
:102AC000F2F30414F70203F2FBFCF601FB20E60C20
:102AD000F3F7E906FFF605FEFC03E7FBFEFAFB1140
:102AE0001700FA16F71DF807F2FBF701F8F31C01BF
:102AF00006FB06FFFAEC0FFCFEFBE7FAEDF21FF611
:102B0000EF04FAF90CFEF8F9FBF9F4F3F705010408
:102B1000FCF3110602FF0303E90CF813FBF9F711AC
:102B2000F8FCFE03FFF3E219EFE70901FF02E106FB
:102B3000FBEBF10201F50414F6EF05FDFE06030CB4
:102B400000F50D0C00F7FFF30B00FEEF0500F10898
:102B500005FAFBFD04070D0F05F600F2F6F9F7F78D
:102B600007FCF1F50CF9FE0DE4F9F2FEF810F7FDA3
:102B7000F810FC0E01F401F601F9F0F90007E70D79
:102B800005EFF6FEF51B030BFEFE020A04F5F7FA4D
:102B900003EE160FFCFEF7F9FE01FBF1FD0BEC0254
:102BA00006FE04FA0401FE0DF702FBF3060100FD28
:102BB000100CF3000AEE06F4F20006121EFDEDF012
:102BC0000015F1FFFCFC08F61205FEECFAF808F817
:102BD0001500F0ED0611FCEA18F304F804E50E0800
:102BE00005F500F604011510010006E9FBF6E7EF14
:102BF00010F40FF509FE1D0D031502DEFFF501F2BD
:102C00000DFFEDF9FDF7F2F2FB1116E8110CF4E9F6
:102C100000FDF8FDFD05F7E8F007ED05F905FEF507
:102C2000F801F611120406FA0709F414F6EE06FE8E
:102C30000400F1FE000F06F8EC06FCFDF9FBF600BF
:102C4000FCEDF6EA04FE1407FCF1FEF9FF060801AC
:102C5000F1F8EFF7F7FF04FD07F708F9F502F7FCC5
:102C6000FBEF040FFE18150AFFFEF30907FCE8E767
:102C7000EF060C15060DEE0801FAF708E6F2F7E488
:102C800006161304FA0DEF05F50CF9EBFEEBFBF954
:102C900015FDEFF5F301F102FAEAFFF8F9FF08FA82
:102CA0000EFDEFFEF61209FAF1F103FBEF0103F658
:102CB0000AF9FC1BFFFF1610040409F3FD0307FAD1
:102CC000F3D5000315F6FDFE0D02F5F402F5EDF463
:102CD000FBF6EE0F0BFAF6F9FCEF080EFCFCF0F633
:102CE000E6EDF5F7F80F0BF5FBEDFC0904080A0813
:102CF0000EF6041002110DF3FE02120C0106030A77
:102D00001204F208FE0D05FDF7EC25F0ED1202F1BC
:102D1000EB05FFF703F4F5FE10FE01F4FAFDFDE507
:102D2000F6F01016F31610EFF8E9FF07F109FA05AF
:102D3000EAFA0F03F9FF1A09FDFAFB080408F5FB8C
:102D400002F207070FFA130E09FB080900020BFC39
:102D50000FF8FC04FCFCF8FBFBFCECF7FBD8D8EC10
:102D6000FD3CF0E8FDE7E9ECFC04F6FBFF02EFEECA
:102D7000ED2319E00414FAE7E7F602FE0202010867
:102D8000E7FF0CFAF10BF9EEFB0B0AF613F807F369
:102D9000FAF3FFF80100E9010505030806FA01F955
:102DA0000FF9F801FFFEF7FEFA00E7FCF9F3FDFC6E
:102DB000F344E1FAF9E5F607EE0CFF0CF510F41414
:102DC000F9FCF7070EF2F603F6F7040FEA03FEFF2D
:102DD000E7E60008F4EDF101070C03EB09FD03063B
:102DE000F0F5FFF800FCFE01FE0901FEF806F4F420
:102DF000FCF90006F607FA0502060FFAFEF9F8F9E3
:102E0000E605E9020BE7F105E608F8F60503041606
:102E1000F9E200100AF005F9F3F8F8FEF911090ECD
:102E200002E406FE0010080905F603F90109FE0E8A
:102E30001CF5FEFA071306F908FE0E09F205FAF86A
:102E400016F40501FC060E040301120AFAF8E8FB69
:102E5000FEFCFBF1FCFBFFF9F2F50F0702FEF902A5
:102E6000FD0D03F4F5FF0AF7E4020CEEFDF400FC9F
:102E7000EFFAFB0E02F0FFEDF902F0F806FC0EF897
:102E8000F9F1FA0524F801EC0B0501FE09FFFB0638
:102E9000EBFFF90910FB0D0101F2EF0917F60EFA2D
:102EA000FCF3F7F0EBF30FEBFDED031908F209016A
:102EB000F7F40308FDF817FBF3F0F5FAF2F1F60C5E
:102EC000F3FDF613F7EEF5F7F8F9F7F4FDF6FEEA81
:102ED000FA0403F603FCFFE906FEF90EFA0E0AEF08
:102EE000F3F3F3F9F5FCFAFB08F41AEA00F709F634
:102EF000E5F3FC03000BF5FF190018FEFBED1B0DBD
:102F0000F1F5012605FD08F805F202EDFA00F827B3
:102F1000F6F30B0213F51AEEF40004ECFCF6F0F6EF
:102F2000EF09FAFDF9FFFCED00FF0F04090805FEAB
:102F3000FEF4FDF7F2FCFC00F7FD04F9ECFB0C05D8
:102F4000F30AFD080218F8F6FA06EC0BF1F7150182
:102F5000E51BFFF4EF0AFFF6FC10F9090216FD016C
:102F6000120A1804FFF8010FF9F7F3FC010AF8F848
:102F7000FD0C03F701FDF50D000F0203FA0002FF3F
:102F80000B160DF3E715FFF90D03F707F105E3FC49
:102F9000DBF9EEFE0BFE110FF30AEE04EEF8FA0B6E
:102FA000FFFEEF020AFAEB02F50111FCF4F4FC0556
:102FB00010F71204010806F9FAF9060704FFFF02E8
:102FC0000106140AE602FBFD1DFC0C070B051107A8
:102FD00000F7F30200F5F6F0F1FF09FB0D03100115
:102FE0000DFFFF080A04F4F3060509F5F208FD0CCD
:102FF0000902F40803FEF7F4F5FEF712EA0BF605F2
:103000000104F6EC08FFF301F6FCF9FAF404FBF412
:103010000CF3E715F6F109FB14FE0EEDF707F4FECD
:10302000F6FBD90D02FEF007F1F5FAFC0300F1F909
:10303000F9F6F5EEFBF7EBF40205F7060BF8F705EA
:10304000F503FCF60006EB05081304EE1BE7FA0F88
:10305000FCEFE9F2F9FCF60DF10406FB01EEF8F9DC
:1030600002F6FF060AFFFAEA030205F0F5FC00018A
:10307000F6FD17F2FA07E20314F10310EA05F0F97E
:10308000F8070903ECF8F20404FCF116FFF5FB065F
:10309000FB04090C0C07F3160005FD110B06F2FBEF
:1030A00000FDF4F30103181208ED0DF80201ECF530
:1030B000FF1A1AF0060105F8F9FE0111EFDF0810FA
:1030C000E21059E80D08F0FD08100E0FE8F203F0C9
:1030D000F704FA09FF0901F303FCFB14F70510F7E5
:1030E000F600FF100505FBEDF8FCF80B070E27F7BF
:1030F0000EF3F2FB0CFF0DFB02F006F6F217EF01E8
:1031000003FEEEF3F8EC12FEED10FF05F4000018DC
:10311000EDE60B00F408FDF3F70008F3030A0FFDDA
:103120000C02FDFE1303F70F0204FCFD0204F5047C
:10313000FE01FBFB07FAFF04FFFEF8F6F2FA01F8C6
:103140000BF6F7EF01FDF0F8000F04F30406E908B1
:103150000309EDFAFA01F701F50B04F9FDFDFA0692
:10316000F212FAFF00FDFC0404FAF40806EF00F87E
:10317000FBFDFEF1FAF80804FCEC06FB050000F18B
:10318000FAFFF6F9F4F60FF9E9DCFBF71313FBF29B
:10319000F3F515F1EBEBF0060500F6020B10FCF071
:1031A000F5FF06FBF6FEF1F512020501FD05FFFA3B
:1031B000020900EF07F006F0F1061402FEEFFE0C24
:1031C000F7010BE4FC04F507F8FCFE01FEF9010B26
:1031D0000400FC01F2FD0D04F7E911F6FBE901041E
:1031E000F8030200FE09100114F408F5FE01FD06C3
:1031F000F8F80CF304FB050403F607FCFE0A0C0ABE
:10320000FC0022F911070F00F71000F8F4FEFAF99C
:10321000F917F8E7ED0FDFFB030604F701F5FBFAFA
:10322000FE0BF8FCE10B00F0FF1EF9F6F7EAF1F7F0
:1032300001FEFB1EE90D01020F05FF04EFF5020779
:10324000F70AFE02FBF7F5EFFEFFFE0EFEF9FAFCB1
:10325000F40310FFFF02FFEF09E804F4EA01FBE4C6
:10326000E312F409F507E703FFE4FDF3F9F401EADB
:10327000F5F9F101E80DF7ED0D14EEF301EAF7EAC7
:10328000FCE0EA2DF70EFAFDFB1FFCF3F4E8FFFA71
:103290000900F5F7FF07FEFDFB0FFFF8F3F0FD0057
:1032A000FDFAFBFAF8F8F3F71FF80BF8F005F5FC58
:1032B000071C170D101AEA0B06F3FFFB06F8FEF1C8
:1032C000F9F8100AFC04E8030FE907F716FB0700FA
:1032D00012E8F40CFC07FC0401E903F4FBFA00FF1C
:1032E0001FF00A00070B13EEFC000AFCEDFEEE06D1
:1032F000071003F7FB0A0300F6120208F6F3F1FACF
:10330000FE01080600FEFDF61706FBFEFF02170091
:1033100002F1F7FDFB0AEC04FCEB05EF2211F6FECF
:10332000FB02FA06FD02F7F701F2F9EBF9F7FA04EE
:10333000F1FA0AF60A070BE6F4F609E804EC0A07C4
:10334000070D1808FD11F20BFE01ED09F0F8FAF770
:10335000F6F8FCFFF8FE08FD0C1A0207FBF5FDF479
:10336000FAFEF209FCFF04FF01FE00FD0BF7E40684
:10337000F6FFEC03FA000AF7E9ECF502F5F4FBF5C9
:10338000E60311E2FEFD090DE9F804F7F8F5FF0286
:10339000F40010F40001F4F1F3F3E40E09EDF00091
:1033A000FBF402F9FFF9050D1B070914E5EAF9F929
:1033B000E9EF01FE0905FA091E1DF613EC0BEDF706
:1033C000FCECEF1BFB140404FB0DEF13E2FDE9FE24
:1033D0000D01FA03F1E305F3EE1E1522F100F428C6
:1033E0000C01F3F5FCECF800F8F502F8FCF60AFE27
:1033F000FAF203F700FBFC00ECE3F40600FF0AFC22
:10340000F6F016F20303FC130B00F322F201FCF9B1
:10341000F1EEF804F90C12130205FA0B00FBF3F2BB
:10342000FAFFFCFAF9F70301FC17FA1506FF020A86
:10343000FF07F70306FDF60D1DFF0AF4080DF10264
:10344000010F01FDF8F4ECF1EDF508F7F713FA03BD
:10345000FCEBF308F4FBF7FAF9F90F11F30AFCF8A7
:10346000EAF80A08F90D14100B0201F605FBF3F255
:10347000FBF7FDFBF10807050C0B06FBFD000A043A
:10348000F2060303F908F9F7EDF3F3FCFCF9FC018C
:10349000F5F803160BFCFD1AE3EE03F9020E050224
:1034A000040906FA030304F21B15F30402060AFDDD
:1034B0001609FBF012FFEEEF1604F205140AF6FFF0
:1034C0001BF6EE0705F90802FD06F9FBFD0A03F6F7
:1034D000F30C05FDFF030706F9F5F70004F8F0FE0D
:1034E00005F1E2FE00F20202F0E90503FDF8E5F362
:1034F000F5F5F8FAF2E106F40B00180DFEFEF9E915
:10350000E90903F0ECF5E1F7160008FB06EDF2FE21
:1035100007FCF3F8F1F9F4EF1CF8F8FCF8F6F1F514
:10352000FD0414EEFCF501F7F5E100F50B1C08FBBA
:10353000FB010F0704FE1513EEEA0809FE0E0BFF50
:1035400005F90701FEF618F4FDED0B15FF0F1BF949
:10355000EC01F1FAF3F6FEF31201FBF902FB00EFC6
:103560000809F80C01F8FBF308FE0203FA0204F460
:10357000F4FF0707FE0509030EF7F404F4F0010A4F
:10358000FD0AEBF7F805060201F60202FE0CEC025A
:1035900006F9000EF9FC0DF302F6050EFFFA08F429
:1035A000EAF5F4F1FBEFF2F81209EB01F7FDF3EFA6
:1035B000FDF404EF050513F40201FFFEF903F00426
:1035C00003F8FC15010610E40700EE11EFFEFE0003
:1035D000F60511F0F710F7FFFDFBFC0503130510CE
:1035E0000BF611F808FB05FCFFF20CEC1B02FA00CD
:1035F000EC000F05FCE4EE010A02FBF409F3FDF414
:10360000F10919F004FDFCF4FDE9FEF403FE1008D5
:10361000F900FB080EF90DEBFEEA05FB00F5F1F9E8
:103620000EE21906011904F103F9F7FB0FF40AFF82
:1036300006F709FE110704E8020BF5E90404F8F2A5
:10364000F323F9F1F4FA03E9070DFCFD0FFFF7F995
:10365000FD13F4F304F7FFEE05EC06FF0403FC0092
:1036600000E5F006FDFCF90002ED10FFFE05FBF998
:103670000DF1070AE410011109FCFA04F9FA0BEE46
:10368000EEF30D0AF017F504020BE8F805F00F034E
:10369000EA02F7F6EEF0E800001107F408FA080E67
:1036A000F90F0EEE0CEDFBFC04F70FF1040EF9110F
:1036B00001FC0B0F08F509F4F80D01F309080303E9
:1036C000FDE7EB05030D100403F01CF5F50502DB27
:1036D000F3FEFF2AF01C06F5F9FFFBFEF6F11502DA
:1036E00006FCFCF9E7ECD709EEF71607F600FE0F2B
:1036F000EEF827F813E711FCFBFA0506F409FEE4DF
:10370000F5EF0B08FEF300F100F307FA0A040907CE
:1037100000F906EC01EE020902ECFDF4F00EF4F003
:10372000FA15F9F51AF010FFF600E8F9F5EFE5FAE9
:1037300003EBF1EBFCEADEFFE5EFF3020003F8F543
:1037400008070B0809FB03E60DFD091CF3080FF140
:1037500000F2ED00050B0FFD08F3F7FBF9F5F50698
:10376000F90302FC05EE0D071101F0FCFC05EEE586
:1037700010130909090702000904E3F104F5F2082E
:103780000109E8FEFADFDE0BF806FF0316F5F31C6D
:10379000000BED10040105E7F80E0E02F70606FE19
:1037A00004F702FA051B06FD0401F80EF8FDEFF61A
:1037B000F3FCFAF2F508ECFCFB1DF321FDE6FDF845
:1037C000F2F6E80CEDF8010C011A1002EB130400FC
:1037D00006F9FBFE02030507F6E908E9FDF4FD051D
:1037E000FA0306FC100501ECF3F1E50EFDFFFAFC0F
:1037F000011915FBFEFAFD001308001104E6F3F7AA
:10380000F508FEF9F4FEF109060FFC1705F612FAA9
:1038100002F6F9FF03F7FB020904FDE8F7EF0E0DCE
:1038200017F10503F8FBFEFFF6E7EFEE0EEBEF07EF
:10383000FDFA09FAF702FBFCF3F3F5FDFAF7FD01D7
:1038400012020004FDF1F403FA01060604ED10FE75
:10385000FC1A07EC1AECF324FCF70805F70D09260F
:10386000FBFF11EB09FA00FC07EB09FBF7F9FA1F64
:10387000FA0210FEFFF1E3041208F8020A00F10553
:10388000EEF4F9E8F5E800F3020A0807FEFA020B85
:103890000DFF00F5F5F8F8EFF4EF28FEF0ECFD1061
:1038A000EBF0F4FD0BF5ECF801FBF8E7E50B08ECA9
:1038B000FCEF0813F2FF09FB07F3FB07F802F7F62A
:1038C000ED12FF1FF0FBF80B1006EAFE0FF2F605F3
:1038D000F9F9F3FEFBFD0CF50F11ED09090CE507F5
:1038E000FDF1ECEEF4F9F4EEE3EBFCEBF7F3FD1A8B
:1038F000F4FA00032204FCFCF4F7F802DE01F2E61D
:103900000D010F12091119E9F8EFFB030309F5EE98
:1039100001060202FF0203F30007090E08FC080576
:10392000F6FBFCFF0909130512090E11000313F63B
:10393000F9F0EAF1FEF8080AF0F602F0E9F6E4061A
:1039400000EEF10503040C01040204F3F200F9FF98
:1039500003F1F302F5F7F90105FD00F40FFEF60E91
:10396000FDEBFE11FDF301EA02040E01FF19F6EC76
:10397000012303F502FE02FCEFEEFA20F5F7F3F364
:10398000FE1802F9FF050FFFF6F1EEEFF013F00756
:1039900013F5F307090107FE010611F2F70FF3050E
:1039A0001402FAFFF9F7E4F300FE0AEF0104F40F42
:1039B00010F00DFAF704FC0406F9FDFD0003EDFF1D
:1039C00013F9100400FC0F01F003090DFDF5ED00E3
:1039D00001F112F1F70003EA080DE8FCF6F80A1904
:1039E000FE09F5031609F7FF100907F901F90BEFB6
:1039F000F2F2F4F1FEFFED00EF07F7E91D04F70026
:103A000004F1E3000AEFFE09F403F4F70722FF18BC
:103A10001EECFF1102EE09F5F2020B09080C06FD7F
:103A200000E4FBF0F3FD01EDFB0FF8FCECF80713ED
:103A30000BFB0B0509F9F0EB0BECF5F7E3FE0CF8CB
:103A4000EF0600FFF703E9F8EDEFF0040A0716F3BD
:103A5000E6FDF3F0F5FAED10FC0205030A08030099
:103A6000FEECF20403EBFA0B05F30803F7F711FD84
:103A7000FFFBEAFDF6FD01FFF8FD00030702FF145E
:103A8000FAF20BF20306F8FBF9F604F2F6FCFCEE90
:103A900010F90307F8FEFEE907F2F40B01FAFA0148
:103AA0000B0D05FC06FCF8F80CF70104ECEB020F1B
:103AB000FA17090207FBFA0E110801F6F7EA030DDF
:103AC000FD09FDF90AFCFF08F9E01DF3EC0200FC1A
:103AD000FE04F110091306F7EF0424F504111DF696
:103AE000E8FC18061304ED0BFC00ECEFF6F203EF14
:103AF000FBFF06FB16F508FBFCEEF3F4FC12F3F2F9
:103B0000F7FA0F0107F819F6F6010507FDFEE8FEC2
:103B1000FA08071000F5050CEEDFDE01F3F50313DC
:103B200006FCF30BFBFA0CFBF3FBF70D040818F88B
:103B3000EFF101F3EFFAED09F4FDF3FF04E80604F9
:103B4000FB0102FEDE04EEFDF2F9F207EDFAFDFAEA
:103B5000FE0C08F1F203FF01FEFD0C0CFAE7ECFC91
:103B6000FC0AF9EBECFEF2150EFDE305F5EEEE05B1
:103B700004FC0DEDECEE30FB0309F51700E9F2EA69
:103B800003E204E8EBF001010B02FC0A05EBE7128B
:103B90000EE5FDF5FCEC0AF61304FB1104FE160B12
:103BA00000FBFCF7F8FC16011D001712FEF900F5EA
:103BB000F8F40107FA0803F113F9F5EDF5FAE9F263
:103BC00007F1FBE9F9EAFEFC0C0CF7F2FBF4FBF75A
:103BD0000FEEF8F0F7ECF1EEF905F5FDF909FF0845
:103BE000FEEEFCF0040BF8F5F609F4F40EFB05FF0D
:103BF000FF08FA04F3F309FE060FF9FB0304FFFACA
:103C0000F9000501060310F81BF40801FA00F6F8A4
:103C10000A0102F5FE02F7FD06010F02F0F1FFF9BD
:103C200007F208FAF5F1F8F4FAFB0403F307F815C4
:103C300007FC04060F10F2030110F6F602F9070A5A
:103C4000070EFD0D0408F912090D0CFEFBF9FBFE31
:103C5000F7F4080BF200F10604FE0BFEFBFDFCE599
:103C6000FC0EF805EC0906F9FFFF16FFF50DF6E965
:103C7000FF01F507EB0A08F5F8F41802EEF6F40078
:103C8000F7F301EBF0F204FCEFF6F9F7F9FA0706A7
:103C9000FDF800FBF900090C01FC08F9FEFB15001A
:103CA00003FA0FFAF2FA05FD11F60D01FB0B0E05F2
:103CB000F311010B080409FFF6F911FDED0B0604E1
:103CC000F91FF9F30401050CF6E50212E700F3F41D
:103CD000FA0AF6F80AF811FBEBF5F300FF05FB14FE
:103CE000FF0CF8F30001000EF2090001EEFE06FDE4
:103CF000F30712F8071C03120FFFF409F608030C70
:103D0000F6F9FDF402F40DF405FA08F6F404EEFEFB
:103D1000F90303ED07EFF4E90AECED121708E1F1FE
:103D200013F4E502FAEAE9F0FA0DF4F9220BE70FD1
:103D30000FFEFA05F5F5F3F7ED0DFF0C0C06E5FDAA
:103D4000F4F1F918060800F5EB08FAF3F7F9F0F3C7
:103D50000CF203EF0309F309FE02F7EFFA00FBF0A0
:103D600009FD0EFC0903ECF911FAEA0DFEFAF7F869
:103D700015F6F6FD10F6F3020208F5F900F5F2FE6D
:103D80000DFDF9020EEAF1040105030602F9F6FC45
:103D9000FBF0F00BFAFBF6E801F20809E909F6F48A
:103DA000F90003F8020D0AF404EDFF12F809FBFB19
:103DB000FF020519091108F50FFC0003000DFFFFB4
:103DC000F4F0F5F611FE050B000CF5F6FC0C000BFB
:103DD00005FFF50909F101F5010500F1000E0204E6
:103DE000FFF9F91D08F10A00F20308F90CFDE803D8
:103DF0000A00EBEBF3EFDFE21612FAF90DE3DFF561
:103E000003FAEFF3F4EEE3E9210DFCF01F11F408DF
:103E10001F0FF7FD0CEFEBED04F60603FD14100A7F
:103E2000FC05050E04F706F2F6FB0405E3F9FDFEBA
:103E3000EFEC01F309F71800F90F01FB17FFF4117C
:103E400009EDF9FFFCEEE5F90209FBF802FFFB12B0
:103E500001E9FFF7FBF605F905F103ECF105F21AAC
:103E6000F9F7F8F5F4F1FFFE09F80CF5EF06F4F8B0
:103E7000F4050C07F0FAFA07FA060C16FD00EFF647
:103E800008F71202060704F8F110FBFE0F0EF70305
:103E90000DFB020FF9F605FCF8FAFEFBF902130C14
:103EA00005F9FA030AF5030FF007FEFFF2FFFC1114
:103EB0000A04ECFE02F3F1F5DFF7F4F3F9070DF273
:103EC000F31003F7FD0CFDFAF606F9090D0B0202DB
:103ED00004F5F8F0F603F812EE00FC0E00FB060104
:103EE00002F0F009F5F60801FDFF1205E9080802E5
:103EF00001EDFC0109FA10FC06FC05F900FA020EBE
:103F00000AFEF80C01E20E0CF9F5F9F8F90804E9DB
:103F1000F101F601F8030802F3081107F90104F7AB
:103F200001F0E9F6000511FEF90D0907FEF9FD0F94
:103F300004E9F0F9FAF0F10E00FA0005F50CF7FECD
:103F4000FCFBF5FDF9F400F402F4040FF919000B81
:103F500007080C170FEE02FC05F009FDF300F9F25B
:103F6000ED1013070507FDFEFB040AFDFDF109F83E
:103F7000F905FCFEFD0805FC00F7FC120BFE06052A
:103F8000F501F82102F401FB04F91813F20FEFFF19
:103F9000F904F1F8FAFCF00C011105FEED00FCF15A
:103FA000F3FF04F7F8F9F21A09FE06FBF0FF04E943
:103FB000F1EAF4F3FEF804F30F0402F5FB0B10F63C
:103FC000F8F3F404F9EB01F80A11FEF7180B0DFCF5
:103FD000F80104FE0B06FC06F5F9F60F06F5EFFAFC
:103FE000010BF4FDFBF10C0CEEF8F6FDE7F0FCED37
:103FF00002F303F8EDFB0C09F3F8FCFFF8FE01F205
:10400000FEF902F2F9ED10F70005F3FC060705FAD8
:1040100003FF0001F2F9FFFAFD1403060AF903F9A0
:104020000B0803F20408FC06F8FCF21205FEF3FD8F
:10403000FBF3FDF6FEFB0CF70202F60AE5FE0CECC4
:10404000FAF703F7F0030F040CFDF4FBEDECFCFEB4
:10405000F7EDFFE5F2F602FA1B0BEC03E8FF02FBBB
:10406000FFF008F1F304FB02F90E0808E7F6F80286
:10407000F3F2030509F91902EDFDF7FDE5F4EEFA97
:10408000F0EEFFF9FDF90806F407F1FFE3F9F6F9A0
:10409000FEFC06E9F6091B0DF4F8FA07E5DBF80F5C
:1040A000FFF60FEDFAFB050AF2FFFC0DF6E2ED2735
:1040B000F4F008ED0BFB09050C080900F1F30F0300
:1040C000FEF90A0FFCF902FD0EFFF7FB04FAEEF20F
:1040D0000306F9FBF802F60113FBE1EF05FD03040B
:1040E000130AF812FF170A0814F5F4F312F5F60A8A
:1040F0000B11010502F707F407ED02021AF304237E
:10410000FF0FFEEC04E7FCFC08EEFBE3F010E9080F
:104110000110F1FE18FFFFFE08E8FDF5F8F5F4FBCD
:104120000300EDF50801EAEB04EE02F9ECE8E01516
:1041300012030802EF0305E7FEF5F308EDFBE404C4
:1041400018FDFFEDF9F6F2F709F6FAE4F0F6F801DA
:10415000030103FE050A02F8F0F0FAF6FE11FB0E69
:10416000ED0A11FAFAF208100FF7F005FFFCF7FD5F
:10417000080005FEFDF6F6010AF2F8EEFFF4F1FE86
:104180001409FA00FEFF03EEF4F5EEFFE50901EF76
:1041900003FA0D04F6F4F6F6000602EEFA0100F357
:1041A000F9070405FE020FF81B05F4F2030504F2FB
:1041B000F20AEC0408021FF608FBFDFFF4FAEFFF19
:1041C000F7080EFF03FC04FF10FBFBFC0AF1F20AE8
:1041D0000B0F0C01FD01EB090F00EA0EFB02FF17AC
:1041E000EF0812F9F407FFF806060C0EF705FB0DB1
:1041F0000C06F80C03F81B01F60FFB02FCF5ECEBC8
:1042000001ED07FDFA08050E0AF7F1FAFAFDEAEEEC
:104210000EFAF008041DF4F2F4EC000305E4F412C5
:10422000F7F201F8F1F5DEF5E9F7F4F30DEFF71A1F
:10423000FAF301F70CFDF0EBF00AF5050EF3F109C6
:10424000FEEEEBF604EBFA06080D141402080EF865
:10425000000D09000701EB0A030AEF02F609F4F664
:104260002012F60BFE09F9F50AFD05FCF210F20327
:10427000F41101FD06FDF8E3050003F9FC0BF3EE74
:10428000F41306FC07EFF1F1051A0DFEFEFF001016
:104290000505F80404FAFF0BFDF5FE08F6F7FF012B
:1042A000F5FEFAF903F2F90313040E07EEF5FBF439
:1042B0000AF8F801100017E60C0DE915F6F3F30201
:1042C00003060301F0EC14F4FB0404FFFA0AF510F2
:1042D00005FEF6FF0FE9F904F3FE12EAEDFBF7061F
:1042E000F604ECFF26FBFB07E8FC0FECF3130115CB
:1042F0000204080601F6F31204120FFFF4F9FBF4AE
:1043000007F9FF010AF6F805030EF7F9FDF501F9C3
:10431000F503ED08FFFA00F607FCFCF3FD03FD03CF
:1043200003F9EE01F8F1FFFCFDF404FBF600FDF8E3
:10433000FB00040BF414FB09EEE106F10C06EB069E
:10434000F5F72109051206F11709E4FF170CFAF633
:104350000AF11316F0FEEB02051DE00B0009FEFE4C
:1043600004F2FF07F706E80F10FFE800FEFBFDFE72
:104370002208030802FAFEFF0CDF08100BFAFEF811
:1043800002F30D020208FBFDF1DEF801FAEFFBE398
:10439000F3F73008F4FC04F903F6F312F2F7FBF339
:1043A000F5FEFAFEFFF3EEF9F202E209EE06070768
:1043B000FAFCFEFFFF0008FEEFF6F9FE020B010417
:1043C0000C0A02FA07F4FBFE03EC0408FF0A0600DD
:1043D000F4F60AEF0C040DE7F3F5FF11EFF60DF517
:1043E000FD00EAFAF2F3EF00FA020E1404EDF8F021
:1043F000FEF8E4EC05F6F90C1B09F8FC00000F07C9
:1044000001F3ECEB01F9FCF8120FF6F5110A08FCC8
:10441000060AFAFDFEED02EF06050802070D04F29A
:10442000FF0A01FA00F61AEE0106EEF8F604EEFBBA
:104430000900F8FB0401FD11F60FF1F8FFFF090177
:10444000F0FCEE0AFCE0FDFCFF05090EFBFDF601A9
:10445000FDF6F203FF02FBF5F9FBF9FCFFFDF60F99
:104460000708070701F413F9FB0A0D090DEBFAFA27
:10447000F1FF0114EBF7EE0109FB0104000FFBF45F
:10448000070405000309F1F6020306080EF103FA1A
:10449000EFF5F118FBF5F1F2FF0101FFFEE9EEFC8B
:1044A000FBFBE911010AECE9F9F9EEE9FF00FD0A6D
:1044B000FD0AFA1C02F807FA0600210001F4FCFBD1
:1044C000F808FA12FD09F60EE906FE0B0607FE06CD
:1044D00008FEEFF5F50C1BF3F7080C06FCF40402DC
:1044E000F2FCFB00EE0311F1FF0A181209FF11069E
:1044F000FFFAF308E60E1BF5FEFFFDEBFEFF0706D5
:10450000ECFBECF2F2F90BF7FCE214FBF9EE0E0116
:10451000FD15ED03100708E7F1EA04F80AEFF107CB
:1045200000F808FDF4F900FBF9F511030EF9F3FCAE
:1045300017F4FEF3F510F8F4FE0C0A0CF9EEFFF395
:1045400014E9FBDDF70CFDE9FFFA0007010DF503A7
:104550000B010DF4E809F4020BE503F90003F60979
:104560000C04F307FEF40F0105EE030DF9FEEFF95D
:10457000F713FEFFF30BEEF00CF4050BF702FCF45F
:104580000E0FF7FCF60DF8F20CF91C01F2F5F9002C
:104590000903EAF7010CF8E6FAEA0813F6FC0C093D
:1045A000FFF30106FFFBFEF80DF001030210FE020F
:1045B000F71104F9F8050BF8FDF4F3FC1D0401E014
:1045C00000ED03F9F102FFF4FFF802EDFA160FF621
:1045D000010DF3F4FE1003F0FCFC0DF2FDFE0904E6
:1045E000FBFAF3FAFBF8FAEA0001FBF2F7FD10031D
:1045F00005F602FC00FAFFEF02090BF1F1F8FBF0FF
:10460000FE00FF170FE90708FFE414F5FEE70FEFC0
:10461000FA0613FAF3F805EDFFE400F5FA020FFECF
:10462000F10A1C0A000504FA0104070B22E5F40252
:10463000F5F1FE0302F1F7E50B13FE0106FDE6F4CA
:104640000105EEFCF901F1F20906F604F9F3F4E6CE
:10465000FA0E0206FDF6EBEDFA09FAFFE6EFEF0CB3
:10466000F20900FBF9F10807F708F91EF705F1FE5A
:10467000060FFD0C020704060A0B071DFFFAEF00E8
:10468000F503F307F701E7F6151702FC0C02F5FC3A
:10469000FFFFF1F40103F5F50DFFFA1102FCF9F843
:1046A000EA00F4F9F7E901F206200C0BE102E80D4B
:1046B000EFE7EEFCF9EB0301EA1FF4FBEB16F5F66E
:1046C00012040703070609F6FEEDEAF5F60D02FBF4
:1046D00008010606F803F6FDF7F7F8F5F5FE010404
:1046E000F9F8FD0BFF0FFAFC0B000006000301FFB9
:1046F000F4F1F9F6FC0703F70B09F7090407FA0CC4
:10470000FFFBF0F9FFF40218FC0B0B01FAFEFD00B1
:104710000F11ED15FE0B0BF710F6F602FC0400036B
:1047200004FAFEFA050409F30802F909EE09F9FF93
:10473000FE01FE09010F09FC0B0606FDF60506F653
:10474000EBE8FAFD010F00FA02FE06FBF206F7F9AC
:10475000EFF2FEFB03EB03FEF6FFF1F2FB00FCF3CE
:10476000F8FBF306F9F708F10EEC0104ECF7EE158F
:10477000110106FEF8FE09EA08F8F2EA04F1EF2951
:1047800006E804F0FAF2FDEFEBF5F71B1100EB1B66
:10479000F4D9FCEDFAE50A02F9F5050602FFF5F792
:1047A00006F803FBF5F50E00F207F2F508F803F43E
:1047B00001FA0408F3F30BF209FFF204F6FEEDFB35
:1047C000080AF80FF50206EF0DF907F2F4F5F10605
:1047D00008FEFDF7090807F30AFB190401F8220097
:1047E000F7FA04E9FEE5EAFCFDEAFA1101FAE9F359
:1047F00004F303EF02EFFB0BF800F7FCFBF2FEEC17
:1048000008EB080601F703EEF40104F7F502E9EC02
:1048100018060208FC01F505F9EEF8FFFC0AF9E7B5
:10482000FA0F0510051503F601EB21FD050A19FA2B
:10483000F60916FCFBFFF30A1406F00A11FE02FE4D
:104840000CF1F10400F7FF031314F8FB0FFA11F059
:1048500008FEF20B04FA03FBFF0DFC0E09F603F849
:10486000FBFCF9020DF106FDF60502000900F30458
:1048700005FCEC080A09F4F1FAF4F1F3F606FF047A
:10488000FFFFF301FFFCF20502041702F810040910
:10489000F7F5F70208F9FAFE0C0F1AFEF9FFFFF61A
:1048A0000AF7110506F6FAFA0F141E14ECFD08FCBF
:1048B000F5F5FBF80BFCF803FB010BF7FBF8F90C23
:1048C000FDFBFD09F5EEFDF600F30FF9F0EEECFA55
:1048D000FE0DFCFDF2EC0FED01ECFFF3FB06F5ED38
:1048E000E90F12F50021FDF9060708FB07ED00F4BA
:1048F000EEFEFBF8000902F8F905EDF1FA07FD13E9
:10490000FFF2EE01F9FD09FEF1F6E506FB131617BD
:1049100008F4F7F8FCF0F6FA15FAF204F8041C01B2
:1049200002F3F5EBF0F0EAEBFAEEEDFCFFF4FBF24C
:10493000F51207E5F000F7FEFB14F6F3F902FEEFBF
:1049400008F9F4EFFAFDFBFBF607F4F2EB16E31CB3
:104950001C0000FBFAF10113FCFBEB07F306000857
:104960000C0AFCF2F8F2F0F61700F501E1F7F8FF97
:10497000FDFCE7F407F4F1F0F413F6F1E814FEF8A7
:10498000EBF1FC06EAEEFEF6091010EC0528060332
:104990001113F405FFF9E2DD05F6F9FEFF01FFE46E
:1049A0000E13F2031C02F2E9000EF7F212F8F8EE11
:1049B000F000FB0C08F808F8002103FBF2F8E0F225
:1049C00000F3F2030104FEF9100B03FEFA05071BC6
:1049D000F8F0EFFCFD0CFB0C04EC05080600EE06FD
:1049E000180F07FEF5F301020DE5032801F2F6EDBD
:1049F000FD131E01041101F40302FF0EFA04F5F782
:104A000000EF0AF8130A0302FBF904010B00F71286
:104A10000FFA0FFA0E080D020D0B050204FBFE043F
:104A200007FEFB0A060C04F8F0F6FAFD0FFA00F098
:104A3000FB03051002F615FCFE0EFC0A08F800FB4D
:104A4000ED090BFCFC0310F8FA12FF06FB000BFB50
:104A5000FCF7FB020AF805EEF20DFB18000205F761
:104A6000FFE9F9FDF4F6F604080C0C07F20BECF67E
:104A70000108F5011304EF0102F5FDF5EDF4DE0286
:104A8000FFF1F7F408FE00F20602FAEAE80FFA0175
:104A9000FEE6FEF4F814F70CFCF001F3F804FB0456
:104AA00011F201F9EC0E100705EF080E02F400FEFA
:104AB000F3F200FDFC01120CFB040804FC1600FDDF
:104AC0000301F803F900FB08FEF4FEF2F2FAF91212
:104AD000FFF7FFE7F3F30E05FAED0BFCF6190C0EEA
:104AE000F90212F50800040601F50800010012F8A9
:104AF00012F5FDFEFCF70CFD0F02FE0501ED04F1C1
:104B0000F5F205FEFAF909090200FB01F8000A05B1
:104B1000FB13F8F90AF5F8060F05F8ED08FB0C0091
:104B200002FCFAFA06FFF8FB01F8FFFC0424EE0091
:104B30000607F7FC140201F30E040001F818FC0547
:104B400005F6E90411F5FF0001FA0009FAF5F1F89C
:104B5000F7020DFCF8F61309F30A01EEF4050AF664
:104B60000403FAECF8FBFEFBFB0C0805FFFB05F069
:104B7000FFF705F3F1F8FBF0F8EDF9F4F5FB14039A
:104B8000020EF7FEF3F6EAF7FD01F8030EEC05F767
:104B9000FFE5F3F6FFEB0CFAF701FB01020204F16B
:104BA00001F4F7F2FEF014EBFFFA15FEF51407F925
:104BB0000AF70704110A01050904030FEEF3FB06C7
:104BC000FFFDFFF803F3FF0108F303F7F3F404EA32
:104BD000051C111600E4EAE71305040408EC09E7D4
:104BE000F4FB0AFFEEDAF5F311FD00FB1CFC17F7EE
:104BF0000D080BFC01E0F2EB08F406F828F3F8F1DD
:104C0000EFFEFDF8FDF104F60EF307EFEDEDF2F027
:104C1000FB151A08F501FFF7FAECF9EAF00A0B0D9B
:104C2000F1F81D01EA02FEEBFDEE0001FC040107B4
:104C3000FEF7E405F4E4F60B0005F001FFF9F601D8
:104C40000A020F020400F4FC0FEF04EB07F60B0C52
:104C5000ED00F8EB12F106F10202FE0608FEFB136E
:104C6000F4F8FEF7FCF8F5F6FC0703140B0B0A1535
:104C7000FAFAF6FCFBF7FDE9F60204FAF90501FB86
:104C800005F7F2FEFBEB0305E528F61105F4E9F95B
:104C900004E8F7030F05090C1318FA10060D0500B8
:104CA000FCFADEED06FDF9EDF50F0A0D0111F10A32
:104CB0000100FAF701F6FF0AEDFB2214EC33FC09C0
:104CC00008FCEDE0F7F6F30AFAF00FF4EF1815F32D
:104CD00009F9ECEA08FEE3F70609F6FFF20206E539
:104CE000F7ECFD1F022106F9EFFF03030B0810F19B
:104CF00001F008F6FD010103FD01FA0105FA08F0D3
:104D0000FC0211F910F5FEF5FAF300F2F4F0F409E3
:104D1000F9F2F6FB0DF50A0AF5F507F4F5EEEBFFEF
:104D2000F903FCDD01F6090E0CFEF1F7F7FEECF9D4
:104D3000F80B0EEF090A04EF05F30AF4FEF3F8008E
:104D4000FFE408FAF3F8FF0303090DFBFAF70BFE83
:104D50000CF7001903F40EFB08F2FAF9EFF5E8007E
:104D600009FBF605FBE52001FEF90209F4FFF50653
:104D70000128F8F8F9F0FAF3FBFFE705010EEB0361
:104D8000EF34EFFB0DEDF6EFF6FBEDF8FD0FFDEE6A
:104D9000F7FAE81108FEFADAF7F8FB0BEE0EF9DF86
:104DA000E7140805170500FD08F6120404FF0405C2
:104DB000F40702020F0403F80CFBF9F5FC0BF8F9F9
:104DC0000E04FCFAF90BEDEB0DFF03100AFDF3F9ED
:104DD00004F7FB0D09F00CF9F9F3EAF7F704E5F035
:104DE000F5FCFEE1E3FAF8F1F6F6FE05F900ECE871
:104DF000F3010502E9F7FF0908FD0E00FD02F917AE
:104E0000F501FE11FBFE100AF7F40DF5EFF4F005C5
:104E10000904F2EFFC05F9FE0CFD0D0300F7FEFBA3
:104E200016FDEBF90506FFF005EDFBF9FE14F402A3
:104E300001F90601EA071104EE00050AF002F1018A
:104E4000F2011E0200050CFEFAFA0F09F901FD0F2E
:104E5000F801040A0AFA0200F6F80701E0F3F30485
:104E6000F0F8FC01F4F4F1F304FA01FFEBF7F2F1CE
:104E7000FE0BEC05FDFDF3FFF9F8F3FA080401075A
:104E800003F11010060010F7EF05070508FBFDFA07
:104E9000F3F50D07FE0C03010BFF09F309020814DB
:104EA0000003FE030DFE0AF103F40204E7F2FF0E15
:104EB000F9FB09FAF7F6011715F7FCF3F5FDFEFC0F
:104EC000F404FBFCFEFFF30BEEED04E9F9FC15081E
:104ED000F3FC090D01FCFD00F006FCED07070000E6
:104EE000F4F6FAF9F9FEF303FF03FEF1050A000AEE
:104EF0000809FA0505010DF508FF0EFDFAFFFDFC96
:104F000000FF00FCFCFD060BF7120EE8F00D02F4AA
:104F1000FF0EF40809FEFC0CF90720FDE8EEFBF794
:104F2000E3060400F2FBEA18152006F3FCF503EE95
:104F30000801FE02FB17FCF91BF1EFE902EAFBF3A3
:104F40001E0CFB0400060BF9F2F302F5EDFEF7056B
:104F500013FBF9F8FEF3F5FAF804FB0AFE0FF40A66
:104F6000F7F5FCF7FD04E9F70403F5EBF91004FC91
:104F70000BF8F308FE04F21CEFF203F3F600200A2C
:104F80000102F3FAF50B110DF4F8F7171917F714DE
:104F9000F61104FE00EAFB0CF705F8040A0FF40D05
:104FA000F1FB0515FBF6FE120602000EFD0AF1F7F5
:104FB000FFF5FA000D0801F117F5FEEFF0121B05E1
:104FC00000F00D02FBF2EEE70BE9060DEDF007E74E
:104FD000F113FB0DF80F15FFE9F90705F9F501F5D8
:104FE000EA06FDFF0AF9F8F4FB0208F9F700020AE5
:104FF000F5F91A0711FFE6010207040F0700FA0985
:1050000009F2FDF5F5EDF81810FC00FA0BF8EFF3D6
:10501000F2FCFDE9F7DF00F401FD0007FD02E7F413
:10502000061102FAFB0117EC00F6F505E8F803E3B8
:1050300004EC01FEFF0208F403FF05F2F5F208F4A8
:1050400010FBF10EF61402F407F4F2F4F207F8067E
:1050500006FFFC08FAF9F6FD0AF10AFC1AE8FCF66C
:10506000EAEE09F603E802F305FFFCFB080BFDFE80
:10507000F80EFB00FAFB09E901F104F0F4F9020A69
:10508000F007F7FBF3F60600090209FC04EC100434
:10509000F513F402FFFE1902090B0A16ECF002FDEB
:1050A000F7FAFB0410F90408EBEBEBE7E7E7E8E8B5
:1050B000E8E8E8E8E8E8E8E8E8E8E8E8E8E8E8E870
:1050C000E8E8E8E8E8E8E9E9E9E9E9E9E9E9E9E956
:1050D000E9E9E9E9E9E9E8E9E9E7E9E8E7E9E7E948
:1050E000E9E6E9E8E8E8EAE8E7EAE8E8E8E9E9E63D
:1050F000E8E9E7E9E9E9E8E8E8E8E8E8E8E8E8E92C
:10510000E9E9E9E9E9E8E8E8EEEEEEEBEBEBEBEBF9
:10511000EBEBEBEBEBEBEBEBEBEBEBEBEBEBEBEBDF
:10512000EBEBEBEBEBEBECECECECECECECECECECC5
:10513000ECECECECECECECECEDEAE9ECEAE9ECECB8
:10514000EAEAECEAEAEBEDEAEAEEEBECEDECECEBAA
:10515000ECECEAECECECEBEBEBEBEBEBEBEBEBEC9A
:10516000ECECECECECEBEBEBEDEDEDEAEAEAEAEA89
:10517000EAEAEAEAEAEAEAEAEAEAEAEAEAEAEAEA8F
:10518000EAEAEAEAEAEAEAEAEAEAEAEAEAEAEAEA7F
:10519000EAEAEBEBEBEBEAEAECE9E7ECEAE7EBEB6C
:1051A000EAEAEBECE3E6E9E7EBEEE7E9EBEAEAEA69
:1051B000EAEAEAEAEAEAEAEAEAEAEAEAEAEAEAEB4E
:1051C000EBEBEBEBEBEAEAEAEEEEEEEBEBEBEBEB29
:1051D000EBEBEBEBEBEBEBEBEBEBEBEBEBEBEBEB1F
:1051E000EAEAEAEAEAEAEAEAEAEAEAEAEAEAEAEA1F
:1051F000EAEAEBEBEBEBEBEAE9E9E6E8E8E7E4E621
:10520000E8DFE2E7BAC0C5D1D8DBCFD2D5E4E4E627
:10521000ECEBEBEAEAEAEAEAEAEAEAEAEAEAEAEBE9
:10522000EBEBEBEBEBEBEBEBEDEDEDEAEAEAEBEBCB
:10523000EBEBEBEBEBEBEBEBEBEBEBEBEBEBEBEBBE
:10524000EAEAEAEAEAEAEBEBEBEBEBEBEAEAEAEAB8
:10525000EAEAEBEBEBEBEBEBECEEECE9EDEDDBE1B3
:10526000E6CBD2DBA3ACB3C3CDD0D6DADDE6E5E83E
:10527000EDEBEDEBEBEBEBEBEBEBEBEBEBECECEC77
:10528000ECECECECECECECECEFEFEEECEBEBECEB59
:10529000EBECEBEBECEBEBECEBEBEBECEBEBEBEB5A
:1052A000EAEAEAEBEBEBEDECECEDECECEAEBECE84C
:1052B000E9EAEBEDEDE5E7E8D0D8DAC2CDD2B9C640
:1052C000CFAEBCC8A5B3BDB8C4CACFD7DCE2E4E852
:1052D000ECEBEDECECEBECECEBECECEBECECECED10
:1052E000EDEDEDEDEDEDEDEDE4E5E5E4E3E4E8E62F
:1052F000E7E7E4E6EAE8E9EDECECEDEDEBECEDEB0D
:10530000EDEBECEDEBECEFECEDEFEDEEE1E5E6E0F7
:10531000E4E5E9EDEEDDE2E4B7C5CCA1B4BE9FB4AF
:10532000BF9AB0BE90A3B18F9FAB9CA9B1C6CED39C
:10533000E9EEEFECEDEAEBECE9EBEBEBEBECECECB4
:10534000EEEDEDEDEDEFEDEED4DCDEE0E6E9E6EAE4
:10535000EEE3E8EAE5EAEAEAEDECEDEEEBEEEDECA1
:10536000EFEDEEEFEDEEEFECEDF0EEEFC9CCCBDBD9
:10537000DEDDE9ECEBD6DADAC1CCD2B9C9D2B8C9F4
:10538000D3ADBFCBA5B6C49FAEBBA2B0B9BAC7CC94
:10539000E5EFF0EAEFEEE9EEEDE9EEEEEAEFEEEC46
:1053A000EFEEEDEFEEEEEEEED8EAF1DDECF3E1EE4E
:1053B000F6E1EFF3E3F0F0E7EEEDECEDEBEEECEB26
:1053C000EEECEDEEECEDEDEDEDEFEFEFC5C6C4DC90
:1053D000DDDAE9EAE7E6E7E5D1D5D9D1D8DEDBE4E5
:1053E000EBD0DAE3D1DDEAD2E0EBD9E9F0DAEBF1A8
:1053F000E1F0F3E4EEF0E4EFF0E6F0F0E6F0EFEBEE
:10540000F0EFEDF0EFEEEEEE768C95778A947C8EF1
:1054100099889BA1ACBCBFE1EAE9EBECE9EDEAE8D5
:10542000ECE9EAEBEBEBEBEDECE9EDEBD6D8D6E211
:10543000E4E2E8EAE8ECEDECE4E6E8E3E6EBE7ECEE
:10544000F1E1E8EFE1EDF7D9E9F3C9DBE2B9CCD35B
:10545000ACBDC3A7B3BAA7B4B9BAC7C9DFEBEBEB0E
:10546000F1EFECF0EFEEF0EF6D828D6779856C7DFA
:10547000896F7F89929FA5DEE5E7E3E4E1E5E2E05D
:10548000ECE8E9EAEAEAE7ECEAE6EDEBE5EAEBE785
:10549000EBECE8EDEEE6EBECE7ECEEE7EDF0E5ED5E
:1054A000F1DFE8EEBFCED5A4B8BF92A5AC899CA32E
:1054B00086959F808C9979858F95A2A6D8E4E5EA98
:1054C000F1EFEBF0EEEDF0EFC3D4E0BCCAD7C7D3F9
:1054D000E0C8D3DFD1D9E3DFE3E7D5D5D3D3D1CE4D
:1054E000D8D5D6DCDEDEDBE2E1D2DDDBD1DBDFD31B
:1054F000DDE1D8E1E6DCE5E9E1EAEDE2ECEFE1ED62
:10550000F1DAE7EDB7CCD0AFC6CBB5C8CFB2C2CADF
:10551000BAC5D3AAB2C48E97A4B9C3CADBE6E9E779
:10552000F0EEEAF1EFECF0EFC1CFDEBFCAD9CAD39B
:10553000E0D6D9EADFE1F1D6DBE3CBD0D0ABAEAE3B
:10554000B1B4B7CFD5D6AEB8BC6270795D727E65A6
:1055500079846F818B7A8A938998A199A7AECAD8EA
:10556000DCDFECEDDAE8EBDCE9EEDFEAF0D9E2E9EA
:10557000DDE4EDD4DBE5C4CBD4DEE6EDDBE3EADD50
:10558000E6E9E8EFF2EBF1F27182986F7D93717DBD
:105590008D7D83978A91A5AAB6C1BFC9CDBEC7CC60
:1055A000D0DBE2D8E6EA9EACB736475C2D465B31ED
:1055B000495B35495A4254626672819FA8B3DDE364
:1055C000E9EAEFF1E9EDF1E3E7EDDFE4E9CFD3D983
:1055D000CAD0D4D3DADCD4DBDFC7CED6B3BAC4BCEE
:1055E000C5CDD3DDE3DDE7EA3D516C4556723F4F53
:1055F000644455667B8D9B8B9BA4979DA4C3C8CFA9
:10560000D6E4EACEDFE4A3B4BE67798A5F7083652F
:1056100075878A97A8B5C0CFCFD4DFDDDEE8DBDBA6
:10562000E3CDCBD4B7BAC39EA6AE939AA3838A9395
:105630007D858C828B90889298858E978089938ABD
:1056400099A0B6C5CBC5D4D828354D3A465E55622B
:10565000747F909984979C606B6E777376A39EA1FC
:10566000ADB4B6B8C2C5B6C2C6B5C1C8B7C2CAC65F
:10567000D1D9DAE4ECC8D2D9AEB5BA9FA5AC91962F
:105680009F848895747D8A626F7B5E6A76636F7B88
:105690006976806B79827A87918A97A196A4AE9D6C
:1056A000AEB8BCCED5B9CBD00D0F231A1D2F868C2A
:1056B00097CED8DC8A9696767B7B8D8586ACA2A227
:1056C000B5B5B4CFD1D3DCE0E1E4EAE9E0EAE8E65D
:1056D000F1F0E2EEEEB0BDBE909FA38A9AA28E9E3C
:1056E000AA91A3B19AABBB95A5B695A5B69AABBB4B
:1056F0009DAEBDA0B1BFADBECCBBCCD9BECFDAB2E2
:10570000C4D0A5B7C19DAFB70505183A3E4FC8CF65
:10571000D9E1E8EFC5CDD4C7CFD3D4D4DAE2E0E500
:10572000E5E6EDE9ECF6E8EEF5E6EEEFD1DDDCDFFF
:10573000EEEFDDEEF1D2E4EAC6D9E4B4C8D6C1D8C2
:10574000E6BCD5E5BDD4E7C2D6EAC0D4E8B8CCE023
:10575000ACC1D4ABBFD1A1B5C590A5B3889CA9837A
:1057600092A1808F9E8A9AA5272D47919BB3BECC8C
:10577000DEBAC4D8B8C5D9C0D3E5C2D3E6C2D0E337
:10578000C2CEE3BFCBE4C0CFE4BECFDDB1C1CFB466
:10579000C6D79AB0C193A9BC91A1B89CABC392A340
:1057A000BA71859C7289A1849DB47E96AD6F879EE7
:1057B0005C738A5B70875D72855E7483697D8C79AA
:1057C0008597818D9E818E9C7A87A1A2B3CF8FA071
:1057D000C2899ABD8398BB8098BE7F96C08296C1CD
:1057E0008396C08093BE7F93BD8195BD8195BC7C1F
:1057F00091BA687EA3647A9A66789A7686AA70804F
:10580000A35E6D915E70945E759957709053678832
:105810005061825367865D6F8B65758D6C7990736F
:105820007D9279859482909C49576D4C5A714D5A5E
:105830007A505D7F54628657668E5766935A699692
:105840005E6F986677A06B7CA57183AC7389B57623
:1058500088BA7684B47885AF7388AC6E85A86A7F81
:10586000A364779B5F6D9455658B4F6184505C7F1B
:10587000505E814D648550648152627A5C687E71AD
:10588000778A7D879288959C0D1929030B19091039
:1058900023121A30121A3415193814193A161E3DEB
:1058A0001A243E222B462A334D303B5734456A3C5E
:1058B0004B79424D7E464F7E47577F48587E435135
:1058C000783C487037436A354468354567394566E2
:1058D000394769394E6E48597357647768718078D3
:1058E0007C8882888D899295242E370B1014080DA0
:1058F00013202C35242D3A161929080B1E030818DD
:1059000001041100020F00020F000414060D2A0505
:10591000123801133C03173E0D1D4718265115215F
:105920004D151F4C15264E162C4F1E3253273A5A32
:10593000394665555A7671738A7B7B8A74737D7A92
:105940007B80868B8999A09E23292D1A1B1A0D1303
:10595000121B292947515446464C3132391B1F2509
:105960000F0F1505050B020207000007111123395F
:10597000405B1F324E0A243E041E3C041E3E071E9E
:105980003F0E2345192B4A2937533E476356617B07
:105990007A7C92908395847887726972756F74842B
:1059A0008685929892ACB3AF100F110D0A09040AC4
:1059B00008030C0B2D2C2E413439362B2F24212398
:1059C00012121404040702020400010307080F76F0
:1059D0007586A19EB383809470708369697D6967C1
:1059E0007C6D697F766B7E8A73859A7E90977E8DBB
:1059F0007F6A7469565B6A5E617874748182818E95
:105A00009390A4ACA5B8C2BE2828230C0A070003B3
:105A1000030004040C06071E0C11200C11150A0CBF
:105A20000706070201030201020302030000024409
:105A30003A40B68092CD8294C47F90C27B8DC3776A
:105A400089BB7181AC6E7A96606A7B4B5367424525
:105A50005F4746685D587A767181847E848D879829
:105A6000A29EABB6B0B9C5C2454D401A1D15010185
:105A7000010101020401000C02051203090C0205D8
:105A800004010202000002000004000101010120E3
:105A90000C0B992D3BCB2F44C32E43BF3045B33263
:105AA000439B313B772A315B262A51302E5E4D478E
:105AB000756E667D7E747D8078818780909993A2D3
:105AC000B0ABADBBB7B8C6C4535E522F342B010187
:105AD00001020102020000050102070105040002A3
:105AE0000100000100000100000300000102001B92
:105AF00003028E1926CD2036C6192EA9192B791925
:105B000024551D224A2927554238665C527971690D
:105B1000807C737A7E73797F76848B83939D96A540
:105B2000B3AEB0BFBBBAC9C75C665D363C320607D0
:105B30000303020102020001030101030301020247
:105B40000101010100000100000101010003020F39
:105B5000010066131C9D1F2F7511174A0D0C381B71
:105B6000164A3A37635A517373637A7E6F7C7C703E
:105B70007B7B717D827780877E889189949F97A2B5
:105B8000B0ABB1C0BCBCCAC95763592B332513177E
:105B90000B0B0C04080A02050B04020A040207029C
:105BA00003040103040103040102030200060604C6
:105BB00005022A0D0D471518351B19393229504D8C
:105BC0003E716252847165867E717B7E70747D6FDA
:105BD000788073838A7E8B94898F9A919CA8A1A9DF
:105BE000B8B3B6C5C1BCCAC95260522E3924242CE0
:105BF000161F23111B1E0F161C0F111A0D10170C48
:105C000012150C13150D14160E13170F131B141762
:105C10001F1525281B40372D574643685851746679
:105C2000558070588B7969837A6E757A6B737F7043
:105C30007B8577838B7F8B958A94A0979FACA4AE4E
:105C4000BDB7B9C8C4BBCAC85565533E4B303A430B
:105C500026373D253338232F35212E352230372660
:105C6000313728333829353A2C373E2E3B432D44E3
:105C7000473051543B68604A7467537F6D5C85744C
:105C8000617F79617F7F6B767C6A727D6C7A8375C8
:105C900081887B8891858D988D95A2999EABA3A8CC
:105CA000B7B2B4C3BFBAC8C71E87CD4D28142EDD06
:105CB0001CDF26F305EC0FFCFD0D24ED0A0EEEEFC4
:105CC000F50F19EEF0F7F7F8FC15F50A04060709C9
:105CD000F2F711FA010812050E0C000209F8FD0F87
:105CE000F902EEFAE614FA090AFE0C0BF6F912F4C0
:105CF000F42912060BFDFF020B18011609060421F8
:105D0000EEF4E6EA0703FEF8FDF813F01CEE0102DC
:105D100010E6E2EEF4E20909F90D070CF510FEFFBA
:105D20000EF60F0B04F1FBF40716F1F4F90116015E
:105D3000F41D0301FDF4FBF9FF1614FAEC19030539
:105D40000102EFFEFE0404000FED06F9EC0BEEE697
:105D50000E0100F704F80BF0FF0FF0F911F3F60154
:105D600002080EFEF020F6F60CF009F5F6F1030934
:105D7000E23A04EC06F6FA0B00FF0D0EF200FDF419
:105D8000FC1602020E010A01F4F811F4FFF6F7F70F
:105D9000FE0BE4E7FAFB040AFD0B06100DFDFA0505
:105DA00023F4FF051AFDE302FCFAF1FAF508F8F412
:105DB00001F3FE070CF007FB0B14FAFE2A1524FC76
:105DC000F401FC190600F4051CFB0105F101FE01BC
:105DD000FBFCF629F209F5E9002100F70DF7FD06B5
:105DE00001040103F70402F0FE15E0F706F4FE03D8
:105DF000F91DF8E50AFDFD0AECFD0C00FCFCF507B9
:105E0000FA0802F50607FAF3FEFC11F505000B018E
:105E100004FAEFF7E707040415110EFB04F4EF058D
:105E20002EF911F61600F7F3F30CFC01FCEFFEF966
:105E3000F2F2F20709F5FE03060F04060308140A3E
:105E400010FCECF61907FC050301FEFE080209FE32
:105E5000FA02FBF5040118F6F50BEFFCFBF20B025E
:105E600002000A0DE109F20D1315E3F60409DF0340
:105E70000900F3F0FFFDFC1403FE0CFADAF0EFF872
:105E80000A0C12F6F8101908FCFF04F4FAF8FE0BDD
:105E9000F602F0F528EF0B0504EBFF1921FB0CF9D6
:105EA000010602FC05EF110CEE0306F8F721FB0AD0
:105EB000EAFD10FDEA1D2DFBFBED0B0DF6F4F108DC
:105EC00001100EFDFC07F7FBFA010205F1E0F5F702
:105ED00008F80903EEFC170C04F22403FC290EFD5C
:105EE000FE02FD0C04FC08F1FE0708080302040B87
:105EF000FF0AE60CF90BF0FF1CE71308FBF8FDF8AE
:105F0000FC10F8F2F7031008080804F403FAF4038D
:105F100016F9EBF5F2FCFF07F6FD060DF23DF6F281
:105F2000F1FD0D05E2ECF1E7050AF70C08FFF905B4
:105F3000EFFFF3000BFA3C0500EC0615EA06F4F758
:105F400001FD01EDEBF9FC07F1FAF70BFBFB0CF49B
:105F500006080F02FAE9E900FC06F8F7EB1FFB035D
:105F6000FB0105FFF9FA1EF2FD0B0B05FC000FF912
:105F7000F8FDFC02F1FCECF90DF6F1EDE7F04CF167
:105F8000111A0207F0EFF2FFF715FCFB022AFA02E2
:105F9000F8FA0606FB03F6FE060EF40004161AFBDA
:105FA000F4FFFC1C13020BEA1BECFA0FF701F6F7E7
:105FB00004FAFB04000205F5F7F5FA1016FCFD02E1
:105FC00001F90B060608F3F7F0070107F0F1FEFDF3
:105FD0000B03F406EFF112FB0B08F6F81605FAFCBA
:105FE000EFF6FE0CF002F9FB0C04EE0109F2FB01E6
:105FF000FC0DFAFE0BF80401F8F8000106FC17048A
:10600000FDF90114F5F801F2030C0AFAFB2C0B055B
:10601000FEFD180306020100F307020DF70709024F
:10602000F2021BF201F6030117F60604FB0C0BF952
:10603000FDF901F5F70CEB07F6F7F211FEFEFC0295
:1060400018F8F4FC040E05150CF900FD03F4000229
:1060500005FB0BFC06FE21F6FE0FFAF60CF6050614
:1060600007FE0B03011002F5FA0BF6FBFD06F9E53E
:106070000501FFFEFE03EE0004F60401FDF605F93E
:106080000DF0F1160208FE1017F513FDF4F509F5F1
:10609000E808EFFBFDEA0602080CEF0A04FFFA002D
:1060A000EF0505FFEA0101031FF906FD050608FCDF
:1060B000FFF50BF4F61FF8FEF6F71C02F6F8ED06F6
:1060C0000704F011FB09EFF5FD0D0FF2FB0AED00DF
:1060D000FE07FA01020D0304F2FFF2F9F52E120297
:1060E00006F6EE370EFCFF0307F417130800F40959
:1060F000FCF5F6EB070904F0FEFA12F2F1F7F5F6FB
:10610000F80304EB03F7090D001308F4F8E20106A5
:106110000609E9FF03E727E50BED08F40711000A7C
:10612000F9FBFE13FDF4EC09041204040AFA0AEC6C
:106130000106FD060405F9FDFAF805100E0CEC0247
:10614000FA09F2FEE6020C0CF1F00E0603F8FBFF72
:10615000FC00F40106060108FCF7F3FBF02AF50742
:10616000F8EBFEFBF3F1F5F905F50F20FDF606F669
:106170000BF80A13EFE4FFF2F8F4FB02F4031F0537
:10618000ED21030AF7FF04F1010C00F8EC0202F321
:1061900001FB0B00EF01F80504030F1B04FE05DCF7
:1061A00002FEF0000CFBFD061FF4F200F8FFF208FF
:1061B0001DF8FE05FD01F4FC0A0CFCF813FFF1FFCD
:1061C000090E02F0FE0F030AF5FBFE020902F404B9
:1061D0000B000302F6F50F0100E903FDE900FAF4F4
:1061E000FF0BF4F302FCFBFD1100000009FD0405A8
:1061F000F7F504FB07F7FFF70BF9F0FDF7F9F508E2
:10620000FEFA030B03FCF9F2010CF4FFF70F13087D
:1062100005021A07EDF9EFFCF9FF21F101F801FC85
:10622000FAFBFDF20AFFFE0C0608F91AFAF4060062
:106230001FF713F5FE0EFA10FF010506FCF3040B21
:10624000FA0207FAF102FD07FDF302FBFA0604FC6D
:106250000BFE20FD0C0014FFF8FFF60512DBF3FB2C
:1062600010FD0B060AFDFE0901EF01F3040405FA17
:1062700002010BEEF9F50BFEF7FD0700F006030334
:1062800009F7011AF703FAF403011101FB040203F1
:10629000EA06EEEEEFF11B060905090CF7FEF3FD29
:1062A000F40A00FDF8FD08071001F7260EF7F800C4
:1062B000F806F5EDFDF7EE0D05FB0DFCFEF8F1051A
:1062C0002AF2FC0000FD0CFEFB0512D90DFA0C07AA
:1062D0000D0608000702CF17F1F51703010BFFFDAC
:1062E00007FFE61807FEF5030F020E03FB15EDEF9F
:1062F00004FCF0EE09F5190105F907FEF100FB06B3
:106300000AFE0507F4F8FC0A1000E007F9E6E814B5
:10631000FB04FA02FBFCFD060DEF0A0EFDF5F70F7C
:106320000401F5F8F600141213FB16F517FEF80534
:10633000090B02F51FF200F2010BFA1C1EF9F90914
:106340000EFA0801FB1611EDEEF30512030BFF0325
:1063500003F904F5FDF7E214EE0E080BFF17F30541
:10636000F500F8FCFBF70A020200110EEB19EEFE35
:10637000F8000100FFE311FCEE12F6070903FD002F
:10638000FB171208090911F2040AF603F3FCFD06D3
:10639000F715E70206FEE617F701140809F4FE03F5
:1063A000FAFEF6FA05FD17F90EF9F203F9FCF0FA18
:1063B0000DFDFBFB1EFA07070605E90C08EEF2FAD5
:1063C00017F2FB04FF131201FA06F2FE0915050588
:1063D000FF0202F804FB02F8F2FFFD0F0D06F600C3
:1063E000030105F40CFA0AF91003160AFA19EDFE76
:1063F000F5F108F206F70AFD0805FEF3F6FCFB00CE
:10640000FFFBFFF0FD030604160911FEFAF0190167
:10641000040417F600FEE60A021916FF0001F0FB5D
:10642000F9F6EAF20AF90F1F0FEFF9240CEAFDF969
:106430000A08FE0207FC0802F50611F102EADFED88
:1064400013E9F80109F60A020405FA1106000BF82F
:10645000F6EEFAFE1503F5FF040602110FF3FF072F
:106460001BF5FFFE02F702050302FDFD03120CFF00
:106470000BF918F9FBF7100306FB080701F4FE0FF0
:1064800009EE01FFF400FB0509EF1FFCF8F6F40923
:10649000FE0904EE0CF5FA0500031002010AF0FCF7
:1064A00009FAFDFE09F6F00C0509FA1F0BFEF0F4DF
:1064B0000A0301F7F80A04F9FAF106F60411E811E3
:1064C00002DF09E9FFFF20FB10F8030C15FFE8FFCE
:1064D000E81BFDF812FFF6F92DD9EE02FCFA0505CE
:1064E000ED220F240B08F9F2F50000F50206EEE7A5
:1064F000EF01FDF1E125F7F20AE801F0010DEBF5FE
:10650000FB0F05061B041B18FBED25EDEEF6EFEF68
:10651000F0FF120E0B0C0623EF23F2F4FB0701F839
:10652000F70AF8F2011701E8F9FCEC31120F08F450
:10653000E20A00F9F80AFDFE06E7EAF6F6000109AC
:10654000EEF906F50BFA07F401F0F1F616FB56F436
:1065500010D7F5FFFF0C1A0BF90CEC2A06081006F1
:10656000E50402E8EC072BF1FBFEF803F10CF0FC6C
:1065700005FB01020903EF1304F5FF0800F306F61B
:106580000F0CE4F237FC0D10D6FB2EF6F8FDF2F3FB
:10659000F1001AF9F81922F4DE16F6F7EFFB0BF505
:1065A000F2FAFAF7000E07F2ED07F825F3F9F91100
:1065B000F01317F2F3F9EE0912ECE701EAE60EE444
:1065C00010EFFA0406E6FAFBFAEFFBFB130D16F0E8
:1065D000F204F8F103020807FDFAFE11090501F4BF
:1065E000F200F2F70B0F27FBE702EEFB04FF171296
:1065F000F7F90216F60AF3250EF5F7FAFB0EFAF78D
:10660000F800F8061CF90719F3FA19FD07F5F2F876
:10661000F9F20F0A060B21FEE9F00A0EFD08F6005A
:10662000F211070218FAF717FFEDF90EF2FCFE0659
:10663000020506FFF50905F909F9FA0EF2FA030950
:1066400000FFFC020EEAF51208DC02FF09F2FC0270
:10665000F804FF05F81DF00AFF01F823010A04EF12
:10666000F30FFC000016E10412F900FEF5F11D0A1B
:1066700003070305F01AFA21F80802F9090C0B0ABE
:106680000B0A02FCEF09F0E3F9FFED1DF50003FD35
:10669000011A17FD07FC13FBE3141507FC03E9FBC4
:1066A000F50301E5FB14F416FB070EFAF1F005ED16
:1066B000F90BFEF0F9F4F4EBF703F701F20BF5F741
:1066C00006E5F3F9FA0431F90409F3F438040B0E82
:1066D000F10C13FCE70BEFEA0F04FAF802FB00F5EC
:1066E00001E9FA0315F4FFF9EAE9FF1301F9F6EC01
:1066F00005F805EBFFFE0DFAF505F7F7F312FD02BD
:1067000005F4FA1EF3FCEE140008F8080400F9067C
:1067100005061D092AFEF4070EF6F301FFEF08ED4A
:1067200004EFF3EC0819FFEF130A050AFA03F40E5D
:106730001EFAF5F8FCEFF4F7F429F0EBFEF116027F
:106740000902FB050216F8F3ED38F00621FC23FDE3
:106750000AF10DF5FB0B0001FB03FA15F4FAF00743
:106760000FFAFBF101F801FDEFE3FE01F409F8F87F
:10677000F81E0A1211DE0A050211F2FAFD00EA06FD
:1067800014E0FBEBF008F801FE10FDFAECF3050352
:106790000A0DF7F30B000405F6F705ED0AFCF5FD0D
:1067A000F4FCF5F9EBE2F6060E08FEFF100113F11A
:1067B000F204FFFC04F90CF3F41DFF03000204F5DE
:1067C000FDFDEA04FA030609E710FCF224030502C2
:1067D000F1FC01F50DFCFDFC00FCFD2C0EFEF9F9B1
:1067E0000DFFFAF702001CF3F8FA01FBFAF70606B0
:1067F0000AFD06FE0CF105000011FEEE0406020380
:10680000F9FEF6EDFCF9FDFC0309EF0AFCF6F4FED7
:10681000F607EAF9F90107FE06F8F8071209FB0383
:10682000FAFCF604F2F5F9090D01FBF11B07FCF384
:1068300000F70B080B00FF00FC090509F105F61B2A
:10684000F8060B0FF50DE7F1F0F709FC0EF9FAFE6B
:10685000FE0302EBF8FFEAFBE5FA0409070D00F975
:10686000FEF8F40506FBF8F9FEFB0807F00110013D
:106870000400FA0B07F2FA0FFC11FBFF05180505DF
:10688000F20BF8FAEEFDF2F303FCF608F913FE043E
:106890000624160812ECF80AF901F408FB04F807BC
:1068A000FEFDF9FAF000F70B0A03FFF7FA00FDF816
:1068B000F502F313FFEA0400FA00F6F40C07F4FB08
:1068C000EF03F4FC0CFB1B13F50AFA0D0701FF1B89
:1068D000F80C0706FEFA06F9F018F6FEF4F50DF6C8
:1068E000FBEDE5F2F501FFF1FE12EDF60303FD13FA
:1068F00009F5F8FB18FD0214EEE8FB0B040E0E027E
:10690000F70800F7F4FE0CFE11EDEF041011F60588
:10691000FB0E0F0514F603F818F0FCFF04ECF6EC80
:10692000FBFE05020506EAEE03F8F90505FD0C007D
:1069300012F80CFE0DFC0203FC0BF1F3F20B00FC51
:10694000F6F6EA111914FCF6FB22FE1D0304F4F816
:10695000F509F60DF0FB03FE0608FCFBF601FEFA56
:106960000F030EF9FB06FBFE0D07F7F3F60EF9FC1D
:1069700006FE08F11D0FF20FF830FEF3FDF8FAECF9
:106980000CFD06F7F0FCF8F81FFA0BFD00F6F6FA1E
:106990001106F40112F60109020302E511FBF8FAEF
:1069A000F9FE06F1F4F40DF4F601FA0A0D0700F30E
:1069B00008EE001907F904F8FB0109FDFEF4FDFCDF
:1069C000EAF90406120101F5F90705FD0FFA050AB7
:1069D000EA0BF7F00AFA060215FEFF020CF6FEFCBF
:1069E000050314030AF7F9FCF60CF2FA0201F807A2
:1069F0000500F7FC2EF2040CF303020008041FF359
:106A000006F901F2FE0804F409F3F90504010AF994
:106A1000F2FAF90A0F01FCFC0BFEFDF30FFCF5F88E
:106A20000402070AFFF925F1FDF9F0020D0BFDE95B
:106A300003EDFBFEEB09F80100080AFC00FCEF0B7C
:106A40000609EA0CF50BFF0E0A16020106F5F9FC21
:106A5000FC05FBF309F7FBF9F7EF0109FE0300075B
:106A6000FF10FB0EFC03FAF408100107F20100FC12
:106A700009F20101070DFD0B070905F405F800FEF9
:106A800012F1F7FBF30CF9FB020DF503021315F0FD
:106A9000F80C0D070402EEFCFBFAF0F4F000040918
:106AA00004F60900F90AF806FB06ECF2FAFB03E922
:106AB000F6FC1203F606F90FF80700EA03EBFE05F1
:106AC000F52102FA06F3F90E010A000DECF0F115BA
:106AD000F010052805010FF6081102EBE803F70591
:106AE00003FCFAF9F3FC0002E91CFC000600030BAE
:106AF00001F3FAF810FD24020806F414060809F957
:106B0000FB0603FF10F2F6FF28F0FB0C1AFF05FD51
:106B10001715F2FB0002FD0F06F305F2FCFFF0F380
:106B2000F014FF1700DAFEF61110F7E8F707110965
:106B3000F8F60B00E606FBFBF8EF01010A00F5F0A2
:106B4000EEF6050B0E07EA05FFFFF701FB12EF114A
:106B5000F1FAF91FFCFCFF0406FEFCF501F1FDFB58
:106B60000B0101F0FAFF0704FB1200F70211F2F12A
:106B7000F8E7F9F70D0E050CFC1FFA02FF000703FA
:106B8000EE12FBF90EF3F5FAF6FA02F0F21A09FD2D
:106B90001CF70907FEFEF1FF0309FAE8FE02F9FF00
:106BA000030315FD03F9F612FFF90E0116F6EEFBCD
:106BB0001A07FAFAF8FAFE0702EE0A090903FE05B7
:106BC000F5101BFBFBF0F4F2FD0702F0EFFFF607F8
:106BD00000F816F707FBFF05040DFA0807F6FEFBA1
:106BE000F804FFFE07F000FEF403F6FDFE01F8FFD7
:106BF000F305050910FC0E060C04071D0E03FCFA34
:106C0000FD16E9FB0FE4050208F405EE0805FDEEAC
:106C1000F804EF1205FAF8F400FBFEF60106EF06A1
:106C20000AF8FA1102FB050B01FBFCE6FD0EF6FC6F
:106C300003F5F5F0FDFFFB02090218110804FC261C
:106C4000100E06FAF5FE0EF60BF50C04F8F8E6F356
:106C50000DF8F21501F80A0B16EF07FCF9F600F52E
:106C6000120905000AEF00FE020F01FEF9FE0211F3
:106C7000FAF2F3070B03010E000A08F514ED00FC0D
:106C80001008F30304FF04001DF4E81A040BF2F4E7
:106C9000F60F0FFB0106FDF803F3F107FA01FDF50E
:106CA00002EE0EFFEFFE0C0CFA0CE9F309EE040005
:106CB00005FDF21407FAFAF50AF9FA06E804EE1AE5
:106CC000E9FE12F2F3FDF61CFC1EEA09F3EF0BEDF0
:106CD000F7F40E02FA191B0001F9EFFAF004010DA6
:106CE000F4FAFAF502F4EA11FBF1F9FC050F2300BE
:106CF000FD0AF20DF00407FB0CFF0BFEE9F7FD0A9D
:106D0000F8FDFB090CFDF4FC0603E6F905E8F5FDCA
:106D1000F717F7E0F0031E00100705FF00F1F92850
:106D2000ECFAF7FEF3F9FEFEFC00EAFC0CF205FFBC
:106D3000FDFAF8022920F6FA03F6F1F00AF4F9F464
:106D4000FBF33304F705F00F0201F628F2092401E2
:106D5000F0F9FD06051917F1FAF2F5FCFEF703FE4E
:106D600011FBFC000A1112FF01EF0308FA060FFFE6
:106D700002F205F607FB0BFF00F6030D01F6100704
:106D8000F8FAFAF3FD09140402F3F7EAF8FEF00C3E
:106D900005F007F109060105020809F90FFE0723AE
:106DA000F500FE0101F711F907F9ECF80BFE0609F1
:106DB000000AFCF51D0700FEF6F1FDFFFC04F1E5FD
:106DC000010C16F6FD14EF1307FD0525FC0912FD55
:106DD000F9F4FD0F020010F5F407080AFEF114F2B1
:106DE000020DFF06040D110F0608FA09F90610043A
:106DF000FEFDF90EF202FDF6F9F20408FD0A000CA0
:106E0000FC0405FBF6112AF70205020503FDF20C4E
:106E1000020604D7FA02FD090300F9F80701FD0B89
:106E2000FD00F50402FD17F5FDF80AEB1A0CF7104A
:106E3000F81002F80DF3F8F0EE12ED08FD02FAEB8F
:106E40000801F3EFF2F90612EBDC100814F3F8F086
:106E500008F702FD02FBFBF9FDF4FC0003F9FBF768
:106E60000C11F0FAEEED0719F4EF0901F2FDF2064C
:106E700004EFFBFFF3F9FC0FFA0501FB01FCFE0137
:106E80000309E4F7E4F61CFDF4FA1806FBF9FA012D
:106E9000050126DEFDF2F10EFC2502F8EBEBFAF31C
:106EA0000106D2F4F8FB050A03F11CF604FCF40217
:106EB0000105F30A13F40207F8FD00F3DFFB0A00F3
:106EC0000DFEFE01EBFA06EDFD0EEB09070617FFBE
:106ED000E9F308FE100100FC0B0705FAF5F60001C6
:106EE00014060CFEFFFB14F2052C0401F9F90A014B
:106EF000F41606010AFAF70403030005FF00000D6B
:106F0000F6FFF20D00080BF2F113F5FCFDF102049F
:106F1000F7250BE4FCFAFCFEEFFDFEFBE4130FF893
:106F2000E2FFF30406FD08F71206FEE8F2F3F003B1
:106F30000C22080900FDF712F300F8F513FF0FFA11
:106F40002507F4FF0BFEF403FDE302F600F924EE3F
:106F5000F6FCF70003FF0CF8FAF20D12180CFFFC18
:106F60002803F60A04FD150E0DFE0B0CFBF5FA0BBB
:106F7000FE120704FDFDFE0A060606F509F2F206FA
:106F8000110B000001FF08FD01FD05000EFD040CC2
:106F900003FCFFEDF7FA03FFFFF908070AF20AED19
:106FA000F9030AF8FEFF02F9F8F9021A0211FD05C9
:106FB00000060420FDFCFDF3F5F9F60C040B21009E
:106FC000F4F60B0510F909FCFCF0F8F80E0209FACA
:106FD000FBF5FA0EF3FAFBF8F9FDF51C09080605B6
:106FE0000AF5F803E9F0010CF200FE1203F60519A8
:106FF00009EC000FFD010401F6F9F91017F915006D
:10700000F2020306F2FDF1FBF1FCF80E0504ED04BB
:10701000FAEEF80FFE08FC03FAFBF50E10F6F4FD8D
:10702000F606FFFAF70CFCF7F8FFFC1EFC18F5104B
:10703000FE07061B05F6FE0011F8F2F9F6031B1D0C
:10704000EDF5FB02F6FFF202FE00F701FE17E90F75
:10705000F8F415040EFAFFF5FF0AFB0B10FD0923E7
:10706000F9020106FCF5F9F2FDF812090C07F42209
:10707000FFE5090B07F7F80906F7FC07FCF60A0A13
:10708000F506F904F5FA00FCFF0AFE0FF30DE1180E
:1070900001F3ED08FEFB07FC0AFCF6F6F6F8FFF636
:1070A000F8FD01F7FD0101F5FE06F622FB0CF122C9
:1070B000FFEC1400000000000000000000000000D1
:1070C0000000000000000000E8B800200000000000
:1070D00068D200200100040004E1020004E1020083
:0C70E00004E1020004E1020004E10200EF
:0400000320007375F1
:00000001FF
