:020000022000DC
:1070000000000420757302005D7302005F730200CC
:1070100061730200637302006573020000000000E8
:107020000000000000000000000000006773020084
:1070300069730200000000006B7302006D730200B0
:10704000919802006F7302002D9D02006F73020081
:107050006F7302006F730200AD9B02007DA70200F8
:107060006F7302006F7302006F7302006F73020090
:107070006F7302006F7302006F7302006F73020080
:107080006F730200798902006F7302006F73020050
:107090006F7302006F730200F9BA02006F7302008F
:1070A0006F7302006F73020011A702006F7302007A
:1070B0006F7302006F730200000000000000000008
:1070C0006F7302006F7302006F7302006F73020030
:1070D0006F7302006F7302006F7302006F73020020
:1070E0006F7302006F7302006F73020000000000F4
:1070F000000000006F730200000000006F730200C8
:10710000000000000000000000000000000000007F
:10711000000000000000000000000000000000006F
:10712000000000000000000000000000000000005F
:10713000000000000000000000000000000000004F
:10714000000000000000000000000000000000003F
:10715000000000000000000000000000000000002F
:10716000000000000000000000000000000000001F
:10717000000000000000000000000000000000000F
:1071800000000000000000000000000000000000FF
:1071900000000000000000000000000000000000EF
:1071A00000000000000000000000000000000000DF
:1071B00000000000000000000000000000000000CF
:1071C00000000000000000000000000000000000BF
:1071D00000000000000000000000000000000000AF
:1071E000000000000000000000000000000000009F
:1071F000000000000000000000000000000000008F
:10720000354936480A1A02D0072291438D4634493F
:1072100034480A1A06D00722914381F309880222D2
:1072200082F3148830483149314A00F044F831483B
:107230003149324A00F03FF831483249324A00F0D1
:107240003AF832483249334A00F035F83248334987
:10725000334A00F030F833483349344A00F02BF811
:1072600033483449344A00F026F83448344900227F
:1072700000F02CF833483449002200F027F8334856
:107280003349091A082902DB002202604160314AB1
:1072900090471F481F49884205D00268043003B454
:1072A000904703BCF7E700208646EC46002000210B
:1072B000294A9047FEE7884207D0521A05D0037842
:1072C00001300B700131013AF9D17047884202D088
:1072D00002700130FAE770470000042000E003204C
:1072E000000004200000042064D70200E82A0020E7
:1072F0000C3D0320D0730200D073020014CA0200B8
:1073000064D70200E82A0020E82A002050CB0200BF
:1073100050CB020050CB020050CB020050CB0200F9
:1073200050CB020050CB020050CB020063D70200CA
:1073300088E905000C3D03200C3D03200C3D032093
:10734000F0640320F0640320F0640320F064032061
:10735000F08403209D7302009DBB0200FEE7FEE760
:10736000FEE7FEE7FEE7FEE7FEE7FEE7FEE7FEE7F5
:1073700000F002B8FFF7FCBF0F484FF00701884349
:1073800085460E4880470E48016841F4700101604F
:10739000BFF34F8FBFF36F8FFFF732BF09480A4922
:1073A0000A4A884207D0521A05D0037801300B7080
:1073B0000131013AF9D17047000004209192020096
:1073C00088ED00E050CB0200E82A0020E82A0020E7
:1073D0007047000007B5044B0093044A402300F0B7
:1073E00032F803B05DF804FBF17302000D3D032099
:1073F0002DE9F84388461446B2B10F4B0F4E0325D2
:10740000002743F00109224608EB0701002003F0A2
:107410009DFD0744241A48B933782BB14FF47A40C4
:10742000C847013D02D13570BDE8F88301233370B0
:10743000002CE8D1F8E700BF50CB02000C3D032040
:10744000704703F0B7BDF0B595B01D461646084627
:107450000C4601F043FE1A9B0D93CDE9086500250B
:107460002B46082205A920460A958DF82C500C952C
:1074700001F051FE079B0293069B03939DF8143085
:107480008DF8115003F00302012A1DD1BDF814201C
:10749000059DC3F3C203C2F383168DF81030B2000A
:1074A00008230EA9204601F036FEC5F3952508AB4A
:1074B0000093324602AB0EA9284600F02BFB204673
:1074C00001F010FE15B0F0BD022AF8D1BDF816503B
:1074D000C3F3C203C5F389158DF810300827082DB2
:1074E0002E4628BF08263B4632460EA9204601F00C
:1074F00012FEAD1B08AB02AA31460EA8374400F0BD
:107500006DFB002DEBD1DAE708B5FFF79AFF0448D1
:10751000042100F069FA034B01225A7108BD00BF33
:1075200040CB0200E82A0020037813F0040216D0B2
:1075300003F00303012B03D0022B09D00120704775
:107540000A6800880232C0F3831002440A60F5E73B
:107550000B684288023303EB92130B60EEE7104690
:10756000704700002DE9F04F87B000230446861CC9
:107570000DF107000F4615468DF8073001F08EF823
:10758000404A51683960936803F580735B1A9246EC
:1075900002F21C4702F5836902F21448B3421AD37F
:1075A0000020002D69D004F00F039B0143F0050378
:1075B00063F30F00DAF80430DAB203321E444AF8FB
:1075C00022009DF80700CAF8046001F08BF8012042
:1075D00007B0BDE8F08F0121384601F0AAFA48460D
:1075E00001F0BFFA404601F0BCFADAF80800029058
:1075F000C0B203300AEB800002A9FFF795FF029B9F
:1076000030BBDAB20AEB8202D16803919A1C0133D3
:10761000DBB20AEB83030292D3F80CB001F0030350
:10762000012B22D0022B15D08346404601F09CFA54
:1076300010B1029BCAF808305946384601F079FA71
:10764000DAF80830DAF8042003F580739B1AA5E70E
:10765000D8B2CEE7BDF80E30C3F3891303334FEA37
:107660001B4B02EB93030293DFE7BDF80C30C3F32F
:1076700083134FEA1B4B1344F5E7A40544F00600BF
:1076800098E700BF203E0320064B074810B50022B4
:107690001A7001F0DCFC044610B9044801F05CFDEE
:1076A000204610BD203E032094CA02008CCB02006D
:1076B00030B50A4C71B10A4A0A49121BD20800239C
:1076C0009A4201D1002030BD31F82350854202D0CA
:1076D0000133F5E7034654F83300F4E7A8CA020083
:1076E00040CB0200E82A0020094B013903EBC0001F
:1076F000032909D8DFE801F00A02040604207047D4
:107700000079704740797047002070470220704729
:10771000A8CA020070470000034BD3E90130C31A26
:1077200058425841704700BF203E03202DE9F041E8
:1077300086B0FFF7F1FF0546002840F0E680744C64
:10774000C4F81804BFF34F8FA3680293DBB203336E
:1077500004EB830002A9FFF7E7FE029B18B1D4F8FF
:107760001824002A55D0DAB2991C013304EB8202A6
:10777000DBB204EB8303D268DB68049302F00303FB
:10778000022B039202914FD1BDF80E306148C3F332
:107790008917502F3E4628BF502666F38F1306F1F7
:1077A0000801ADF80E3001F06AFC0546002800F033
:1077B000978001F093FC002303A90822284601F0DA
:1077C000A0FC0299CB43DBB20133C9B20331B6EB63
:1077D000830F4FEA830804EB810122D90823424634
:1077E000A6EB0806284601F08CFCF6B24A4908F1DF
:1077F00008033246284601F084FC029B033703EB62
:1078000097070297D4F81834002B41D1D4F81064AC
:1078100051E062689A4299D8A260284606B0BDE855
:10782000F08108233246E5E7012B59D1BDF80C3031
:107830003848C3F38311062928BF062161F3891351
:1078400002318900ADF80C3001F019FC0546002822
:1078500046D001F043FC0023082203A9284601F08A
:1078600050FC0026BDF80C20C2F38312B3009642F0
:1078700003F10803C6D202994A1CC9B2033102922D
:1078800004EB81010422284601F03BFC0136E9E7C4
:10789000284601F027FCFFF73FFF80F00100C5B24A
:1078A000BBE7F3685B7923B1336829461B68304630
:1078B0009847F3681E68002EF3D1284601F012FCA9
:1078C0000DF107008DF8076000F0E8FED4F81834D9
:1078D0000BB9029BA3609DF8070000F003FFDAE7F5
:1078E000D4F8104454B90D4B0D480E49C01AC008C5
:1078F000000440F0020000F05FF8CCE72368204667
:107900009B689847E3681C68ECE7002585E700BFA3
:10791000203E032094CA02002C3E0320A8CA020085
:10792000E8CA020074CB02002DE9F34704460E4674
:10793000924601A9012218469946FFF713FE1C4FF3
:1079400010B3019D4FF00008AA1CC84508EB0201C6
:1079500025D11848002101F0BDF880F31000000483
:1079600040EA1440E4006B1C04F03804DBB2EDB2D2
:1079700044F0010407EB8303033544EA881444EA26
:107980008624D86047F825403B781BB1FFF7CEFE30
:107990000028FBD1FFF7BEFE02B0BDE8F087C9B2F8
:1079A00007EB81015AF82830CB6008F10108CCE7D9
:1079B000203E03203C42032000231A46FFF7B4BFB9
:1079C00007B50123019201AAFFF7AEFF03B05DF8EE
:1079D00004FB07B5CDE9002302236A46FFF7A4FFA5
:1079E00003B05DF804FB000030B50F49D1F8102456
:1079F00003460020144634B9DC6820714AB9C1F846
:107A00001034226030BDE4682579854206D02468B0
:107A1000F1E7D268116821601360F3E701300A28AA
:107A2000E8D14FF0FF30EDE7203E0320084A38B59B
:107A30000123D2F8104413701D4604B938BDE36821
:107A40005D71236820465B689847E3681C68F4E72B
:107A5000203E032007B503460846197A052911D0B0
:107A60005B7A2BB1094A0A49019001F0E0F80198CC
:107A70000849019001F0DBF8019803B05DF804EBD0
:107A800001F0CAB8002AF8D0F2E700BF98CB020094
:107A90009DCB020062D4020030B5C38885B0044695
:107AA0000D4633B1144A00921449154A284601F094
:107AB000BEF8217A05291DD0637A4BB1A088FFF763
:107AC00013FE104B104953F82020284601F0AFF860
:107AD000227A0E4BA08853F8222003920021FFF750
:107AE000E7FD039A0A490346284605B0BDE8304041
:107AF00001F09DB805B030BD98CB0200A8CB0200C4
:107B0000A0CB020024CC02009DCB020048CC020096
:107B1000C0CB02002DE9F04385B01F460C9D002329
:107B200095F80C902B7306460C469046294638462D
:107B3000FFF7B2FFB8F1060F09D8DFE808F004122A
:107B4000181F283340003146284601F070F8002203
:107B500029463846FFF77EFF85F80C9005B0BDE852
:107B6000F08322683146284601F061F8EFE7D4E956
:107B700000233146284601F05AF8E8E7A36800934D
:107B80003146D4E90023284601F051F8DFE7E368E5
:107B90000193A36800933146D4E90023284601F0FD
:107BA00046F8D4E723690293E3680193A36800933E
:107BB0003146D4E90023284601F039F8C7E7636964
:107BC000039323690293E3680193A368009331460A
:107BD000D4E90023284601F02AF8B8E708292DE95E
:107BE000F74F80460E4617461C463CD8002593F8B2
:107BF0000C901D7319461046FFF74EFFDFF888A062
:107C0000DFF888B0AE4231D918F805205946204631
:107C100001F00DF80135082DF4D11949194DDFF89F
:107C200070A0204601F003F84FF0000B5E4522D90A
:107C300018F80B207E2A05D81046019204F0E8FAC5
:107C4000019A00B92E225146204600F0F0FF0BF1B8
:107C5000010BBBF1080FE9D1012221463846FFF79D
:107C6000F9FE84F80C9003B0BDE8F08F5146204631
:107C700000F0DDFFCEE72946204600F0D8FFE6E71A
:107C8000D4CB0200D2CB0200D0CB0200CACB020080
:107C9000D6CB0200C30710B507D4F023054A40082D
:107CA000145C23401943115410BD0901C9B20F23BC
:107CB000F4E700BFE842032030B5094B1C78094BBC
:107CC000196800239C4202DC0022104630BD11F8E6
:107CD0003350854201EBC302F7D00133F2E700BF16
:107CE000D84203200843032013B504460191FFF74F
:107CF000E3FF38B143682BB10199204602B0BDE8DB
:107D00001040184702B010BD034B04481968002208
:107D1000490800F083BA00BFDC420320F02A0020AB
:107D200010B5C0B2FFF7C8FF0446007801F030FF7D
:107D300063785A1E53425341834208D1044BD3E91E
:107D40000023134303D1BDE81040FFF7DDBF10BD92
:107D5000E042032037B54308354AD35CC2074CBF25
:107D60001B0903F00F0304460D46042B35D8DFE84A
:107D700003F003252C383C0079B30121FFF78AFF7B
:107D800000230DF107008DF8073000F087FC01207B
:107D9000A4F12003C4F12001264A20FA01F100FADF
:107DA00003F30B43A040D2E9004120430B43C2E957
:107DB00000039DF8070000F095FC0EE0002918BFB5
:107DC00002212046FFF766FF07E041B10321FFF7DC
:107DD00061FF01212046FFF787FF03B030BD01217D
:107DE000EFE70029F9D10421EBE709B10321E8E726
:107DF000FFF750FF29462046FFF776FF0DF10700F9
:107E00008DF8075000F04AFC0120A4F12003C4F1D2
:107E10002001084A20FA01F100FA03F30B43A040C5
:107E2000D2E9004124EA000021EA0303BFE700BFD2
:107E3000E8420320E04203202DE9F041124E134FA7
:107E400000243378A34208DC114BD3E90023134309
:107E500018D0BDE8F041FFF757BF3D6805EBC408F7
:107E600015F8340001F094FE98F801305A1E534280
:107E70005341181A4142414115F83400FFF76AFF97
:107E80000134DEE7BDE8F081D84203200843032037
:107E9000E0420320092AF7B505460C4616463CD9B0
:107EA00001F0A6FDD8B11E4B1E481D601E4B1F4F92
:107EB0001C701F4B002120221E6004F009FA1D4B8C
:107EC00000200021C3E90001013CE4B20326FF2C9D
:107ED0000BD1194A1948002100F08EF903E001F096
:107EE00041FD0028DFD003B0F0BD9DF8063015F845
:107EF00034008DF8046005EBC40223F007038DF80D
:107F0000063001A993788DF805303A4601F07AFDE4
:107F1000013CE4B20028DAD0E5E70720E3E700BF40
:107F200008430320E8420320D8420320217D0200B9
:107F3000DC420320E0420320397E020068CC0200CC
:107F400070B5084D084E00242B789C4201D30020C8
:107F500070BD3368012113F8340001F0CFFD013406
:107F6000F2E700BFD8420320084303201FB50021D9
:107F7000039001AA44F20100CDE9011100F004F8D8
:107F800005B05DF804FB000010B572B6FFF74EFDBA
:107F9000FFF7CCFB0028FBD1104B114C1149E41A20
:107FA000E408240444F00100FFF706FD0E4B1B68B3
:107FB000DB0700D500BE0D4944F00200FFF7FCFCD2
:107FC000BFF34F8F0A490B4BCA6802F4E0621343B8
:107FD000CB60BFF34F8F00BFFDE700BFA8CA020010
:107FE000E8CA02006CCC0200F0ED00E078CC0200A0
:107FF00000ED00E00400FA0549B152B1531E1A40E9
:1080000007D1826001608380C260104670470E20F5
:1080100070470920704710B58468C2688388121BB6
:10802000934208D3C26813400268D154C368013335
:10803000C360002010BD0420FCE78268C3689A4238
:108040000AD08268838813400268D35C0B7083680F
:10805000013383600020704705207047D0E9022378
:10806000D1E90201994208BF90422CBF01200020B3
:108070007047000008B50B4800F067FC0A4B0B493D
:10808000D3E900231218D1E9000143F100038B4228
:1080900008BF824203D212F1807243F100031046FE
:1080A000194608BD102B00201043032088430320ED
:1080B00037B505460C460A4801A900F07AFC60B1C4
:1080C0000570446001A9064800F09DFC18B1054800
:1080D00000F040FC002003B030BD0420FBE700BFEF
:1080E00074430320102B0020284B73B51E780446E0
:1080F0001EB90026304602B070BD0028F9D0FFF747
:10810000B9FFD4E90223994208BF904238D3002333
:108110000DF107008DF8073000F0C0FA23692BB984
:108120004FF0FF324FF0FF33C4E902239DF8070000
:1081300000F0D8FAD4E90530984700250DF1070082
:108140008DF8075000F0AAFA2169B9B1D4E90223E9
:10815000581C08BFB2F1FF3F05D0521843F100038D
:10816000C4E9022335469DF8070000F0BBFA002D54
:10817000BFD00748214601F00EF8BBE70D46F2E7F5
:10818000013308BFB2F1FF3FB3D0F2E71843032039
:1081900094CC020013B5114B1149186801900823C3
:1081A0001048582200F0F2FB044698B90E4A0F48D6
:1081B00001A900F0BBFA044660B90C48012100F0A7
:1081C000A7FB01230A4A0948194600F009FB094B9D
:1081D00001221A70204602B010BD00BF90CC0200F0
:1081E0001C43032074430320C9820200102B00208B
:1081F000FFFF7F001843032030B56AB103684FF0DA
:10820000FF344FF0FF355A614A1E5142C3E902451F
:1082100051411961002030BD0720FCE7F7B5054644
:1082200000240DF1070017460E468DF8074000F0B8
:1082300035FAD5E90223013308BFB2F1FF3F07D178
:10824000FFF718FF801941F10001C5E9020101247F
:108250009DF8070000F046FA4CB12B69AF6103B1FD
:108260002E6129460020FFF723FF03B0F0BD204612
:10827000FBE737B5054600240DF107008DF80740F0
:1082800000F00CFAD5E9022301330FBFB2F1FF3F32
:108290004FF0FF324FF0FF33C5E9022318BF01242E
:1082A0009DF8070000F01EFA2CB129460120FFF7C7
:1082B000FFFE03B030BD2046FBE70000014800F0A0
:1082C00044BB00BF102B00202DE9F74F804600F083
:1082D00027FB40B1634AD2E9003113F1807341F1C9
:1082E0000001C2E900310021404600F028FB38B10E
:1082F0005D4E336823B13068FFF7F6FE002333602C
:108300000121404600F01BFB20B1FFF7B3FE574BA5
:10831000C3E900015648DFF8509101A900F083FB42
:108320004FF0FF364FF0FF3798B9DFF848A14E4FB6
:10833000504600F046FF002800F08780D0E9022375
:10834000591C08BFB2F1FF3F34D1504600F033FF53
:10835000EEE70378012B20D0022B09D1DFF814A11E
:10836000504600F028FF002877D0C0E90267F7E701
:1083700053B94168D1E90223013308BFB2F1FF3F8D
:1083800002D03C4800F007FF01A9394800F076FB15
:1083900001A9374800F047FBC6E74168D9F800302B
:1083A000994203D10023C9F80030EDE7314800F0CD
:1083B0000BFFE9E7396891B13968D1E902018B42D5
:1083C00008BF82422FD23B68D3E90223013308BFA2
:1083D000B2F1FF3F03D03968504600F0DCFE504652
:1083E00000F0E9FED0E9026B8146FFF743FE341A44
:1083F0006BEB0105012C75F1000319DBB4F5350FAA
:1084000014D3FFF75BFF1C4A02441C484FF4960349
:10841000002100F005FA98B93B6813B9404600F016
:10842000D7F9C7F8009003B0BDE8F08F3246ECE70B
:108430001248002100F079FA4846FFF755FE01E0A6
:108440000D28F9D000233B6072E7074B1B68002B17
:10845000E9D1404600F0C0F9E5E7094B01221A7066
:1084600092E700BF1043032090430320884303207A
:108470007443032094CC0200FFFFB400102B0020B3
:10848000184303200648074A03780749D35C0122B2
:1084900013B1043002F0D0B80C3001F07FBE00BF41
:1084A000182B00200C440320BC4303200648074A35
:1084B00003780749D35C012213B1043002F068B895
:1084C0000C3001F019BE00BF182B00200C44032013
:1084D000BD43032037B50578012D0BD0022D2ED0DA
:1084E00065B91E491E48FFF7A8FD002832D1FFF7E5
:1084F000DDFF03E0037A1BB9FFF7C4FF03B030BD13
:108500004368184C19782046FFF785FD80B18DF837
:1085100000500190144B68461B689847A168E368B7
:10852000A2885B1A9A42E7D2104B01221A70E5E743
:10853000A268E3689A42F1D08DF80000EAE7C368C8
:108540008DF800500193FFF79DFF074B68461B68AD
:108550009847D3E703238DF80030F6E7BD430320A7
:10856000AC4303209843032094430320A8430320F3
:10857000F0B51F46234B89B004461A600D4600290A
:108580003DD08A8820480968FFF736FD002834D19D
:10859000AA89A9681D48FFF72FFD00282DD11C4E80
:1085A0000FCE6D460FC596E80F0085E80F00636992
:1085B0000693237C174A18488DF81C70003B18BF9F
:1085C00001238DF81430637C002B14BF0E2300238D
:1085D0008DF81530E3680293A36803932368019331
:1085E00069466368009301F0D9F830B90B4B1870F5
:1085F0002368013301D0FFF745FF09B0F0BD072024
:10860000FBE700BF9443032098430320AC430320BF
:10861000A0CC0200D5840200182B0020A843032020
:1086200070B5084D014608482E78FFF706FD044650
:1086300036B100232B70FFF725FF08B1FFF796FC3A
:10864000204670BDA84303209843032010B501467F
:108650000E48FFF7E0FC0446A8B90D480D4A037820
:10866000D35C63B1043001F0DBFF60B90A4907480D
:10867000FFF7E3FC38B9BDE81040FFF717BF0C3037
:1086800001F080FDF1E7204610BD00BFAC430320A0
:10869000182B00200C440320BD43032070B5EFF3DA
:1086A000108672B60C4A946801239CB993600B4BF8
:1086B0000B4DD3F8801029401160C3F88050D3F8D7
:1086C000841051604FF0FF32C3F88420047006B963
:1086D00062B670BD0370FAE7C043032000E100E01A
:1086E000FC06FFBD084B9A6810B55AB150B9EFF3BC
:1086F000108172B6054A1C6814605C68546098600A
:1087000001B962B610BD00BFC043032000E100E024
:10871000435882B03BB10023435043580193019B1F
:10872000012002B070471846FBE70000F8B5204B67
:108730004479204D43F824201F4A204B05EBC40404
:108740009B1A2279DB081B0432B143F002001C495A
:10875000FFF732F90820F8BD02680C88C2F8084516
:1087600090F904608A7804795201002ED2B219DBA4
:1087700014498F1987F800230122760904F01F0499
:1087800002FA04F441F82640427905EBC2010124C3
:1087900045F832000C7143F003000B49FFF70CF968
:1087A0000020D8E7094904F00F040A55ECE700BFA0
:1087B000D4430320CC430320A8CA0200F8CA020015
:1087C000C0CC020000E100E0E2CC020014ED00E0C9
:1087D000036801221A607047036801225A607047DB
:1087E00073B501F15005AD000068ADB24FF48034AF
:1087F0008C400026C0F80843C0F84843465101F5B4
:10880000A8714559019522F07F42019D40F8212031
:10881000C0F844430BB1C0F8044302B070BD00007F
:108820002DE9F74F0D4622F07F4402684FF4803760
:1088300005F150068F408046B60002EB8500C2F875
:108840004873B6B2C2F80873D2F8041599464FF0CF
:10885000000BD0F84035C0F8401542F806B05B1A5E
:108860009259009223F07F43012B009A4FEA850A28
:108870000CD1264B4FF4806043F001039847D8F8A1
:10888000003043F806B09B590193019BD8F80010C3
:10889000D1F80465C1F84473A31B23F07F43012B77
:1088A0001CD11A4B05F5A875013443F0010341F8BA
:1088B00025404FF480609847D8F80030D3F804354D
:1088C0009E4209D1D8F800300020C3F84473C3F8A1
:1088D000047303B0BDE8F08F0D20FAE78A44C9F1B4
:1088E000FF13CAF84045D1F80405221A013A22F0D4
:1088F0007F4203F57F439342EED3002AE2D1013455
:10890000CAF84045D1F804359842DAE700CD0200B4
:1089100003680222C3F8442309B1C3F80423704753
:1089200000684FF48271FFF7F3BE4FF4803303FA0F
:1089300001F10368C3F84813C3F8081370475031B6
:108940008900006889B2FFF7E3BE0368D3F8040525
:108950007047000090F90430002B09DB5A0901210F
:1089600003F01F0301FA03F34032024941F82230B9
:10897000704700BF00E100E0024B034A1B6810682B
:10898000184700BFD4430320CC43032010B561B186
:10899000B2FBF3F403FB1424A4B244B9C0E90014FD
:1089A00084608281C381204610BD0E20FCE709202F
:1089B000FAE737B550E8013F9DB2C4892544848960
:1089C000A54228BF2D1B0489A54202BFBFF32F8FEC
:1089D000002207E0C5EA030540E80154002CE9D174
:1089E0004FF001028DF803200193019B9DF80320B5
:1089F0000B6002F0FF0322B10B880068184403B03B
:108A000030BD1846FBE70A884B889A4209D150E8E6
:108A1000012FC2EA024240E80123002BF7D10120D6
:108A200070470020704737B550E8023F1FFAA3F5A2
:108A3000C488A54202BFBFF32F8F00220DE0C48976
:108A400025448489A54228BF2D1BC3EA054540E87B
:108A50000254002CE8D14FF001028DF8032001935D
:108A6000019B9DF803200B6002F0FF0322B14B88AD
:108A70000068184403B030BD1846FBE70A884B88ED
:108A80009A4209D150E8022FC2EA224240E802236A
:108A9000002BF7D1012070470020704701F01F0222
:108AA0004B090121914000EB830000F01EB801F05A
:108AB0001F0301229A404B0900EB8300D14300F0D1
:108AC0002CB84B0901F01F0150F82300C84000F0FA
:108AD0000100704710B5034653E8000F0A4643E80B
:108AE000002494F0000FF7D110BD10B5034653E8F1
:108AF000002F42EA010043E8000494F0000FF6D191
:108B000010BD10B5034653E8000F00EA010243E828
:108B1000002494F0000FF6D110BD10B5034653E8C1
:108B2000002F02EA010043E8000494F0000FF6D1A0
:108B300010BD10B5034653E8002F02EB010043E8D7
:108B4000000494F0000FF6D110BD10B5034653E8B1
:108B5000002FA2EB010043E8000494F0000FF6D1CF
:108B600010BD0121FFF7C1BF0021FFF7CABF10B53B
:108B700090B1D0E9012301689B1ADBB20A60013B86
:108B8000DBB2FF2B026802D10020107110BD11680A
:108B90004C1C14600B70F2E70E20F7E737B5054662
:108BA00000240DF107008DF80740FFF777FD2A68D4
:108BB0006B68116899420ED9481E106011F8014C7B
:108BC000EB68298A01FB0434AB6811791B1ADBB20C
:108BD000994238BF13719DF80700FFF783FD2046C7
:108BE00003B030BD37B5054600230DF107000C4634
:108BF0008DF80730FFF752FD2A681368591C116081
:108C0000E968641A298AB4FBF1F41C709DF8070026
:108C1000FFF768FD03B030BD826810B504462AB185
:108C200043690168006998470023A36010BD0EB432
:108C300003B5039921B104AB01AA019300F076F8C2
:108C400002B05DF804EB03B070470A2938B504465A
:108C50000D4602D10D21FFF7F8FFA3682268591CC9
:108C6000A160D554D4E901329A4204D32046BDE82C
:108C70003840FFF7D1BF38BD2DE9F84F9846DDE900
:108C80000A43154682460F460A464FF00109AA429A
:108C90000FD2C14538BFC14613F0010B01D16CB9E9
:108CA00000240126B8F1010F1BD908F1FF386E43EB
:108CB000F8E709F10109B2FBF5F2E8E79B070ED5E9
:108CC000B8F1000F0CBF30262026A145E9D2013CA7
:108CD00031465046FFF7B9FF002CF6D1E0E72026D9
:108CE000F3E7B7FBF6F39D42E1D9DFF83C80B7FB31
:108CF000F6F3504618F8031006FB1377FFF7A5FFAD
:108D00003346AB42B6FBF5F6F1D2BBF1000F02D011
:108D10000CB1A14501D3BDE8F88F20215046013C9C
:108D2000FFF793FFF4E700BF06CD02002DE9F74FF0
:108D3000054617468846002900F0428118F8011BB5
:108D400049B92B7B002B00F03B81284603B0BDE8DE
:108D5000F04FFFF761BF252940F0B780002698F853
:108D600000302D2B424608F1010823D0302B24D0AF
:108D70002B2B25D000242A2B02F1010123D13B68A3
:108D80001A1D1B683A601C440A4613782E2B26D104
:108D900001324FF0000A104610F8011BA1F1300C0F
:108DA000BCF1090F1DD80A2303FB0A13A3F1300AF3
:108DB0000246F0E746F00106D1E746F00206CEE7AC
:108DC00046F00406CBE711F8013CA3F13000092876
:108DD000DBD80A2202FB0434303C0A46CBE74FF0D2
:108DE000000A12F8011B01F0FB0068289046F8D039
:108DF000782909D86F290CD8632962D022D825296F
:108E000063D0582900F0888098F80030002B95D165
:108E100097E770390829F7D801A353F821F000BF6C
:108E20009B8F0200098E0200098E0200298F02002A
:108E3000098E0200078F0200098E0200098E0200CF
:108E4000198F0200642901D06929DDD13A68D2F86E
:108E50000090111D89EAE9723960A2EBE9724FF0C6
:108E6000010B092A35DCD34538BFD3462CB1B9F103
:108E7000000F01DB720700D5013CB30702D5BAF140
:108E8000000F03D0F00701D44CBB0024B9F1000F50
:108E90002DDAC9F100092D212846FFF7D6FE06F08C
:108EA0000302022A04D1BAF1000F01D11CBB002435
:108EB000CDE9004653460A2249462846FFF7DCFE24
:108EC000A2E73B681A1D19783A602846FFF7BDFEF5
:108ED0009AE70A230BF1010BB2FBF3F2C1E7A345BA
:108EE000D4D220212846013CFFF7AFFECCE7710722
:108EF000D5D52B21D0E7A345DAD230212846013C35
:108F0000FFF7A3FED2E73968CDE900460A1D3A60B3
:108F100053460A220968D0E739680A1D3A60CDE94C
:108F2000004653461022F5E73B681A1D3A6016F0DA
:108F30000106D3F8009028D1B9F1000F03D04846BC
:108F400003F01BFA0646B44200D904BB09F1FF390D
:108F500019F8011F00293FF457AF2846FFF775FEA7
:108F6000F6E728460136FFF770FE19F806100029CB
:108F7000F7D1A642BFF448AF002C3FF445AF202103
:108F80002846013CFFF761FEF3E70026EDE72021CC
:108F90002846013CFFF759FED5E73B681A1D3A60A9
:108FA000302128461C68FFF750FE78212846FFF73D
:108FB0004CFE00220823CDE90032214610227CE736
:108FC00003B0BDE8F08F00BF2DE9F84FB0F806A060
:108FD0004579D2F800B09DF828900AFB05F5043DCC
:108FE00088460BEB0301A94203F1040488BFA5EBFB
:108FF000030BB4FBFAF607460AFB1644C2F800B0AE
:109000004EB9AAEB04055D4528BF5D46BBF1000FD4
:1090100004D1BDE8F88F3F68013EF1E7043408EB66
:1090200006003C442A46B9F1000F0DD02146ABEBB7
:10903000050B03F024F9DA452E443F6855464FF0FE
:10904000000428BF5D46E1E701462046EFE7FFF751
:109050008EBDF8B546790146721E0546002393423F
:109060002D6803D30024A64202D8F8BD0133F6E7E9
:109070000F682846FFF7B6FD01343946F3E72DE9BE
:10908000F843068ACD1C0746FFF788FD043E3544A9
:109090000446B5FBF6F5F0B14FF48073EDB2838072
:1090A000C680013D076081464FF00008A84512D2F6
:1090B0003846FFF773FD064648B1637901336371A3
:1090C00008F10108C9F8000007608146EEE7204674
:1090D000FFF7BFFF34462046BDE8F8830121043086
:1090E000FFF727BD10B5012104460430FFF72DFD21
:1090F00010F0FF0F04D12046BDE81040FFF7A9BFD4
:1091000010BD1FB503920022009203AAFFF75CFF77
:1091100005B05DF804FB1FB503920122009203AA7B
:10912000FFF752FF05B05DF804FB0000064B10B5D9
:1091300000241C70054B1C60BFF35F8F0449054879
:1091400000F013F8204610BDE0430320E443032061
:1091500020CD0200D8430320836800225A60C3E96F
:1091600004229A60DA601A6070470B684A684360AC
:10917000934208BF0023016008BF43607047436803
:1091800043B10268916852680B449342436004BF44
:1091900000234360704770B5446806460D4620685A
:1091A00018B1B3682946984718B923682B60256021
:1091B00070BD2468F3E74368186808B102681A6054
:1091C00070474368186870474368186800B970476B
:1091D000884203D102681A60012070470346006884
:1091E000F4E7000010B50D49A1F59472914201D841
:1091F00000200FE08C1AE30F03EBE4035B1002EB9B
:10920000C30452F83330834205D802D204F1080275
:10921000ECE7606810BD2146E8E700BF2CD20200F1
:1092200008B5FFF7DFFF024B002808BF184608BD4E
:10923000EFD0020010B50446C0B2FFF707FA20468F
:1092400010BD0000034B1868A0F1080358425841B4
:10925000704700BF30010010064B1B68082B06D179
:10926000054B1B68052B02D8044AD05C70470020D0
:10927000704700BF300100103401001032D20200EC
:10928000024AD2F80034002BFBD0704700E00140C6
:1092900010B5FFF7D7FF40B14FF080430022C3F86D
:1092A0000C21C3F81021C3F83825FFF7CBFF0028A5
:1092B00046D04FF08052614BD2F80414C3F8201509
:1092C000D2F80814C3F82415D2F80C14C3F82815E2
:1092D000D2F81014C3F82C15D2F81414C3F83015B2
:1092E000D2F81814C3F83415D2F81C14C3F840157A
:1092F000D2F82014C3F84415D2F82414C3F8481542
:10930000D2F82814C3F84C15D2F82C14C3F8501511
:10931000D2F83014C3F85415D2F83414C3F86015D9
:10932000D2F83814C3F86415D2F83C14C3F86815A1
:10933000D2F84014C3F86C15D2F84424C3F8702551
:10934000FFF78AFF10B13E4B3E4A1A60FFF784FFD9
:1093500018B13D4BFB22C3F81825FFF77DFF48B13C
:109360003A493B4B0A681B6822F00F0203F00F03D7
:1093700013430B60FFF770FF18B1364B4FF40072C8
:109380001A60FFF75FFF48B14FF08043D3F8002425
:10939000D20744BF6FF00102C3F800242E4AD2F86E
:1093A000883043F47003C2F88830BFF34F8FBFF3A7
:1093B0006F8F2A4B1B68082B0ED1294B1B68052B7E
:1093C00002D8284AD35C3BB14FF01023D3F80822CF
:1093D0004FF08043C3F858254FF01023D3F80022F4
:1093E000002A03DBD3F80432002B22DA1E490123C2
:1093F000C1F80435FFF744FF4FF010201224C0F8E5
:109400000042FFF73DFFC0F80442FFF739FF002399
:10941000C1F80435FFF734FFBFF34F8F0E49134BEC
:10942000CA6802F4E0621343CB60BFF34F8F00BF02
:10943000FDE70F4B0F4A1A6010BD00BF00C000408F
:109440008C5600404881030000F00040E40E0040CC
:10945000580200104096024000ED00E0300100107C
:10946000340100102CD2020000E001400400FA0593
:109470002C2B00200090D003074B1B5C1F2B8ABFB6
:10948000064A4FF0A04203F01F03D2F80405D8406B
:10949000C04300F0010070473CD2020000030050BE
:1094A000074B1B5C1F2B86BF064903F01F034FF0C1
:1094B000A041012202FA03F3C1F80C35704700BF46
:1094C0003CD2020000030050074B1B5C1F2B86BFE1
:1094D000064903F01F034FF0A041012202FA03F3F3
:1094E000C1F80835704700BF3CD2020000030050AD
:1094F00008B50020FFF7E8FF0120FFF7E5FF022095
:10950000FFF7E2FFBDE808400320FFF7DDBF08B525
:109510000020FFF7C5FF0120FFF7C2FF0220FFF781
:10952000BFFFBDE808400320FFF7BABF0A4B185C35
:109530001F288ABF094B4FF0A04300F01F00D3F84B
:1095400004250121814021EA02000A40C3F80805F0
:10955000C3F80C25704700BF3CD202000003005046
:10956000074B1B5C1F2B8ABF064A4FF0A04203F03B
:109570001F03D2F81005D840C04300F00100704727
:1095800038D20200000300500B2809D00C2809D063
:10959000182809D019280CBF03204FF0FF3070475E
:1095A000002070470120704702207047014B185C73
:1095B000704700BF38D20200C20710B504460CD570
:1095C0004FF0A0430322C3F83427C3F83827C3F869
:1095D0003C27C3F84027FFF78BFFA3070AD54FF0BE
:1095E000A0430C22C3F82C27C3F83027C3F8602708
:1095F000C3F8642710BD000038B5074C051E04F100
:10960000080318BF1C4623682BB11A6822605B68E8
:1096100028469847F7E738BDF043032020B9054BAB
:1096200001225A70FFF7E8BF012802D1014A907069
:10963000F8E77047E843032020B9034B01225A7032
:10964000FFF7DABF704700BFE843032038B50E4C80
:109650002378B3B90D486360A3602361E36000F031
:10966000E5F8054602F02EFA08B900F0EBF8012300
:109670002370074BD3F800340BB10123A3702846A5
:1096800038BD8525F5E700BFE84303201D9602009D
:109690000000014037B50D4C00230DF107008DF897
:1096A0000730FEF7FBFFE368013BE360E36833B993
:1096B000074BD3F8005415B900F0D6F8A5709DF803
:1096C0000700FFF70FF803B030BD00BFE8430320E9
:1096D00000000140012813B50CD0032820D038B970
:1096E000124B0122C3F88020BFF34F8FBFF36F8F5F
:1096F00002B010BD0E4C00230DF107008DF80730AD
:10970000FEF7CCFF23780BB9FFF7A0FFE3689DF8C5
:1097100007000133E3600123A370FEF7E3FFE7E7EF
:1097200000F090F8FFF7B6FFE2E700BF00E100E0CD
:10973000E84303201FB503788DF800304368019398
:1097400083688DF80830C368054A0393054B684663
:1097500053F8213052F82110984705B05DF804FB0A
:10976000FC430320044403201FB503788DF8003028
:109770004368019383688DF80830C368054A0393F2
:10978000054B684653F8213052F82110984705B030
:109790005DF804FBFC43032004440320F0B5194B9F
:1097A00090F800C0DFF86CE043F82C20164B16460A
:1097B0000A6943F82C204B7F0EF80C300C46074604
:1097C0000FCC89B06D460FC594E80F0085E80F00F7
:1097D0001EF80C30CDF810C04BB1002E0B4A694674
:1097E00008BF3246381D00F0F5FD09B0F0BD002E6F
:1097F000074A694608BF324607F10C0000F0AAFB91
:10980000F3E700BF04440320FC4303203597020024
:10981000699702000C44032000F18040002382B0CD
:10982000036003680193019B02B07047044A1379F7
:1098300023B9012110609180184670478520704738
:1098400010440320074B1A68D20704D4C02283F8BF
:10985000002301221A604FF080430122C3F818252B
:10986000704700BF00E100E04FF0804208B50223DE
:10987000C2F808334FF48270FFF7CEFF034B01218B
:109880001960D2F81834DB03FBD408BD0C0000408B
:10989000124B1B6810B573B14FF48070FFF7BCFF1B
:1098A0004FF080430122C3F808230D4B587910B9BB
:1098B0005A711B6898470B4B1B6873B14FF4827049
:1098C000FFF7AAFF4FF080430222C3F80823044B9E
:1098D000BDE810401B680120184710BD0001004082
:1098E000104403200401004000F1804000F5C04016
:1098F000002382B0036003680193019B02B07047AC
:1099000003681F2B83BF03F01F03036001484FF060
:10991000A04070470003005007B5019001A8FFF771
:10992000EFFF019B00EB8300D0F8003723F44033B6
:10993000C0F80037D0F8003743EA0141C0F80017FB
:1099400003B05DF804FB0000054B4FF0FF32072821
:1099500043F8202084BFC01880F85820704700BF0B
:109960001844032038B51E4C94F86A30ABBB4FF650
:10997000FF71FF205A09012A14BF4FF0FF320A4637
:1099800003F01F05EA40D20748BFE21803F10103C4
:1099900048BF82F83000302BECD10021C8B2FFF76D
:1099A000D3FF01310C29F9D1062200210D4802F024
:1099B0008FFC0D4BC02283F8062340221A604FF41F
:1099C000BE70FFF791FF094B4FF00042C3F804232C
:1099D000012384F86A30002038BD0820FCE700BF6E
:1099E000184403207C44032000E100E000600040B4
:1099F000034B93F86A00003818BF0120704700BF7E
:109A000018440320F7B53B4E3318054693F9303020
:109A1000002B6CDA8B78C3F34003002B0BBF0824B8
:109A200000240C200820844202D1042003B0F0BDA1
:109A300056F82470013743D1701946F8242080F875
:109A4000304013B9331983F858508B785A0717D41C
:109A5000D80737D501A80195FFF752FF019B00EB0E
:109A60008300D0F8003723F00203C0F80037224803
:109A7000EA0805F007070123BB40875C3B4383549A
:109A80008B780A7813F0020328D0A40004F18044F4
:109A900004F5C0442D02D4F8103523F44F3323F4D9
:109AA0004073C4F810351204D4F8103505F47C5511
:109AB00002F4403215431D43C4F810550020B5E7A9
:109AC0000134B0E701A84A780195FFF719FF019B1F
:109AD00003F5E073920040F82320C8E7083C3444C3
:109AE00094F8605045EA821284F86020E6E7082086
:109AF0009CE700BF184403207C44032073B5224C2C
:109B00002618054696F93020072A1ADD224492F8D5
:109B100058309B09032B0FD1019001A8FFF7F0FEED
:109B2000019BD0F81015D94001F0010102312846FF
:109B3000FFF7F2FE02B070BD012B0CBF0221032122
:109B4000F5E7D3B2072BF5D8930003F1804303F573
:109B5000C043D3F8100540F00100C3F8100502F12E
:109B60004000800080B2FFF7BFFE0029E2D096F9E6
:109B7000303054F82330002BDCD0012303FA02F2FA
:109B8000024BC3F80423D5E71844032000600040CB
:109B900007B5019001A8FFF7B3FE019BD0F81005AF
:109BA000D84000F0010003B05DF804FB2DE9FF4749
:109BB0000024CDE90244584D4FF48072012102F196
:109BC000804303F5C04390B21B68012B06D1D5F842
:109BD00004330B4202D0FFF787FE0C430432B2F588
:109BE000907F4FEA4101EAD14C4B1B68012B11D108
:109BF0004FF4BE70FFF778FE4FF0A04344F00044EE
:109C0000D3F820250292C3F82025D3F82028039208
:109C1000C3F8202814F0FF0F1AD0414F0025012669
:109C2000344210D0AB0003F1804303F5C043D3F8B6
:109C30001005D3F8101557F8253023B1C1F30141B1
:109C4000C0F3052098470135082D4FEA4606E7D1B5
:109C5000002C59DA324D334C334E4FF000080127B7
:109C600016F9013B5A1C3CD0C3F3C20104A80144BD
:109C70005FFA83F911F8081C03F03F0203F00703B1
:109C800007FA03F319422CD001A80192FFF738FE1E
:109C9000019B03F5E07350F82330C3F3014ABAF196
:109CA000020F10460CBF03210221FFF735FE01A869
:109CB0000192FFF725FE019B07FA03F3C0F8203558
:109CC000AB1893F9303055F8233053B14FEA99115E
:109CD000032904D0BAF1020F19D1012901D110468C
:109CE000984708F10108B8F1040FB9D14FF0A0432B
:109CF000D3F820250292C3F82025D4F82035039309
:109D0000C4F820351343A7D104B0BDE8F087BAF1F9
:109D1000030FE6D10229E1E7006000407C610040CA
:109D2000184403200003005078440320014B1B68B3
:109D3000184700BF844403200E4B984237B50C46A9
:109D400002D0002003B030BD00230DF107008DF8D4
:109D50000730FEF7A3FC084B1D7915B901221C60E2
:109D60001A719DF80700FEF7BDFC002DE9D0112007
:109D7000E8E700BF00200040844403200023435054
:109D800082B043580193019B02B070470A4610B558
:109D90004FF48E71FFF7F2FF136A9168C95C136A82
:109DA00001331362C0F81C1510BD024608B50068E7
:109DB0004FF49271FFF7E2FF4FF484711068FFF7E0
:109DC000DDFF136801221A6008BD8B690A4610B5D1
:109DD0004FF4847123B9FFF7D1FFD0F8183510BDC7
:109DE000FFF7CCFF536AD168D0F81805C854536AFE
:109DF00001335362F3E700001FB501238DF80030F3
:109E0000044BCDE90110D3E900126846904705B034
:109E10005DF804FB8C44032030B54C48D0F8043383
:109E200013F4007F85B005464DD0D0F82431002BC7
:109E300049D04FF49271FFF7A1FF4FF40173C0F8BE
:109E40000833434B93F829200AB9012242603F4965
:109E500002228DF80020D1F88024C1F880240392DA
:109E60009A690292DA6801920022C3E906226846E2
:109E7000D3E9001290473548D0F81C315BB1344922
:109E80004A690B6A9A420A464AD991F82830002B4F
:109E900046D1FFF77BFF2D48D0F844318BB14FF40A
:109EA000A271FFF76BFF2A4B93F829200AB1012218
:109EB00002609A692AB10022586AD9689A61FFF74C
:109EC0009BFF05B030BDD5F804335B07D3D5D5F87B
:109ED0000831002BCFD01E4C1C482146FFF775FFE0
:109EE000636AA2699A422346C5D1E269E1684AB130
:109EF0002369E3600023606AA261E3616362FFF7A4
:109F00007BFFB8E794F829200AB901226A600F4A5A
:109F10004FF40170C2F808030022586A9A61EEE714
:109F20000A484FF48E71FFF729FF5369002BB2D016
:109F300051690291002391688DF8003001915361BD
:109F40006846D2E900139847A5E700BF002000400B
:109F50008C4403202DE9F843614B057991462C226E
:109F600002FB0532064692F82A200C469846002A43
:109F700040F0B1805B490068FFF7DEFE074600282D
:109F800040F0AB8021684A1C10D01F2987BF564A79
:109F900001F01F030B464FF0A0420120984003F54B
:109FA000E073C2F80805032042F823006068431CF0
:109FB0000DD01F288BBF00F01F0303464A4A4FF005
:109FC000A04203F5E0734FF0000C42F823C0336861
:109FD000A269C3F8242594F814C0627DBCF1010F76
:109FE0004CEA0202C3F86C25C3F81405C3F80C153B
:109FF0002BD1A168481C0DD01F298BBF01F01F0277
:10A000000A4639484FF0A04002F5E0724FF0000CCC
:10A0100040F822C0E068421C13D01F2887BF324A94
:10A0200000F01F0C84464FF0A0424FF0010E0EFAD4
:10A030000CFE0CF5E07CC2F808E54FF0030E42F888
:10A040002CE0C3F80805C3F810152C236B4308EB6C
:10A050000302C2F80490226948F80320B9F1000F06
:10A0600021D03068247F4FF48E71FFF787FE4FF4C4
:10A07000A2713068FFF782FE32681C4BC2F80433CD
:10A08000110B42F307326301002ADBB21EDB1848D2
:10A09000841884F800330123520901F01F0103FAE8
:10A0A00001F140F8221033680422C3F800252C2364
:10A0B00003FB05830022C3E9062283F829205A61A5
:10A0C000012283F82A203846BDE8F883094A01F0C6
:10A0D0000F015354E7E70827F5E71127F3E700BF1F
:10A0E0008C440320199E02000003005080000200EF
:10A0F00000E100E014ED00E02DE9F047204F90F87A
:10A1000004904FF02C0808FB097405466669002E80
:10A1100034D162610068A16026624FF48E7184F8C8
:10A120002860FFF72BFE2868012383602146FFF794
:10A130002DFE6368A0468BB92868D4F814A0236A62
:10A140009A4511D82A68D2F81C31002BFBD0012384
:10A15000D3602C2303FB097300225A613046BDE80B
:10A16000F08794F828303BB9D0F81C31002BF8D098
:10A170004146FFF70BFEE2E70F26EAE71126EDE77F
:10A180008C4403200379044A2C2101FB03235869E2
:10A19000003818BF012070478C4403202DE9F84394
:10A1A000394F05792C2303FB057306465C6824B1FF
:10A1B00003684FF40170C3F808032C2303FB0573F5
:10A1C000986950B1D86900283ED024B133684FF463
:10A1D0000172C3F80423112433E09A61D9605862F4
:10A1E000D8612C2303FB057393F829301BB910B9F0
:10A1F0003046FFF7DAFD4FF02C0909FB057830688F
:10A20000D8F80430002B34D14FF4A271C146FFF7C7
:10A21000B5FD3068D0F82431D0F80821D0F8444199
:10A22000B2B90CB9002BF4D02C2202FB0575002228
:10A23000AA6123BB2CBB95F8291033680122B1B168
:10A240001A602046BDE8F8831961DA610120C8E789
:10A25000002BE9D1002CE7D14946FFF7B6FDD8F82D
:10A260002430D8F818209A42D3D82346DCE75A6025
:10A27000E7E74FF40173C0F804330024E1E7032457
:10A28000DFE70F24DDE700BF8C44032000234350A9
:10A2900082B043580193019B02B070471FB5012360
:10A2A0008DF80030044BCDE90110D3E90012684667
:10A2B000904705B05DF804FBB84403207FB5434ADE
:10A2C000D2F82461002E60D010464FF49271FFF74F
:10A2D000DDFF02238DF80030D2F88034C2F88034DC
:10A2E0000393D2F83C350293394BDA68019200228D
:10A2F000C3E906226846D3E9001290473348D0F8F4
:10A30000443173B14FF4A271FFF7C0FF304B9A692B
:10A310003AB10022C3E90622D968D0F83C05FFF71C
:10A32000BDFF2A48D0F82031ABB14FF49071FFF750
:10A33000ADFF0123C360264B5A6962B1D0F84C15BA
:10A340000291002299688DF8002001915A616846B7
:10A35000D3E9001290471D48D0F858319BB14FF413
:10A36000AC71FFF793FF1A4B5A6962B1D0F84C15E4
:10A370000291002299688DF8002001915A61684687
:10A38000D3E90012904704B070BDD2F81031002B11
:10A39000B4D04FF488711046FFF778FF0C4BD2F819
:10A3A0003C0599698842A9D1DC69D96864B1D2F8C1
:10A3B000005225F02005C2F800521A699C61DA604B
:10A3C000DE61FFF76BFF99E79C61FAE70020004030
:10A3D000B84403202DE9F843674B067991462422BF
:10A3E00002FB0632044692F820200D469846002AC9
:10A3F00040F0BE8061490068FFF79EFC07460028D8
:10A4000040F0B8802868421C10D01F2887BF5C4AE3
:10A4100000F01F0303464FF0A0420121994003F5CD
:10A42000E073C2F80815032142F8231069684B1C39
:10A430000DD01F298BBF01F01F030B46504A4FF070
:10A44000A04203F5E0734FF0000C42F823C02368EC
:10A45000AA69C3F8242595F814C06A7DBCF1010FE0
:10A460004CEA0202C3F86C25C3F80C05C3F81415B6
:10A470002BD1A968481C0DD01F298BBF01F01F02EA
:10A480000A463F484FF0A04002F5E0724FF0000C42
:10A4900040F822C0E868421C13D01F2887BF384A02
:10A4A00000F01F0C84464FF0A0424FF0010E0EFA50
:10A4B0000CFE0CF5E07CC2F808E54FF0030E42F804
:10A4C0002CE0C3F80805C3F810152423734308EBE8
:10A4D0000302C2F804902A6948F80320B9F1000F7A
:10A4E00030D020682A7F4FF48871FFF7CFFE2068B4
:10A4F0004FF49071FFF7CAFE20684FF49271FFF796
:10A50000C5FE20684FF4A271FFF7C0FE4FF4AC7196
:10A510002068FFF7BBFE23681A49C3F80413190B20
:10A5200043F307335201002BD2B21CDB1648C51887
:10A5300085F8002301225B0901F01F0102FA01F1F5
:10A5400040F8231023680822C3F80025242303FBC6
:10A5500006830022C3E906225A61012283F82020E3
:10A560003846BDE8F883094B01F00F015A54E9E77A
:10A570000827F5E71127F3E7B8440320BDA202003E
:10A58000000300501003420000E100E014ED00E081
:10A5900001F06043B3F1005F2DE9F041064638D188
:10A5A0001E4B0779242505FB073598466C69002C5E
:10A5B00031D16A610068A9604FF49071FFF766FEBF
:10A5C0004FF4AC713068FFF761FE33686A69A968BF
:10A5D000C3F84415C3F8482501229A606A68AAB9ED
:10A5E000D3F82021D3F858411AB9002CF8D00F2401
:10A5F00007E0002CFBD10122DA60D3F85821002AB1
:10A60000FBD0242303FB078700237B612046BDE8A2
:10A61000F0811024FAE71124F8E700BFB8440320C2
:10A620000379044A242101FB03235869003818BF29
:10A6300001207047B8440320F8B501F06043B3F13E
:10A64000005F04460F465ED10379304D242101FBA3
:10A650000351496821B100684FF40476C0F80863DB
:10A66000242000FB03539E6956B1D869002839D0D5
:10A6700021B123684FF40472C3F80423112030E0A1
:10A680009A61DF60DE6120684FF48871FFF7FEFD9C
:10A6900020684FF4A271FFF7F9FD2368C3F8347501
:10A6A000C3F8382516BB01221A602179242202FB47
:10A6B000015252680ABBD3F81041D3F84421D3F8B1
:10A6C0002401144302D10028F5D02246242303FBA1
:10A6D00001550023984218BF03209A42AB6118BF6E
:10A6E0000F20F8BD1F61DA610126CCE7D3F8002204
:10A6F00042F02002C3F80022D7E74FF40472C3F8F7
:10A7000004230020EDE71020EBE700BFB84403204E
:10A710002DE9F341104C114F114E00254FF48038B4
:10A72000236883B1D7F8043308FA05F21A420AD035
:10A73000002323602368019304F5C040019B80B28D
:10A74000D6E9003198470135062D04F10404E7D11C
:10A7500002B0BDE8F08100BF40A1014000A001406F
:10A76000DC44032000F1804000F5E040002382B08B
:10A77000036003680193019B02B07047F0B5504B32
:10A78000504C1B6885B0002B3DD04FF4827094F87C
:10A790002E20FFF7E7FF2AB394F82F3013BB4A4B64
:10A7A0001B68002B33D04FF48070FFF7DBFF638B07
:10A7B00094F82D108B424FD922895B1A9BB292B22A
:10A7C0006383D31A626802EB4303404AC2F82C3613
:10A7D000C2F830164FF48270FFF7C4FF3C4B0122E1
:10A7E0001A6014E0636802932389ADF80C30E368C3
:10A7F00000218DF8041023BB2374236801A8984717
:10A80000002384F82F3094F82E30002BC7D1314B21
:10A810001B685BB14FF48870FFF7A4FF002323741B
:10A8200002238DF8043001A8236898472A4B1B683F
:10A83000EBB14FF48A70FFF795FF0023237405B046
:10A84000F0BD208B608363602081E160002AD4D159
:10A850001E4B01221A60D0E7BCD1E368012284F8C4
:10A860002F2013B100226283AFE76383B2E76669EA
:10A870004FF000470125002EE1D0B6FA86F227FA04
:10A8800002F34632920026EA030602F1804303F502
:10A89000E0431B68002BEED01046FFF763FFA2F5E4
:10A8A0008C72D30882F00402C2F380028DF8083063
:10A8B0008DF8045023688DF8092001A89847DAE73D
:10A8C00004710040E8440320007100400070004023
:10A8D0000470004010710040147100400220FEF727
:10A8E00025BE00002DE9F04780460D46FEF74CFEE0
:10A8F0000328044610D8012D10D0022D30D05DB9A8
:10A900001A48FDF7B6FC1A4B04EB440213449E7838
:10A91000184B1B5DB34219D0BDE8F087144D00EB16
:10A920004002A918AE5C4A78470052B1DFF84C905B
:10A930000E484A464FF48041FDF770FC08B989F88B
:10A9400000803B192B449A780A4B1A55002EE3D00D
:10A95000094B1B68002BDFD03046BDE8F047184795
:10A9600000EB4004024804446678EFE7502B0020D7
:10A970001A450320354503203045032018450320A0
:10A9800000780221FFF7AEBF08B5094B1B7853B121
:10A990000020FEF799FD0120FEF796FDBDE8084076
:10A9A0000320FEF791BDBDE80840FEF7A1BD00BF42
:10A9B00019450320F8B57B4C237805461BB10023CD
:10A9C0002370FFF7E1FF172D00F28880DFE805F024
:10A9D0000C17174354657680888D888D959A9A9ABE
:10A9E0009A9AC4C9D1D9E4E4FFF7CEFF6E48FDF7C7
:10A9F00040FC6E4B002204461A702046F8BD002031
:10AA0000FEF73AFDF8B10020FEF75EFD022D0CBF07
:10AA10004FF4E1614FF47A61644B1D704FF40040D4
:10AA20004FF47A740025E0FB01454FF4FA620023ED
:10AA30002046294601F0F8FA00220146BDE8F84018
:10AA40005948FDF7EBBBFEF72BFD022D0CBFC821CB
:10AA50004FF4C871E0E70020FEF70EFD40B1002082
:10AA6000FEF732FD4FF44871504B03221A70D5E7C0
:10AA7000FEF716FDC821F7E70020FEF7FDFC38B110
:10AA80000020FEF721FD4FF47A61484B0422EDE7E8
:10AA9000FEF706FD4FF4C871F7E70020FEF7ECFC67
:10AAA00048B10020FEF710FD404B05221A7040F619
:10AAB000CD410022C2E7FEF7F3FCF5E70020FEF7E8
:10AAC00035FD3A4B06221A70002240F26661B5E766
:10AAD0000020FEF7E5FC354B07221A7000248CE7B6
:10AAE00001202070FEF722FDEEE701202070FEF726
:10AAF0001DFD00224FF40051A0E7FEF708FD2B4B8F
:10AB00000C22EAE72A482B4EFDF7B3FBD5F11105DD
:10AB100004461CD0D8B9012D13D0C8235D434FF48F
:10AB200000474FF47A7000214FF4FA620023C7FB0C
:10AB3000050101F079FA224601461D48FDF76EFB3A
:10AB400004460220FEF7ACFC0123337055E70220D7
:10AB5000FEF7BAFC0023F8E7FFF716FF134B1222AB
:10AB6000BBE7FFF711FF0020FEF79AFC0F4B132203
:10AB7000B3E7FFF709FF0120FEF792FC0B4B14220D
:10AB8000ABE7FFF701FF0020FEF78AFC0120FEF78C
:10AB900087FC064B1522A0E7FEF7B9FC034B1D709E
:10ABA0009CE700BF2C450320702B00203445032078
:10ABB000302B002019450320044B1B68DB0703D50D
:10ABC000034B1878FFF7F6BE704700BF28450320F7
:10ABD00034450320002910B514BF03240024FEF7D8
:10ABE000E5FC1F288ABF0A4B4FF0A04300F01F006E
:10ABF00003EB8000D0F8002722F44032C0F8002791
:10AC0000D0F8003743EA0443C0F80037002010BDF5
:10AC100000030050032801D8FEF7A2BC00207047B3
:10AC2000044B1B6813F0010301D0FFF7C3BE1846A5
:10AC3000704700BF2845032038B51C4B18601C4BDB
:10AC400010F00204054619601AD01A4B1A480E2259
:10AC50001A700F22DA7010229A7111225A7204218E
:10AC600040F23332FDF716F9044648B9FDF768F9AA
:10AC7000044628B90146114A1148FDF7BDFA0446B9
:10AC8000EB0711D50120FEF797FC6CB921460D4A60
:10AC90000D48FDF7B1FA044630B9BDE838400B4A1B
:10ACA0000B480121FDF7A8BA204638BD28450320EE
:10ACB000304503201A45032074D2020081A9020006
:10ACC00098D20200B9AB02009CD20200DDA80200BB
:10ACD00094D20200032811D8012A0AD101290FD1E8
:10ACE00000F10E02D2B20D4B00EB40001A540020CE
:10ACF00070470129F7D0022904D049B107207047D5
:10AD00000022F8E7054B00EB400018444270EEE7E4
:10AD1000024B00EB400018448270E8E71A4503201C
:10AD2000032802D80121FFF755BF0620704708B558
:10AD3000012202210020FFF7CDFF08B1072810D122
:10AD4000072202210120FFF7C5FF08B1072808D11B
:10AD500000210A220846FFF7BDFF10B1072808BFEF
:10AD6000002008BD0388102B10B502D0112B1ED077
:10AD700010BD1A4C2168B1B901220846FFF7AAFF9D
:10AD800008B1072824D1072202210120FFF7A2FFE2
:10AD900008B107281CD1042202210020FFF79AFFE6
:10ADA00008B1072814D1236801332360E0E70B4A78
:10ADB0001368013B1360002BDAD1FFF7B8FF0028BE
:10ADC000D6D0074B1B68002BD2D0BDE810401847E7
:10ADD000034B1B68002BE6D09847E4E7404503206F
:10ADE0003C45032008B50020FFF79AFF08B106286C
:10ADF00006D10120FFF794FF10B1062808BF0020FC
:10AE000008BD00000D4B10B518600C4629B101209B
:10AE1000FFF700FF40B102232370094B1B6853B9B1
:10AE2000BDE81040FFF783BFFFF7F4FE08B10B2326
:10AE3000F2E72070F1E7002010BD00BF3C45032081
:10AE4000404503200369C1688B429DBF8268D218C8
:10AE500002F1FF3203F1FF3394BF501A581A7047C2
:10AE60002DE9F843D0E902940546A9EB04084068AF
:10AE7000904520440F46144404D901F000FAEC60D8
:10AE8000BDE8F8834246A4EB090401F0F8F96868CC
:10AE9000224607EB0801F0E72DE9F843C5680646AE
:10AEA000894617464FF000083469B3687068A542B8
:10AEB00028BFE418013C621B5C1BBC4228BF3C4617
:10AEC000944228BF144649462844224601F0D7F947
:10AED000B3682544AB4208BF00253F1BA044A144F2
:10AEE000F560E1D14046BDE8F883000010B5114C93
:10AEF000114AA2610223C4E90433104BE361A26446
:10AF00004FF400730E4A0F492362E26400231022BB
:10AF1000E01DA3626362E362A3656365E365226586
:10AF200001F009FA0849204601F005FA2023A3712F
:10AF300010BD00BF44450320A0D20200CC45032031
:10AF4000BC450320A9D20200ADD20200F8B5184CCE
:10AF5000182300FB033503FB00402544C46A012C81
:10AF60000F4616460FD0022C1AD0F4B92846FFF728
:10AF700069FF864205D8324639462846FFF770FFFA
:10AF800034462046F8BD2846FFF75CFF864234462B
:10AF900028BF0446224639462846FFF761FFF0E7FE
:10AFA0002846BDE8F840FFF777BF0024E9E700BF77
:10AFB00044450320FFF79ABF30B5C8B1F2B1002471
:10AFC000651C8D4206DA1588A54212D805196D78E0
:10AFD0009D420ED1A14211D9005D48B1013880B225
:10AFE00030B10234A3B210FA84F4A14206DB13801C
:10AFF00030BD055D01352C44A4B2E1E70020F7E740
:10B0000013B513460022ADF806200DF106020446E2
:10B01000FFF7D2FF10B1BDF80630E01802B010BD46
:10B0200072DF704773DF704774DF704738B50122F5
:10B0300004460D46B0F81414D0F81004FFF7E0FFF2
:10B0400000B1057004F13C0204F5826104F1540082
:10B05000BDE83840FFF7E4BFF8B5077804460D4671
:10B06000002F00F0098100F226468170072200219E
:10B07000304601F02DF9E38813B1A378012B04D0F9
:10B08000E3794BB1A378022B06D1636BA3B1012204
:10B0900084F82D2408209847334604F22C4113F8F5
:10B0A000012F12B99942FAD117466B1E032B57D8BC
:10B0B000DFE803F0050B0F1284F82D34ECE7A379D9
:10B0C0001BB194F8243003B95FB9E3790BB1002FB9
:10B0D00048D1237A002B47D1637A002B0CBF00257F
:10B0E0000425636BA570002B40D0033D012D3DD896
:10B0F0006279002A3AD094F82E24002A36D184F8B6
:10B100003024012284F82F240720984704F13C05BD
:10B1100018220021284601F0DBF8E26A0123511EC3
:10B12000994284F83C3001D9042A00D1D3B294F872
:10B13000242084F8513042B1A36A591E012902D952
:10B14000042B18BF012384F85230A178002384F81F
:10B15000503004291BD8DFE801F0770D2235590063
:10B160000025BEE70225BCE70325BAE7002384F8E3
:10B170002F34CBE7C4E91063C4F820340223012242
:10B1800084F83C30802384F83120A4F84830A37838
:10B19000002B5CD1636B002B6AD1002067E0022397
:10B1A000002A84F8313014BF0723032384F83C308D
:10B1B0002369A4F848300023C4F82034E3682664E7
:10B1C0006364E4E763696364A369A4F8483012B177
:10B1D000062384F83C306379B3B194F82E349BB9DC
:10B1E00094F8303483B1022384F85030042120468F
:10B1F000FFF71CFF0028CAD1052384F8313004F57D
:10B200008263C4F82034C2E70323F6E7E36963648A
:10B21000236AA4F8483012B1062384F83C306379DD
:10B2200083B194F82E346BB994F8303453B10223BF
:10B2300084F8503004212046FFF7F8FE0028A6D1FC
:10B240000623DAE70423D8E784F831309FE7D4F8FF
:10B2500020142A4604F15400FFF7E2FE38B994F8AE
:10B26000301094F85400FFF7DDFE002892D0F8BDAE
:10B2700094F83100984790E70820F8E70388112BED
:10B2800010B50C460AD0262B1FD0102B05D1C37B3E
:10B29000012B02D18388A1F8243410BD00228388B9
:10B2A00081F82E24B1F824249A42F6D10B79002B90
:10B2B000F3D101212046FFF7CFFE0028EDD0A36B8C
:10B2C000002BEAD0BDE810401847037A013B012B60
:10B2D000E3D8897805230131B1FBF3F303EB830352
:10B2E000C91AC9B2E6E738B5044690F85400FFF72A
:10B2F0009BFE012384F82E34002384F8303484F834
:10B30000503006212046FFF791FE054638B9A17856
:10B310002046FFF7A1FE10B1A36B03B19847284662
:10B3200038BD0000034B1A8882420CBF184600202B
:10B33000704700BFE8470320024B9B6903B11847E1
:10B34000704700BFCC47032037B50B46497A0F4AF8
:10B3500071B9D2E901141D7A0246002D18BF2146A9
:10B360005868FCF75BFF08B1FFF7E6FF03B030BD9C
:10B37000002119725369002BF8D00122ADF80600A4
:10B380008DF8042001A89847F0E700BFCC470320C0
:10B390004B8802889A4213D842889A4210D38088F8
:10B3A0008A8840F2F313984294BF031AC31A934257
:10B3B00006D800F2F310904234BF002001207047FD
:10B3C000002070470388122B70B5014659D004D86D
:10B3D000102B1ED0112B44D070BD502BFCD12F4B05
:10B3E000C288DB899A42F7D1038A022BF4D186887E
:10B3F0003046FFF797FF05460028EDD001F1120017
:10B4000000F028F938BB6868FCF733FF0028E3D068
:10B4100009E0C37B012BDFD14FF6FF70FFF782FFFE
:10B42000054620B90420BDE87040FFF785BF1C4ADF
:10B430008E880680002303721368C0F80A305368B0
:10B44000C0F80E3010310A30FFF7A2FF134B6872BC
:10B45000DB89002BC0D129463046BDE87040FFF79C
:10B4600073BF8088FFF75EFF04460028B4D04068B1
:10B47000FCF7FFFE08B1FFF75FFF4FF6FF73238075
:10B48000AAE786883046FFF74DFF05460028A3D07F
:10B4900008310A30FFF77CFF6872DCE7CC470320F5
:10B4A000FC4703200AB1FDF7F9BAFDF700BB73B5FD
:10B4B0000191019C06466CB100252C46294601A845
:10B4C000FDF7FFFA18B106EB440301349D80013506
:10B4D000142DF3D13046346002B070BD2DE9F04731
:10B4E00003888488103B8CB005460A2B1FD8DFE800
:10B4F00003F0063F1E1E1E1E1E1E1E604400314E1F
:10B50000B368DB43009371686846FDF706FB00995A
:10B5100001A8FFF7CCFF0DF108094FF00008019BCF
:10B52000984507D3132C13D90420FCF71FFD0CB04A
:10B53000BDE8F08739F802AB00270137514606EB2A
:10B540008700FDF7B4FA1E2FF7D108F10108E6E7EE
:10B550001D482146FDF7A2FA1C482146FDF79EFA38
:10B56000EB7B022BE3D11A482146FDF797FADEE781
:10B5700015482146FDF79BFAD9E7027A15483F2A7C
:10B580004FEA1215214694BF00220122FFF78AFFDD
:10B59000022D94BF002201220F482146FFF782FFAF
:10B5A000012D0E4894BF002201222146FFF77AFFA9
:10B5B000BDE7037A002BBAD1427A0648C2F3C00233
:10B5C0002146F3E7044803200C48032008480320E1
:10B5D000104803201C480320184803201448032067
:10B5E0001328014602D80248FDF76BBA00207047C5
:10B5F0000848032010B50446FFF7F2FF002814BFE7
:10B600002046142010BD70B50546164608460AB9F6
:10B610000E2070BD00231360002DF9D02B68002B85
:10B62000F6D0EB8813F003040ED1FFF7E3FFC0B2AE
:10B6300014280BD02B7983420AD9EB882A6800FBA7
:10B64000032030602046E4E70720E2E70520E0E73A
:10B650000420DEE7007800F00100704790DF7047BB
:10B66000A5DF7047B5DF70477FB50023ADF8081040
:10B67000ADF80A106A4602A9064603930093ADF896
:10B680000430FFF7EBFF054600B3124B124CE41AEF
:10B69000E408FDF7C5FD240444F0010403460F4906
:10B6A00032462046FCF795F9BDF80020BDF802307F
:10B6B00052EA030103D00A492046FCF78AF9BDF893
:10B6C00004201AB107492046FCF77AF9284604B04D
:10B6D00070BD00BFA8CA020010CB0200B4D20200A5
:10B6E000FED202003DD3020013B5034680880C460B
:10B6F000A0B91A88242A75D012D8112A51D0232A29
:10B700007DD0102A3AD0A37A43B1E1880020FFF718
:10B71000A7FF002879D14FF48073638102B010BD78
:10B720003A2A47D0552AEED1DB88C988A072172B58
:10B7300038BF17238B4228BF0B462381FFF792FFA8
:10B7400060B1FDF76DFD394B3949024639481B1A86
:10B75000DB081B0443F00100FCF732F9E37A002B0D
:10B76000D1D12369002BCED040F6772200922289D6
:10B77000ADF80420694620469847C4E7DB7B097989
:10B780002173012B08D0022B09D0637B8B42BAD2E4
:10B790000020FFF769FFB6E72388E380F5E76388B9
:10B7A000FBE7F723CB8017230B8141F6FB3348815E
:10B7B0008B81A8E75B89CA88934228BF1346172B61
:10B7C0000A6938BF17230B814AB1C97A39B140F6EB
:10B7D00077210091ADF80430694620469047002358
:10B7E000638190E71A7A0B694A73002B8BD04DF670
:10B7F0007A218DF8050000918DF80420BAE7197AB6
:10B80000237B994228BF1946C3E7112886D0FDF74C
:10B8100007FD064B0849024606481B1ADB081B04B5
:10B8200043F00100FCF7CCF878E700BF10CB020032
:10B8300093D30200A8CA0200C2D30200B0DF70474F
:10B8400066DF704710B5002104464088FFF7F8FF17
:10B85000034608B9237210BD112801D10123F9E76D
:10B860006368BDE81040184728B10378DE2B04D187
:10B870004180002070470E20704708207047F0B5C7
:10B88000054685B00C46F1B1E8B10B78DE2B1AD134
:10B8900082884B889A4204D10B7A13B10846FFF78D
:10B8A000D1FF2B88112B32D0512B0ED0012B0AD176
:10B8B0002B7A012B07D1A9886288914203D1237288
:10B8C0002046FFF7BFFF05B0F0BDAE886388B342E6
:10B8D000F9D1AF79022FF6D1AD7B2B1F022BF2D815
:10B8E00000211022684600F0F3FC052D14BF4FF430
:10B8F000C0730023694630468DF80070ADF80430FF
:10B90000FFF79CFF0028DED063689847DBE7638879
:10B91000AA889A4204BF4FF6FF736380D3E7ADDF76
:10B920007047AEDF704770B505468AB00C460029F7
:10B9300062D0002860D00388502B37D0572B72D0AC
:10B94000102B59D181886069002601AA0196FFF762
:10B950005AFE082231460DEB020000F0B9FC02232A
:10B960002189A888CDF80CD002AA0293FFF7D7FF4F
:10B97000002841D1A369002B3ED00398FFF76AFE4F
:10B98000002839D0019B0BB101221A701822002126
:10B9900004A800F09DFC02238DF81030AB88ADF8B0
:10B9A0001830019B05940793A36923E0818860699F
:10B9B00002AAFFF728FE1822002104A800F088FC44
:10B9C000AB882189ADF81830EB88029A059499422A
:10B9D000079218D12E8A022E15D16AB105F11200F4
:10B9E000FFF738FE029B48B101221A708DF81060F3
:10B9F000A3690BB104A898470AB070BD187003235F
:10BA00008DF81030F4E7A2899A42F5D1A369002B92
:10BA1000F2D000228DF8102005F1120208922A8A35
:10BA2000ADF82420E6E78188606902AAFFF7EBFD04
:10BA300001460028E0D1029B1B78002BDCD0A369D3
:10BA4000002BD9D0182204A800F042FC01238DF865
:10BA50001030AB88ADF818300594029BA3E7F0B521
:10BA60000F4687B016461C46054618B3406901AA22
:10BA70001946FFF7C8FDD8B94FF6FF739C421BD09B
:10BA8000019BCBB11B78CBB13388F42B18D801467E
:10BA9000102202A800F01CFCAB88ADF8083002A907
:10BAA00001232046CDE904678DF80A30FFF739FFFE
:10BAB00007B0F0BD0E20FBE70520F9E70820F7E707
:10BAC0000720F5E7014B1878704700BF8048032036
:10BAD00007B508496846FDF748FB019B13B903B059
:10BAE0005DF804FBD3E9002090476846FDF747FB6B
:10BAF000F3E700BF10D40200FFF7EABF61DF704731
:10BB000030B5114DADF5017D4FF4FA740DF1020120
:10BB100003A8ADF80240FFF7F1FF70B9294601A86C
:10BB2000FDF723FB029B002BF0D003A8D3E90021F3
:10BB3000904701A8FDF723FBF4E7052801D0FCF7A7
:10BB400015FA0DF5017D30BD28D40200024B1B789B
:10BB50000BB1FFF7D5BF7047814803204BDF70471B
:10BB60001FB50D4C01A8FFF7F9FF70B9214602A8D7
:10BB7000FDF7FBFA039B002BF4D00198D3E90021D9
:10BB8000904702A8FDF7FBFAF4E7052801D0FCF77F
:10BB9000EDF904B010BD00BF40D402008FB500F035
:10BBA00047F94FF480410020FBF76EFD08B1FCF728
:10BBB000DDF9FBF7A9FC00F031F90DF1070000F009
:10BBC0005DF9FDF7B3FA08B1FCF7D0F91648174E46
:10BBD00000F024FB00230293012703934FF0A043BE
:10BBE000D3F81025110518D5039A012AF8D1F36866
:10BBF0000F4C002543F08073F3606560236843F0C9
:10BC00000103236000F09CF9636802930395029995
:10BC1000084800F003FB0295E0E70397D3F81025EE
:10BC20001205FBD5E0E700BF4CD40200F0ED00E0C8
:10BC3000001000E065D4020076DF70477FDF7047B8
:10BC40008FDF7047B1DF704733DF70470388212BE8
:10BC500013B504463DD007D8112B2BD0132B40D061
:10BC6000102B0CD002B010BD522B42D0562B01D05D
:10BC70003B2BF7D1A0881321FFF7DEFF15E0214B06
:10BC800021482249C01AC008000440F00300FBF715
:10BC900093FE0720FEF7C4FF08B1FCF767F91C4BC1
:10BCA000A1881C481980FFF7DFFD0028DAD0FCF7D7
:10BCB0005DF9D7E7134B14481749C01AC0080004B0
:10BCC00040F00300FBF778FE114B4FF6FF721A802D
:10BCD000C8E7002301A98088ADF80430FFF7B0FF62
:10BCE000E3E70B4800231A4685210088FFF7A6FFEB
:10BCF000DBE7074800231A4619460088FFF7A2FF32
:10BD0000D3E700BFA8CA0200E8CA020077D4020045
:10BD1000B62B00202052032081D4020008B5002059
:10BD2000FEF77EFF08B1FCF721F9FFF75BF808B1D9
:10BD3000FCF71CF9FFF788FF18B1BDE80840FCF7D5
:10BD400015B908BD072808B513D00A280DD0042856
:10BD500019D10D4B13211888FFF76EFF30F008033F
:10BD600011D0BDE80840FCF701B9BDE80840FFF775
:10BD7000D5BF054B1A884FF6FF739A4203D103488B
:10BD8000FFF7B1FAEAE708BDB62B0020D44D032037
:10BD9000F7B50378012B33D0022B31D073BB1A4C8B
:10BDA0001A4D20782844FCF73BFC23780133DBB2A2
:10BDB0001D44237015F8012C0A2A05D00D2A03D042
:10BDC000134A12889A4219D8012B15D9114D0F4EDA
:10BDD000114F2378ADF806300DF106022B8831465D
:10BDE0003846FFF73CFE082806D01328F1D0052876
:10BDF00002D008B1FCF7BAF80023237003B0F0BDFD
:10BE00004068FCF7B3F8F9E7D04D0320DC4C032081
:10BE1000B42B0020B62B0020B82B002008B5FCF76F
:10BE2000B9F918B1BDE80840FCF7A0B808BD00009A
:10BE300030B50E4D0FCD8BB004AC0FC495E80300A8
:10BE40000B4B0C4A00934FF4807384E80300CDE958
:10BE500002230193084A0723694604A8FCF788FBDC
:10BE600008B1FCF783F80BB030BD00BF90D40200DE
:10BE70002C5203202C53032091BD020013B504461D
:10BE80000B490320FEF7D8FE08B1FCF76FF80DF15F
:10BE900007010020FEF7B6FF08B1FCF767F89DF830
:10BEA00007309A1E53425341237002B010BD00BFA9
:10BEB00045BD02002DE9F04FBDF824B0BDF828C003
:10BEC0000F461E46002147F6FF788E4201DCBDE892
:10BED000F08F0B9B33F9113001FB02F54FEA41095A
:10BEE00003FA0BF307EB45050024A2420DDC0B4CD3
:10BEF00043FA0CF3A342B8BF234643450C9CA8BFAA
:10BF0000434624F809300131DFE730F814E035F911
:10BF100002AB01341EFB0A33E7E700BF0080FFFFDE
:10BF2000002310B51C469AB2914200D810BD30F9DA
:10BF30001320002AB8BF20F813400133F3E70000B4
:10BF40002DE9F0412A482B4C2B4D86B000F066F9C4
:10BF50002A4B029313220723CDE9003228492948AE
:10BF6000049564234FF444720394FFF7A3FF204623
:10BF70006421FFF7D5FF244B02930326642304F1C9
:10BF8000C8074FF00F081A46CDE900681F4904950D
:10BF90000397FFF78FFF38466421FFF7C1FF1C4B63
:10BFA0001C490096CDE9018364231A46CDE9034577
:10BFB000FFF780FF20466421FFF7B2FF164B049580
:10BFC0000293164D164903951023CDE900636422B0
:10BFD0000A23FFF76FFF134E002435F9021B30468A
:10BFE000013400F01BF90A2CF7D106B0BDE8F0814E
:10BFF000E2D40200CC5E03202C540320DC2B002072
:10C00000A42C0020D836032024910220EC91022099
:10C010000CE00220D4E00220F42E0320AC580320D0
:10C02000082F032072D4020053EA020C61D02DE9DC
:10C03000F04BB3FA83F51E0007BFB2FA82F502FA9D
:10C0400005F403FA05F41646C5F120051EBF22FAD1
:10C0500005F73C43203556EA044C4FEA144418BF18
:10C060000134A3464FF00009C846904271EB030C1F
:10C0700039D3094207BFB0FA80F700FA07F6B1FAE0
:10C0800081F701FA07F6C7F120071EBF20FA07FC67
:10C0900046EA0C062037B6FBFBFC7F1B103F07F07F
:10C0A0001F04C4F120060CFA04F42CFA06F644BF6F
:10C0B00034460026202FA4BF2646002454EA060C4E
:10C0C00008BF012418EB040849EB0609A4FB027C15
:10C0D000C01B06FB02CC04FB03CC71EB0C019042AD
:10C0E00071EB030CC5D20B46024649464046BDE8FB
:10C0F000F08BB2FBF3F200007F2805D8034B185CED
:10C10000034B5B5C184070470020704708D5020065
:10C1100088D50200A0F16103192B98BF2038704721
:10C12000A0F14103192B98BF203070477F2805D814
:10C13000034B185C034B5B5C184070470020704752
:10C1400008D5020088D50200A0F16103192B98BF21
:10C1500020387047A0F14103192B98BF2030704759
:10C160007F299ABF017001206FF02E0070475AB1ED
:10C170000A787F2A0AD800B102600021196059604C
:10C18000501A18BF01207047002070476FF02E0032
:10C19000704738B504460846A26842B12368616812
:10C1A0005D1C8D4208BF00208B4208D2D054E3684A
:10C1B0002BB121686268914201D2214698472368D9
:10C1C0000133236038BD70B54C1E09D41646C5B284
:10C1D00029463046FFF7DDFF013CB4F1FF3FF7D1C0
:10C1E00070BD10F0100F08D108B510F4007F14BF17
:10C1F00030202020FFF7E7FF08BD704708B5034B4C
:10C200005B689B681B68984708BD00BFF83C03202B
:10C2100008B50921FFF7F2FF08BD00000FB410B503
:10C2200086B008AB53F8044B0593002303936FF0DB
:10C2300000430293084B049300F0EAFB059A214661
:10C2400001A800F0CBF8044600F0E3FB204606B05E
:10C25000BDE8104004B0704735920200037853B136
:10C2600059B10144034613F8012F12B18B42FAD1A0
:10C270000B46181A70470346FBE70346F9E7844666
:10C2800040EA010313F0030F18D18446202A0BD390
:10C290002DE9F007B1E8F807A0E8F807A2F12002BD
:10C2A000202AF7D2BDE8F007042A07D351F8043B4F
:10C2B00040F8043BA2F10402042AF7D2002A05D078
:10C2C00011F8013B00F8013B013AF9D16046704793
:10C2D0008446002A2DD010F0030F04D000F8011B73
:10C2E000013A26D0F7E7C9B241EA012141EA01410A
:10C2F000202A12D3A2F120022DE9F0030B460C46AE
:10C300000D460E460F4688468946A0E8FA03203AB5
:10C31000FBD2BDE8F00320320BD0042A05D340F84D
:10C32000041B043A05D0042AF9D200F8011B013A93
:10C33000FBD160467047024610F0030F16D111F092
:10C34000030F13D12DE9F0004FF001374FF0803388
:10C3500051F8044BA4EB070525EA04051D4002D162
:10C3600042F8044BF4E7A1F10401F0BC11F8013BE1
:10C3700002F8013B002BF9D1704700F1010110F0E8
:10C38000030F11D010F8012B002A23D010F0030F57
:10C390000AD010F8012B002A1CD010F0030F03D094
:10C3A00010F8012B002A15D02DE970004FF0013252
:10C3B0004FF0803350F8044BA4EB020525EA040546
:10C3C0001D4000D1F6E7A0F1040070BC10F8012B6D
:10C3D000002AFBD1A0EB0100704700002DE9F04FCF
:10C3E00089B007460392002303600C4614F8011B32
:10C3F000002900F0FA82DFF814B5E9E2002507E031
:10C400005E2868D145F4805501E045F040051C46A2
:10C41000234613F8010B3028F2D81F2837D9A0F192
:10C420002002102A33D801A151F822F00BC40200D7
:10C430008FC402008FC4020071C402008FC40200C6
:10C440008FC402008FC4020077C402008FC40200B0
:10C450008FC402008FC402007DC402008FC402009A
:10C4600083C402008FC402008FC4020089C402008A
:10C4700045F08005CBE745F40045C8E745F02005C9
:10C48000C5E745F01005C2E745F40075BFE72A2867
:10C4900021D1039A111D0391D2F800A0BAF1000F27
:10C4A000BCBFCAF1000A45F010051878A31C2AEA9F
:10C4B000EA7A2E2826D00021742847D07A2845D041
:10C4C0006C2800F0A8804C2800F0AB80682800F0B1
:10C4D000B8801C463DE0A0F13002D2B2092A88BFE4
:10C4E0004FF0000AE3D84FF0000A0AEB8A0A30380E
:10C4F00000EB4A0A13F8010BA0F13002D2B2092A6C
:10C50000F3D9D4E718782A280AD1039A111D039188
:10C510001168587802330029CEDB45F48075CBE7EB
:10C520000133A0F13002D2B2092A88BF0021F4D829
:10C53000002101EB8101303800EB410113F8010BC0
:10C54000A0F13002D2B2092AF3D9E4E71C4614F86C
:10C55000010B002800F05582A0F12503DBB2532B1C
:10C5600062D8A0F12503532B5ED8DFE813F07600E4
:10C570005D005D005D005D005D005D005D005D00D3
:10C580005D005D005D005D005D005D005D005D00C3
:10C590005D005D005D005D005D005D005D005D00B3
:10C5A0005D005D005D005D005D005D005D005D00A3
:10C5B0005D005D005D005D005D005D005D005D0093
:10C5C0005D005D005D005D005D005D005D005D0083
:10C5D0005D005D00EB005D005D005D005D005D00E5
:10C5E0005D005D005D005D005D007B0020015D0081
:10C5F0005D005D005D0020015D005D005D005D008F
:10C6000095000E01D1005D005D00A6005D001901DE
:10C610005D005D00ED001C4614F8010B45F00105BE
:10C6200097E745F001051C46B44B1E68002E00F04C
:10C63000CC8103AB0193009153462A463946B0475B
:10C64000C3E11878682803D05C1C45F0040580E736
:10C6500045F008059C1C58787BE725213846FFF7F4
:10C6600098FDB2E1039B1A1D03921E780AF1FF3A6E
:10C670003A4651462846FFF7B4FD31463846FFF7A3
:10C6800088FDA94619F0100F00F09F813A465146E7
:10C690002020FFF798FD98E115F0080F06D03A68C2
:10C6A000039B191D03911B681A708EE1039B1A1DD1
:10C6B00003921B683A681A6087E1039B1A1D039274
:10C6C000D3F800808E4BB8F1000F08BF984646465D
:10C6D00025F4007915F4807F15D04046FFF7BEFDA4
:10C6E0000546AAEB050A3A4651464846FFF779FD4A
:10C6F000002DC7D0454416F8011B3846FFF749FD09
:10C70000B542F8D1BEE74046FFF737FE0546E8E7F9
:10C71000039B1A1D03921B6815F0800F0CBF0026A7
:10C72000232645F4807508211A46002B00F0298144
:10C7300005AB4FF0000805F4005CA64660468C4649
:10C740000146D1E045F4005515F0800F1BD043F2AF
:10C75000780643F25803782818BF1E4615F4807FE8
:10C7600001D025F4007515F4804F32D0039B1A1DBB
:10C7700003921B6815F0040F1FD01BB2002B20DAA8
:10C780005B422D262DE00026E8E715F0800F0CBF58
:10C790000026302615F4807FE5D025F40075E2E709
:10C7A00015F4807F07D025F400750026DBE745F4FB
:10C7B00080450026D7E70026D5E715F0080FDDD025
:10C7C000DBB215F0200F60D115F0400F18BF202606
:10C7D00007E0039B1A1D03921B6815F0040F4FD04E
:10C7E0009BB215F4807F14BF25F4007501215838E1
:10C7F000202800F2AE8001A252F820F029C70200E2
:10C8000053C9020053C9020053C9020053C90200B0
:10C8100053C9020053C9020053C9020053C90200A0
:10C8200053C9020053C9020053C90200B7C802002D
:10C8300053C9020053C9020053C9020053C9020080
:10C84000B7C8020053C9020053C9020053C902000D
:10C8500053C9020053C902008FC8020029C7020051
:10C8600053C9020053C9020053C9020053C9020050
:10C87000B7C8020053C9020053C9020029C7020009
:10C8800015F0080FADD0DBB2ABE72B26A9E71A46AF
:10C890004FF00008002B5ED005A84FF0000803F011
:10C8A0000703303300F8013B08F10108D2081346B2
:10C8B000002AF4D14FE018464FF00008002B4AD070
:10C8C0004FF0000805F4004E4FF02C0973468E46D9
:10C8D00019462FE002F00F000A4C205C03F8010B10
:10C8E00008F10108120906D00029F3D002F00F0068
:10C8F000054C205CF2E7744661462CE0EC640320B2
:10C900005CD702003CD702004CD70200CDCCCCCC87
:10C9100008AB03EB080CABFB0032D20802EB82033E
:10C92000A0EB430330330CF80C3C08F10108092854
:10C930000DD910460029EBD008F00303032BE7D1F3
:10C9400008AB434403F80C9C08F10108E0E771468A
:10C9500001E04FF00008A1EB080121EAE179AAEB20
:10C96000090AAAEB080AFF2E0ED9AAF1020AC6F399
:10C9700007213846FFF70DFCF1B23846FFF709FCF6
:10C9800004E04FF00008E6E7002E3DD13A4651465C
:10C990002846FFF726FC3A4649463020FFF713FCAD
:10C9A000B8F1000F0EDD0DF1140908F1FF38C8448D
:10C9B00098F8001046463846FFF7EBFBC14508F1F2
:10C9C000FF38F5D115F0100F09D114F8011B61B132
:10C9D00025293FF413AD3846FFF7DBFBF5E73A4670
:10C9E00051462020FFF7EFFBEFE7BB682BB13A6819
:10C9F00079688A423CBF00219954386809B0BDE883
:10CA0000F08F4FF0FF30F9E70AF1FF3AB4E700BFCB
:04CA100070477047B4
:08CA1400399602000000000049
:10CA1C00DDB402000000000065AD02000000000063
:10CA2C00C5B30200000000007DB202008448032060
:10CA3C00E9B60200B84C03207DB20200D44D0320AD
:10CA4C00E9B60200085203207FB80200D04C032044
:10CA5C0027B90200902B00207FB80200205203203F
:10CA6C0027B90200B82B00204DBC020000000000CA
:08CA7C00D59602000000000045
:10CA84004DBB02000000000061BB0200000000007A
:10CA9400503D0320183E0320203E0320583D032030
:04CAA4001800000076
:10CAA80046D20200000000004CD202000000000044
:10CAB8006ED202000000000053D202000000000005
:10CAC80068D202000000000062D2020000000000EC
:10CAD80057D20200000000005CD2020000000000F3
:10CAE80085CB0200000003035CCC020000000000BC
:10CAF80085CC02000000000000D402000000000005
:10CB080040D2020000000000F3D30200000003033B
:10CB180008D40200000003031CD402000000030331
:10CB280034D402000000030316CD02000000000008
:08CB38002CCD020000000000FA
:10CB400058CB02000000000064CB0200E82A00205D
:10CB50000338FDD870470000D5730200417402000D
:10CB6000D17302007274745F6C6F675F6261636B94
:10CB7000656E64004261636B656E647320666C75FC
:10CB8000736865640061707000000000404203201B
:10CB90007F000000C04203201B5B306D0025730046
:10CBA0001B5B313B33316D0025734C6F6773206421
:10CBB000726F70706564202825642925730D0A0042
:10CBC0003C25733E2025733A200020253032780022
:10CBD000202020007C002563001B5B313B33306D3F
:10CBE000001B5B313B33326D001B5B313B33336DDC
:10CBF000001B5B313B33346D001B5B313B33356DC8
:10CC0000001B5B313B33366D001B5B313B33376DB3
:10CC1000007761726E696E6700696E666F006465A9
:10CC20006275670098CB0200D9CB0200A0CB02004E
:10CC3000E1CB0200E9CB0200F1CB0200F9CB02000C
:10CC400001CC020009CC02000000000072CC0200FE
:10CC500011CC020019CC02001ECC02006170705F82
:10CC6000627574746F6E0000F02A00204661746172
:10CC70006C206572726F720053797374656D2072E7
:10CC800065736574006170705F74696D6572000032
:10CC900001000600000000000C4303205D8002003C
:10CCA000FFFFFFFFFFFFFFFFFFFFFFFFFFFFFFFF94
:10CCB00000000000000000000000D6010601000096
:10CCC00052544320696E7374616E636520616C72A7
:10CCD0006561647920696E697469616C697A6564FB
:10CCE0002E005254433A20696E697469616C697A06
:10CCF00065642E000000000000000000000000003D
:10CD00000338FDD87047303132333435363738394F
:10CD10004142434445467077725F6D676D74000011
:10CD20007CCA02007CCA020004000000736F7274A7
:10CD30006C697374004E52465F53554343455353D9
:10CD4000004E52465F4552524F525F5356435F4822
:10CD5000414E444C45525F4D495353494E47004E56
:10CD600052465F4552524F525F534F4654444556C8
:10CD70004943455F4E4F545F454E41424C45440048
:10CD80004E52465F4552524F525F494E5445524EA5
:10CD9000414C004E52465F4552524F525F4E4F5FDC
:10CDA0004D454D004E52465F4552524F525F4E4FD9
:10CDB000545F464F554E44004E52465F4552524FC7
:10CDC000525F4E4F545F535550504F52544544009C
:10CDD0004E52465F4552524F525F494E56414C4962
:10CDE000445F504152414D004E52465F4552524FB2
:10CDF000525F494E56414C49445F5354415445009B
:10CE00004E52465F4552524F525F494E56414C4931
:10CE1000445F4C454E475448004E52465F4552527F
:10CE20004F525F494E56414C49445F464C4147532F
:10CE3000004E52465F4552524F525F494E56414C4A
:10CE400049445F44415441004E52465F4552524F5F
:10CE5000525F444154415F53495A45004E52465F28
:10CE60004552524F525F54494D454F5554004E5212
:10CE7000465F4552524F525F4E554C4C004E524603
:10CE80005F4552524F525F464F5242494444454ECD
:10CE9000004E52465F4552524F525F494E56414CEA
:10CEA00049445F41444452004E52465F4552524FFE
:10CEB000525F42555359004E52465F4552524F52AF
:10CEC0005F434F4E4E5F434F554E54004E52465FA8
:10CED0004552524F525F5245534F555243455300AE
:10CEE0004E52465F4552524F525F4D4F44554C454E
:10CEF0005F4E4F545F494E495449414C495A45444D
:10CF0000004E52465F4552524F525F4D5554455860
:10CF10005F494E49545F4641494C4544004E524694
:10CF20005F4552524F525F4D555445585F4C4F43E9
:10CF30004B5F4641494C4544004E52465F45525274
:10CF40004F525F4D555445585F554E4C4F434B5FC4
:10CF50004641494C4544004E52465F4552524F525D
:10CF60005F4D555445585F434F4E445F494E4954B9
:10CF70005F4641494C4544004E52465F4552524F30
:10CF8000525F4D4F44554C455F414C5245414459C9
:10CF90005F494E495449414C495A4544004E524616
:10CFA0005F4552524F525F53544F524147455F467F
:10CFB000554C4C004E52465F4552524F525F4150C5
:10CFC000495F4E4F545F494D504C454D454E544579
:10CFD00044004E52465F4552524F525F46454154BF
:10CFE0005552455F4E4F545F454E41424C454400BB
:10CFF0004E52465F4552524F525F494F5F50454E29
:10D0000044494E47004E52465F4552524F525F448C
:10D0100052565F5457495F4552525F4F56455252E0
:10D02000554E004E52465F4552524F525F44525643
:10D030005F5457495F4552525F414E41434B004E4A
:10D0400052465F4552524F525F4452565F545749C1
:10D050005F4552525F444E41434B004E52465F453E
:10D0600052524F525F424C455F495053505F5258A5
:10D070005F504B545F5452554E4341544544004E0B
:10D0800052465F4552524F525F424C455F495053A2
:10D09000505F4348414E4E454C5F414C52454144E0
:10D0A000595F455849535453004E52465F455252BA
:10D0B0004F525F424C455F495053505F4C494E4B75
:10D0C0005F444953434F4E4E4543544544004E52EE
:10D0D000465F4552524F525F424C455F4950535054
:10D0E0005F504545525F52454A45435445440055BB
:10D0F0006E6B6E6F776E206572726F7220636F64F5
:10D10000650000000000000035CD020001000000B5
:10D1100041CD0200020000005FCD020003000000CC
:10D1200080CD02000400000093CD02000500000045
:10D13000A4CD020006000000B8CD020007000000E8
:10D14000D0CD020008000000E8CD02000900000078
:10D1500000CE02000A00000019CE02000B00000001
:10D1600031CE02000C00000048CE02000D0000008D
:10D170005CCE02000E0000006ECE02000F00000028
:10D180007DCE02001000000091CE020011000000D0
:10D19000A8CE020012000000B7CE0200130000006B
:10D1A000CCCE020080000000E0CE02008100000032
:10D1B00001CF0200820000001DCF020083000000AA
:10D1C00039CF02008400000057CF02008500000024
:10D1D00078CF0200860000009DCF02009000000082
:10D1E000B4CF020091000000D2CF020092000000F4
:10D1F000F0CF02000082000005D002000182000092
:10D2000023D00200028200003FD002000084000010
:10D210005BD00200018400007FD002000284000085
:10D22000A9D0020003840000CED00200000000005C
:10D2300001010100000000000B0C18190D0E0F1069
:10D24000636C6F636B00434C4F434B004750494F37
:10D2500054450050525300554152540055415254C8
:10D26000450054494D4552005341414443005050FC
:10D27000490000000B000300E5A802000C000300B9
:10D28000E5A8020018000300E5A802001900030049
:10D29000E5A80200302B0020502B0020702B00202E
:10D2A0005465726D696E616C005254540053454769
:10D2B0004745520073645F626C655F6761705F64CD
:10D2C0006174615F6C656E6774685F7570646174CA
:10D2D00065282920287265717565737429206F6E21
:10D2E00020636F6E6E656374696F6E203078257889
:10D2F0002072657475726E65642025732E00546803
:10D3000065207265717565737465642054582F5279
:10D3100058207061636B6574206C656E677468205B
:10D32000697320746F6F206C6F6E6720627920259F
:10D33000752F2575206F63746574732E00546865AE
:10D340002072657175657374656420636F6D6269C1
:10D350006E6174696F6E206F6620545820616E6430
:10D36000205258207061636B6574206C656E677421
:10D37000687320697320746F6F206C6F6E67206212
:10D3800079202575206D6963726F7365636F6E64B4
:10D39000732E0073645F626C655F67617474735FA2
:10D3A00065786368616E67655F6D74755F726570DF
:10D3B0006C7928292072657475726E6564202573F6
:10D3C0002E0073645F626C655F67617474635F6590
:10D3D000786368616E67655F6D74755F726571759E
:10D3E00065737428292072657475726E65642025D2
:10D3F000732E006E72665F626C655F6761747400A5
:10D40000626C655F6E7573006E72665F7364680050
:10D4100084CA020094CA0200080000006E72665FAF
:10D420007364685F626C65001CCA02007CCA0200FB
:10D43000080000006E72665F7364685F736F63005C
:10D4400014CA02001CCA0200080000000D0A417044
:10D45000706C69636174696F6E2073746172746556
:10D46000642E0D0A004379636C6520636F756E74DA
:10D470003A3A25640D0A00436F6E6E656374656405
:10D4800000446973636F6E6E6563746564000000C9
:10D490000800000006000000050000000700000072
:10D4A0000000000000E0D7010100060000000000BD
:10D4B0000200000100000000000200000200000065
:10D4C000000002000005000000000002000006004D
:10D4D0000000000002000007000000000002000041
:10D4E0000800706572666F726D696E6720696E669E
:10D4F0006572656E63650D0A000000004300000060
:10D50000504F534958000000202020202020202088
:10D5100020682828282820202020202020202020A3
:10D520002020202020202020481010101010101043
:10D53000101010101010101084848484848484844B
:10D54000848410101010101010818181818181015C
:10D5500001010101010101010101010101010101BB
:10D56000010101101010101010828282828282024A
:10D57000020202020202020202020202020202028B
:10D5800002020210101010200007032004170201ED
:10D590000857104080000000FCD4020000D60200B2
:10D5A00014D7020053756E004D6F6E005475650000
:10D5B00057656400546875004672690053617400D1
:10D5C000000000004A616E00466562004D61720015
:10D5D000417072004D6179004A756E004A756C00A9
:10D5E00041756700536570004F6374004E6F76009D
:10D5F0004465630000000000414D00504D000000F4
:10D6000038D7020034D7020034D7020034D70200E2
:10D6100034D7020034D7020034D7020034D70200D6
:10D6200034D7020034D70200FFFFFFFFFFFFFFFFE8
:10D63000FFFFFFFFFFFF000074D60200A4D5020029
:10D64000B0D60200C4D50200F8D5020058D60200B8
:10D6500008D7020064D60200256D2F25642F257996
:10D66000000000002561202562202565202554202A
:10D670002559000053756E646179004D6F6E6461C9
:10D68000790054756573646179005765646E6573DC
:10D6900064617900546875727364617900467269D7
:10D6A00064617900536174757264617900000000EF
:10D6B0004A616E7561727900466562727561727950
:10D6C000004D6172636800417072696C004D617950
:10D6D000004A756E65004A756C790041756775730F
:10D6E000740053657074656D626572004F63746F8A
:10D6F000626572004E6F76656D62657200446563A7
:10D70000656D62657200000025483A254D3A255343
:10D7100000000000F9C0020015C1020021C1020092
:10D720002DC1020049C1020055C1020061C10200C1
:10D730006FC10200000000002E00000030313233C3
:10D740003435363738396162636465663031323377
:10D75000343536373839414243444546286E756C76
:03D760006C290031
:10D7640000000000FF0000000000000000000000B6
:10D77400FFFFFFFFFFFFFFFF0000000000000000AD
:10D78400000000000000000000100140110004002F
:10D7940000000000002000400000000000200040C5
:10D7A400000000000090D003000000000000000012
:10D7B400FFFFFFFFFFFFFFFF00000000000000006D
:10D7C4000000000000000000000000000000000055
:10D7D400FFFFFFFFFFFFFFFF00000000000000004D
:10D7E4000000000000000000000000000000000035
:10D7F400FFFFFFFFFFFFFFFF00000000000000002D
:10D804000000000000000000000000000000000014
:10D81400000000000000000000000000AC2B00200D
:10D8240000000000CC4C0320010004001400FFFFA2
:10D8340000000000000000000000000000000000E4
:10D8440000000000D42B0020000000001C52032024
:10D8540001000400B80AE8FEDE098F07270F7E09DD
:10D86400E40C4D059E070AF9B308A3FD33FFF7F74F
:10D874006907BA0B72022A0DD30D51FF1B00F6077C
:10D88400A907110746036CFB21088F001904E5FF63
:10D8940029087CFA61051DF8A70BFF0522FF45FD49
:10D8A400D30421031C049AFC690687F1E205F9FA02
:10D8B400C0FE9E00A70C020411FB6004240385042F
:10D8C4008FFA0EFA040E8A0CD0082F06FBFFDDF93E
:10D8D400A00ABEFCC502BE022908160024FAC4042C
:10D8E400590217F8E100D102E707F41139FB0FFEE2
:10D8F400A5FFB4003D099204C7005D0629F892FC17
:10D9040023F42BFD73FD68FDA8074205F0F882009F
:10D91400B0FF1E028609A70CA3F877FFA00017FE2C
:10D92400DF0511083A06C10669FA3A008802280898
:10D93400A70831FD3A095CFCEB090703D4FC450058
:10D944005FF979045107E8F62509F2030DF6C002E0
:10D9540014FA47064EFF0CFB0B080A093AFAFAFCC4
:10D964005E037AFEE805190784056EFDF002F308EC
:10D974003301CA042D08AD0465035D09F2F5A2F76D
:10D9840091077AFC1907C708FDFFC601C6FB780A90
:10D99400CC03BCFBFA0A8BFC59018CF9E7F544056E
:10D9A400AC09EDF9F7032B07E804CA03DB05E2FD34
:10D9B400A10147FB79FE810ADEFDF1FFFAFA92F735
:10D9C400BC022B0592016103F4FE6D04E5F75102DC
:10D9D400EE0561FE97FB4606DBFCCEFB9AFCABFE34
:10D9E400CFFC9FFA10F71D0175FC810250079BFACA
:10D9F40073F83D076E06AB0442095109A5070207F7
:10DA0400590516F888FE06F905F840FBF50018FDDF
:10DA1400E1F5FFF59D0360F7E3FBE9FA70FDD2063B
:10DA24001205E1FD53056BF98FF6A10779F6A9FFFD
:10DA340044F01EF31614AD098200FD0A95F70DF8A3
:10DA4400470769FB600610097403180C0FF519F5F4
:10DA540095FEBFED89001509D805870F98F292F855
:10DA640024F50EF7890424FE6812B90A000DF40F98
:10DA7400E90D9F0EFAFBFD0C0D110D1086FB6205DE
:10DA8400AFEC54FB46137113810C240F53085C0C48
:10DA9400C5F4FCF79A0DFF14791262091413B70444
:10DAA40052FEFF041F01C40959063A0DDA0CA00402
:10DAB40031FF9AFBF8FE8D1252149C062EFF73015F
:10DAC400EF05DA00F102040A0901D0FB740430F610
:10DAD40049F6D2F9860542092F0035F610F7900968
:10DAE4009B07F1FC29F611F8ECF96E051DF9B5FE5A
:10DAF4002BF93BF9D703A60742F7C505B3FD3FFF52
:10DB040087FA55F7FC017F05E71503FC89081BF923
:10DB140097F7D4FE9808A109F6050D158BF00DF0C2
:10DB240071FB30084E19DF29B8F4B8EF29E472FC10
:10DB3400501A39F0AA18BA1546F0C9FC900019F128
:10DB4400ADFC18F8AC00210A20FE74073CF5DFFD9B
:10DB540029F3AEF64913791C851015196507F00CE5
:10DB64000EF2B4DB891BAF0CC5132813FA0D7D0B21
:10DB74001BE2ECDF671B0B12DC12D71EF9036907EB
:10DB8400D8F05DFF2716730E8A17F912FC11530D96
:10DB940067FE19040000571B0F16F710CA0975F821
:10DBA400AA02AD06361C7F036908E6F4FEFFDD0118
:10DBB4005DF7BD0991FBEA05AA0530F766F8A0FCFC
:10DBC400F508A50676FBBA020302E1FA83FA7100AE
:10DBD40073FE670A240961056401460BE8073DFDED
:10DBE400B402EF04790C2C21BF0E1EFAC8FB6802A4
:10DBF40007098D0DD7100E1994FD8B0786F629ECB5
:10DC040050FC1F095B1A9123CFE6EFEBF4D9DDE951
:10DC14004901CDFE1719E81699EF3BE229E561EABF
:10DC2400D40ABDFB3A0ECD06CEE1F0F3D8F7B0032B
:10DC340096F236F487F25D0981F8C005DEF27004CD
:10DC4400BEE45AEFD30275085E035A07EFFC93064D
:10DC540007DAAEED9D05F00458188A1794144A0F9C
:10DC6400B0F7FCF34405F908A912041DE5082C0AD1
:10DC74009701A003DFF722F948108A0B4CFFE6084E
:10DC840098014F0CDE04B6098216DBEC45048605C8
:10DC94002CFEE209BFF763FD78011C060EF759FC60
:10DCA400C6FE2902F6FF87F6AD000BFC4DF91AF506
:10DCB400A0FE16F94B078CFDD3F426FF4FFB7B0A1D
:10DCC400A10E7B09AE0B310AEB00CFFB730D78FA82
:10DCD4008E057F0EAE17C103000039F1EBF8FFF398
:10DCE400271363FE5D108110A3FB270819E504E9DF
:10DCF4008AFDE6090A12A2142700DFF692E718F655
:10DD04007004D8FEE305DCEFCBEB38F460006FF36E
:10DD14002DF110F468065E00EF0162FBB9F7F0EA3A
:10DD240074F3DEE2050714000104C6FF67F5C5F9C4
:10DD340089E142F98201C408B009620866FBCB009C
:10DD4400ECECF5F53309AE0CCD0D030B3CFD700A7C
:10DD5400E9FD60FE73FA55E77C02A30DB201D7FD1D
:10DD6400B7F5FBFA84ED4CEBFE0147F8E9163109EF
:10DD740082FBAAF887F9D1028EF526F9ADFD77FD6D
:10DD840084F6A9F870083101E4F5BB011400C0FE63
:10DD9400EF046804DB0A70F77AF2E201E102D206CA
:10DDA400640B2B161E05ADF64B017FF3DCF97AFBF1
:10DDB400B909320E2C0337FF67F61BEC14ED67E547
:10DDC400740D4DF58902ACFF24F9530BF2DFA7EC77
:10DDD400B0046F055E0879FD7BFEA1F1C1F4310A40
:10DDE40078063D0AFFFABDFC5BEF59F89D0AA4FDD5
:10DDF4002C079307E0005103FFFE22055BFD3AEF79
:10DE0400EBF632F5D70337030D01D3159CF6C8F6AC
:10DE1400BAF01EE520F940081712550F76F946FFAF
:10DE2400BDE69A03400552FC8C084811A8051A0562
:10DE3400EDF583FDE4ECD7E94C040C1C0C11A7FAB6
:10DE440095FF7208DAEAF7FE87013EE97D15C10500
:10DE5400FBF018FC850276FE6B051EFCBD0397FBE8
:10DE640038FF5C058DF6ED0B8B058807E9F406FE9B
:10DE74003EF3B2071E004E064C0B1DFB68FBF40478
:10DE8400A40E6AF3BF05A7FE4CFF33FE2BFAABF5D5
:10DE94003204990264035E02C2E756F349F0FAD8E9
:10DEA400FBF4BBFB52F51BFB94EFDFFD65E053ED88
:10DEB400630901FE3B072707A7FA49065F06070027
:10DEC400BD080105B2F652093E0082FDD403950057
:10DED400B7FB3F01C301820727FDF9026BF993F2F7
:10DEE40085F9E5EF310647FC6F0B4E03D8FBF9FECD
:10DEF40068E290D657FD36FE6B0E6E128DFFA1FFC1
:10DF0400C5D691EF52F817F222173C0AC0FEAE00B4
:10DF140067FA93FD47F74AEEFAFBC906EF05400D91
:10DF24000308FD11A2F941105E0A2C038312670B4A
:10DF340000F8DCF586F39A04F6FC5AFAD70271F677
:10DF4400BEF8A9054CFC550510063B0468F9AE0162
:10DF5400C1EFFB17090C6AE582FD7BFDB200ECEF13
:10DF64006306B1F49C0543FBE4FB4AE98BEDACEE9C
:10DF74002D0C5EF1D6F91AFD5ED728F12BE4EEE9FB
:10DF84007BFB720091F9BB0622F6F509E2F1F90375
:10DF9400F1026E0597019C0FBFFDEFFA0A0F0D0EFB
:10DFA400FC06C7FB9C0463008BFA35FBA90DAFFA92
:10DFB40090115F0E34FC6FF05607770680F7B5F9C1
:10DFC4000805F7E8C0F3F0F61A0EC600FDF346F5AF
:10DFD40093DB57CB78E5B0E824043D0FBD08BEFCC5
:10DFE400F6DCC3EDEDE65DE67605E40C08068F0489
:10DFF40030EFCAF4DDDE39CE4AF473FC8005920CAE
:10E00400970C50183A05E70B50FA9EF18913780CD7
:10E01400C103030261F49F0D13FC0AF7AFF56CF71B
:10E024001A0528077802CA08490AF4068EF4DFFDA7
:10E0340009F895038FEF7AF19CEC930EA406FDEB9F
:10E04400D6FF2E0559080EF7D2E8C9EBBDF856FEE7
:10E0540053FA8903EAF575F588DC6FFD57E994EE08
:10E0640034FBA40111FC46FB88FFB6FF49E67900A6
:10E07400CB003F043A04E30141FD8AFFA401400CB4
:10E08400B4FA6215F908A1F6B9059F03D20B8BF90E
:10E094001A292618DBFB65F1D8FF10FEB9FDB6F589
:10E0A4008902D0E409ED51F14CF408FCEFF656F482
:10E0B400DFDC25D1A7EC3CFA12EFE0F20A07A50D4C
:10E0C40080DC95E8E2F947E59CF4AAEC8309A20D0B
:10E0D4006BEBB0F580DF53EEDCF629EAE31DA51601
:10E0E400F303E206BBEE2EFF6CF3D2F4A60A05029C
:10E0F400DBFC8100320E31FDE7FA25061AF1CEF081
:10E10400C205C3F361F746F85E070EFAFBFB520142
:10E11400FFF5EA0C68F987FF02F9B80F2A0B6FF0D4
:10E124002BFA950526FF98F095F839EB2CFD68003D
:10E13400BE0B3D0539F6850422EF3DF880F114EC61
:10E14400B30357096E0359FDDCFB400389E366F210
:10E15400AA09CDFAEF06D3050FF791F957FBD516A7
:10E16400A300141ABDFEEFEFB8F74F04B215FA017D
:10E17400E5240C23B3F5A2F9A0FEF302B1FD09FBDB
:10E184009DF003D965EF76F872E785D90DFE380363
:10E1940002DBEFD108039703D8D5C2CF7706D6FCAC
:10E1A4003ED9DAEB24FC12F490DDBEC581FF8C0568
:10E1B4002EFBD30A7F033FF365CAE4E06114001524
:10E1C400CE1057029604860441ECC0F59FFEACF9CC
:10E1D400B70DB7079E15FD06C90A1D0BF8F84EFAD0
:10E1E40013FF31F97AFF28F8D1F7120187FADDF528
:10E1F400A8082AF62EF942DEB6F7FEFE2F0444FCE8
:10E2040021FC1D0209EE9A0299F553F0F4FAA605D1
:10E21400500A8B0DD8FE95072DF6B9FFAEF48AEAA5
:10E2240070FEAAF367FAF1F14000E603AFF1E5FCF2
:10E23400C3088A098CF202F0CAFADE02C805A018E3
:10E24400B2106517AEF322E548F63308B002480C65
:10E254000827C3134EEF58E9280115FCCDFB53F9E9
:10E264006AF46CED8BF679F87DEB38DAE501B2FDF2
:10E274002ED398DEBEFBC40666D9A1C4FAF45DEDC4
:10E284007ED136F754F6FEF9D5C68DBCE6F94303C4
:10E294009900E400CFF83C04F7C2F9D4B70FA40AFC
:10E2A400BF1BC611F906B40001E390F2250B1BF362
:10E2B4000A0E1805A80567FEB2FF4D06A8F98F01DE
:10E2C400C90706FEA1061902D5FDE3FA50FC61FF59
:10E2D4007707ADF077E811F61DF9A4F8740AEBF9A5
:10E2E4007D02D40077F137F0C7F143FAA6F3E1F6E3
:10E2F40092F98C0277F219EB6DFCCF022FEA64E0FD
:10E304007EF9F0020CE06DE679FE750395E959F8A3
:10E31400D4F824095CE089EE67F950F706FC9A0208
:10E32400E301710AF7E1F6E3A4FBFF0858116F015A
:10E334001818920CDAEE31E9D50AADFFE5F4FD00C8
:10E3440085F01DEA2EFDAFFAF6FF9CE640F294E15B
:10E35400A1D33FD78909E408B8F097E180ECB5F878
:10E364004FD8CCED7203D8FBA1D300DBA9F613F987
:10E37400580B4404CF0023153BC8A2CA48069E0F7D
:10E384008EFA9E072019830C2FDC5BEEF5FD061137
:10E3940056F713FCE3DF85024D027B081F0738FCA8
:10E3A40022FCC40131FD8EF9E106B704BBF705FE7A
:10E3B400BF03B6F93FF0A9FFC505C209FF0BE70A81
:10E3C400DDF701F3C4F615EC94F40FF57508CAFCF7
:10E3D40002ED73F08EE9B7E854EFECF6F8E991F248
:10E3E40088F888FF44F4E7EDD1F6BBF45FF90E0337
:10E3F40094F9760579048C010DF228FE45021A166B
:10E40400F60B721204F766F57100A0FBED0D4C04D7
:10E41400B3172701F0073200DFFC88F0BDF684EB68
:10E42400DBFC17E6840F1000A8F21EEFAAE0EAEA6C
:10E4340039E534F342063006F5FC8CED9CF069E5D1
:10E44400E702D309FC0324F2A9F993F64CE5A0E210
:10E454000D09FB036A0118FD07E6F9EE3EF273EEBF
:10E4640046089D0D7E0BFE00FDE782EBD3015E04A2
:10E47400CB0A821105F7AD024E0A0F0E80039BF3FF
:10E48400D10632F8B9FBBEF04CFCF1FE3EED130EA2
:10E494007F071EF418F4570885F8F9FF54F719FF9D
:10E4A400940972F62C074DF4B3F157F21EFEFFF3F4
:10E4B400580296FCFDFDD00125054E06E6F3C3FF88
:10E4C400F7F844F843F2D5F655EF72F581FB8A006C
:10E4D400C0063B01340A5F10C2077BF763051E07C1
:10E4E400EA0A3C11AF10C4182906F2093411F204E7
:10E4F40056089EFC97073002CBFE88022F029CFB35
:10E5040045037DF47E083EFC7C0451F820EF59F36A
:10E514007FF3BE017B00A20E5505CD0478EB5EDED1
:10E524002D010A0C78FD0F019609750029E0D3D559
:10E5340013FDF5026D06DA040F01F00470EEA3EC8E
:10E54400C8FE310FBAFF841037FB37EF2DFF1300DD
:10E554007F0DA611C416130DF1FD47F905FDB9FB96
:10E56400B8FBF0025BF94C002700B9F55FF9D01055
:10E5740039045EFF88F6DEFE2C016C0F52F88A1017
:10E5840070F5F3FD190F1512C7F06EF93BFDDDF7B9
:10E594009C024DEBF50D670C8305BCFE22F1F100E6
:10E5A400E9FE2A05380025151F02D302E8FB2601DF
:10E5B4001AFC7201A80B1817F205CFFEA8F9200A5D
:10E5C40059028D056F0D6DFCA80267FDC30E73FC27
:10E5D4009F070A0281026E1206FCC50561FAFCF56A
:10E5E40071FF1EF92C05E7008909900341F890F8A2
:10E5F4001CF8EF03550A5A0D1B12AC0E12FC12F64E
:10E604002009CD04AE0516033816220816E2E4D913
:10E61400C0076704120E9C12D808C30475F578F776
:10E624007308920AD60A5C019105F7011FF0C9012B
:10E634006616C60D3C0CB70754F95E0029FB4A0266
:10E644000C06BB0358F8A206DD0999F6CC0ECCF6ED
:10E654008EF78F099A0188186204AA062600830A95
:10E6640023F48DF60104080E3D011A1301FB03FC8B
:10E674005DFAF7F67109470CEF0877007DF6B8EDFF
:10E68400600102F8EE07870DB60817FD2CF98EF32A
:10E69400460386FF910B3C01A005DF04700B13FABF
:10E6A4000D0BE61295F701F774F479003BFEE6F5DD
:10E6B400870FEAF998FFC709DFF5FD01050211F498
:10E6C40058FF3FF99F14EFFBA0F8900995FFBEFB9C
:10E6D4003EF08C056502990D9F14EA14B1F9D9FA3C
:10E6E400E4FEC800C2FC4D00980F491A24EF7CE9EF
:10E6F400B10B700190008402CC040C0AA3EC170047
:10E704000E0D60F3D305C100000D6214F6EBE8EDC5
:10E71400581BE215FAF9570F02FA61F65200BAF8DB
:10E72400D806B407CD03D7F30BFCF306B2F56BF9A7
:10E734000DF61F09BB04E9091CFA9414A0FD91FC11
:10E74400D8F8C5EFA7141F0443FAED0094F8ADFB05
:10E7540047007B0FC2020EFFEC07C0007A0595F05C
:10E7640002FE520A10F302038FFC12FFD4F139FFA8
:10E7740097F8A501E6FA0AF55C0A5002E703C90610
:10E78400E1FF4D0250F4CD0295F908FE490B8704D0
:10E79400BF0D39077C118C0889FC46FCE8FF7EFA22
:10E7A4001B0539F20B0D620624FFE2010004570732
:10E7B400BE00F6FB5010850C250A5A03BC09FFF174
:10E7C40027FA9908F1064E10A11330137E0342F67E
:10E7D4004005D905DF07B0061B05FA09AA092AFE78
:10E7E4005A0CFBFE5D0BF010BE1D310F8CF8F9F0D6
:10E7F4000C1D45143F092A172DFFDFF28CF877060C
:10E804009D06000A41015CEFB504F70094EFCB08C4
:10E814002DFAE8FED4081B107DEB2320A208120178
:10E82400DFF045F8640648FEC70A1604ACF9150083
:10E83400EE10380BA90FA0FBE60670FBA8FBECFC5E
:10E84400A7F7EC04970C73FE8B0A21FF99FE2D06A3
:10E8540003FE5EF62F0B540009022B01B1F9D6FE1C
:10E8640062034E1287FC35F9E2FB3EFD6B06541041
:10E87400000F57FA160A5606340289F5F90C1904E2
:10E884008DF738F46E074018A6F357FE51041805A7
:10E8940016FCB7F85B03B70BEBFD4809E7030AFA6C
:10E8A4003AFE9309DE033C04A614A70E64F5450B57
:10E8B4006A08C505410794FEC20E8E0ED6F95DE9BD
:10E8C400700CE006C307A20B2206D4F65EFD28FFF7
:10E8D40081144416540A7E146D002AF5B9023A01D3
:10E8E400B3069CF9DF0C90F81A03670459F4850306
:10E8F400F009BB009E0BD9015FF39B19A108F8092D
:10E904001CFADFFC7DFDE303910B0908470EC009E7
:10E914002603CBFB46018F0AD2081601A50426FC68
:10E9240062F917040C035A044202A1FB6B0608FFA8
:10E934005DFFCAF3DC04A2FD12026AEE230009059E
:10E94400B2F871FE390133F63006B00DAC07120F80
:10E9540092FDA9F12F13BD0179105F05390C560EF4
:10E9640050F02AF62C108907CC025A082B0E86F791
:10E974004FF9B4072600DC09050A040C17F693ECDA
:10E984005EFF8306D600260B58003E0A08F8EFF314
:10E99400B80A4815A306C80446080F0651FC7E0BA6
:10E9A4009301A316120ACE2CB7057FFF55FBEC0684
:10E9B400DF0E83184F10B308CDF70B068502E4FC75
:10E9C400CD03EA0E560756F611FE6FFF77F15AF89B
:10E9D400F909ADF442F72EEC2907610CEEF67AFB47
:10E9E400CB0282FFA1F1F6EDC10D3D02A607CD0ACF
:10E9F400F8006508E2FE05FFDF078C0C85F7B60317
:10EA04007AF46AFEF6032E0B6109DA0788FADA064D
:10EA1400CEEEC7ED2304AF0B7EF12B064605750B36
:10EA240078F04C003DFEC902700456068800650863
:10EA34003D0F1FFAF30FC10D2C0B1D0B6C0DB0070E
:10EA440047064004410A7507610D360A650DC5EC99
:10EA54001C0672F7C6F311ED720A0304BDE8FEE763
:10EA640003FDEB050DFE85F7DB00DE02A0EA610382
:10EA74002D0CD60B24FB99FDD0FB22140D08071492
:10EA8400FD06D1FFA207691AE0160A0759FDB6FA76
:10EA94002C16F109D111530735F9E2FD5705ED00A4
:10EAA40026FC26F6ECFC2BF86F0291FCBFF23DE845
:10EAB400CC09A8008D04BBF0A1FA540B77EF2BFF0F
:10EAC400D4FC060172E9BCFCD2FDAAF71D13CEFCEE
:10EAD400050427091DFDAAFDC7FEBCFFA903CD0639
:10EAE400B7FB6AF72B07C8008400CE049803C30160
:10EAF400BFF954F8BA0D521126FFB2F72D00E706FC
:10EB040072FF94FB4BF9520C7804F1003F04540F4C
:10EB1400FD0FA3019EFB5EF9EB0FAD08CCFA510982
:10EB2400120423FF3FF94FF2140963FEA3FA88008D
:10EB34003902E601DAEDBEEC4316560F15F157F132
:10EB4400ABFCE7FCD0EFD6FA940B29094BF2260074
:10EB5400EAF347085CE647F1730A9C0AF201A00253
:10EB64003F0588F5DBF6C8083B0B8B085801E2FD2E
:10EB7400611729027E1CCB064C007EF7B80663F6AB
:10EB8400C7FA770054F616FE2A02DBF8F7EC1DE606
:10EB9400B808D004C8F9A40126F5871233EE3DFB6A
:10EBA40088F7C3F67DECE7F35E0EE9FA9BFEC5FA3F
:10EBB400C3F56FFB2403C81012035C0107F424029D
:10EBC4000A06C5F84CFE7DF95701090639FD380AD5
:10EBD4004BFF3308070031096106B3062D0AF40D13
:10EBE40092FA27F6B4004CF51A04200B8E00EAF9C9
:10EBF40071FED30A44FA26F64613840D040D270445
:10EC0400760855F3BAF0E7EEDF0E2D0374FCAFF58A
:10EC1400C6FB8D01DDEE47DE271873FB1AFB66EC9D
:10EC2400A9F6D9FB3BEC47FBE40C3204BAEFC4036E
:10EC3400E9F57DFCA1E4EEDDC0F7D4F190F7EA0537
:10EC4400E502FEF56AF021FA6A0033FC1BEE510876
:10EC5400D705A1FEDD11E0048DFD8B0638026104A9
:10EC6400CFFC0CFB2CF96104140732FC9BE27DEB16
:10EC740058FA520BF5F1A6F4C9ED3C01AEF391E458
:10EC8400C10D45060EF618FA74124CFF2EFCE4F979
:10EC9400FCFDC7F3FFF903F71FFACBFDFD00FBFBF7
:10ECA400C4FBBEFB59008BFCEFFFAE0112FE4C050A
:10ECB400AF03E8F13C0792F19B01D4014B0C48FEF1
:10ECC40088F08DFD6CE9F2F55A10AD0B7706620BF6
:10ECD4004F0A13F8E8DF1BE938030A0C5800FA005E
:10ECE4008A0161FED2EDC0E99A0967FD80F773F4E9
:10ECF400890CEB0869F54EE86DFAB708ADEF5BECEB
:10ED0400A70F5CFE16D9AFEF6AF711FBAEDCBCF1BE
:10ED1400D4F5B10658E3F7DCA7EBA6F976FC95F732
:10ED24004107C5FBDEEF9DF9EAEFF0FFD0FFA9F73D
:10ED34008EEE65FF9E06CB031D0D7B014E0A1A0362
:10ED440032FE890207FC33FA1002F0FB3E05C7EFDE
:10ED5400A007C60CE9EECDE9CFFB8EFF45F468FDB4
:10ED640068070FFE30F13AF52009470D39F5E5FC47
:10ED7400950372FE3FF76A006AFD90F33D03A0FC21
:10ED840070FC3F0C5FF783049FF7A3FECF0013FBD7
:10ED94003AFFF205120881EBA80A5FF905FE1BFF92
:10EDA400220C1EFE53EDE6F8780608057202E9F718
:10EDB400EC00D6FAFEE74AE31902A712B6F27CF198
:10EDC4003CF78D0232D910F23A008D0311F327E695
:10EDD4002509D30DE5ED46E345F023FA3BF731E48D
:10EDE400790A1BF7D9E93EFBABF93FF344F59DF5EE
:10EDF4002FFFE9EEE7F474EFE8E949FAFEF893F53A
:10EE04005AF996FE15FC67FBCEEC45FE2D044DFB2E
:10EE1400E403E404D2FA2FF801042BF6480A03FEB3
:10EE2400B402E6053106FC04F0F50AF649006AF777
:10EE3400FCFF210947F62EF0E506CD0328F3C3F8BD
:10EE4400630460079FFBA4F18A04401122F374EB6E
:10EE5400F30DC409BDF652E8CFFDA9F2BCFFA60E1E
:10EE6400F11530FFDAFC39F6F0F22CFA660254F4AC
:10EE740091061A0BB9F151E380FF8CF7550A2DFD69
:10EE84000D0A76F8E0F491F79C0610FEC0F641FAFC
:10EE9400BEFF44EFF7E215EC0F01E2064CF28CF1F1
:10EEA400DDF267FEDA00CA03DA086AF8FE03A4F5A5
:10EEB400E90233FF31F61BF87FEC1AE362F948F8F4
:10EEC400380642FFC9F149FB3FF306EAF9F561F65A
:10EED400FE03A902FAEAF2E5B1EDFEF538FA94FD73
:10EEE4003604631141F09301DEF85210C5F8F7FEC1
:10EEF4005F0C1CF667F950077F0EEA024BFC6806AC
:10EF0400B4098A095BF8EBF86D05A2051002D7F085
:10EF1400FD05890181031001060944048BF72FF6CE
:10EF2400FC00DF0F37FB2E048301D5FDC9F62CEC62
:10EF3400750C7B145C04F6FD94FCB818C0FB6801E6
:10EF4400310DCFF7CCFEE3F2FD13B709450373F29D
:10EF540079EBF5F872FA8FF40B04170974FFDB05EB
:10EF64005BE6E8EA820D11068308910C9DF626E91A
:10EF7400C703C6EF47F4ABE2DAFBA2FC76FB19F653
:10EF840085F24EF56CEB2E0236FB9BF11EFE48FC1F
:10EF9400E4F5BCF371FB08062CF892F4C0F86F0991
:10EFA4009FFFB10B33076D0AADFD9F08FE05CAF440
:10EFB400B507A9051FE620F46A12D1FC8AFEEA020D
:10EFC400A6FF6B018FFE570A26F952FBC009DF0129
:10EFD40005069FF6C101D6FACDF69C01B2FA4302AA
:10EFE40055F99F09E2FB76FC6405BA03590A1EF63B
:10EFF40077FF31FD8F0574FA190791F8CC07FAFAF7
:10F0040008F92007AC017CFA1DFCB2029EFA83FBCE
:10F01400F20625FEB60781007901E0FD92EC47EF88
:10F02400E5FE36F53D0027F1FF08DC055FF4B6E6A2
:10F0340063FC84F4FCF9BAF65C01270FFEFA29F0AC
:10F044000BFB290150035BFD34EF3F0319EC7DF406
:10F054002D02250251FCD2FEC3F904F54FFD980B95
:10F064005DF790E572F965F809F72DF0310D4B0263
:10F0740009FA3AFEB9F4030795FF79F69C04C3052F
:10F08400980480F28F0D7BF6C30CEF04CF084D017A
:10F09400CFF062EA82FD70076FFBCAFA92FA390672
:10F0A40083FE0E0A2C00500684FAC600D8FB56FBD9
:10F0B40089010EFF16FF05F8F0FCAFF8F20393F890
:10F0C400D20014F7AFF58E0470035E05110277F6D3
:10F0D40019FBF80846FB2B05560208F79BF77FFE41
:10F0E40009F928F649FF630AE1FC17FB42FEA4FD77
:10F0F4008B083AF99CFDD0FA3800C40252F74AFC56
:10F10400DC04C1F86D06680D910561FE20F677F701
:10F11400ADFA65FE8B01B9002CF7DFFEBC01480394
:10F12400810235F4B0FB47FD69FB0E05BF05AF0056
:10F134002EEF56F9A0FA38FE30F941019409DAF6B7
:10F144007FF260FDB6FE1AF9FB0786FDC5F263F691
:10F154006C038B11F9F1D9028D02E8F6D7053FF85B
:10F1640072FC9A06830248018EF4E2FCCBFE44084A
:10F1740026F96308F300BAF9C8F8C2098909CF036C
:10F18400250804FB02FC1E09BCFE720620FAE0F905
:10F194008DF9F909AAF9F008FAFBC802DB00C7FAED
:10F1A4002D02B6F500FD5A03B5F71E0623F852FEEC
:10F1B4003DF89F07C505710564F875FCE7F51B016B
:10F1C400220917FCC0FA28FA170876091EFB2FF645
:10F1D400A20821F82F0A39F8B2047106B0FF9C077F
:10F1E400FEFFFD07080549FC26FFF4073AFDA506C6
:10F1F400BE02CCFBC3FEABF753034EF755F424F722
:10F204009108FB0E7607040361022FF8F9F76B06E9
:10F21400DAF35BFE6F014FF7B6FAAFFF230223095F
:10F2240010F74D065DF762FDF104660600FC8408E4
:10F23400C308D0F5DFFE760AE106ABF66AF85BFE9A
:10F24400C1FF24FD17050B0AEDFFF4FF4C077BFDFE
:10F25400E20290F6D600CAFF11FE9DFE43024CFF67
:10F2640000066903A2F737FB06FF8EFC1DF740F882
:10F274005DFECB0820FEC5022D03D208E1F9640A25
:10F28400ADF524FC76F7F6FE31FD2708DEF608011D
:10F29400DDFCE20627F93C00B4FDD80148011CFB63
:10F2A40022034A08B205D0F795FAE1002108B7FB1A
:10F2B4004804A102220386072609C1FB9F06BA005F
:10F2C400160E390BD000EBF5EA0151F224F78D0448
:10F2D400640F12110402A1FF84F56DFC2AF9EA08F7
:10F2E400F705840FD8FF4502C4FAADFEDBECE4F861
:10F2F400BBF69BFB66011BF7F109D10F62F75BF4C8
:10F304002A01C40B97F595FC050C3006070240F85A
:10F3140049031A0301F38B05810289F2FD0472008B
:10F32400C70F28FC1504860418FCB304FFF4D601A7
:10F33400C6083E0D4C05B8FF58007D094EFFAEFBD4
:10F3440045FF85F866F7CA074F00CA013A07E0058A
:10F35400DAF93C04DAFD34094BF9DBF859F8B0F773
:10F36400AC0852F81DFF86FD3A04CFFDC3FEDE0152
:10F3740065FD9FF67904E803600995067D0B0F018E
:10F38400FBF877FFACFAA40227F470FD5B0895063E
:10F394004B048109D700C7055CF7ECFDB2F85BEEBE
:10F3A4000A0521062001EAFBA8F20DF77CEF40E9EB
:10F3B400EAF66B12F7054700EEFE84F861FB42079C
:10F3C400521391007C069DF315F35B0719E646FB87
:10F3D4009C0EBA038DF6A5F978F5FB029BF833FB76
:10F3E4001907CB0C86FFC1F997F6DDF6A8FA2DFEB6
:10F3F4006AFB48054EF4CCEA8806E2F66EFD0DF78A
:10F4040000098B0DF1F2C6FF5A08B8F8ECFB41F481
:10F414000308C40F31FA5CF28E0004F97EFDBAF9D8
:10F42400A208D1092305EEF958014004BB04EA08F7
:10F434001FF913064A01A406DDFC47072F0294F8BE
:10F444002E02390836FF30FC23FC9CFEA0F577F829
:10F45400480550FA0FFF5EFD870FA406A4FE1FE9BE
:10F464008C00560C220A03FBB3F9E604D7F43DFEE4
:10F47400A408011885009D03E0F965FE4FEBD4E074
:10F484000008F10C53026CF3E80549051AEF11FA70
:10F494002D0316006EEF25F381F93AF8BAFF19FE31
:10F4A400C101E707C4EB7AED75081E029E04E1046E
:10F4B400D608C80188EE28E9BDFB8C087BF1FCFB6B
:10F4C4007BFFCCFF80E548FF0EF645062F0461F66E
:10F4D40005FFA80ED01519038F0CF204A4F735F715
:10F4E400F1FAB308AA03FE0341EDCCF399FD18FA2F
:10F4F400B407480FE20E58EDE2F3F50152E914FBAC
:10F5040048027BFE49F2E30033FCFF0352153DFA47
:10F51400280B54079B064702BDFD06086709CAF578
:10F5240003F996071C08000989FA9B0380F11FFF61
:10F534001FFEA3F3570A4009D60496053F0300FEB5
:10F544008C09B910FE077DF14B0C170466F405F421
:10F554002F0F3AFE51064E025506270A22E3E1E236
:10F564008702A0FC6CFB8AF216FF35FB83DE530C8A
:10F574000A017FF86DEA41F04A103AFEBE0201FA30
:10F584006C0825067DEE83EA66FE8504DB03F6FE41
:10F594006706D8F7B2F627F6A810DB0F49F585F70A
:10F5A400E0F604FF81056FFB540B1F07C4E9A2F8C2
:10F5B4004D020103DFF859019A17D20D97EE22028A
:10F5C40017FE64FD58ED340A33FF050331060A07BC
:10F5D40081F8610466075E05A3F92BFF070A83041B
:10F5E400B1F8DFFA7901F6F6A301490068FF45078F
:10F5F400C3FA0300140325F6F808E0F85CFD92FD55
:10F60400D6076306F507F208BAFD65F7E7014CFF74
:10F61400630BC205630F950B4518D0159C190305A0
:10F6240049138C112002BFFAD11A5AFF370154082A
:10F63400F6FC8EFAFFF989FA8AF87B0FC4F9CC0537
:10F64400B803E40A74F00BF704F27501AF109308E1
:10F65400CCFB0601BEF540EE32FB23FC5105231022
:10F6640072F363EADCDE73F5EB086F03260B86F7AF
:10F674007CF6EFF943F9D800DEFDAE0565FCB3F77F
:10F684007CF599EECEED04F2D511600052F890F3BA
:10F69400B9F1D2F517EB24F4BC064D0AE9EECBF927
:10F6A40071F6A7F56F0E8000CB0D0E0586FDE00107
:10F6B40017EEDB01CE004AFF1CFA0FFF47F7F4FFF9
:10F6C40010F7290289F866FADD01E70024FB271008
:10F6D40073EC4DFD18F381FD7F011E055E0039FDBD
:10F6E4004304C8FF5EF7CAF57800CF00DB0B8DFA40
:10F6F400A9073F0E34F29FFEE6EF1908991476012C
:10F704007018CE029B02E3EF6C0041FA820299ED7D
:10F714004607270C1EFCBA07B1FD0DFB42FE100282
:10F724000D07700F1F0729F732FBE3F92AFEA50E18
:10F73400A0FE92FEB8E695E500FAC6F7E3FBE905FC
:10F74400CFF6BDF6E9EC3AF03FFEA102CE0204FB8F
:10F7540098F6AAF83F097205EB08920290FB33FF72
:10F7640077F68A04FDF2CF08AEFD46F98DF7320232
:10F77400C7FC06F5CD09E9F7C30A25FFCF01E4F874
:10F78400B4F14AF7C20BA012BD02CC062E12E50456
:10F79400B8FF07F9BCFEB204D20D53112004C5EE24
:10F7A400F5EEA8F77CF837FE33FD0A091B01240B9C
:10F7B400480605FA750F6C00BDFF2203EE03A7ECA3
:10F7C400550A5D05200862EF46073D04E304C706B9
:10F7D4000CFB9D11D8F6F7F841EF3AF78EF7CDE719
:10F7E400350DA10921FCB907D50CF5076DEAA1F087
:10F7F400DF0DFCF8160A8FF6A3F3E8F6E0EEFEFB45
:10F8040064F8EC0216F4AEE9CE0920FA9904121356
:10F8140079FA60F5E2E4DDF23F07E10B78FD50058B
:10F8240033F91BF501F7700F9D075FFD030C82048C
:10F8340083FBFA0187061D0003116D08CAF081FBE2
:10F8440065F66B02CD0502FFDB011C059BF829F967
:10F854002CFCECF66F07E2014407E6FF24F6E9FD11
:10F86400F6EEBE00D2F90206A8F8ECFE3C0F8013B7
:10F8740072F456F0F10321FF910D390D010430F3B8
:10F884008E0176FCD1040F004C075D0746059802F3
:10F89400F4118F04DE0C47F9270A72FF1C0229ECCD
:10F8A400F2FF400D98FA74ED35069FFBA806DE08BA
:10F8B4004E0C3C030400AC04E2F8A0FD90FAC6EB45
:10F8C400DFFB02FC840BD7FCF40E400EF5F498FC2D
:10F8D400C10C46FF63FD03FA76FB9A0A31E817FC74
:10F8E400380807056EE9E6E03BFAD1FFEE0050FF69
:10F8F400380520F576F239E91CFD1AFAF5FEC5043F
:10F9040075F3B10364FD2000D30AD0FDBB07A8FE44
:10F91400D5F884F4C301D008ED0288FCCC03A1001F
:10F9240084F81AF4F910A3070EFC2806A6044F0263
:10F934009F067EF1CA11FA0B4100CE03B600A10E58
:10F94400F5F1D7FE4D057CF2960328FE3FF75FF1F3
:10F954002DFAD2F122FAA8F6C30C5A069706BD0E68
:10F9640060F147FDE0F745F91CFE5C092AFB2F0B0B
:10F97400F3F515F8F7F83A06F210D2109C004B058F
:10F9840085FAEB082CFF27F8940358F2D10871FC90
:10F99400E70596FBCCEFAEFCC40B630BC0FD7DE723
:10F9A4009E011CF3E70F2FFFD4FD9BFD04F576F2B7
:10F9B4009B0288FE20FC05E8D0018F0AB8F027F5E9
:10F9C40044FB9605E6E6FDF437FA38F7C3FDBE0AB4
:10F9D400B0F9E1F69EFE8E05F1014DF0EAF73E0C1A
:10F9E40034009DF8D806C00432FF42F53DFBFEF01A
:10F9F400AAF160FF1F0291104308C7043EF91900E1
:10FA0400F5EF4CFE400A220EE203A5F2B9053A06D0
:10FA1400AAFB69FF8B114A09E2FA5F07310131FA47
:10FA2400CAF90A02A7F55BF9400C5002B904E2FADC
:10FA3400EEF6A0ECD1F6FDFA2D09A00A4A18BF0D86
:10FA440002FB01F17FFF9A106CF6490E000801F8E1
:10FA54005D09D60512F5500009FBCDF2E4F7B502B5
:10FA6400C5042307EAF5CEFCEE01CD04E20747F115
:10FA74004401D5F67301AE08F20D040D19F1BDF57C
:10FA84003DFC5CF558FFD1F9170C1404BCE48DE37C
:10FA940022FA95F6CDED27F64BFF94F704E5C0FB6B
:10FAA400A4FFD3F9D7FBFFF665FF05FBF1007E0742
:10FAB400E9FBEDFB2E0BE70D4DFE96FAFC09DD0983
:10FAC40038FE1C06230E8A002DF155F2480CB605AB
:10FAD40031FA83FC7C0AEDFF16F2E8EBB400170858
:10FAE40013009405B4FD320D4FE91EEFDC0E240F14
:10FAF40066F714FB2308170265F889F9F700C102B9
:10FB0400C6EF47F9B6E6EFEDC601A701800FBC10BA
:10FB1400FEF996FBBEEC1402530BBE09FA1A091641
:10FB240047F5CCF57808060EB305DEFC650CFFEB53
:10FB34002CFE3107910302FFAD05B1026CF6D2FA37
:10FB4400E20A220471FC87F8F4F58CF5FFF55FF303
:10FB54005B06B003F6FE0D01A805F50668EDF4F2A8
:10FB6400DFF783F1F5F856F8A3FF68F185F7FCECAD
:10FB740072EEA5FBECF916F8EBFDB0F728E559FB9E
:10FB8400F80361F723F273031BF397F634FC700A4E
:10FB940093F59AF66AFE8003D2F27EEFFC033F03EC
:10FBA400770EA0095402BAFFD1EF04FB1BF650F8FC
:10FBB400770060F848016E0B9EF76B008BFC3308EE
:10FBC400051295FDA9041A0A3EF39E0362097607FD
:10FBD400A60DDCFB930616F7F4F2B7FE4501840C80
:10FBE40031F58EFF39E7C3E1C4FF72FC5806701B80
:10FBF400EF0355F362F214F599F9F3EED90BD70735
:10FC0400C1DD9CEF10FE991258FE0D069F0D56F7AC
:10FC14000DE3C5EFC8F85DF22F0C0308E3F83D01CE
:10FC24003AF97F10AC01C7FC7903280000F8B6024A
:10FC3400CDFCF9F9F200ECF78D0146FB5CF83AF7DC
:10FC4400E7F55AF3AF0016F39EF79DEF0AE721E0BC
:10FC5400F9EEED00C0FC08FEECE961FFD7F459F6BB
:10FC6400A4FA6402F4FE070362F0A5F8C3FD811050
:10FC740010030C092E073915C2F636F70718181B9E
:10FC8400CD0A5D00D702DF0370FF9B01690DCA0432
:10FC9400ADF9A506D2FCFD08140E670B7DFF7300B9
:10FCA4003714AF005B11540E09FD21FD350B3304ED
:10FCB4007F14260ABD01E4E89A046E05C50148FDD7
:10FCC4007B01ED0888E0E6DF8A0860026709C50762
:10FCD40038FF4DF599DCDCE6C4EF2EEC9F15521588
:10FCE400FAF8B6E68FF8E10943FEA0F56C13A4E830
:10FCF40050EAA1F886FC1BFBBFFC0AFDA2FD3006FE
:10FD0400E6FE1C0D150E6E050DFD5204ABF8B7EEA4
:10FD1400EF0D83FC980421FC4D0008FFD7EC81E132
:10FD240023F629EB950A2E0050EF4EF3E1D9D1F3D7
:10FD340002FD2E005DFFA70691ED93FD7C04580F94
:10FD44004B074F077309D7073F0704F7AE14861311
:10FD540095084A09341124068A033C0C661096035C
:10FD6400C108A106FD00EDEFFC0B5518F90832FFA0
:10FD74000C0AD10D9D014C06FA0FA6FB4FFD2AF982
:10FD84005411A207B70C860A03FDA6FD62F362F2C2
:10FD940086122A09C7F11FE28700E4F4FEF942F152
:10FDA400B6FC6D11C4E607DF850458EACC07E0FA17
:10FDB4001D00AEF573E91AE45FEEE5FC7208710408
:10FDC4004DFBC9EB6EF9DC060FFBB8F01CF154F9DE
:10FDD4007AFAF5FB31FFBC07C400CE0BC9086F0BE0
:10FDE400E5F82A0A8407ED08E2F5A9000AF0C3F24F
:10FDF400330388F2B1F9410627FE38ED65F23DE799
:10FE040040FD44F67E04D7F094E9CAECF6DF44EDF5
:10FE14008EF37100C7F551F9E7F20904C00B5E0EC9
:10FE24008C077401C8F8910E42F9A7F9DA08011792
:10FE34001D0A7308540D17FAEAFD2D09D50F640441
:10FE44002102E90742FAD9FF5F0E67155F077F02B7
:10FE54001FFAC6055EF7E8099019640EDEFA87F505
:10FE64008618EB0A6414CA056D0250FB39F2BEEE23
:10FE7400B80B9900A5EB18DCCBF138F2AAFFF5F921
:10FE84004E11321778EB31FE70F3CAFA5DF9FBFFBD
:10FE9400DD130C058401A70515E96E00FFFFE4F9E5
:10FEA40051F2270505083F0AA9F17D0074EB4DF3D3
:10FEB40048FCF305C203A0062807760AFFF7F70BF0
:10FEC40098FC800C7EFEF4F76DF56008B8F303F639
:10FED40082F57EFBDFFF4BFC6A05C303D0F102F31E
:10FEE400C0F7F4EBBC15170131EA70F7B700D0F492
:10FEF400D5F49703C6FF37FA9A0E080B42011A0489
:10FF04007D0CDB039009B4067B0DC6F55A0F6EFB1E
:10FF14001B0A1F12DF0A1EFC58F8FEFA1505A8FE7C
:10FF240049FD14FE67FCCAF30C01910F1D01A00AE0
:10FF340038FBB70512041D08D610810818FD720D90
:10FF44007FFFBE16AF1111F3D3F9ACEC6B09370385
:10FF5400E20616156DE8DEED23EE69F259FAD8F9DA
:10FF6400970DF511D8F049F4F2FB28E978F5190159
:10FF74008A0650043D05860397FDE2F65B0520F8EA
:10FF8400DEE877FA3507D7002A0B5606EEEF4CFC6D
:10FF9400AF0067F75AF36FFD280B4200A0FA11FB7C
:10FFA4001302E50669FB0E0894FE5A0522F9B3F81C
:10FFB4001201FA001E067DF712060109FF0F78FBF5
:10FFC400D3F9CAF2C00FEE10BBEEBE0642EE71EEDC
:10FFD40006F315034C005DFDC509AE085EEED1F0D5
:10FFE4002C11790C5EFDFEF65AFDEEF499F11FF822
:0CFFF400200FCD0BC00C1501DEFD7A03C0
:020000023000CC
:10000000CF0812FCD8F86AF127FF92041A01201ACF
:10001000C70CCF078C0C6911640AFFFE150F4EFA4E
:10002000F5073108BF0BA31160025CF08D02D9FD0A
:1000300087087EED47065FFE1BDE92F0C1F59FFF4D
:10004000A5F9FBE99D073712AFF3E90734FEDBFAA8
:100050009EECD7F0D00F85FCA405D91355F75108B5
:100060005DECB5E19805C114960525FC0613C21296
:1000700002E75EFD960787F52BE92909E210EF14E8
:10008000B1042E0AB60017F7E1058B088B04AB0309
:100090003BF816F3F3FAEC008DF3A3F62A01F3060E
:1000A00083FD4307F7FF1AFCFAF7C2082DFA410651
:1000B0008BFA88EB25FA99F94DF6EDF8230AE1FD64
:1000C00049ECFAF5C401FA09D1FE660671F6B1F8F9
:1000D000EC00E7FFF5063A149C0A9AFF79E590EFE9
:1000E000DEFA99F75304A506B4068E03690B030BD9
:1000F000C10438FFFE0CDD0F1D0828093E01A4FDD8
:1001000066050308BE0AC909A1FCC0EC16FC010281
:10011000320697EA22FF530AAAD9A0FA3F09960BA2
:100120001CFC70E7660D350A35000E0078FBF50201
:1001300078EC6607490532FD4709190A7AFDF0FA9D
:10014000DE118007B0FFD00D61F9BC0133FD73FEF5
:1001500068FD45071509EFFB05FCBFFF520B6F0358
:100160001AF5600C190207064405030743F986F7E0
:1001700061FE0EF500FEA2F7C8FAB9EBCC07B60394
:1001800029062AFE1D09C6F576074E069306380491
:1001900033FC60FE33F9EF01E7F477FF7107B90133
:1001A0005DEF88EF31051B0038F93FF349F409F49E
:1001B0008FF6B1F931FACAFB5D032A00FAF942EA77
:1001C000C308EEF9930A60FC6303BDFE2FFD7DFBBF
:1001D0009C09050DEC10A30771FEE0FD9704BCEE31
:1001E0001A06830D1F044FFB6BF91EEC9AF869FD8C
:1001F000FBF1BCF619097D0843EC27F17BFE2418BE
:1002000077E6B6EA2D0297FD1AFD55FF4D0C0F0853
:10021000B8E604FF6900D6FEC505A7098F08CE071A
:100220004EF2430D13FAB3F8B0F9A308EB087F12AE
:10023000B80B3C01420B8008F7F4A90A2C062E08E3
:100240003F013EF9F9F9230C94F877F43B07A1F943
:100250004AED48FE3B12BD1541FED9FA2210E103DA
:1002600077029A08AD0667FD7D00850924038201A7
:100270008DFEA5F313EE5AFC1F0426010A0BFEFBAC
:100280005DFF1DF7D40356FDE5FC8EECDAF11AFE96
:100290008CFFC6F8DFFBE103BAF94FF8D4EF6DEF3E
:1002A000A503A4051DF634FFEB08B503F2FB2103FB
:1002B000DA066E0EBF0B6CFFD40033FB6DF76AFEDF
:1002C0009503840D07F88D009FF1E0F18000B80ED2
:1002D000D9FBD5E23603BFF8BEDBEA00670846105B
:1002E00031DA2DDB7FF271F08CFAEAFCC912670477
:1002F0009EEB5BF14DF0C6EA4BF7E607DDFD1A0415
:10030000DBF605FE50F988FF62F9DC112209F208DC
:100310003200F50AB30177F93B010705B8071E055E
:10032000AE011C0CC4F7AAF40A0A5205CA0411FA59
:1003300004F635F6BE0941107CFD66F5E30A430C70
:100340005D0577043AFFD8FA5A00E709C20B620C40
:100350000FFCE40366F475FC03F845EDE90F81FC3E
:1003600075FC77F8BFF636E538FA16E5D0F4EAF111
:100370002305DC0726FBE2F2D4EEB0F38FF788FC0E
:100380006708CD0DE1024407BD0354FE79F369F916
:100390009A091BFEE0FE74045DFBB9FDA703A9FEEC
:1003A000A10514021B00FDF972FD4FF98108E50E4D
:1003B000EFF7E6F16DF839ED12EB67FE9812CE0912
:1003C000FBD5A4D40DFB28E9ED02ACFF9D108D11E7
:1003D00096E12DF48CF601E7270FFCF89F0C89FFBE
:1003E0002EF32DF7FE0586F563F84E0C65F176FDCC
:1003F0009B09AA08FB0AA6FB49FAE0FA0B0CF5FFD9
:1004000034097906B2FF33FD950356019002CA07FD
:100410007EFECAFB19FEB00504F8BAE5FF017C03B5
:1004200031003A0AC4FBAFEC790592F41D0FCFF40A
:100430008910430AE3F666F6DDF146F66C0D1F0BF4
:100440005B04000A2406FEFC5FFA1AFC340162FF1A
:1004500049069C0948FD47F34F05B1F282F1D3F5F7
:10046000F9FC60F7B6F90F058C079F0A56F5780C72
:10047000C5F74307DBEFE0F7340C770ABD0A0B0240
:100480008807F7006EFAACF603F920EBF60D770F4C
:1004900057E813CFA5EEEDF0FDFE810366072E0BA6
:1004A0005EE169D5C7F898EB850E750FFD0B030962
:1004B00079EE44F66DFE03E95407250136F918027A
:1004C00024FC250658FA2CFB0F10FBFC88F074FF67
:1004D000F5063D06B6FB5B0258F94102A50A5C032E
:1004E000E4FEFE00280832033100C30529017F091C
:1004F00047FDCF01EC060CFE12FDC2E5B00C320840
:1005000068FC78F44AF49BF4F6F992FFD10F54F2A8
:100510001101D20FCDEC5AFFA704D6F349055A0AB0
:10052000E90DE502DBF819FF3A02AD08500BEB04C8
:10053000400E500B82F4BEF15D08AFF8E0F4930B6F
:1005400027FF4C0AC5F90EE6ADFA5CF51005280246
:100550005AFAAF01BFF72BED43051BFD8D07D307FB
:10056000FCFAEDFDDDFE22FD59F500EB71FA69089C
:1005700007DEA4DB19FCF6F670FF85FD8901F8FCA7
:10058000FED6EBDCC2E9B0EFD60A59FEB60A93F804
:1005900048FA430254FDF0ED30001A0190FE6F0F4F
:1005A0003708CA0213F39AFBAC01FC068203A808C1
:1005B00061FCD9F9CDE9B10037F9820144FA93F62B
:1005C0004C0A9308F904F802BC03DB07A1F7F7FF14
:1005D0002C0303048BFD72F121F05EFC42076C21B9
:1005E0000C07440A1BEF56E990EEF0F06417160969
:1005F0008F08A7FC4EF4DD05A3F215FB1AFE850F4C
:100600007007C712DBFD52FD410CC504800614FAC9
:100610004602DB0D2A0203F702FF99F0A407640CDF
:1006200012FECA0861F3F7F3DBFB68F83F0DFE0F1B
:1006300019FB75F491E857EF01F4EFF35003600DE7
:1006400051F55BF321E808EF82FC1DF309FCB802C9
:10065000A6DE9CDF7EEDAFF828F1A9023704D7F9BA
:1006600024E307E075F9F1FCAF0DEE007202E0FF44
:10067000FCF6AEFCBCF5F7EDAA032F09B009900E0D
:1006800088EF9EF2AAF511F99B096003D7F328FAC7
:10069000D1F86AFFC9F04B04680E1302D30331038B
:1006A00047F878F739F8E6FA75F84CFC39064EFA4F
:1006B000080124FCCC0DDFF661F00DFDA7026612E7
:1006C000C6F6E205780352FD49F486EF8E0A1AFD5C
:1006D000E6F8CBF9C70D490CDEF4A4FEB2086E12A1
:1006E0009300BEFFAAF694FC6A07C8FA87089D0C1F
:1006F0001F05AB03E6F513F9490317EC3800D507DE
:10070000E80F86FB95FC60FA95EAB2F2FF16B70691
:10071000D0F824FAF4FD45ED17F0CF088D056A02F4
:10072000B4FD2DF3E4F752050208C0FBCA087A09AC
:100730006CE963EF06F4D60384F4A805C200FFF465
:1007400062F7CBF540FBC3FADF07DDFDBBF6AEFA7F
:10075000C3F8F7FE84F1F5FE3A015C091C04870733
:10076000DA08DBFFD0F69E09B00FFFFAE4F6BBFE15
:1007700046F77DFEB4FDAFFB21FB8107BFF54107C6
:10078000D9F9BFF6C609E4F57703570609065909F2
:100790004B04E5FD1801F2F958FBC7FC1B0F09FFDC
:1007A000E8F0C6EFE2013603E5F1A5008EFE82F423
:1007B000F2E0A8E95309A8FFA8F7B90AD60AE70E9C
:1007C00030ECE9F7E50169038FF747F67803C510C8
:1007D000FAF3C9F83F0A980597EC0EFD3513920518
:1007E000F3FA6EFB20FE0F0351FE1514650C3C0F4F
:1007F000D2F769F4D6068FFE1610360A020B4200B5
:1008000023EA39FBDE0616F7530D4910C206D0FE67
:10081000F6E1D0ED92FD6DFDF8F972FAD3F26CF7C6
:1008200078F4E2FA53F307F377F9DF02A6FD4DF50A
:100830001B0A7016F3F3BAFFC50082151904F702FC
:100840008D07E8028AEFBD0FB10DB704CAF4B5EF0A
:1008500001FB6E0A79048705B8F1A1FC63F652FD2D
:10086000DFFA6806360AA2076E06D3FE2B01B8012E
:1008700038F6C10C1C043BF5AB00DC0018001B0172
:10088000CCFF2C0124F30EF6CA12C217BFFBB5F23F
:10089000C2EDA6EA6CF43608A7196E18A9FBDDF9BB
:1008A00059F5D0ECB2FE0B12C1025605A6F855F56B
:1008B0009DF0ABF93C02BFF958F55903A7062B0B85
:1008C000670951FAC80236F4E4199809D10BC20835
:1008D0005DDF41EAE506660DC61BC91C67F4CEF074
:1008E0008FFEA3067BF8ADFEEC093F12F3EDAAFBE9
:1008F0002500580DD0FE46EFF206E4076109C9F560
:100900009E00E4082103F7F49D0A88EC53ED1F08CC
:10091000FBFF2FFA3D034BFE1FEF3DF949070CF992
:100920002B0D07031A07570605FC1EFF3606DCFCD5
:10093000F5FA26FF200025FE9B0545F81FF750031A
:10094000A2012AFFDBFAA8F926F999024F03AFFDAD
:100950005D00A1FE91FA9D070EFB90F6C00218F80B
:10096000B809E708B1FA65065003FEF61303270637
:10097000CA0E10FFC3F7FDF198051AFD9AF4750829
:1009800009038304C6FC2AFB5D0BDBFD3CFC0AFF6C
:10099000A9FD89032D046AF54C02390217FF340CB6
:1009A0000F0761F72E073506700360078CFBBE0446
:1009B00008076B12D0038AF2A809F80B4EFEAC07A9
:1009C00092FB9DF4E60122108605CB0868FB0FF22E
:1009D000C305C6012C068807FF00A8FF25F3D4F63F
:1009E000E5FC99FB4A06FCFBEAFD1FF02905ECF546
:1009F000FBF6F001700515F78FFBA10033017100C4
:100A000022FB8BF9EBF671099E06CF08E005A5F5F0
:100A1000A404D3FAA7FB0B090C09E3051A0A46053F
:100A2000E7FCB3FC03FEBEF8B5F93E0853FDD00465
:100A3000E8FE000A76F848F840002DF66500FCFC58
:100A40005E04BA0849FE99FB94067D09E1F7EEFCC5
:100A50004F004C02F20047FAC1FF7209F8F554FB4F
:100A6000FE07A30618F9C8FD39F735FD81FA5307CB
:100A7000E7F6ACFDD7F681053D08FAF5ADFB53FA74
:100A80009FFE980464F63F0060F90E0C3B0940F9A4
:100A90006A0CD3FD3CFFA7FDD808FDFEE706A6FCC7
:100AA000FDF5AC06F2FE0AFEFA071408930879FF7A
:100AB0008CF65AFE3F08DB02E508600655F6010693
:100AC000B102DEF7C5FCE0004E01B6071A0A75FD5B
:100AD000E90766FCA7F5770839FE100638088EF896
:100AE0006A06F5FF310512FFCBFBC2FF5F05DD078C
:100AF00066FF9D060BFAFB01FDFC660A2AFCF50465
:100B000057F768FC7F0035F7E90307FB46FA7F0AD1
:100B10001904600148FCB4FB33093FFAE2FB010A07
:100B2000E503A7FA76F98DFFAEF97602BEF536F742
:100B3000070086F9E7F9B7FAB405320D7BF93807F3
:100B40009004BE04B803AAF9C80248FDCF0933F5E2
:100B5000CD002D1223051C050F05090ED109D1F773
:100B6000F2FF53FF06FB4E0056FFDCFD440041FD43
:100B7000E8FDDE0809FCB60BC9FC9EF92F083F16FC
:100B80009A0F15032A069608D1F1B8F5BCFED80DC8
:100B900092F712EE68FDB2F6DDFE3B10C9F8F3F3F2
:100BA000ABF1E0F09FF7CDFF41099C0D350401F258
:100BB00084FAE5F52302B8FBC10F9C0375EA26F021
:100BC0005F0283039902280312FA3901DCF9B804A1
:100BD0008F08A3FD9EF96AFB31F7040865FCFEF956
:100BE00027FF5D08CE087EF6CF0805064A004D03B4
:100BF000C2F7720F36F7C40EEEF60C0C1D03FE079B
:100C0000F8117CFBB60B41F5D80276FEFDF5960097
:100C1000C2F85B04DC07A2FDCF08E90BD106630331
:100C20001109A813C9F5CDF490F7FA054E08370657
:100C3000ECFAE2FE5DFF46012A0C460349FB870100
:100C4000D8056D053C03B6032B02ADF38C09FC15EA
:100C50005E03A8F77FFD1AF9610438FD52081211EE
:100C6000C00376EF87FC69EFC4007CFC4A011AF3ED
:100C7000C0049EFB98E7E2E14C01D70F07FEBCF1F0
:100C800011F4B0FABDDB76F170027B094606DBFF9A
:100C90007CF5C1F836F497FEF702190BCDF44E043B
:100CA000B4F94EF832FB74069D084EFE80FED40265
:100CB000B9067A06C6F8860049FD81055E03BAFCCE
:100CC00015002207410ABB0936F6CC048600DB0278
:100CD0002E0580087D09C7FF6F08FEFE89014106C9
:100CE000F0FAF5F61FF0D105030E31011DFB1B01D3
:100CF000C6FE22FE45058D0A9B14081850FA06F61A
:100D0000F206680446FE49062C0B930329FE1EF6E4
:100D1000BB04FC0415052108E30BF21312EB500091
:100D2000D9F1AA021B0F130ECF108808600BF10235
:100D3000540FA205F609D40FC3044DF62B06D9FEB5
:100D4000E908D0FE7706F80DF4F838024E0CF104ED
:100D500012FBC2FA3EF21EEC64FF67FE1301A80804
:100D6000DBF10EF658F02BE897FBEB0A18F7CCF7FF
:100D7000710688F7F6F7C2E50300200D000AB4F803
:100D80007AFC60F718FF39FFCD0147FD1FFB17FD07
:100D9000F6FAEB0015037FFB53F747045DEF3A07C4
:100DA000D0FE6707E1F90908E6F81304310066018F
:100DB0003AFA85F47E09BBF49EF7BBFADA0C2D06ED
:100DC000DA0988EA16FF3FF7DEFB450737F9E20448
:100DD000F3FDBF0977034E0B8F1167083F042A010B
:100DE00087035D0E4B1161FF8603F30642EEC0F7E9
:100DF000B7F9F4003B0A170512194F03E6FFD0F3C9
:100E00003BF7CD040A1741198C0632F41EF47EF12B
:100E1000570FB6FEF818421AD8F985EF46F70303C4
:100E2000C20D1F017F199B045C04D4092D09CE0556
:100E30004809D9FA30FFE8F551FC2605B106AAFBAE
:100E4000DDFF350156F1B2EB41FD38F34DFE75FE85
:100E50000EF8E4ED48E55FDDEBFCA2018CFACAED8B
:100E6000ACE67AF854DD08F883F4060B1DF280F244
:100E700028ED220358FABC06A203540360F0D1EE19
:100E800008015906B4FE2CF867F7DEFE820A6203F9
:100E90004CEE8FF7880FA0F5B2041A0DB41285043A
:100EA000BBF56DF27AFB29E7140E3F0581FEFDFFCD
:100EB000850505FC990333FA96FB42FF0808F7F90C
:100EC00008F7EAF775F5A2F735151F071FF26DFD54
:100ED0001F044CEFE4F52F0493FC66096F08BEF67F
:100EE0003200F9FC37058F0B0F0E2613F1FA43F48D
:100EF0000CFFEF0A530A73136405A8FB21FE610778
:100F00003FFD7C05D8069206590417FF080888EFB4
:100F1000FA0529F9B815C501DDF4BAFE50FF9002B3
:100F20002CF6FD05D9031CE94EFF24FB8D018BF93E
:100F300094089EFDC6EAA2DA31F55CF53F072F0F53
:100F4000C3EA18FC7FDE84F722EE8803B4FB87F542
:100F50004BF9A703FDFC98F36EFF080833F985F9F8
:100F6000EEF640088D012B0E2C03C3F92DF6550A21
:100F7000150F6909E4F25502E7012C176005970285
:100F8000C9FA69F4B4031CFDCE0EB000BB12520EB8
:100F900017FEFAF6A3017BF2F4FDB5FB6D0EDD0141
:100FA00079EBCFED9EF795F61113F011030AA51515
:100FB00000090F0D97FF5A02CAF44201A60E1B103A
:100FC00099013CFDB8FC92F9EBF5C0F55700F6022B
:100FD00039FECBFB400DE30F0AFDE50876FC44F437
:100FE000FA039701751E68152A01E80C260149F4D9
:100FF0001A0433F24D19090E98E857F73C00B40073
:10100000E0F74E0BA3F871043CE8A8F39303A9069C
:10101000921197FD3AFF5AEC9EE830EFA5FC8AF951
:1010200095F0F1DCC5E16CF06C006D0FB2F4B4EB3F
:10103000C4F014F468ED35EA5D06B21150FB54F6C5
:1010400090006E14FAF64209BE065D14550234088B
:10105000310A0FF34AF5B6055AF8B705C8009702EA
:1010600071F442F5870A2408DE0E6DF723FD0EF9B0
:1010700049F791FD7DF490EC26F605FD7507ECFF30
:10108000E7F007FB65F604F4370A3D01BC089B0452
:10109000AEFECA16D5F76AF044F20F00B8140C0E73
:1010A000A8136A0D31F699F6A4FC2EFB6F06730A9D
:1010B00052FB7D035DFB250F83FCD2005C0577F7B7
:1010C00028084607490BC71639F3F40168082A02B5
:1010D000A50D84FE16193A0E56FDBAEC26FB6F03D9
:1010E0007DF653FFCC0C7EFCDFF074E5C5FF41FCC0
:1010F000F20BF9055BF9BBF410E855EBE9081408AD
:101100001FF45AFE3BEFD6F66EFD5A07FBF425DCC2
:1011100048F124F0FFEBAFEAAE055A1180F775F500
:10112000C30B1A07EB13220691FAC206E8FE2FF84A
:10113000BE197106E4F8E905B009210310FC31017C
:1011400044EF24F65B020CFE3003F10302F62BFCA5
:101150003CF076FEAEFC70FD7FFE760D24F90203B6
:101160007AFE1D0281FFFF07650C32FCED09B7080E
:101170002E02FAFA8C0972FFFDF72AF70F09BC0656
:101180001C015CFD63009CF1B8F391EFB110FCF918
:101190005E01E511BAF61D046CEE0201710CE3006C
:1011A00004074912E80EE216E0FB65F8E00775094E
:1011B000910FDB0D6321AC18BFFD1703FB03360D48
:1011C0008906AE0B09064C05FDF442FBD00921FF50
:1011D0000805AF0E870263F9340077F50A0EDA0EC0
:1011E000F8FE03FC3DE2A0DC500C6310DBE65CE2A1
:1011F000B1FB6AF4B1F178075BFFA0FFC3F111FC0A
:1012000037052E05040233FC5000600BE9069104FB
:101210004501D5FB7A02DBF866F94EF92AFCAEFFF0
:1012200015F4C000ACFCC3F89A10C10CD3ED7700E4
:10123000A6FFD40888F262FB220EB700620EAA0055
:10124000EF013B03BFF8B9F2290C4300920F1206DD
:10125000F60810FC03F79CF7C2F27BF53604B302E4
:101260006A00E4FC30FB5D028CF644F978FDDEF6A2
:101270000EFA7A030DFA630742FF13000BF2A1F98D
:1012800055FB71133B0A080AE90BFD068F02F912A0
:10129000861B1315C205FC1CAD02CDF7A3091D0763
:1012A0002714590B6713C7060502140F63F4C10E08
:1012B000AEFBFBFAAF0691F77BFB0B0C55068A0DD4
:1012C0001DFBF20565E2CAEC3A1118F5D4E45EF4B0
:1012D00044EA43F00FFB530518F693F77615C00E5A
:1012E0009EFA2C0B08F9A6F2D309FC0A2101B800DA
:1012F0000DF074006EF3C2FD550587018702D0051D
:10130000C7EF90FB7CE5A1EADF150712DAFC940237
:101310004CF698FB2DF2C1E9A00C04057805E9080C
:101320006AFEE500B7F50FF8B30C2211740D27FF24
:1013300027FB900376FCDDF3FFFEC90D7DFFE6FD84
:101340002DF64704C1ECD3FEE0035C083FE551DF16
:101350000A01DBF8FA091D05CF02E1F7B6E0F7F361
:1013600067FFDD0E58FBCA04CB0F4904781037081D
:101370006B170317120BEE05D6FE870339063E04E2
:10138000CA097B11EC0740011A078D0FB7FCE2FD7B
:10139000CE0CF5FF60F9E80B29058D092808AAF79E
:1013A000070120FB6DF7C1FA3405CEE75CFCB507F9
:1013B0007F0698F6D90458FBE7FAC3FECA03EE0588
:1013C0001C010C1037FCD603820959FD0E06150EC0
:1013D000EBEECB013CFA03F62217D10CEFF75BF5ED
:1013E000A6EAE5F2ADF6B2EF06118C0B84FCBA0466
:1013F000A7F3DC0901F420FE6BFE360095F66908C0
:10140000C203CDF78F04BEFF1D005806FAF3F7EDB7
:10141000F1FACBF91BFE1B025C084B02FBE06FEEFE
:1014200090F87AF7F3F20D05CC10330781E197EAD3
:101430001EFA1BE6E2FF63F9C20BBB08E4ECC90528
:10144000BEED62F6D2F1A9F203FF9FF82108BA03BC
:101450008410AF0A9B038512ED0CD60A59F3A0FA4B
:10146000DA0ADE075715760E7501B208C2027F024E
:1014700067FC96F98E00ABFDD906E10B1F0FD20970
:101480006DFF2EFDF5EEDA0335F948F902FF210F65
:10149000150161FA43FFDB0EC8F87C059FF80909C6
:1014A0003FF72C07D5FB14F1460162114305D7F92C
:1014B0003DEEBAEF05F39C072317941C76FE0FF957
:1014C000A2F263F351FCB8F55C0FE41210E637F3B7
:1014D000BC0452F90000B4F8EE0C4304A7DEE8E3C4
:1014E000CBFCCE01BE08FE010BFA00FB7FDED3CAA7
:1014F00025FD830A000733081FF539014FD801E69F
:10150000630171FA5FFF31003309FA09C3E7E6F1BD
:101510007DF519D585095CF76507C503F4F6520614
:101520008CDA7BFD59EE06FFE8FBE9F71208FBFBBE
:101530004BF680FE32F72D199CF5CFF7A1F1BCF7E1
:101540006B0A5CF9660678FBD3F5F1F675F86A105C
:101550005E030B026F0583F86311EE0675F42AF63D
:101560007FF9AD05C0E862FBC80979F96AF63C0964
:1015700053FBD0FCA2F6A0F987F6C313B4FA4D07CB
:1015800030FEEE068AFEB9EEC7060106E406C00587
:101590000D085EFA53FC37FCBE091312F1012AE96B
:1015A0005001C4F89BFED9F73309E515EEDD92DB57
:1015B0002CFB44084605CC06B007DBF62DC5BFD191
:1015C0002204130F750C6008DCF4CBF16CD12AE116
:1015D000DFFD3EFC42034CF305FB8E0926F2F5F4D9
:1015E0009EF784FCCD023C0D3FFEF8FF3DF71EF850
:1015F00043EF99D9E6FAB3F58AFF8506BA07E8FB07
:1016000012E668EFF1FA1EF8A804300311FEB6F8EE
:101610004B033EF287FECD0010F904F76BFA83FD11
:1016200080005EFE680069FBF0FBD900D1FC760308
:101630008603F9F957F6F7EE9B18781C66F71A053A
:10164000AC07140EA9F603EF500F7F042A0CF3FC2D
:101650001BFF210706F55F0489F286F58804DC0E7E
:10166000F6F516F9BBF891FE73FD1B088CFF7308A5
:1016700085037BF647FF2900B00D1006DF173CE617
:10168000FCFE780C4904F3F7BD142620C8ECB5DD48
:101690004E01D00F4F0CD60910081AFCDADD3CE0E1
:1016A000E412FF010B050EF74FEC16EE35DC98F255
:1016B000CDF839085DFD03FE22F8A0FA2DFF930B4B
:1016C000660609EE0401E30BF0FE2DFFED045E005B
:1016D00020EEFEF0960BD9F96B0779FE7C06B4017B
:1016E000D9F1BAF704FA3D0271081001E1F91F01BE
:1016F00056F193F0E304800C45081FFE8D041B088F
:10170000E6FD5AFD02050BFF630A50052303D40AC8
:1017100057F9770403F8DBFE330EBC1AD01035F806
:1017200084FEA00526F9BFF9B70FD207C20688F0DC
:10173000C513830D89FFCEFD77FDC6F84005960FD2
:10174000C5F79BFF67FDBD02630055FC11FC231725
:10175000D4F8B60949F13E0097F09EF2450EF8F430
:1017600077FE0C075A05EC129CF68109D4E811F2B9
:1017700074076BFCBD06A500A80C25FC6BF32EFBC3
:10178000B6F9240CA9FD0F02D8FB29EE88F9AC0BA1
:101790003FF32A009CFE4A019AFA7C005B0BBC0ACC
:1017A0001604ABEEACF816FACF021B00E00FFA00FD
:1017B00098E213F1FAFAC00231100FFEEA0E5FF858
:1017C00016F23CF86F0272FADC039A0292FC390DB1
:1017D00086F735F770F92703ADFBE30F520EA20A27
:1017E000BBF56B018DF7E2FF1416390E73031B1363
:1017F000AB02D6036D0A8DF5D5118D16C213EB0E13
:10180000B20EE4F79E0A36F69D01BEF4B30A02ED6D
:10181000D4054C06B000B613EBFACF03C6F83DF87A
:10182000160AB4F3BBF5BD09200A37FF95089500E9
:101830003205A8FF6B0109F515FFA8F2CB0B87FC59
:1018400056FFE2047F09FA072614D2015BFCB906B1
:10185000E806F50AF5046202A903CDF8F1061607B9
:10186000600FB0078D0D5802E60185FA7609C10CAC
:1018700062F571058D04B5FBD006530BF40C170906
:10188000BAFF06F220FDC5FF02FA47010313CB138E
:10189000F6EB64047CFC36054901F50A030E62FB95
:1018A000E0FF090165FD88051CFD8F0B200256FF36
:1018B000D50B65F832F40EF8BC0562070104790017
:1018C0005F013906FAFC7DFFE601F70317FA4403CE
:1018D000C30CC400050A1DFCC2FFF80145F7CAF499
:1018E0001D08BE05E7FE9C02A1FC98FB96F99DF73A
:1018F0000F11120C68082E063CE8D6FA57FBA90512
:1019000015FDF9F273050F0834FA74FFEF00771133
:10191000340B2C08D6F352F7FD0230FB7C081B0871
:10192000BA102A0034FEB004550B40FA8C0CCB0CD4
:10193000350A3109120C7000EA0BFFFB560CA70A9E
:10194000120E5CFE5703DE02CAF195EFDA05D310E2
:1019500027044EF79808F1FB0706BA0183FC5602EC
:101960003FFD2FF08AFDE1F23D04A8F954089E0ED8
:101970007503170EC0F71EF9F2EE8404E40B790824
:101980004E08740B420165FA850692148AFCB4F283
:101990008F01090640FD63F8EA0B4A0D49FDC9FCB9
:1019A000320AF50D4FEDBBF66F086C03B0EDA1F3F5
:1019B0004405B2091BF90EFABCFBAEF3F0FAF4EBE6
:1019C0007DFB48083AF8F900760250019A0056FA71
:1019D0007E01340E25F9431131F7610A8811140A8A
:1019E000F90A18F88D0F99FB2903E50BC402460D7F
:1019F0008F00F0FB340698FC1CF5E2021CFD721B04
:101A0000E21556096201F6F723FD390441FBB408DB
:101A10008603FA1138049E026107A402C3FE2D0456
:101A2000BF161109C10B0D03B3F634F99700BCF7CB
:101A30009101C7FEAA005D05BD04340180050708B9
:101A40005EF5BAF880FD32000C0972F68F0E440A7A
:101A50006B0AB20035F99D0FC0F283F0E0FC9FFFE6
:101A6000110DCE03AE03A90883091A166002D9F13D
:101A70004E055C0797F51804D506D302F3F31C0155
:101A80008601C80D6301FE0602FB9BF9C4FFD8FC6A
:101A9000BB107206C113B30EE2F3E2F9B7FE67FBA7
:101AA000520EC20ACD104F0808FA2DF44EFE06154C
:101AB000C501B613C703180A45FC41F91B08DE002F
:101AC0001505E80741F82110690350FEAC0493F9AD
:101AD000120833FE8FF82D04AAFAAEFC9E02C4FD54
:101AE0002F0B3AFA8002820535FA5302E000880093
:101AF0002608A40AFA0FCB0519F84500940D5602E2
:101B00004012E00B8F0279039100FDF2EF00280DE7
:101B10000F078401DE1008F5740BED052701560947
:101B2000EE0CDE0A4201270E32FC14F152052D089C
:101B300070F956FC32062CFAC8EDC0FA1F0942F5BE
:101B4000A305BEFF65F4A4010A01921285F6B9004F
:101B500084004007DDF3B9F65207E5010CF8D60121
:101B60000002280DD2019C02B4F275F777F6A9FFA6
:101B700041098BFE7A0B021010E95EF88CFA96F49C
:101B800028F57CF7D70C9CFD15EEB8EEF804611330
:101B90002D01DBFEF90D73064DF67AFEA1FEEF0D69
:101BA00088F86306B2F8B60A89FE20FF3CFEA3EB74
:101BB000B60BEE098201150F48FA77FF33F90CFADC
:101BC000BB06C2065500E4052DF6A801540C990287
:101BD000C70586024B04C20BECE755014F0ADFFA3A
:101BE0001C08360C660B000D2BFCA7F61F0CB4F579
:101BF0009800E30A8B0909040D05C7022C07EF04BE
:101C0000C40554079E095B01FF046CF55C010FFAE3
:101C1000FE03B7FF8CFCD3F00801F4F70EF60FF9C2
:101C20000CFBE9035EF32DF82A04E1FEBDF445FB4D
:101C30006801690FA8FD4003970820FC5D06A0F825
:101C40009D0922126BF544FDCDFAECF169EF26FBFC
:101C5000C806170E0611DEFE47E2C8E1FBF66A076A
:101C600047F943F5B4FCA9FA72F1DCF947045207CD
:101C7000F101F708A10CBE012205E1F8C00ED5FD67
:101C800090FF3BFC6505850B40FBBAFA3E04F60667
:101C90003A0928119C1D5B128108200E2BFC57026B
:101CA00023083802C0071FFC56FEA7F9D80222FFFE
:101CB0000D0750F9200ABD050AF9D8F5EE04D0FD4C
:101CC000C307C40B580228FAC4FB6DFFB6FD6101BF
:101CD0004FFFC60BA4FD2404CD06680B6601A3F7D5
:101CE0004001BFFC27FDAA01900F4E024EFCA7F752
:101CF0000EEFB4F513F520FC940DA4080E093BFC7F
:101D0000F5F46A02C2F511FD8A0919059609A206C1
:101D100061FF40F9530216FEA704A705F80AB209AD
:101D20007011B00713FE99FAD0FAF0E1F2012F0A10
:101D3000CD0D7B0B20097B0675DE10E71407B30A77
:101D40000F01D6FFC5FB810729EDB3FCB40ADCFE09
:101D50002A0EAF05510CD4F5DAF39D020BF5A0075E
:101D600062040305B7012F0433F98A0476FC2BFBC8
:101D70008A097E03B315FC0B0DF9A8FE37FE61FE40
:101D80003DF062F841017506720403F3370FAA11A2
:101D9000C1044DFFF719B20981F6D8E81B0D50FBBD
:101DA000E20F30028D11EE062BFC2BED02F77CF9D1
:101DB00078FFDD089E0A52015D03DD01A70265F58B
:101DC000DEFFA903A5036605F70F020D26004DFCF3
:101DD000CDF63EFA2AFBECFA8801A4078FFFF1F753
:101DE000C1F715F810F2BBFF3AFDD0F4560ECA0940
:101DF000FCFB2B0BAFF916F2B0F10EEEE7015B0521
:101E00000E009C06C607A701B8EE04D763FD050CBB
:101E1000320B52FAB416A5FC9EEF70E22F0826058D
:101E200082FCD1FC5F06B8F50EF4C5FD3AFF5CF705
:101E300096F911FA0902FDFE7802FE089DFD2FFBBE
:101E400089044C081D002EFB3301CBFADAF8ACFDF7
:101E500047FAC1ED6E147508E1FF70FEED0AA8E5C2
:101E6000B6F751F172FCD4F493F7CAF424FB47FEA1
:101E70000011361435FB06049EF203F55B0B1A06BF
:101E800066058D014B0AAB095CF2BAED000270FBEE
:101E90000601880DD1009004C0F150F880FBE700E6
:101EA0004908AEFA360D17FAADF90F0E82088D0902
:101EB00012FD93FAE60018015805FD03E4F3F8F566
:101EC000F7F444F4BF01290C3E034FFB2A059FFDA4
:101ED0005AF159ECBDFCF9FE0DEB11EF9F0829FBFF
:101EE0004AF9F1001FEC9909AEE47CE501FB3E0ED6
:101EF0005BF30DF90C189E00FDE9E6F025007CF877
:101F000076F923FCFCF86D03F5F8CBFA37F9DFF925
:101F100041ECC1F9ABF30701DE0918FA370748F9BC
:101F200049FEC9074009DDF9C1F591FA9EFDA006F9
:101F30009B0061E7ECF334FB87063E03390998FE0A
:101F400096042B0219FEC0066107E704170F00FF75
:101F50004EFC36014A09E7F64F04F8F46B0746F9E0
:101F60007CFFB30673F98DF5DFF352F5B4F2B8FADE
:101F70002F061DF8D1FBCE0689FD8706C8F67B0229
:101F8000B703390449FFFCF33FF63008E706400089
:101F9000CAF5AD0426F8DBFC31FE11036209960296
:101FA00080F47EF3C7030300420455F47F0531FA41
:101FB0000EEF5BE8EFF90CED16E6EAF594F013EAA4
:101FC0001CEA3AF845F94B04F4F0A6F24FF719EF82
:101FD00084F74AEF9116E2031AEA3BE9E5FCF50CB7
:101FE0008AF6D1FC71FD48FC08E997FA720F7D0C66
:101FF000D2FC330658042FFCDA05E7067A0797F679
:10200000EFF7B4FABDFD8DFA0204AAF79309500167
:102010004EF348FCC302F30365FA1EFFFCF9490EB8
:102020007B066DF4AA07B60FEAFE8FF271FFFC067D
:10203000EEF075FF5C0C5903F7FB8708BA02F2F16A
:10204000BD08D705B0FAA5010E000D03D0FBAFFF08
:1020500079FD16FE120BA7103DF94CFA0EFC770421
:10206000F5021A0A14F9580001EFDAF124096C128A
:10207000EA0C7808B5FB47F60A07F9FB6408390A49
:10208000D800FCF079FAD1F8C1F956FC7BFC86FA4D
:10209000EFEE0BEE43053B0B2CF3890C6ADFFFE000
:1020A00020E5E9F5F803DA00400B3DFAE8EAA6F08E
:1020B00072FE71F99DFCD70486F3F2FE42E395F8B7
:1020C000D2F2F20C39F7750742040C04B7EE360869
:1020D000310795F6F802510945086CF6D103C6F8A8
:1020E000CCF89A02B7F876F994F96B0A030903055C
:1020F0007D07BBFFBE06930863F87507A008D9FBF0
:10210000C5F1D3E3CAF5C109E7072302DDF3BEEB4E
:10211000F8F84C03C103FC0BF6F913F81CF8F20CA9
:102120001A06BEFDF9F97B158BFB4B0D9C0F790E42
:10213000630BC5FCC413CA027104340A72157F1301
:10214000DB02210EA9007DF409F7111540FB6FFB9E
:1021500065033B181C064DFDD7FF79F51D0883F775
:10216000DB0E12FED8028108A9F8390017EE67E9E4
:10217000BCF73CF8610F360B980BA3160CF171EA13
:1021800008FD3B02E10DF8FA3B17D8044EE94FF089
:10219000AFFF98F7DD096404370E9103A0FB37F316
:1021A00058FCEA075E0CCB025A0305FFB0FA130293
:1021B000AD02CC07D00521F8FAF52C08E8FF97000E
:1021C000BE0621F7A9F9BE09DAFDB10544082709C1
:1021D00012FC070A64009AF5C409DE008700650254
:1021E000F8FA2D0CF800B9FED1FBEA0A6404D40811
:1021F00073FC0004CE0E5F013AF6AEF038FE86178F
:1022000087031EF19B013FF983FC07FDF9118B1039
:102210003BF20EF58A018608D2059EFE9B097716D1
:102220005BFA580E65FCB8FDDA06420BF519101181
:10223000FC17E21594FC60F16BFDF5FF1010DEFE5B
:10224000A7193B095C08AD05A701D10495F8670201
:102250004B09FAF51713BC0065FE4D05C502DBF509
:10226000DD024AF9DFFC2B037BFF6812D5F91FF66C
:10227000BCFDA3FDB7FFBF04990D2E0FEEEA7B0551
:102280009303F6FBFEF79604FD006BFB7300ECF77F
:102290009508A90707016B077801660ACBFACC07F6
:1022A000FDFC8205DD09AFF677F83801740468FC9F
:1022B00051FF0D0A62FB21FEABFB3EFB64FF3EFCBF
:1022C0005DF8D2FBFEFF020861077AFD4E078EF62D
:1022D0003FFF9202FAF91E022BFCC9F78AF614019D
:1022E000F9FB41FE58080CF8BC025AF6B4F97DF728
:1022F0009CF9A6036E0399FBEEFCA006ADFD9FFDC5
:10230000D5027E08FBFC71FBC0FEF9FB730D490D85
:1023100038034701F6F7BBFCB2FAC2F6F500ED0848
:102320004E0049FAA9FC4607FE0870F8A5091002FC
:102330009F01F8FFB40545FE9EF511F85CF651FAD1
:102340006A0090F64E0534F75AFFDF082DF9D4FEE7
:10235000BEFF1FFEB9095DF867FA2DFF26F8860A51
:10236000D3F7A80497F97F09EEFFDCFE99FDFFF68D
:1023700045F87AFBA90760FDD4029BFE61F82E099F
:10238000E105B7FE7DF98C055DFB80F8DB05870470
:102390006108F60769F937FE83F92F0276FE7805A2
:1023A000D707D30840011B056CFE4EF4CF06D3FDC2
:1023B0009EF229F876FD350659F4D5FC4708C40D80
:1023C0002FFBB4F9540FB0F7C9FE9AFC440D77FD0A
:1023D00079F947FD6FE9FAFDDE05BCFEEEFFA30EBD
:1023E000BAF9D6F978F2150176FC8403490DF2FCAE
:1023F00055FA4BFD58005805080005EA7E04B6085A
:10240000C5F78CFEDEFF1B0B7FF812FBC100300E00
:102410005805BAF507F4BEF9280567F611FE15FE52
:1024200035076DFE6E028FF898F64FF87D0692081C
:10243000D7F3CFEF3900C9FBB7F656F8AE0F060C4D
:10244000FDFFEAFE6A094FFCE2F7CC04AFFEB606D8
:10245000DBF7FDFC74036CFF92F7CDF727FEFC0160
:10246000A90282FEFD0250086D07C7F7080844F96B
:10247000460AF0026602C2FBDAFCA5FC4408B5FA83
:102480008CFF58085F065BF5C7EFC204F8FF76FFC4
:10249000A0FB2DF2B4F896FE24FECB06D7011D0D4D
:1024A000D3FB8DF4FA07771610007F030803C3F9F6
:1024B00036FC2AEBD20958F215FE81FC11FF1708F1
:1024C00068F51BF353FED7F9A20936FCF50A96010D
:1024D00093ED52F73DFDD4F66AF60F0CB00ED7011E
:1024E00090F152F766E8CFE0F10405FFCE09FF094D
:1024F00073EFBDF5F3E82EF1F7066602B30B5D103E
:1025000043F8BDF0AEEFC200D2FB3EFF17FF8006DE
:10251000A5F4AEEC11EDB0FC7F0609FEC714F51171
:10252000E2F65005A00143084F0771F652FFCAFCBE
:10253000410043FDDA035BFA4AF93DFB41FAC8F971
:1025400085FE2405DB0829F610098009FBFCEDF95E
:10255000CFFD49F5671132F8B1F9A4F872078DF98A
:1025600062F61AFC76084A0B56F7B1F884098E0E0B
:1025700014FCD3ED3C0F54146C062EF730133604C4
:10258000E4F88C007C1B7613E2FC42F76F00FEFF40
:10259000B2FC89FA91195A0F3CFEB20ECAFA8C0F9E
:1025A000FFFB1AFDBE0FC101C6F506F1FDF0CDEE31
:1025B0002AFCAEE9CEF9E1EFA80774FE25007CF60F
:1025C0000E0BA20606F29CF4A9EBC7F2FFEE36F35F
:1025D00006F5FFFACAE9F9EFD3F6E1F009EB120CC0
:1025E000FB020EFC4E0B6803CEFB970A97084EFECB
:1025F000A507150630F7AD0594102B0A8CF6060AD0
:1026000054F3E507F00BDE0AA2FB15F2670D15FC8B
:102610005C06A00854FC9F099CFD95F932F59CFBD3
:102620003B0595F908FB39FA35F66004CE056406DA
:10263000CF029A050A045906C2FF4F0181FC76FABF
:1026400065FB900A29121EFD16F3CAF6B1F51400B7
:1026500042F71C015E036907B0F454FB34018F0E8E
:1026600078F8CE04740E2B1B8AE940002110B408C0
:102670001CFD4C04061E931114FE23FB7A0C63F917
:1026800033008403E906DA0583FDE200A6F97B0B3B
:10269000F703C5FA8DF836F04E056EF95010C5F403
:1026A000EEF56BF82BF0C2EB27FD00FED6FC55ECE7
:1026B000240896F237F25EF204F015FD17FA010DC8
:1026C0005DF752FE1BF651FAF8EFC9050F195A16BD
:1026D000DFFB8B07EF073A01D907B8073205D30BA9
:1026E0005E05150C46FD990D7605EC065000E4F6E6
:1026F000D00B5605BF087704A8F513ED5CF507125B
:102700000BF7E8F9B9053F09280A890396FB890107
:102710009FF689FB1C11DF0D0EF463F0C008EF0B70
:1027200083E8B203A90C540B83F49FEA8F12BC0711
:10273000180A3C047903DE0A41F290FF8F0C7608F8
:10274000B0F55DF7C0FB6B03E6018E0F3000960815
:1027500050082EFF9703C51429074C057402FA018F
:10276000A7051D11AD083C109C123B01ECF9DFFFE1
:102770005A0570FE050C8311620B560788FD8FF712
:10278000AF0242FAC50541F759FECB03BBF6F4F49C
:10279000CDFD95FF8A00C50D06F986F46F02780914
:1027A000EA06FD022BFD26FDBAF185017E1880099F
:1027B0005AF8BFF3B6F4F2F382FAEF082809C60319
:1027C0004AFEF2FDA602D803BEFF8F0592FF48F431
:1027D0006A0CAC06E0086EF91AF39905B504B3FF6C
:1027E000B1F7EAFBA0010AF821FB5DFFFAFA0E033C
:1027F00043113D0B54FB06FF3A0A89F58EF864FF3E
:1028000008006BF97800D7E5DBF8A9F37A11021D0F
:1028100064FCC8E9EDF6B80254FECEF63501EF0DC2
:1028200089FB84F71204CEFF50FACB0A50092BFB28
:10283000320EA601FC089B18130A510AE0E8C5FEF7
:10284000D410CD051F0C2E1F9DFC6903EAFC6FF709
:102850009F004DF9F61AFE1E820299020FFBAFE6A9
:10286000ABF7FDFC101C25037408BCFBBFE026E899
:102870009301DD03EA072BF399FCF900B2FC87FE14
:102880005A0442EF7FFC6CEEB803F3036E0893FE2C
:10289000A4F405F431F8C6F91709B304220E1D009B
:1028A0002AED3906EF02630A4604D2F6D4FF50F44B
:1028B00080F32001140CD30A4A05D6056BFDC5FC34
:1028C0006AF7F00BFBFFBCF601FCE3FC010990EF9B
:1028D0009F175007E9EB2AF8AB03E2FA950067006F
:1028E000D6FB09F0370111EE2CFDF3FBD10E691870
:1028F000C1F56FFAF000C4FC1BF443F5FF0F5C0E4A
:102900006CF9650508FCF0FAA6F4EDFDD6FA7EEB4D
:102910005807CD01410F690E070669FD6CF96FF08C
:102920007A101F0E2B1AFF1EF2F7D2F04EFBECF7B7
:1029300063F478FE62144C1BE4F2DB01F7EFB0E9BC
:102940004DEE92F06307B202B7EF9DF298E427F1E3
:10295000DB03C3F852FEBCF805F949F977F52E02FE
:1029600065F4E7EC8CEFAAF5DBFE92FA81F534FA18
:102970004FEAD4FC86EBB4F750077F05FC07B9F6A5
:1029800072FAB00055F8D4FB980CDFFA730CD80437
:10299000F2037DF89106DD010AFED5FC3702B50889
:1029A000F00773175DFCF5EEE6F35F057B0FC006DD
:1029B000F313BBF133EC7FE5CE067CF8DBF8C802FD
:1029C00075FB72F43AFE19F22904CC009202D80980
:1029D00024F9F7F6FE019BEFCAF647F742FC0F0217
:1029E000AFFF3AFB0AF69001FF06E60250F510F33E
:1029F000FFFAF0107A0458FD9705B906D7EEF105F5
:102A0000B7FD64F5571513140EEE9AEFA2FB440BB5
:102A10006A073DFC9205C2037FFE44F1BBF466E702
:102A200031F34AEFEC0640F9EAFBB9F110EAB5F1EF
:102A300094FA10F7FAFF7601DBF472F23D0284FD9E
:102A4000C8FB6DF896FD64015FFBC7005B01C8FE23
:102A5000FCEB34EE0BF063EB99FE18F7A8F35CF88F
:102A6000E8E970FB76F2B7044612F90877FD120F19
:102A70007F024905FF10DC06F10360FA29F8DFF058
:102A8000AB02C50739F696FF9208260C15F3210014
:102A9000EF10B8FD390828F5CD0A6604EC03700480
:102AA000810902F3D1009EFF8BF706FA6AFB7608D4
:102AB00071FA18FE9803DC0049FFC8FD88FE6CFD22
:102AC000CCFC72021CFFCB09FF0220FED5019CED5D
:102AD000C80A5A12AD0395FEBE0B6DFCD2F94C0923
:102AE00042F501F2B9F43EFF4EF875EC79FAE90AC5
:102AF00052FB2BFEAFFC2A00ECF3EE0272F66FF0F5
:102B00004D08081058F175FE67EEADF64501100846
:102B1000F302F1FB14FFBEF4E0F607F47AFDD1FDF9
:102B20008CFB7BFA99059FF6FDFB4CFDF90744FBF6
:102B300051ED14F4E2FB28EF91FB0FFFF2F6470290
:102B4000EBFD47EFD9FA9F151C06F6FFEEFE93FF4B
:102B50009BF3EAFA1101D7EF2BFBFB0224F4FFF7FA
:102B600052032D04AEF659FB04FD21050FF4ABFD15
:102B7000FF1587FA7DF1930402FECC0325FE61FD6B
:102B8000BEFB9F0174F54FFC0700F90587048FEF2A
:102B90001F09AF01BE0AD502B10016FF83F928FA5A
:102BA000FE0376111A0914FE73FB2A09C700F6F317
:102BB000D3088BFAA1FE50EE2C0CA90485F6BBFCC1
:102BC0002DEDE7F27CEFE1F735082CFF9E03DAF1FB
:102BD00022F8F7046A1256FC28FA2F0A62FC7EF3E8
:102BE0005A001C19750AFD0957FD96F95DFBA708E7
:102BF000360018F8720A42FD190B3DF886037F066D
:102C000057EF36F785F525F21BF61C0139FCF2F972
:102C10006EF379FBF6F8C0F5CAFFE6FD66F37AF7C6
:102C2000F8EEC5FE6FEF5711FF087F124D0494F9BF
:102C30002CF7AB096707CFFD6705FE07A7F8FAF782
:102C4000FD0D0C062FFB06F8210444F118F9660D62
:102C50002310FFF5D2EA82ED20FFB6F581FF80EF69
:102C60007B004709A7FA35F7E4FD7CF9A5F4D2FD0E
:102C70003B040407E7FF400F05FD37FCE5EFD2FA00
:102C80008D08621498FE4CF6DF10260DB90629FE59
:102C9000F00D8800C3EE3CEBEB08B40260F84DFE8B
:102CA000A3FCB00004F6630F9307BEFF840A39F05B
:102CB000B5FACD040916200AD8088A0553F036EF74
:102CC000300C971308031C0E0B059610AA08840EEF
:102CD00047056F054C0E5EF7D409E5088A0D3EFFE7
:102CE000960247FDBC0885F9B7FEEB0CA4ED4AFA45
:102CF00095F720FA6C0526FA710532FA63F3470C52
:102D000068E4D5E54E01FC0DF00536F495FC94F130
:102D1000E60314000C185DFBFCECAFF43CF61FF569
:102D2000BA06120793040BEDE4F9AFF289036A03C4
:102D30009E0E63FDB4EE87FF010292FCBBFAC3F462
:102D4000380E860385FC50FD55F71FF30AE5FFF7A3
:102D50005D0E50FC0504CD084A02EA073AF9000965
:102D60002A01F2018AFAFBF444105905CDFFF70B52
:102D700095F951E738F15CFA1E1295055F0395014C
:102D80000EE8EFF554FE19037DFFFFFE461184FCAB
:102D900092FF7D04E60E95070D03AB134CF367FB22
:102DA0001D02F50EA5FD2F084501150BAB0E5209AE
:102DB000DF0FD203E9FA221088FD96FCE8F725F52B
:102DC000FBF4AAFB6D095407DEFE280A2CF29B09CE
:102DD0006000CE0A8F029FFE9E0A1AFC310A150D72
:102DE0006CFAD2EF3FF14800C60206F752123E00DD
:102DF0000BFFFEFD13F9F5F893F671FD19FC37F49E
:102E000038097B09D702C4FF62FED0FC6DF7D2FC03
:102E1000BCFF8906AAEB4FF25EFF60F2C6036FEFBC
:102E20005412C909AAFA60EF5BFF9A057FEFE6F436
:102E300033073C02BFFE6902A5044903130F3604A1
:102E4000F30CC1007705160A5C0A5805060FA80B9B
:102E50006EFCEFEF0BF3B6FF2C12BB017B0BC3072D
:102E600094EA2BF797F9BB04ECFC32FB30FA7A00BA
:102E700038F981F97D02FAF8F1FEB20B7BE82DF406
:102E8000440784091F0104019F09E00CB6014604B0
:102E9000370AD8F925F87C03940C6C084FF44BF0F2
:102EA000E2005D066909660589FD2CFCA9005EF655
:102EB000BE0B5AF635FBEDF2960475FD4AFFDF179F
:102EC00069F88EF452E84EF5FA06CC0B7605B5019A
:102ED000A2FD2BF2FDFB8DEFA9EEA2023B0901F84A
:102EE000F007C3020AF45404340282FD70F86D0244
:102EF000890CB505C3F516F0810168FEE6F84CF2C1
:102F0000E40D7100C507DFFC0A078B08D9F29B109E
:102F1000B7F667F732F782FDE0FA9902DB0B56004D
:102F20009A004EF7E5FBD7F7EBFC5415C8FC9F0B56
:102F300063F9A3F1AFF4F4FB1003B9FCF001B9118C
:102F400017EFEAF85EF55BFD0B05F70B1E12CAFAE8
:102F500024EA09EF700619FA46FC430270023900B0
:102F6000D6FBFF11AEFD1803850E97FC960586F87B
:102F7000D102FC03CA012D01210C790B680167F411
:102F8000B914F3099E0685F3C208C3090D0430FA8B
:102F9000D905EDF907F2EDF96AFDE8F0F7084DFE05
:102FA000880844F689F725FF19F53B01EC0A9F16BE
:102FB000A901B9F9FAF536F06F0024FCF806A2F27F
:102FC00098FB8E0001F8F10732023407BE0889FC35
:102FD0007B054E0920012AEFCE025EFC001152074C
:102FE00024090D0B4C0C4404B301BFFC7FF78F0E7A
:102FF0000F10C40CE105D2FCD0F7FD0AA70E39036F
:10300000C5063606A50587F599031C0B0D09860D27
:103010001EF54BF28200F0F4150AC0051A01D7071D
:10302000B6E8F1F7530067FBE5F391F57308040E7A
:10303000A6DE00E17BF55604B4F865FEBF05AFF5EA
:10304000A8EF140262FD3B01E80237FDFA07FC021B
:10305000AB0F3F142A04C10500124D0C210674FB6E
:10306000E10D23F729024AF6F305B1F8CB02FF047C
:10307000C4023AF4F60216F8F10294F7270639FC76
:10308000B8FA00FC09FC9B03C5E7BDF95305040A27
:103090000C0682F4D0F699FBA6080DF76BFD7BFABF
:1030A00071FBF0FD6801F0063406B903450721F213
:1030B0002013DC07630934F74EF25002650F8A1CB7
:1030C000C2092F012E0CE3F5EFF408FB9402260C45
:1030D000CA06411347F9A5F8FD03A2031CFF2011FE
:1030E0003003240C5DFEA9F9F50E7A0354128C0C02
:1030F00073034AF5EA022305BEF27BF7060C8C0B3C
:1031000041F5C2FB51007004D6F9F0047BFF6DF766
:103110005AEFABE64CEEB7F690F418093BFBC70349
:1031200047F677075BFA63FEF209D9F407FC41FA28
:10313000B110C50B3FFC7302B100580BA803570830
:103140000E0801FE93FDE0FC2701FEFB7CFDDE0185
:1031500048FB05FF9A0FEFF761FA9401A1FE2B01DE
:1031600042F92D0569FF44EEDDEF98F33A0F521353
:10317000CEF8370058EBB400BCFDB0FB0EF7DEFA1A
:103180008C0021009B0618FA1F0A0101390005FB7B
:10319000B614CBF98CF74805930280FE0708640546
:1031A0003D09690C5D09B904ECFB8300A101BB1169
:1031B0000A07550C82FC2AFCE60A83055D017310A0
:1031C00013FBFF05BAFED702700BF4020E0DED04DF
:1031D000A30616F806FF3A08CA037F07A3FDC40832
:1031E000030663EE58056502E6F9A0FC4AFD4AF0C5
:1031F0000BEEA8E393F282FD7EFB87FB86FB0AFCC5
:103200008D021513DF04A7FBCBFBA9F7BC029A0CB8
:103210007C0EC405A6F710FF5FFBD7F60C069A05D7
:10322000AEF56800C704E305CEF62CFB03FC2910BD
:1032300055F829F5AAF8E5FC9AF8B5F110079D07AD
:103240001B07180649ED80E78AFDA9FC0B035EFF0A
:10325000BAF7C507ACF3C90765F991FAFFFBD7F6D2
:103260004B02320D8B079D045F0023FD2D02F4F409
:10327000421A54FB01F945002502AAF7AE05FCFBF2
:103280009FFBB8F77E0D35062CFEF2FB56FF560B62
:10329000A8FF9300250B4F06E8F99AF7CDFBA6107F
:1032A0003108140CB9F5860178FBE6FDC906E30C7C
:1032B0004B06E00279FFB5FF5CF2D706660814F210
:1032C000DFFAD3EB48F9A0F5EE071D0AEFFD0E0A71
:1032D000C7DEACE759F8DEFE9C01A1F0CB03F5F8A0
:1032E000C90A731E42F23C028FF763EFFAFF17F927
:1032F00038117F09BFFADD0739FF9BFBC70AF500CC
:103300002C02F10103FE3CFCDC077FF40E081F04D5
:10331000BBFF75E7BAFB84035FF35AF0C9F9840C6D
:10332000E9008902F5F9D404BFEDB0F911FE630498
:1033300029F53001950027F34A04CAF6AFFD2305AD
:10334000A2FD000A18085BFBDDF832FB7EFB09F9E1
:103350000E1691F9D3FED6026CFF25FF43F5B61089
:103360007603930D5EF9DDFAEF0455FFBE0810FDFC
:10337000E5068213CD008900A9EEA5026F064B0772
:103380004C106B1290046DF50AF7FFF9CC107C0D10
:10339000090B3F0A830C0BFEB900E703660E0C0213
:1033A0000A0348EE3EF618F644FBC3F3F7F714FBA6
:1033B0005BD9CBE924FD62EF5DFACDFABC06BDFA1C
:1033C000F605FE093304BEFC66FBB7F2DBFF4EFEDA
:1033D000A90DAF061AFE071178F2EDFBC60867FAD1
:1033E000ED0014F6B1068804FEF89DEEA5F7C703BC
:1033F000E7F710FA2EFA63FE20EE40F3CDFDD5007C
:10340000E20A32F3EDEC27F45BF55EFED801C6FE6E
:103410008BED28FABBF71BFC4DF6D7F73A01A0F667
:1034200067F8CD0156FD910334FD3BFB5D0302F5CA
:103430008C048BF70FF5A5066801D5F52AFDB0FBC6
:10344000BD07170548FD310AF200ACF6A3F516ECEE
:1034500076FB010E5BFBE1F198F196F9C0F98CFF68
:10346000F9050E06ABFCD804F4F29D08B302320A4B
:10347000410CD9FABE0476F48BFBDC06B90D0407C7
:1034800013ECA1E3ADFCBEF50AF1F8F419F92DF542
:1034900044DC99FDECFD16F6E1F679EA3F031D04E4
:1034A000B207A9124204ED00BDECA4F9A1FFCEFBC6
:1034B000171AEF0355FD600F48FE5BF8C404E000E7
:1034C000FFFC56FA5C0BA70095FCA2FCB50495FD29
:1034D000BFF790F8EC004D08FDE951EC610831F7B9
:1034E00039082C04CCF464EE1CFB47053CF90EFAB9
:1034F0006DE1CCF50FE93504CCF94FFA570C7304A4
:103500004B00F8EDE30726FA2806F9FA9E022EF59D
:10351000DDE8B1FE13F3EC0102FEB4F48BF9FAFA24
:1035200045F7F20AA4FB90FDEDF1C9FE72F600EF3B
:103530001C183F04E6058EFD86EF0FFB78EDB8F60C
:1035400070FC9CF4470367FF7BFBC4FFB4F95BFC92
:10355000D5F777F3FFF60FFDD4FF38FE680565FC5D
:1035600080EDE5D7DFEFF5F1A8FA9CFF38050705F8
:10357000F0E5A4F642F430FE12EB77F2F809960873
:103580007819EF1292FE5BF927071703A0FB57008B
:103590004111D405E9034802B3FBD9F2BE04220B62
:1035A0000309580247FF430DE1F4A7FE4BFFB405A2
:1035B00046050B0274FF06F8DDFF3BEF8F0FC206D6
:1035C00089100EF60CFD59F154F498014C02DE06F8
:1035D000FFEBE4F548F6B9FEF6EFC6F741FB2F0620
:1035E000E7F563F9E3028A0AF20256F79A0213FA40
:1035F0008AF1E5EB70F0EE0385FDC9ED41087BFA39
:1036000059EF25096EF83BE9ECFC71F454F858F4D5
:1036100037FDEBFA21FC63FC32FD43FFD1F11EF1D3
:1036200050F0BBE5BBF789FAD5048BFE8AFED705BF
:1036300067ECCDF1CE010EFD2E065201BFFD8F09C4
:10364000F8EBC7E6AD085EFF89F92BF9B9FC77FC0A
:10365000650435FCD30EFE03D100E5FEEC069013A5
:10366000300538066803AEFDE8021C02FBFED702F7
:103670002A152C0BDAF8DAFDBCFC11F783FC97064F
:10368000F704ACFD9D0138F8C5F19FF79E060803CD
:103690003B06BFFD32FBF213C5FF9CEF22042A025A
:1036A0008E0A23FDF4100A0183FB760865013102BE
:1036B000F7F82BFA47F446057EF86E00EA060A0191
:1036C000C902620456FFBA08E9066008180753F6F3
:1036D00056FEB1FAA21238043B0294F742055AFB97
:1036E000A6FBF8027AFE24FC86F4B8FBE3F936F078
:1036F0004201E3EED8EB6F02D9F8560A02FAAC00A9
:10370000A9D979E262FC21FA9107A30467024E006D
:103710005DE267E46A01200D0FFC97035CF5EF02A0
:10372000E2E728E93B0B070C9FF7B5FB34FB290ABE
:103730006DFECF130F0E7E0DB1040303D209780185
:103740000C177F171805E3FA10FCDDFAA308FAFF3F
:103750007405450731FDD2F9C9FFFA06B10A5407CD
:10376000A0FDB916E4FAFD004EFD5211D30709047D
:10377000230EF605C00CE90AE400CCF2DCF43FFBB2
:10378000E518C90BF3015A080802F80EAFECFFFD6B
:10379000120531F8D8EDCF0753FECAFE5F1058FF6F
:1037A00057FD9AFBE003C7F8F4050B08A0022803B5
:1037B000E0FE88F8D6FE76FE72052BEEFD031EFFB6
:1037C00044FAB10915FF3AF781FE120E4FFF35EEAC
:1037D000AA07D1F6E0080D05260894108AF2CBFC62
:1037E00078DDC4ED7A065D07170DF809A3F9B5F782
:1037F000B3EC17E319083E0831FD1CF527F185FBF2
:1038000022D8E0E59303EE022703F8ECCDFEBCFCE2
:10381000F2F8EC0C3408FB06D6ECD4EF0BFC56FBAC
:103820008B0C1A19CD0EBDF993FC5B00900043F888
:10383000861011081202640BAA01C6FBA500A2FAA9
:10384000981BC00E6E0F45FDC50DE005CCFCD3F2F4
:10385000F9128E03240D7B029312E2083EFD9AFAC0
:1038600046FEC5051F09EDFDE0FDD2F924F7B704BA
:1038700004EBF809F5F137039FF948F942FB9FFE85
:10388000B1F936053AFEF4060606BAFEAC06900417
:10389000C502F2027E0CC3F882115CFC140F6FF5B6
:1038A000DA087A0026FD4C056C0E51032BF55CF40A
:1038B000A30241F2AE022DFD2CFBCCFCB8FD51EB76
:1038C00017F0B4ED36FE49099DF7FBF72CFAABF97A
:1038D000D8EBAFE623029300FAF9F50323FC0DF3CE
:1038E000C4DB33FC84FC4A078DF58BF459F7D6EF23
:1038F0007E0008F67E0B99FFB5FCDFF9E7F148F68C
:103900001F063D0AB2FED50D23EF390E82FA4EEBAB
:103910002319F417BCFC5B0D0709B4FB34F93BE435
:10392000CA05B1197F0EC2FF5404B10C5CF316F83E
:1039300042030DF3910014F5A8FDBEF96F06A10333
:1039400041F8E7FF3AFC43002CFF20F9B70E5F0374
:1039500075EDB7F96FF48003CDFD4200BF0395F814
:1039600095FD87F97DFD7905C8FF29FE42FD6E04AE
:10397000E4FDBD0720F60702DDFF93FE3BFC03F4E8
:10398000FA014EFAD1F8860CDEF7D0FBF70271EFA0
:10399000A7FC9D06FB13F405A610800D00F973F635
:1039A00098FA44044904681E9AFEC5F8B1FF59E725
:1039B000B6005500381B2D0F67FED5FB68DF4AF7B0
:1039C0008BF5BC0055F9D0FA4C0020FB10F56E01C8
:1039D000000539FA4714B605B8F2B1FD42F071FAA4
:1039E000D402D8FFA709481A35F05AFC91F7FFF620
:1039F0009710650B5F0BC0F12CFB42FC65E85FF094
:103A00002416C518F80F9E089407470776DDF4E1E1
:103A10009B1C29154204BF1382FFBFFF87E398F068
:103A200074FBBCF63B0EED0338F53BFDB803A4F97F
:103A300076FCFBFE1DFC1806DAFD93F9FAF6E9F8B0
:103A400092FD1BFC7C05F6F9A10637F9E607C7F5E0
:103A5000AF097B0593F6190979FEB60367064AF8A4
:103A60000BF969043306C7F4A206D1FCF701D9F7B4
:103A70005F0BDF085CFA63F72304330336F611FCAF
:103A8000640B880897055D004101FD13ACFE44F806
:103A9000C010151417F724FD0E0BB40119FED40342
:103AA0005113AC0E59F87DECED0DF4097EF815EECE
:103AB000292542FF2D08B412F0FDA5F2C0F3ECF762
:103AC0000709FC193E002FED42F7B0F405ED74FB39
:103AD0005F207219600A8204D90197FF98F3FAF502
:103AE000BE13241E0EF266FC2C065EFF48FFD9F1C1
:103AF0003513291758F9640540017E003BE824FA84
:103B0000EAFAABF62A02A1F8E7FB0EF699FEE3F714
:103B1000E3F625F6B6014E08C9F7410855FD10FE3B
:103B2000EFF9A30065FD7FFE1302E302F4FB7D0ABB
:103B3000FEFED3F7A90662FB7E032D0424FC79F870
:103B4000CCFC9EF5DA03E009BFFB36FBCA0429FD75
:103B50000F00C1F5B5F8840524046801B5FA3C03EB
:103B600013F63A0761076AF8C6084F03AF076F04F8
:103B70009C0147026502A2FE3EF6270250FCE806C1
:103B8000B5F949024BFC8B07B8FBA0FD9CFFFE0179
:103B90008A0BC5FD21018AFEE1F823F70EFDA60977
:103BA00014FFB5FB0F07500607003EF7D20857F782
:103BB00087F9E0FAF9FF5F02F3F667FF2501FAF5EE
:103BC0006BFC7CF7B6063B008407FEFD77FA33F802
:103BD0002BFA6FFC2F09AE068B02C7F965FF98041C
:103BE0000DFAA4FEBFF84E00BCFF47FDE6FD24071A
:103BF0004BF7C2FA6A00EFFE91FCCCF7A00954071C
:103C00009EFE0E036FFD3F0A98FC63067BFD97FF47
:103C100041FC46015C0182033E0256FA6EF77C01CC
:103C2000C5F61F078E089107D1FE41F81E000BFE56
:103C30003DFB2BF8D60AD609CFF1ECEE11FAC8FD00
:103C4000C7F9E909DEFE66FF99F128F8230936F97C
:103C5000E1EE43F59E071C0791F6E5ED0C0040F8F8
:103C6000E9F05EFD920C1C07F3F6AEF5C9FC5DF5BC
:103C70004BEA5AF8E30139F348F145F54F09D60705
:103C80005D0A520040F35CFBB3EF09F32EEB73F6D1
:103C9000A501ADFB0FFAA9105D0099F87FF9380472
:103CA000A2F84BFD12FD0F0DCDF990F27E08C60370
:103CB0003AF0EFEED70255F001F9F3F4BF087501C1
:103CC000FEFD0409DFF9E7F9ACF58BFC34FE5E027A
:103CD0009A0368F656FA6DFDCA077A0960FF7AF60C
:103CE000930191FAD60293F9F7089E0267FF78FDD7
:103CF00095FC320270FC4FFEF705C7F718F7E9088C
:103D00007DF71C07C30291FD31FCBAF59701200332
:103D100008FD2AF71A088C1285FFF4EA0AF78204D4
:103D20005F04DE0A3503AE0681F4ECEB07FB4DFAC7
:103D3000F60376FB5809420603EC26E709F17AFB05
:103D4000CD073AF832F682034AE4BCDE94F207F675
:103D5000C4F56CF09C0FBF050CE791E1ADFAB61508
:103D6000C2EC85030B097703A6F8A1FA140FC81556
:103D7000AE008EE74002570C3B0968FB25131C1769
:103D80000DFDFEF0850CBC013E0420F90B117309FA
:103D9000FDF7C9F59CFAF6FB53F22BF2E8132B075B
:103DA000FE06D6FD6B06FAFB9FFAF3FC09FA420801
:103DB000C3FA37FED600CDF76C004108DB048DF660
:103DC000D3044EF94EF82A0A75FF4F068FFE4804B9
:103DD00005086BFD020415FF850273F85500360BCC
:103DE00053F94A02AFFE5803FAF0E8F6150ABB078A
:103DF000480FC509D4FEC3F870F617DF9AFB4D00D3
:103E0000481ADF123FF46701AEDAE2E803EE02E996
:103E10008900F20AA8FDAFF63FF07CF6F8EFC3EC9C
:103E20004207EDF9D7F7BCFD94EB6AD36CE4AAEE38
:103E30007DF679FDE2FDC5083ADB7CE620F65F0100
:103E4000D2F9AEFFA10566FB6AEDF0FBAAFE84FC89
:103E50004BF5380056FFC4024D0ABA1444FE9908C7
:103E600050F8A6FAAAF9C5022D12421C90FC1703BD
:103E7000B9FDABEB9BFE6B10F81690039C070F008F
:103E800056FBABF6E6098C019B00DD02BAF2F6F5B3
:103E900047FFF907DA026B05B9FB22FC7CF472FEDE
:103EA00018F789F74DF86A05ED0947F60FF93B0158
:103EB0002E0BA714CD045DFC86F9A605A40BCAFB46
:103EC000750BB0FC36029801A016FF06F7F808FE45
:103ED000A2FE24047F0367F1BAFF12F74AF485FCBF
:103EE00081FE6AE815F228FF67E509D4DC0129E9BB
:103EF000D7F311FCB1FE6FFB1BEF5DFB90E2D4FD2D
:103F000040F1E8E8850EF3FDCAEE42E55CFA2D0EBD
:103F1000C7E9E2F11F00B2EEB8F2A2FEDCFC8705B1
:103F2000E5ECD2F5D1F4C3F68AFB3100D705A6043F
:103F30008A0101F7CFFFBF062E07BDEFE40CFA0F91
:103F400009FF3BFE1C017CFC98FD351B6E00C10582
:103F500068065003FD0A800CC313F71301FCF5FF3C
:103F600091066CFA9219EC0DD108CF0058F706F2C1
:103F70001FF364F344129FFF89033DF2F3F510FB36
:103F8000D4FCCC08E6F6DF03CA076B020EF8B2F6E3
:103F90001E03DCFB1DF306F048F240FB07FFFBFBB2
:103FA000E7022C0BF6F77DF8E5122C0AC0F76BF947
:103FB0006D02C3FD76EF21F1DF069BFDB5FEA9FA88
:103FC0009204CAF399FC2303850A7E0A70EA26EF5D
:103FD00091F13FF087FEA30713FDBF07A8E9C6EAEA
:103FE00074F7ACFE1A00F8FEEAF7B2FA05ECEBF54E
:103FF00051002DF5F5F814F7110074F9C10BD20931
:10400000EEF43FEC36FF1A01DDFF29017AFFD208FA
:104010008EF1F800AAFB3AF6E7F221EACF00DC0FB6
:104020004000BDF96D07EA0894EFB9F1FCF14A01CF
:10403000C905D3097A0A630E5404F8FD65FE93FCA2
:10404000A0FD84F86D0C321A360243F4B3EDEFEEA6
:1040500039F5B6F1D81B5E12EDEEB40BFDE1F2F9C5
:10406000EDF6B20FB90533F7BAF5BE0985FAE7F3F5
:104070005C12FD109D021BEC74191C1169EE1AEF05
:10408000FC020A03A2F8F3F6A20BC30C8AFB5DFE46
:10409000D1F9ECFB7FFAD9F4FD081705BDF87C00D7
:1040A0008C07580B2F0AA804D80F1A0A3AFC25F1DE
:1040B0005E0ED506730C0408F7FC7F0173F1E2E590
:1040C0003F03830733F729FE8A08F80533FED4F54A
:1040D00023070E0BB2F281FB420051FC05054E088E
:1040E000BB05DBF73EF7A108DCFDD0FCB30C6EFF8F
:1040F00037FB5C06700351F62CF2D0FA470268EBEE
:10410000D8FBFFF129FA97FC5805BCFFC2F3A704BE
:104110000AFF53026E06F00FC8038FFA92065DF392
:10412000B407C0E83A13A927D5F6E3F98AFA71EF84
:1041300044FE4401F10A09063C0F0401A3F465F1B1
:1041400035F7C60B61033400F0F98715730AFFF7E2
:104150004F078C06EB0830F72B07C90A95F8F6F2E3
:10416000BD1283F9AAE324F57AFF8C0A44F7EEFE28
:104170000B0D5D0850EA81F6560D270DCD0A430759
:10418000AFFBC1052B02F40ACD0DB9036DF2C9ECEA
:10419000510E9504FD02F3FF20FFF30393F57FF624
:1041A000931305196BF6E2EE95042106CCF0A6FCFC
:1041B0007111B20729F47A05DAF7FBF89A108E1418
:1041C0000DFDDCFD8602FE03C8F6BE046004C204D9
:1041D00084FF780A1909EE097EF790EF1CEFC7ED0E
:1041E0003C0492F7C8FEA3FB2602AB0193F8A3F4AC
:1041F000ECFAB6FA960DF90D55003B08B30059FEDE
:1042000067F94EFB7103920D60033CFC4FFA38EEE8
:1042100035F16AF69708C9079004A71277E7EDE72A
:104220001FFB8700EEF6CDFD7AFDC3F5E2F61EF129
:104230001307EAF1600928FFC307500611F897FF3A
:1042400023F96B02AEF250061D0386F6F5F7340E25
:10425000B8F4DBFFD70B8A0A50F8900203059604E6
:104260003503000BB60CAB144C105102EF026EED8F
:10427000AF130B104E0C66025A0ADC09BFECB2EA0F
:10428000C01719155BFC8CF7DF02BBF7A6FB5B07B9
:10429000D6132004DAFBA3F50701EC0B8B094216B9
:1042A0007D09EE0EB1F61DFE1C0D7504DB0A0DFB3B
:1042B0007D0B540D88004A07B40C80FE31EB72EF81
:1042C0006104AAF16D0782FA57024B0110F7D7F487
:1042D00065FD60FFBAF73F001E18FB0BC1F8E8F759
:1042E00095EBFAF1870D120EE716B312AEF718E14F
:1042F00014F89B05841159FEF00432F653ED94FF37
:104300006AF62605C9FDD408640C53181AF144F85E
:104310000307CF09BF09E3FC5A0BC3F5CB037DF0BC
:104320005A1332FD2D009B008E078A03E0F975F4C5
:10433000110E000664044A029A0CAB11590CD00EFF
:104340007F13DB12B9116513750E46FF17FC07FDCD
:104350006108701361066E0ECCF8200699F0B9EE74
:10436000A60B2A0494F9C2F53BFE6507D101D80BD0
:104370008FF83D0641E903F190FFF30814169715F5
:104380000A0265FA8805FDF8F21C13084E0D15EFB8
:10439000C106CDFA37F8D3F4FF0DCFFFF9EA09F0E3
:1043A00062FE5AF2CDF096F323136E1708ECEEF589
:1043B0007BFFF4FAC208B308901B040A59F5B6FB58
:1043C0000FE5AEE2591BB21DBD0E51020DE7B0E183
:1043D000D2F92B13CC0AA8FF85FF5F00BCF14CFD7E
:1043E000D007A3FFC203FBFB9DFFDA0E1BF549FAC2
:1043F00050F60B0306F61CEF1DF83EF9D806B7FF82
:10440000A200E0011AFD960DC3FD72F86AF902F5EB
:104410006A062500EC0CF70142EF4FFCF0FB4F065B
:10442000C90BF906DA0ADF0FDB00D70760F305FCDA
:10443000D0FF64FB9B0FA50E7C04340AE7F305F65E
:10444000ADE7B0E5D702F7F4F3F940FB4800D20539
:10445000FCF43CF0E9EF28F4CBF79108AE1DED0E2B
:10446000E7F8850834FCB1FA43FF3006D30418F9A5
:10447000C7FB7AF44FF1CEF701FEFE02DAF933F40E
:10448000F0FE6FE82D01B4F4B20F5110F7E26FFAAD
:1044900042F67AF047029500CF19CE12DC0AA0F25C
:1044A000C2F08DFE180E0AFEC408431DA2DF76E797
:1044B000D7001E08F907CCF9AB0A590F6AEE67035B
:1044C000A8063AFDBD050F01350127F9780116FA56
:1044D000C7F8D5F97D0942029D1DD7054A079BF60D
:1044E00034FDB60246068E11F2EFD5F7F7F185EFEF
:1044F00060FCC3FBFE11181953F4A6F103F819F67A
:10450000C9F2FFE7BF05550BED03F9003F03D4F0F7
:1045100073DC14D95007B41827044A004A07EF0285
:1045200012C63ED32E089E033B094EF2B612F81275
:1045300025EEE904E0F5C4FB6EF8FE0352091D0CFC
:104540006502DB0CB6F0F7F4DFFCD6064701570234
:1045500065053BF67DF93BF097F7CFFA6FF1C3EDB8
:1045600025F481FB8BF0B5FFFC03EAFFECF9AA010F
:10457000570699057903C5FA02056601B4F59FE669
:104580000E00E303C80EA60A6E033F098DDF99E90A
:10459000C7E64802570D18033EFC160151E7A2EF8B
:1045A0008807A406A70A62102CFF3F0399067E0025
:1045B0005EFA58EA581325FBA70DABFBAF0049F292
:1045C0000FEB93EE6D0B7CFE63EEA9FA4DF63BEE1E
:1045D00042F1AEDAF5060B0901FDE9FFB70851FA21
:1045E00015E2F6DF48115215B705B0FF840331FB21
:1045F00042D3EFD66910630F5A0521067002170FD8
:104600006CDBCDF0130A1004F0F0C1F39D184517D0
:10461000640087068805950AF0F273077A033D0A5D
:10462000A3050806290429F2FFF764F5620630FBAA
:104630007305B6FEF8F1F80220F2FA03CCFF9DE80C
:1046400080F523FFE5FA48FF760409029BFD550C2F
:10465000EEF141EDD701DD00860DED07ABEDE50094
:1046600089EE430334183103D7FCD81A0AFBA0EFB4
:104670001C08E9FADAFB1506D60462EED5DEB3F9BA
:10468000F9FFCC060309A505C9FBBFFF890571FC2D
:10469000F200B9E989153008590888ED9CF2C9F48F
:1046A00097E58CDBB4FDF800D5EDC0FE98F055F031
:1046B000EEE9A0D9F3041F0FD2EAB002D0FEC00287
:1046C0006FDB0EE021055E0CD6FD1B0F9BFECF05B8
:1046D00066F7DFEC000F8115930EE9FA6906AB135C
:1046E00088FBA810FC0B62020E06AC06CC14BAFFC5
:1046F000880AFB0C67F7110688030502D0FB9DFAB8
:104700008D0586049CF91DF99900C504161170FFEA
:104710000EF9E7FC69FA5F0EE0EF7DFD6407E1F852
:1047200072FDD7FD680EA409D30A41F6C2F164FBFD
:1047300058E548EFFE04660760F090E777FDE6EF86
:10474000B7EFB8F15402680272FA5C0C3CFDA1F5B7
:1047500055F7860B95FEB7F5E4FA34F7E8EC7DF6ED
:104760004C084502CD025602D002D9077107F4FE6B
:10477000190695ED410CBB0285086DF78EFB4B06C3
:10478000DFF8F0DEB7ECDF0111F508F612F566FB95
:104790002AE7A4FBD6FFB904B1FC9A0CD7FD4DFF64
:1047A00090EDBFF74503DF064602471A39F3310D96
:1047B000DFFBD2FE4302AF094E0B8AFE75034C0BA2
:1047C000E710860766F801FE390451F662F922F90E
:1047D0007A062E05A6093BFEFDFE330087F5060787
:1047E000900ABB058E0657FDACFAF5040A1069075E
:1047F00048FEA001D5F978FF9EF916071EFAE4F0ED
:10480000C007DAFA49FF0DFDD8FB56F58C01BCFC58
:1048100015FBDBF8C005C00A29F551F3DDFDE4EB1B
:104820009E0474F939F3B5004EFC9EF6DAF76A057A
:1048300008F4C60C46F794051EEE90F573E9BDFC2E
:1048400064033D08DF001B07CEF7B50900F3AF0591
:1048500033077FF37BFE0401130217FC7109E1FCAF
:10486000340167F120FBDDFA5DFDAE143C128C00D3
:10487000C2FED6047C01220436086B0E19F17CF3CB
:10488000E902E9FA03FE90FA6506860F15F78FFF35
:10489000850793007909550BA311C8147600950577
:1048A00097FF660084000CFB9401EBF653FAEDECE5
:1048B0005606F9107F0248FEC5FA6802F802DBF8D6
:1048C0000C00C7FEFB034D0329017C030C0B12FCFB
:1048D0000C0597073EFE2E04DBFCC4F78C05E0F7C1
:1048E000330A6501E3F992047EFE8BFB7FF89D019C
:1048F000B5F78FF8070B2908B9FF57058DF84D0A52
:1049000005070DF939F9C00964FAC6E4F3F928F787
:10491000E6F9CA07C5FF92F414FE09EDD20052EB86
:104920008606630B4C0376F420FC5D0445FC8D0386
:10493000680799FD13FDFDF77FFA63F38E09B7044D
:1049400082177C0A45F502F99FFEA4069317130C03
:104950001C17CDFD4E005CEF3909460EE7F37EF6DD
:10496000B00E6BF577EFC5F98D136A1494F52E062A
:104970008205E9FD4A026EF94610561B6B06510589
:10498000DBFFAA00A6085410FD0A31140C013EF406
:10499000CA06DDFB2F142903E4F68C005C05320304
:1049A0008C01A5029B0A9F0201FC8E072412F204CF
:1049B000B300BE0611FB8AF41EF7DD0329FEF602E2
:1049C000E3FE66F78EF23CF8F200CAF7F10547F60F
:1049D00083F9FCF41EFF10FB230509FDCBEECA0290
:1049E000240287F465F4CEFDCBF2FDE307FC13E966
:1049F0005EFFBA0F57FDC4FF24EDCEF71EE8C0EAF4
:104A0000E908620A4307A7F688F5E7F860FA20FB91
:104A10009116E30BADFAD5FC4D0AC0FD0B0BAB01B3
:104A2000C410340E50F579F8EEF0F6F1A40E66FEDF
:104A3000800E23F5B8E935EDA7EE99002202A1F327
:104A4000C706D704A8EFEBED3EF72A0B3F04620A36
:104A5000F9F6E7061BF560FC9F08A10D6F05F3FA58
:104A6000F80C61089BFFFF12F10AFC0695F9EA08B1
:104A7000C111CDFFAF0E44FE64FC8513100643FF49
:104A8000BAFA78F34D087CFC490A6406070917F95D
:104A9000E2FEE7FDB9FDB0F2120A47FE6EFFADF986
:104AA0007E056FFB94FE330E210325F4B9002C0123
:104AB000DD05FBF4FFFDD205BEF1E8F918FB7C171C
:104AC0005EF8D2F9620253FA8DF40AEC5C0D57EAF3
:104AD000CDFE06FD31F918F6BEFD72F394FB23F30B
:104AE0000EFD09FF60F708FCBA0A09FAFBF0460060
:104AF0003807B41A7301AA0CA40E8DF2F10FAB02A1
:104B0000E10B1B04A9FAC503ACF464F91E0F1706E8
:104B10000709BA00FAFC50EA21F226E45CF43AF9FB
:104B2000E6FABE04BEF93DF75DE978F99FF28C0F15
:104B30003406BE03FF02BC053802A00336F88FFA24
:104B4000420BD905E30724092C0F590FC801070BA5
:104B50007DFDF6F98AFA39F1DAFDA100B91001F606
:104B600095F2D4013EF635F68F074007D8F5A9E552
:104B70009FF7ED0C0FF45BF124F578FB4DFBB7F3D9
:104B8000FBFA0AF901F88CF497FF1EF22FFA0AF1EA
:104B900092FD470A2FF7220603FD76FA41E76500EA
:104BA0001EFC410C3BFD1CFC64EDA5E20EFBAFF4CA
:104BB000E3093BFE37FD120507F5FBFDEEFE490C50
:104BC00004FD530D9CF75C038D02B90AD100ADFBC7
:104BD000F601B7FC0507DE00B213B3E296FA7D14C6
:104BE000850A0E04DAF524F702F413E2C40BAFFDD4
:104BF0008BFEB510CAF048EF42E048D97CF84E076A
:104C00003605A00D6D0182FC7FDCA1F093047C01D0
:104C100013FA29FE65F88BFFCAE638E657EFEBFD7D
:104C2000BDF854F3AEFB960C9CFC29FC5E05B40267
:104C30002DF394FCDAFAC5F18BF671025D0842FEA1
:104C400009FF65F321E41BEE7DF9F8FDAA0098EC5D
:104C500003FECBFF39FA410619F701F715FBBDF644
:104C60002B03FB059E0111FD3AE687FFD6F22EF1DC
:104C70004E0A91FD2FF5180A86F3AEE73BE963EA89
:104C8000C5EF3A0424075804A6E0CAF58E0A7E044C
:104C900028014A09A9F7B7FA85FDDAF607F75301A3
:104CA00033078108CBFEC206ABF6D7FBA1057C0813
:104CB000AFFA450FBEF8E7F213FC58EAF6FE7D04A2
:104CC0009F003F093FE92EFB23F974F2BB062E1427
:104CD000900A3B028CF8BEFED1E4EFE209090A0417
:104CE0000103E30364FB3FFA92DABAE671F32CE9BD
:104CF0007BFF2AFA0FFFCC0258E3D7E6BAEB9A05FE
:104D00000AF289FB630C6CFD2AEABCF1B30A6EFA65
:104D100005FB2DFA60F4380214F96CFCC207FBF8AD
:104D2000E2FAA60362ECC4F7E005E8F4D9FEDE007F
:104D30009EFAB50329F353FA25F8F70394FB46FFCF
:104D4000AC02250A8EFE6A0874F814EE350148F5A7
:104D5000C6FC2AF0CF08EDFA0B06E4F751EB4AF354
:104D600063F96FF6DCF96807CEFD16F249F6C50166
:104D700074005F094EF3CBF744F7D10383FF4E096C
:104D8000C805DA04DBFF39F991FAC803570FF301BC
:104D900034039A103605A5EFEA0AD8EB7FFBEDFE47
:104DA000F502F30840FA43EB89FB4BF7D0094C07B7
:104DB0001D03940A54FC6CF720FD3100ECFEEF005B
:104DC000D8F782FC1A116C0324F22BEE5EF965F819
:104DD00061FF42F48C0756056CFED4F79BF438074C
:104DE000BAFA12F66FFD6806CAF04AEECA0C8407DA
:104DF000790050FDAEF33102BCF669FA21082E02AB
:104E000031070AEF7AEE39FEDDFBED008AFCB201D4
:104E1000BB02C4FF060BEFFED2F4C4F8A80098FF53
:104E2000B8F96200CE098F0E3CFA0E0310089AFE04
:104E3000BBF248F0140403F61003380336FF16F1F2
:104E4000110C5FF93FF24313D502A5F9ADFF4AFDFE
:104E50006C03B1F8ECF7B50244E7BFFF4CFC4A061F
:104E600014FC16F7D304E3041F092B015E105A0249
:104E700030044CFCEA00B804B303EA09EEF9390542
:104E80007A00B9131102D90187091001BD06D0F5C6
:104E9000230405FFD0F729019EF8FA119AF6C2E41F
:104EA00085FFC3F2B902F30520FEDD028FF861FD34
:104EB00066F080F4870FF906F409C203CFFDFEF80F
:104EC0003FFD8FFF7408EFF7BBF5F0FBA704F5F982
:104ED0009D02DAF81C085BF764EF8BF3920656012B
:104EE000640A18FBA5FFF607F9FB55F95B0E090AE2
:104EF000B508E208F001DC0AB60038FD32113EFECA
:104F0000490D0509470C7D009CED59EBC80FF80BC6
:104F100016FE7D0333EA4EFA88FC9405FDFBADF1E5
:104F2000F10B4E04C2F3D804C3F326032305CC0DC2
:104F30007EF3AA02660E83FB5DF3B4FDF40430F841
:104F400022FB5F029708E5075CF80E0373FECBF5C2
:104F5000810E2CFFC1006100B40D191287FA40FCCC
:104F60003B0C880FCE014E02CD09EB0CE4F6EFF4BA
:104F7000DD02520711018EF1C9131C12E8EC12E890
:104F8000E6031CFD660B92FFC007E90CA8E986F654
:104F90002EEE90FADF03FCFA3206D90919F97804EB
:104FA000E0FC8EFD2807390874FC9CF54BFFDD06FC
:104FB0003103BF0FC6044EFD86FC4FFA360858FF7A
:104FC0006C0175030C059A088EF2FBEE6700A708CA
:104FD000B5FE0C02B7FF2B0E64EBE5FB2316241085
:104FE0006204DB0276117E0828EBD4F6C205571462
:104FF0006206ABFC080422FB0AFB0DF04EFB7FF3BC
:105000006F0AC1FB9EF841082A02E4F70EFD9007E3
:10501000CEEC8EF5610E8408CAFD4AF6FA06DAF582
:105020001603E1F63C0494F732FB240083053CF7B9
:105030002307C6123EFCB8010609221C34F6B3FD54
:10504000B2152408EB0851F9921E5320C1F7D1F193
:10505000E001290592FB4DFC4D1C410F3AE598FB00
:105060001EFEB5F92C096307421091FC81F63CF84D
:1050700099FCD9F23112DE0FEA0BB9000DFBD00416
:105080002BF33B03A1061701700C6B0901F3D8F752
:10509000FAF7000D1AFC6A076108C60623F7D70065
:1050A00030FE88FB4AFB3B0705FA6BF9C0FE41FB6B
:1050B0005D0D13FD750271109EF3A7EBE005400D29
:1050C000800B6C10C3103DFFDAEB610367109D0E7F
:1050D0007F127D0853F5C3F88F02CCFBC010D514A6
:1050E000431915F8A9F2990249EFDA006E104FF74B
:1050F000E8F349092206C703C0FEF5F90D0399F547
:10510000C1FD82FADEFE45FF86FD13FA0906EBFFBC
:1051100079F2C00B63F53DFE3307B4FB1DF9B9FE10
:10512000E412B4F872F1FBE67200EB0F42FB9E0151
:105130000AF86CFFFD07AD0C4803930208EB48E446
:105140005E0E7E02FFF12604D516BF0742FBD9FF93
:10515000AC0B2A05AEFD28FD95FF1E1563FB61FF14
:10516000B50A63F61EFC4AFEE40EBB08A9E964EB2F
:10517000C8FE0C007A042C14900412036DED4FEF5E
:10518000260C94029B04A614E300660C41DD67ED37
:10519000EEFD05093D106E0A09FEF0F49201ABF335
:1051A0001900E500CA054CFB34E2B8FBAC10FB0368
:1051B0008B0384FEB4FD29033EF6C5F1C7078801C1
:1051C00057009BFC2103FAF62205BE04C8025BFDD2
:1051D0006BFA0602B4FC59F9C3F3F10282F7DDFE63
:1051E0003CFB4F0A75FDB50962009A0271FD4F063E
:1051F00060FFF5F99F02FEF8C70420110A00F500D0
:105200003CF731E84FEFA9E658FBB8FF530E02FA1E
:10521000B4EE1708D2E03EF08D0BD101D1FFE200D1
:105220003A06280028018808651105114DF3BB00D6
:105230001608630A82F1A6F25F0D5D097EF31A0576
:1052400097F6E10300FC91F56D10602144EF8EDFCD
:10525000EF0C001FABF304ED321357122DF0BAF828
:10526000390FFE04BDEBE002EB222623DE055007DA
:10527000D80E1F1360FAFBEDD30D6107A10B5BE89D
:105280002706E9FD54F7DF0105FC6CF4D6F54D0166
:10529000A8ECC3FAF80EA90883F076F73BF6C3F939
:1052A000E2044A0230FE6B091DF64AFF5CF7C000BB
:1052B000DD022C0078049005A8F8E40667F7DBF51A
:1052C0006E0784070E0757FD66FB3F0278FA360922
:1052D000270548F934FAD009590489F5C003EF06C7
:1052E000F2F782014E0A7906B708C3FCC000E8F461
:1052F000EA07590E79F91EF0B800CDF41BFE790CBF
:105300005514A218170108FEE4065F039D0808F76C
:10531000E215CD0A7C02DF03CA18D11304F4B201EE
:1053200076100E0812F819F7470A52071D092207CE
:10533000EE07A505B9E721FA0A0A360ED9F3401897
:10534000920C8B0A1CFCF804A20DAF12411047FF0F
:1053500007040EFCC6F258EF6405C50CEE0062FDB2
:10536000B3ED7FF22B016C0CE8FE29FC81094EFAAB
:105370007AF83DFFB701B90D66F4BFFF65F8210269
:1053800054FFAD029300060090F88003D404000996
:1053900068FCF9FB0DF7DDF85FF74B096CFD9DF933
:1053A0000C0AC30699F8840055058308A9FC640A11
:1053B000E102360392FA6307A2FC1BF8080367FFB9
:1053C00038FB8905DDFE44FCC3F83303FEF5140009
:1053D000E6F8A00195F99CF731FDAB059DF875FF46
:1053E0003FFDBCFB6307FCF9870036F875019E089A
:1053F000B6064500CCFDD7080EF89AF57CFC9EFA5F
:105400008CFCB3FD4F0183FE1AFCA203090561FB6E
:10541000D0FB1E055D06F7F527F76A03BDFD7CFA94
:105420009709DCF9100162020AFB37F8FCF539FE36
:105430001803FD095BFA15FA9603C607CAF9030AB1
:105440001F086AF98EF8E6008606C9FC5000FB08C2
:10545000A9FEE2F71C018C00FAFEF50972F66CF663
:10546000A6F959088AF517FF1E079AF9D5062DF6F1
:10547000E2011604260437FA39FBCBFFD204CAF73F
:1054800096FF57037901B6F81A07C6F7E909C6016E
:1054900037FE35F616FEA1088D057704C30718FF01
:1054A000F0033B03C5F706039A0778007C0859FF11
:1054B00048021901CFF207F5C9FEF0F813F95DF4BF
:1054C000B300BA0899FA4AF9BCF4D0FAAE04CC0198
:1054D000FA05DB17DBF5EDF04600DA0179009C09EF
:1054E0003E1BF4141BFF4A02940B110BE30271F5EF
:1054F000CCFBB4F7DC034AF9EA06F1006B0985F549
:10550000610B5E0B03ED79FC1D04780A97F8E4FB50
:1055100031FA2DFA66F26EF88BFEC60984F25B0052
:10552000AE011C04ACF42F003AFAA506ACF9ECF875
:105530008101AD062C0435FCDFFF06FD7DF9AFF9D6
:10554000A6FCC5FD1A01370AADF657FD52035005FA
:1055500079FB9AFBECFA9DFE6D0A5FFF5800B2FBE7
:10556000370622FF2DFD0808D1F50EFC7CFC54F80F
:10557000EF0739083CFBFCF4C7033300BF06C70044
:105580006B130DFCA9F6FBF3D3063FF850F6BAFEF9
:1055900000FCD80B0AFD79F60EF860FD36F568F5CB
:1055A000ADFDB300B0FD8FE9BFEF9FE8990BB906E1
:1055B0001F070D05FAEE3CE649E4610384F0780725
:1055C000261FD6020FF354E62900E7EEFB0A670B0D
:1055D000C5FB490110F5B1F64E0C7B0AD00232052D
:1055E0001501E60471036005B100DAE92D0C4AFFEC
:1055F0008CFCFF040209EEF7D1F8150013F772ECEA
:10560000F2FDE6FF7FEDAE00AD0654F9A2EB23FEFE
:105610004B0780FE16FF5BEE12F810F976F448FB9C
:10562000A30DF804D9F36B02290205FE0300CA0595
:10563000DDFDE7066204D5FF37FBCEFA51F657FBD6
:1056400005FDAEF988F6750AE30731F81CF8040584
:105650002300BB0F750AA4F4B60534027CFD6CEE82
:10566000BF0A1EFE960C54F077FF09FFB0F5BB048D
:10567000F2025B01F8EA08E90A030FFF1BEB6DF089
:10568000280344FC64E7CEE95FFA77EFCCF2BE0072
:1056900087F50F11ADEA9FF9EBFCD6F0720A690BA2
:1056A000310304FFF3EC40F463FB94FEED05B60216
:1056B000350CDC053AFA10F1630B490A7F0406F851
:1056C00052090A09B0FA7DFB800B78027AFFAD021D
:1056D000B4F7C4F76F07090B890EC100A60294F452
:1056E000C4F97BE84DFED7033C0F69F98CF382F8CF
:1056F000D7F4DEFA3EFD91FAA2FCCDFAACF830FA0E
:10570000A1F29FFD240242F8ECF008F313FA17F817
:10571000E6F3E3F80FF9BAFE00F5750453EC2CF646
:105720004DF97D00B805920551037A01C207A4FB2B
:105730005FFBEFEB030A89073EF11BF43DF608F926
:10574000E6FCA2F9250594FD6E03C3F9310461015D
:105750009FF87CFA33F1C3F0C201530EB602E9029E
:1057600073FFE0FADDE373EF26080000E1F3D402F3
:105770007904C2F588ECB201F0FD5D04A80D2D0995
:10578000C6045EFF6BF673F788077E1875FCFD058F
:10579000AAFDFCFB80E7A0E88908A510BD09EDFB88
:1057A000EEF976FA4BFC97FE59039D00960AF4FE3B
:1057B00090F72000EDFEAB0E32F1DB0492ECB7EC7B
:1057C0007AFCF5E9800DC308CAFDFBF662FAB50064
:1057D000A4E578E58A07C3F71E07A9FE27EE72F64F
:1057E000D8EB65F509F719FC66EBC9F373F0E0F047
:1057F0004BFAD3FA1EF55F050210A204F6F566F621
:105800006A005CFC79FE3FF84D06E9FAB2FD20FC27
:105810006CED19013005F5F7ABF7B9FD7200A0F298
:10582000F6FCB1EBFBFA270B780532FF34F958F0A0
:1058300077F6CFF6C101A0FA71FDA602EDF513FED1
:105840000A0597FACEF76404B9FD2B0B84FCE3F844
:10585000DB03E9FECAF97BFB3E129D0C86FE16FDBA
:10586000AC03B00067F9EBF58A0ED9099D0E9EF2E4
:1058700014FB98F8DDE094E759156A090B0275F4FA
:1058800066FB17EF37F614045CFE4DF900F602F5DF
:105890003502D7F5FAF743F830FFABF6BDFA28FE2C
:1058A00054EC07F6C6F94309A9FE6FF4CF0273085A
:1058B000CFE311F6FD0A76FB4603A0FDE4FD34F4C8
:1058C00034E61CF25BFF26FE61FD5307FCF354EB4C
:1058D000010349F75DF627FD1710960BBAF1A110E9
:1058E0007A008A0061F6FFF768FBBFFD82027CFB4D
:1058F000C30AFC104AFD90EFB20E6708C5F468F3C6
:10590000F40229FCE0F77F105D03F40C19EA790139
:10591000ABEF3DF6DB0C6A02A604BD0A70F3C7FECE
:1059200019045BF6550AEF0E1F065209BD08D8FD93
:1059300023F39908C5006E082300BD1151FADBF36B
:1059400099F9B2FFE0F8ABE4F80AC80D45F868F140
:1059500092F8F1FD3FEE39EC4A0CA30393FAB3F54C
:10596000B30888FE7700BC01F8F56403A400A0F832
:10597000D9F3ECF11406F006D0FB71F74AFEEFF311
:10598000F6E1A3F5E8135D06AFF7D0FDCB0721FAEA
:1059900077F268DE77173111DE03C208D906230FCC
:1059A00012F3A6EC74041E0EA1FFC708A90245035A
:1059B00095F8DDF1A012DEFB71F8B9F3590A590B25
:1059C00064FC26F351FB6C094502EFFDAA005EEC76
:1059D000F91AA40FAC00CCF331FAB70C9C02B6FD57
:1059E000D70379F375F57C10BC0B960D55F710FFB6
:1059F0003CFC34F627027F07D608FCFB21F6BAFBF5
:105A00000D0168F70E006C0C3BF7910516FEBD0BFF
:105A100054F6DF08D8097FFFBC027B0D5DF128FA40
:105A200032F8AAF851F8D7EA7106D20771EF0BF1F4
:105A30006FF0D204A1F3EAF422011DFA00F29A04F5
:105A40005F08A4024FFEB8087B05F0F9BD03E1F939
:105A50007BFDB0EB590F3EFE380424079809380847
:105A600024F7AAEE500BA80514F5B3F256FAAE0AC5
:105A7000CFEF4EE5F00E13187CFA4408950FF907A6
:105A8000F7FC45FE1707DA0368F6B4F9430B150F68
:105A900025F416EFD50B2800FE0570F8DF0B100C6F
:105AA00059FEE1091C01B007D60AF6FA20FB17FEE1
:105AB000800E8202CB08B9FF39F95B0DEF083FF584
:105AC000B1017604DCFD4D055609E108C1FC2E014B
:105AD00014FDB1008607AF024FFD6CF5F2F438FDFE
:105AE00021FBC5F2720910FEF1F367FCB7FFA2F4C7
:105AF000DC03640107FC78038308BE07ABF6CEF233
:105B000050FA70011BF5A8F381044E0741045DF5BE
:105B1000CBFAB4FE05FF81FFD10B040B8EF708030F
:105B2000D6FF5CF8F6017D005AFBBE04FD02DF03E0
:105B300009021AFC921792FFD5FC4DF416FAEEF802
:105B4000ADFABAF006FB180891F7F603F7FF6607FF
:105B5000B9F6BEEBE2073302C7FE63051E0895FAED
:105B6000E8FF39F71913F80898FE7C0B4A1418114E
:105B70008BF546F2CA00BDFB781768F571113CF44D
:105B80005FF555FFE402A300080767F474013BFBCF
:105B900027047715D104E0FA55F74AF9BD11F5F954
:105BA000F0FF780361025E124AFBF8F38AE8B0F670
:105BB000EBF7EF06BF0BB2FFD3F690F52AF860FAC9
:105BC000B6F876030707BA093EF334FA88F8B2FB51
:105BD0009CFE94FFE9FF3C0A9A02C201DF05460AD7
:105BE000EFFFB50AC3F8DEF9EE0AD7FD8FF63EF6F1
:105BF0008905B10084F2E9FA8B0081F561F446FE73
:105C0000A0F69EFDAA08910D9CF4B3FEBF09E6061E
:105C1000BE06F8FEFA038EFA6C03B3FD1DFE1704F0
:105C200054FF6FF91801A100FEF567FA7609C7FA6B
:105C300012F448FCECFA9BF66AEC28F85AF723FBBE
:105C40009AF6D2E3CDF8DF00AB03B91465F4B203E2
:105C500036FB080EBAF6AAF57C090104D1074BF70A
:105C6000D40094FCF51047077C0A10FF58FF300061
:105C7000E5113110080B9700810CD2063AFE40FF67
:105C8000C6FCA311C902AA0CDBF8CA041FEE85FBEF
:105C9000A50F4609CEF364069B01C1F65CFA55FEDA
:105CA0003DFD0C083111B00F70FB8EFEAD064F00AC
:105CB000BE08F9FD0411FFFD27037C012709CF0D64
:105CC000030F9D0AC00245FBFE0B4CFA15FC5BFD61
:105CD0009EFA6A0494E3C7FE58F272EF50F997FDFA
:105CE0004EF7E7FD4400D50740FF9C00C5FF82F357
:105CF0009C05DBFB040187FDA202D1F317FF4AF7E5
:105D000009F79603C9F4EBF84DF9FFF9EAFF8C02A5
:105D100092FFBFF9C6F4F1EE82FA8AF18CF79BF498
:105D2000ADF465F34AF7E806B0F4F80258F11FEF56
:105D300003F5C30084F79607D5FDA80D4FF4A7F629
:105D40003AF67DFB28FE73075C00B10097F4B6ECD1
:105D5000F20DF809CC0AB5FF7EF49AF3FBF529EBB6
:105D60005A043704810015040CFD1A01F3F60FFAEA
:105D7000AA0AFEFAE906F00635F05B000C0E250BC8
:105D80006FFD1BFFD616330F59F57702A6FF56019C
:105D90004E09540C3C082109CE096616F20EA80ED5
:105DA0003E0ABCF169F928F6441377F906FC67ED61
:105DB0006DF054F800F4B6F0A8F338F8F0F5DBFC19
:105DC0008CFAE20A6DFE5C03E5FFF9001C00720725
:105DD0000E0E220F020008EEB3FA0DF7330413067D
:105DE0007414980405FD8004BCF90401E5FA490423
:105DF000C00206F3A1FA00EFE4F496EFDCF7D3F962
:105E000022ED12EE43EEEDF3F7F864F743E8DCF130
:105E10003FF541FF78F7B2F387FBC6FEFD0615FBA1
:105E20003E02680093FAAE0B24FC720352F6700136
:105E3000B30C17F47E1311096FF79AF76AFDEFFAA6
:105E4000E7F865FC12087417D7EFE3EE91F8CCFA87
:105E5000F7FFD1FAB214BD132C070E053317930ABE
:105E60004CF1AB097208D115A8FD9B0E4107330018
:105E700023025FFD420C830668026B0C4B0784FD16
:105E80004BF24DF50EFC6DF0780F6CF49109430464
:105E90004BFF16FC73EB7A023CFE67EA40F90B08F5
:105EA000AA0C0C17100C0A05A3FB11F7E702BCFCA7
:105EB0004D0B460B87F51CF30706F1F664016909E3
:105EC0009803E309CCFF4309DBF42BEF20FC9FFA96
:105ED00057FCE8F9490201FB4FFED7F233042901D0
:105EE00075F917E7CCF75EF859FF2FE37D0908FA3B
:105EF0004CFF120668FC94F24FFB8DFA24EEF4F886
:105F00000DFEB8FDBEF5B0FF4E073CFF5EF83B024C
:105F100031F62DFD1B0B0306F7FF54F7DCF8AFEF4E
:105F2000AC064A047D034A0788089CF9B5F5DF09E9
:105F300078F11DF98907FC08F9FC190C50090609CC
:105F4000D7FE68FF080D5005A80026106510B5FDA6
:105F50002E0561F40CFF57F68911AFFD8B0376080F
:105F600010EC5F015BED2CFA730B48F5E8FC531164
:105F70001AFA1503B5FC4CFD04F646FCC003830E6B
:105F80000100C8038B015309F0F4C1FBCD04D60D09
:105F9000040F200BC70B820863FBA9F92B0B8D04A0
:105FA000A200910773030F0EDDFA8FFF40FFC6FCBE
:105FB00070062E02C30ACAF8250276006E06D708BC
:105FC000C4068BFC0DF475ED9BFEA4FB2CF56C0058
:105FD0009C07CB0316F1930557FFB0028103AA0378
:105FE000C4F620F1FB08BC085E087809EEFAA602A8
:105FF000C9F49E0C3800AD04F7FB28FFE0FBF2FF6C
:106000007D0286F91A04341BF8FB5201B105E90838
:106010001BFB45F1B014E7096104F1022D055E0692
:10602000FCED8BFAF704050FCE0382F9CD07C7020A
:106030004D0328F56F00D7F1930D6705EC011BFFA9
:10604000130612006AEB5BF798F46AEFD305961219
:1060500040F6890E31F3A8061BFF10EEF10531045E
:10606000C903BC07D903FA02A6F5FEF43807611587
:10607000490F7A0A300CC606A101FEFAD50D98FC2C
:10608000090BFCF70907DBFABB027F0CEB0078F881
:10609000AF040509790791FF6DF80BF60F02550360
:1060A000C20BDA02D1F237F8E40460F48A01E305A6
:1060B0002C087C0D3BF8330248FAB0F76605F9F37B
:1060C000AC042B0374FE5A0877FAB906CBFCB9FC72
:1060D00013E3B2FB400F0307FD0F4DFDFDF27AF213
:1060E0008403F403A1025DFC60F26E0289FAADF54F
:1060F000B4FC2FF01A0CE7FEE3FA8306E1FB8F01F4
:1061000046F901EB1D0ED601C4F1060C770294018D
:106110001100D80990020902BC0AEB0AEA02720DCA
:106120009A07A400C9040CF8BA0519EFAC15A3101E
:10613000C000C60533FDDD05B2ECBCF53A0828FE0B
:106140002CFF100E2F0A5D08B8F25A007313870156
:10615000220C8303450219F86DFE4405DEF7D6F8DC
:106160001E0468FB2EFA4F00BF09290886F4B0E729
:10617000F9FDB3F8D8029D01A9F682FA0301870858
:10618000ACF84102B9001801BFF73002160935FE1C
:10619000110606106F0AF7F611EC4F006AFBF703C1
:1061A0008EFE61FCE1FDE5009F00A60E39FAFEF9C6
:1061B0005FFF6AF8EB06C1FD8501E00349F31AF4BD
:1061C0006101FE04F4049BFD970382FD83F569F1F0
:1061D0008BF792F39A07690276ECB10276039F0877
:1061E00013FDE4F1000D5FFE97001DFE5CFC9A07B5
:1061F000E507E4072BFBCB01200B120D130EBB08A8
:10620000110CEBF88F001F02A5098AFC85155901B6
:106210003509310BA4041507F7F5A2FB02083E0F60
:10622000CEFB5405E7FFAAFA14FDF2FF68100D0635
:10623000C709C5FCDEFAF1FA0301F3FD220615F0E9
:10624000B1FDD0FF9C009D0220FD08FFEDEF4DF059
:1062500094076A0134FE4BFABCFD90F83DF4B20A93
:10626000BF09F41575F665FE2604CDFA22FA89FBFE
:106270003007161338FEBCFC7EFBC9F25C02A6F6A2
:10628000DFFA78F45F0165F985FB240A9AFD6EEF69
:1062900064ECAEFEC1FC62FA5B011A04C7FC86FD29
:1062A000ED082E10680CD1FFEA0648F769FAAEFD3A
:1062B00032FFA9F573FF230C2FEC8EFAE8F8BC042B
:1062C0003104A7FB1AFA15F813F7E7055A048805F5
:1062D000EC174E19A9FC70FFD403A1FEE1010A14CA
:1062E000DA12B20CE705E9FEB102B5F40E0964FF5B
:1062F0009E05090808F74E0390E472E473FB9603C9
:10630000F4088F086A0343023CF8C7F9BB04B7F8E6
:1063100001F9E4F6BA0550F49CF8DAFDB4ED89EF22
:1063200038FDD1FB2806B5FD64FF89FD1CFD6BFD22
:10633000AD09990827001EFA38F8D2FD3AFD4DFC48
:1063400007F6880A24FB9108ADF942EB4BFAA6F850
:106350009703640A11F377FC4F0107FAF1F8FE0185
:10636000A40057FE660074F8F1F78FF7C4F6C6F480
:10637000F8EC2AFB520546FF3CFD13F3CEF1C1F3C6
:10638000C4035C0CD6FC00F9C60358F7BBF9CAFF7E
:106390005205A20E65ED45F8BFFBE701BD06AB094E
:1063A0002AF8F0FEADF53BEFECF6110766FFE108C9
:1063B000720DB5183DF49BF3B608D2F54C0E82046D
:1063C000700BA60A6DF1C9FBAFFBB5EDF8117A00B1
:1063D000AE05CE03BF00BC029CE7DDE5FE01C806AA
:1063E000CE02A002530DCFF1E0F3EC00E2FA31F857
:1063F00081FFBDF7B8FC64FAC607D2069EED1FF018
:1064000040FC64F7E7F991F789F95501ECF36EEE7A
:10641000D20364FA49EF28F8C90178F82EEA17FB8D
:106420003BFAB713F4FB9AF24AFF10F0E4FA82EA5F
:106430001B03EAF953F29DF722FF9205C6000302FF
:106440002CFB9B00CA0104FA63F80507C10074F72E
:10645000BDF5A7F86706D3020EFC9FFD5DF3EEFFC6
:106460002C13ED054901E40052F99FF7D5004FFECA
:106470005CFCEF057DFA73EA5EED8EF8A3F4BD06D1
:10648000CB010105E7E8DDF765F35EF8B5F884FDBB
:106490006B0AF11D48E6D9E94507B7FBBEFC310997
:1064A0002E1999FFB9EE1AF10C02C7ED21F715F775
:1064B000490D5F03B40416055EEFE0F35007CB0E01
:1064C000EEF0BD05BCF63EF5ECFFAA04BE058F0359
:1064D000DA055B060DF437FCF406140127FD1009FC
:1064E00020FA940005FD11FD67FE0D0554FAC9F36D
:1064F000EAF8F6092DF67EFA4DFABBF52DF8720092
:106500008CF68F03F3F3DAFC91F84AF0150BB9F02F
:10651000840A1CF7E10122060F002301BE0BEB05E4
:1065200093FF33FC1005700701F8BBFDE20842FB46
:106530000507530314FDA0F5EE0D6B0BA7FE25EB2D
:106540006A0CC70CBDEA58F47602EF03B2EFD3F73A
:106550006EF971FAF1F194F883EB17FD30FDE7F273
:1065600010F240F16BF6EAFB92F6F40647FC5BFF93
:10657000C0FC3306D9F64FF878FDB0FB6B04DF049E
:106580009802FDFF36FF66FCE0FE3D03FFEA8DF654
:10659000B706E9037CFEB305EEFFF3010301FFFD3F
:1065A0007DF60DFD49F98BFD02F207005B098A09B2
:1065B000C106C809790717FF43FB40F77C0A2E0B79
:1065C000D2F5A9F369F7AEF5FB020506C30675F926
:1065D0004EF0E30F49090EFF700343057CF48B0670
:1065E000A50CE10A7E04D4F04CFD44FAECFD32091E
:1065F000130679F824FEA3F6A9009F060F01BBFD40
:10660000C8FB4EF6ACFAD604FFF8D0FACAFE85FDF8
:106610004102A004FAF6A0F5D2097B0DF7F22DFD98
:10662000C8029E01A8EC52F5A4F9A604B6F9A0F39D
:1066300044F77404EEEF27F9D2FA74F73CF746FBFF
:1066400025EC43F642F8C5F704F5B406D1F6660624
:106650002E0118FA02F92F00A706F60A99F050FC4D
:1066600003F7A4FEA20434F960FC7B0EF8F2E3F316
:106670004506DAFAE40396F9060A55FC16F5C0F762
:10668000A2F620FF1003B8F0CD0B97088F05300E4F
:10669000EB04F30B3BFF4A002BF121FFBB095A0827
:1066A000AAFAFAFBEAF2680C01FD39F6E0FB5D009C
:1066B0004FF90608660559073F0B8CFABE0CB3FA72
:1066C000970BC6FD8BF9E2F179F6F4FD6BFB4B0FEE
:1066D000BB0447FD06F361F994000DFB1FFD78F93B
:1066E000F0FDB10527FF3702B7FB16FF6AFF4AFC32
:1066F000320BD9F8DCF531EB7D0A4D0DFF05C5F9FC
:10670000060050F4D0FA64FFA6001CFBCFF6BCF3E1
:106710007908D8F478014BEFE1FF5908D60041071A
:10672000CFEB7BF36BFDC5FD5DFFB107C00195F9B4
:10673000E8E82CE99F0CA7055E00A40523F8F5F610
:1067400063FF0A02BCF536F768091C12C8F8200678
:1067500006FF98F107FD790D440BE00DF8F7680589
:106760005702C2F91EF6F6F9B707CBFE2B03EE006F
:106770009FFB2506F404AF0B42FDE601E20292FE08
:106780006C0870FFF00385122EF744F8B9079809DA
:10679000A400C8001116E601F4035DFF530D830247
:1067A00037FD8EF80CFD62070DECB6F71E111F07C2
:1067B000D2F5F301EDF53BFC3EF641F9A5018F0959
:1067C0005106E402810370FA54F6B5F7AB0079FB89
:1067D0008DF68EF7C5024C00C8F5230A0002A6E923
:1067E000EBF387F59A08C8F231FF22010CEDB2E70E
:1067F000E7F33BFAC6F202073B05F6F86CFF18FD1B
:1068000094F06FF13EFE3C095D04F00450FE01F38C
:1068100051F85AF96D1016FD0F146814E6FA88FD48
:1068200058EE1B020BFF4102D40A5005F907B5F8D8
:1068300057FB4AED3CFB8309550714050C09E10D94
:1068400068FD74F2B80CA3085F0B410BE6042E0838
:1068500048F668F7F50862F9E4F64A073C0DD1FA04
:1068600032013B02CF070A130D04B7F10304D10E26
:106870009C077E03760682F93AFAA8FC3515CA12FF
:106880000C0F4DFA5FFCE50595FB9AF5800B810F27
:106890002AF86508E10D1A0499013F09B308F0FFD1
:1068A0000C093F0533060CFE91F640F67B01240AE5
:1068B000E9F80AFD7803BD0222FD55FB12FCF0ED5C
:1068C0003F0599F8B705CFF438F8DF0427F047F013
:1068D00012FA7D0792F4F3033F09230BBFF3A5F2ED
:1068E000E3F005F3510380FB0206150EFCFA2000CD
:1068F00013E41AEB180328FBEC0A4B0F72F59BF616
:10690000D1EE23FEB109B20B9205550B93FD78042D
:10691000BE05CBF85B0277081A06BC02C0FD510623
:10692000DAF60AFEA407320AA30ABFF06B09C9FB14
:106930009DFE390CACFE8DF9DFF242EC5CFFD6080F
:10694000090E2110D7053006690055E91F02DD0B3D
:10695000B904520B3705420565FC82EE59FDE70587
:10696000620E7904EBFE2A07160027FD4EFDB3FEEA
:10697000B201A20545FCF205C903C802FCF7EDF817
:106980008103E3F5D2044FF98CF591F6F1F8BDFDE2
:1069900024028C0562FA2C093F05C309AC0643FBAF
:1069A000D2076B0E2FF2E7FC5BF677F329F28CF23D
:1069B000D9063B09A411380C34FEB604A3FA93F1AE
:1069C000E5FAB7EF46FF2E0499F1F9ED1DFB90F5BE
:1069D000D0ED2EFAB5F9DD0308FF0B033BFE74F68C
:1069E000C4F612F4CD063C0E1F09D9FD64EE11F574
:1069F000CAFDE9F0D30ACD09A3EF6201D9F78D04EE
:106A000055FD2A04EA02520CE2F6D9EDC1F4590A06
:106A100060F9CE0862001EED53E4F7EC340C5AF333
:106A200011174B0E9BF683F50FF409F782F8F4FB70
:106A3000E3FA34013BFC3BFA4AF67A08BFEC230048
:106A40006B023007F8F65CF85502800778EF7BFDA3
:106A50000B053809380986F7A703CE01C203B6FB38
:106A6000970920FB66008EFC47062FFCF8055C06A4
:106A700040F813093BF9A2F83BFF5E081FFDCB0766
:106A80007C05480A480420F9450143FDA110ED1694
:106A9000D509320DA00D93099BF69EF19C06B00915
:106AA0009E0E200F431E63FA0B0367FB8706FBFD58
:106AB0002E12AF12A3F083F90C02DE007B00E0FD82
:106AC000B504BD01CD029BFF6105D1F37903DCEC78
:106AD000370C1FFB06FBFF0162E19BFD1EF7D60092
:106AE000DE0BB8F917F53DECC80478ED52F7A007B6
:106AF00025FE4A14C6FD2BF05EECA0FB34FD07F624
:106B00001819FB0873E696FE52FD06F599FA61F92D
:106B1000C608F400C7F863FC8E0138F72AF539F887
:106B20007C04A6047EFDE607F9050605A9035907BE
:106B30003E02AF07AEFCA3F81A03CCFF380089056C
:106B400054F8E0F7EA013D083BFCCCF9CBF7A7008D
:106B5000ABFA5EFB270617FA0A0535F73AF827F76E
:106B6000E600CE041009CB080002BA034E0470F709
:106B7000A9043F04E30A600DE7FE00F3FCF8990264
:106B80005702D705A5FF200664F4E50083023F0302
:106B90009F0EAD0AD7F6AAFAEFFB680678F6A7FAB9
:106BA000A20D43FB00F861FE30F907ECFB0B75F812
:106BB000B018100176FE3414C5FC75FA17F98F135E
:106BC000FE0898060E047FF137F13EFF6BFAADF731
:106BD0009914141BEBF993FEEDF54102FDFDABFC9E
:106BE000B6128E0AF8FB310B8EF730F4E2064CF247
:106BF000D40457FE610018039DEBD1020FF8E6F0B4
:106C0000EAFF72F96FF851FD53F83A04390691F52D
:106C100014F690F6D6FBC2085908BE0011F608FD1E
:106C20009C0043092EF8C60298085304270360010C
:106C300091F543FE1DF77FFB01FE60FBF5F919FBA3
:106C400012FEAEF9F5F7DA0469F73DF68209CA03D8
:106C50004BF814FE2CFB84F7800091FA61FE8DFF47
:106C60000EF60DF8A408D302A2FCC0085407700960
:106C7000CEFC49F715FF7B0124FF6A08450A5C0931
:106C800038F720022AF97F056FFE2CFE6EFB26FCEA
:106C90009BF75B057A0181F9C00AAA00C5062905A0
:106CA0009B01D50448061D004E0547FCCEFD95FD11
:106CB00000F7D30991FA68FB3C0350FEC7FDFC06C0
:106CC00099F98C022EFBFA077F05EF06ADFFDA007B
:106CD0007FFE050479FBA109B8FFFB01A6FA68F85D
:106CE000E7FD77F5B3F6C2FC330011FEE00297FC36
:106CF00046049006A4F78DFA02010F049806F303E8
:106D0000CA0808FDC901870111098A03550184F7E2
:106D100097FDD2FC890146020CF9CA004D00F2FE33
:106D2000EBF568F430FBF9F839F64C032FFD5BFB0B
:106D300049002DF7C2F53A05830270079409A8F4BB
:106D40006CFAB1FB96FD1000160FFC00660022F5F0
:106D5000AC047FF81C00D7F7CF0F6D044DF604FB91
:106D6000D3FC3A002C068DF66D14EC05F2002D0DC7
:106D7000BD05A31071F313FE3106A3052C14D4171F
:106D80006C0DACFCFB06AD02FC05E1053FFA72029E
:106D9000EAFDBCF58AF744F8BD00A008DBF645FC27
:106DA0007FFB1CF41AFE3E04EC0ABD0BA60777FA23
:106DB000F4FA0FF723F8EC0261053C1229FED80122
:106DC000F0042808E9F6C3FFADFC64FA85F8EEF597
:106DD000C805B50293063101F0FAFBF6010A5D0120
:106DE0002D06FB04AFF6FFF51EFD81F5B2031AF781
:106DF000AEF60CF396FC8AFADCF7350DD507F1F9FF
:106E000085F25EFB9E037B04AF03A20D80FA86F63B
:106E100007F71EF5AC0010FEBCFDEA0722F4860B56
:106E200013F98BF40B010EFBC3043F06F7F999F637
:106E3000A2F588F4ABF9B3F4CCF56904FF08BEF30E
:106E400091F428F33FFA33F11F07A50889E906E614
:106E50001D0127FEF3F7B0F5E10B441474F4A2FB17
:106E600047027C0420EAFAF3350DFA052105DA0021
:106E7000320F070AFEFBE1F333000AFD63FD6D10DC
:106E80000BFE25FF800692F426FE6106350E9F0953
:106E900006016E04B2031BF63808A70F9AFB160012
:106EA000470733045409FAF9D40F54FC84F73F0719
:106EB00033FD1900B4FEB6FCCB0773F635F7C401F9
:106EC0007DFBB203C3FED6FCFA00A8FEBE00E7F9C4
:106ED0002B07B3F46DFD240A65FE0F092BFED109C3
:106EE000BB0244FB85FED4004C146BFF8AFF2A06CC
:106EF000F3FDFDF24DFDC1EA7F0C2B07F9020807F7
:106F000088E4CAEA53EEECE8E3FAD30CEC0DDDFCBE
:106F100085DC63F2C6EE39021800700D8A1009FC98
:106F20006DEFCCF6BD01BBFF6D09CF05A200FAEFF6
:106F3000F9F178F8C4E836ED3B0FD5EF99F4D501B7
:106F400084F2DBEA84EA87F2EF028FF73D0E5AFB08
:106F5000F1EC97E967FE87F7ACFC50013C10A608FE
:106F60000FEFEDFBF7E8B2EC8DF67E024511C401A0
:106F7000E10232FEAAF43607FD0E330E5E031B0B50
:106F8000A1F945025803A903E60CBCF7190FE4095F
:106F90009201D1F901FC2EFA56FA9AFED1FB6EFE4F
:106FA0007201C8F9E908DDF9BDF898FFE9F70903AE
:106FB000F00217F872FA270E00EA52EEE2081C0FF0
:106FC000AD02F10E89FCF9F639FB0CF3A30C960A1D
:106FD0000407B00A0CE80EF74EEE9B016D070B0498
:106FE000BCF518F5BDEEC9F3F9FAB0045A04B90DB1
:106FF00078FB75FC00F413FEF9F5A5F33E09E60CE9
:10700000BC08FF1486F285FAE4047FFE800EB9FD09
:10701000550678F7DFF115F324FD42F0F00D4F0C23
:107020005BFA39FC49EC69E838FA4B04E10D7F0F53
:107030008A095D02FFEB5FE8ABF832FEC20E121563
:10704000C301ADF6BFEF04FA680103083216CCFFA6
:1070500064F662FAA0F431E8B8008006670CA60472
:10706000C3F69E082306880318F3E2FB0A0ADB072F
:1070700006086CF481F563F9AD0B9404E70D85F512
:107080005DFE820AB4F7DD0023F970F8AC01BFFEA3
:10709000010E391380FA54FAB8005204050C6F0A35
:1070A00046039FFE7BF266034DF959FC920B900359
:1070B0004CFF430249FEF5F6DFFC4FE927FB7D0557
:1070C00050FAEBFF92F9F2F2B0EBF6FF87042302DD
:1070D0007EF91AFF58DEF8ECBAF34DFF77059A05F2
:1070E000C408070098E750F201020CFBE41033FDDE
:1070F000A3F7C300C3EDF6F54F012901DC100A0523
:10710000C1F2DAF86BEBB6FB0EF74B06830C691590
:1071100046FD550686FA1BFD4B02DEFC2B0E810454
:107120003A106F13DAF6EAEBF2017B0068173D00C4
:10713000E7022F091CEFD1E704FB93F553F78BFE11
:107140005208840689F092FCE4FE69FC4E000206B7
:10715000000D06FC67F272FCA21348186A0913F8C6
:1071600078F7240A980310021900A2F6950335FB5C
:10717000BCFA22FAA8029E08340307FD62018904C2
:10718000870C08F5AC0663021BEDAFFE5106B9058E
:1071900034026DFB23032AFA2BEE5CE75800AA00A9
:1071A0000CF96AF806FA89FBEAEE25EC63055FFF45
:1071B000C3F4FDF45600E3F3BEF5BEF80CFE9E0FDB
:1071C0007EF9590B38FB4FFB14FC5100E7FE5E00C3
:1071D000DC068EF0EBFF49FDF30437FFD20A0BFD0E
:1071E00043E80FE380090D02E8FDF2F8910BA3F9E3
:1071F00009EFDE09C60054EDA1F50FFA31F77A0167
:107200007206BA01FDF794FB88FAE2FB59F9A1EF87
:1072100064FEFD16AEE901D65B024C04DFFB0B03F6
:10722000F30461FE1FE9B2FBEBFE480B2201890F5C
:1072300029FE9C0FFCFB9D02E5F89BFAD70528F878
:10724000F0F5AD14DC06DE0F0C08ADF536FB0BFADD
:1072500056FB45FC3007070555FB4CF3B4F9CB064C
:10726000F8FBF8F77BF4C8FDEAE9B4F4020A6D060E
:10727000CAFB81FC1309F70E03EF84E2D7054F0622
:107280002A0052FD6E0065FE13E31EF92B046D0803
:107290003D042B04EB023702F0F63CFFE101130A38
:1072A0001204670EC4068CFAA3FE0BFDADFBD802D8
:1072B00087F7D6ED5406500A99026B092DF60BF5A7
:1072C00069ECB8E7F20B910CDC05BDF73C03B5F3B4
:1072D000BCF850F889FB790714FE3EFF7FEE16EAF2
:1072E0001DF80D0216F8B903E7FC3603E8F3C4F401
:1072F0002E05800580E875E99F0CD0FAE90357F662
:1073000059FA9E07D5E22AE68AFF10001100C0FF55
:107310009F0F080F12FEEDF4A5F1ACFF340332030A
:1073200024FC560F400136080B0DECFA2608D2FD5E
:1073300010042905A009E8FC33FEE7F3EFEBDF0BAF
:10734000BFFFD9FBD804BE04DAEA4AF7FE15740A77
:1073500017FFFF029505310CDAE99DF58F03AE0C9E
:10736000DAF09BEE030F400D32EC59FFEDFDBB044C
:1073700002FC5AFD76056601D5FDFF094A023E036F
:10738000C40A4B07F10CEE03BE074D090D0668FC5D
:107390001FFE00F9C30868FCBF0C5DF78CF699F47A
:1073A000B3F4D7EFB90791FC9FFC6502DC023FFA0A
:1073B0007EFD1BFF2E0390F89802B00216F67F01A7
:1073C0008E106D089000EB0994FFE207E3FF93F045
:1073D000380C781163FD22F7980A6106BC023E055D
:1073E0004607D60BD5FC72E7C40CA707020847FB7B
:1073F000BB107910F3EF24F180F8FBFF0F14C400E9
:1074000004F64AEF45FFBB02FAF665EE5AFCEEF3CE
:1074100042073009A4F90C0A70FFC5F670066E0722
:107420002AF40AF8DD0E54FF7AEEA4EAA7052F121B
:1074300022087E026A052206FEF22FF50D1044088E
:1074400077FAEDF5100AE007E4F05D08CEFE37F2BA
:1074500095FE0206E00AC712BE0B530655082C0D16
:1074600060FDDEFC1F127907A305E804F1FA310B79
:107470006E072EEE220892FCD00BE900DBFCA40183
:107480001EFDB7FC1505C60AD0FB5BFB9CFD190968
:10749000B7187B0E4F06A70C53F861016E0EDE0085
:1074A000DA0B5D14E9017E02B9051507A1FD87F02D
:1074B0006C0FCE15FD04B2F543F85FF368000309C5
:1074C0001A0AA21832F139F1C7099F028BF5E50DAE
:1074D00071FFBAF60BF04AF71408F2F79113FEFEAB
:1074E0006E054D033F04260D52F901FAAE09B300B3
:1074F0007FFF4C00A9F60A061601EBF5030C910C70
:1075000093FE10036C10B50259FCB1F4970F3E03C3
:10751000D405F6063BFAC505A9091FFB3FF994F906
:10752000B60790FED8090705400A59047BFE1C02E5
:107530008408CBFDD3FA93043704A703CC095B007E
:10754000B00FFC0D98034106CF0B96FE8A09730C11
:107550003002AEE9ECFFC10517FAF3FEC202F008F3
:1075600084FA940973FF7A08FDF33DF94202880317
:10757000640D870F0FFB6B0928040005160DC30B64
:10758000F8008913A4093D0044F923F8800B48F35F
:10759000630A33066B0FD2FDC3F387F64FEEDEFDB1
:1075A0003005DB0D7FE30008850B950624EFDCF446
:1075B00027FA9EF945FCD0FBF50AD3F9ADFC2EF86D
:1075C00078042DF62200BC01C8F5ABFDFBF558F69A
:1075D0006101D2F92F15530F330557F7AEF81D0B84
:1075E000BA06F310EC09B5FBEDF8DBEEC71962FB48
:1075F0001AFAD90480FFAC0549FEF9053DFC2001CB
:10760000CC0777FF06FD3E06F80A530BEDFBD3FDD2
:10761000FAF8B507DFFD7606AF025A064005E4002A
:107620001403D909E201BB0A4AFE8000EA096B088B
:1076300096F829E1FC00340EEC0126F9E41C260A38
:1076400016F737013308EB024EF546003C13910F55
:10765000CA0539FC42051C0E12FF1E05EAFF14F193
:1076600041FF1801DB0C9F0AEAF9B6048D00B8FB54
:1076700005FC4D029308D7FF57F5D5F62FF4F5ED2D
:10768000D802910ACFE39DF3D906201423EE31EE00
:1076900083121CFE43F79402710E24001CFE5C064C
:1076A0007CFEEFFA0F049705F6F52DFB300148FA42
:1076B000EDF4C0F7F1048D00010126FC9B0A030ED6
:1076C00027FA690C210E220AF1F5C5F8660DDA05D4
:1076D000B0FC4806A701D4047E07C70799F1F1F66C
:1076E0009CFD82039303D200680FF30D5EF6B60390
:1076F00003FC9B0317F285FD3E00C5FE3EF8000F1C
:107700002D0DAA07D1FA80ED160054F18BFAEE0D7B
:1077100068F9D4EA39F86D03D4F56BF28D16690C6B
:107720005BF05DFE200524036AFE13FDC90E11FD0A
:10773000C2FAA1F4BD0D230961FEC90D5D0234FA40
:107740006DF83A05D3F93A090A02F9F847F6F8F163
:10775000A604C9E1550826018D082908B0F1FCF5F9
:1077600030FD74FA89E204023EF78EF97CF122F0D2
:10777000C3FBEAF494F77FFBB4FDFBFED8F468FF8B
:10778000000177F8B80484FDEBFA8CFE280B5E0547
:10779000F0F5FFFF0A1467005AF9F0047703F9FACD
:1077A00042EB8705C015450016FE6AFF11FE4FF338
:1077B00054089200F8F5E400E40A1CFDA2EA4DF436
:1077C00045FFA3013509A8F2B60C3B0864FC21FB78
:1077D000DEFF40FD8B00B9F7FE09E500FDEEA4F9E0
:1077E000DCFECBF343F237EE11F7610442FA50119D
:1077F0004CFE63F59EFCF6FF3FFC9A00E006560F38
:10780000DFF404F64F0D2502650162FA2505B8F78D
:10781000B80283F10A0338078AFFC60B40EF5FE521
:107820005CF537F4F70A7605ACF24AFEEAFD3BF464
:1078300083EA58E9E0FFE1E226FF591047EC28F01F
:1078400026F012EE8CE784F14B0294FFF6F851E932
:10785000D70A64FCFFF139F3E004A50E810562F25A
:10786000B7FB97000103CA0273FDCDED9D0148F6F9
:10787000D903C505581BC5168AE9440132039CF794
:10788000B9F4F2003E0694F8CD09830327F3BDEC6A
:107890002DFF21EF4705C1F7260135FC50F52EFEDF
:1078A000C7FC93F9B9FB25032F09C90AEDED8BEE4F
:1078B00033FCCAF6FE01A2FF5D0C89F6C5F212F791
:1078C000D1017C0841F8CBF38CF6CCFD41F4C70024
:1078D00034068FFF15FC9B004807CBFEB200AF0AB1
:1078E0001DFA8801CDF9CC0D55F73FFBCBF82B01E4
:1078F000FBEA84F80F0DFC07DAFEA0FDBAEA9FF25E
:107900000EF214EF4F0DF90825F9D9FB15F45EEDD1
:10791000EEE702E052F4010407F7B506CAEAB8F749
:10792000AAEC45FC07FD1BFE5BFAB00506FC5306FE
:1079300036FCA305F2EE6DF6C50A590B7BFEDB01A2
:10794000B3F983ED05FC70FD050819F3E101CB05E2
:107950006C05F016D10559F5A0EDFC08DB12A40565
:10796000C6F66FECC7F7CA066704EB00580232F29E
:1079700018F757F915039EF86CFD750094F012E79F
:1079800063EAA5FC98F71EFF4008F40D20EF39EAE2
:10799000DEFA21FBC208940590F63BF92DFAAEEE13
:1079A000A2018800BAFF5DEF8EFEC4032FF7BC046E
:1079B0007C0B5402EAF572042CFCF4F2D40FAEFEF8
:1079C0008EF80E003D05DCFFD10382FB4DF9AAFFC6
:1079D00063EF41EE17088416DFFF29F7D200A0F508
:1079E000A3EE03F5DF06E602D3EF7FF3ECF225F614
:1079F000EBE643EE7B0B55FC5AFAF8F45A0188FF8C
:107A00003DF29DF1E6FC8BEEF8F5840ABCFDC2FD6B
:107A1000A3066A075BF9A6F8CF05A00764F2760310
:107A2000F9F361F311FBD20ABAF4C6F24BF5C50EB5
:107A3000FC0BA50A1CFCC1F90A086F065B09360796
:107A40000AEC79E3460C4008E504F2056DEDF4EE2E
:107A5000C2EB4DF10E04E1FD8502340FA4F85BF991
:107A600042F1E8F395FCA7F99916DEFF7AFF8DFF46
:107A700072F4BA05110280FD9604930FA4F6D5F8AE
:107A800039FCF813CDFEB2F5BFF57900DEF1E8015F
:107A90006F0923FF0DF6FB02FAF86C007406C8F9B3
:107AA000320625F4DD07750A3004D00575F742F774
:107AB0002B07260489FFE403B8F5DCF15408E8FE3F
:107AC0005A0400FA540F291117F96CE9510A96006B
:107AD000840112FB090A5E0192F82A04F5FD5C0A92
:107AE000A9F6E90C22F900D6ED03781235FB9EF3D6
:107AF000BA0C870DA5E35307D80195F11EFAE301EF
:107B00006B03BCEB60FD4B0A2BFF2FF71E0A5B10CB
:107B100036051105A501F8EB63FEB50C31FAA2FD9F
:107B2000DE00FAF250F879FB500F3A10ACF29701F0
:107B3000ACF218F67FFDD1FCAD099216010272027B
:107B4000130164F44DFEB1036A09B70D0DF9C0F6D7
:107B500052F3FEFE36065903F80DF70EF3EE4CEF26
:107B6000480D4B0EC9F938E8D202DEFFE4F914F9EA
:107B7000E105230307F68C0310F91505F5EE54EF24
:107B80007510BA0D4BFD270BB7038CF333FDC4F40E
:107B900097048F039107040637005BFB9FFBBA0431
:107BA00095FFAE0DFE03DD0546FE38F89804810012
:107BB0005707ECFE04FD08F5620CADF8EDFE40F44D
:107BC000EB085C09B5FC51E615072B0414FBBBEA76
:107BD0005B0C9811E9EE9A00110154022FFFB707D0
:107BE000BBFB9CF71607D0FCA5EF2CF92DFF92FBF1
:107BF0000DFDE413FC040FE6BB042A04F30DBC02E4
:107C00004D0D92028DFC12F1EC14AF107EEFD309F2
:107C1000D7F549F54FFE9C044501280B7B0267FE12
:107C20007AFF0101BEFE16F5B10F7117FC0244F98F
:107C300066037BF7A10646F72111FE1814F4BFF086
:107C4000D206CA1069E9B6E7A71C0A0E6EE7E9FA80
:107C50006C050B0D7F01650EA00730FBDDEEF0EE2D
:107C6000A90432095709DE06E3FF91F98BFF1804D6
:107C70004B1762174AFD2D03A30B49FBE5FEF102EA
:107C8000FC167F07CEF595FDEA061701890314055A
:107C90002E00290CFAFA77EDDFFA3A0868F879FA3B
:107CA0001E18820F6EDCBBF5F00930F95EED24EF93
:107CB00004FBB3FB4303D8F296F4C8E641030AFA87
:107CC00012FE240AF10608FF19F485F782018108E3
:107CD0000B049408E403A5E3D3064C07D505C112B1
:107CE000ED084DFB6BF31FEFC3053F046AFDB4F5D0
:107CF000790833F92FF001F4040BD2FB190566055E
:107D00002C0D470151EDAEFA44083DFDE7FC380269
:107D1000CD043301C4F624E619067F04940559EC1A
:107D2000F4F43EFF8EE300ED9517EB04AAF95FFB38
:107D3000790FB61485FE5E102C013C03B4F223F1DA
:107D40009D10B6075905CDFD87027CFF3CFA45FF23
:107D5000440B631282F86C03BF02800BF8018705A5
:107D6000C4F9DDFCF4F5E1F37901C10C6C08D40B26
:107D70005EFFDD15A4E89FEFA70B3F04F608D108CE
:107D80005713EF14C9EEC5F90A07F0000DF35CFBB9
:107D9000EA1206F7E802C104190A57F73C017B0210
:107DA0002EFDCFFEAFF965118D042CFEEDFB6AF8B8
:107DB000F209D009F0FB2AFAAC097EF6EAF189074C
:107DC000EF087AFAF000B4FA290125006A0BC6F828
:107DD000480A250CADE10FECA7074E063405510704
:107DE000EC01BB05D4EB69E41C0DB90C07050E07CB
:107DF0002B06F2F0DBE4AFEBF80B230098F2D9F599
:107E00009DFF1AFC33F2F0EE2D0BB30A03F23CFD9A
:107E1000EDF75C029C0437F5D2F264F643022C01C4
:107E2000E408DC0BE3F5ACFACFFAC306DE089C07E6
:107E3000B016BD0A05ED25F09F0A9419DB08DC0E8B
:107E4000660B83FFBAF680F1F808E00BDB09030844
:107E50008BFF6A0AA1EBFCF89E057708E302091183
:107E6000C413890E5B0242FA5E04800E83F7DA00C7
:107E7000D1FFC4FCB203480A76077EF506F47D09FB
:107E80007F00F20795FC72FE8B0579022308700AC9
:107E9000290B430F2E0BAAF5FDF96FFD3F071BFEC3
:107EA0005114BCFDFCF62EF43204EDFEBF0500F7C4
:107EB00028036703CAE361E7B7FB9D093A0B1E0B72
:107EC0006C066BFC8FE5D9EB4BF50F0AE2FD89FFE1
:107ED000580096FEECF362F567F81E00D1FE6FFEC7
:107EE000A8F901035CF6FBFED6015AFC39F8E6FB63
:107EF00071FE17F7FD0AD90392FFBBFA5CFDF70686
:107F00009801320678FF17F66804620E19FAF70036
:107F10002D0FF90730FE9CF2E205F6093711C40E69
:107F2000C7FE400EB501A9F3900A1507C50EDE0580
:107F300021F91C1250F3B3F4400806F8B60BB20056
:107F40000401C70446017AF5F002770EFBEB65F2F7
:107F50008F09F203C1F9C8FAC2078D0099F568FCD0
:107F60009CF807FA1AF9E5FCB8088208E60B43FE0C
:107F7000EE096115F1F302F438FA2CF33BFDC2056A
:107F8000F80F7F08D6071B00CCF641F9AC072AF79B
:107F900031012D03D6F1BFF7CCFB01FFB607070C6B
:107FA0004205980B00F46800D6FD4A0068FA78F69E
:107FB000C7FE5510DEFF0CF69FFA60F925080D028A
:107FC000C60513F6EA0CD807C1FC45096A06E00DA0
:107FD00025F625F5E3FF780CFEFCF4027408EBFAB5
:107FE00042F3D8F783F8B3F5A1037EFD58030908DF
:107FF000BD0AF206CCF5EEEF130E23069203E2FB68
:108000002CFF0108EFFE08EBD4045EFD8EFFF4FAAE
:108010005D05B51471EBFD011307F1F4580A450332
:1080200016FCFFF795012F00DE035800C6F7B1F7E5
:10803000C8ECD4FE94EB00089DF7B208EFFAA7084D
:1080400097FF42FE4BF62402F6F6810A270185FED1
:108050005BFF851C88F4E2F00506A6FCAD0A690BFF
:108060007D046B056D01BAF05EF773F18AFD6CFC5F
:10807000FA02BDFFAFEFEBF77CF4A6E59EFFF80533
:1080800058006907F9F4F0FFE9FB5AEE6A0A840A1E
:10809000A205D006B5FE1C024CFC150524021803EF
:1080A000BE0FD70EFD0873043A00D1FDC6F7840752
:1080B0009B06D303670A5001DA071B02CEF71D0A9D
:1080C0001503DC02E6FC77F0190CCBF9CB0CE3FBD3
:1080D0009B07FAFFD8FA81ECC2FBFB01A40893FAD4
:1080E000F001D40757F481F446FAFEFEACFEA0007E
:1080F00041059B097DF1AA064E153B0C850BB50A7F
:108100000B04B3033F00AF093604E20500FC540141
:10811000CBF8F2FE11EF7C0A500515FE070E12F89F
:10812000850441076804380527F700087DFB6F02C6
:10813000A5066FFE5D0A7D02D5FFB3F03602E7109B
:1081400032EFC4EC9D0F330273F88AEFC901A0F23D
:1081500059FB0AF0B0EB0AF5FFED02F1C6F8D4FCCA
:10816000030DB904EFFF99FFFEF360FE8FFC1611BB
:108170009A027D01030866FCC80243F867FDF9070F
:1081800054082A078408FE0231079D0684FD5BFA25
:10819000E70B02F9A9F8E2FF95F99003E4F34FF831
:1081A000DB03FCF5BCFEAFF7F00353F24D025301C5
:1081B000F1EFBDF5A2F03AF45E0156F9190854FE4C
:1081C0005DEDDEF96CFC77046CF915FC3D0CCD021D
:1081D000130805FD54EA4AF56717BD0F71036F0ACE
:1081E00045040A0646F0F0EF3A16AD06DDFDA9FE9D
:1081F000F40213FCEEFB21F6A20176FF57F1C1F960
:1082000033031F0218072EFB81F7F9FDF307010561
:1082100046FA79FE47F31F03D6FF7B00300A38FB8E
:10822000E6F681EE4FFB4DEFC1EC52DF42F64CF625
:1082300061FEE4FC3AF45D0372E9D5EA8D0452066E
:1082400087F343FF400F39123CEE7EEA090996148A
:10825000C2FB3AFB58068CFB9DF546F9BD11300870
:108260004EFCEA03451083FC19FA23FCA3085C08C2
:10827000D1FB6A0C85097F07B9F01EF896055EFDF3
:108280005EF8E5F87108A2FC7301C102DBFF85FC12
:108290009EDE8AE5DD07400675025B046703DFFAB0
:1082A0009EF08FF0F50854058AFE77065E0A3102CB
:1082B000BAFF6AF4C2F3D8031F04360AA9F3040C08
:1082C0009DFC76FEBA0430F65C0D7E10A80596F390
:1082D00023FCF9F653F4F301ED1252006D0190F80E
:1082E0005F08B5055AF8BDFC8BFF9F099F0181FB14
:1082F000F805A005D3F5800425FE9502E705ACF34B
:10830000E5F87CF67A0148F977FF03FB0D02F4FBF0
:1083100055F2AAEC50FC6E0FA2023A0102FF4DF694
:1083200049F3B0EF281CB7117C03380ADBFF960530
:1083300004EA1DF1520A700CFC0BC3176700F3F43A
:108340008FFE08EFEE0BD80D2B1935095BF59DF468
:108350008FDF9DDEB9195C03E6021F080BF7B4FB43
:1083600015E723E57111880CDF0793103800CE085C
:1083700096E9E0E15A0C4A1BBC0B03096508F5FFBE
:1083800022F393FA9F18C91CAE07B7FB38FBB90458
:10839000FEFAA4F7ED1AFE0B9900980088088204F3
:1083A0006D0E7CF63407F20373FC2BFCBEF9E30878
:1083B000BFF650F80A0705F97AFBE1FC76FC540099
:1083C000C8F9B4FDD8081EF8AAFEC604980259FEE2
:1083D0008FF552FFBAF68F0063F96BFBF5F9F6F9EA
:1083E00046FD2B0799F9A40D6BF42C0627F55CF8D4
:1083F000A203ABF41B06FD0EDC03040BB7FD7000FB
:10840000D3FB44F346004A022702510846045EF8B3
:1084100062F388EA3104E20346113113EFEC26EDF2
:10842000C5F5430350FBE00A7F09BA0239EE01F9B2
:108430000CFCDDF3AA133FFEE109C41354F5490E09
:108440004BF95EEC29098B17E50825054F06ACF8BA
:1084500059EAC0FBCC19740CCC04D40146FC4C0185
:1084600022F8E1F12512A419CDFED6F532F323FF4F
:10847000C9FB45F5E41D210578EFFAFAE5F648FC5D
:108480000C062F01D7F7D80320F776F70501C1FDB9
:10849000220447FA79F7F60631048EF67FFDD403FD
:1084A000BBF93804E0068504D2FD8AFE62FACE03E9
:1084B000520072FAE909F6F588073C07A100620745
:1084C000B80356FC22FBF7FEBDF90AFC3EFAB7FEE4
:1084D000DF0496F903023DF6EDFD82F5C4FD1609B1
:1084E00068FF1C039706CD045A08E9FD9AFCA20117
:1084F00091F67607260A0902BA02B3FC23023E056A
:10850000380619017B04A0009C04AE0CDEF5AB011B
:108510000407A70702050BF9D1FF7AF98206FAF9D9
:10852000E808020070098F023103C1F863004FFAB6
:108530004F003DFA97FD0D05E7F66F00FB061CFEA8
:108540005FFB300216FFF9FAF102A5FB0508F00007
:1085500019FA4EFD95FF87015FFECB086209C2093B
:1085600049FE100335F928FFB5FCAC05F30897F672
:10857000140AD104BFFF10035BFCE5FC10FE85FC70
:108580007406B3F9E1FE2CF84A046FFB39FA4F0484
:108590008B03A4F90FFD0702B9F66CF9CEF6880635
:1085A000D0FFB3F54A01CEFC9DFE3E0BC80017007C
:1085B0003DF8BEF3BF097F022A02D808EFF691F911
:1085C00049F2AD01CFF5C1072F033AFED8FE4CF3B7
:1085D000C80BE605880C0A09EBFE6304A9F53BF419
:1085E000ED015801CF05CAF52C05CD0357FD40F428
:1085F000720571FACEF7660088014A01F6FAEFF5C6
:1086000020F429EDE2F7D50460FA4FFF16FF69F573
:10861000FC13F50473039002A20CA60EC1FE93F99D
:108620005301DDFEB50CC301430AF00C0FF30BF947
:1086300076F4930265F818FEB60E8CFE48F7D50165
:1086400048FCD7F8DDF7EAF637033C06CF039EF97E
:1086500003006BF8DE07B307A909E002F206BCF8D5
:1086600005090FFA7100C806C1F9DB0881F8270572
:108670006B097CFC9CF97600DE0918FB27095F0773
:1086800006F298FD0FF809F6B5146F03ECF87CFAC2
:1086900048F71B08FCFA1E048D0F9B07F805A10084
:1086A000E1F3C1FDBAF9BEFA6FF758FB27FF24FAD0
:1086B000F9F85212940092107BFEE20F09FBF3FED0
:1086C0004D2C072ED4FBC0F2F4081304A5F051F88A
:1086D00017285FFFA90409F6481BC61270F0A5F918
:1086E000CBF4790986FEBA02E00C09105F0176F43A
:1086F0004E05130F690EB9061D17AD1D7FFC6205EF
:10870000610B7D024A1155096E13B9129DF992F35E
:1087100051005407C4FC5B006107CA056CFD6DFD88
:10872000AD0A7AF62E088006DFF9BD085AFD570219
:10873000CDF83404E8F620FB750177F61CFD8A06B7
:10874000D70466FA05FB40063FF699F529F8350986
:1087500085015CFAA8FF31F88FFAEA0C53040E0C7D
:10876000C4F07A0923F76501D90186FEDAF705FB23
:108770006A0F4F01120C1D05E109BDFA06F52F0B1A
:1087800055F0B5FB8BF96FF0B0EEC1FE9DFE3CF7E6
:10879000AF10FC0D19EDA5F343FF81E136FD5CF64A
:1087A000FD030C0A8EFAEAF531FC7A033CFB6DF00E
:1087B0005909F1F64AF00AEDAF07450313FF92039A
:1087C000A1D609DEC1FF48FAA5F9CEF91C0632058B
:1087D00062E6E8F6E7FBC3F445030C105B12110CEC
:1087E0001BFA5AF8D2E5BEF0A3FB0F104F03ABFF04
:1087F000CE044C0EDAF69DF37D0C2B12A5FD12F67D
:10880000631AF10A430761F87F059CEFADF7FD0499
:108810005EF917062D01DB0308F106FA5A06CDF8BA
:108820007B0427FA2D054DFF90F679F932049D0758
:10883000C704F2F9F4FA160B20FEA7FE0B098E0806
:10884000BEFEBA0E50FF89FCFEFF2DF7AC141009D6
:10885000C108E714D2FDAAF387F9D4F6C30A1905B3
:10886000CE1E351696F760F843007100A0F778E247
:108870008B0E3005FEFFF2FF76FE8301E8F3C3F8AE
:10888000720F21018EFAB8F2C803FF01A0F698E832
:10889000B9FC35E0D1FC2A0499FB780348ED52EC91
:1088A000FFE8A6EDB601E1041C0D0E04DDF92EF57E
:1088B0008CF021FADB10E2103509C5084BEB67F0AC
:1088C00064FE0209F00350064AFB4C0CD3F709067C
:1088D0001B177F143508AC0077029E10F2F7940343
:1088E0005F18EA0C681750092D1882FF5C027E069B
:1088F000BAFE60FDE30049FB96129D00EB0346F9CA
:108900002905C8F776FA28FE6F024305DE00ADFCA4
:10891000ACF609012503E50822FBDD01580A20FF1A
:10892000A801A3116701F407B70193F6FFF4BFFB99
:1089300074122D09D0F2B4FC91045EF585041B0677
:10894000C9254D155D013D04CBFF20040BF3D10774
:1089500090042C06FA0318012BF1C3069E015B0755
:10896000CE07C5FC1E007002F20507F4AAFD6900DF
:108970009FEE37E39DFB14FF30FD6CFBEDFE84FDA5
:1089800027ECB8E880069D0C5AFD720869F59CF347
:10899000FDF71FFABE029800C6FA9BF94CF73EEFAE
:1089A0007D066FF8950D98FE740E0B16AFE95A0010
:1089B0005D08DD0D4204D1FFC80E0B1486020508C8
:1089C000B0101B011004E50FAC1FF7099D04E9FB73
:1089D0008DFA4503EEFD92F67C22AE027109570234
:1089E000E1070203C6FC52F84FFAD401EEF834FC5A
:1089F0006201A612380D5F0228FC60EF780BB30904
:108A000056072316D2083C07B9F2DEFF6FF033F2A7
:108A10003F1B60090C05B4FE42F0170398FCB50437
:108A200039094A121BFE640594F4D3F26405E0F69A
:108A300011FF0407860528085EF87601FE00110B79
:108A4000560B080481FA1E0A91001E00A9FFBD0EF4
:108A5000DEEDDCF4F80628FA5FFC7E0DAC05520C66
:108A600018F84EF7150CA801D90978073210D20072
:108A700094FAD60E090AC00D87EDAC013C06CCFB7A
:108A8000F3FDB507191141F3D30C48FED5003FEEB5
:108A90000DFAF008BBFF05FD2609341307F162F259
:108AA000FFEA0BF27AF98A02691F0219CFF5B809B9
:108AB0002EE6F7033A02CB03CF0375F8D10F470236
:108AC000AF09F00C98F66A047D08C2F91E01360E53
:108AD000490CA10CBF0DB401E0EDEFE1530AE70B27
:108AE0008AFF4706D11179003DE95FF508F85BE898
:108AF000E4FEF80B6807480A78E5EEEAB508D60602
:108B000015145004A2069606B9FE98F4CDFC77F130
:108B1000CE04D905240650FE5D0962058AFCF203E5
:108B200049F844F4F30930081D05320440085C0993
:108B300002EF64F25B0BCCFAC408D60F910552F633
:108B4000CAF56F04AE00FE0707F74AEABE03CEFC83
:108B5000A4070C19090AC210BBF2FEF61EFCCFFDD9
:108B6000A20E550BD80390FDA3F659FE5703CCED8A
:108B7000F5FF27FA7F00CBFF3CFF5CF7B8FA3CFE1D
:108B8000EBF8ECF3E603040811010514FD09B0123B
:108B90001F0104F65AF90F02B1FE7905E5059905A2
:108BA000DCED15027D06400224FB4902FAFADD08DD
:108BB00006053011BC09E1F637F680FB5201B6FF1D
:108BC0004A07A90E13FAB40BFDE5ABECA70198F325
:108BD0007C049F0A9B07600A8BFB30F690FE6606BA
:108BE0007B119415A003F4FD87FB97FC87086304B1
:108BF0007E11380A54F62C070104AB0FD0FB310468
:108C0000E2FB25F9D200BD03850D8610B30445FCB7
:108C1000D1F51DF7F303D2FBC9FF49008000B8FD71
:108C20001CFCD7091B026C04A2E737E32AF7DD0816
:108C30003A04910EEFF58B0098EFB4ED6CFE7000E6
:108C40003D05B2FF56FB77F3B6FF3DF55AFF6501D0
:108C50002E0613FA64F29CF903F4B302F50028FA25
:108C600025F17FEF3401400612FACA099CF15D003C
:108C7000E80488E9CB031B00C60D080993FCEDF955
:108C8000F9FEBB08DEFB14F75A01CDE8D5094D0605
:108C900078F282F7D70326FF9DEDE6F95702E9FF48
:108CA00074FE34FCF4F9D2FDEDF0BCFBB8064B03C6
:108CB0001D07D7FC5604310F3DF83F08BD0A500C84
:108CC000C6F91007730C82026008EBFB4E038A01A1
:108CD000DB094CFD0CF8CE07940AB01182091E0680
:108CE00023FF21F17A043CFF470EA5F6850A99FF80
:108CF000E5EB5AFC7100D5FFDCF23AEC810543024A
:108D0000E302E6FCDDF381FC6DE44FDE4706BF06BF
:108D10007700D7FF91FEA8FC55F2C3E7BDFE5F01C7
:108D20000D0045099803F6F6F6F558F58905E709AB
:108D30009FFAA4F370FC41E422F168F38B030DFA6F
:108D4000C9F961FF5AF487FBD606F709D4FBD3F0C3
:108D5000C2F5B5031E0B7301E00739F320F62A05AF
:108D60000F06340A78F6FC0075FD18FE850F7606AE
:108D7000BB03C6FEACFF11109EF57CF4E40138097C
:108D8000A202F803B80673029CF9CFFB0208630243
:108D9000B9EDBAFBDF074106EFFFDD0C1D05F7FE5D
:108DA000FD04F9FDA510900B8A01B808160EDD0D23
:108DB000C7FF1F0731070AFF4007B00DD80320FC8B
:108DC00081FFD0F48BFF0AF25A00590276FBD8FEDD
:108DD000C6E20DFAE3F02AF9E603490057FB0DF766
:108DE000D9F9121026FBB8EF82F23DEDA7046BFA19
:108DF00078FA1EFE7BEA5AFBB6F4AAF426094D0661
:108E0000C8F50BFE6EF00CF88EF7D7ECB50BAFFE85
:108E1000190321F1FCEF6DF036E860F00A0AECF777
:108E20003CF66BEAF1F35EF3400862FC94EFAAF3C0
:108E3000DEF655F51BFEDC02D6F314FB7901F00DCE
:108E4000E002B0FB46F60B023BF256FF940A4700E5
:108E50007DFEFE00DEECB700D1EBA5EC8D005209E3
:108E6000DA073B051BF1280A00F4DAF1070028FCB9
:108E700082F30EF4E70E000324FFEFFC200D460DF5
:108E800054F9A307F9069D007D05600A2A083C0FE6
:108E900003054101FBF240F7C801DA0968FA8C03C7
:108EA000B9070FE3100C480EAB10D108A9FACDFB9F
:108EB0005BDCD8F70004AA01D5FBD802EB097901E5
:108EC0000A03DAFCC1F586FD660477F2C2014C178D
:108ED00055027502B3F609027C09D40FF60669073C
:108EE0008FF2920558FA38F60DF41EF33F05D0FDC7
:108EF00095FF58F74DECC5F179FA12F12F01B6083C
:108F0000F2E1C0E97EF63BF68A05F90E8CE739F20C
:108F100082F16FFFA805DAF05A0200FD9CF83B02CF
:108F200050006A061AFE19F887F8DFF1BD0165FDE9
:108F3000C4075A04EFF10BE33BE6D8FBA70139065F
:108F400044F8A1F3A8FFF402AAEB33F1280C1309AB
:108F50003EEDD7F98003BC065E0123073E0627F9E4
:108F6000F9029EFBEC0838FD95FE8F05F1FC95009B
:108F700009FF9707FD0B410FF5FDBC0A96FAD7E9EB
:108F80008C0AA0E50B128E11AB09FB0E40E56AF4CA
:108F9000BCDC3705B80B3B0AA6008E079902F11717
:108FA000A401840576F53D0960096D0D80057114F5
:108FB0004DF9C9068F0BE0F688095607FD096707CA
:108FC000CBF9780A7E0AB4F8190790FC02FB38FF47
:108FD0007AF6E1E7D3F7810455F523FEB5F851F6AB
:108FE000B6FE85FCC7ED30E56BFB57F6BEE87D06A7
:108FF00078F21B0D59F40BFCC1FA11FF38FC9312E7
:10900000C308BF066602AE013AFCD2F4A1040A0509
:109010003F12BB0599F7BEF15DEF4CFA0F00F50862
:109020003F09DF099E0B160A04EB49E5321266F58B
:1090300019097804BB09A80846FDACFF64F933F7A9
:10904000A9F93003A4073F0303FAABF792FC1CEE27
:109050002E10AB05E20B190D5C07BF06B6FD2BF712
:1090600052EE7BEB6B021B0C000C1A121AE72DF967
:109070008CE589FEC61177FA98083108350A7F1405
:1090800088FC82FB2F071E074C0AD30606051C0B23
:10909000850BF9047509D0FFA3FA16FAEE0E0D0C34
:1090A000F7F31B07AEFB2A0566FCD7F645FE65F80D
:1090B0000100EAFB09F05AFEA8F9DAF711F5B8EF5A
:1090C000CC0588FDD1F26DEA890233F3E0F268FB4A
:1090D000E3EA04FBD1F99EFA6604890291FB580287
:1090E000A2039EFA77FCE9FC17FD57F223FCAC05BE
:1090F00017074402D6EF91E808FCD4F865F9D609C1
:1091000067FF2A135EFE60048FF211E8D20429F58E
:109110000B0A221531022A1527F1A4F53BEDD6F5ED
:10912000B4FE46FC3F026A0E56F58AFCADF9D3EF59
:10913000F104F3047DFEDF047403C801DCF159F18E
:10914000ACF648FE9F0B68FC19F9ED096A058E091B
:1091500095018DFDA900AD0D360B6F0658F80E0C6C
:109160009D0A3715D208D604C6057F058406760603
:109170006D15080ADB04EFF6CF0139FDF00FD103BE
:1091800099F490F8FEFCF2F984076BF415063FFCA5
:10919000E6FF3803B8FC77092DF439EB95F8C8FAE7
:1091A000D5FDF0FBDA04F5FE770394015FE8E7F6FE
:1091B00023F97BFD31F763F7210E1DF610F95BFFF4
:1091C000B7FE7F00B600D80AE00726F587F986FECD
:1091D00002041310D7028BF80A070DFEB4F7AFF0A4
:1091E000A9FE0AF6DBF3B3F33CFF83EF60FAFCF66B
:1091F000C3FC8F0B43FA2C09EDFC13F65CF661EB14
:10920000A806DF046B06F5FDE1F367F838E6E2F93E
:10921000DA0D9EF4F5103BFC42F7F7FD5AFE2008EC
:10922000DEF704F9FFFC2D117E078B0E2B073508A6
:10923000F0FD12002F17071234080BFF90086C0284
:109240004D12B2187700B405E10DA3EFAD047F17FE
:10925000061490106CFA18F4570526FDF8092C0531
:10926000DBFE74F8B0FCA20BF500AF06DA07520083
:1092700057FFE0FE7C11251301F781E85EFFC6056C
:10928000F4EF77FE340295F3B6001D1218FBD6DF1B
:10929000A0F20A049EE7E6FA7E08280F90F408F68A
:1092A000A409D7FEDB08BA0C6A0044FA89099B08B6
:1092B000A5FED414BD04B8F932FA43025BFD69F28D
:1092C000C005DD08B7E352ED53EBC2F0230089F986
:1092D0003D0583F91CF1C0F18B05E1F364F8C8F397
:1092E000A001ECFE4BF7CF064D014CF3BDF4C9F1E4
:1092F00006F67BF06C03E1154FEF39FFB6FB650D09
:10930000D9E3B9FE9C0D920E0A065E06BAFFE1058E
:109310007000D317CF000E0A6E172504DAF9C90BB7
:10932000CF0A350FD6FF77F807FD0CEDB00B2F0EE7
:109330001F0A250943000702A7F6E9FE430B10FAAE
:109340000BF374FCFCFFCB0558F7FDFCF70024FD84
:109350002CF15AFA380A85159A0182FDBAF811FBE8
:1093600086F0750629135BEEBDFF1F1550FC45E224
:1093700074E33EFA50EAD2F70A04EDFABCF078F44E
:1093800036FE17F7C6FD830A75FAAEF30301FC0A31
:10939000BF03771380FF14F668F5690647003FF9AD
:1093A0003208EFF405EA01E1DBF661F881F7B2F982
:1093B0006013E603B5E689FA6801120086F2BDFE85
:1093C0005F0290F52FF6CDED20F896EC8AF13CF691
:1093D00032F7A2E2B2F9180313FD91F795FF4104A9
:1093E0001FF00EF221FF1405F8FE79FD4E11FFFF6C
:1093F000EB146E0D4D039705110C45064103DB0080
:109400005009860B80FC60FB01FB0AF581F7AA0579
:10941000210DBFFA62FD2C0042011300E2FF0EF5A0
:109420005FFBF6FF920E470F2E05A40D83F3B5F1F7
:1094300095039A07E50E9602F7006AFBC9F515FA3F
:1094400095055007B0008DFDC9F734F15CEE8EEF45
:1094500092FA4601EBEAFDED800547FFB9F686FC7E
:10946000EFFF790262FBC80A34FC80F7B30169059B
:109470000EFF8A19030F89F398F84A1CEB01C0F418
:109480003307D0ED66F2E9F3800F2D0C06EE9F0155
:10949000890182055AF49DE55D0C36FC3CF609F421
:1094A000D9FD1FEBEFED50E23B072BF45DF34DE3ED
:1094B00019E0D8EACBEA4BE25702B1EC17F43000DE
:1094C00074EC001222E646E39CFB1E094BF300F805
:1094D000581D930F96F818F7A30A110547FE2E0B97
:1094E000B011FD0F1604DC0145061CFD71FAF8FCF5
:1094F0002C0AC6FF0CFBB3FD0AFE4EFA0FF2FDFC70
:10950000D404EAF65006C10B890A7704A5F9D0F80D
:10951000E5016D02D6FC8CFA7E0273FF04E82CEFA5
:10952000A20CF608F704C4FD7601430353DAB9F53B
:109530001A01B5FF8906ADF269FE5A0414FF66FAF6
:1095400002FFED0F44074FF9BE04C0FACC0331000F
:1095500062F36508160138FF1805AF17260DA3FA48
:10956000CFF97CF51DFAF501C7101CF884FC1D0C21
:1095700091FD40FC82EC8CDAF402CDF997F148F3CE
:1095800058F983FD44DDFBECC70AC2022CF01CEF46
:1095900040E2DDED63E3A2EC54057B02ECF032DF48
:1095A000D1031F1126DD67DDE6022CF9BAEC5FF569
:1095B000A91D1103EEE6FFF82DFDEB0927F5C50205
:1095C000C103990088F97BFD3003F30860FD29F49D
:1095D000C909C4F8CF0C870CE6FA6007BBF06AFE35
:1095E00077FA21F3BB0BEF08E00E8BFA22F549F571
:1095F0002EF1A6FFD3F88403E608F8103EF8FDE04C
:10960000140639F914FBF1051610C814C6E0A903B5
:109610009AF617FC0EF608033A08A1F059FA38F941
:1096200094004F0A26FD17FEE3FFC000A104810449
:1096300013F9B4F133FEBC1251013607A2F752FF01
:10964000AEE805F1F90EF2FD4E178603D1051207BB
:10965000EDE2D6F2FEF713F094FC72FF6AFF5503B9
:10966000CCE7C6DF02F3FEEADD0C240C2DF89AF4F9
:109670002AE7D7FB25EC79F65107C7095AF1BDED6A
:10968000811E600E06EAA6F024FAADFC0CDB06EEA5
:10969000FC13380001F868F131025810730846FCD9
:1096A000790045FE1DFCE6F74C08480050F8EC0533
:1096B000BFFD9DF268FC5704B7FF8509F1F2EDF399
:1096C000B5EA24F3CC06D80D5212800E2AF517FE07
:1096D000CAF200F26A0504059512F20E9AF0EEF055
:1096E000A6FD380185FCB7011007832296FFFB0019
:1096F000D3F91DF8CAF1C8FC5F0015FEFEF95FFD45
:1097000059FB48FC82F6EAFBA2FA71048201350596
:10971000F1051FEA6602D30B15FD3BFEE7FDD402FF
:1097200072E7D7EBFE1764053009A7FCC0036D0A8A
:10973000A0E50AD5F90637F85A073B06E30B1CF9F2
:10974000D0E60DE1BBFAF1F663FBEA0C1805FBF37A
:10975000F7FC6C0940F01AFADE07A30B650155F01F
:10976000F110FA0161F0DDF4E6000F0492FC120240
:109770005F112E04B001A1F41B0156F6860733FADF
:109780001BF5F9FA1C050AFDB9F1B008150547F7F4
:1097900068F886F76B05F608350BBA0494F490F375
:1097A0008BF32101920931119612E50455F6DAF591
:1097B00013FFA9FA49FC0F048505DB08B7088CFCE8
:1097C0000EFCEFF136F960021903590601F066FF4D
:1097D00078F6C6FB8FEA5F01DDF88A05FDEFD80455
:1097E000BFF7040A4DF991095503F6FE680867FCB6
:1097F00095FB8CE1D5FAAF0C3AF30C0151FB430514
:109800001CE323EA6B229B0675148EF0850EDBFDAC
:1098100027E89ADEC904160635ECD2F97C06110D4C
:1098200092E467E67A007CF7CF0063FC100801FC45
:1098300014FA9EF27A07C8054CFE8EFB33FE1AF529
:109840000F03CE084F006BFF8CFAF60831F62CFAA6
:10985000CD09D9FD05F849F6D2FA87FAA601F8FE36
:109860009601A7F3FE056208E6082C097DFD5CF968
:109870000BEE85016D003101D6F9060C73F265F02F
:109880002AED6601940EB6FC6A0E0CF51FFC1CF85E
:109890002E04F7EB9CF9D802BC01CD02BFFD980461
:1098A000FEFB190050FD4FF1A0FF0904BEED90062C
:1098B0008EF1F602C5004AFDD904F80820F96309C3
:1098C000AA073B036E08ECF9D4017104A1F6B303B7
:1098D000D2045BEE88066117B80BA10D92F957F21E
:1098E0008CF1D0F12E05770FD2082AFAFAFE530533
:1098F00020F22EF4A0173B099AFD24FE2A106602DE
:10990000B3E832EC5906C30C34F021F579080E05A2
:10991000CFF5EB02BF066F09FF0152F7CD0255FCF0
:10992000060E71094302A4070E017F08FFF292FFA1
:10993000A706D8FC73FD2A04BDFD41026A0766092B
:109940007508B2EFA4FB7A089806AA02DDF7AFF219
:10995000B2FCA40732FBF5FE7407B2FB9AF4B5F132
:1099600020FB510F28017F023500D8FEA401070813
:10997000AAFC80EB38095508C403720E19FF8E0744
:1099800032FFA206140386F98B09FEFEB707CCFB53
:10999000E0F0BFFDEBF6C404DA0B78F92BEF55F8D5
:1099A0007AFFCBF9E103000650F72D0A06FCC1024D
:1099B000EA04D806C606F1102608F8112302CF08DB
:1099C0003704A2F0030BE409A0020D00E80D7F119B
:1099D00083EDE5E76CFE821504FEDEF61B0ADA165F
:1099E0002FE4AEF3C20CB10BB304A70D24002EF18B
:1099F000D1EAC0068A116F0319FF6D043DFEF8F22B
:109A00009506DD0FF2F662F775F8AAF754F1E5F264
:109A10005B0AAB0E8E0172FDFF0049FFCAFC15F90F
:109A20001E100AFDBDF2A5F32307D3F4E50370FE73
:109A30005709810D6C02AEF64C09D900A0FCCCF39D
:109A4000C901F4FD6404C30EB1FCF4F494FDB50245
:109A5000D4FBE6F67B127208CC09E4062301180356
:109A6000780CF905AC078BFDDEFC24F126F1FFF73D
:109A70004BFE0F0666027AFD28033C02620370FB70
:109A80000FFD27FF5DFDF5F933FA710791F5080326
:109A900092F2F101861060FEB1070DFD1EFF0A046F
:109AA0005003D3F37B10DF0528FBF8F5AD0D34121E
:109AB000B0EEAADCFD092F162AF7001414F994075A
:109AC000ABDE24EEDC18BD103DFCA10B8300380B8F
:109AD0006FEBC4077E07D20716155C0C02FF8301EB
:109AE00046058FFCED066707EB02810ABAF0EAFF34
:109AF000CB09DB16FEFDA30009F966059C0E3005B7
:109B0000C40E81164D0236062B069C0C980511FDDD
:109B10007C0796FAEAFF3709C80AD9FCE5FC5E0023
:109B2000E7E766FD9214B114BE0B1C03D009EAFBF3
:109B3000E1F956FDA90BB7195A16E8131FF6ECFD0B
:109B400011FB0800BA0AA6F3960427FAE9FD5904A6
:109B50001E09B00277F2500103FB3D022F05A0FE63
:109B60000C013CFF82FA170A88FDAFFA9AFC8501C6
:109B70007001C901B603D8FFEC0946066BFA48FB31
:109B8000260B27F0150D2B0805028FF4B40E030DDC
:109B9000A5F293F6AEFD1E0651027E0A1117AB1810
:109BA0004FF615F6C8058B11F7046BFE9D02E125F3
:109BB000CAEAD6E741114C0F3DFFC1FC551FE61222
:109BC000AEF67201030FB50D6702ABE885038D0297
:109BD000ACFF60FFF30BD804D7F7CB0332268A1310
:109BE00006FD21FB7516E40633006A0A8C0F011A84
:109BF00077FF8308160EA1094604C9FAED131D0963
:109C00005DF268F79B05E7010F01A4F1ED09CF0DA7
:109C100085F28401D9F84602FCF06808F6057E0159
:109C2000F20D92FA9306E505C6027DFE3EFB630443
:109C30005EFECAFFE2F6E903B80052FCD6FA4A0813
:109C4000870A0D03D6FD1502040830F968F743FAB8
:109C50002EFC50094EFF68043108AAFD4A080D0881
:109C6000BEFDF40733F6A8FE890985FC0FF86CFEEB
:109C7000F3FEA3035F01A2FE12FAF5FEFB049C07AC
:109C80000DFF9815C604CD04B1FAFBF42D12F109AD
:109C9000F6FA15EC5005BA07EBF54CFB780FB1035B
:109CA0006204A70095FE4A0254F945020C04BFFE67
:109CB00049EC99EB1B047C131701100F480DDF12C0
:109CC00001F5360FE10C29F91A0C3CF02716D31ACE
:109CD000C80EDB032B00E01049FB99F6E420891045
:109CE000D50A76FEB7FE16EDCE000EFE8614A0094C
:109CF000BB11D6016DF3D2FB14F92E02930A630651
:109D00007C000007C4052DF98AF9440709FAD1FA45
:109D1000EEF8DB07440AAE00860A66FEB4F90AFED6
:109D200052FB700A4C08FCF747FC2F07ECFB0A09B2
:109D3000C304D301FDFA0E027D094309960808F712
:109D40009EFE28F752FAE50511FE6FFB94FC85088C
:109D50007DFCE0FF4B039806C50103FE5401530947
:109D600022FBFEF5C3F639051104CEFC780421FC74
:109D7000D605770AD6069BFB71FF17F7E209B4F701
:109D8000DAFD930810F9480C29070806D9FF2108C5
:109D9000FD011107F2F94EFEFBF9EFFB54FBDBFC72
:109DA00053F64F00EA03A302F90537F697FF30FC9C
:109DB000AF090503D9054C0A03FB19F849F94DF819
:109DC000B106C0F6D30185F93001B4F6FBFCBE0440
:109DD000F7F81503F8F656FABBFA7BFEFE052E06D9
:109DE0002903DF09F504F7FB8CFD1406E9F950F9A6
:109DF000E8006C0AFDF96B056A070200F7094DF9E6
:109E0000280921FCC1F579F50DF7DD09C5FA17FA26
:109E10005B0824FD0F09C807ECF96EFFDA0787FB22
:109E20004808B00133FAAA05290225FA6203C600E0
:109E3000A70475018EFAE7FBD1FC2CFE10FC13FE83
:109E400052FD521477FD34FE97F15D0220FF37FF7B
:109E500070FF32059E073CF82101450A3B0A311B81
:109E6000AD16650AE5FCA0F72F0023FB4D180B1873
:109E70000BF6FFFF280FC3030FF727FDE410050BB8
:109E80001B08BD118BFA6DF291FAF0FC5B046B09B3
:109E9000A0089B10DAED8DFF72FFA3F4830B760F01
:109EA000C80E750EE0035807E0F64EF7BB145A0AC9
:109EB000A7FE800ADDFD21F7DFFEB6F531087C0143
:109EC000790272FF3BFBF209C3FD6FFCC1F986F713
:109ED000730454030305C4F7E7F9F60566FC5C0553
:109EE000700123071FFA6E09050143087C0313075D
:109EF000AFF6230A6EFEE0F7B3FA9EF338031712AB
:109F0000C50409064BFB41FDC8F59DFB7A104E0DBB
:109F1000620FDF113C03B5F621FBF2027F02EA0E6D
:109F20006D06DC0B83F483EC97F35FF1A20FBE01A7
:109F3000F214542051FB31075DF0CCF00309DD042D
:109F40002F03D3F2DDFDB5020FF44D01F80D82FEB3
:109F50003A0962F7A2108F106FF417F4E1028D082E
:109F600017007300BB14F51813FFD2F9371B520802
:109F700066F4BD01B90409FD940211FBB70861FE46
:109F8000B80C800C7CFFEFFCD5F147FA87FE03028A
:109F9000E3101F0E03FB39FFE1F06BFA0110AD0D6A
:109FA0009F098C024AFCF6FD4DFE2C0176F4E00080
:109FB0001F048EFCDEF960FFCB031CF7480668FB2C
:109FC00057F73AFC75F6E8FB4CFD8F02BB00090918
:109FD000A4FC14020E0859FD8DF8660136ED1D1122
:109FE0007DFAA604A3EF0E0541F239F8FF0AF4FE4C
:109FF000100D070542F9220CD2FF09FD2305BE060C
:10A00000FB1BB40C68FAF3F5A106CCF71D0C140188
:10A010007316081615F57DFB6EEA6BF3DA058A02F6
:10A0200001FE6C0F2C0BE6025BEA18F0F1F2A5FFC3
:10A030009B04780DAF06350DAE00F7FB430A040A0A
:10A04000100803FEC00AD002C3F8DD07A70A7BFF91
:10A0500077FF17003BFDC6F9EC12B30157077EFBF3
:10A060001EFB00027CF5FEEB2F098FEF5BFB9509D1
:10A07000CDFE790723F7BDFB65F9E0E84D052DFC22
:10A080008C089EF41DFAA902BEFB27087CFC01097E
:10A0900012FF0503840029017E07590134F4B1FC45
:10A0A00016032704BFF8200ADBFE960333013F04A2
:10A0B00090FAEEEC3408331170F16F0513F201FEE3
:10A0C000A8FE2C0C380F220863FC75EA1407CBF1AC
:10A0D000BC10C70D5C05DEF631F0BE061CEC4EF47C
:10A0E000C00024138AF55AF7D9FB0D0A49FCF6F78C
:10A0F0002F13880AF3F2C80CC2FD70FEF2E75EFF70
:10A10000F50123F10B14F91223F7AA0654EF37F5E2
:10A11000A3FD9CFC6317B80A0E0088FEF3FFB8F994
:10A12000D604FA0DE7F7390112FAA3EC760DEF0524
:10A130006800F50292FAFD0533FAE2F2780674FB44
:10A1400012FBC702E509C9F97AF873FBB70B631272
:10A150000501A8ED3FF1FFF538037DF75B0E3C0BE1
:10A160000AF356ED53DE6FF50808570FA405B41532
:10A170002103851108F3ADFE012191123C11100A53
:10A18000E0053F02CC08E3FDDFF930FDB402AD0489
:10A19000E6F58FFEF213CBF720FC76FFA3F7A9F1CB
:10A1A0003BFA43FD51051D1439FCECEF3C00C0F5B2
:10A1B00022030500C5028DF620F9E6FBA109E0FDAA
:10A1C00010FFFD0E8AF976FC9509E401E701E10034
:10A1D000BFFF22F135059BF3B90ED613C6EE8CFCFA
:10A1E000F8FC77F8A4F576069B10440D29F5D30A00
:10A1F000C7FECBFF5DFFCCFE8A08B4FFCA09FF0291
:10A20000C40E2712F7FBFBF752F6D1EB3FFF7D0D93
:10A21000CA004703D907F1F847ECD5F41501AF029E
:10A220009C0C70FB3DF849FEC3FC3EF42802A3F7EA
:10A2300098FDA4FCBDFD87F7AF0164F72FFE60FE1B
:10A240006BEFEA0445F1E1EC12FD230586FF1F16D2
:10A250004615DA0B5DF953FA7307340FDA0D5D0C0E
:10A26000AE06190CAAF782F80E018708CD05150570
:10A27000F7F5D40125F250075EFDE505AD15B7F001
:10A2800064FB45F978052700D8F5B5FF22048C104A
:10A29000BB06E00C7DFC8FEA0BF21EF7A80C60FCFD
:10A2A0006CFF9E01AAEC95F611F022FD650B6BFD8B
:10A2B00000FBA2F2D80A9CFD84FF08090200940C5E
:10A2C00026FBFFF901FD2A004C0688FB2D042C0F0C
:10A2D000F7F8FB0048020904350550FDAE025205AF
:10A2E000F1F5E703F70D2DFFD7F5B5F32B037D054A
:10A2F00047FD3600170CD2F5F2FAF80C7103DFFFB8
:10A3000018EC81FB2703B808BC0A4B03CBF82F03DA
:10A31000C4FEA7F2AFE776EA450E990A1F089E022F
:10A320006FF1EB08CEE6DCF7C214DC12EA0F990DF0
:10A330004FE56FFB41F69CFA4317B5011E0822FC5E
:10A34000CAF9150E46FEB9FA63FA68FAE8FFBD03CA
:10A3500064F32D0072029A0BB9FCF5FE28096D001A
:10A36000410FD305B208D0FC3AF753029803AB0370
:10A3700000070704BBF467FFBEF870FA4DFCD40C6D
:10A3800008F69FFCA1F9ADFFB0F21DFB0501FDFE33
:10A3900018FDED069EF92AF46B07AB0BA50749F5EE
:10A3A000F1F852F924032607BE0A56FE38FE2903A7
:10A3B0000BF051023C07C30D1F06D0017906F804CB
:10A3C000E9F1E9FF91138D06790FB4012502BEFB77
:10A3D000D9FFC0FD3B0505134109D00BBAF865F95B
:10A3E0009AFAFFFD3804D1FCDD1CF619FF051E01A9
:10A3F00099FBFDF5FEF413DF90FF3D0A9803CDF8BD
:10A400008BFCD106C2FA1605641CE3101F044B0333
:10A4100037F43AF9B5F650FF601366FECAFA510CEC
:10A420003E04260F6EFA88F641071A03C204590348
:10A43000BB021404C0F8FD0259F173012C06D20BC3
:10A440003A1205053AFC5804BEF72BF8E2096D08EC
:10A450007AFD40F5EFF7D1F5DC04C0FD4A063BFE7E
:10A46000D7FF44027509F6094CEF8BF058003FFC0A
:10A470001EFD84FEEDFBEBFF71FDE9FE5500ECF9DE
:10A480007D01FDFB4BF507F40601AEF836FD7006C5
:10A49000DCF67EFA97FBFC0B2AFD030A5DFBD10379
:10A4A0006C00EAFD1B02990DFCFD440C72FA3601AA
:10A4B00064FE2A00D90B8F0A7E13CF13B502EBEE90
:10A4C000A40697FF3B048DF2AD1815064B0632012A
:10A4D000F5F2D4022BF40AE5AA00240FDC062DFFC6
:10A4E00040F778F4E9E52FF55C147206D6F6F9F634
:10A4F0007CF75DF9D30106FB12115EF5EC09080744
:10A50000110A300208FCF2F9B100AE06A60F72097A
:10A5100035FDAC0706FE33F92AF963F30E09A2FDF7
:10A52000A308AA01860869EDAC069B06530B1EFA28
:10A53000D9FAFFF8EEFBA8FE88FDF8F119090E0F15
:10A54000D4FFC601A60853FD52F30DEA3EFE56099C
:10A55000F5FB460B030BC0F61702D00D4108F808B7
:10A56000D0FDE80BDAF772FB6BF10A021D0537F438
:10A5700013FCDFFF4E069E16FAFD3FF10AFD77E958
:10A5800009F87DF4670E630EA7FBBDFDA3EF1B0565
:10A590003BF59AFF451364045F0BF8FC08FF75FB5D
:10A5A00047FA400983F090F2FEFA1A007B082F0B5D
:10A5B000FE08A0124FF7EDF5AEF730E366F7210A7B
:10A5C00011F6EAF252F408FC61FCD1068C06BF0ACF
:10A5D00024E592F329F9260132041E08FD085202EF
:10A5E000C2FFFE079901CCFF1DFA61F6CB082208D5
:10A5F0004D084F11DBF7BD07380519F28303050439
:10A60000A10771F5EDFE59F4AB103E0150172E0372
:10A6100014EE5AF6F9EE24EF170888F24A0AA10C54
:10A62000AFFCE201BBFC34051EEFB7F6C40AA5027D
:10A63000200525FE0BFDA8042908560C460A090230
:10A6400028038407FBF70DFB2B0125EE2AFE7D0571
:10A6500071068FFC3F082A0780DED6E450FE7CF3AB
:10A6600027FC1700F41669163EE433E763F79009F8
:10A67000C8FE21F2850568FEA1F576ED360BB8041B
:10A680008B08B4FBD901CFF671E7D3F0820F9206A5
:10A69000FE120A1125FCE8F1E9E4D6E03001D5000C
:10A6A000D0FB06D881FCA6FA2CF30502A300B2F772
:10A6B000C3F791EFC1F35D0A4E12C10765F67CFA4C
:10A6C000F7FA530C3002F602BFFCADF99003C61640
:10A6D000ECFEEDFA91F6720683F8C8FFCC0772041F
:10A6E00076F2A2F8260147F7A20D17056B0C1D069E
:10A6F0004DF5C9FC6EFAB4F0F5F897F33E13AE09C8
:10A70000DBF0D4F981F65C00D3F7A2FA0C08470716
:10A710008804F9093212D20306FF0204B200DE01F6
:10A72000BC050806570571F545F94BE8A508150065
:10A730007600390328FFB204EEE767EF8CEE54F39E
:10A74000C3F0A4FF490D6818CDE749DFC9007B10AD
:10A75000BB00D4F8580BBCF759EDA7F20E0B0FFD58
:10A76000A4F43AFD11ECD5FD78E6E6F59B0C0F005C
:10A77000D8096D09C8FB96F8FCED74E816004A0587
:10A780000008FCFB11F1A1F706EC73073FF5FDF79C
:10A79000DEF5EE0A38FA80FE35084C012508350949
:10A7A0000606D0009C05A5FB1F079AF7600EDA107D
:10A7B0004CF7C3F54DFD080161FC890B020462FFF3
:10A7C0006CEF06F8C5F813F774024B0CBF0F320F8D
:10A7D00009FAF2F274FAEB04B6088BFBED00D1082B
:10A7E000FAEE680A9DFB9C079AF52BFD6BF4390085
:10A7F0004FF606FDFD0FE4031900F1083405140BB4
:10A800003307FD0134FD32EBF5FDBCFBA20482FAF7
:10A810007BFFB3FCCF085D1816EDBBF456FD3AF391
:10A82000C7FBF9056B08D30858EC31DD35034D043F
:10A83000A804B4019E1289F618E2ADF8E903950E5A
:10A840006EFFEF0599E5ACE895F374F1D4FD2D06A4
:10A850009C0D831081EC27EA4CF920F1AC0DB20677
:10A8600033091FF377F231056AF105088DFA44EBDD
:10A8700015F7700AC5FE9F071A00E10719FD450488
:10A88000D602B809860771FCA4FB93020AFA4A0AA9
:10A89000850A9AFBF3FD3509C70531F61405F7F96A
:10A8A000BBFA1DF1F9FE68F0C513DD094709531322
:10A8B000FFFBFAEB00F9F90A07010D155B07A7F892
:10A8C00065FAEDFBBC07D60499F39701EEF5B6FBEC
:10A8D00042FEF305B8F9DD00D90A7E091EF9C40B62
:10A8E00006FFB7F2840146F63E0DA201C3F627FD2E
:10A8F0002AF24BF25D048704FDF90503EDF94301EB
:10A90000C5F0D1F13004AE045BF062EC62F7E2F91D
:10A910007C024D0E5EFE9EECF4FA43FD00FAB7FB9E
:10A920009006C5035DF0D2EFEEFA08F7130F1D0590
:10A93000380FDE1435DF55E744F84E05510923FC86
:10A94000181383044BF2D00447FCD8FD2DEE70E2BF
:10A950008F0315057B0C10044905AC08D7E9A20349
:10A96000B208F3FD77F26805840CC1F875FA9BFF15
:10A970004EFCD9FF7C097508C1F5810AEF0F9107DC
:10A9800090FAD40D88F27AE9BB0AD50D30089FFD04
:10A9900002FE91F5C0F286F5AB0DCAFE2BF28DFFDB
:10A9A00050FB9AFA62FDB4FA09068E050BFE4EF7CB
:10A9B000540AB90CEDEC7BF2150DD8FE350D460DA1
:10A9C000BC0222FD4AF66904DA04F9073A0A17FEC6
:10A9D0001FF423EE9FFCA606670A6CFCCDFB47F52F
:10A9E00034EF57F3E1055C0807F6A0FFFBF15BFFCE
:10A9F00036EF07FDD90030EEF20077F276FACCFEA2
:10AA0000FF03311AEAF19AEA48F6FFFFAE07570250
:10AA10002D0E3D116CF3ACEECBF9850397FD1714A9
:10AA20001A183B09D502450B381A910E2D058CE0FA
:10AA3000D001AD062709F60A5E15D803B1F76A03FF
:10AA4000A5FD8CF894F49A03780923F6FC0BEE002C
:10AA5000C0FC15044405FDF2EFF3B8FED006B406C1
:10AA600063FFDFFCCBF3D7EB5314AB1AC3EC86F2D6
:10AA7000FDF9C600E9ECE4EA37FFAA0C40FEA604A3
:10AA8000BAF6B108B1F24BF34701DC1067F7DBF718
:10AA9000ABFDEC0012F526F66307A00128FC0B07BE
:10AAA0005EFF5C0A0AF70608DBF5ABF81A069606A5
:10AAB0007A02A3068CFC190004013D006307DFFA4B
:10AAC000D3F113F7150DC20C26FD1DF6EFEDD8F8E6
:10AAD0002F05A30DD2FDD6F2500D050459035BFEE0
:10AAE0000C148709D8F649FB11FDB9F7510D08FD83
:10AAF0009608010316F31D0A1BFDDC12660B651296
:10AB0000C017A21626016BF8C31BA1191BFB1FEB74
:10AB100058FC3A0E5703DA0E8F1B09001DEA1BFC86
:10AB2000D0FEB408360B430BBC07F0EFC9FF33135C
:10AB3000CAFD6C04350DD2F681035A0242F717F6AE
:10AB400061F53E06F402DD029F0226085CF42EF950
:10AB5000960325FC06EB16F5060F440B71FC98EDE9
:10AB60002502630646FB09FCC809760717F2810037
:10AB7000320A9D0324FAEA0181F78EFE4CFFCE01D2
:10AB8000FEFB3E05D2FDF5FC87FF2A03F4FFEAFC3D
:10AB900082093CF75AFDA8F964FFD1F5DF05EDF510
:10ABA0009EFB6507EF0131F717FE6301F0FB7908A3
:10ABB00009FC960334F07EE9E3FD080B3607A1F9A2
:10ABC0007801820239F4AAF10E06761052FA79F968
:10ABD000AF0451086DFF530257049C0A4DF97FF5ED
:10ABE000E90FF80C2C013301680305130DF7C6EBD0
:10ABF000F4FFAEF8BF106F0224295309A5E271EFEC
:10AC00008907F501F00258061F042AEE5BF6FAFBED
:10AC100006F3BBF85BFA78EF8B0D01FE9DF99AFE07
:10AC20001504960939FEAF0DE209351400F383ECE3
:10AC30005501AD01E4F236ED0C0BCB103CEC67F89E
:10AC4000C6124D11BF0125EF94F6C207C3F942FEAB
:10AC50007D04F00689F60A0281085404B5F108055E
:10AC6000D80A600672F5AD03AE04E1FF1D0CDB0CE3
:10AC70001C00F7F3A3F991F87FF764FF19FF0A08A6
:10AC8000C7061100DAF9D4ECE3F50EFFEC06FC0878
:10AC900041065C0908FC24ECE10D87FFD606BE06E0
:10ACA000C00256038BF24CFA0C0B9BFB8B035A052C
:10ACB000290449F8B40BE40AEC03B3054B00C1FFC7
:10ACC0004806D30C3D164914C1FFD8FD4AF80FFBC6
:10ACD00052F91A0E48122DFF8E0715087D08DEFD69
:10ACE000D6FE0700AD0C74016607EFF5FBFE0CFF06
:10ACF000D005E0EE470446F68704650AB0FBF6F29D
:10AD0000490B9D0DEAF86008AA0B891C04EB5DEB6A
:10AD10004BFECA0F69FA7BF04B05DB03E0EF1AEB41
:10AD2000F40CB9132401F0FFBE0497F605F4FBF907
:10AD3000C5070706EF0126FC37F97D094B065A02C5
:10AD4000CB0AF20828FAA504A30235F9750E150EF0
:10AD5000E40696FFFF0330F035F39BE81CFE18F97C
:10AD6000D40D1202CBFEC3042801B50B3C03040A28
:10AD70006C0344003EF9BEFC3E06EF025E0E9F01EE
:10AD800096FD12FA7305FF151116FC08240406F946
:10AD900051FDB2F9B90B9D17A1F20800DC01F9ECE5
:10ADA000E3F22C0282182311CF0E630353E836EF2F
:10ADB0007007DE0F54108F0C04FD260A560084E83D
:10ADC000A608E60D7D0AE6FDF10373F96EFDABFE04
:10ADD000B0F6A0FB3BF753FEA3E7AC163404210604
:10ADE00088FC100324FB3F0A8008BF0367F1C10100
:10ADF000750031FBF801EE0E8C1113F9C3F54CF41C
:10AE0000420B220BDB0499006C0449FEECFD03F3BA
:10AE10001411E30B8602B707F800F801B5F385FCBF
:10AE20007D1C0B0136017C0BDC0136F876FDABF3A3
:10AE300010FCE30A330861F642EB3FF6720163024D
:10AE40006B0A880A52F88BF92700C70A3A09E90504
:10AE50001B08AEF4E702F60262073F070704E80E9C
:10AE600089EF4BF2FF076D114D03AFFCBA0ECFFD1A
:10AE7000C7FDEC001B089AFBCC091BF80FEB15F97A
:10AE800077F269FB840939131A08620E9AFA86E28E
:10AE900006062807E703920FC9142F0721F484F749
:10AEA000E2FC5E05D806B2FF48FDE1FD0709FD0A98
:10AEB00072095104FEF2270A70052C11D2FE4AFDD8
:10AEC000E706A0FCD0F9E5FDB20640028D0072F164
:10AED0006CF111FBCA0A4B052B0171039DFAAAFE06
:10AEE0008C0624001A1221FD6E020502D3F26DF5C4
:10AEF0006F0E6C15D3FB1CFB9D000DFD9C035C01CC
:10AF00007C0EF10EE00A6500DCFFB9F83E0059F94D
:10AF10005D071DFC62FF0FF6F9F066EBABFBABFEC5
:10AF200007F492FC4B0B63FF55FB93021FF8DFF80D
:10AF30000DEE7BED3CF9B8108100D102CEFB04068A
:10AF40002DF694EE0B0A370C30034A07AEF5BFF32B
:10AF5000AB02F7EABEFF5DFADBFA090C9FF62B01A4
:10AF600091E66AEE1BFC6FFDCD0F48121FF79401AE
:10AF7000F90968020003F1FE38086F0426F857F655
:10AF8000470158008209EE028503F6F903F681F2C3
:10AF90003B0C2F0CF6F6A90E1FF89F0EA9F8A5F48E
:10AFA000FCF823F47710E305D816E201CBFE41F359
:10AFB000370084054DFC8403EF0B4AF3FDF760F77F
:10AFC00091091CFFE90188FBD101C202BFF94BF9CD
:10AFD0000110B1031B094C073F06940685F608FDD6
:10AFE0008204A009940BA6FADF019F007D010204F0
:10AFF00080F90A0038071AF86A002AFB43FFAD03FC
:10B00000E1F9D7F9D10037FBD3FA35F830F44BF337
:10B010001CFFA2F8D008E70FC5FA8CFD15F74D010B
:10B020003CECC8EA070E060D7D0A9D0873FA86F708
:10B0300051F435EFA805E309B402BF0CCCF951FD7A
:10B0400029E8E8ED68021610230D4311BA009CF2BE
:10B050008C0D64FD48F132008A0CF40582EA690522
:10B0600028020A009308DEF99AF5C1036306CBF5BE
:10B070004D123D04FD0CB117D901AAF8C3F85AF5D9
:10B08000B6FB90061311701371FEBD05D8FC58F382
:10B09000D2FA18FAF7002601D9FA3AF304F1DAFBEA
:10B0A000D6FCCBFFCB01A70598F660075BFA8101C0
:10B0B000650B0E02F7008EF7430696034FFFEF0273
:10B0C00059099517C3F7DDFFC9FA56F3F70A6B0163
:10B0D000DB0CF703D505CDF2EA037AFD34064AFC12
:10B0E0000500E506CEFA74EDE2FB90060E0B510C5E
:10B0F0001BFDC6F5E1FAB5F9150541FD9BF66EFE9F
:10B100007AEA23F2120BAD0C6CFF42077EF3CCF30C
:10B1100066EE79F846009802A90C7D0A99F53CFA8A
:10B1200087F364F5FEF66501F8135B04E004CA08D2
:10B130003DF7A1FF99F77408EE1667FBD108E10807
:10B14000D6FBB7FAD5043F06CBF67B0429F639FEC9
:10B1500023FB45EDE80989015EFFEFF26C0595FCE4
:10B1600073F087048CFAD1083CFF07F5A5F9BE06F9
:10B17000FDFE4102250CC10D13F74FED0E09070925
:10B180009204A301F2FC5D03D8FE32F65EFD03FBE0
:10B1900009FE6F0C82FD1E06000A2A09DAFB381030
:10B1A000F4100F0DCAFA450707FBA80031FFFE0C8B
:10B1B000AE0C7705FFFC63F77806E4FEE307B70EF5
:10B1C000D8FF0AFBF1F15FF37BFCA6FB1403D2FF6F
:10B1D000F3F4EFF5B8F6A1FE53F5070B210365EB89
:10B1E000A3F30FE8D9F80513ED03EE0949FD6AFD55
:10B1F000A500AEEB0112870264068E01AEFFD1F509
:10B200005EE922EDD30E780CD01368089B05830706
:10B21000CEFC37FC2B0A54050F02B706F2F553F8A3
:10B220007B019909B3092DFC7B056006CFF94A0320
:10B230004CF005FEF906620308075CEE3D0A7E1736
:10B2400057F51EF0FE02650F2EFDE6F9D40F7614B9
:10B25000AAF622ECA20B4C0151EC8DF58E0CF010ED
:10B26000BCEAFEFA7FF6C2F886F7F7E45B0B10162D
:10B270009FF99B04CDF94107BFE928F4850288FEB8
:10B2800049016D089A02E5FEBA081A04A50DE216F6
:10B290007A095C013DF5E8FB8B05B5F2A40C72134D
:10B2A00098033FED4AF5340100EC38045B15BC0C03
:10B2B0000DF418F7C9F163EFD0014B1085FD52076B
:10B2C000FEF22DEA2AEDEA02AF079907BA015C0502
:10B2D00057FB45FD5109B5094D07E2ECE5FA21059B
:10B2E0009FF48604A1F5CA001F04C005D8F080EDC4
:10B2F0006AF9BF00DB0A2B0A5207520AFBF9390A26
:10B30000A303C0F7A109ABF8DC062C0526FEB1FEAD
:10B310000EFB8FFCD5022F074500A502FE0DB10ADA
:10B32000EBFA76E260115A0B13F95C00FD0A240374
:10B330006BFC84F0D80606089AF698F5871B171E52
:10B34000B9ED36F3AC137D02E8FC66EDB00BA11845
:10B350006BFEB404950CCC00EEFBBCFFB914C70225
:10B3600008FA8CEF410AF8007DFA1BFE2D10E30D60
:10B37000C6F29402F90026F87DFBF8F05004B313EE
:10B3800080FC2BF803FAD6FC05FF3FF91E1EB6FB26
:10B39000A8F097EFD4F0EFECDEFAAC00EA07041463
:10B3A000A0F6E2EED9F1C6EC5F060009A804A803F6
:10B3B000ACF4ACF899F529F10E0A780C44FBBEF117
:10B3C000770631F9EF00B509110FEF0F1FFF4FF1AD
:10B3D000D703F3FC140A4B08FA0287FF5300AC06AC
:10B3E000F5F752FF1CF77FF89C068D03C8FA27FD7E
:10B3F000840080F550FF29051AFE6CFA12F6F5025A
:10B400002207D8F942FC7C09EFFC68F8A5EB8BFA1F
:10B41000F1F339F07E11431C7AFCFE0164017117CF
:10B4200034FFC1F3CF13F71B860458019B28DF0CB0
:10B430001BF725F8780670FF34FDD8001BFA490683
:10B4400067EF95F613F9F705000723F763003E1839
:10B45000DCF47CED030BC70631F523F83C0DC50386
:10B46000C5F7F6F1E503B503C2F240F5C9FF0A0CD2
:10B470009AF774F2D40979048D01A7035217952124
:10B48000BBF9F1FC33FBF701810F1D032621571790
:10B49000D8F368017303A0FA89FB67F79920520972
:10B4A0003A053005DBF759FADD0203046F06940311
:10B4B0003C07D9FCED08CBFBDBF82EF78D0028F715
:10B4C0005C082206FB08E8F5F6F571F6FC00460676
:10B4D0007DFF0B08D5F544F72A03050185F77900B0
:10B4E000930A45FA59083401C60071FACB07DD0406
:10B4F00036F52DF7DEFE5B03D9F622FD47FD81F719
:10B50000EFF371FF9300E109A80921F970FB3C0BEF
:10B5100099012EFB660F4C03B2F7C0F5D911A908AB
:10B520001AFD6F03E5F67AFE3DFB6EFCEA09A50AFB
:10B53000C3F513F44F099D0A8AFE6DF89513820630
:10B5400076047900FC013A13CFF7D1FA0508E41A22
:10B550004201EFF4F0058208DC02000993010FFFBD
:10B5600047F62708360687031106CAF3E313A20D30
:10B570002AF8B804C205BF021BF6A8EF070B440A5D
:10B580001CFEE603240775F5D203D408DE02ADFFE6
:10B59000BCFB30FE4EFE4FFC7E09AFF8AA0980FBD3
:10B5A0003DF99508A209BEFBA3F6B202C0FAFD025E
:10B5B00084FF600A6703D6FB16084F06B20753F6EE
:10B5C000D100D506F4036FFB02007B04B2FD2FF718
:10B5D0005A042C01960953086709CDF633F77B0A04
:10B5E000E1FEF80433FB24FFBC00CCF75205D7F88A
:10B5F000B5F565FAA3F66206A1FFDCF6490320FF64
:10B60000E7F847F1C5007E0271FF2403DA0F930EBD
:10B610002D0A0505500427F92A04B7FF8AFA33FCDE
:10B6200060FE3F06E30804F856039701460555F906
:10B63000BCFF0D03ECF6500984059409B5F8C3F777
:10B64000FBFB8F0987F58FF81E0136FAF805ECFC35
:10B65000BD06340571F87F0170F7B9FE3900610746
:10B660000C00A60500048F083801D8F5D808B9FEEB
:10B670004A052508C0F611000608D0FE2BF85BFF2E
:10B68000B2075AF6FCF6B7FA470483FB8B07500A59
:10B69000E30966F906F7EAF57B04BFFF86F894FC38
:10B6A000B409AD0909FB95F9180B24018E082C0B80
:10B6B00063FBEDEFB7060701880A9704B605031090
:10B6C0001AF2E7F3BBFD06F8E20147063509DD157E
:10B6D000D0F99DF682FC3EF63111FB040701A01063
:10B6E000D0FABEF161F75BF51A0A96FF0D095E010B
:10B6F000D4F536FBB6FD43FD510B8304D2F74D065E
:10B700006C086C05A7FA88FF50F42E09ACF50AFE08
:10B7100082FEB1F916F27603420B8B12DD04C108EA
:10B72000A5F9CE059AFFCCF6B817CF037A0FA6037A
:10B7300014FD8602040562F9D202B8FE58075F0ABA
:10B740005C0A6AF91E018302B8FF8DF8DF0291FBE3
:10B750009FFED5FAC900D5F659F9EE042809130958
:10B76000ABFD56F6FBFFC1FA91F7D7051B0A3B0864
:10B77000F2FFA3EFC3073AF6380248F42AF8D40AD6
:10B7800003F467FE0BFA690000F234FF79015505F6
:10B7900088F2FAF01CFDC1F516FD680DEC04AB044F
:10B7A00094F38F061DFD300240FD39F5BA17500E97
:10B7B0001A0A14FEB3FC62F6BEFBA7134802E406A5
:10B7C000ED0471EDA8F73CECFF1A5514AA0220F421
:10B7D0003AECACF0FDF39CED9B25501ACB0951FEE1
:10B7E0006BFEE4FBB5F5BD00BD174D0483FA5AF9B5
:10B7F00036E626E4460449ECED0C880CB4F41AF164
:10B8000057EF88FB3BF95EFBC711B1004AFF050407
:10B81000BBFADEF4A4FE68FE5E03D5029AFC2F0399
:10B8200064FBD8FE82FF82040803AD089AFC8EF404
:10B83000BEFDBC02690158FBA306FBF703FEB6047C
:10B8400049F6C8F95BFEABF55804B9FCBBFB8D04A7
:10B850005C0EA0FAB104AAFB3206B8FC27FA6A070C
:10B8600032FA2E049DF536F649017003F30C810A75
:10B8700070FE71F4E4F306F6B7FC05F58C153D0B8C
:10B880003D022701560F44FAB5EF94FDC510AA08F2
:10B8900004FCC3FCFA0CB6FEDCFBAFF59DFF6710A1
:10B8A000E601890379F6E1F54DF27B02D115B6097F
:10B8B00010EEE0EAB8FA89F218086B03C4010FFC35
:10B8C000CFDD48EF11FA10F2B316B00D4EEF270896
:10B8D000B4E286F668F779FDF2FF430A6410B9070F
:10B8E00013EC0DEE67F61DEDC0F9CBFB9007EF12E0
:10B8F000FCF6A8F56FEF3DF7DF0103141608750B92
:10B9000000FF4F0330F17EFD0A02B7F8EBFD3A0469
:10B91000B9FFF5FA4607A8F7F8FD8F05E2FE880A99
:10B920002C0303084403E50163FC1E069BFAAFFDEC
:10B93000AF050BFF5202DE0680F75DEB32FBDBFB4F
:10B940009E06B2075504A2F96EEEEAFDCAF1ACF903
:10B950007D0FA60B72F0E1EDA8E90FF9EBFA2CF9D7
:10B96000D30CD7FD1DF6F3FD0102CE06A2FBE116B6
:10B97000B7076F017BF834F9BAF45FE9C51297098C
:10B98000720619044C053DEE12F8DEFCFF0E58FC61
:10B99000F6FB19F362F7AA033E0B90FEB8FFB2EE76
:10B9A000B5EF17E73DF69F021E052D00A9FBC0006D
:10B9B00017EEA1F452F943FCDFFAFA0D1D02FB1554
:10B9C000C7E2AEFF1FF838FEF4F9E2FF920F6B10EA
:10B9D000CEF006F52CF652F1BBFC6D01BDF294F3EE
:10B9E0000E0FD5FBA606EBFC8DF344F66AFBC901EE
:10B9F000DEF7CDFC26039AFBC2EECA0E5D022E04D2
:10BA0000DD0927F83CF7460ABDFEB607A1F7B007E7
:10BA1000C7FF1D15F1FCAC042E0888FA4F08F6F696
:10BA20004C161507330789F695EFAAEE2C0850FE41
:10BA3000E504B0FFFB092D0160FCE5F705F9FFF611
:10BA40003B140409A30272FD2A024003D417F41E1A
:10BA5000BA0343FC3D0998F833FAF3010C19EB22C1
:10BA6000EB0C1DFD920210FA9C05A50AE3130C03D2
:10BA7000C802FC0309F191EDE8FE74F802FA16F52C
:10BA800097F1DEE6EEF078F82B029CFF47F0F0F736
:10BA900032F47ADF9DF7DE00C8070CF881ED1FF164
:10BAA000F5D683EC36FBEF0006F57FF522EADCFBEA
:10BAB00053E63AFE08FE64EDACE8D7F54502C1FA5C
:10BAC000E4FA20024DF133FA59F57EFC7CFF6EFD5D
:10BAD000C70216F6C715BCFD1009CE02AC142A0C1D
:10BAE0002F053609F1F90AFD94035D065F085D052F
:10BAF000B304A70BF8086511780B40E9EB18CFEDFC
:10BB000086145CF33F0AC1FC69E648F40C0833F57F
:10BB1000EB0594132700890EB8FD29FFA701AC118E
:10BB200024072C105604A5FB7BFE92FAC6030F1EB9
:10BB3000BCFB380753FA420267FD9906570D011402
:10BB400027FCC70A04FA9BF1320A190DB41ACF1E5A
:10BB500015FD9CFC38EFABF36906E20D7114E7F9B3
:10BB600043FBE2FC05F7D9F745FADB041CF7E5E8EF
:10BB7000D5EF6BE8A001830590FCC4F746F793F47A
:10BB80000FD578E78A05420288F5D0F9BEF377E948
:10BB9000C8ED9AECB906BCFBAAFBD4F427FFD7F892
:10BBA0009AEB92EDF703CF1705F31A00CBFF07F5D9
:10BBB00097F7E7071BF8750044ED8BFF59079803CB
:10BBC000B908B80FEDF51304EB098C05AD02A9F225
:10BBD000A70A8E222F107008170140F0261148F393
:10BBE0008B0432F6A8FC480FB7ECEDEE40FC92084F
:10BBF000290D93015E10B00FCFF5D2F814FDB6FAFF
:10BC0000CC0B7705860BA4FEBDF160008712060CF5
:10BC10003FFE4005240EEAFA59F38CF9CD11FA14CF
:10BC200069FFFF1269071DFACF0A6307251DEF148C
:10BC30005008CA00380AC50A160E10FB070ED500B8
:10BC4000D10B1105080283FD5701DD00A9FDE7EDC9
:10BC50006BF2E1E8190847FBF7F6360370F4B3EB33
:10BC600032E55EE80F12EE09D204CAFFDBED3D01BA
:10BC700099DBB3E620FE140D2A09BE02DC0246F26F
:10BC8000C2F7C2F31806BB178608D2FB83EA93F902
:10BC90000DFE86F5D4F9A3065CFF8601AB05DAFE3E
:10BCA00018021F0CB7F739F88AFB7105FC05FA0377
:10BCB000CE0AC603F103D8FA4DF8F2F50000D4F32A
:10BCC0007F0EFC0565FDAD08A5ECA9FC7E0019F70B
:10BCD0005AFF9FF8380F030EDBFFDBEF40F8AF0190
:10BCE000680C18087B07AA076402D5FC3C126B0E8F
:10BCF000F70D73090B057F06BB03C00AAD02F6FF03
:10BD00008F044E0D5D1ACF1B6C0BCB1112FAB108CC
:10BD1000070E5B16A6071815E90D53023904300506
:10BD2000B40D57044603B7031BFBDBF300F3C4F861
:10BD3000AAF468EE64FFFF0A0DF20DF285F9D20154
:10BD400032DFACEF1B125E010AF92F071A0128003F
:10BD5000ECE2F9E01E0BDB14F9FD1F07930AF8F47F
:10BD600096E626E1A807B9098B0721F681F5A90B0C
:10BD700045F7B7FC530343FEA50D10F6CA0598011D
:10BD80004F0402FE5909B7092D0F8AFE42F892F0BE
:10BD90004705F10D570539043D031CF11AF9380424
:10BDA000C709FA101D122A0DEEED73F2F9F0D8FD55
:10BDB0000AFF7EFAF905C8056EF5C4FB0807FF0700
:10BDC000A0030DFD38FF4313A8FCC7F62B16030C88
:10BDD000850D92FCE00C160CAD001C064D031A04F8
:10BDE0009C088001EB1EA1207104B60407E75FEEFA
:10BDF000A11B911B2F0C3B0051F9E0F54102F5FC12
:10BE00001F15150DAA02F1FBD0EFC5EB03F6550384
:10BE10009DFDD6EB31FA83F949F5D5F22E10D806FF
:10BE20003BE8CBE8CD08C31032F5ADF9EC07BA0D0D
:10BE300055EDEBE585131207CAFDF4F9BFFEF6FFD9
:10BE4000A2F533021A08220DB0F7C1F689F7390FAF
:10BE50000303EB00DEF60CF69FFD230DBDFE20FA7A
:10BE600093FFA40A71FF940B220ABDFB00043B035D
:10BE7000E603E8FEA4FE950F6504E2F4AC06F7F4D1
:10BE8000D905050ADD00F70ACBF281EE6CFD3E0C08
:10BE9000BE0E9F03D6FBEEFE7BECFAEBC9144F07F8
:10BEA0006E0827F745FA9006AEF920F63F06850B97
:10BEB000C1F4DC050CFFF2FD52FC6901E4F793ECE0
:10BEC000FD0B410B4B010F04B90DF90C8AE216EB87
:10BED00021137C19E7FCB204830BE5FDFBEE5AF756
:10BEE0001307EC12F4053001EFF73FF224066A085D
:10BEF000A504ADF110F950FDD5F73FFC200B8B07E1
:10BF00009CEB4BF13DF9B50AAEFA43019805D4F824
:10BF100028F401EEAC10C611D5F15CF6B4FDC8FCF6
:10BF200009FFBEF651FDF40565FBFDEF7605AA0D90
:10BF3000B601B40729107C0B80F34C10F00073FF9E
:10BF400049FFE40E61000BFB0E059DFB0C01AD00EB
:10BF500067FA160B67FA15FD2E0E18F374FC5103E1
:10BF60001605C0FB2D117401D2F240FC7E0C5D0A57
:10BF7000160CC7FC620247F1DFF22602B2183B063C
:10BF80007DF9C7F77CF12CF1D7F70AFD70077E0920
:10BF9000340130026CE9C2FC7307B3F760FF9AF119
:10BFA00099FD8B03F5075608CC0E050B35EA6EEEAE
:10BFB000790F1C148FFBA80828070000DDF88E03FA
:10BFC0007E0B9110B7018E062D01ACFA6F0E46174D
:10BFD000EB0874EEF30443F109F05506EC0747F85B
:10BFE0009BEF96EE98F7BDF02F06CE046901FE0395
:10BFF00029FD8DED5B08FF03CAFB49F0BBFCCE0AAF
:10C00000A6E21EFC8C1C1D163DF632ED3206F30E28
:10C01000CAE55A01BA186405A5F10700C50BA50CBD
:10C020009F057106270B26FF84FF67FFE7FE8BFB4A
:10C03000D604AC0DA8F25D0AE70745F90BF0D50C64
:10C040001F0B01FE90FFC1FDEA0064E5400870FB94
:10C0500091F471F067EA80EF1EEE9EF93617A8168C
:10C0600039FD54F871E719EE0E0307F801045E007C
:10C0700028F4ECEE39EB99F6D302640673FF36F53B
:10C0800076003C0A4DFE35125B0270047AF9ABFB78
:10C09000301023053D0FF40D1904540A6203D8F63D
:10C0A0003110F70A100CB40D7D0208FC8E04D8FA8A
:10C0B0006400D3EB2F03A901CD07830214F34FF4DF
:10C0C00038F5FFEC8FFEE7FE3305F409B0F75D02AB
:10C0D00022F029E651FEC5081AF409FFBAF7A80FA5
:10C0E00087E778FAD60095FF07F3ABE7BE039BFC22
:10C0F000E1F71A0E470FE8F7FEEB910909FA5CFF2A
:10C10000FCFBF7FD73F5C00074033B03EBF6CA00BC
:10C110009F03A114ACFCCA080D063E05B6F6180232
:10C12000AE0C4F07A0FC67F43BE72AF72806880C03
:10C13000E90085030AF5A2F549EF1CFD10026D0424
:10C1400070FE50F8DDF11BF37BFFE0F67A0ACE02B9
:10C15000B8F50C0727FA7BF4ADFBEBFB4402A7FB19
:10C1600075FEF7F09C0B7E0983F70009F5FFCAFF07
:10C17000B2026AFBC70775041A005308BBFDAEFA8A
:10C18000CA0B910DED001B030E0C4608A309A3FC7E
:10C190009309D3EEE0FEA8FC9F0A3CFA8BF7FD0161
:10C1A00089EECCFEEDEF40FEB7FB32FF82F7D70100
:10C1B00042F910F245012609FEFC4FF6FCFE56043A
:10C1C000AF11E1108505ADFA170299F7DD05E5F528
:10C1D0000A0A6E08D00396FA3EF8C50162F52F02EE
:10C1E000B0FBF60C5C01B7FC7502FAF774092BFC86
:10C1F000BE0836067905C409A2FB11FD42F2080FFC
:10C2000004FB6BF6FC01B2F2EBF870E54D1D08FD86
:10C2100077F871F119FBDBFB18F246022916EE05DF
:10C22000DDF2500414F59FFFFCF76E0196075207EC
:10C230000D09FE01BC05EEFF25FEF50450FB51077C
:10C24000B3FD3A079E10F6FC71FEDB043AFDA40034
:10C2500012FFBFFBD60979F7B4108403ABF0A90134
:10C260000A054EFCC5F399FC8E0B27F735003DFA05
:10C270009B02C5FCFC041BF412F996FDA3067DF29B
:10C280006106DF02BB0386FBD0F8EA036CF6D4F943
:10C29000CAFFCD141904CC0D110AFF0E8E087305C8
:10C2A00086084104E40A1CF62AF9AF076EF384F904
:10C2B0008010820960FB54FBEA088F0064F7BC041D
:10C2C0002907C3F56BFB490CC004E7F8E5F739060D
:10C2D0009E02FDFFF10573F2E2F9370326EA9C099D
:10C2E0009BF9CEFF13067DF951FA14E51A144EFDA1
:10C2F0009A027BEB7B07ECFBA9E9C6FC8C12740B62
:10C3000003F403FFAEFD4C0AB9061CFEF6055B0CF8
:10C3100033074201A808E802450B62FF1A0B240606
:10C32000BEFCDCFD8CF99D03D701060BB7F460FD64
:10C33000B7FD930424FC8FFE0A0ADD167CFFDCF0B7
:10C340005BFEB708F7F39F03580867F67BFF0BF90E
:10C35000C3066D015805DB039AFD96FA030925F81B
:10C360009C0B03036B0ABBFB44EE0908A102850C7E
:10C370009F038407CEFDC400B306B30B10F584FA07
:10C38000C70BFAF05109F7F3F9FBAA09C8E8700DD9
:10C39000EDFE26042B011FF1F1090CFDD7074DE737
:10C3A000DCFE690A17F895FD160762FF9303D4FDBA
:10C3B0004103D502E2F842087202CBFE16FDCC1111
:10C3C0007BEC07EDB40E380737EE7AFA380F5210CF
:10C3D0001AF7BBF2B0FC360EE5E5B00304001CF31F
:10C3E00031FCC500F505C4066C03F50E50F366027A
:10C3F000BA008601870758068A0FF3052600600EEB
:10C4000035FA0EFB24F90CF44D03F1FA88FA91F891
:10C41000F2F2EE001DEFDEEE4F11FA09EF05AFFC70
:10C42000230D650B3CFD75FCD3053A0241F88AF7F4
:10C43000F1F8CB02DDFEBB011EF436F67401B7F451
:10C44000380361184F09C6FB9DF337FAF602F3F77C
:10C450006D06090F98F6E6FCAFFBBA0E1709390313
:10C46000910789028E1520EE1811271C24F7870EDC
:10C470006705140A490135FBA10737FB86F1E1EB9B
:10C48000290A890C63F8EC05ADF8E2F50A0A700791
:10C490005C037CEF66FC7D0AF60141F2D001490A9B
:10C4A00051F03D0474158903A3F3E2EB25FE310B33
:10C4B0009BFC78F9CD05D00E55F340028E0406059D
:10C4C0008D0C44088811EC09FF0F1D063F07B6F9D3
:10C4D00017FAF301CAFBA9F971081CF87BFF1300D6
:10C4E00071EAD6ED49F89FF2A0019B111A067E036E
:10C4F0006006D109B1F42CF75F16DEFD5AFBEFFEA2
:10C500004B0AFAFF29F5D40026F482F5A0FB36F297
:10C510003DFDB6069F01270103F4A902BAEAD3073D
:10C520001B09F30A10111811A4FF520EAE0AD5040C
:10C53000860D35094CF763069C0F060EE4F8CAF920
:10C5400061FE7911631007E9D815701815077B0C87
:10C55000BB10D51A5B04B113800550FC7CFCC6E906
:10C5600020158107A40F0DFC56FB45F927F7BBFBEF
:10C570003A07D4F277FF01069201310414F7E1057E
:10C580006106CAF9EF059E1600F1C1E3B90980F70B
:10C59000EDFE0EFAC00B020AB7EE52F7C5FBFB0424
:10C5A000DEF917F99B0845FB990FC90C0A07DDF165
:10C5B000BBF165F9D7010BF1820143062BFE74FE36
:10C5C00052F87301E4F19DEB910D07108613C50637
:10C5D0001C0953FE4CEA9F05F50A03FBFE0209F213
:10C5E000AE04B2FA74FE250118EF5AF22AED19FED4
:10C5F00041015CFA480A3B0461F968059EF2EB0BC5
:10C60000270A3B050C0D470F4707810607077EFEEB
:10C61000CDFD5DFACE0ADC04F00255121002C90C01
:10C6200098FDAC0F46F04AED90161E131701CE0987
:10C63000991E500BC80A61F47A016A0BC6032CFBE1
:10C64000ABF84904A6FE0507EFF49604D809E4FE0A
:10C650009D0F3EF3150727F393EF15F707F79F0993
:10C66000A7F89600A1101910E4ED22E08AFCDDF293
:10C67000A8F703FDC71252F90EF977019AF86B007B
:10C680005FF4B1EB7FFE2CFA27F9E0008BFBD8FCBE
:10C69000BCF9F2F600F798FB4C10DC06FEF6CC0075
:10C6A000F2FFACFF4B0025FE050E111147101109DA
:10C6B000FF013C0AC504E3FA3FFD5EEA9CFC25FB52
:10C6C00038083CF3D3FC50108701E20658EB96EB98
:10C6D00082022EFBEA08430928FA67097FFDF90464
:10C6E00089F6FB01C2FB5A0DFE0688FC4D15730E40
:10C6F0004606E2F5B80CD8F67EFE53112F02830BE6
:10C7000091FC47FCF6F9EE08BFFB4B04BDFFEFEAD6
:10C71000A712B20DB9086B04C70D930448FB1D05A1
:10C7200065F77706300912F7420874FE090A72F4B9
:10C730001BFA79014B072EF892F88EF5FBF6AF063F
:10C74000A3F627FF780729020EEE29E640FA4600F5
:10C7500003F8C0F8AD089E0102EFDDF9F8EC2FF206
:10C76000B5F95AF3F1FF49F5EBF0990C4EF8F702E1
:10C7700079FEA4F220EE65F5AE0E8A0F36F3B5F61B
:10C78000040AF700C4F49009F21A26FD6802B1FF0A
:10C79000F80BE5FA8E0040009C0163F38407E0F19A
:10C7A00044F95A02A705D90252EF91FB7AF18FF0B2
:10C7B0002BF076F51EFD9B08A5F51D02AB044B0E74
:10C7C00062FAF80033FBCC09EBFFD00126017CF5BF
:10C7D000CF055BFF79FAB5FFA105780423FBFC00C8
:10C7E000200BDDF406F9440310FB1D0AE1FE0E0DDB
:10C7F0000F0FFAF99EF810084CFD6401ADF5CA0759
:10C800007B0542FB46F73CFA5001B3F522FF89084D
:10C810004C08690CFDF199F4160A450528018800B9
:10C82000D505D4F8A90EF8FA63F452F4AF035BF31C
:10C83000EEECA5F6B002BA086CEA94F197F77A0527
:10C84000760991FC8CF87CF612F7C801120B93075D
:10C85000B1FA22FB4302DEFED40BF413FCFD8D0083
:10C86000FE11EC02C7F920FCC1134C004BFE8601FF
:10C870002D02FFFE1000D3FA0CF1BFEBA8F7DCF994
:10C880005CFE12EE6C045DF937F537F9270B7EF686
:10C89000A8ECE7EEF4FB4A08520023FCB6FE2B039B
:10C8A000ADF6D303D000FF00DDF864F85D03870523
:10C8B00059F44FFBFB069AFBDC0D2EFDBD0009FF72
:10C8C0008AFD23FE1EEF72022AF4EFE976FE730D55
:10C8D00093021DF78CF50CFA1BEA070A6D005F083E
:10C8E0000EFF74FA15099B034EFE84022503920481
:10C8F000CB015B167DF251FDADF70BFF3202AAFAB8
:10C90000D01077FABF0350F15FFCEBFD6107FDF239
:10C910003FF7F4EEFC0270FA36FE7C069EF87805CE
:10C9200017F825FF9DF236FA61016006BF0141103C
:10C9300079F46C04F603DB037E04760A7302AFFB22
:10C940004501E70181FB2705570B1B02A40047F6B1
:10C95000BDFB570890097CF89AF2B8F34FF66FF5D3
:10C9600067F9C0F910FE2A02C0F99DEF1A08AF035B
:10C97000EFF4A9F6B50AC7FEC7FA5AF33B1210F84E
:10C98000BAF7B4FC73F503F76A0AC1FD7B0BB9F87B
:10C990003100A9FE0FFDC1035AFE8AF7D904E20D4A
:10C9A0006BFB2608DDF56B05CE0004F3CD01CD0051
:10C9B0009C03DDF945F3FFFF74EA4A013F0A8A0050
:10C9C00024019CFC5B076F095B0A5E0866F738016F
:10C9D0008DFC340A2C02FA0BE8F42AE8EBFF31074D
:10C9E000480CD2FCA410C2FA83FA74F3C20371FBA0
:10C9F0007BFE78004604BAF803F4570AFCF894F773
:10CA000041F925FF6EF4DFF0CEFDC4FBE207780F9D
:10CA1000A600B805CDFD75125B05AE014A02F20015
:10CA20006700BB0A8601E60643FF850CFDECB1E614
:10CA3000B103880188F500F7FEFDCFF301FC260164
:10CA40006AF0D5F7C008A80452F9DAF6B60A581009
:10CA5000EBF045F7C2FD4CEC8202AEF7950EB30247
:10CA6000C3F6AFFF0CF655F75004F0F72508D60FC4
:10CA70003BEE93F2BDF65EF80DFD0AEAE01A120DE8
:10CA8000450ECC00EBFD85ECEDF7E6F3C40FF904A1
:10CA9000390650F823FF9602D3E9760123035A049E
:10CAA0005AF84EFE33FFA9F7D1FD610811F62207AF
:10CAB00049FDD405910C070DC9F636E75DFFC804A2
:10CAC000200073F10E0BD81239F94D04070006034C
:10CAD00082F56507EC016FF79309DB0169FA11FA3A
:10CAE0008FFD7EF41EF8B6F16AF844F11300E2FE01
:10CAF000CAFA68F8BDFA0201F0FEAC06F40CF5FAC9
:10CB0000D7FE6CFDC0114C09DC0A94FFC7FF59F336
:10CB1000D2F7AAF998F75FFC6801F8FEACFD0CFFAC
:10CB20007EF594FB3302BF02F7EEBEE8C907AE06FE
:10CB3000D4FC6CF19203E404F6F77AF5570245123F
:10CB400072F660F726F7B1F085E4A4F44921DC150C
:10CB500011EA39F320F072F7C104EAF8BD164E1B52
:10CB6000BEF8CB016FFC19E9C20A2F092DF6D4ECEF
:10CB700049FCA1FA9CF6AC05910C570980FD5EF9C1
:10CB800051F631F8480274FB10F81BFE040912F943
:10CB90001303C6F3ADFF7C0698FB13124507EB0B9E
:10CBA00044FB8F024C063C0DBE1A26064BFEBFF618
:10CBB000D7F40C073819D904D1FFD0FDFBFDA2062C
:10CBC0001F1156004503310E7C04E90D14066B104D
:10CBD00085F1FC02C112AD0687057C15F70B3B03FE
:10CBE000E200B400B9038205F409EF06FEF51DF971
:10CBF0007E003C0399F88E0183F6E7ED44F12D0A9F
:10CC0000430D2703A00BC908B5EAC0E26510F80779
:10CC100012FE56FF17FD9AFD7CF5F8E67DF8D2105E
:10CC2000FBF1A2F49BFD3EFB9EED68F85F098621B7
:10CC3000A0E81BF911FBAA06B1FE1EF7190F190097
:10CC400026ED2205B1179DEDA7F6420B9107610372
:10CC5000B0FF59FAC900E3077A1185FFEFF4F4FE3B
:10CC6000E6019002E10051FE40023EFC7AF83A04EF
:10CC70001DFE13024808500476FF13F975F5ED0008
:10CC800006018DF40CF0E8FB2C0CE709C20C000641
:10CC90000BF63D164DFB33026A13DB102D0D00021F
:10CCA000FB0E1119A40A88134B15370D7600C10F1E
:10CCB000C113AA021924110E640D7D00AD08AD1731
:10CCC000D40B43056015DC0FFD0D75024C0B3E11B6
:10CCD000C71405071A162E10E5008F02630BFF0F0D
:10CCE0002D0809078A0DFD0EB1F23DED6E1A3C0EBE
:10CCF00017047401E80A131A71FE46063318DF148C
:10CD000033FBA710D20798FE4BF732FA2B1DD50B39
:10CD100057FED70182072C083FFDFBF46C0FC910AA
:10CD2000400434017701FD00DF065C0665FF7FF7F4
:10CD3000D2FFDBFA3FFC9BFF08092500D20412F961
:10CD4000AFF5EB045DF6010A4F0A1AFADDFAF2F6C6
:10CD5000EAF72F04410699FBA7085D08F1FEDC0500
:10CD6000ECFED1FDE60651FE81034C0CC50A2307FB
:10CD70006F09AAFE59006AF216FEC9F33FF8BF0711
:10CD80007E04FF079EF415025E0029FB700215FF6A
:10CD9000E107DCFA790CD4FB4E0352057D039206C1
:10CDA000330037037805A6085C0615037C02F1F70B
:10CDB00008FF66F2D00F510FD900690BF9057CF816
:10CDC000F0F826080A0CC5117BF4E90367FC52F859
:10CDD000A70FF0FC1B0974F08B0D94FCFAFA600BA2
:10CDE0009407BD1519EC5903C9019A0452065FF75F
:10CDF000EE11110B8802E20A7C012C00290177FB5D
:10CE0000B7FF02FF42FDC703EB080C0908F7C80390
:10CE10000503ABF84C08FC0075F5BE01E0FB7F068E
:10CE20000D0446FA6608FA03CF07BB04FFF8DDFFDE
:10CE3000ECFCE201D40982FFB8083B0889F7BDFB8E
:10CE40005CFAE001B507D1060FFD05FA940559001B
:10CE5000B3F5E4FEAF098FFC40FABF019BF6B508BD
:10CE60009705E9F7BFFC61FEABF9160A6AFDD4F835
:10CE700077FC36FCCAFC9301B6FC78F6F9F9E007BA
:10CE8000C1025FFEB2F6370A7E02DCF994FEB807F3
:10CE9000550AF00817FC2DF9E6FBF3F6F9056800D2
:10CEA00062FA71015E04CDFAA2F8B80170F693FA45
:10CEB0009B061E0186F9B3FD34F6A2FC380ABC04B9
:10CEC00079027A063AFBDD0733078B067D00BDF950
:10CED000F6FF3F04E500BAFF810AE9062DF7FBF9EA
:10CEE0000300BC0718F8BE065CFFC9F9D4F52100A1
:10CEF00086F5C7F9130392F7FE034CFCA106F2F581
:10CF00005E030D0112F8570A30022B01F4FEE9030B
:10CF10000300D40663068DF8790699065B0186F94D
:10CF20001EFF84F452FE01FEFF037EFECA05DD07EC
:10CF300088FE08FEA0087B021616A40E0900EAF07F
:10CF4000D9F19C02FDF7E7F89703020AE102CFF658
:10CF50009FF415F877FD8401EA11BDF99AEB64029C
:10CF60005DFA72FDF7FB61F8C900E4FF25F91FF5D2
:10CF700004FEA5FC5EFB34FC1E0A741A08F6160CAF
:10CF800063FBE5FDE4F8F106A22512150614900BEB
:10CF90006CFBF6FA15F61D070C1C0E12DEFC48FDA4
:10CFA00006FEA30187FB08057D0F1CFC12007C0018
:10CFB000790491FF10FF0BF88B09430E1A02B4F9A4
:10CFC00026F896FFBFF937039F08DE03FDFA02F744
:10CFD000B108F2FABDF5140247014EFD2D0584FF9C
:10CFE0002305B1F57AFB6503920993FAF1F8A206DD
:10CFF0003FFE3201290A49024A0437F2A9FF700DA7
:10D00000780389061E0BCE053008B813EF04A6F688
:10D010009EF763FDBD01A604940C371256F3E1F8A8
:10D02000E401F1FB54FECB00000AED03D304F7F654
:10D030009EF450FCCA018E0294094513200154F657
:10D04000B0F3C0EA33FA550467115B2554F1C5F714
:10D05000EBF94BEDAA0440022722482441EB70066D
:10D060009CFA7102D2F7F9F98C0CAA0416051A057C
:10D0700071F7640286077CF0AF0BF901C9F2B702C1
:10D08000CCFA160031FAC8F115F8B8FC33F44AEAC4
:10D090000A004DF5CDEF9CFDE600FC0167FBDEFCD0
:10D0A0000BF914094AF84F028A00ACFAE00284FA3C
:10D0B00056FE8DF51BFD06FF9507DE096D04D409AC
:10D0C0007200BA0581FB9FF7D7FAFAF946FE8C0683
:10D0D000420813040108100B4F0257F7DCF8240D27
:10D0E000700341FBB410F7FE330D110381F005F816
:10D0F000E5015FF523FB7DF3090F370561005F084C
:10D10000BAF1F6EC28FA4804A5008CFF100236EAC2
:10D11000B8FB9CE3B3FADEF8DEF449F5ACF0480660
:10D120005F0049F79EF849F02FFA47014B03D701FA
:10D130003DFFC3F833E8A5F331F9E10EF10EA80B7A
:10D140006CF3E2EE38EEB3F9090E1B09071ADC099D
:10D1500093EB9AF92F01B7012CF41701950897FE6C
:10D160000D023AF73D0487F80BEA23EFDA015FE29C
:10D17000B8FDA9F1EF06BC07E0F88FF1E4F459FD22
:10D18000B300C0FEABFD970A52F1CA05C4EB41F7EC
:10D19000F5F81D092B11E1FD2EF92B0518F9F10801
:10D1A0006DFEB4FF47F9D1F6C2037CF69FF531FF5F
:10D1B00050F77901D5F5FA0E29F92E03EE126D0319
:10D1C0008D041FFF88FDECF3A10B7404FD08080615
:10D1D000D7E925F01AFA1CFA040811FDCBF82AF851
:10D1E0009DEFCEFAE2F692E417FB860410EB69FCA1
:10D1F0004502E506C5E6A9E584F289F09EFE4DF5F7
:10D20000DCFECDF9CAE8EDEE64F0090394F3EB011E
:10D21000A605E0FE89F6AE000F0B8EF9CA08D714FA
:10D22000D6F26505E7ECF1009802600676132C0251
:10D23000A0011607FAFCC2E48D013AFA36FCD605C5
:10D2400078FB47FC09F31DFD2B05BA0793F160F845
:10D25000BA01BD07DB051510E6073CFCCCF039DB55
:10D2600051F96A078D1CD21997F5B7FC32EE8CEC98
:10D270007201D4FE350D10FC8701D1F9CB0AA30849
:10D28000B5FDD1062FFFD8FFDB07F2FE93073F085D
:10D29000BB0388F94FF6FE07E8F920EC430807F1D5
:10D2A00072F162F762FF6EF9BF0C70195FFD05063F
:10D2B00096EB85EF21F576095F0548F6EBF2DFFE88
:10D2C00076F474FD3111D2F3CFFFC4000FED9EEF61
:10D2D000910C65FCAAEFBFF1BAFB6AF72AE643EBB3
:10D2E0007FFCC5078FEF67FF37FDC6FF60F20700C1
:10D2F000F800E1FE1DEA0DE5010448F233FC18FEDA
:10D3000052044302B4F97FF750F9C1F9BFFDA0F709
:10D31000DCF722FCA1FC0404AE043BFE22FFF4FD7A
:10D32000F90775F5FB01BDF7BBFE4FF8F6014503A4
:10D330003B0413FB480C0200D3FBBF030EF3A50212
:10D340008303D00E1F0A4115C0012DF3B902B6EBBD
:10D35000B3F5D8F52E0DD5FE68FC2B07BCFA4E10A0
:10D3600020FEA2F9B4FF9EFAF2069A048F074A053E
:10D370000F013BEAFBFF4B04B6FFD60EF00869072E
:10D3800040ECCEEBDF02F0F8F613C50A34FED6030C
:10D390002BE830E21CF738F9FEF5E1F4DD002DFD55
:10D3A0006006CB0391F2ADF24DF7DD04D5FDDE034F
:10D3B0003C01C1036FF1E9F4DAF9FA096EF965FD90
:10D3C00093F97D00F809FE0EDE040DF5E8F969FD1C
:10D3D000630530F9220F23FFFFECCDEAA9FBE4033C
:10D3E00050FA44F7F610F70348EC37EDAEFF52FB66
:10D3F000B3FACC04941198FF9801B1F647005C0190
:10D40000810621F37F106A15A406D6085EFDBA00D6
:10D41000580E7D0D550AC0F9A8F782F6A9021E061E
:10D42000BCFDEC03AB01FF1428FF42EEBEFE61FE23
:10D43000FA16D1F4910B3C1B11EEC1FFC9E95C0B4C
:10D440002904A8F157FBB80F7BFFCC0E1A073A1A34
:10D45000ECF923E7E6051EFD27144009BAFDD312B7
:10D46000FFF6C8FE980380F791103CFE7F13CDFFB6
:10D470001EE8BFE51E0045FE8200E20875F93AFE8F
:10D480000607EF0842F490FB500CFB097B06660D83
:10D49000EC0F30FF71FBF1F8F1071206680601F19D
:10D4A00077F27AF6800BF906C9F0DEF753F5C90278
:10D4B0003CFC23F94D10B719CEE92DED93F6F4FBA2
:10D4C0000F039F088C169A0591FCA2F6250583068A
:10D4D000A5FE2E0BAB0DE00F2A04B100F6F7E2FD1E
:10D4E0003AFF5BF5580DFD132D028802EF0446FF4D
:10D4F0007C036B0B9DFD0DFA85FC7BF66C046D13B4
:10D50000D507D80E5F03B70993F113F1B90191F272
:10D51000FC090D011D0A140F65F543FB550285FA40
:10D5200071016F0449EC8E03A505441017FFF1FF4C
:10D5300030FBE3ED9C062604DE0C4AFFD906C2FC54
:10D5400021EEEBFFBCF3D9FB1A07F80A9E18E7FEA1
:10D550005EF88300DCF68FF6590E3310FA13C80D0F
:10D560000804690C4EF855F4B6FCCD0B350C980642
:10D57000EE01E501C3068B022C09C501F8F59CFB01
:10D580003404ACF8A409E01473FA28F5A4013CFEB5
:10D59000230080FCD0087F05CFF4B7F4B804C90A93
:10D5A0003B0799087A0B2D0FEDF498F702036FFEF5
:10D5B000B2FA71F81E149B01F4FD65F39502E209BD
:10D5C00035FEB30296063E0AE0FB980092FEB3FBDE
:10D5D0001BFA93FFAA0A2D0CB0027F13C70C150586
:10D5E0003901D9109FF6CFEEC1FCF3FD10F504EB25
:10D5F000D80EC9F5390EC5FF7EF928F87D08A80BAD
:10D600007804C8F6D0069A111E0BC7067F085C0185
:10D6100024F5A1F23BFF5DF3DEFE390392F8FF0E25
:10D6200078EFCFEB3507C40A510DD719F51A4B0C1B
:10D630002702AFF810FBC40219057B0C18048F0FEA
:10D640001510950BD2F95609AC12750943057509E9
:10D650002602B9F86711F6028202C1106006F001D5
:10D660000401C9EB8A0E27120F09F3FFB1031C0650
:10D670002AF0D4F6E410970004039EFE50101E0B0F
:10D68000EE0300FB5107800866F0E4FCF30FF60C94
:10D6900071FF84F49C017F015CFD79F62109360B52
:10D6A0006B02EDF9DD02D1F9F80637013D1267038F
:10D6B0002B02EAFBE806D607E909310C1D0FDA193F
:10D6C000E40E3C11B2FD1DFFF6009AF969FCDBFF88
:10D6D000D70EBB0943097416E0E9BF0363F9F80FDD
:10D6E00000F6E90174FF74FCA00D901B890334FC63
:10D6F00012F98CFA6DF712FD30F50A01EA045E08A2
:10D7000057EF59F8C90537F9CA058716950AC8149D
:10D7100037F04F005C126CFDB7119507170F7313AC
:10D72000040564129C0A130E750510054BFE7C0956
:10D730002408C5049013030BE30FE51434076101BB
:10D74000130005F8CF05BD07CA0B2C0CA4FD7D0BFB
:10D7500098F028026B0AB3F7F7F9EEFF380DCB0FFC
:10D7600079FD8CFF6D00AF01D6F4D1F86209D80CB9
:10D7700011F9E1F2460988FB720DE90BED02680B25
:10D7800068F466FE1507CD0AB5065C08E413E111DE
:10D790008EFFC9001808200604030D017D1D5C15CD
:10D7A0004A0D28161E06040C4B0F36068E030FF882
:10D7B000AC0AF3FE4B18F61329F144005304330965
:10D7C0002AF5B7FCD6058DFCBC070D18CEFBC0159D
:10D7D000CDEB44F27A044F0899137EFC2500060D28
:10D7E000E8E9A0F443FAD302DA0EE810ED14C91107
:10D7F000E2005909AE07810D060CE60553047B0AC9
:10D80000AE0C5D161202C405F00E8A093713950F8F
:10D810002308F7FD6F0751F8C2105F17130517F6BD
:10D820004F0D0AF950FD44FC130F70F486F5580CA7
:10D830004200990C0B03290478F1DEFB7008F0110B
:10D84000D9FE3D032DFDF7F4840EB70440072D0AE1
:10D850005EFC29FD9BFB1E06F807A402D5004809C3
:10D860005B03C7F8D1111001D805AAFEDCFEEB0A54
:10D87000BA010D17C80179FDBDFDA6F57A0FAF09F4
:10D88000EF1C68072EFD7BFD7505BAF5ADFF58F35B
:10D890008D0655EB7612AC085CF70BFF65FA0F05A9
:10D8A00094FBADFA4A08770904FD6A087D0707036F
:10D8B00000F6C6F7FFF671F833FC5106C3FDB10B55
:10D8C0003CEA3AF3AA092EFD0D04AA070E0D7709CA
:10D8D000D00312F6F6FFE8FD22F3D00D190E79FF02
:10D8E0005B118806B1070B0059106C04D4052AFBA4
:10D8F000F80FE40F28F5AE005911EE0BB4F86BF0F9
:10D90000BD11F20050ED23ED35FFFBE488FB900CD8
:10D91000E9FF68015FF7E6FA03FD5BFD7B0ABB0CDC
:10D920009FFBFCFA7800F600CDFE3F0EEC0BBC042A
:10D930006B0012F7C20363040C0715FFC9073DFA19
:10D94000960CE3FCE706F80020FD5A04BAFB37FE0C
:10D95000CAFF61145BFCC0FB0C0502EC84086BF988
:10D96000DD0DD5061BEF1A07FCFF1C05E4EEA7FA38
:10D97000640183F8250631F38F03F0099606FF044E
:10D9800079F59EF98300BF0188FE1E10E5F8770542
:10D990007405E6E85508B8075408C608A0FB190244
:10D9A00049ECCAF93E0161F584FB93FEC205D4132C
:10D9B00044014F07E6EA3CFC0404D30534FD33F68A
:10D9C000B70CC3FE51F85AF9B21254063DFAE5F00D
:10D9D000D3101A1343F0EAEEF2F91C04A4ECFAFD9A
:10D9E0005817700A4BFA76FBEEE496D381F61801CD
:10D9F000770DA0096607E005A7F4E104A004F0FF95
:10DA000058FA11F525FE91FDF2015306A700ED002D
:10DA100003FD5708FA0154FDF9FC08F4D8F745FE58
:10DA2000C803860877FFFC05BBFE59052BFFEE0AED
:10DA3000F5FB30F36BF519F437F77CF96FF8FF015C
:10DA400087012AF00EF4D7FB9B068804C5EE2DFC57
:10DA5000EBF7FE0599E95D048BF8C5078406FDF434
:10DA6000C90242FD2D06790776053EFFE9F7CEF89B
:10DA700080FADAFA3F10230A6B0D41094004D1FC09
:10DA800046F313035CF699ECB8FFE70A7DF2C5F99B
:10DA900005011BF809F056F22103BAFD6F0640EEAE
:10DAA000EBFCCC0729EEBFEA8FFC61FE2DF91C02CE
:10DAB000C6FA341372FBDEEEFFF425ED2EF6D7FD29
:10DAC0003D05B80B76EEF9FC53D4CBD9AD0E770FEC
:10DAD000D404070201FE4202DEF55BFAD50C06060D
:10DAE000E7078C0BCE02520066030CF2B1017CFEFC
:10DAF0009F07510A53FD100307F432FC79FCDCFF49
:10DB0000610953FAB4065F05CB02ABF6CCFAC8FA4A
:10DB1000DFF477F253FD36F22004FA0B56FAD4F90B
:10DB2000B7F362F648EA6DFBF3FC7AF520F5BEF731
:10DB300030F73BFE2BF232F9DF049904180991F01B
:10DB400053FB73078903A1026D0850F246041302C8
:10DB5000480462EBFCFBE1F0120A800C45063EE152
:10DB600025F07E012AFE67F45DF0C5047CF33C0AD3
:10DB700030FFD0FDBA049FFC1A0AC2F994049FEF4B
:10DB800068FFE9FBF4F463FA9DF9D8F1F10240FC77
:10DB90006401250654F13FEE54E67EDDA9FB290021
:10DBA000DF09C00F2FEE2EF3BBE3ADF1430A5EFD9C
:10DBB000DA0288FB00F787098A0BA90C0505DCFA55
:10DBC000F80022082505BDFFF7030BFC5EF7C6F33E
:10DBD000A6FB740018032109BC0049FB0C0D120EB2
:10DBE000B3FA880B1B07ECFA63036E059A059503DD
:10DBF0000DF81C00B7F8FCF25C056E0BA2FC8F055B
:10DC0000CCE950FA27EF2EEE87FBFB11A8FAC2E809
:10DC1000A7F2D4F93EF4A3023B1809051AF4E1EC8B
:10DC200038FEDB0171FE3FF7BC07C7FE1304B514D5
:10DC3000FCFDE3FD07FCBEE82AFA0D007B0586EB40
:10DC40006CE56BEF43FA2EF913F374F0650EB40430
:10DC5000BDE0E8EF57FBFBFA48FD45F05FF46DF6D9
:10DC600007E82FEFF2FC84F73501D1EEFBFC86F7D5
:10DC7000DDEC67FA6C07AA07CCE58BE648FE9FF659
:10DC80005B068516EFFE49031BE3B1ED26FCF60F9C
:10DC90000EFC53034BF06EF9B3109B1278F86CEF47
:10DCA000EC02DBFCB1FBFF07780D6201CAF81FFE36
:10DCB00048002405090158FAE7FC3EFD2103CE0681
:10DCC0002FF5CFF865F85AFF410AE20C6DF586F999
:10DCD0005DF217F6A2059DEDA802EC17EB04E1003A
:10DCE000CCF6F9EE05F782ECD40AF617FF048BE8C0
:10DCF0006EF680F911F8D0F71217450A91F8A902CB
:10DD00006EFFC40B1F064AF2D6015EFBD2F60E0769
:10DD100086F34AEED4EF1BF624F94702ED04BA026B
:10DD200037E9FAE768F7B3F5180586F01B0ED5005A
:10DD300070F5DADDB8F630025EF040E986FAEF04FD
:10DD4000C8D8CFEB6FFF87FDB7E312EF0BF573FA7F
:10DD50003EE334E8F0FF7006C1E73EE86D023F03A2
:10DD600079F068F3DDF58C034DEA5CF62606140DB8
:10DD7000D4EF27FE3BF613F80A0E0311730814F9CB
:10DD8000A8019B080804E5030A0628082BF21CF9E1
:10DD9000BBF4F201FC029B004412CB0C36106B0565
:10DDA00062F5E1F0D4F669FB7D15F60C0E0747FB32
:10DDB0006FF343E53EF46CF7D10874013EFE380082
:10DDC00073F4D5FF4D0183FEB80BF90F6B0BAA025C
:10DDD00073F9A8FAB3FEF1056813E30F2C0AE311F7
:10DDE000470338F56505F202670EE3063BFE78FF50
:10DDF0008AFB35014DFAF9F056F2ECF3EE0A3B04DA
:10DE00007DF112F0B7F798FB58F42EF659F532076A
:10DE1000E5FD0FEF070086001FEEDFEF4AF967F21E
:10DE2000B0F6EBF0CCFE8F0DFAF5B3EDFF04D2F6B1
:10DE3000F1EABFE9200DC30188F1D4E65AFC950749
:10DE400028F01FEB42FC71F1F3F09D084500170C20
:10DE500021E858FCEBFD04FAF711041C1E007A00BF
:10DE600062FBB4FC9DFF3009B4038A0604FAE603A2
:10DE70005DFFF506ED09D605630607037AFF630328
:10DE8000ED05F400A3F613F62902E809F10CE9FF09
:10DE9000BFF6D6E8B2FE39EDE70EAC02AD03B2FC38
:10DEA000E3F707F109F8ECFDAA05B90B03026AFBD9
:10DEB000B205D6048507DAEDC00843F90DFCFEEE85
:10DEC00060FBF9FDDFF56C0156FA3C12E5040F0426
:10DED00082FF600E6AFED8E1FB09AAF5B804D5F806
:10DEE000C90430FD34EF7CF167F295E951014C0E25
:10DEF0009600BCF89F0424FEFEED34EC30FD950343
:10DF00003FFCD9050AFE57FE37FA57F0ACFB8E06E8
:10DF100002FFF3FE5AFEFC0336FAB3F058FB08FA90
:10DF2000FAF3E4F29408BFFBDBFA33FFF5064D0980
:10DF3000FEECD6FD74FC6702A50F380FC1013F024D
:10DF40005D001E01B3012100E01590055F07F50497
:10DF5000B2FEC8029BF5BE091FFEB1F05E0300FCD5
:10DF60000003A9F1C10535FAAD04C7FD8908CCFC51
:10DF70006CEDD5F0F1E9F3F306069DFB7FF877EF42
:10DF800051EB86FE190C11F57A009D01C9F0630E64
:10DF9000D1F9D207B3FDD9FB630203FCD0F1AAFB90
:10DFA0004E0534F43405B000FDF7B2F800F7BB15A8
:10DFB000E3FAC1020AFEC3F0C200A50188F98B0092
:10DFC000A409A405B0F5E309B1F03FED570159F7F5
:10DFD00055F3A5F427FFA9F5D4F8ECF95A09C30BBA
:10DFE000EDFEE5F9DA040DFBF3FE9FFB68F91CF783
:10DFF00084032F03CDF958F39509BFFDF106D00A2C
:10E000000DF670FDBD01CAFDC2FDA8FF14FEF70E9E
:10E010007DFFDA0370FC12FA1111050EE70C910A6C
:10E020002FF479FA72FF7A07BC0AB0FD0C06C00B18
:10E0300016F559FE66F6B004B9FBCC019E00E10866
:10E04000A2EDF5E957EAE7F4D2F978029AFE85FAEB
:10E05000C5FB83E639E6B2F9D3FFA4F988F154E9A8
:10E06000CBEADAF57E03E10C64FCF3027AFAA80548
:10E070009F04240836F833F5E70A0C08AFFA0C07BA
:10E08000B80456F941F932FADDF58708ED07810049
:10E0900099FA98F9B4FDDFF78707AA0471F73EF7FC
:10E0A000D20A7D0479FA400BF006BFFF14EAF8F9B2
:10E0B0000CFCEBFD1BFEFEFB410386FF4506C61074
:10E0C000F2FF8CF33BFCBD01CF079503ABFF0AF5D4
:10E0D0005FFD35FDB0F7CBF77611350334015F06F0
:10E0E0009BF840EE80F69203C50286FECCFBAF089B
:10E0F00010029CF87D0BBF016011E90AFB0717FFB6
:10E10000B400260057FF1004D50CA30EB2FF5D012A
:10E11000E002A7003707AFFBC9072312670C3B05D6
:10E1200072F708EE3FEBD6F797FE4A041AFD25FD7D
:10E13000CC00F2FF64F87201EBF8A5064AF2D8E4CD
:10E14000D6E931F91711340B2207B4041CF2B9EDEA
:10E15000C6FD25097BF9FB087AFC13097C04E4F968
:10E160002C036703B0F6E2F6E503B5FED5FB280AFB
:10E1700059FBF8F824F90AED731399FA81F696E938
:10E1800093FFDD0570FD380AEA11090EECF04B0033
:10E1900011F958F475FC0AFABC0F010354FD21FF74
:10E1A000E7008AF343005B0550051B0807F635F6C8
:10E1B0003BF4CC07E900E802B90AF7F22CFA31FA8D
:10E1C000A10121FC600181FF12F16606110C26F607
:10E1D00016FDCD00F10EB1FE03FEDB0FE900CD0709
:10E1E0006A01DBF5820B0709590CAF098002C9FBF4
:10E1F000D3FA2DFF00F840F4E910B004DFFE13F964
:10E200006DF7DFF08EF7B7F358FBD3F16AF34AF6F8
:10E2100037F2A7FDB8FD8F0568EE55F198FF74EC55
:10E22000B4F8E0F8C20831F927FDE6123FF6CEFB5C
:10E23000F105E3FE37EF16F52E004B08F90250F614
:10E240000FFAC601E6F820080F018EF50BF6E3037E
:10E250002F020D04ABF2A7F881FE5AEF6B16DD0317
:10E260008B00A70834164008690D5205B3FE33F63B
:10E2700093FABEFDA41BD108E612E60B06F7D0F90F
:10E280008CF94609ADF66EFA03FF570B93F74AF384
:10E29000DC011E0BA5F92309C9F9CAF22BF709F70E
:10E2A0000F0BFCFF1F0C83094DFE23FE26FAE00B2B
:10E2B000F6112EF863FF190920FCAAF72D06E500D8
:10E2C0000DFB15019709AD0A480751FFFAFA03093A
:10E2D000D0FAAEFD3C0111FCACFDCEFD0E07DAF626
:10E2E0009FF8D7EE0BF616F6A9F9980366F473EDCE
:10E2F0009DF50BF16F0BDB1278EB7FE599002CF6A7
:10E30000A1F722074E0651F97EEB530A9BF4BE0398
:10E310008004CBFF8BFB38076AF975F5B8F8FA096A
:10E32000BC0621F63CFE4C05650A5A065307B4F7B5
:10E33000FD0D0E0CB20AE1F6010C53F55A0A910BD1
:10E3400035031FFBB00B890D4D02900416058EFCA2
:10E3500000FEB5F7AF08BB08A6065FF8A9F7D9F12C
:10E360001DFB6D09E5FAD90417091B0A04EDC4F871
:10E37000F40F8B16C3079B0AF7F1EBF6A0051A0AF8
:10E38000AA0B91FFB70D4F109CF142FEAE031A018C
:10E390006703E2F9D80BB807C201A3FEF3FC9FFEA6
:10E3A000A800E6F7FEF9D9065FF517003FF8E4F795
:10E3B00046F982F13200A4FBD9012006B1EC01F04C
:10E3C000040509FE8DFBF101EFF58A0404FC21FE32
:10E3D000C00AC8FA2B095000C3EF41EDC9F378FE1B
:10E3E000E0F6C7FA2807F1F71415950287FF34EE17
:10E3F000EB018E04FEFB86043408E8035D064DF64F
:10E40000FC08DEFDA6F52E01B5F902F7FDF58A0A36
:10E410005B06020EC8FC1007F4E751012C001E0336
:10E420002CFF5EF71B080502DEF9CEFDCA0CF91BB6
:10E43000A1F05CED3C0C330EFEFB67F6EF0160FED5
:10E4400073F8EA024208E10D3C0288FA5B00850D90
:10E45000E90E6F073A0BF50AAFFC0A01CA0005FC8A
:10E460001704CAFD990D81FF1304AFFE260A54F963
:10E470004F075FFE7E17E710E6FBF60AF2F0C6E8EC
:10E480008E05C5FD9116C3129BFBBEFDFDEE8DFCF6
:10E4900081021DFC5B0FFF0D21FFF10629ED6F01CD
:10E4A0003DFA75FF1C0C981A9CFF010A04FE86F2C7
:10E4B000E1121F1157FF6309D4F5D5F578FB9CEFE6
:10E4C000100861028B007BF15BFE93F5D7EFC2FE73
:10E4D000190912F96D0036F70902A5028007AEFB93
:10E4E00098F51AFD6DFA2A0903098A0146F97BF7A6
:10E4F00058F85806B9FFD1FE51F83A055BFF8E0275
:10E5000079F759001FF81BFC10EE2CEED403FF0422
:10E51000FAF516FC0D08741D0303FCFF09FA12043A
:10E52000D3F44301171FB9170EFD3BED3A085AF417
:10E530002D05CEFDCF05530797FB11FB7D029403FC
:10E54000F00258ED03061819E1F8060663F68C018F
:10E5500003F5FA070724B11093F8CE00290289F1D8
:10E5600062F6620B3F1BEC1C08F775F159FFEA08D5
:10E570005B07EFFA91094E212F06ED161C10841A45
:10E58000E5FD33FFA619C113B90EFDFFE70E4A06DC
:10E59000D3ECEEFE630FEB0FBE0E350354112D0DC1
:10E5A000C002B208B2FF7DFAB2F875FC55015FFDFA
:10E5B00034F830069409B600D7FBB305DBFD5CF7F1
:10E5C0001D0255F811FAEA04D7F89906BDF74A0278
:10E5D0009BF65BF806085BF6640826FAA8F607FFC8
:10E5E00032FE82056108A70383080E11EFF51003C0
:10E5F000080408FBB808730E5A17331191F2EDF5B1
:10E6000020FFABF6C601CB14791A3118DCFB2FFFC3
:10E6100062EA5C02351552FCF70F93038002FD0796
:10E62000F5EC23FD8F06190EE4FE0A0A31029C095F
:10E630002EEF730E3E165D156E013BF87B031C003A
:10E64000DEF3ABF6280C001D07093A174B0F7C0CC4
:10E65000ADFE3FF3BD1A830D780368FC86FB15FD04
:10E6600030F315F1D0001604A50E810A7E099F0330
:10E6700037EF990809F9700B181B5B1511FA050A99
:10E6800028FD8DFF31044CFD14FD0504F2FFA501AA
:10E69000E7FBA0FF4605A1FBA5F6F6FDAB020A02CB
:10E6A00042F7DCF77505470A3EF7C6075201D5FB6E
:10E6B00004F874FFB5FBC403B0F7940157FE3600AD
:10E6C00096FA08047BFDDC063B012209DEFF0CFB09
:10E6D000D100490448FBECFA3BFEDBFF6B05550219
:10E6E000E9FD29FD45FB65085DFDEBF635F6A4F770
:10E6F000AA08BC0394FB0C0976F562FA17FB6200CA
:10E7000060F4E7F40C0AEEFECEF601FAC606A3FFAB
:10E7100035FD57034C0292F85201260733FBEAF904
:10E720003404D8059BF50507EEFBDBF61E0A83F5DE
:10E73000C9FA4FFC2AFE76F741FACDF73DF68FF67F
:10E74000FD010405BF05FCFB34F81EFA5400C9F9AD
:10E75000D9FFCBFC5901FA0581057CFA93F706FA3B
:10E760004DFC600014FD2108F1F672005EFE9D056F
:10E77000FCFBE3073F0417027904A500BBFE0C0273
:10E78000C70428074F01B6FC9DF716FCBCFF8601A5
:10E7900030F93FF8290458036F01E5F9AA0651F949
:10E7A00084F7EAF482FF7F00CC00A504360A96FEC7
:10E7B000CCF11EEC6AFC7800EC0191FA3500AFFA5E
:10E7C0004BFED7FFD8008103CC042907A8FCE50F36
:10E7D00085FCAAF7A61EE318B90137099109430D74
:10E7E00010F5B5FAFB0CA8F925FA68036B086D1152
:10E7F00017FACDF79106B30F2306B8FDD706B0FC84
:10E800004C08C20E5F050317F1FD1F032816490EC1
:10E810006E06B8EE1610D40C56FF1505C303120889
:10E82000AAFA11009005C20AC30A90F521FAFE095E
:10E830001CF143FBD507CA06EEFB4F02880F7C088C
:10E84000A3FDBD08A7F5E0FF18017B0261FF3D09AC
:10E8500060FFEF026B03E9F94FF6A9F6780141FD7D
:10E86000B0F54A03EDFCC205C5FCF7FEB8033AF962
:10E870005F0823F9B0060B000002E3025302A9FD72
:10E88000E5F38FFD01124CFF0606ACFB42FFF60AD2
:10E89000D1F9A1F1270DE515F4057107BCFF9C0A1C
:10E8A0007B0830199A05170BB9FD40F0010ADA17F9
:10E8B0003809CE01CA0713075807C3FB6E10F619B3
:10E8C0005FFFB7FC0706D8F77400F304E10BFFF70E
:10E8D00058F33BE7B2F8FDEEEC0A4C01500A6C0A23
:10E8E000B6F042FAA8EDBDE4CC0763EF8CEF6AFE08
:10E8F000C1F408F6AAEDFCF5B0EF09F6DBFD2FEE4A
:10E900007AF226F86EFBA0FDF7F8CF01A3FD200CEC
:10E91000E7F68BFD130360FDCBFF7DFDAA04A1FA92
:10E92000F109AE008CF35EFDEFFC6C07A1F96BFB07
:10E9300003F69C094F0533FE2607280645FF2900EC
:10E94000AD04C5FEDEFFD3F6D9FE43FEC0F86DFE72
:10E9500039F0CAFCDD09B80A080FB707A2000EFF9C
:10E9600033FEBF07D403F90CF0F73CFB1B06EBFCAE
:10E97000ACFAE9071C097E0FC0FDACF3240524FFA7
:10E980001105A5119AFD600E02F078F58A046B0E50
:10E990002517520AC4013001E7F17EF591FC1AFDFA
:10E9A000400C1EF18501060FE106D2FE76FB17ED45
:10E9B00000F145F7DD0EDE0168F39DFF5CEED7F751
:10E9C0008CF5BF003702AC0DB90CBC08C3EFFAF3ED
:10E9D00061F67AF3F9FE68F018FD99FCE7F4A3F10B
:10E9E00075F7D5F67BF5FDFC13047001DCF1FBF344
:10E9F000F0DF71F1E5073310B400CEF5E4F63A0329
:10EA000045F8140A8E0B72180B087EF7C8F15EF1F8
:10EA100049FEFB0751FE61F80E090EF644F9F409B0
:10EA2000FA0736041807D5F8CFF88E092E0A3308EE
:10EA3000DFF494F4850408F63010E0FC040A21FAAF
:10EA400084FCADFFAEFD67FEA606BAF240FB8FF375
:10EA5000840A81F9BE09FA11BA0275F8D10161FA86
:10EA600032FEDAF8EF0E9E0081023FF87607A3F936
:10EA7000EF00140947F5EB0BA504D7FC71F6DDF7A1
:10EA8000D80D3C06D608DF0B72FA880F5108B0FE8D
:10EA9000A7FA85016D05DC04D0046EFB4A0464FD11
:10EAA0006900BF04EA0C8E0B390731FE97F5A0FA16
:10EAB000940CD908C10A040127FFB2E48CFE3BF88C
:10EAC000C2006DFD8C0D2A0199ED95EAFB01F5FA66
:10EAD000780C050B2013E7030AED85F967EA88F344
:10EAE0005F005FFD53F4BC0E15F687FC39EFCDF7E0
:10EAF0003C05DE00B2F84DFA6CFC60F852F8D2FD2D
:10EB000022FCAEFFB1072407CB06A0FA20F761FD77
:10EB1000F3F2D900C7F407F3360B2304BD100F0F2F
:10EB20006600DF04BB10B1006213A0FA050B80F38E
:10EB30008817850E24193D0CA3FC1A04EDEB59FE31
:10EB40001C0BEF01C1065B007F050104D806D6FA55
:10EB500002FA700ED002E401E5EE48FCC5025C0545
:10EB60007B0FC10B080B46FB1E00C00E0AF64900C6
:10EB700024044F0434FC49FE22035A0CD1066E00D3
:10EB80008EFAD1FBA7FD56FA67FF37FBECFE410278
:10EB9000540075FF04F4E4FAD1F790F261FA29F811
:10EBA000CAF6960ABB039507B4F5AAF2F9F4110D5B
:10EBB0006FFF7707CCF98B0438054DEDA1FF0AFFF5
:10EBC000230DF7FAA5F8ACF8D2EB7EFBDFF487FA59
:10EBD000BEFFDBFDEAFCA6FB31F708F282010D0562
:10EBE0000107980E36F862FB8CFC11FC210044F6FC
:10EBF000E9F4EB0F8E07C80994094E0B7AFA18FF57
:10EC0000CA06FE1AE00FCAF7BE12C9FB740171E70B
:10EC10000E1DC5123401F4FD8DFEC50092F34D02A8
:10EC2000D70A3F0958F313EBB4FF130232F768F029
:10EC30003109DC0C27FD410DF9F7990BBDF7B6F949
:10EC40007E0D170B26FB9AFC0F0D3110B50441F910
:10EC5000280A960144F496F5C30F79FE09FEF904DB
:10EC6000F1FB6FFEF8F1EEF36C023306F8F32308C4
:10EC7000F2F22EFDC0FB2C0A7C0E3AFE6CFEF6F979
:10EC800090FF69FC57FD5204F9ECB3FDFCF504FA62
:10EC90006E0F630C80015F0C20FC7DECD0FAC8097C
:10ECA00072EE1AF321FA4CFA20ECF1F21EFF2E005C
:10ECB000C505B2011503C6F7AD0451F224F95C0D88
:10ECC0000BF9B2112700EEF791FB260401FA990E19
:10ECD0002A062711BB014D0416063614B20505F0AD
:10ECE00024048F068B09EB071F0C1FEB06F52EEC97
:10ECF000AA1BE811860BF506A7FC71FDDAED2701CA
:10ED0000740AD9FFB2006EF6B508F808D90010F7FA
:10ED10008606AB0CBC136203830389F1C6F4D003EF
:10ED20009509CF1BFEFF4AF88AFD7AFD3702CE0413
:10ED3000A90421F4B3FDB0005C079F05DCFEB7FB1E
:10ED40007AF85FFD8E017300A004E4FFB9FE07FAB4
:10ED50004BF4F0FA67048D0D1906A301410E2CFE49
:10ED600098FDCA0597100F08EFFF7AF515011517E2
:10ED70009304D40F5A070403B1ED13F2D9125AFDCC
:10ED80009301EE00971679F4D5ECEBF70AFFC9F47E
:10ED9000F210F303450275FF2F0628FAA1F57C0057
:10EDA000A40A24FAB70594F7DD0E4908DA00E9064B
:10EDB000CAFD670056069FFC15FF8700CBFFE9F8E8
:10EDC00010FC6801350D0C0E16FFF8F655014302D4
:10EDD0001411AC096F0BBE056EF8DFF7FFFFFB05E2
:10EDE00065031A01B601F30996F158F2620586FF30
:10EDF0002A036D074108DC0217F621FF7BF8D6FCD9
:10EE0000D40EFB007EFB2CFF3FF59302EA012E049B
:10EE1000B60A960D350159055B10380844084BFEBB
:10EE20006705FEFE16012DF3E8163C093BFA580073
:10EE3000AD02DE02CAFAB10A840EDC06EAFEAF01B8
:10EE4000E40204F534FD3F0922F7C4FA55055103E5
:10EE5000E6FC81FC23FE210E35FF9C04E405DB0863
:10EE6000EBFDBFFF800FE6027D049601860281EA7A
:10EE7000350951F1DAF56900C8FBFD0D5C0BB601EF
:10EE80002B04D401E0F95BF8AAFE0F0CB10604FADA
:10EE9000B4EF3301E2FF3C08B0F8C0F80604DA052D
:10EEA0001BF084F5A1FAAB0FCA0EDA044CFA61121A
:10EEB00019F5C8F9940CEB0676FFC6EE5EF614025F
:10EEC00014F11EEBC3FFED0CB4E904F7BDF88DFBA4
:10EED0005FF2F5F170F5B3FE66FD6BF4330155FAA0
:10EEE00091F865F6FCF7D7016600F40A2C0064FB84
:10EEF0007D01520CC7FB6EF0D216CB142B0508FD1A
:10EF0000E9FB66F9A7EE95F3D613F70DF40BA0F61F
:10EF100003FF6003F3FE3913E2FFD7F6FFFD100392
:10EF2000C905D301311B3C0825037901BB0B9300B4
:10EF300010064FFB5F09320CF4EF13FDE5040310DC
:10EF4000AFFB7B08AB1E4205B105DF170C062DF6A3
:10EF500039FFEBFACCE40AF4ACFA11F2F00B05FA43
:10EF60004E10A90D4BF63302050897FD3101BA0B7F
:10EF700052EB25FA76022402F706190BE4FC01FA9B
:10EF80002DF4F2EC3CFD1E117F002F09B6EF910726
:10EF90004EE0B2E39E0E41058EFA6AFD8B0E260B03
:10EFA000D3EBD0E428027E097DF5DAED710CF71180
:10EFB000F7E432E3180D03F515F630F0C8193C11EB
:10EFC00086F67E02A2EE0AFCC3F634095506AEF8B8
:10EFD0007CF680004FEC38FEBC02560B4FFA3DFF2A
:10EFE00030FF090A73F775F84201E003E8FCA20755
:10EFF0008AFF890720050BF657FA11FBA7FE7FFF52
:10F000000AFA1AF862FBB30A78FD15FC7BFE0903C5
:10F01000D3FE57EA75087A1516FB39FA42FA0FFF44
:10F020009BF2F004D9149B0E010BE3005BFEF1F69A
:10F03000DFF5C1F505DFDC061EF17408B1058105B9
:10F0400077FDA40B9FFBE8088610CBFDD8FE0715C3
:10F050003BECB0F05EF343FB880AC80444012BFB91
:10F060004DDEAED479EEDCF78B05B5065AF45DFBC8
:10F07000C5E6F5E8DF015B0A9BFD4B01EF18521D69
:10F080007CE2FFE5C70AFE162FFF79F80F10391C46
:10F090005AE94CFC3BFAB5ECE40022020B0F77096D
:10F0A0005304720ACCE718E3C102EBF418F664F7D4
:10F0B000ACF70AF54EF6F7F87F033BFFD8F6CE051E
:10F0C00007F5D1F9ACF8870F780218FF6B018CF9BE
:10F0D000FD0B2A06BFFF9AEE61FB4BFD0DFC5401B0
:10F0E000D6032E0043FCC8084405C7FE2B03AA0420
:10F0F0001EFA06F4A301300DA3FE56F5B007CF03A8
:10F1000090F55BF7342764FCC10A61F9DAFBD2F5AC
:10F110006EED18FD36E89D0B7DF50A03E3002E0425
:10F120003EFCB30131037EFA56F96BFEDDFAF905B8
:10F130007EEA6CF51CF66B02C1FE5A0A94090FF0C8
:10F14000BBE121DF42F486FC2FF908FE2B0077019A
:10F1500012E65BE69E1B4812B4FEDF096416560BEE
:10F1600099E7FDEC6914731C3306F203E5090616F2
:10F17000D0F6900ECDFB02E6D7071F0317F9EBF888
:10F180004417F90CA3E2E1E340022AE9D5EBFAF3D4
:10F19000F8F1D3EA9EF0FAF2EEE9E5F6340469F606
:10F1A000CFF5EFF6F70439FD8BFFE3F81A04F9F019
:10F1B000E6FF18FFF9FC65F7C50392F6ACF86001AD
:10F1C00012FC1DFFBBFCADF809FA85FCF402FDFF43
:10F1D00013F262FDEC0281126EFD24FAA2F990EBAB
:10F1E000A0F51507D0190404C8F9B002E507EB0132
:10F1F000D2075FFB56F3B90D9C0A9006EBF8160890
:10F200004F0074FB68F93EFFD60A7A0C09078507A0
:10F21000610588FF71EFA5F6CE066900010C15FBAC
:10F2200064E31CF2650A20FF4CF15C08EFEFB6FACC
:10F23000ECFB3801CC16C219AD086E09F2001FF9BB
:10F240000F0339047F1B6012AE042C0CA5F746FC9B
:10F250009D0E231DB5F65CE70F10F00118E725E2BF
:10F26000AB0D1D07D7CFD3DCF3EC91EDF3F4F6EE45
:10F27000FFF0F6F4C00329FD4DED7AF1A9FFC0FCC3
:10F280009DED62F5120061FC9EF8AC0709F87AFC6E
:10F29000F5F9C2EE05FF21EF31F7F3F3200B4C082F
:10F2A000F8EE51EFDAF30B0DA8EF52F629FC51F806
:10F2B00055F57EF35A01D114D6FDFBF900FF13007A
:10F2C000410950114A1E560E64E35CFDA503E80B8C
:10F2D0004C077E0242F39D08FF08FB091F135B02E7
:10F2E0008B0178F8E0F697FDB4F51F071EFADC0CE9
:10F2F0004DFE27F818EF0AF9FB0CDAFAFB10980A12
:10F300002BFAC1F773FE3F007DE6FAF1A3DDD5F9D4
:10F31000660B2E0F4208AC1DD8F542026DF926EAA5
:10F32000E112E3052915C009A9028C01F8DC89DD89
:10F33000A0149B0EC0EAAFE54C0BF2F425EB53EBA7
:10F34000D0153FFA62E6BBF961EFD2DE8EFA8A0E83
:10F35000AAF6CEFF600961FFEFEEE6F5D4FF18FED6
:10F36000C904BB0BFCFA8F06A806FEFCC6F059F4D4
:10F37000B9F7A204B2FDF6F42C0496F9B1045002D8
:10F3800009F550E91502E40BB5F56AFC22FB55FDC1
:10F390008FF5C6F8570D9408DCF05B07F20F99FA69
:10F3A000E3057010EF0E2309E5EBB0079DF345066A
:10F3B0000D137512DB06B000AC1316FD051B380EDD
:10F3C000CB0515FDEE0215FDCCFE430660F812FDDF
:10F3D000C4F0E20788F93BFF8F048DFEB8079AED71
:10F3E000A4F972108DF9DF061F08CCF4B8E985E79F
:10F3F000F6F9C3070507561BC70A590151F077EB09
:10F40000C8FB3D07511F20F886FE32FD55DB8FE318
:10F4100024121502A3E42DD767EF20F22AF0AA08E0
:10F42000BAF91CFD5CF271015BDCF1E4390E991054
:10F430009F028DFD9D02BD0CBEF48201EE03F5ED31
:10F44000EFFB7C11FFF5ADFF23FBC3F68FEEADEDB7
:10F45000EB037C02D5F73901B5F172F5F9FED9F964
:10F46000EFFCA2F0FC0C5F0157F29AEF5BFDD2FFBC
:10F470003A01B80B48070F0C34F31702FA008F0952
:10F480000C188D09D50DEE1136EEF3FDCBFB750C86
:10F49000B20D210C820543035907E6010A0D9716A8
:10F4A00018FB5F0B6BFB5D05E0080DFF0B00E70031
:10F4B0009701ADFC56FDCEFCD70E1105000803F5F3
:10F4C0007801B612660B951073FF78FBEBEC65F4D0
:10F4D000ABFF2B0E0A0FCA2724FFEFF4FEE42EE346
:10F4E0003E094406310B16F9D9F243F0C2E217FB8C
:10F4F00056F909F80EE661E1CDEAC1DAF0F78E11AE
:10F5000083FDE8F53AF4020A75E33CFB90177A0AAA
:10F51000C6FC8E01CE069B05C3FCA700F1FD2FF6AD
:10F520001A17DC0A9DFDCADECBF47DF53FFD3CFFDA
:10F530007100FB0758F37CF6DEF1EFF77EF61FFB58
:10F5400033F9B7F8380E7A06B4FA9BFC0EF12DEBBE
:10F55000D5FB0D047A01100710FEBE0552FAEC032C
:10F56000D4078C04C2FF7A1142049E09E1FD2B13DB
:10F570007117AA04551653099F14FF05D20A8F0F5D
:10F58000E2FE7508F709060838FE08FE9F00B7027C
:10F59000EFFE46056B0A65FE0AFE2803B0089DFBD8
:10F5A000ACF7EE094403B10ED8F34108A7F221F9F4
:10F5B00001FAA302F90C041839EEB6D802E9FEE804
:10F5C00073F6C101BB06DFF4A4E93EED38F95AF346
:10F5D000F6FDF504B1F25CE5A9E7E9E51611C522EF
:10F5E00080FDF3027CFEDF12E5F76308AC15CA115B
:10F5F0000AF8270C0D0D1DFC0A0E2506FCFB8AF4EB
:10F6000014084813C8FBB5EA22040702EBFBEAF42E
:10F610004316A2005CFB5908DE0839F93CEF30F3D1
:10F62000D806680C98078008F9FDE8F280EA91EEA8
:10F63000E6FE2BF3C701D60421F88F0057FBDC064A
:10F6400091FC9F018D045919A207BE0B12F8BF0D42
:10F650000C092CFB5C10FA01660D610EB406510C0E
:10F660005601200A66FFCDFF32003A0D29F98502C6
:10F670006BF9F4FB64FCBDF843FFB8F15D05E2FEF5
:10F68000CFFA47F20407A70070F21EF119F8D1F57E
:10F69000BAF1E9FCEC09CE0A79E6EDE3C9F3F4FF2F
:10F6A000120858F3EC11A50313DF44E272F5C30905
:10F6B000C7EFEAFD8DF33DF69ADEF5F99C0DE80DF6
:10F6C0002AF096F665FD8010DD07C20B821AF3065C
:10F6D000F9046C11830271F446F671FBE3F57B04C7
:10F6E000C011EC0EFAF03FFE0E00F10250EEBEFA31
:10F6F000D010CE0ED2FB840090064BFAAEF048EC50
:10F700002E0E1F0E81FEE00981FBD70F2CF60FF3A2
:10F710004301BE00F110A700F1F976FFA3F1F8054F
:10F72000B407B4FB0B03BA15BE05F60D71026E06E5
:10F7300077095B16FFF029F2A30183136EF2DA1842
:10F74000A3FDFEFDC701C5F8AFF9C210F9FDE4F352
:10F75000C60D7EF9D9F8F0FA18F3F9EC4B0E8BF4DC
:10F76000C00339020F041A0AEBE36EDE47038BED88
:10F7700046F212F8DB0CBD1085EDA7EA8AF97DFA96
:10F78000CDF6A6FE0D0F050918FA71ED720463059A
:10F7900078F358F9F60EC4FCACFEC9091D0F4224DB
:10F7A0000AFE130397020409420D740FCF18AA0C26
:10F7B0004C076F06450870F6DD019F04C2082E0352
:10F7C000F10BC107F6F94009B6F7A5FE3AFD93F62D
:10F7D00013FBD0FDCD03BE00A5033F0C22FC65F555
:10F7E000BD006507EC018BF7C312A1FC2CED77ED92
:10F7F000070F4B0C500B53FE8FF8600E5FEFC001EC
:10F80000B7023BF79503F7FCE4FBDF0D2D0CF00E80
:10F810009B0FC0FCE2F77B00FB06FD0AB6081E1733
:10F820005BFDC1F6A3F5ACF8CE07D10096056102E9
:10F83000BE098109C1FECBF753F469F29C0EC102E7
:10F840007FF7F3014C044E091AEDD4EAE6F747FDC1
:10F8500000FBECFFB2F9690D4AEC95E8ED0365FF9A
:10F8600023F762004C04F40DC7FC8C0BC2FF3B066F
:10F870006AFE8609570C4500AE09910C5E10DC0D3E
:10F880001003250082033C0A4316820F5B101611F9
:10F89000310AC4006F01C40875FFCFFC560EB905CC
:10F8A000B4F092F2DA09DD07CBFE6A04C306DBFA94
:10F8B00022F2D3F25E0AE6FA75083B0649FDC5F965
:10F8C0002C08000AFDFFE3FFB600F90E69004B03A8
:10F8D0004A0963009604D2F2CD0E870FAFF52408D3
:10F8E000F10159F189FF53EF010AEA15AA08880AC4
:10F8F000D904E5FF5AF176FAD41338F9E80B1D055F
:10F9000086FA6FFE8A0415FBBB02070DEC0212019A
:10F91000B5175413E1039B02890627024104180816
:10F9200022FF2BF7C6F561076FF41DEB6E006EFE2C
:10F930006FF4FCF982F6CAF657E7EAF1EA0E55FFD2
:10F94000AB00C10AD3071D00E2F5F4FFDDF61C038E
:10F9500062012F0CC8092004C81BDB13930D83061A
:10F96000C901DBFF5F0C0EF67C0FB806D10D050553
:10F97000E8F7F6EFAD015706AE0EBE027D08160A97
:10F98000A1F735E5F20212F5940B4207AA06CC0660
:10F99000DBE6E0FDE8F8C7F281FF7202BA0BC909A5
:10F9A00071FB1805A7FA0FEFE50752F7610686FC11
:10F9B000070ABB0FCBF742FE5307AD192B00D41B30
:10F9C000DB04B4FB0AF2E3EA6514D60A0012E40F82
:10F9D0007F0C01FCF608E5009405BEFFEB0D73F704
:10F9E0006FFC3AF7A6FED6093C058B0916062A01DC
:10F9F0006D12DDFB110B790D170A63FA050D360D3B
:10FA0000670081FBA5016609F8F9FF06D205BD0C68
:10FA1000000B010AC70C6C00F2F266F81701CA0D60
:10FA20003806F6F6CD08C30BD9036E14EC09C702ED
:10FA3000A807E50D0E06F9FC510D4C0BA2FF9A0626
:10FA4000E002A3F627F8DBF972120007AB07020EFB
:10FA5000B7F99CFD6CF54BF4F801260D2A0242081B
:10FA600056EFFDF8AEFA74F906023CF872FA780C1B
:10FA7000F3EC61F9E8EC47FF800364F0900E8D121F
:10FA80009AF7790439053CEC23EF91FAC607460B47
:10FA9000060B3201750049EA50FAB510690ECB2108
:10FAA000360BC1FBF3EF93F8B70D5917C6082200C8
:10FAB00009FD6003A0FCA406160BEFF6E8083C075E
:10FAC0003703330A370867F8BEF81C0290FFD806E0
:10FAD00009F611FB480368FAB806390AE0FF7A0D07
:10FAE00091FC31F02D09DE086AFDFFFFDAFE6706A2
:10FAF0009C059C0E710000FB7F0DBF04F4FFC1F854
:10FB0000E0FED007C7F61F02A003AD0C23FD3806A8
:10FB1000B0FA30FB59FB88FB7703F7065E04470613
:10FB20009EFEBB02F7F9AA037D0DBB0CF8FD4A0B44
:10FB30002A010DF1C9FB9F02B30FAB0AA2FFA80473
:10FB40005BEF81E9F3F67801D7045CFF1E0BF20945
:10FB500024F1EEF139EE34EFBCF8ADF24908C51AE4
:10FB6000B1EE7FF309F06FFAA2E537F2E3016BFF24
:10FB7000D4FE0EF9AEFA68F275FE7A0EDC123C1075
:10FB800092FCDAF99EF6ACFA5906DE016C03A9FA8A
:10FB900019F684F6C6F0BDF9E8FF9901C50500F82D
:10FBA0002A093AFC15082603370938F7BFFE93FFE8
:10FBB000690DFBFBD1F8EBFE95000F06FE0366F422
:10FBC00052F720FE6B144E108BFE3EFCF9FADCFB64
:10FBD000E0F2F3F5EE054CFC3C0823FE95EFE2E67F
:10FBE0002AFDB20550F53A02B502C302CDEA10EE85
:10FBF0005102440001FD210623FA300805F45201A8
:10FC0000D3FCF7EF440068F2720743FAA40AF30149
:10FC10001003F809F10CF710270C820AA80432052A
:10FC20009100FCF999EBD3EE9A00CD0A8300C6FB54
:10FC300029E407DCFFED91EC3EF959082509FE1592
:10FC400032EA5DF665DF27FC6AF541008AF948056E
:10FC50007DFC02EB51031C017E004517EEF9F10F0C
:10FC6000B40B830C5A010004B60FEA0DD8114215EB
:10FC700023022E097A0267093C0BA0057910430381
:10FC8000FFF5CC09C3FD1D03E609D50162FB330175
:10FC90002EF2C2FA88F246164A032C0769F2E00BEC
:10FCA0008A0631F7191A6B0E48F823F03A04EFF977
:10FCB00049F54F052F0EE00C840FC80927F711F006
:10FCC000A5FEF90B6BF7350BF702C6FEF2F4E8E17F
:10FCD00092FD4A0A220A5400D9FE64F95FF717F828
:10FCE000A3FCDE087EEC05EE5005660054F649EFF5
:10FCF000E20B8F06F1FA5DF685FF2203FCF6C90BD5
:10FD00004B1283FAEBF172E9BDFE7BFEE7FDA40E18
:10FD1000F8E4D4E94AF3D4EC8706B90EC4074202EA
:10FD2000AFF024F718F3BB00A80963F668FB8EE375
:10FD30002BF04EFD8CFD5609FEFE16F666F39DF285
:10FD40006EFF7E00430EFAF8A8F99BF7BDEF07039C
:10FD5000C9FDAB0057FC87F79FFECBFF8903640208
:10FD600043FAEE062405A407A30503F83DFE100898
:10FD7000BE02C1FFDAFBCBFBA4FD72F6D10579FB15
:10FD8000DCF314EF7A0D141F2AF564EAFAF775FA1A
:10FD9000CCF214F9860D9BF5A2FC590D4904870E8F
:10FDA0001AF95404D8F06FFCB00944F91D052DF37D
:10FDB000150BCC0D720A48FDEFF952EF2FF2F6F158
:10FDC0002F09AD09E0FD4E0AD7FD0D0D0EEE53F7DC
:10FDD00081FA4A05FA0B080404F8CCF6B3EC56E4B1
:10FDE0008F08BB0B8907CDFC2307CD02EEE1ECF9B0
:10FDF000BA1302FFC400D712C404C8129BF5CAF597
:10FE000072F961FE3F04910C7A0293049CEB54E575
:10FE1000FB029B024714090B52FD02012C026304F2
:10FE20001F034D0142FF6102AB0735011DFE4C016E
:10FE3000CCF936FB36F9A009FFFB37FA4D01F40186
:10FE40001F05C7F64708E6FEDCF667FB55FB28F7FB
:10FE50001AF927F6150AA303A101E209BDFA98FFD2
:10FE6000F005E7073CF85E002A002C0860FE0FFE54
:10FE700083F718FFE30724093E0F060DDFF9D701CA
:10FE80006AF8E7FDD7FE5414A204490DC200E1133D
:10FE9000B6FF30F4990528FDB7006AF9FB0869122E
:10FEA000E1FCB9F3D4FC3FFACF01B71998FCE71590
:10FEB000E5F09AF5BC0AA40D900835F3D3093F117B
:10FEC0009AF80E072513161509F8540BFD121D0C90
:10FED000EFF69BFBF9139E0EEC04FBFE49F3CF08F3
:10FEE0001502AAFEE218151E2408AB08E40115F657
:10FEF000F60AAD0AC00D8D0BDEF8CE0B40019EF662
:10FF0000E301170A57FA74F8A108B8FCAAFAE3FF4C
:10FF1000ABFE0F0221FE1804A3F9CEFA9304C0062B
:10FF2000B600AD071B01CEF783F89EF6500618F811
:10FF30000D083C04870419FDC4FDAC0484FCC3FF18
:10FF4000E1FE41FC49F7EFFC1106E708FBFDE1018A
:10FF5000AC04570389FA7CFE7A005DFBAD075EFEB8
:10FF60002D0A70F9FF03DBFEC309DC081A05E6075A
:10FF7000A200B7028F06CE03F4F7C20393019C00E0
:10FF80006F0CB90ECBF9E3FCE4FD46FE7B0361FD8B
:10FF90009205CA09EE04B1FF08028F060DFEEF01BB
:10FFA00036FDA205FDF726F8E908D7F6E9FA97032A
:10FFB000BE081DFF32F79003A1016B0356F6B0F99E
:10FFC00027009B01390268F72600540131012B01FB
:10FFD000490224081AF9C2F7C0022DFF01FFF6FBFF
:10FFE00072FAA6FA8EF89206E3077603E4F58BFB25
:10FFF000360710020BF85604B5044D03AD0020007F
:020000024000BC
:10000000B00487F750080209E7FD40FC3E01850473
:1000100087FCE4F668F9C9FAF3FED3F6C4013906A1
:100020005B09990276F65F0716079DFE01FC7708CB
:10003000C80339FB0EFB1F01B308E2000408AFF64A
:10004000E7070D0ED7042A02C1010808C30377028F
:10005000061121000C0154FB730265FE9D067BFF17
:100060008EFF9505D3F5BC06CFFF460619FF5A0C47
:10007000AAF026F3C30DE1FDD0FE62111DFB9DFB2E
:10008000DBFE6DF7E2F384FAD805E5FE3EFD4C0495
:100090002010840E910587F15300B3F8B50747F59A
:1000A000BA0DE308BBF23CFD6DF7C40307F871FF1E
:1000B00062FFDE066EF1FDEEDDFBB209170815FBEF
:1000C00010029D01CCF831FB8A06F8F922F99B0752
:1000D00037067F058E09E30039FBA5FA55F706F9C7
:1000E00067F782FBBD00BAF635F745FFAAFDB706F4
:1000F0008409FEF8F60060EF2B04EB063305DE0200
:100100000EFA780419F2F9F63703E6FB9003CB08F0
:10011000C1FE55FE97FFD9F19B0AA90DF8F7F4F837
:100120003A1094076CF84800251B6F184C0280EFBA
:100130002B09C11A9C02C810BE12D1FDB9FAECF805
:100140009D0D4EFC1405C9023D0004F626F25EEE3C
:100150006813A304EB0091F66B02BB06D1F199F58D
:10016000F1F5150EA6F7B6FD9D02E7135AEDDFE98E
:10017000D6FE68001D13CA0F2803540570F7B60297
:10018000C10175FF8406190AB60415FA53F533F751
:10019000C004FEF60F01F900B3FF9FFB69F04DFFAD
:1001A0003E00E7023004DEFBCEFFFEF7CBF226FA7C
:1001B00005FAC800BEFD3504FFFA13021D01040054
:1001C00061F6E1F6DA0525F9A6FBA3FB9BFBECFD46
:1001D00062F3F3ED4F0C41FAF40B6006970A99FFB6
:1001E0002F12D407FEFEE10449FB2E04A2F0B00456
:1001F000AFFBB5F682F867F39A0DC004A9F050FB87
:10020000E6F67C05DFEF78EEEC101A1B58FD2DFEAC
:100210000EFD6307DCF745F3251618050FFAFEF906
:1002200075F39FF8FBEB36FC380A05043AF26A05D1
:1002300058F8E503A9F8E2ECAC024311C7FA0A0B3F
:10024000160990F305F60DEC80067401F8003408E9
:10025000DEF6A704E7FED8001804D6FFCEFAA5FA0A
:100260003FFF0B00EEF9100EC0F61BF0640221F800
:100270003205C603CD14AD0B2B04C50FEFF83AE7DA
:100280003D00DAFB39FAA8FA4F133D0808E6800171
:10029000EC0233FD67F6EB0356FA100818FC7E06F5
:1002A00066FC67037105CEFD6FF91DFBC1022BF7DC
:1002B0006DEAC4E74E0F06FC660E351041ECAFF355
:1002C0004EECD5032602C6116D138C049DF662E731
:1002D0008500B90963FB10F7EA09ABF9E9F01802E8
:1002E0009506DD09ADFDAAF49C0056FC1303BDF88C
:1002F000DEF7ADFEB2E976F828F9B10A90010901FE
:10030000F20AB5FB4B06FE04270564FCEDF8BC02BF
:10031000BEFC6B06DCF3D9EA0A062403A2FE210F19
:10032000A209F60A13F875F00805A40BDFFC940A7D
:1003300021005B085AF982F83E01FC00F40714F52D
:10034000E8FEFCFF86EE22F898F55602F4FFBDFDAC
:10035000EA07E909AF0A250EB7F9B0FB3D0B8801A2
:100360006506ABF7D1FF02F9DE106C07F3E849F63A
:10037000B8FA4DFD51FA2607B209ED0A0F090B052F
:10038000790A84046909E70640FDF3F54FFD46014B
:10039000A2F4F1FF2C0956030A0FD517DAE87A0008
:1003A000F309ECFD6D029610311A59084CF8D6F29B
:1003B00069027AF8530FC3088808F1F7E2F258FF90
:1003C000F502B3014515870349FD4FFA57FDB40007
:1003D0004600CC0082FF31F718F2C9FCC3F4FDF2ED
:1003E000D40A6C036D039805E40C6A0954FAEF0E05
:1003F0008607620262F99CF101088EFB5503DBF867
:1004000060FD28FE21EE230140FA65020BFF2D015D
:1004100044F84DFD74F24603CAF86600B4FFCD12ED
:100420008C06190831F593FB8204420E1C088A07DA
:10043000D9FD07129DFD460454040D0100FF9FFDE8
:100440006017B2077CEE69F3D0147509DDF2ACF4E5
:10045000F807E1097CF21804F7127AFDF602D505D7
:100460003DFE3A02EAF8860731F640FD89F678014A
:10047000ADFA40F98A00BFFE68EF0210880DFAF469
:10048000E406E3F490048B0A00FBA8F2960C250521
:1004900071F179F872FD100B35F6EBFBA405DFEA7C
:1004A00093FFE00866FB751055F965FC70F937F5A8
:1004B0005505DBFBD9FE6E09CD065408B6E975FE7D
:1004C0001BF13AF9DF07CCFE4E0F57064FF26F01D2
:1004D000EFF902F8A9FD42FFF3003C0E7305F8FBAB
:1004E000E4FE8DFFD7072B0876097B1376F74C00C7
:1004F0004AF3B606CC0E3E0E3C088B028B0A8A08E5
:10050000DDFCE1F0070769FFDA0A41FB59FF3D0313
:1005100064FEE010320188F09104A4012A0DE9F98B
:10052000BD06320FA2F211F60311EC08100446F2D8
:1005300028FDE3048A0964FFD0F46FF4E7FE5AFD56
:10054000EF0260F1D1F58DFC09039901D309FD0497
:10055000B4F49EFC1811BC10DEE968005EFC520287
:10056000FF0130F454F19F01F90ABAFEB2FF960977
:100570001E01CFF035F6590784FE9200DAFDC00562
:100580003E0A57049607500CB204640ED4EB95FA59
:10059000D1F0E8F93A0CB60591033D0255FF640A23
:1005A000EA00B4F83D04E6088102C31269068A0E27
:1005B00057F87CFF000BB6FD990ACF124801B2072D
:1005C000E1FD27F4A00A5E16DD135FFDCDFE5805A0
:1005D000E6F10EFCC4042111050EF205BC10BDFCB1
:1005E000890A9201E60D83011AF4A6F6F6FD7E1043
:1005F000C60809FE1A004DFBCFF0B4053E003404D6
:100600009D14831B14F7DDFCB30A8E11750C040DC9
:100610002909FBFD1D0A28F69B004B01E7F4530254
:100620005FFA2407B60B150025F25CE7AB0C6E0DE4
:100630009E0C3203F11104FF4BF17EF4820D64F441
:100640006607F0FFEEF71EF3DA0A44FC7B03D5FFE2
:100650001105DDFC64F735F1BA0A4104C80196F2D0
:100660005EF60106E501E60F9205B3F8F4F5A5EC98
:1006700097F9B8FC53FFA80323FEE9F8D1EBDA00A1
:1006800084F65AF9D0058CF686002F0B6411EA0324
:10069000E0FC67049105370B8E0A3909F60F820DCD
:1006A0006EFD36FA53F96B0A9F067D0166151D0F24
:1006B0009DF2CF02E4018201A0F6F407EB0FAE0831
:1006C000F3FCA1FA0E019CEC3EF632ED020B9F0A00
:1006D00098FF1EF77C0289F4CFFF1EF68907C70C2E
:1006E000EEFBBF0ACF04290A6B0C73062A01640CC7
:1006F0009B1106FB18074E07F70F340CAB0494F858
:10070000A80711EA3B0824FA9CF253F1620BCAFFD6
:10071000410A82FFDFFFFD02B20BB6FE9F0064F2CA
:1007200092F81D0125F610F570F8570CD105F5105B
:1007300008F9AA02B9F7DDFAFD1124080D0532EE19
:100740007BF3EBF5F8080B09C4034D0B22F2F6F826
:100750000AF963FD18F8C1054BFC15FA15F2C1FC46
:10076000D70347FD0EF87EEE2400CFFA0B06A0104B
:1007700048F301F970FF15017008F00ED20B890BD8
:1007800057F9D7F58B0451FA8EF865FC5E0D3205EA
:1007900064F29EF91AF78EF10AF34BF76C159E0F6F
:1007A0008EF825FFC8F1A6F63FEE51FAC30DE80B0F
:1007B000BAF307F0B20584FF6604CA0D9506C40BB0
:1007C0001EFC32FE68F16FFA71FB17FE3103B215A1
:1007D0003EFFA8F46EF2E10A800632FF84FC17089F
:1007E00096F36EEF7D01A0FDE6FB1AF50207950575
:1007F000FDFDF2071F06F0F689FA2D00F408A1F7B7
:1008000074F4540D7EF9A5F7100393FDB1F40D02B5
:100810004BFF2F09B7F417EF5006DB00ADFB3CF0A0
:1008200015FE1DF33BF6B8FA3E060D03EBFDAFFADD
:100830000E02190092F84201EAF96B02B5F9570667
:100840000100E2F3ADFA4DE40BF609088A1412FF39
:1008500022F7BFFD9BEF2307E30D980AB1036A025D
:1008600031F26DF2400556FA590125EFAAED30003C
:10087000700181FED3F57104CBF29BF2451664033F
:10088000D5F5B305EFEE07FF8DFAAF01DD095CFD8D
:100890002DEBD3F52507D3FFF20661027405C20ED6
:1008A00010E778E4F2FD2112920542FB3B0E6D0049
:1008B00010FED3E550FE8A0499063A04FA00FC02C1
:1008C000C0F716F6FBF892F224FEE3E75D06510648
:1008D0007AF525F3ABF94AFDA2EE8406280A47FD16
:1008E00024FD5309BCF7EAF7F50C370B25F6D202C5
:1008F0001803A7FE25F41A02A9FE47085D07EBF9C5
:100900006C04D4F903F7790206FF2EFB97ECD8F4B8
:100910004100E4FEA1029AF1A7023E054BFBB2079B
:100920002DFFF3F82EFADBE8BAFDD1094207A00F3C
:1009300054EC11FC7104B905EF17CF00FEF2A8E5E5
:1009400018F712F043FBFF0394F3F2FE19E64DF79C
:1009500094FD9603A7F7ECFE4D0AD90568108E1199
:100960001CF79DF546F4030C50F8FF013A034804C8
:10097000ABEA4EF1C90E7D03F6FBEF040E05E8FE6F
:10098000BBFA14FC7BEEEC06C20C7007870AC7F5B5
:10099000150560FE23E0A0EB4910B603FE0599F4AF
:1009A0003FFED0FE4DFF31039FFFC7EF4AF6FD0625
:1009B000550251F67E0319F6CD05C4067DFCCAFB2F
:1009C00064FA4904F7EE6FF0251453FC4A0488F6E4
:1009D000B5FB4FFF27F2DDFB5BFD1C01A60E2908CE
:1009E000B40192FAAE0ECC02C3FB21F8A50220029C
:1009F000F50845FA08099CF8A6FF5BFFE00F480ED2
:100A0000BAF9CE03E3F47CFB8AF5EEF343176FF8F3
:100A1000DCFA72F84F0DAA09DB08A90DCEEAF8DD61
:100A20006A07C7075F107304A4F663FD35D361EC52
:100A300016FE79025BFAB1FD57FCAB0227FF4105B8
:100A4000F9F4BA0219075D10100845069CFD4CFC2C
:100A5000E1F17BFCB402F0FD6DEF0B0366FFAE0A23
:100A6000B4F7C2F9D7F8FEF5C0F0F2F840FAE5F3B2
:100A7000130153F0A5EECBF4C6103D0D4808220338
:100A8000CBFAB400CD01C8FDBAF67DF6F9FE68FBDD
:100A900042026504B6F29C0220FEC309D5058DEF23
:100AA00072F3B8EC8BE8CEF2240167F4CE0219FCA5
:100AB000500105052B014C0E64F585F6130DA1FDC3
:100AC0002AFA7BFB3907BDFDFA0299F7EBF9D40648
:100AD000A10AA60B79FC45FC41FB6CF48EFE33F9B0
:100AE000860C82FF3E026F039FF6E1086E01A0FDB7
:100AF000EAFCF610D912C1095E14D70B31E85DE3A8
:100B0000420FC40839FFB8FA770A310592EBD6F3E1
:100B1000C102820936F78304ABFDBC06F703A8FFC8
:100B200088018CFC100D1A0DB5F944FB5EF078F0CD
:100B300033F82600AC046F0367F22FECCFF8F9000E
:100B40002D052804B409CB0524F6D3F49D01C40473
:100B5000F80A94088CFF41F7EEFCED02B4F9290481
:100B60006E0D1AFDA600B4FD56F59BFFEEF823F9B5
:100B700066FEB206E5F577F93BFDCFF8931470F702
:100B800097F673F5E1FDD101FDE98FF2C9FAB30AD9
:100B9000410AD2058E0F410B35FBD8F9B5FDD303C1
:100BA0002610AAFFAF0D560E65FED5ECA4F4D5F8BD
:100BB000EB0C2B1250079004F5FD82F24CFF90FFD6
:100BC000B606AA10810748FEDEF2150F3C0568F054
:100BD000FB02860D970E1D126D0A9A0E6DEB5BE8F7
:100BE00008151C0B5E017E09220131091AE6A7EDEA
:100BF000280D8209C902AC0F550C9702C2FEE9EC20
:100C000089FC64F7350F08193EFD69FFA400A9FFB0
:100C100078FDD1F12D15C40F5CE555E4B2F95F0FF5
:100C2000FDFD14190EEFFE0213F4DFFDF013600753
:100C3000E705A70011FB85FDC2FB65F1570F6500B5
:100C400038055EFF72043EF4A9FB93F78F0524F587
:100C5000D800E008DA0CBF1017FC67F17503DEFB63
:100C600018FF160237119EF34AF567E8C3066D0AAE
:100C7000510CF70523FB7C06680148ED8FFD9A02B5
:100C800036106C0FDC13EB0909F3EDEDECF8B3F55E
:100C90002C01200F790A59FF46EB50FD51F1070452
:100CA0005908B81188FC770CA2FC7709B600D3E983
:100CB000E7126118B8083D048C05190E1BE97DE3A5
:100CC000FA18120B7105700C3C0A5BFA3CF1FDFB43
:100CD0005009C2038E1289FF53FC43FF3AFFFBED1C
:100CE000D5FF9FFBC100A416BCF237F4A7FFD6F9CD
:100CF00067FD68F81D09C606FFEA22F562F04B029F
:100D0000D7F0AA229CEB410B7EF78E04CD0FAC00EE
:100D10002416D701620851068708EE0EE8075BFC2F
:100D2000F0034AEC76014FF8DBFA010BDB045BF4CD
:100D3000DFFEC40DEE00830160068C041204C707B9
:100D4000C5F5E5FF780647FFA7F2CDF41900E808DE
:100D5000590D040BFBFC740C96F28FECE8043F0673
:100D60004210CA07D101320E51FC33F8040BC7FB05
:100D70009506A50EB50C40FD74F626FC95095C059C
:100D8000A80CD2113A0188FFF207001327F85BE69E
:100D90001F137C195408C812AD10020C42F3C2FB99
:100DA0005C1BCF0504072001B30C110682F69AFAEA
:100DB0001C0BF905A609B8FBA6FC48FFF40733FA9B
:100DC0006D091900D108BC0801FBC4FA1003B6F480
:100DD000B103AA0B7D00CA00B20217FE26FE010273
:100DE000930510282FF8620E4EF1D0F7B30BCC0C00
:100DF000CF21CCFFF6F59DFE73036617CC0D150DC4
:100E00009FFFE7ED17050C0699F7D605D2FDAC005C
:100E1000D80BB402E0FEEEFF5BF6A204CDFBC903E3
:100E2000D3FE00FEBAFF891132030AF23904A60C80
:100E3000340A560F310768F0B8F7ACFF510580FE51
:100E40006F06610650F3B90405054307450BC6F963
:100E50004BFBE20CA4F8C2F80CF318F570FF44F158
:100E60007A0BFA0672F502F8090D3D0F70F899E356
:100E7000230D6E0BB10B3F0EB504130211F040FFB2
:100E8000EB0868FDB00C76FBA0046F0A32FCB407D7
:100E900030FF35FE3F0341F35CF9BB047E0AF5F0F9
:100EA00020FED5106603D0071CF5BBFDC2FF23044E
:100EB000AE0B7B0CC60DB2FB00FF2CF62F0C760997
:100EC0002EFB830CDC07E1154BF7EA07CB0CBB0FBD
:100ED000C411CEF97207E9F50B11A10AA10334FA86
:100EE00043FE6AFDD10178FE6412350CA20A840625
:100EF0002A00EA086BFB4D06F7FA0D0B9EFE6BFA13
:100F00007D029B04660FC4FAEAF8DA08B90F66FDA1
:100F1000BD05AB05DFF1E9F221FA0BF58D013D10BE
:100F200026FAA7FE10E88EE278F80CF72501FA0AF7
:100F300021FFC8FE46E9D4F54A08E1044C00E4F07C
:100F400035061502BE01480436004EFC76F173E901
:100F50001209CBF94B04AFF62309690A6FF60509AC
:100F60008B0F9A0703F5B1F35A0C4CFCEF03CDFF3E
:100F7000F9FF3E07BCFB0EF79005B7074EFFEEF9F1
:100F8000D6FE3000E1FEE003800615FCCBFE25FB1B
:100F90005003460DD9F8E0FFB0F7B901D7081100AA
:100FA000FF0A3B095B0865136508CC0C8E052C070E
:100FB000FEFCF5025A195501BB0E2B0154FFC4F972
:100FC00016FEBCF158FE63F504FC78F254FF64058C
:100FD0002D027A0133F6EA049AFC60126AFC21F9C8
:100FE0005502590D2AF897F7F9FECD0CFD05C90BEE
:100FF0008F0CF70A93FAD3F65B02F70189FD8F0491
:101000006BF5E4F91DDE3CE580FA11FA6F04110579
:10101000A9FEE207A4E59BFA8BFFCB02C403470AB3
:1010200006F4CDF27405730933FEED0D24FA27FBA7
:10103000B0F758FF47FD14F49FFF4C08B4FDFE05C0
:10104000700725FC04FBECF86B07FB0170FA130634
:10105000A2029DF813E468E7C602790301ED1C08BB
:10106000840499FB7DEE3AE96E0625F74BFEE40C0D
:10107000E80B550854E38FE5CDFD48137F04E6F4F3
:101080004B0587034A0619FD3F0C1A063AF9F0FE94
:10109000AE0D19FA160CF70F2EFF9B040EFEEF0192
:1010A000CBFE39EAE00251F1C10052FAD1F67E14CA
:1010B000100319FF430212057DF4410E5913BBFBC7
:1010C000210F870739EACAF8E8066600A40C8F04E6
:1010D0000CFDA30B27EAEFF045F667F8D50854039B
:1010E0001BF371FD38ECD9EBB9F31301AD18FE0118
:1010F000CCFEA9F0F5F8E004DD09E4025411760213
:101100008BF97CF1C0FEA8F75002C2F9840B35FFC1
:1011100020FEEB037BFB03F4ACFB3B0DD800420944
:10112000470A0009EEF651EE04024B0BAD01310205
:1011300036FE86FB66E972EBED019DFF490143FF38
:101140004C08290F8CEE59EEB7099802F90CB30040
:1011500011067A0940F460F8670A7D05340861F3E6
:101160000317DF1773F424EF8F0AE8047CFA0D00ED
:10117000100F0403210286047E07690C37F8E00093
:1011800008F77307C1FF3BF8A2FD49043EFAB10A14
:10119000780C090880079C01F7F02FFE7104B41247
:1011A0003010500725EA2AF6910D0E01C9012809D1
:1011B0006FF72D099EF5DDE7C4FC6201D60256F2F9
:1011C00074F8AD0B41F6350697FD9AFD1C02F0064A
:1011D0001CFEFCF925FA6C0C65FDFBF9700D29036A
:1011E00091F2F9F521023C0058FBE5F5E2FE6DF8BD
:1011F0002F0BAA0140F673E9DAF81E008AFEEA0412
:10120000A30638FF07F307FE9106D3F7DCFA680A56
:10121000D200B2FC40F930E21D06DA0187F25DF837
:10122000CC0A42FD71DD9FF780086B0102FF52FD81
:101230004600B91240F51AF1AB040300F3073E0271
:101240008102A906EAFAAAFBD6FBC00BB401D302BD
:1012500013F1670248FEF5FCE2F0FF06650C7D061F
:10126000CE01B5F5A3031508E3F45CFDE4FB230907
:101270008D0AAFF806FFB4FBE0EF7701910A621028
:101280004415790D7DF79AF99104DCFD82FCFDF897
:10129000F3063BFC37E8D1F633022003B60C87FF98
:1012A0009BFDE9FCBC0B75FD210290FF0608BC13F9
:1012B000A7FCD605A01041FADBF278FDF90A92FCF2
:1012C000BFFF97F80FFB2CED13FB16F5110489FCFB
:1012D0000E01D40338ED4FF5B801E2FA03FCE8043F
:1012E000F5010C007F02E0F35DFECEF7E307240F6B
:1012F000DBF6E70D43F559FD4FF8F6FC5A03AC0653
:10130000670FCC09C5EF3301FD05DEF333F929F58D
:1013100070FDA901F1F850FF3004F309F90947EE17
:101320005C05F8062FFCADEED403A4F9A5FA13056D
:1013300077FA5CFBA8093A026CF98101E40DE9092E
:10134000690429028D069F049E01E4F75A080104EE
:10135000E0FE89FFF7F18A026600C4060105CD0BA5
:10136000990176F66705F2FFCBFFE0FA30FF5BF4F8
:10137000EBF26DF76502EF1475EBC3EF570DBF0786
:101380005BF252043F0659070202C6F84006A10666
:1013900020FFF2F2C50BE3F9A8FF54FAE509420F6A
:1013A000E5F5E6F27FF8B1FFA4FB7102D2001B085D
:1013B000A3F2E0FFF3F66AFAE3FDA4F1E4049E0170
:1013C000FAFA60ED81FF3EF6DFFF3CF6E40AC90D54
:1013D0002C0B94FF36FA2FF9400A5D04BA0808F680
:1013E0006607230E7DF8BB0055075EFEDDFC6EF53B
:1013F000A503F00A720CE805150E0C085BF59EFEBD
:10140000570888061DF794F9CB0E180A20FED5FD63
:10141000FFFD270530FB8303D0013BF75FF368FA3C
:101420006207F60952FCBAFB92F61E0A38F9A4FDCF
:1014300046FE56EC4B0FEA05CDFD530C250C09FA80
:1014400067EC0DE296FE7E0CE906CB008B08BAEC49
:1014500073F523F2D2115816B1064E0748FC9107D6
:10146000A0FDE9F4B4142106280BBBF963FF320791
:10147000A0F450F8FB0350FE6E05AE00D1FEE3F57C
:1014800043FFF0F80C062EF3E00374FA93FC3007E8
:101490000904CDFABAF6EAF946F2D1FC92FDDEFC77
:1014A0007EFF93ECAAF998010D01ACF959F6EF0F04
:1014B00002F95D07AC0885FBF3FDEC0A130643FA5D
:1014C0009BFB40020CFB27005E130604DFF090EF4D
:1014D0008D084CFEEB0DE3FE6E060F1646E835F266
:1014E00087F4C915E805340BBEFFD6FC67FEB40BC4
:1014F000320D6EFCD70674F7FAF6CB03EC05DD0768
:1015000040FE8E003EF691FEA2038BF6ABF74C0731
:10151000B000EAFFACF4F3FBCE06EE01A7F68900BB
:10152000B6EBDEF3FF03350866F4B6115CF4F9E7B9
:101530003DF6B3F8D0FBBE081E062B16FEF7A2FC44
:10154000D4F166FED1078C0AC21B5412CD0033F4CD
:10155000D2FA39FE7101810AC605DA03ABF44A04F6
:1015600011F22AF6D30DA9F245056D04FDFB2AF808
:101570005308AD084AFACA03FB1A040693EB31FC80
:10158000FEEE32F647030E07930B23126E00E1F8CE
:1015900008FEFEEC170D47F19C01DE098CFE1BFBDB
:1015A000ACEE81FA6CFC9AF0000DEB03B7F0CEF6CE
:1015B00076F80003AFFAA8F89A070CFCD5FF5FEAAB
:1015C000B3F3640058F02D0BEEF474F601F94F05F7
:1015D000540E5EFC2FF8240779FDFF04EF099EFBF3
:1015E00038089FFE97021B0A43035307590401055D
:1015F000DBF9FAF4FA07AF07F5FF47010603E5FC4C
:101600004A0C81F66A04100536FE7407EFFBD0EA37
:10161000E908C3FB46FA96088817AA1A67F5F7F394
:101620000904E6F41B08CF12630EA21B9202CCF948
:101630005EEFBB028B0AB7118C13791AE0F957FAE7
:101640006A07C6F8C70971F2CA14961C9013F60F00
:101650009B02D0FB9AEA7FF2621D961D2F08870A33
:10166000F0E987EBD003090F760F3621A30729FB9A
:1016700074EBAAF00AFBFE022F19CC1012F712022B
:1016800026F6B7F711F3BDF5011930153A036CFFD3
:10169000BCEED9FC3D08D0FAE4117713C0099DFED9
:1016A000D8F6D2F59AFEC3FB4F090F01F50485FF6A
:1016B0005C095F0457F6890744049CF5E4F806FECC
:1016C00038F8A905FC04D3F76DFEF1041CFE34F8CC
:1016D000A3FA0B09B7F86BFFEB02110806081FFD10
:1016E000B6FD3905C2092D0998FD2B01460166009A
:1016F0000C078EFE8D00400902019601C3F3FFF531
:1017000054FF3BF8BDFDC0FE64FDB3FA2500C309DC
:10171000DAF8D9FE6C02E9FE8FFD4A002EF7B0F927
:10172000E303D4F0BCFE71FA7004A1FA630B1C024F
:10173000FDF01B076BF374F52A13B30D98052AFC13
:10174000CFFA4CFADAF398F4C806EAFC150BE60671
:101750009D0286079C0723042E048DFDA40913F81F
:1017600022FF0CF96F06D402AE03FE04B705C707CB
:101770001BEE87F9130995028506B507C30D72079D
:10178000B0F83001D4FECC0213FA90F9A4F69FFA17
:10179000180A6BFDBC0651FB46F730FD1F086F01B0
:1017A000560191F80CF8C303A8F62106790312FE3E
:1017B00038FF85085C0A6E08E50632F80302A203CA
:1017C000180055F7A9F757092DF8F0FFD8FE4CF689
:1017D000090AB9FE78098EFE5FFE7EFE7D088B0940
:1017E00081FD2301BEFE1D0397FE31F79FFFD80048
:1017F00034F7F208C1F8ACFE4002F2F60F0A0E010F
:10180000EB053C084B001EFF0DFFD3FB8B043C0A8D
:10181000260696042102F3FCA60324002DFD3707BB
:101820006A0A27006BFA2D0AD2F82AFCB205920543
:101830004901B8FC4DF645F9F900B0076D08C1F54E
:10184000F0F8B2FD17F9B7FC1200E3044F04CA0028
:101850008C061D04F0F8E9FCAC0827FD7EF95D0359
:10186000E9086E0412FCD90217F889FB2A04A308C0
:101870009200D7030B003C09A204A001B6F6FA07B8
:101880009DFCFCF84902B9F5C10075FA6D087208B3
:1018900069FA60F85DF9D4014405F0096D00D400DF
:1018A000080908067AFA7CFFD3FCA2FB76FE0D0439
:1018B00087F155F3EDF53D065706E30F9AF99503C9
:1018C000F1FC25F478020009B0FE150D20F6D3F2E4
:1018D0009AF7B000C3F66E08C101EBFE1FEE01F4EB
:1018E0001BFFADF9D9089409C80CEB0C8EFD8CFADE
:1018F000CDF4DFE8CC0392FDB8035402E0F4020B10
:1019000066EEE0EA14FFD4FD6BF965FDEA00B8FF6E
:1019100056F905EACB0AD30371059506EDF190035C
:1019200094F051F8B10013FD4517E2123502BB05E2
:101930001BF7A6FC510AC4F8B8FEF00948009BFF4B
:1019400061FA16029DFD3AF847012CFF2C0650095A
:10195000A4F8C7FB86FFBEFB66033BF708045D01E6
:10196000DE08C5FE9AF60A023107D500DDF65EFBF9
:101970008CF959F456FB95FF6A0A1AF5C300E3FF88
:101980005C04E2FAAD05F6F7CBF2480492F168FA8E
:101990001DF5D3EDF9F971F808020C1365F924F37C
:1019A00025F1E8F4D3FCF1F7920DCA0410F8630CAA
:1019B000860DFBFFD9FA8C0DE50C8C241A059A09CB
:1019C00036F74DF75901F3026323C01A360625F5A1
:1019D000E1F0D5F42201121AEA26621650F6D0F28E
:1019E000D7E152E4891364030B17DB076BF7B0FDF3
:1019F000BAE80FE7A4156504EA0634080B0DD11503
:101A0000ADFB59F701102600A801CE0CDA031F0127
:101A10003600ACF1990A30FC0918641473F73BFEE8
:101A2000080059071FFC840381157AFEBB052B05AE
:101A30001408550887FCD908DA0925093AFCD309A6
:101A4000040898046B064207320642FB6FF75DF804
:101A50009AFA5FF8780F6209E9084AFE9A0093FE45
:101A60003DFD520EF30AAB0CCBFFFE09610F1810BF
:101A70006E016E148CFD76F2E10F0D1B550E5710A2
:101A8000770DFB01C3F47BFEBE1E441A7D0BDE0600
:101A9000AE0154FC85F361F61A09D91B0304340323
:101AA000F3F9B8F6380381F4C60A38160510BC02FB
:101AB0004FF03BF291FD7FFC321025096D0AF303D4
:101AC0006AEE2BE2B30118129307250090FF5A0823
:101AD00046DC75D8B70A900361FC5FF726021B0A43
:101AE00031EA8FF62BFB22FA1CFC17FEF20500FCF4
:101AF0008EFE4DFDD9F2AEE663F7130AFEE691F7CE
:101B00001A033E0C3BFB64E94E10C10C95FFD20E4C
:101B10008CFD4BFFA9FFBAF732036AFB0906FCFFF5
:101B2000920419079D00BDFE4604ECF7BEFC1C03A1
:101B3000E2038407430C161751F3F6F2DE08901007
:101B4000450E230E941B110EBF08311AE000C41776
:101B50002700550379F860FDD4077916A40F4801D2
:101B6000F909230DBA039803B31FF40AD80FC90368
:101B70002612900BB5FA6E000611BD110E0A021066
:101B80009907C00A98085212C206EE16CA05210823
:101B9000EF03F4F4FA04B905BB119BF9BA01A104EF
:101BA000FEE755E6B20815F0BBFD76ECFC006B0EC7
:101BB0008CD848E054FAC3ED25EA44FE6309A60F29
:101BC00017E969FF36F69DFB0FF987EF7002C30D29
:101BD00062FA6C0287FA19FE6CF3CD0F1AFA8DF7D0
:101BE000D40E1A04C00304154E038A0439135B048F
:101BF00068044C00E80245067D0F6605BE0EC8006D
:101C00007B0393031C081C0312FDC20697F9F2FA2A
:101C10000BFD690100052E014A0DBB0B700A8F14E4
:101C20002919AB0E001441118300ECF3A00B6F09CE
:101C3000F7053917FC0AF9FC64FC50051403630529
:101C4000C80DC90CF4049D06A6FDC6FFC8032F08E5
:101C5000120819075C02340A350B68F997F94B0D25
:101C60008C11E0134B0493093A0CFC0D95FCC8FA57
:101C7000230DE4014C08A9FBE00D04052CFCAF0486
:101C80001F0260EBDF03D8038A043A051F0598039F
:101C9000AAEAF2E0540347F28A09F90A6C0734020F
:101CA0001BE4F3EB9FF8CBF745F7D2F79EFF8509CE
:101CB00080EC480286FFA80F60EF23FD8A0604042B
:101CC0004A0B0EF7EA001119B0012209BA0A060DF3
:101CD0005E048D03BC000802A90BED0B89066C0B9A
:101CE000C4038DF899FF9D0EA0FF9C09F9F8F3003D
:101CF00052044E021A014206E4EFE10C28F4DE0819
:101D0000D70376F9440CA80F06F8E5F5FD0CA105FC
:101D10004F04DF0EAB047E089CEFEBED0C051EFDBF
:101D2000B007A8119D049C0EC5F84EFDEEFE5BFAAF
:101D30009803B903F10225FD6EF56902AFF8280694
:101D4000D90055FB9B0A39032A0784117BFFA6079C
:101D5000A70A5DFEA600B5FD580CFF0A9F0BF40410
:101D6000AC004DF9EDFB2002960B2F03260F090363
:101D70009EE2E5D830FFE5017404D9F8680C5302FF
:101D8000A7E287E96F0B21FB1AFD19F098007B058C
:101D9000B0F50408E3FFA8093AECA7FCB601090274
:101DA0008F0EACF5A2110E06F50365F96303F70774
:101DB000D4088905840E9F0498FAC812590FCC0ED6
:101DC000DF01470B05FB5B0762FAA406C1025F094E
:101DD000420904109B12C4FE33F406FAF5E921030C
:101DE00075106704E90C0C0A72011CFD6EFD1F09D9
:101DF00076FBAA0E95F93B0546E0E5F082F20CFF72
:101E0000B6043F029BF7700591F767FCEFFDCEF734
:101E1000FDFA7EF2C7FDD4F4C2FB2708F704560092
:101E20002E0744034FF652F3E30BD21192F4A1F6BE
:101E3000700242F667FDE20BC0FF560B471105002A
:101E400084F547F1E6FE021097FCA80292027405A1
:101E500010DF58DD270E6506E6FEF8FB1B058F0533
:101E60000ADB53EC2918E31248F2ABF17200CC0400
:101E700083FA3DFF810BD40820E841E14001A90627
:101E8000AE0DBF1B1A142EFECEF623FB48FFF5F84D
:101E90001F082C07BF1275142200090F0B11161012
:101EA000F1108C16ACFE8A038F02280297FE1501F2
:101EB000580DFBFC0B0A310298FB6D00ABE63601B6
:101EC0005A006B00BAFF8903DB03A403A6EDE9FC0B
:101ED000820817FFD5F6E3FC8EF0C7F3EAF0BDF6F3
:101EE0004FECF4F96CF5060835F4DB0341FDF5F829
:101EF000D2FB47F744F486F482039D0F56F95CFB4E
:101F00004705530BE10725FDEFFB4D000AFD82F766
:101F10004A083208B509F5FF8B06DA0477FDDEF8CA
:101F200007FBF3E7FA0E5801E207B7FEEEFD82F277
:101F300033E911E8140D2106350AC8F80DF22FF81F
:101F400075ED2FF65504E3083E041402520D5806B1
:101F5000C50BF30B0D03970E2EF4D7D2A00E2D0553
:101F60001810FA01EA0EE50EF2D483F84D0C0602C1
:101F7000E5014E011D0094FFAB0563F62912D5FC67
:101F80002E0C2208E00021F51E014AFB24F1AF02CD
:101F90009311E5061BFA760DA20D0D04B8E565FF59
:101FA000850060F99A15B7F256FF11F44EFA7FFDDD
:101FB0004EF290F350FD31F9B9F07AFFDEF31EF7DF
:101FC00052E63BF294F22DF08DF95BF7120AD5F050
:101FD000DAEB7CEF56F62EF0AFF7E0F75DF4E8FFB2
:101FE0000107361BD4FCD302EE0670FF2BFABDFCB2
:101FF000C20FDD005407A9FEA6F691F7FAFC8AF09D
:10200000C1EE7BF0840115F950FFC4FB02F4EEF53C
:1020100031F479EC8E00B6FF79012608ACEEF9E7D1
:102020007F02BC09480AB20955FB26FA94009D06B6
:102030008A0D190E5815A70D22F309E59A010E0015
:102040004507D10B441A1E0FEFD7F5F5D2075B14E5
:10205000E1F7BFF2BC02BF0B2C00340039146EFD57
:10206000670A1C20FBF980F5ACFDBCFD9C003BF32E
:102070008C1031FE090CDC164C0964FA31E7D0F8FB
:10208000A30193F5C4050CFA1C0509089205F6E7AF
:102090002BECD7F2E1F935FEFFFDE6F482F7B8F25A
:1020A00066E113F4B0FECEFC950089EB4FF1F7F337
:1020B0003B060411FBF2AAF922FB4CF64CF57AF729
:1020C0002C1861194CFFB4FA23EAB0EBFDF47B0045
:1020D0007011BDF295F902FAC7F2D3F4A60FB6015A
:1020E00087F3FDE8A3ED60F15703710A8305190238
:1020F000DCF1DEFF5EFED5F3B00B8D02D1F34D01B6
:102100001F144013CCEF32F1130658F564FB16F799
:10211000DD1BC709E6FB66F6BFE917EDA1FD17E970
:10212000C60A2B0739065C0CE6F184FA1CFBFE0D8F
:1021300013E70DFE470AEEFFA1F6B3FABAFBC30A96
:10214000FF11201C73F92807D8F5C0F657F00EEFE1
:102150009B0812148CFFDE10D0E829FC71F1CA0331
:102160003711AD0CDB02C6ED450239F4F2FB0EF27D
:1021700080FFCDE85EEC83E963F949FE37ED1B048F
:102180007DF5C701D1F1F5EF47F7C2EA56F7B1F493
:1021900016135F1612FAACF582F36AE239FFC8072C
:1021A000481CC60C1EFCA80399EFC5F48B0DD20C7D
:1021B000760279EB24FFCEF53F0A2FFD9B0AB91476
:1021C0009FE660E913EDC6EDE10C30102105CF0E5E
:1021D000E4FAFD19AAEC69EF781392FF6C0C81FB0D
:1021E0005F0D7EF900ED58EE800576F2E8EE2CFAF0
:1021F0008B11F71134EFAEFC80ED6BEFA6EF66EFBD
:102200000C025FF077060F13A5FEAFF6B9EB34F2C0
:102210007BF0E31022136C124AF8D9F57CFD9C0385
:10222000FC05470DF9060D04A7FA43F6620833FDD5
:102230002504290F530305F92CF8CFFAAFEC3D051F
:102240007510E302130991E68DFF02FB06F753FFB9
:10225000D30A4DF69AFC2EE9CAF6BBFBA402300D58
:1022600034123D1A21F667F211F3E4F9F40044093F
:102270006A126B134D044CF5DEF883F6C900580D55
:10228000021649052E07C5FB1CE71405660C320F24
:10229000D3FF3A04EDFBAEFCC812870EC412080946
:1022A00026F1B8F37CF1ECEE6BFA31063813C90D68
:1022B0001005561A05F0F6DE3CFAB8024E0CE0F8AE
:1022C0008F0D1DFE40E74EDE9903AAFC09EFE8E8FA
:1022D00025056D0E21D75CD8D601E9FC0CD9BED5F9
:1022E0009DF60502D7E76FFA2B0D19EE4EE5A50214
:1022F000AFFCDB105DFE7A0E3AF1F9F2D8FDF10485
:10230000D603C80887102FF57403C101FBFDB4F094
:10231000F5127B1353F48A0788F27DF6D5E93F0165
:10232000AF0BE10B460D3EF55600C3F8EE0A600810
:102330004D119F099E0C98FC50F06A019108AD0761
:10234000EE17BB0AB203AEFED3FBFFEF3EFB090361
:10235000D219CD0A6F01F40028FE15EEAE05EEFC91
:102360006D12B60B690AFAF958FDDEFAAA04DD0807
:10237000A0FFE4F9EE0758FD09FE5E004109CB001D
:1023800074FED30155FF98FFA9FA41FEB60DF20283
:10239000DF08500970FA5CE6CA0BF30220F89303D9
:1023A000B00BEDFA0DE3A0DEF8009DFA30FDEC076E
:1023B00044078FEFA7D4A5E0E9FC4C0A67F0E4EFEF
:1023C000A3FC07086AE8E4F4A408B1FF67E25E042E
:1023D0001007C90414F9E2F078EEB60C5210250784
:1023E00064FE1FFF2E0213FE0AF3A0F5A1FF670C87
:1023F0001A12261041F69E0578F3C6F7DEF49A0EFF
:102400001B05170F2CFE070AB9033AFE24F8D20465
:1024100056F85C013B06350265FCD8FCF9F3F4EA9A
:10242000C50CC500DC0B22001E01FA040FEAE0E92E
:10243000900404F5BE11870077F38DFC10F125F5AB
:102440008DFA3BFD0905F00643019CFF1EFCA8FF29
:10245000A8004EFD280FFF01500B630718FFF00185
:1024600060F9D4F5C8F63EF57C0415FE180431FC7D
:1024700085FFAE087BF51DEC9C12E2FD78032C0174
:10248000DA0566F9DDF4E6E6FA0B1D075B03480B97
:1024900034F89900A8DA8BDE500F73F20205D002EF
:1024A0004B01C10299F6840086F49D0BC4F6E9F64F
:1024B000A6057B05C60053FA8F043AF51000DFFC31
:1024C0004CFD01F7CD08F10907F31FF03808120899
:1024D0004203370EEC02BCF77BFB3C0A8A1609F874
:1024E00093F826F18AF94E07BF0110FD7210B0FB78
:1024F0002C0398FD0705360D5DFDCB0649FDEBD499
:102500000F0BB9F85F04D103D506BD0349CF14CE34
:1025100013EF91F1E912AA089FF9F30363D9B9DF28
:1025200093F73FF01710D904A706F60CFCF349FB0C
:102530003903740638074D0215038B055CF6AAFFB4
:10254000ECFB8F1008008CFBBE1109039105F2070C
:102550003E132915D7FBAFF75B0CBF059FFB0D049E
:102560001002300BE9FC40FC9204CC0DC9108B0525
:10257000990BA8027EF812E2720AD8FD9009C401F4
:10258000BCF5DDEB60E4D7FC45F3941E9101F5F05A
:102590006612950B87FFF5F63E07080B0F022D0B11
:1025A00018F9D00233F9730E20F9A5FF1B00780B40
:1025B0009B0031FD1809D6FBAC06F90B0B062E0B60
:1025C00065028BF4EE00A6F1FB04FB006AFFC50771
:1025D0003FF85405F4E169EEEF0605094EEB36EFDE
:1025E0001BFB7AFF08E5B9097AFFF21088DEEDD20D
:1025F000C5EB6AF1BB0A1918220C280EF6C7A1BE5A
:1026000041F99AF32005770FC800E606EBD19CE369
:102610006CF50AFE6E032A048D12F1F6B7E360F141
:10262000A903D2040900480268F8110473F4AA0C43
:102630009103FA009E059407BC03FE11EB01550DB2
:10264000D002DA0CD4F4A305F00BE4FED408FE07A4
:10265000A5055BFCB00470F1FFFACC080C0677030B
:102660004EF9CEFA92E71B07D0144918030FA0E5E4
:102670008012100796048105EBFCDDFE8FF7B40095
:1026800027019DF88808CE010FF66EFFBCFD1F0ADA
:10269000670164101F0F51FE7E0F6F02CB064313BC
:1026A000C8FD4BF2C7F97CE44BFE0A07A3062104E0
:1026B00039034FFAE7D4E6D4190B7C045B0BE5022F
:1026C000CEF52BF771CEE3DE9E08FD00B7FA75F765
:1026D000FCEF18E7E9E880EE3600A20650DC98DA55
:1026E00006EFA3030BEF30F822013210A8D0CAE2A4
:1026F000F1057D00CBF43F024CFC8CF9ABEA0EFCFB
:10270000180687FB44F9EFF8C3024308C2F67001CC
:1027100043FBC503730009F82104030E6FFCCD03CE
:10272000FDFBBC0EA303D608270F7B03D50A920836
:102730004612D9065AF875F177F87D03C9F7CF0428
:1027400003E7BDED16DF94EAC600B803BE128AE4C3
:10275000370F8D00730257001AF53DFE79FC3DFCE2
:1027600032FDB0F71602D406D807140622FFDC06A5
:10277000960980FD6F07F40104FC73109701301275
:102780009FF962F8B200A1F39604EC0AAD14761535
:10279000A9F35AEF62F379DB4703B809A50BB91C1B
:1027A000DDF950F92AD636C17805F50B7815580AA7
:1027B00056E9D0F321CAAECE8E01E209DB119601B3
:1027C0008702BB01A9E309E84BFC8D01CDF5CF03DE
:1027D000CC07A20357FBBE00A6FE69F830012A050C
:1027E00066FDF60C280013013305E8F7480640049F
:1027F00012FEAEF500FE43F31E0098020AFC74FFC1
:10280000D2F02A15CB059506CAFB12FDD3FEB7FD03
:10281000680B24F093F5C1E54F09C5FE25F0E4EE01
:10282000A6F17BEC0EE8E9E38D08491D3CFF2EF68E
:1028300057F97A071A031D0446F87E0119F61B039F
:1028400035FC0303ED01030761F71BF92AFAEDF1EB
:102850009E04ECF4FF02A305C0F661F751F5E81100
:102860006AFCE0FC400E72F9840AAA07560B5C155C
:10287000ABF49E0269FB45EEF1FEA3FF3F0B1F1474
:1028800048ED85F6A7E9FAEB6004C50042185E1929
:10289000B5F86508BAE4ADECFDFF90F2151B4813DE
:1028A00031F95EF892F1C6FC14FD26FC7C0E5A004C
:1028B000910504F5EB01210695064C091EFAAFF8C7
:1028C0005E0468FC5C0CE20C0108C7F888FFBEF8E7
:1028D0006C06D302D2056108CFFE47008F00D8EF07
:1028E000FE0692FA3802AAFAFDF75B061CF86502AA
:1028F00058F583F64D080AFC2E018103DBFE0B0B15
:10290000C90107F00EFEC00DEBFBC61863112707C7
:10291000C3E853F81BFC45F6E0FF9E04AA0273F9D6
:10292000D6F668FC1CF9810600FE90FD8402700852
:102930001900D3F67F0ED2063DFE980103FCA3FAE0
:10294000A1EAE1F4CC096A003205FA0B9D0B1911DA
:10295000E907B003B902960EFB01370A8C02D814BE
:1029600044085104E70F0D00FE0110F8110D891005
:1029700026048BF962FC3DF844F40DE972135B10F8
:10298000E0EDEDFC57FF640BC4F5E4FDA811110F59
:1029900046FA06FC3B075900D00D9C025704EFEFA6
:1029A0004313D5FCF0FDCD06090B5C0B01F17AFB5E
:1029B0005D02A5081805DF0F3F08B2042AF748EFAB
:1029C000ED05B1F5CE04EAF3A80CAAFDC0F719EEA7
:1029D000CEF686F864FC2903E206B10B44F767F3F0
:1029E000C00CEBE674087A02EEFEF011351165F6C4
:1029F000B5F59AF595FC19F9800046005FFAE1FCFF
:102A0000850A88015806B2022505C9041B09BFF2D0
:102A10000DFA27F9BF06F8FFA20AB413D4E9C2FDE4
:102A200098F2A5F9A814F515780F09057AFBD5FCDD
:102A3000FDF174F5EA09FD12E413C10D25F39BFCC9
:102A40009B062E00410FA7089705F1FC130A6708A3
:102A500080F7CFF2FD0BF708E8007C026C0BBF0C8F
:102A60009AF702F216159102BC0DD30F0B0C6710EA
:102A700079F9DAFDBA06B803D907A407250176FF6C
:102A8000B80330FFE3FC290327040F0488F93AF464
:102A900088F723036E0F2DFD75F927FF9A03B70200
:102AA000D9F8DDFEC4015C065208A9FDB2F69EF11C
:102AB00079017B050AFB7FEFEBF9B80C88EF430146
:102AC000B4FF56F544FCBCFC3FF4740068FD5BE9C0
:102AD00063043DFE04FC30F8BD04D6F757FB0A073B
:102AE000BCF7FDF895063C08C106D6F7DEFB690089
:102AF0001803C5F8CAF5F30E1516021387F95AFE26
:102B0000F80A95F1A61A070D62022D0096EB90F3D4
:102B1000B8F334F890123E098B15F41180EB2FFABC
:102B2000D9036E08F00E1F0471075B0858FD0701FA
:102B30001D05C0FE4A09620C97FBDDF9100153F632
:102B400072FBCAFB150C700B8BFE57F9FB036FF77A
:102B50004BF3C20610076606FAFE76061DFDCD058C
:102B600012F916F980010DFFEDF98101E4024E0022
:102B7000B2FCCA11EFFAAD036D0582F49CF9E205CF
:102B80007A11E6FEB50A87F4690569FBDEFA94FD61
:102B9000A9FC2AF71EE7D9F5BEF0D4FE4202E2FFF7
:102BA00066F830F16CF3B706050095FCF70230EEDD
:102BB0001001F70047FB08FE96F951F7DFF80D000A
:102BC000060A58F713FC3FF8D2FDDD04EAFB10FFBC
:102BD0008702D90A3B056C10EE13390DE7018817FF
:102BE0003B0D5A04911FB21A97EF40FC440C09F8B0
:102BF0000BFE230AF308080DDEFBE700F3DF46F2C5
:102C000068006D0203FFAF027F15CF0909F5B8ED2B
:102C1000E704CEFCE81616183205F9FB3709F4066E
:102C200045FEEFFBC50D920658F807F468FBC90294
:102C300072039E0E3105600265FFAFF921F4CEFFED
:102C4000CBFBE7FD1CF2E2FED3F367F1D6FD2BFED2
:102C50000A08890C5CFA79F818F3DEF2B30C520E0C
:102C600028FAF4F042FFDFF0BE0D180AE1FFEA0196
:102C7000DFFE87EAB4DE19F32001F0FDDAF931FB5B
:102C8000C7FD03FD01FBCF0BF8F99BFFB9FB01F872
:102C90004DFB9703AFFD11FD58F258FAD50B99067D
:102CA000640A54FE8205A40553F7B90200FA95039D
:102CB000570753FDD40B191A77F4430EF100D302D2
:102CC000BCF7D1FC140FAE01CE09C1F6B4FFFC0D68
:102CD00007026E09E9067D0A0206F51838093C125A
:102CE00046056002E60C8C133612B0154907AAF7A8
:102CF0007C07C70BB608FA07350103FCBF06D3F4FF
:102D00004D004811FF0ADE0637FF4D0374F45EF2F2
:102D10000E090AFF2C02CFECCAFA38ED1FF407FCAB
:102D200083080AFCCCEFEFF84FEE10F2FF044A0FD5
:102D30008106F20855EFD0F518FC13F65E0994FAF7
:102D40008EF2E90C6C06BCFF1C0A56F446FA8FDFC3
:102D5000540561FCFEFCDCFB92FD220864F61507BD
:102D60008B0CC701FA00790BAFFBF2FE7411C1F5B1
:102D70009E0C68F627014006C0FB2FFC560210048B
:102D80008CF565FA420880FFAC014FFAFC0595FF0F
:102D9000D3FBC4FBB7FED30E8A05BFFA8FFA99FEA8
:102DA000A8E99BFE5DFC610FF0F649FF34F8B1091C
:102DB0006A07E60B7102E3068F0C6E00330F461DA7
:102DC000A20A0907410396062709440C290ED503D8
:102DD000C809C60D500ECA00DF07540E7DFD5B0109
:102DE0007106B3046211990C56013B0C8E067407F0
:102DF00035062103130166F1DEF388EBF3FC4D0B7E
:102E0000DBF847E88C01CC0159EDCCF7AE0FB400EC
:102E1000ED0ED00C3CF9B1093AF566FDADEF1000AE
:102E2000B2FFABF8E0FA36FD4B03560D35095DF7FE
:102E300034FB3FF1730009057F02F2085DE94404A9
:102E4000C2024607C305B1004200B6FC01032703D6
:102E50003DF67BF536097FFA60FC1EF647FA9703CC
:102E6000570783FCD9088A027806A5013A091FFF93
:102E70002EF813009EF50102A7FC7E0238047802AA
:102E8000BEE577F0AB172C03780CEA13BBFBEA0422
:102E9000CFF83B0899FE41F136041C04E9024403D3
:102EA000FBF64F0D32F26408D801301294F78B0E06
:102EB00061043B05CFF45FF39D06C103350C30FA86
:102EC000AFFB1C1119F83E1149033B0A4A02B60434
:102ED0003408100058F20CF8EB0DD90444166A2798
:102EE0008F0485EED8FF7805A4FAC50D8512FD077D
:102EF000A0048101BF0B210F6C036CF86D0193E5F9
:102F0000AB034A0887055705EA038A0400E733F153
:102F1000720CD4FDA611A6FC6B0A7701980157FE2E
:102F2000FB06DDFE9603C3FAD20AD2FB4F02F80974
:102F3000E5005607C0FBB7003CF62BFE0DF9B207C3
:102F400054018F06FDFA4105E0047B0528F8B9F726
:102F500019FF8407E104D6FD6B0459FCA4F59BFF1F
:102F6000E800081329FEF905D1F9550142F59EF64E
:102F70005211A4101D0748006BFC760D2DF54BF582
:102F80009606C607CFFC46FA7201C2FC46F5A4EBD2
:102F900073FFD5F2DA10BE0D25EE0A06F2F5F1FE4A
:102FA0001F0AB0042D00B903200127EF09F650FADB
:102FB00028F649EFBD1DA602F80F4DF92F0909FEAD
:102FC000B7FC5109BD066E006DF534EA0D0C69F5CC
:102FD0001BF2C7F531FB00FB1703BE0D0AF16BEFC7
:102FE0001E09FC11EDF44008C906C4FCF7039AF66B
:102FF000F0063C05DCF63A05AB0425F1DE01F6FEF1
:10300000C304930933FE4A08B3F7650569FC75FCF0
:1030100043FF8101C7F8B507ECFF1AFEE4FC2BFD66
:103020003CFA30FF02071AFDDBFDC50092053BFDAF
:1030300082FD7DFF9DFE60F6ABFE5C06AC0291F763
:10304000D906100172F69FFF81F9B1F7EE06F3FF82
:103050000A03DDF590085708160A62FB180A0007F4
:10306000E70800FC0AFB1309E5032707F4FA3FFB16
:103070006DFBF2FBD10773FDD5FCFF060803A1F73A
:103080006307D90219FFE7015D075404E0F5AC07B7
:103090008007EBF76AFBEF00E2F7CD0322F7690444
:1030A0006BF7D306E0F65F059FF57F08EAFCD2F9DF
:1030B000D1F8C300C8F8860376F750098C04C8F627
:1030C000E0096FFFC003150382F52B06ACFF0DF975
:1030D0007DF8A90112F6F3096403B2FA7A07A6088B
:1030E000F9FEA4FA8D07E5F5B702A3F53EFDFDFD57
:1030F0007809E5F57FFAE7033809B7F788081C0077
:1031000038FA98F5A9FCB9FEE8068A0848FF0CF7DA
:1031100019053008E8F8900593FD7F0374F613F95C
:10312000580389FED4077106F40407F609FEEFFA86
:1031300055EE6AF95504E2F827094CF74FF86D018E
:1031400093FE2804B2FC8AFD3704F80CD8FBE7F99B
:10315000E0F72A07450C2F0614060501A0FB0BFF1C
:1031600024F477FDAF137B0EECFC810EEFFDDDF751
:1031700091FA9C00D001D30AC201EAFAD20261F3AB
:103180006804BA0FAB11EA05CD01280769F1FAF816
:10319000D9F346F3D0034CFE890E3F05340062FE9E
:1031A000A9EE26F286FB56F8670F4307440E36FD5C
:1031B00029F8B8FF3BFC3B0A1EFFBA045005D8F6BD
:1031C00032FAFC05E1FA08004505EB05F7F880F94D
:1031D000400120078906AFF75D060609B0036D03BD
:1031E000A9FCB60929FD7908A7FDA602DB04B706EC
:1031F0008BFEC0EF5009EEFC0DF9B1FF3AFA8908D9
:1032000030F4AFF82F0544049CF7DB07A509490A01
:10321000FBF979F9B6011AFE0B0A33107212AF13DB
:103220003FF37401F0F77AF06A0BA20E1415CA137B
:103230008BEE65E717FD06154D00D40CF40BC108A5
:10324000B2F997F835176213A1103B037AFB4EEAE7
:1032500079E7BFF58204720BFF0C9C10ADF757EEB7
:1032600086EF4FF5BD07CF073A0519031EE323E6A6
:10327000BAF46FEE13F4A8FAC30868103EF33502EF
:10328000FBEB3EEEA608B608BD134213A0072D06C1
:1032900085EBCEF3F0F91C088E0B0F12BA00130B5E
:1032A000E8FAC4FC51FBC1FBA408FBFABB0683FF90
:1032B0009AFBDF00410AB3FD5CFF630048047DFC1C
:1032C00069FCF5FC9AFBEEF542F876F83B0869FEDE
:1032D0001EF527F22F09A504BE026EF8B210D9160A
:1032E000C5F678F53AFDF0F63602FB07E301501318
:1032F00031F25EFD84F775031D02C503C70E32135C
:10330000AEE9E6EDAF01120B6FF71209B2134516E5
:1033100020FB06FBD6036C0B3EFED3F7BF186CFAFE
:103320002DFAF8F1E917D81F31FC3B0010EBDCE275
:10333000CBEBB4F1F716430B1207970C09DE42D61C
:1033400042FC37F572F7F7EE9CFADAF7EADACAE3ED
:10335000DAEBE6E892FB08046705E202BB0B5611C4
:103360004BEDE7FA150521F696F8750C2D030CF9CF
:10337000B9072B018BEC62ECCE0CBB128A06000461
:1033800059F705FD1FF9E0012A1114FBCE0324F8BB
:103390002FFC2606EEFFD6FBB3FD48070F09E6F724
:1033A000290ACEFF690046FEEDFAEAFFFD01760626
:1033B000ABF09BFFB6F54010DAFE68F38C0FD90531
:1033C000DBF21A04B109E00C5BFE9501201134090F
:1033D000AE01680067038FFBB5046DF58C1A6018A9
:1033E000B6F5BA00D209C906B2F558F4650A0E0559
:1033F00048F949060D10F3083FFDBA03380601EB02
:10340000B1080A10450C7C04FFF4B2074FE67DDCDE
:1034100071131E0438070D08AD0AC3016BEC5AF78F
:10342000021159FBE70050FB7C0031FCBF090CFF87
:10343000DFF6120464F4AE034607B9FA0B06700C0B
:1034400044FFD30EB6FB1B02B2FB84088D07F8F9CC
:103450007AF87A0A00121316F3129E16E2F4560A4C
:10346000CD0425FD400FAB00620D6F05F119D10CA5
:10347000EAF243007E0A7EF8EC10140F32F7E1FF07
:103480004EFCCBFA9E0484FCD009D0F5A6FCA0F833
:1034900006E32F0042FF58FE17050C02B1091F1A60
:1034A0008CF50FF5FA011E009EFD6CF4230FB00B96
:1034B0003404B4F07B0FDCFFAEE775FEAE13DB1017
:1034C00095EE6C0759074E09F00128F5BAF765F437
:1034D00015049FFAF208F8F876EC14F675E1D8D7DF
:1034E0009CF665F01F0136FCD506EEFCC4D395D8DA
:1034F000FF0065003DFF5F090700DEFBA5EE1FF43E
:10350000F210CA15530A2BFCA40FF70148F644FB2E
:103510005307D105DFFF06FBEC013103C7FB4B0866
:10352000E1FBA20D53FD72F3FBFFBFF5AA0C4D1397
:1035300006046D02BD012D0AF6F7CD04C40A5F0929
:1035400007EE43F7CA14C20E9E07F315CC0404031A
:103550007802A3FD64FAA0FA26164D10B3FF210CE1
:10356000FA086E07F8FD71FF65FB970CCDFC9CFD1A
:103570004A068CF827FF06ED7FFFAFEFD81238160A
:1035800098F03EFAE1F4AA0A63E8C0F87C0FFB1455
:10359000AAF7EAF8D9F87FFC1BF10B01270CA40F5E
:1035A0006809CBF99803B803D9F944F36AFB5C0BBB
:1035B00091F10CFF250D020873F7FFF35BE15ED478
:1035C000E5FBBEED19FC120147FBE1F275CE43C5E8
:1035D00026FBBCF13D02A508F2F51F0520F459FCBD
:1035E000BB042907230143FB45FDE5041EFF6DF9DC
:1035F0000A041503B7055C011BEFECF35EFA9CF0BF
:1036000053F551FD0BFE060017F922F824FEFAFDD2
:10361000800A72FF1A06FFFCB6FFB7040410CF1D24
:10362000AEF22AEC7C0875F8000625041A018D021A
:103630005F0E710709F6D50071F8370DBB03F5FD74
:10364000E8FCEA1322033B0F68FDE1FECFF8DEFB46
:10365000200B18F9C001A9F99FFBC6FBE80F840AEB
:103660001F0552FA8B0093FD21F5F9F9D624DD13DD
:10367000FFF8C8F5E5FD900F09FA55013711AA03C7
:10368000930AFA0D5C008607EF005EEE5B0FEDFD1E
:1036900091FBF1F7E50D6A10CB037BFC50EBCEE319
:1036A0009FEB33FC3E1574129502FA010AD4F3E144
:1036B000F4F85E0230119B0551FE76FD45F601F9E6
:1036C000EEF6EE06A5FA3A055FF240038E00890A8F
:1036D00026F292F5B4FB06077405BDF7BA006CFA42
:1036E00085FEF304640163FC26FBCC03C607E10CF2
:1036F0001B12020488F5BCE9301299005E05C4086B
:10370000C8FF25067B0387F67F0543049BF600FD73
:103710004F08CAFCF9FF8F057F04D30CA8184B0A89
:10372000FE05971270080B1702FEBD09F40881030D
:10373000DE06AAF752049D0460FF41F67902EE020C
:10374000B2039AF9F7F74EF3CBFE25F9DA106C15B0
:10375000A903C7FAF6065710D4F8D1086710CAF3C0
:103760001801A10309FC610CEDF498F188FF50FAEF
:1037700002FD94F9620A1A17BCF67C0305E79CCF98
:1037800006F3D8F19E0F900EF70527FBA5C918E99F
:10379000A5E9C200920310FE5006AFFE5FE8BA0230
:1037A00094007FFB60F6D5F640FA98020B07130EE3
:1037B0001CF5EFF79FF480FE5D0369F924FD080313
:1037C00050FBBFFE6C0203F933F31D056C032309A4
:1037D000520AE0F87D05C4F1C8FD1801430BCC0185
:1037E000EB08331DF60E51F938F9E90771F40EF9BB
:1037F000A812F8015E00D7F978127B0EDDFF330EB8
:1038000068FC5C07DD08841064079AFF2C03270618
:103810006805C308F40D24FCE614D6F6AC07C8FA14
:1038200088F233056506B5F050FD18093D19F91108
:1038300036FC91F889FB30008702ABFCC004B2FE75
:10384000AD03F50B3405D20E9EF171F526030DF292
:103850000FF98EF6EA1DE51EE3F1C9041FE258DDFB
:103860008CF32DF5191A9C12F1FB270BFFCF81E188
:10387000ECF11F01B3FECFF4AAFF00FE80E2800B43
:1038800028F92C0A97F349EA06F2F5018A268117EE
:1038900010FEB1FDFFE883F72AF31CFC87FFE5FF6C
:1038A000CA0CCC06BBF980EF2E036609E5F952FC81
:1038B000C6FC56F52BFBEBFB790EBF013802070661
:1038C0000B0FA311AA0FFF0CD9F9F0FCED0BC2F7F7
:1038D0008C11A105530D690239F52AEB7608500ABF
:1038E0002A10CAF57DFBE3013D02CC094204420FD8
:1038F000DFFE4CFF09107904940CE4F8E511E909A6
:1039000009F906F6B20BCFF85BFEDE03E9203414AA
:103910003CFB060479FCB5FD9F01740908FF930286
:103920001405B404AC04180FC3FBB9EE22F052E83E
:10393000BFF8E5F62516A317BBF7620301F708EDFC
:10394000C1F20BE72D0FC309E00AF204D7EC7CDFCC
:1039500085F7A8FB8FEE4FEAAEF827EC3AF0C921C5
:10396000D605C2FCDAEF1004EAE598FF28157201CB
:103970001C0209110CF811EF39F2CCEF0A09F9FA1F
:103980001402530003FD5E0205F8C1FD29EE28F57F
:10399000EDFF62F65803B8F7A10F8315D5FC2B0C89
:1039A000390795041601E0095FF259E5621884268B
:1039B000690B530C891B2D019AEA8B024A01D2FB39
:1039C000210BCD095BFF25036AFBA1F6A200920D36
:1039D000FF06F3FCE9FE3D002FF6B8F7370A47145F
:1039E00084FBA2F842EE0DF23BF8760E3026A722B9
:1039F000070AC007AF011DF76108150AF9FEF205B5
:103A0000D1113A0A9105CE0ED5F5250080EAE0DF06
:103A1000C6FBA2FAA503AE058EFF26FA27E5D1F56F
:103A20007BFA2803D6F5F1F25F01AEF0DBE92CF367
:103A30001D0675F302F223E91EEC53F7080B791EFD
:103A40001FF08BF867FCA5048CE9B7F3791612FB1D
:103A50007809A3006306CEF426ECBDF75E0DCD0019
:103A6000B3F838F93DFE48FD6005EAFAFDF7BBF909
:103A700052FAC0E925F86405F00846FD11FA9D08E0
:103A8000E6F9BE16931D8F0A34F8AAF367080307F8
:103A90005D0FE3F3311AEC0137F5460325FAA5FD76
:103AA00063F9D5FF67002FFDB6F71909720A060101
:103AB0007DFADB04D30DE6FC26FE79F25D026C1B79
:103AC0008EFCCE0078F9CAEE2D07940F3D15E81252
:103AD000460A41FB8B086E03C00754069CFEA1FDFD
:103AE0003C0CF9081D0C0C023BFD70F5C1D92FF4FC
:103AF000920BEC0CDA055BFF80FD5DFFC0F194E4F6
:103B00001807330D0BF486F1ADF423FF20F2830187
:103B10008BF8F4F688FCDAF8B4F217EF8B11A10EEB
:103B200067FBF3EE55FE72FF17FC82F8BD09B40483
:103B300048FD8100D1FA96F497F59804820897EA37
:103B40001FFC94F189FE2A055608C50A1DE9CEF826
:103B5000FDE966E45104651E0B18D5113D01AE0B5D
:103B6000AAFC940AC6116DFFAF10F0F1270FC3FC39
:103B700079065FEE2C0561F705F46EF4C8FF9E0729
:103B80007DF612036C011DFE2603CB037A09180093
:103B9000A9072201C10298FDC108ADFA50088A0C9C
:103BA00066FF670B78F852F4F0F7D700C517DB0211
:103BB0006C0F2703F9062301AC05F9F538FEC6F5AD
:103BC0003A0317FDA4FF4D06A9F57D03F6F4240181
:103BD00062FB09107C08FAEFCCFA4FF1F3F8D3FE40
:103BE000D21A730034E8A3ED31F930005D0BEE0B0F
:103BF000D6F53FF472F7FFF1BDF686065416C009FC
:103C0000C9ED3BFF58EF4BF0290B43017708F60055
:103C1000CBFB7600C8F104EF0F025B059CEDA9DB3E
:103C200025FFAAFB86F1DDF1060BE7048EE3AAE28D
:103C300007F20AE9110696122919110792F510FEEA
:103C40007DFBE803B006B2F43912E1F7DDF91CF1AF
:103C50003D0BAA0552FEDD005EF4D0F6BF0308F965
:103C6000460C5805DA01B80EA2FBF50A21076404D8
:103C7000C6EE7E0D9802360033FBEAF43B08E907F6
:103C8000A5FC3F0294FD910724FFBCF81A0A540FCB
:103C90007A0C7AF5E4014D053C014C02620D6FF798
:103CA0001E068FEF76031EFE09F95600FAFC050A80
:103CB000C100C50198085BE9A7FEAB094CFC660B87
:103CC000B709CAFFDCF121048A07ED007D08D600A0
:103CD00031FCB1FB38FBA20298081903B1017F0740
:103CE0005CF9050966FA1400220549F9CB0DE1F8E3
:103CF000B609A1F434FF41F668F4BC0649F80FF1A7
:103D00007BFA5AE996F3E1F30FFD31FDC8DCD7E603
:103D1000A6EF47EEF6F8F617E608BBFFCDFCB903B1
:103D20003EFDC10BC41BA9056EF63008D3FF2EFC67
:103D3000A40BEE0E56FABCFC7D0272FCAC0945F7F2
:103D4000980853026D0673079C0AF5FBCAF894FFA6
:103D5000AFFD4D157B08C4FCBC0B6C10970E2DF904
:103D60000108C5FA11FBEA0584F68EFE8A0E25FFCE
:103D7000B40277F9B9FDA804E9F78DFDDE0A8E05D6
:103D8000FBFE6A07E5FD05F681FD66FBBC0112033B
:103D90009209DB1132107AF3F10BC80F61FA390185
:103DA000AE064011BEEF20030E09881B3508CC0675
:103DB0009CF81AFAB3FE7204680F380C14F42E0043
:103DC000F105E50EB7F9C3FB0005B507DAFA5C00AB
:103DD000D3F994F4E7FC5EF6A9FCE3FF4EEDA2E50F
:103DE00034FAD9FF8CFAD3FAA1FC9305B2DC99FA24
:103DF0007DFF850749FFED07600710F51C0F3901AE
:103E0000B70F55057C1A1CFADBF9DB0A2C0178F98F
:103E10009211010A1FE77EEBDD00FBF7E30AA1FE2A
:103E200091077208FEFA300CB1FCABFB54FFBC02E8
:103E3000D500F2097D0DF1F504FE130C16062AF7E4
:103E4000220DA7F0F6FEB5FE1CF3A406B6044D0540
:103E5000A8015005C2F4EC017306A3062D1F7D06D0
:103E600065FF74074207C80B6903D700B8F845031C
:103E7000BC042E023F0275FDC30AB41115F5FD0CFA
:103E800066FE4E097C0195F72E15900E44FFD20C6C
:103E9000BFF9A209F3FC23028217290565F539F859
:103EA000B4122C115DF4A9F3EB0AC0039B04D5F402
:103EB000DBFE3D0022F78701C20A94F502FA5FE4B7
:103EC000A4047C028DEFCD09D6F9F5FCACDEDFFA57
:103ED0007A0E200189126208780302EFBC08841B65
:103EE0002304481BD30C44014D082011821437FED3
:103EF0003714880EECDDFAF51DFAA3F64B0ED4024A
:103F000009F782FCFA081A03DA0199098F09D60E1B
:103F100029049F06E10409077E04A50698F9A40771
:103F2000100D33F9E1F5DAF927091C017810810D3C
:103F3000790B380FC3FBEA023801AB092C16C10C10
:103F4000210D200AF40479FA9EFB5FF658F678F901
:103F500094090C07D7FF8B06C200670A530D000DAA
:103F6000CEF6AD0121FC77F68E14F70A4A1171FFE7
:103F7000F4FD9CFFA308F502260CEB09410ABEF6EE
:103F80008F11BC082EF297FE3A0A2E01390A81F4ED
:103F9000C70B2F02F5F10AF9FD08BDFE64053100DB
:103FA00076FAF30385FC880798FC59FDDEFCFC0AD1
:103FB000F006C308E5146C052F0695F3A7154F0D01
:103FC0004EFEEC00AD08DD04EAF30715A803F70484
:103FD000A70754FE2AEA38F199F93E0655FC260552
:103FE00026F601FAD9F780F67EF81605430528FB78
:103FF0009803FE1872033E0FAE026702D6ECEF0480
:10400000021CDC0C1CF5ADEDE70808FC07130A04E4
:104010007B02D31128F065FB9909A805B5F55B0271
:104020002112D40DEBF4FAFE3D00EBFC3100BA0294
:104030003A0B57F97FF93CF5E002C1FD0E07E01B92
:104040000504D1FD3EF33ADF2F12EE0CD6018004B9
:10405000A0002509A4EB21F9A80966FBCAFDB1F16E
:104060002C09F305DAF0F0F52A0969FF21FAEEFDD3
:104070006BFE39F50704A20BA8F76F054EFE78FC1E
:10408000520AEC016507AA084106B20157FA070473
:104090007705D7001E05D50BEAEDAFEC4D0087067E
:1040A000E207D0FF67EE1203D400CE133F080212DE
:1040B000FEF8D10984E25CF51806180595FD630A3F
:1040C000D208FDF40001AC0173FD81FC860A6F008B
:1040D000B2F9B214F80D8915A1025B0345FBC4FDCA
:1040E0002016310C89059EEF6FFDA5FBD4FE01ED76
:1040F000180D61025EE9B3F393FA3BFF60F7F10933
:10410000A50F530204F56DF206F8AFFD0308E803AE
:10411000AEFB82F0AFF35CEF47FF90F3140BA510FA
:104120002AF0B5F12FF222E025FFF40A1F10E1FA80
:10413000EDF615023BF4ACEFE504D4096BE8C4F6E8
:104140004207F80628FC6400F6F9490A10067A05C9
:1041500056F77EF23202D9066CFB8EFDA9F6AD044D
:10416000720675FF450E370C1AF9560821F06AFDE4
:104170000FF6B50B9E0995F9C1FABD02F4FCBBFE22
:1041800074FD12F8530ACB021FF9D2F7740BF60F25
:1041900027FE17FA2DF04901BE03D2F47E04250F45
:1041A0002FFD9D0236004904860171FBC302B5FD57
:1041B0005D1B9116B815F003630CEEF6250AD3E4E7
:1041C0009B0A03FB4BFA5AEC9BF744FBE7058F096C
:1041D00064029A0665F151F568FD2204E50CC0F70A
:1041E0007D04EB061BF4A1F687F9D6F7E0FAC103CC
:1041F000C004E303EEF214E326071CF21EFED911FD
:10420000F1ED560130E244EF5AF7BF08090364F7B5
:1042100082F29706D2F04704990D2E01F0EC4CF390
:104220005FF856F6870DF0150909730398F7D8F56E
:1042300086F8E5FC5C0F6316E1054DFCA4E6AEF5DF
:104240007CFB3B0A060B89000D04AD0D20ECF7F357
:1042500057063500A8045A051A01A00513FAA30D44
:10426000CA0AF3F82A06D90986F238FE31131F115B
:104270004DF8B40065F1B800EDF7C9FC0900A401E0
:104280001E093A005D02C20ADCFA78095907670282
:1042900064067C0FC4FD1CF26507A2FA9CFDBAF807
:1042A000960C91FFE71571013F062BF964FBFFFEA9
:1042B000FF105DFC6DEF14F193032D07CFFB5EF94A
:1042C000F003BFF70DFA43EE010BDA06FAF9CCFA68
:1042D000BBF83C0552F941F17D04930D27F6D4F764
:1042E000F5EF0A0212FCC9F5F7FE100B43FA3AF794
:1042F000F8FB64F75D04AA0AC8076705A50BB1FCC3
:1043000031068D04E0110D0865FAEDF99FE31FEA0F
:10431000C1FF54FBBE0C6413DBFBC5F328EE18F1A0
:104320006D0D44018A0E6301C001D40A21ED2EF106
:10433000D406AE188CFD3807D6065C0F40F2D500C7
:10434000CC0070059BFFEB12AEEDDFF7200D7B116B
:104350003E08EB05D3028EFB9AF4FD06EBFF200925
:104360008EFC40FCD7F97BFE0F0794FFC11045007F
:104370009F06EB0D0CF8D80D52F84002DE0510FE3A
:10438000030F5202870D050781F3B2F337002A119C
:10439000400AA408FE0999F973FEF100FDFCECF84F
:1043A0006DFC87F616058BF06408C10DA9F4F0FFCB
:1043B0007D05280171F9E1078209621383FEB100CE
:1043C0002E078A0AADFCD503BA0921FF5BF6590E08
:1043D0007606EE0495010C0D0CFEF7025A089DECD2
:1043E0005102E0FDF10AAF0BCE0AE0FFDAEEAAF6C9
:1043F000ADF77100E7110011EDF9B0F7F9F372FABA
:1044000005FDE50DA212DB0B2C006A08A2EEEDE61D
:104410000D096CFEBC01A408DA08FF0B0CECF807D0
:10442000B7062FFE97065E11A2FA95EF30FF450EF4
:104430008DFAB0018E127DF870FCF7FD0813FF09AC
:10444000960990F97809B205C8FA41F800F6F2F831
:10445000DE0BA905EB0FE20E27F6BDFC0C010109EE
:10446000930DC10A0410291673F699F3EAF14F0F60
:104470003CFB28FDFA15A003FAF9EAF53905E4FB3F
:10448000F60107FD10021A0673F8890687FB5BFB2D
:10449000E10BE7093202DBFB14FDDE03DEF9A0FAD3
:1044A00078034BFD7AFCB010FB0AAF03F505AB03B4
:1044B000C70B2B09F709DF0691083BFF37F5B8F169
:1044C0001A01F6F57B0DBE103F09090470FA1AECCB
:1044D0002D08FCF6F00FD5025EFEF603A7F3A3F657
:1044E000F9F8D702C8FE02F9490B0F0C9A01A5F89A
:1044F000CFF5410DA8F85AFEBAFCF30232002708A6
:10450000B405D8F36E093212F20056FFCA028E0DBE
:10451000D6F48DF8300DDF0364FF36F9E50B65F650
:10452000A1081A0839F9DDFD75FBAC040D091B0063
:10453000DFFCB7F7A102CE08C60187F4F2FE2AFE1F
:1045400012F560F9AF0CE00F7DFBF0E141EBB4ED4B
:104550001BEF6BECE607470D47EF36F29CF882FA4B
:104560008FFEAEFE020F0DFF3302220B35F8DA0983
:10457000A2FF2C06390438160B085C0EB8EDF5FCCA
:104580006A02A8F1AD09B308B30409F6DA046102BE
:1045900039043D059D0F3B050107E607B2FAD2F548
:1045A0009905EEFE9A05D408B812CAF31CF4DEFC95
:1045B00023F7F703460358FC79F90EF5CCEF91F990
:1045C00072FD72E81EFB3601490778077BEF390B55
:1045D00081EAAFF8C6F84F081B011A01E10F150D6B
:1045E0000005A30F010C6EECC9FF33FDA606D80031
:1045F000A401810533FBE30247001BF72A054F05A1
:1046000030F6E7F5C7F6A60077F677F97403600091
:1046100079FFEBFEB1FC160A770C19F75FFB320845
:104620007FFB08EC900A650DA9F465F1B9E70DFA76
:10463000A9F489E98B10C220F6FA79F8A0E8C4F24F
:104640004FF212ED86131615C7FFB1F49C108E0CB5
:10465000F405B5FE4A0DBA12A3072EFF14F364ED5C
:104660005CEB62FA9825B41DEDF98604C102CC0119
:104670007903AC07190CADFFC2FF0808C4F746E682
:10468000310268FF3503DC10EAFA95FE22E9E4FD09
:104690006B0143FB250BD61956F0A5F67204981052
:1046A0008BF852E601FAA80555EC21FC720DD6EE06
:1046B0006DFA2205500EDD1792F280F54AFD2300B7
:1046C0009EFAF3057C121DFCFAEE34F901EF84FC2E
:1046D00032FF3409E4F7E7FDF5FBCC0965083AFC45
:1046E00074FB1BFC0DFC37FC55089BFCDD0067FCD4
:1046F000130310F7DCFE990132FAE7F82F06FA08E7
:1047000046F41DEE7FFB430B630CE7F7EA07AA08AC
:1047100053E4AAEB8407A5035BFB1B006907F5FACA
:10472000D3F238F25A04D5FFD2061BF89D0C960A34
:10473000220581FC770749122CFA950867F50EEEE1
:104740008BE5FBEEF901ECFF9BF74A0398F007F3CA
:1047500047E423E608FCFC01EFF218F0B2F118E898
:10476000C2EDF2F8FB05BB0F75EBB50084FBADFFA6
:1047700054F824DB91FEB70FA8FB07F096119114B3
:1047800039E771F82E0CD811D1E23C0386F6B90551
:104790007FEB06F8160DCD15FCF008FEADF6F70917
:1047A0007CF378F9030665FC9EF9F4027E01BD05F1
:1047B0004A06CDF92901A9F66005F409220407F992
:1047C000280299F699F7D705E6F730039FFEF0F92E
:1047D000DF013B06E1F7EFFB680982FE17070206DF
:1047E00054F8C8F59DFE5DF7E0F5E6F22D044B04A4
:1047F00049F9C7FF0A073005D8F5CCFD7EFCCFF894
:1048000086F70601B007F5019FF92B0A38034CF92A
:1048100094F0C0F6BC0AC204D5FD0007E8030DF70A
:104820004FF7C8F3341BBB04560281FC5904F4074C
:1048300092F402FA77FB9FF199FA02049D080304AF
:1048400040FBCDF1EDF5050AFB00BBF537FF53103A
:104850004CEDA9FA81FE8DEFE2F72907470D991279
:1048600004FD22FF6AF70600CF0866F60BFB5F0225
:10487000B0F1A5064F0A0BFA2B04A60BE6F83F028F
:10488000ECF54B05BEFEDCFB56075C0459FA5B05F4
:104890002D0884064007DF05C20652002FFB08F7EB
:1048A0008206570A95F60301F0F677FC0D0AA80276
:1048B000B3F564FF270321FD450AD1FDC8FF20049D
:1048C00007035907580993040901300AE207000455
:1048D00002FE49F7FF0280F690F81800120283FFEB
:1048E000640AF601AC08720986FD38035A09C4FC53
:1048F0005C07FB07B9F9A40965FC3AF938FAE80640
:10490000F2046E0336FF83001C0539FD0E05FB0320
:1049100020034807C7032D09A6FD39FC69FD73FD77
:10492000DEF7A30080FF480783F61301CA04A00640
:10493000E2059AFFF3094A07590415FC14FF26FA09
:1049400065045108C9098305EF00D40944F9380A00
:104950004DF60AFBA8F5F9F865010101C9FB84FFD2
:104960006A0952093800ED029D004EFE4BFC52FDD3
:10497000EAFB12FA7DFF4BFC1AFAF50629F636031C
:10498000AB02CB070E040C0A59F88CFD12FB75FB29
:10499000FAF8FA067B00FD0683FDB90469F73605CF
:1049A00016016B04CA0593FE0D04FC05A9F8390035
:1049B000C9FE2A0254FACA01970772FF4E04F30493
:1049C000B0FC720D3B0576025EF888FF360EBB0424
:1049D000AF0AF90787F727ED96F711F4C609DEFE4F
:1049E0000105E2FEE6EF10FD100397F9CE087A0903
:1049F0002B0E1D14AC00590385FCADE42FF9A5095D
:104A0000F2010EFCF00E54FBFCEDDDE9E6FD9E0329
:104A1000A509F4FFD6FD20F6B2031B073502410CB1
:104A2000AE080B07E3F4E6EF0E0068FFFA0D500D39
:104A30006F0DC105A1F84E0380EF30FF38FF4F0A1C
:104A4000DDFEFE05E9FDAF03B80588F567FCF2F56C
:104A500015F9CAFF0A07A7FE09FCB007B3044AFA12
:104A6000E4F5E709AA0329F8600762FFF80154F8A2
:104A7000130AC007A3FB45FFC5FAB60250FBC30CDF
:104A8000DC03B0FE67F4EDF98CF71602150D31FA70
:104A9000350D9D0298FAD6FDB10031F97A072FF74E
:104AA000F5FFCFF88D063E0FD0078B00FAEEE0ED54
:104AB00047004201C60C25FA56FFEEEDAB06BEFEDE
:104AC0005B02960E9AF006F613F5E2E2310359EF17
:104AD000AB0CBC056A093C07CEE7D9F468F4280C96
:104AE0002B171B17A011541136F9AD000B08EF0E50
:104AF000870E8D13970851F81411B41957FDD2037E
:104B0000F20960028D0637F552136EF555FC8101EE
:104B1000870AC1027CF027F8DFF887F9640549139A
:104B20001E0B73020705330B570763F57AFDC3F8B5
:104B3000CF08C0FB29F957038CFEA6045D0871FA63
:104B4000F4FEB60884F768F8F9058E08D7F873FC08
:104B5000A907D8193D116BFCABF544FF3DFFA00B35
:104B6000B81515030CEEC4FF1B043DFE01068805B5
:104B7000BEF83BEF04F2CB02A600CBF9B8038702E4
:104B8000EAF44F0736F8F7F762EBC4E2440607F69B
:104B9000D9FBA7F631F24CEE51EC9DEBD30874092A
:104BA000B800EEFB18013EF471EFE4FF6805A8FFC2
:104BB000FF076A09D5F7BD02E30465005209480AF8
:104BC000170F02FE090093FD5803AEFE98096A0311
:104BD000B709A0127309140AFE0A72F8D40461F826
:104BE000B0FEA5F6C502F4F6F6EE1B069E0A15FD0C
:104BF000E5F217F25FF7BBF5E4102A056CF184EDDE
:104C00001AFC1BF696FA810B370085FD1DFBE81197
:104C100033F4B406B0FB0E05F8035E0571093FFEE0
:104C2000820060010201BEF5BE06AE031A03260132
:104C300034FE6B033F0C3D1406FFFE02B9FBC6F4C5
:104C400012EA89001C062509BA00C90846F93AF992
:104C50005F0179FF1B0ED6061CF8D5F8B2F1BCFB3C
:104C6000C9F18FF83CF9B2FB5AEBCFF33BFB9E0046
:104C700031FA8FF7DEFB2902C3F68DEC73FAAD0231
:104C800042F75508AF05150B47FECCF6C9F35CF4A7
:104C90009002C60C2407A10C17F802FC02EC7EFE61
:104CA000A3FFB009D808B6FB6104BF09F4FCD9051D
:104CB000A10349047303500646FEA0FB94FC13FABB
:104CC0008FFD19092F0480FF4703BCFB8D0ACD001F
:104CD0001F042FF116010FF57104EC0D43F865FD6B
:104CE000AAE939F777FE67F153FAFE0715ED960149
:104CF0009FF6EFF8BEF08BED5904BE02540B6FF136
:104D00007008AC01050768F76409FE07090038FB65
:104D10007200EB094B11D306F5F00AF84AFEEDF9E3
:104D20008FF1DCF97A076011A1004C0103F890FDC6
:104D30003FF271F43A0DDB0BE802860AAEF321FB79
:104D40009CF4820807F399F56003F506DEF6530339
:104D5000330075FAAEFCC4FAA3F6D8FD8B09300215
:104D600022FA32FE2FFB43031B08240F10FA7DFCAE
:104D7000C6FCA00B93F67CFF360A7804A90280F6E5
:104D8000990E5700DE0A9FFB71F0C6075DFE79FAA7
:104D9000BE096E065D0C0BFC67FB2B0353FCA2F7F0
:104DA00018041A0A72FD0C0696F534FBBBF5F902DD
:104DB0007C006E0E88F9DBFEA2000DEC49FADBF9EF
:104DC00091F60BF320FFBCFAB30AB011F3ED0F100C
:104DD000C501C206FCEF1FF2D9FDE90645FBF4FA56
:104DE00097FF4401B406C40E29FF89FC3D04B9FFB6
:104DF000E0066D05ADEF11F565077A0394056615BC
:104E000002F6F1007607980E45F9E7159609940722
:104E100076F13AF5E9F7DE07DE0F550210F247EDBD
:104E200069016AF5CEF984085308ADFFE6F19EFAF0
:104E300081029C079D00FFFE0E09D30CFFF2D3FDFB
:104E40008301C7F6A303C200C2110A040BF0E2F803
:104E5000C50499FD33FAF1FD7B032810B107D4F3A3
:104E60007802DC0D06F12F06B20AE910060422FDD5
:104E7000AC0578076A04F7FBE800E4043AFB15FE8A
:104E800022FA5FFFB402A7FA52088107580A4E09B6
:104E9000BA0292FE0FFECDEC24FB61FE330156F9FF
:104EA00003FD7FE88DEF99F90D067215A7F75B14E6
:104EB0005100F1F655FF68F9C60B61001C0C420069
:104EC0002901CCFA69088B0EC60731F28800D1F6A9
:104ED0006E0078F13EF87002D9025E000E039E0C5F
:104EE000F5E543F0D40E9BFB6EF6E6F98F00B506B0
:104EF000B0F983ED580136FB39074AF989F161F5BC
:104F000036FE55FF8D026200990461FC95FF61FB3E
:104F10000C0EED0870F3BAF51FFC82FACB0181F696
:104F20006F047D01D801F1FF89FF72FD0DFCAE0415
:104F30002DFCEFFDC30571042BFE730B25065405F4
:104F4000CDFF0B0274FCF505FF0A1D05C305DAFE53
:104F5000BEF5E1010E0276FF7310ECFE470F3C0632
:104F6000EDF26BFED608CCFD1B04B70787071C0CBF
:104F7000F6FAFDF8BC008AF26E17A50A3D0AD808B9
:104F800012F802F80DF78CEA130B0607DF0BDC149E
:104F900081F5F0FDC7F91709390D9CFEBBF8DEF766
:104FA000FD00A80AB5F6BFFF1BF774FA37024212DC
:104FB0008E010DF737EF0AF9240939F943FFF70598
:104FC0006CE253FAF205380DE9F50DF2BBF016EC80
:104FD00057F937F2180F53FE990B17FB79EF54F777
:104FE000E3F9F400E9F5530A21001C0F85FD1AF0DE
:104FF00047FD860EF70530F94D067B0395F338091A
:105000003EFB120111FDE3FA1508DDFA450DBF0C58
:1050100030FE45F88103FD01C1044BF98804420AC2
:10502000D2FF600346FCC711310A2A046318AB079C
:1050300099FB81F85D062D013F04E40BBDF72201C9
:1050400018F661F39E08AEF60B0B69163306DBF714
:1050500040F486FA1000E8F7BA07FF0AC6FF6D0AA7
:1050600049EDD0F51BE5FEECA4028C0F430945F891
:10507000E5F488F76B03B4FE9C103707C1016E039B
:10508000E4F813011700AA02720B4A0B69FA29FD12
:10509000560329EF920137F600F540FAFCF5C801F6
:1050A000D4F62100CC053C0C0DFA2BF028F99CF726
:1050B000A0F91C0A150CFDF73EFD9AF597F00105C5
:1050C000870E0906E8FC92F8DB09720B64F663F2BE
:1050D00019FE6308EC09C003A6067BFADE02D009BC
:1050E00096FE32FAA808A3FA02083E007105DF1501
:1050F00008F6A5FFBC0ECB08A1070EF8360008077E
:10510000280CA3F5CA0020FF9500590185FC8F07E4
:10511000FDFD2EF3EA04DC05B2FB60F852F8F5EE73
:10512000D00701F8390278FF46023912D1017BF32A
:1051300006FDAF03A7026F0B2603DD0ABF0000F9CF
:1051400065EE25FF1EEEB704801B8214ED0C2DF9D1
:1051500025F65A06650DF81852FE21F9CCFE11FD10
:10516000300165F4F4090AFFAA0C72091905BE059D
:1051700050052F0165FCFA0CB2F296F9A20875F9F8
:10518000900151FFDC0093037B016601E2F2F7F42A
:105190000115F1031D0AA30A7FF930F9D9F0B1FB1B
:1051A0006D0E740990FEE3FB26FA980ADAFD5F0F94
:1051B0005D07E1F94CF42EF32B07B00AB6FD74102D
:1051C000C30266F30EF2D3FDF2008E011711980BA5
:1051D000E7FAAE0C65024A080B0C20F9FC076702DF
:1051E0002A0F4F063DFA650A23E80BFDBB0B13FEA1
:1051F00074FDA3F62C00CC06F0FAE1FE03FAA0F150
:105200006103D8FDC3025BFE020221FA8DF0CAFCE5
:10521000BFFA50FB5E0DF2FCD1FA4A15FAF69DFA80
:10522000AFE765F7B5F51F008F118F0EF4039DFDF5
:10523000A1FA5B03270D411D4B02B909A50DE0033F
:1052400025FE98FD7FFCB3096F0E51F05FFFD91268
:10525000B6F964F8CEF3BBF60F04EDF0F90C840355
:105260000F0C720B4303A10231EFFB02A4F375EDA7
:105270007902B304FF040FF1BF00EA04DBF618055E
:10528000BB003B023AF1D8EBDCFF610E980255FE01
:10529000D9F9EBF93DF127EA38FFF3FCB910380EE4
:1052A000CCEAE4EEE4F66DF71CFC7AFD6C095508D7
:1052B000ABE938FE7700EC074005ADF7CA0819FBEB
:1052C000B506AF0F52016200FCFB00FEFB073CFC81
:1052D0001005DF0669FF590B38FF23FC2DFF800303
:1052E000F5F7AFFBE10195FA1C01E506A1016BFAA8
:1052F000F0F6F5FF40054900F50EF40F6A06BBFD18
:1053000022FE55EDE6F577F8B108FA0F31090BF0FA
:10531000F3EC33F41207DF05EE071A0801F28B00F5
:105320002F05C906FB0782FF42078F062302B3F948
:10533000E6F51B0AE3F1E3EE1E036AF95300BF0032
:10534000C6F6F501F0F9B2E775F16904910400FDC4
:10535000CA132FFFDEE00FDA7EFF30FB3EFE610C4A
:10536000F7047C00F8DD08E0D305CF0996005B1256
:10537000D0F326E8BBEB4DE7CC09830AB81429002B
:10538000FAEA36DC35FD65032AF16909EF06780F84
:1053900082E5FAFC9C04180A81F5A9FA6AF9E0F89A
:1053A000A5F6CD01D9FE8D02470298F52FF3FFF641
:1053B0003CFC09030E03FCFFCDFB9CF02FFE090B08
:1053C00067004804B7FC61F0B7006BFCE207A2027B
:1053D0000C040B00BCEB51FD3D05AE1179032D080B
:1053E000BCFD3B00C4FEC71080104400F0F865E629
:1053F0009C0068FFE3F4F911CDF764FB09F10CF4AC
:10540000EB04CCFE930D2A074EF46301D00167082C
:10541000BAFEC7107FFCCCFB030A4BF303FF42F03C
:10542000D9F862EF17DFBFD669EA21ECACF8A60A1B
:10543000600036F03DD54BD923EDC1FE2CFC6DFF4D
:105440004BEEB4FF77DFF4E4B2FDA80A410911087E
:10545000D4F2CED794F29CEF470E51FB940DB600D8
:10546000C3DB65F078F50BFFD008BEF831FE55FCC4
:1054700063EFCDEFF8FC0EFC3D01D113FD0173F19C
:1054800057F2CEF4D9070E0045059B05CDE636F060
:1054900058FE9AFD7EF328F284FE72F5F001CB0AE5
:1054A00011FE68032FFF4DFBA5FCB7F6C9FDACFA52
:1054B0005B009EF55901D3FCF3FEC90895054D0725
:1054C0008FFDA6082904DAFFCA001400AE008AF096
:1054D0008CFF3006F2002B13E0F0C7F00EF3F7005C
:1054E000CE07B3010D023902B0018D08BDFAE50700
:1054F000DA0563165008CDF9410DC3EA8C03DEEEE0
:10550000BE0CD50BE6F5D0E7D9F9EAEF740C7D0AAD
:10551000ED00B3F270F062EC1EEA52FD3801F1FECC
:10552000EDE8E9EAC0F428F440FF31F3ECFBB3FC0A
:1055300022E7D6E5C6FBE9063E0B23FA9BFE04F202
:1055400047E783F04104FF08DC07CBFFD8FB9BF65D
:105550006DF4A9FA760CC6F528133D115BF0BCF189
:1055600028FBF1E9B7065901A5FEA7F873EBE3FDA7
:1055700057EB5CF1B3FB8D01C4F05AFBB30476002A
:105580003F0A40043BFF9BFD73F977F95D11BE0EA6
:1055900007FBFAF4BA02F3FD6202ABF8ED049800DF
:1055A000DE098E077EFED0FE490001064FFEFCE6B6
:1055B0001D029E081F12BB08CEF3DE02CBEC0D02CB
:1055C000DFF96FFE1103EBFF4808D0FCD5051A0A7E
:1055D000DAFE59038F06D30232F07DEFB0F996DF81
:1055E0003806BF0F42FB6BF897F30DEEB502C4FF10
:1055F000BF02F2F145F8EE042FEA70F4C5FF69FB33
:10560000B1ED2FF62AFF7E00DEF79EFA1B0144FE65
:105610001EF2C4F85D0A75037C0141FC53F56EF877
:1056200014F8B705AC105A0111F55EFE0EF8A1FE94
:105630003F0113F6A106CC020302890AD0F154EC13
:10564000D3FB5FE987F78A07890F7C064EED9BFD48
:1056500016F8C102F7FC4402BF0C15FEE70AFB0B6B
:10566000710089078306BB0F25FA43ECFC13260D56
:1056700078FE98F53E0CF3FABCFFE00164F8B90B34
:10568000B015F009B90D490004FD5B04020C18E7E0
:105690002B05D9FFB609DE0A06F311F4C4F32EFE7A
:1056A00043FFD5F282F8DC0D7000100787FFC3FFBF
:1056B000AEFE2B05A209160C6DFA8500370280F1AB
:1056C000DE0861029EFD68FEB6EF6CF19103F40006
:1056D000DB08CBFAA202780208F177F8DEF0F3F2E9
:1056E0003DFF63002DFFAB0FBCFD37FFC6F888FB05
:1056F000AEF6CAFCEA052608C4F821014AFFF90CF7
:10570000A60627FFF60C06090601DE00EFFE4CFD9B
:105710002BF839F3AEFCA5FDE2FC4CFCCDEAFBE234
:105720007DEDBEEFBE007A004603450BCAE8BB051F
:10573000B3F26CFBDB0DAE10E7065AEBB8FFC3000B
:1057400017FF20068405C20F96F042E6BB0B58FFF8
:105750004F0676FE4E040B0908F37C01B6FA74FD81
:10576000FE087A12AF0E0C0FAAF4E3F19703E1E9F9
:105770000B01AA006D14FBFD85F637FBD8EB58072B
:10578000C1F68D01070A87FF45F608FB8407C602AC
:10579000D70060076F00B20A9E0128F410FCDAF906
:1057A000130392080F0D66069DF1E7F334FB940096
:1057B000A103D007C403C40521F4C2F65DF3490276
:1057C0003A0660FC25FEC60943F6D30636F5BAFB59
:1057D000520B7E051F0A700EFF0D66FF47FB660029
:1057E00009037EFF1B008E0BAA0356F5FEF8C3EDDE
:1057F0005CF49FED900B6304FCFC141078E8FCF162
:10580000D3E715F45DF77705C515270762FCCAFFD6
:1058100003F907F863FF04FE88F4AAEF6912BA0BD4
:105820001DFE46FF65017AFC53EE42EF2EFB86F526
:10583000F5088606D30064FD20F1D3FA8E01CDFC75
:10584000C11A7412D6199D0C9BF0DBFC610516F78A
:1058500044FE2A01FF145509C7F745F01BFD0A074E
:105860001306AC0731FD43087A09E2F8EA0069FB48
:1058700045F11B102E09E0178D0AF0E6EC00AEF89A
:1058800020047806B306A20B95F47EF11A0191ED7F
:10589000C503AA02F00AC500A7F791F4BC00ED0009
:1058A000E510780D8903AF0D80FA4C06990D290398
:1058B000E70745013EF96406DC052BFD4DFEEE00D1
:1058C00072083FFABAFD730491FF39FB67EFEDE60A
:1058D00045F86AE76309E9F8C70112071BF6FA07FA
:1058E0002FFC31F0190A97093704380E17FF0E12F2
:1058F000E9F7E1FE260AFC07F10431F416041DFC69
:10590000920276FA460123FCDAE9AEEE1603430072
:10591000E51077079705C002D5E274E31DFD85F415
:10592000ED1D95187607C814C3EA60030AED13FE4F
:10593000210849FA2812AA0A32FAE7F878EEA7F401
:105940005DFCE903850B3AF106F57FF72FF9740545
:10595000D40A1105F6FDD802F7F9D9F496FE8006AF
:105960009EFCDBFE0D0291FDB7F01DF2040C46FC1F
:10597000C9FB94087408060B8BF0680403FAA7FBB4
:105980002809640CE0056D01DD06B2F89A0D0F0BD5
:1059900081148D1A6A07A0F5870A3EF77807840BF1
:1059A000B70E390B9EFF410B13F26C04780869F6B1
:1059B00053F0F7FA5CF9A3FEF4F9360D04FEF40B8C
:1059C00074FD81002106F9FD88028B0A86083703E1
:1059D0007B0A9E0335063DFE4B0533F9310ED80197
:1059E000F4066F04DFF25AF72FF5E5E15E0705FBD9
:1059F0002B199912E30E6E0FBFDF5BF5F8FF0AF368
:105A00004F156126C3FB3F1509F44EFE2401FEFC31
:105A10009A0BE9F5D80218FD0F0450F7FFFA90022F
:105A200082FFBCF6CC015CEA8F09E91084002510E6
:105A3000D509E9034DF6761208F81CF92503D605B9
:105A4000CA12A2035610E30AB2F1D6F3AD13C70C83
:105A50005F03D309AB118C145606EEF9F80197F2E7
:105A60008D09631BEB01810893FC13007AFC640A27
:105A70009A09C1172BF826FB8DFA9FF68BFEBB0CFB
:105A8000871098FA0B02E4FB0508BBF574047C024E
:105A9000E3F47C06960626046D06A209E502950548
:105AA000DC06AA153500C3FB5EFA55F9CD011500D9
:105AB000680ABA04FEF864FA8BF65BF3BE01A6022C
:105AC000B60E36092DF630F5F3E2D0E803FA1FF1F1
:105AD0002E0C6D0631FB610641EF9EF70402D3F1F7
:105AE000EB1EC317B4F9A9FD81F4C7FE1AF882FEB4
:105AF000E9FDE6FF2013BE03DA010FFA2F02A2FE32
:105B000013081BFABF01150037FC0A011B0A8EFEA1
:105B1000B800E1025AF59B09590282F6D7FA25FF2F
:105B20003B049702DE0CEE08E0ED57F79E079AFF64
:105B3000570240024602040B56FB63FB78095EF2F3
:105B4000340EBB02B40141FE3BF70B05A406A6FCD4
:105B5000F408C6078203CBF275F4700487F0A4F54D
:105B60002BF74A05CC05E6018510810021FFBB011A
:105B700023FA310CDFFBD205C6F4D4FC0E02260B4F
:105B8000030622108201F901DFEE00FB880D0EFCF6
:105B9000E20CACF9D1079107D3F0DEEC8BFFBBFC34
:105BA0009DFFBDFEEEF2F3FC41EE5FDECCFA80F32A
:105BB000A4FFF61A520844079AEA34F6F9F79AFC59
:105BC00040228414E50B2E0650F5A201A601680AB6
:105BD0009C17B3F55A07FDFA28F2D8F7FD03BCFA73
:105BE0001CFCB6F476FF85048603B104F0FCE4FDEA
:105BF0006905CAFC2B0DA90912F731FE1CF681FFBD
:105C0000E30192124C0F8400A9FFFEF92601B7FDB3
:105C10008CFACC04D1FFEAF95D0C7A079D0AAEF547
:105C20004607EB0D700ECB01B1FF1AFFC3F358040A
:105C3000E7023100F0F98A033005AA0069FCAAFCEA
:105C40002307AF0797F6CDF78C031E058F0C35069B
:105C50006C0CF90713FE3202E2FFC000F80A56018D
:105C60006D0D09147D0455FE41FDDDEEC5FF930E5B
:105C7000E609C608A5001F0036F926F1B5FF5CF558
:105C80008AF6A0055D08A4064BE808E822F330EA8E
:105C9000920637117F0A3508A5EF0BEC10F92EF8A4
:105CA000A215070B10019EFE19F79FF7EEFCA40248
:105CB0006C0C6EFBF40104062FF713FE520B50FB25
:105CC0004407D7F771FB7FF61EFA2EFD96FC21FEE6
:105CD000B909CA004F0581F659FC55EAAFF811071A
:105CE000E8F6030978F9000838F71604AEEF58080B
:105CF000570ADAF82CFA17F97202E3F86BF708F58D
:105D0000510405FA9E032D02C6061B04EF080C0180
:105D100061FF4500310979FA14F98EFF2B04D50C87
:105D2000BE0B3F0B63FC1A0810037B01050A6BFDD9
:105D30004CF880FC2EF8A1FDA30761F511FDB3FD21
:105D4000AA03A9FDAA02DE082AF4A1FA72FCDB0864
:105D50006D0547062E04F70805F26FF2BCFD1EE83C
:105D6000B1FBB3F20103680155EBD5F225EC2EEE41
:105D7000E604E81168F730F032FE9BFFBAEE9203BA
:105D80001D0B5CFEDAFC3BF7EAF5550786F915F7C3
:105D90002A0EC1FE22FB43FD77F89DFA56F924F93D
:105DA00074F954FE340292FE86F52507070052FD71
:105DB00022FBBC071F044DF5AC0D57F17BF553FAE0
:105DC000D8020305390A22FA3CFA2EFC7CFA310289
:105DD0005F0102FBBAF337ED9D00EEFD70FED0FBD4
:105DE00039F828FB96047001E2039FF8380E460B41
:105DF000BA0061F3D9FA35F773FF9D073FFBA006A0
:105E00001DF3A9F46EFCC0F6BC0993047C0FB3FF2C
:105E100046F638013CFE58029B00390C490E8A0EAA
:105E2000A2F504FD45024CFCFB096DECE4FDF7FD19
:105E300048040BED84F28FE2E60811F6D1F6B1F0DA
:105E40002EF463E7A2F2DFF392F6ACF1C2ED7AF042
:105E50007FF6F7F2A2F5E1F0F2FABB0055070A0E61
:105E6000F60340FA62FB9507CBFAAD00210DF20272
:105E7000460371FE0D04A5FBAFFAC307D7F939013C
:105E8000E3099AF745005BFD1B010105EA05960948
:105E9000780535F56E067D0C2B0EE804570F49F694
:105EA00067FF84EBF9020AF511FF3FF63AE430F997
:105EB000E4F21DFAE7FF5FFD3BFEAB04D1F23507CC
:105EC000FCF6D3EB0B0390096609ED0E7EF103F5AA
:105ED000F8E1DCEE67FA7FFD9D020D0BC0ED730665
:105EE00031E7C2E7BA015FFFC0F9FF064C05FC02CB
:105EF0005AE796EE160409FD0D08BC0694035B0BE9
:105F000011FAA9FF6D0952034D0493184403DB0AEB
:105F100079F5E5F0EBE6EFE95512D306B50DE80C9F
:105F2000A9F5A2FB5DFA72E8A2E8DDE5E401580CF0
:105F300074F9600A8AF6B8F558F84F036D0FE70355
:105F40004C07A8074C064301B0071901D2043907D2
:105F50000203BC09360AC900B9FEA404DD08ED013C
:105F6000C7F546FA90030401A8FE52087509190AFC
:105F7000C7015E09680911FE6BFB3F0416FE6FFD49
:105F8000DBFB1301A6FF8DFF7EF9CEF223F847F766
:105F9000900034F94DF314FD32F6AF18E9FC2906F0
:105FA000E9F833ECB111A90FC81D630F1B13A10E43
:105FB000B6F6E7005D053C0D3D01A403C80441169B
:105FC0009BEDD9F134F2D0F569143916FF0644007F
:105FD00036E3DAE50FF168FC1420C6048A17460B95
:105FE00096F178EC7AF0DFFA7D1D82204E16701063
:105FF0000BE3FEF469FFBAF1FE0EB7062416110B8F
:1060000079FF64ED69FE04EB62047CFF8614B50041
:1060100067FC9F0436F3CFF970FFBAF8FE112B0A24
:106020006DFB1E02CF075D0753FA610CA3095B02EB
:10603000B0F701FDCA03B502EB07B303EF09040291
:10604000BE0697FB65FC99F845F9330009FD4CFB4A
:1060500030050FF67FFA2FF99DFCE3F63B01DFF7E1
:1060600019004B0290FD0C0ABB0B8A0C8FFCF00749
:10607000CBF8960468FDD80C350AC500B6115E0150
:10608000CE0525FACFFD4AF60102B71587021F0398
:1060900096F769F283F7DBF1C7136D11990AC01007
:1060A000E3FD78FF47FE1E08EAFE090354FA3906AD
:1060B00092F24BEC87035106F116DE14AA0DE0FFB5
:1060C00011F800F65700480744097E0A7A0E1612A6
:1060D0003DFDA6F0C300BF036907700EAE10C50FEB
:1060E0000AFFB3F883F5D5EC6FFB4D07DDF504FF30
:1060F0004DF101F15FF59B0172F56BFEC5F9ABFF48
:10610000A5FEE1F7FDF77A01C9013409E103E8FAD8
:10611000FC025AFE0709E5F7D0F8D301D0F6A70430
:106120007AFB7DF5AF08D8FFE4FFF8F64203C90912
:10613000C6FA6C0786F93506DEFA12039101C60825
:1061400070FD5207E405C50654007901840398F5F3
:10615000AFF93E076A09A800B607CA096006B8F891
:1061600058F643061BF8CA09C7FF1BF7ABF619011F
:106170003CFB2009D3F68AF89FFB840856048D0265
:1061800072F922FB33FEC803F4F962FD87F577F953
:10619000530584FC0506700575F77EF80602AA040F
:1061A0004B027CFAFA0193FA29FA93FE44FC6DF94A
:1061B000B9FA61087E06EFFCE1F623078508E806D8
:1061C000C1F7C6F626F97E06C405D3FEE0035CFFE0
:1061D000E2098FF759FA8DFCB101420AB102FE06BD
:1061E000DF08D5FC0AF786FC0F049CF7A9F6E8F84F
:1061F0000F03BEFC2B075A047CF890FE2406FCFE1D
:106200001F01CF08A4FC51086DFBAF021504CEFEA0
:106210005205490840FBF60442FFC0082F036505FC
:1062200073FBE904470131F93101940AB5F863F9C8
:106230003404870872F5C002660B200B21F780FB3F
:106240005AF66C009C0449FC6B0271FA3804E90CA4
:1062500031F9B4F7390630F8AA05D31082FB4200B1
:1062600016FA1DFD49FE01FAC30B5F0313FC8AFBFE
:106270009B01B102A6F543FEA4F4F3065DF9E1F536
:10628000F3F8BC0221FF32FF3305AB1280FD310869
:10629000E60776FB57F763F6CA0EDF0173FC4C0086
:1062A0003FFE9EFDE607DFF7DF0F7A064F0085050C
:1062B0002B06F10193FA9DF5B4034502740664FFC1
:1062C0000A0342FA5308FFFB03FA46FE1E02DD06EC
:1062D0004A0A1EFA3B058FF578067C0672FB7B099D
:1062E00012F7D009E4FA94FB8AFD47FC2D0A220834
:1062F0009302AAFBEEFBC3FEDD03D00B75F82E0262
:1063000050FA0CF669F4E3FFFB104504AD04CA0132
:10631000DDFDA7FDB402AAF2C90A8C05B007F0FAA8
:10632000020A73FD4BF5C4F3DBF820F5AEF69601D7
:106330009CF601037DFB10E4DBF82FFB390AA30078
:10634000C406570624EDF4FFAAF646F8D7F4A5F8DC
:1063500061FDD40A7E02630072E53BF583F997ED97
:10636000DFFB910378075CFE9703BA0489FCD3F541
:10637000E801D907A2FC11FFEB0F6A1658F6C7F522
:10638000560962FECAF51400690F651430FDD90183
:10639000E90870049B04E0013011F70690F588FFCE
:1063A000BEF6A8FCE6FB6BF93D095902CCFEEDFAFE
:1063B00088FEB509FE07D4F63902F3F733FE06FD71
:1063C0000305D5F51901C8F626F97CFDD7F51100AE
:1063D0007DF63306B102B0FEE7FB8C125E070306C2
:1063E000CF08DB0B52FB9DF9D50AF4073E036E087C
:1063F0003F08EA012DEFCB025E0E8707DF15820F03
:10640000500087F14402D0FF110D3BF3B009C518CD
:1064100083F16BF8ACFF1002CDFCB9F1BD15FA03A6
:106420006301ACF4B00602FD71E928F59C0B12186B
:10643000B1FB240461FFD11075FD79032103FA0338
:10644000A80731014B1240099801050A35F8F902F5
:10645000DFF9B6FC33F7DF06D31B2105D7FD9B0C14
:106460001705D6FB5E00CFFB15141A131903FE03A4
:10647000EFFB7F00E7EC3FF05609C7178307E40AFC
:1064800082030BF6D8F6CB14E60DECEF8CF3DDFDB2
:10649000B6FD10FE1005A800A70F9FF69BF35D0741
:1064A000C6F529064BF99CFF1BFBC8F6F309DE0273
:1064B00058F49E119D0382F71EF0DFF6490E070B7C
:1064C000DB04A004AF0387F98802FCF1BC0D98122D
:1064D000B0FCAD06E5F8F701FFF7590C7F0504FDA8
:1064E00094036BF72A03A010D4067011A115630A58
:1064F000F4F369064A03CA0A7803BC00220FBD0CF4
:1065000030F471FB0A06F60580FE18F7EA0B231338
:106510009BFEA704BA068112A3080501920F540D31
:10652000F0FA6CF85B149B015C0F3B0F9E0639FC84
:106530003903EBF573059F01AF0D24106A0E34107B
:106540008D078509B70D17FAF019E205160AACFD9B
:1065500045195300D2004CF7810888FE271179FFB6
:1065600068FFADFBA6FE73171BFF7BFF39F775F0C5
:10657000B7FFCAFCA112E3F6100DA211FDF0C2FC98
:10658000AEFBEE025B089102C6022D0A8E093CFFAB
:10659000E0FF5AF878F471FC84FBE7025513CE1340
:1065A0003E10DD118EFBEDFD2EF61AF9FA10FA09F8
:1065B0003A0CB31282084A1282F43A0A9A073A0253
:1065C000A6020301B10AAD0615FBE0FF5CFFF9F579
:1065D00039F817FB7810DB0231FA5CFA330D2B0621
:1065E000450CE9FE3DF37B01F70180FC53106E136F
:1065F000FB0510FEC0FA93FF1A0805FE0900D1083A
:10660000A0F46F06B907920AAE061511EB0C340818
:106610009006CFFBC0FF62024906030D18001A1452
:1066200014F91BFEC60C2E0DDF11130AB90C9B0DBD
:1066300095FE1EFEDD03D105D316A506EA0A6DF808
:10664000EBF67AFBB20C9D065B12851029FDD70292
:10665000BBEEAFF4B70F650276110A037AFB2EF694
:10666000A2FBA604E1F89701DBFE2D0BA90712019E
:106670000AFEF8F409FBDB06F3F6B5F40C04F4FAB1
:10668000D700370305FBEF059CEAEA01610B28FD03
:10669000D41161069F04E808B2F64F07850C5A0131
:1066A0003F0341FE5613EF0C850AD0FDF8FCC509E7
:1066B00004FEB4F3600281F9490CF9FBAB12990FA7
:1066C00089059A0AA1008FF36DFB0703E811EC130B
:1066D00074FE640884F3D8FBFD0169068DFD54093E
:1066E000D4FB8405D0FB8F0B62FB6DFB870B420450
:1066F00052FA11F4580016FB530366FEAEFCF8FA8A
:10670000E9F10BF0BE09270414F458FC360CD8FD4F
:106710004C03FFFFA40CC7FFCB0B3B042502330641
:1067200032069003150E7E17A80AA012E6FDD0FBD4
:106730009AFAE5FCEC0B060517FADDF810F93EEEC7
:10674000730108FB280A1C15D70949F562F8CA0E1F
:10675000AFF705F6ED04310016F15BF3C9F5000162
:1067600049F7DE0CD8054F17B507C00E4A107FFB5E
:106770000908F7F49D13CB185CFD09047CFDE608BD
:106780006503E1FD061B780EB1094601F7FFC5015F
:10679000ECFDB401AB0868FBE707A500F60DF4FFBC
:1067A0003D0B5AFDB2F8FAF702F5F904440EC200A7
:1067B0003BFE9B04DEF353F35903E706A20966018F
:1067C0006F0016FF9F004802F3FF76F1D6F665FDD5
:1067D00023FED9FB89087B0159017A0675FA18F363
:1067E0005F00FBF1520AA90CB4F23902E3F87EFF14
:1067F000AFFDFDFEA105ED0C6902DE0CC2F238FF13
:10680000A810521749FE16090F05F70F56FF57FE3D
:10681000B704730C79007D0079FF0E09C8EBE8F12D
:106820000604EAEC530587FEE6F52FF41E005E072A
:1068300025F81DF5D007991269F66DFB4A04A10AE7
:1068400008F61AFA1312490BB905BFFE340BB4FA55
:10685000F7F05FF1BB033F16C0047A11810142F8E3
:1068600075F3A8F81D129D13800FFA11250651FE2D
:106870001B01710598FFED0A1A068706C303E3F8AA
:106880005DFF0EF43F065602AEFD24FC3501830188
:10689000D3028B0A9A0C4D03DFF9E4EF1CFC78F865
:1068A00036FB27048008CB0D9A056BFC7FF0900027
:1068B00075026C0213078E0627FD2C08A705B00A87
:1068C00035F6B2FD2E032DFB0007EEF600FAADFA09
:1068D000B10760FB4F0C0E14C403A7104FFFDEFB83
:1068E0001B0C190FB1141CF9E40F7208F8FA1B0005
:1068F000F8F1580C440F50FC3B1291073F0754012C
:1069000024F62C06210EBF1243F85EF28C004200E2
:1069100096F50901CBF17B01A504150155187413F7
:1069200007FE53F9240E4406C90727FF6AFCFCF74B
:10693000E30D7C0670025F13890956FFEC046A0FB1
:10694000A7021803890F6707E90A7A0B300B47FF84
:106950004F0DD2006B05DEFE17FA57FCE3007208FC
:106960006E0D370BDFFE4211B9FAD6025CFDE6F67A
:10697000A702B4F9EB02CE091EF571EC50F2F3FF59
:1069800051026BF84004620AC1F895FC65011006DB
:10699000A1FD60050A03B4FE97F402FC2805BB16AE
:1069A000DDFF57F8CE03390ABE051504EE0C0204CC
:1069B000D812D705A30E00111707160BEDF7E5FE49
:1069C0007308F4F4030E4D0C4111091921F1B103C0
:1069D000DEF894F524015909DC0023F5640E90FEDD
:1069E00097FE4FF6B409550AC2FD69FDDEFFF509B1
:1069F000C3EE1911DA006902E4F51D097A0BAD073F
:106A000000FEC0FE1705DE01F40507F9640BA003C4
:106A10004E09F505EB0AE007990497FE9005A4FBE3
:106A200098095401EAFA34FDB9FF14FF03076CF525
:106A3000E50AAD0B5E0D3910BAFC6C0437FDD5F3D9
:106A4000B40B84023415B506C8FB1D0D6CF257F863
:106A5000B6FD94FAB20D2C028D0B26FE37FA3C04DB
:106A60009705780276FFDA031BFBA004D3FE221100
:106A7000B805DF00E301B310C202B0FEDA12E50888
:106A8000DEFCE7FE8EFECCFC10052BF804FD02F6C2
:106A900034013EFBEFFD4D09CE06CB07D1FC81F45E
:106AA00022068BF9F8FD620BB312A2F798EB5AF6A7
:106AB0007E1468EB280486055905F4F1B4046100DE
:106AC000FBF5D9F19D09F70F1EF90EF18DF93A0C7E
:106AD000F9EB6C05C60C340C5BEAB40C03FE6FECEE
:106AE000A0FD96FBD20B3CFE7B0A32F9A007F9FD14
:106AF00037F978100BF76A05F3FF2DF6FD038AF8D6
:106B0000760EA912DDF2ADFC9B02310968EBC3E9F8
:106B1000B1012001EE039F10CD04B5F977F1EFFD2F
:106B20007C0236094413A808ECFD3C1278FE3DF5C2
:106B30003111160184F9D1E735129AFA1E03A20128
:106B4000900829FD86F2BFFE7DF98D02950ECB1AC5
:106B50009F0D870B280463FD59FF93009E09660073
:106B6000AB03A207D6FED4F4E9F2ACF78F00BAFC6F
:106B700089024BF9CBED9EF43EF98BFDAEF7A3F500
:106B80003403BEFBD5F37CFF220D95084AF963F769
:106B9000EF14C400E2FE6201C513DF061208CB0841
:106BA000F9FD8AF205030110AC01E7F645030D0B70
:106BB00087F26CF7E405F1FB41F1050B63F60B027C
:106BC000B201720E9DFDD5FDAB0A21F1E90E4BFF1E
:106BD00035014C0363F5980613FA61F939F5D9F3D9
:106BE000A606C50152FD1C0D35F401FD7BED73F5C4
:106BF0003B0B41087C02EE0A42FC7F0E9DF4AC0187
:106C00004200F703CEFDDFF6D705C100C80896089D
:106C10008E058E09E7E851ED60081BFD131446044C
:106C2000E70495FF3DF534FA2EF807F554081517DB
:106C3000F004700ECD03C5F568EC5DEE6909CCF883
:106C4000740F380D6D04DFF951F4D50471EFB1F311
:106C5000D90FFC1844F917E86AECD4FA7AE3C3F6C2
:106C6000DEEF3FF73AFDADEF4D00CB02150093F19B
:106C7000BC1A48FEEC03FCF15409AEFF24F6B50142
:106C800091F79600C8FA34FE49F87E02F807F70635
:106C900068ED5AE773075C02C0F47015920301FEB9
:106CA000B1F9FBF801F91F04AAF7160322068900BF
:106CB0001A0049071EF61D0024F858FDD4F486E595
:106CC00031FF0C0101F939077C05230188EAC7F778
:106CD000E4FC2F07E209DBFDDBFB1D08D2ED17FA10
:106CE0002715570AAFFBDAF1870BD5FE5F03AB1010
:106CF0009C03A10D1DEC05E8D3F98006A4183DFF07
:106D00001C0CAA0066F75202C7FD6303E812690271
:106D10003E0CD2FA81F820F951FC7BF805FE5BFCB1
:106D2000FD02F20B84F5E3F133F827F832EE7BF045
:106D30002703820CF6F8FDF68DF01C050BEAAEF386
:106D4000A8F983F891005CFE4BEFFA007BF455FF45
:106D5000860566F974F493F3BDEF8B0306FB891285
:106D600030FB5C03C9FE5FF93B0178049603C41154
:106D7000A0EE98E80011B001AAFCBF035200BF08C2
:106D8000A9ED75ECC4EDEAFBEEEE8DF413FFB6034E
:106D900090EEACFEC50183F5DBF2AFFFA1F18BE70E
:106DA000AA013C077EFEA304FCF4D000D5F51AF43A
:106DB0002E0A120CADFB5BF0EDF8ACFCAEFCA3EEC2
:106DC00062174D1449F0A0EE3304750AF0F39D0CE0
:106DD0004A0B6E112BE99DFB00F5CBF85611DC0038
:106DE0003AFD33FAF1F0A8F7F4F95403B0010000CA
:106DF000FA0829FBB1FC5902F4018F06CBEF0EEB28
:106E0000A7F6F90447FC3401B60039FFA6E704EA07
:106E1000030AAB0B50F565023DFED8F481DD31F875
:106E2000EF0C98FC5F067FF96DF8BAF8DCF6520DAE
:106E300021F44BF33D006101D5F325FB6609BF0D3D
:106E400035085E04E9FEE6FD50F7D2F25D038D16CB
:106E5000B90DB9EF28041500EE0404FD6912E00134
:106E60003EF19DDDE1058CFA9BE9F2FE1FE843F35C
:106E700032DAE5D45101FBF6EEF7FEFC1CE435EA0C
:106E800054E757EBC5F538FA480AE000FCF9A7F6D5
:106E90006B02050BF4FD5AF0A7015A044CF7A30549
:106EA000140A460F22E9D3E76EFBBA02E2040EFD94
:106EB0007E05970785F295F58CFE9103AF042705B3
:106EC00006070B015BEF26EB99003EEFB9F946EAA6
:106ED0007FFFDBF1B5FB2FF8E3038603C0EEBCE8D0
:106EE000640043027EFFB0022F0008F9A2EEBAED63
:106EF00092161E0BCE0A6C11F5F841FCF3EC52FA17
:106F00008B065FFA1FFF8DFC27FC4AF183F5A40F67
:106F1000030267FD740398FCF9EBC7F7FC087D0AD0
:106F2000EFF562FC310BEFFF2A01760D04FC150F23
:106F3000B1097DF661F838F3D5FD9108CD0D420910
:106F4000E4E6DAD8030AEBFC6EF444FE30EE99FC7A
:106F500089D81FCB9A03FBF5A7F9310158FD70FBC7
:106F6000D1C875D4F8FDA3FFD5071D00050AF80D9B
:106F700081F187F9AEF7A4F4DCFD3BF4E403BF052F
:106F8000D2F6B3FED5EF06E97B02C1078A08440CAE
:106F9000DFF1A2FDADF961FB61F79C00700389F29E
:106FA00038F7D7F5FBF3CF02BC0324FEC8F142ED5E
:106FB000460821FC0EF993FDA7031B02DCF240EC0E
:106FC000ADFA240A47055B12DEFA3BF671E3E3EE05
:106FD00054015E0DF902A20B54FE26F86CF9E8F09C
:106FE000050A71E6AC0CDDF9740522F73808860C49
:106FF0000DF103FCEBFE9AFACCEF8AF1B409B3F77A
:1070000052FE1206C306FD05C703A9F753FD9703F9
:1070100048110EFCB8003EF58103FDFE171A1FF75C
:107020006ADD52E56BFE170247049AF729ECD4FBA0
:10703000A9E2E3D58DF732F213F83900DEF3B0069A
:10704000D8C02FB940F958F7780D2EFEC604AA0C07
:1070500004BA1CC640EE9CF366FA56FF78F59FFB17
:10706000F6D0A7D905F4A4ED7BF9F7F146F64B0964
:1070700022E568F76FEEFBE90CEFEEF7490A7FFFB8
:107080009F09EF0142ECA60408037DFFBEF044EF28
:1070900081FCE7FE0FFD5DF8B5F8130A8FE9C2EC3D
:1070A000DEF519055CFEAF0A6EFCCDF68CF353FEDF
:1070B000C900230ABD0D77F9F0F64A09A7F21901B4
:1070C00047179B011507FA0284089DE48EFD4202D2
:1070D000520D76F8A5FE9CF903F2BBF22B0734089B
:1070E0009BECB703150CC7F408F1C6F8A903880D8B
:1070F000F704D62197039EF5D8FD1700A10E6C0565
:107100001C0449F4C6FB5D00A209D41240EA39F818
:10711000DDF9F5F6AAF0BA024A0CCC0247F25D0599
:1071200061E379D0EE00ECFC9502DCFA26066600FD
:10713000CCD365D6DDFC19F490F98A00DB0194EC20
:1071400049DB3EEE75F2F7F717F972EF27EB6CEDBE
:107150009FF399F628FD1BF4D1EBF3F4180655F0D4
:1071600000F85EF31AFD7000C9F6F0FF210746FD36
:10717000DCFAE80176F4F700B7FF27FC70FE58FE52
:1071800074F7F807D3FADF01370121011901CBF8B1
:1071900070FEF0FE1C0717F76506AC0150F52EFED9
:1071A0000304B4EBB2082E003406C1F3BBFB7A092A
:1071B00067F8C504E6EDF80454E4EBEDC609F00702
:1071C0001FF6ACEF0D073409EBFBB7F0FC043309F5
:1071D0003203D414E801C7F2C4F86A01BF101DFFDE
:1071E000DC082306440116049B0F780EA3F8DEF991
:1071F000780E28083309F3048815660089F2C9F669
:107200006A0589FF8CFDE201B2FD11FCF604C4FDA4
:107210007002D7FDA9F983F1A602070A1FEE32E733
:1072200072FA33EAFFFBB6F5BB02A7FBD6E127F8FB
:1072300079FAEBEB29FB85F179EC6AEE7E04CDF768
:10724000E4F0FEEBBFF9BE0286EFD3FB60FE85FBE8
:1072500098F6D3F933FE6AF3C3F89E00850686FDDF
:107260003FF81000CD08910987F9A005E30047FB1E
:10727000BD0AF5FCD9132E07E51780106D07FB0A30
:10728000C30C6B0D39040CF2C7FB6CF4B303A314ED
:107290000B009C0313EEC9F5D4F5940226073300C6
:1072A00066FE3DFE54F718FAD80936FF1AF6E8FED6
:1072B00091F0B50098F5A3F08EFB66FFDA093C1754
:1072C000FC10911235F6E706AE024C0CFC0C01EFF7
:1072D0009807750A6BFB4500DA10AE133E075B0199
:1072E000221B4B1BF90A320B3106381200FCF1FC51
:1072F0001A0EFEFBB5F5E8099811180C79F94BEA5E
:10730000B0048FFE490F9010470BAC020DECF2E970
:1073100054F6A8F1CA09FDF95101C6041E083D083A
:107320005DF834F150052CFAA4FD5204DC09430544
:10733000C203B1F1EE050002FDF3B0038609F40FBC
:107340004801FB0209FC16073103F914EB0219FB93
:10735000530143F1AA096C1490111810DD081C1395
:107360001EFA54FF3EF65AF4130508FD8DF6C60EBC
:107370005104B400EF048CFE81F0ACF70A0985FDDE
:10738000BDFE8202FC09AD02D4FD2C072CFD090BC9
:10739000F9F3A20318044200AB0109F50E0F4725CB
:1073A0004301F017CFFC4FF7E405EFF4500CBAF5AA
:1073B0005C14DC159504840872F4D5FEE5043312E0
:1073C000A61150157E0C08FA4B0B5516D00BC5FBB9
:1073D000F114F70D7801B30737110E1468FEC606D5
:1073E0009707AF05A9065C0CF312C0167704AB072C
:1073F00070F1EAF2B10F77FE7D06AA07840C9C0BB0
:1074000063EB61F8260116FC08FF58051207C0055A
:1074100079F62903A9052403D7007700410D6011EF
:10742000AAFE97FF3602ABFE2110C20762093C0597
:107430009C04A2F39F0BB9088E13D105FD07EE073C
:1074400063F37AEEBE0AD5FE8D02B6106702EC0E2B
:10745000E8F4CDF902008E03BBFE3FFD5D060B0490
:1074600073FEBE04ECF504043EF9E0F86F0903096D
:1074700061F1710A9E01FA139C03E0F8991A022047
:10748000D517B90578090D035A024EF88F079D00EC
:10749000CA05B907ED0F371012F69D02310DB91864
:1074A0004813D9FE8C0137FC5703AF08BD01C2FE5B
:1074B000F01548FE2F03810962077719FE05CB08F6
:1074C000660262065A11F9FC7B0D3410DE0D0E02C5
:1074D000240C32F87D06CB0742FDAEFD84103E0B36
:1074E000D9F98AFFA90A1E072B0B0F11F6FE8D038F
:1074F00072F4C506E80FB7FD0F0A8808000B240DCB
:107500006C030B021006D6FE7FFF66098F09FC0490
:10751000A508D5FCB908AA020A14E50E680E841164
:10752000F9EC19F4E4EF20F36E0470FA900D8D0B72
:1075300012000802E80366FC1111B3058F03CB09A2
:1075400041F97DF7AC073F094DFCDDF74100D2FF63
:10755000380DB50E01F4620D380F6816891E980FAC
:10756000A117921920127F013C07E1025FFC69F12B
:1075700072FEFDF3A10E0804070160FBE9F3CF0BD7
:10758000B00771003D005709D50768114511281053
:10759000870C13FC0E0536FE8D1108003C0A53FFC4
:1075A000E8F985FB97048E03FE115D1135FF250276
:1075B000BD08B4FA0D087D00850C0F0EC810301000
:1075C00021035F022A017F05FC0A751165066C091B
:1075D0008B09C6054905E2039E0C8C0D2309311168
:1075E00034F9400CD7FC39004D145805931D41FF68
:1075F00096FA0D061DF695F85C118A145D09AC1912
:10760000BA0385F37CEC07EE9BFC1A063E07DC0907
:1076100063FC4105D9041AF9BE0DBDFA04FA9E01B6
:107620005A03C4F7C5FEDF0499FA63FDD90910F6C1
:10763000CF0BD616BA01FD10EEEDA9FB8EFE1A098E
:107640004415D51A0001E7088CF35EEF24F67BF5AC
:107650007E030809140B000546FD3501EBFAA6056B
:10766000EC0304069D1436FF7301FB06430CF00E79
:107670000B036DFAAF0994FC4E07F30C79096BFA12
:107680005BFABCFECE0DC40461059F013308AD005A
:10769000EAFA3DF941FD45064A0D381AF5FF871112
:1076A000F708E3F7A008E90D600ED409810DF90A87
:1076B0007900C1E9170BDBFEDD09520032175603D2
:1076C0001FF9AB0D7EF5A1054804B2F1CA073913C5
:1076D0009C0189FEA7F051F5D7FD56FC7F146C196B
:1076E000E5013E04280A80FAAF092CF713057A0059
:1076F000B306BDFDAF04A1FAF9033FFE90FF37F8D2
:10770000B802B9FAE901110865FE6AF738FC860289
:107710008D1165048EF58E066804D8F8BFF531F931
:1077200051FFE7107DF837F3AEFC5CF73EF5D3F080
:10773000EC02D10225FC7B030EF913F416F9580272
:107740009FFF14FE9609D0086BEF0CEF5B02940DBF
:10775000DC001FFDB8FC6B0AF404D2EB9403C4F800
:10776000F7FFF3F7F3139B09F2FE90019602220351
:107770008DFE31FC07038F049D01BA098D02A9FC1F
:107780008408E402A210A5164803CDF9BC028900C2
:1077900027F55BE5260818092FFE0BFF6CFCF708A0
:1077A000710257F90A08BBF73BFB25F72F02A8EE39
:1077B000F10FE5125C01A5FF2802C70F2FF697F025
:1077C0009AFEBDFA97FB10F4AE0A78FFE4F0780356
:1077D0001A037BFC9D014F078600940499F5A301D1
:1077E0001909E208D508FE014909FD0030FA7AFDC1
:1077F0008D0325088B093903B0F516F01F07270103
:1078000049075703C2EF36F409F535FE43EC3DF066
:1078100052FE680053F0600967FE53EAC8F4FCF8B2
:1078200005EDE715030774F206F5D8EC62FF1AF3CD
:107830000B07400542FD96FECBF339F742F59CF26B
:107840008E0631F83DFBBE04F8F3CDE8F0FC62EDA6
:107850005F08060946F8F90584D6F4DE38ECF0F046
:1078600089010E112DFA78FF0CF0F6EB8DED85EE07
:107870004312D5F7A506D215220033EC49FBBB0510
:10788000D101F3FBEF0CBB00EAEE4201A80750095F
:1078900055F772015C0E0F03B2F477F1E402980E13
:1078A0009CFA4F04DC071A03A80414F62601C9F653
:1078B000D306E9FB20F727027202790564043EFF34
:1078C000050A03FCAF057CF9E60969FCCE036EFAF4
:1078D0001D08360229FF29047D01EBF671FD4DF9E3
:1078E00066F5F7FC9C0B710F12041D028E089508BB
:1078F0001AFDED08EC0C4F03440290FD28FCC3FB7D
:10790000450098FF2B02E50FB90405E9B3F7C9FE5E
:107910005DFCAFF98C111B002BFA45FFC0F15C0533
:10792000CAEF52F5F601D413B7F29BF2BCF9EB089B
:1079300021F54E100C01B2FF61E729E8FF0530EE9A
:10794000D1FA3BFA2901D80B3EFB3FE881FC77F5E1
:10795000DEFF5EFBCE0DE5FF0EEC75E578FB9507CF
:1079600037FFC1FA9906A00815FAB9F0A4F99A01EF
:1079700006E730F7E10E8513C6F26400E1FAEF0086
:1079800013F6E4F9BB028C06480A10FD33F922FD18
:10799000DCF7F6F9DBF897FEBA0110FA8AFFADFAC8
:1079A000EE004C05CFFA61FE220039F873042B0774
:1079B000F100EBF56D03F2F6B7057D0595FC37F99F
:1079C000A0FFE2FA74FDA3FDFB05E8077D0AC703EB
:1079D000B4019DFC5FFCF203C601C704DF06C9FFCA
:1079E00053001306A30717F7B206F2FE16FE1BF8A4
:1079F00087FDEAF67BF9ECFEF7FF9CF974068F052C
:107A0000F6F928FC400165039E05B10846062A08E0
:107A1000EC0B91F6290A25F70B0B6702C4016A05E6
:107A200097FB99FDDB003700A309A905E101680276
:107A30003105BCFB26F6EA070CFFA609080A30024E
:107A40006900DC050A0270090AFE5E05A6056F03DF
:107A5000CB0559FE04F85E09590668FA26FC1DFD9F
:107A600039F76B05BDF96A020C02A7FFBD04450793
:107A700060F6DE0854FD5AF8D10283F85A0A29F656
:107A8000CE06960296F5E2FC03F82806A3FA010258
:107A900086FB07F9B1F52FF99FF5A7F8250A80F8BD
:107AA000BCF9100BE901170B2502CBFE3CFFD3FFFD
:107AB000F4FD6C058600260A8CF757F9A3F790F9B8
:107AC000F90E2EFD1F05BA0368F634F841F3CAF823
:107AD000EB03D200DD0A730980064815CAF470FB77
:107AE0006205CA045408E40C170234F9CEF34DF9C8
:107AF00003094901D9021D1065FDE904F1F750FBA6
:107B00007DFB6C0B3A09B10C1C11F20182027FFE65
:107B10000EFDA4FA2F146D05340406F0E3E89FEF80
:107B2000D60C050AA005370C8C057EF5BAF184F356
:107B30001DFDDB0ECA0E0612A402E2F675F57FFDEE
:107B4000890959FD52FBF6F61E03D6FB5202780353
:107B500056037A0895F77D01A9F6950731F71CF8C9
:107B600014FA6EFA4907AEFB06067E059DFE500824
:107B70000609DC050805610EB8F7BFFBD501DCFE80
:107B80001F05A6F6B50BE30A6400E7F6C0009902EC
:107B90009F0C4D0C1010F2066205C1F6D4FE40F4A5
:107BA00010FA8001CB10920CEBFB520184ED3FE602
:107BB000FC0AF20F6A04C5161F08E802B6EF6CEC67
:107BC000DB12700653123F1125FC2FFC29FC5201D9
:107BD000C41ED30D57210C110302C0FE5D008AF9AB
:107BE000C1FA89F26D124010CEFCA3FF1DEB29EC07
:107BF00055F55BE0650E4619F911D8F202E463EA27
:107C0000ADF186FC4113A1145C01D50150EEFAF1EF
:107C1000D5014E08EA1B400BE2F721F3A8E864ED1A
:107C200056FDA7015A0199F4F1FE80F7F2F0FEF13A
:107C3000CE0344F73FFB81FC0F0887F51A02E401ED
:107C4000F3002EF6A1FCA3035AF8ACF663F6330852
:107C5000A00DADF140F8D10A250D170B22F687F7DC
:107C60008FF9EE11E8104A02E401DFF5A6EC89F97C
:107C70001A09011E2A1CAB098A07CDFA42F4D80260
:107C800099129B0E4011790C580CADFE5EF4DBEEA0
:107C9000C0FE8F05BAF67F0ADDF5F500DCEA4A0979
:107CA000A207BA0C4303BE06810B7C107AFD9EF539
:107CB000E9030BFA0A0D9504840458FD74FE87F855
:107CC00029F02201FC0254FD9B0B2A0534F625F90C
:107CD00022F2A0FF400734121112CC0DBCEB08F0C9
:107CE000D2EF39006904D107D0FDFFF7E102DCF5DE
:107CF0009100AEFF8010C2100AFBE5F43DFF4CFF7F
:107D00005BFA5F09090B75014D082D05E0F3100CB6
:107D100070FEE1F95DF834F99D0215027F03A707B3
:107D20002803B1FAE900EF03EBFB3207E804D9FCC2
:107D3000390DE200F8F2F0F18006330120FF5C0714
:107D40004F126F03E6FF1F17A501ACFF64FDF0F4AF
:107D50001F0803FF0B17600E700B270639FA190571
:107D600067F9C6FABB07D900DE049B0A3CF866F245
:107D7000100B6BFD9A16D4037C0FFF10E1F55C022B
:107D80007A095F07000F7B0B5E09960B0702850FD0
:107D900064091706D30019FC9E06620A0F15B91371
:107DA000D3042E06D1F912FD670D4903E4FE2AF92A
:107DB0003E0063041FFE710C1510D203970095FA64
:107DC0004202FFEF18FAD20125051DF28CFF88024E
:107DD000EBFE2FF33FFA43FA78079407A30A51FB0F
:107DE0007FFA42FC13FF25F252092D1748F51F05B3
:107DF0000F0AA5EFE1F986F5BF04D8FDE8EE6AFFAA
:107E000011F9E3F8DEFD7F082DF759086BFCFA0540
:107E1000310917F8770274068DFEE10A06F25EF268
:107E200024F345EE8D0F290A300E3EFD07F34E0771
:107E300069FA4D055C03F101D904910675092C0717
:107E40001FF618F8850561FF5212BA01A207B601A4
:107E500010F22906400B0C01B60B800A14057FF2C4
:107E600005097204D5044B019E17E41075FF9401B7
:107E70000FFEB20FE7F1ACF69A03D8F8AA08D80FB4
:107E8000D7013A079EFCB8F88705F20D840BE20390
:107E90005F06AFFF45FD52FF0C10960078FF4402CD
:107EA000E9FCFBFF81F2C1F9AF0F5B02E1FF700457
:107EB0002F05A7F164E7E4EAF904AE0109F009F43B
:107EC0002AFD8AFF0DFC7BEF22FFED1056E582F4C0
:107ED000BA02E9FF0FFC30F64002A6FB81F4DF0393
:107EE0006DF6660159FA50F7A806EE060F08DEFB9C
:107EF00033FBD7EA3FFBC50B00F9D40AAAFE4702C1
:107F000043E901FB230D2EF7510915F1E90269142C
:107F1000F0F08EF29A0398058BF971FA9B0B3C0CEA
:107F200056F84B091BF998EED4068F0B7F004FF8DB
:107F3000DAFF21FCAEEFA7F8A00D6A0BDAED57EEE1
:107F4000FE098DFBF7F5A1F2210E7F0E0BFBF00170
:107F5000BB0E400A20FF71FF1A08091B49FA1BFFDC
:107F6000C40396FDEEF05BF0B20D000CE4FD2DFBBA
:107F70003D0373FB55E3FCE611163D0E41032B0553
:107F8000DFFF84F0CAE8D7E1F5126612BA02B10B3E
:107F90003EF4120144E7F1E2C7FECDEF59FBF8FDD4
:107FA000FBF1FBFB9BF5A1FF10028506B3EF7AEB1B
:107FB000FDF26D10F3ECF2F75A1094045408F30735
:107FC00074F90EF947F71C0436031A0A84F6EF1207
:107FD000A40148FEF4F498FAA9F6FBF729099609DA
:107FE000FC07ADFECBFC1AF0450BA3F7D507AC059B
:107FF00072F3F3FDDBFDCB0465F4FA02770E130D8B
:1080000092F91AFB96FA16F2F20EB51113FE05FC60
:10801000F5FEA3FAC4FE7804C7FF50083CE8FDF162
:1080200079054B0088F5FEF68100580AFBEA0AF94B
:1080300075FC810ED5FDF2FD350FED1091F1F4F3D5
:1080400033FD1501A5EA60EA5E10950C6FFC530044
:108050003602EB06EDF278D7FE119205260F50F8A6
:10806000D800D600C7D41FD8EDFFCD0A59F28FFA39
:10807000B5F67F055AD8ADDA0BF5F2F64703D70609
:108080008DFE33F63CF891FD53F163059CF733E820
:108090002E01AF05FFF456F5DE0B93FF96FC42066A
:1080A00087005FF769F9A6FE8AF1670B21F9411194
:1080B0007CFC5DFC220059FA9DF347FF720622FF0B
:1080C0000405DA003B0D78FE7905A3F1B9194D17C7
:1080D00013070A09030542FB0BFB1EF90203B20F4B
:1080E000C40001FC5400AAFA7CFEB9FD44F537F740
:1080F000F2010AF500FE25F879FEC304CEF0FEF584
:108100006BF0190281F3B5F2ABF35D010EF001F0F3
:10811000260856022DFCA6FC7E10900EA7FA24021B
:10812000E8FAB90056EEC7E6DB112A07AE03700085
:108130009F01061088DEA8E429F9940258FE7FEB1F
:10814000FFFCB9FD82EBABE41709900813FB4DF07F
:10815000340721EDF3EBE8EB8907CCEDEAF3B2004D
:10816000A7FCEBFD43F7B4FAF0F17C01240800040E
:10817000FC0230024AF784F8050A3307C3F6CD053E
:1081800067F8DCF6E501BFFC74064205BC03310864
:108190005E0BF81236FEAD05D90DB2FEBB058C099B
:1081A000F3FDE804EE0C70FC3EFE74FD94202713F2
:1081B0000F02470944FD3A0257FE7D01610B56103C
:1081C0008A0E40FC630191FF75031FF5680099EB6F
:1081D0006DFC49FA7EF9F0F77BFC2AF895F02DFB4F
:1081E00017F2ABF8E0FE81FCD7FAD7F7F7043A02B2
:1081F000D6FB1B0137022AFF30E896F1D5073AFD7E
:1082000077007D116CF449F744F136F4FA0CCE0B8B
:10821000CE07C510E0EFBCF44EFDCE0AA90C8406D3
:10822000B2092D0932FAE9F6A8FA4C049CF6C9F70E
:1082300004FF7A0160F822FBC305DE09FBFF950B02
:1082400064F69C1116F39AEF2AF01FFE9E02D8FFE7
:108250003C09AFFC810256F26611740D8FEB82006F
:108260001F0068FEC9F89BF84702CB0594039F14D2
:1082700009045108EDFA59F79401790828039C1173
:108280007B0897FE9901A7F3B3064AF22C12DCFC97
:10829000960B35048D0002FA45061A04C5021B0828
:1082A000F504C10826FFA3052BFC62E815F320FEA8
:1082B00037FD45F22E079FF5BCF3B8F5B2063E1325
:1082C000A0F700FCFD0094039BE9A7D75608C3184C
:1082D00047FE3309A0F959FE70DA85D65E0FC4FF58
:1082E0006303AAFFE100F90040E965ED2504671387
:1082F0009E15710408040DF49AFF6CFC690954FA88
:108300006C0E8A129100D209EC09CF06E50504F93A
:1083100031156F128D071EFF4EF64407A208830326
:10832000F6FE5FEEFA07880058FA4C0612F7530380
:10833000A7F9E9F923EFF1F2E619CCFDE1F44705DD
:108340000D03860853FE7B007806260AAE0332052D
:1083500047F7BBF9AF0C7308BCE9A2FA5D173D04FF
:1083600013FE5A07D1062EF88A054500F706F7FED8
:108370008A09240FB6F8CCF697FF79F53E02CCF5C2
:108380008A0D9E03E00190028EFD78F38AF8910534
:108390000A0535026401BFF8C4F50FF30803171985
:1083A000C3F935023D04DE0950DEEFDE13123E0F45
:1083B000550C1B0E720E9D00EDE3DBE5D3FE60FD58
:1083C00086028D0214030B0818E994F0CCFEC20E4D
:1083D000060D800B9F144F133104CD0B51FE84F812
:1083E000F9139E043A159A0A3306EF0C5FFBCDF79A
:1083F00000049D0722FF490D7A0EAA0BB8F7ED0481
:108400000D0FAB01AD08E3F703FD0505A8015BFE09
:108410001716900BA3EA6F07B10D30ECEDF551FC88
:108420002D01FFF867FEF60CC5FA0CFCAF104508ED
:10843000C90863FBC900581692F73C013F0C530A68
:1084400034123B0A1908C9F9910578FAF4FD1002B3
:10845000FEFDF10A79FDA807C7F8BCFCED038FFD0E
:10846000470A0E075DFFA504ABEF5CF8BFF5A3FE5E
:108470007EF414F2F1FEAD072FFD65F802FCF31552
:1084800078F1D9013501970BDAED39F66C0206085F
:108490009612FBFCDF0ED60BFAFB50F268FD30F9AA
:1084A0008A03C00D97FE6EFEC1FC5302B20609039B
:1084B0001D04241663097405C8F713001FF6E6F2BD
:1084C0008F009C100D1790123CFC1F0DC4F1C0F0E2
:1084D000420795109215FF0C19FF4AFB9EF8B7ED65
:1084E000A107A1F78E0E2907480083F9DDF413FCDC
:1084F000E900590827007F0D8B03D3004CF2DFFB06
:10850000FA076105190392FC54FC5DF777055913CE
:10851000E3EF5108380AE10F13F8E3F6DE112D03FB
:10852000D305CD085205FBF78CF7E0FE09F287FF73
:10853000E2F6B4F3E2F58DFE37F13F021EFF81F360
:108540002CF8BC0196043A07C0F663F98701560679
:108550005700F9F7EAFAA9FC1DFB2AFBE002FA082A
:108560002D0250028A00200C700574062AFB68EA6E
:10857000DC0F8B108D0CD10077FED0F646F59BF703
:108580000E0ED90038FEE1FFB7019EF3650787079D
:108590000303CA07B6F9D7FFB1F7C0060A032DEEE9
:1085A000BBFFA9010D0A340EE6F734FFDCF46901C4
:1085B00081FB39FD500E5410D5F7BFF6BAFCF0FB25
:1085C000B1EF8A03600ECF01C7EE5F04430671046A
:1085D0005AF32AFE63FD990A7901A107EDE9DDF757
:1085E000ABFFA3F162059B01A3FE69FC9BFDB800F4
:1085F000AEEA66FC7513DA1DC203D1017911D10F01
:10860000C2F817F989FFF6FB4D037FF6E4FA0BFE7B
:108610001EF3A7F78C0088018AFCF8F608FAA4FA82
:10862000D3F354EDCAFB25FDE3FE5CFB59F731059E
:10863000CEF027097BFFFFFB3700EA039E0CAA015F
:108640008C06BC17BBFDD8093AFB5B02DCF88BEA51
:108650008D1C8305380D48055F0FB306D2E274F90F
:10866000EB0B910FF0FD8CF10B03DEFD60009C0025
:10867000280862F8200275FB80FFEDFE45F4ADFF8F
:108680007BFC98F3E30A911584F611FDAEFF20F709
:1086900015FA24F3010C860D3BEFEFF84EF9DD00DF
:1086A00099E74CF348F93A03ABF32DEF230934F77C
:1086B000F3FC52018EFBD1FC9EFC730BAE0CCEF38F
:1086C00047F7CE067E03D3F7F3FC2AF9F1FBE50C5E
:1086D00014F916EE6F018A019DF8ACF466113A06A2
:1086E00095FBD4F808E96FF2A80063FF010775FF56
:1086F00083FE6DFA99039EF879FC7A03B2F95B0365
:10870000DD022BF36D01BEF8F70386072B0D0A0C73
:108710001CFB36F791F1090AC7F5D7FC080452FA99
:10872000AA04CB16370C1B14B1F99C0DDFF6FAEB3B
:10873000C90D5E0F180D4EFED8051D03C2E13BF0BA
:108740006705DF04E5F946FA2A04AFF89FF9810DC1
:10875000F6FCB1F10B04480DCE00D3F345F54A0504
:108760000CFC5E020B04AF0225FC51ED79FDBFFF4E
:108770007E06EFF11AFFAB091EF249F03D173E0DE0
:108780004AEA2DFA35F7EE0D35EBCCFE4301EAFA55
:108790005EF9BD00BCF51818D30F360AC00606FAFC
:1087A000E80A8913F3FE9F08D8FB5D03E2FE5E0929
:1087B0003B06E1F93510A50EBC114E06C10597F236
:1087C000C8017EF2DEFE72F9E5FC25FA3E01A10841
:1087D000D9F4B1F161F92DFAEB038FFFC1075C11F8
:1087E000E3F88BFFCBFF0CF616F7A6FE95061B0CE5
:1087F00032F59102100540092F032CFFFE08A3F962
:10880000A5074E118D05510B490206099DF303EE94
:108810001E0A10F8D00474F8650E860C29F877004B
:1088200042FEC20628F3C4FA21FAEE0609FFD2F985
:1088300035F53FF5630A660A0FF474F1F5038F030B
:108840003BF2EFF52007D100C5F476F81915450085
:108850007AF47603520B98F8B3EE86E61302700DA5
:1088600058FC81E93E00351976FAE20FF5089EE8DA
:10887000A9F11AF6BEFF310721156D0A21F82C0067
:10888000A205A0079CF865FD52FD6EF4ED03A1045E
:10889000F7F92AFFDCFAC90FA204080956092AF2DF
:1088A0006703FAF71709ABFEC709400A0AF1A4FBF0
:1088B0000BFF5FF2C2076001D1059CFA18FDC217D9
:1088C00033FF4BF40FFF8402AB0B24FA9D12130904
:1088D000A6FED4016F04690827FA1F0469008F02FD
:1088E000A00A520FE4096E07F0FFC20968FBFBF013
:1088F0004907BBF344071CFE240D5D0EE00B5B052E
:108900005101B8F2CDFC5E02DBF8A1FF9C0C3D0BDF
:1089100031F20D01B7FEB6F722ED34F06705F2F63D
:10892000BDFB01F724FB420155EC6CFDDA0C8D1404
:10893000B1F29BF0C7F826FB2FF802E0331158196B
:10894000F00064F227FB2708E1ECCD114D0C22FC6E
:1089500014FF80F99BFB7AEF68010F0B7D03D302B4
:10896000D2FDC6FFDEFB65F6CA03AAF49C003A07F7
:10897000A8FA1C038F04D610130913FBB8038DF952
:1089800005047F00B8FB72FCF2023F0CF3F15C02BD
:1089900087F6BBFDD9F935094809BDFF02FABE13B8
:1089A0009602C4FC4EFA7DF4F5FBA1046410251177
:1089B000F6F7700AD7057600460007F6B70948FEB5
:1089C000EC070E0C130EFC0264FF9E017AF5390EC3
:1089D00032FB2BFE0805120ABA08ED10DB08B202C2
:1089E000A8EE00FC5AFB4D129E025EFE920D94FC16
:1089F000CAF2F4FAF714540682F31EFFBA088E0284
:108A0000DAFD87F3ABF40704D5F314F90E06C115AC
:108A1000F6F8E6F1F5FB310A0BF23AFC9A04FD0593
:108A2000F2F5C7FC56FCC013F4073F0C6F050FE1CD
:108A300029108EF692024209F902E80D49F0D0F5AC
:108A40003CFC94FCD908E70786FFFF0A63F8E303C0
:108A5000DF09ABF7FBFC82F53B014DF44604A305AF
:108A600003F879FA46FB3D04FBF8330D24F877054B
:108A7000A509DD006900800CF3FC0907A6FDCE09FD
:108A8000D20321FA32F42D02DB087DFE26083901DB
:108A90006301ECF7080BE90EA503C9FD61FC270390
:108AA0005AFC19FBE30B170B30F896FF9DF68CF779
:108AB00039F872FF8200A600310288FE0304030C1D
:108AC000E1FF47023116E50E650E820681047D083E
:108AD00011F71A046402A7F710075108F00B1C04E1
:108AE000B9F8C9FF6A05DB06E409D0F7E80D5F04B1
:108AF0006DFBE7F6EF0968079FF92D039300A2FDD0
:108B0000FDFEAC04FCFDA219DBF3560DBA05E0EC4A
:108B1000F8FD48FD050BA2049A0A8AF96CEF05FAE4
:108B200073F962FB1DFA64FBDA07F000570AA30A27
:108B30009DFB1A000C0700075315AC07D5F671070B
:108B40005B063FFE60F3FAF582052409E8F14FF475
:108B5000D9FDEBFEA6F4CEFB9D12AC041C03110361
:108B600047FD93016AFDD508F30D6105B9012CF8A5
:108B700032FF3705D2F8A31007053C0356F14BF23C
:108B80002AFEC8009013DA1067FE060594F45FF31E
:108B90001200C1065417400C2B10D812FFFF25F508
:108BA0006B040FFFAD01F0FEF40FCF08D7001A08D9
:108BB000740420FF2F100C09A6FD5C03F60E3C0B7D
:108BC000BB0344F9100579001100DB015703620A69
:108BD0002F027DF8A7F077F7F7040C006004B8F3D4
:108BE00070EDE704D8067914A60CAC0B48086C02AB
:108BF000E8069E094F0A05FEE8010FF4A5FAE6FE15
:108C000065029008BFFD3D104C04740729079EFBC8
:108C1000AA0759098E001BFD6C126C143208E70577
:108C2000D7FE5A0045FA26E94E0F900398F564F2F4
:108C3000F80B0A0370E96D0374043E05E5FC39F294
:108C400075049208130079066B010DF7E8FD30E713
:108C50009DF921F8FCFEE0FDA4FB120802F000EDF6
:108C6000AC0561FA88126907EDFCC90DD101AFFEB0
:108C70008E04FEFA8C048A0433079C07BF061CF995
:108C8000EDFF54086B0349F578059E0605FFD709EB
:108C900084026F04D70856F6310456097803F006AB
:108CA000E2F9ADFDC901AFF0E9057CF35407150900
:108CB000080376FF3DEEB4EBBDF99D1CF6098FF578
:108CC000F3EAF9032FF51D0FEE11CD01060483FB26
:108CD00025016208D71007F847022A02700B28FD09
:108CE0005EFF35F879FB46FCC0F6A7F5C902CD0159
:108CF000B51BD7FE65026001B2070F102C0EAA004B
:108D0000C7F9ECFEEBF330F00E0BEFF9DFEF20FDCF
:108D100017140F0834EBB6F72F021C0DDDFE65F5B6
:108D20008FFA710F49F4E3FC4309AC062CF66DF899
:108D3000020218FE8FFCCAF08C03810CC6ED58F3BA
:108D40006AFB9AFF9CF2A4F70B084D0BF0FC38026B
:108D5000960B550A56FC6CFC760980F49D05B5F41B
:108D600039083D00C6F5B5FBE6F846FE6300BA0BD0
:108D7000EF0C07FEF1FD31FBF100A90D7B0E710C2C
:108D80006AF7BA027CEC2AE7641358F69F041A11BA
:108D90005DF6A8F9B3F1D9ED85056E17D20C44F351
:108DA00018FC610D51E94500350D9F0BC502CE033E
:108DB0002C003A086A00FBF75AFFA1F9290587073A
:108DC000C005AD0372FCB200E50968FECF01800A60
:108DD000D1106DF48BFB9F065913550668FF9B0756
:108DE00022F3320163F90FF3E80846FFE0F4ABFA2F
:108DF000D7F7DA06A5F644EBDD0ABCFECCFBB00ED5
:108E00006C04430A7DE983F813F76C03AD078B0804
:108E100072FF6BF8DEEE77E71F081410CAFCECF067
:108E200075FC6701B1E80EEC8104C605C1F3C70803
:108E3000E3FC650666EB13E93FF19EFC99F83AFB0B
:108E4000FF06E20B6EF714EFD5F1E2014B0B630D59
:108E5000E80516FE42EE24F25EFA49036406FE15AA
:108E60000B08D30871F1E0ED0E15F705120A64083E
:108E7000A3107A1556F9A6EA950E520848F362E552
:108E80002FFE6C10AAE374F82D0997FFA4F7D9FC04
:108E90002DFACFF987FBDAF67DFE77027203CEFB5F
:108EA000970112047E0372FC9CF73CFA88F7A10438
:108EB0007CF6E2FF9502ABFA0703500661003D081D
:108EC0004FF92AE660F8CBFBBFFF88F33BFB43FE7C
:108ED000DD036EFC51E854E1C5FC20035FF9571235
:108EE000F202CDF7C0F330F7C909FE0888FB44FC55
:108EF0007D00CEFB010219F8DBF5FD013902860089
:108F0000CFFB5AFEA0EC9CF1DB0A6AFF95F05905F5
:108F1000A4F62C0212F4BCF4D9EE8AFB6BF1060421
:108F20000200CEEE60FC97ECBC0BB6038EFDBC08D5
:108F30007C07910C06EF8BEB7718B916BF0A8C01F2
:108F4000970A6DF947F2D8F9BF157B0C74027CFEC5
:108F50004805C312C6EFF5E6A808A30835F4E6EE07
:108F600073FBC70093FBF705E90196F8BCF4F9031E
:108F700024EF11F65D067BF5A408BEFB3DFD9BFECC
:108F800011055CF791F9AB02F409DEFD18FAB80699
:108F9000390AC3FC210A21FC93FC4BF5A507AAF56D
:108FA00020ED9FFE4A00EBFA0FF690F6EB0B070957
:108FB00078FD43FD2D0C3EF69B0CFA0B7D0B6F08E4
:108FC000AE0CE0009CFA75F97C0EF70D8D07720867
:108FD000BDFFDA0174020402D00594082AFE710173
:108FE00039F769F46607FFFDFE0ED2F9D2FE33FCB5
:108FF000D002ADF74AF973F210FADC044DFD45F6E4
:109000005CFD700550F08EF4D0FF100BF302CBFD29
:10901000EDF97910C4E52CF1DB03320E7E0ACCFBAE
:10902000E302F7FFF8FB73F5FBFFB80198067BF549
:109030006CFD24F28700D0EF40016DFF36F0C3ECE9
:10904000F8F495F8A6F9C2FFDEFBD2FE61F871F8DC
:10905000DAF529F66FF981FF9DFB42F9730269FF8A
:10906000F600CC0690FAB203DD0792078F004BF9A9
:109070005AFBEB09F300E7FDB3FFC90170062AFDB7
:1090800068FBFBF4EFFCD9FDAA023BF6A4F6C8018D
:10909000EEF57EFF65047EFED7FDB70598FAFD0C60
:1090A00086001411C30261F72E0E80042FFB5A02B2
:1090B0006C0A5CFCD7F48B032C0EB41714F2F5FC8D
:1090C000F9076207A1087DF7B8FEEB021FFB5DFA06
:1090D0005709F400A8F404FDA6FF7302E2F6C8EDF8
:1090E00050187517C005DBF53706C20DF6F4D7ED3D
:1090F00068146305FAF344FB681C67159AEFCEFE0B
:10910000750CEC0C1F04C2FA940A39F7410763FC92
:109110008CF4BF0A990C08FE44F4A0F6DD0CF402AE
:109120000D06FD065603DDFBE8FA34002EF9810337
:10913000E7F5B4FC0DF983F8C7F97EF55609D105BA
:10914000EC020BF600FF1401BD0027F71AFCA10684
:10915000C9025A002406900786FC9F09E50033F9EE
:109160004EFC0A0538FD6DF8BCF6900223FEF60EA3
:10917000000AD80926F5610419FFBDFDEBFA88FE47
:10918000C20DA4F9BEF81D065EF98A06F6F5710255
:10919000F4FDCBFE6205E2FDA0075C0C0FF255EF7B
:1091A0003C0638FE7100D9FFC30A35FCECF45509C2
:1091B000CC11D70B34FE0B14C0FB0204CDF449EEE6
:1091C0006F09D204450799FEDBFBD703E908BF15F9
:1091D00028066D1CA2F28403710542087F0617FE63
:1091E000CD0978052B057D1344F9A106E6067E0915
:1091F00081F0E5F9C51089056CF3B8FB8510D2162E
:1092000059066D0261FEFCFD87FAF00355FDAE05BF
:109210002B054203C001A6059BF89DF773061105B7
:109220006C012DFC82F75E0606049CF7F0F8AE0890
:1092300029FA7704E700EEFE6FFA3C010EF83EF8DB
:1092400019F65DF6D6FC54FDDBFE1E061B0526FC5A
:10925000F1FF9B04F9F9F5021302A1F9C6FAE6F74A
:10926000C5FC2B0484FD7FF6D809B6010203A3FEDA
:10927000FDFF490303FBE9086406740303FD90F650
:10928000470227FA0DF467FF2CF60FFF58FCFFFE8C
:10929000D1FE4E089105BBFAA5025CF9830190004E
:1092A0006FF948068004E8FF99090BFB600868F82D
:1092B0004908F6F75B0337FCE108C602B3FFB1FBD0
:1092C000E204F009E800C7F763FC39FBB202B20020
:1092D000180A3609EC0656FFFEF97303F70460FF1F
:1092E00093F9DDFE9F0055FD41019A0622F6B4FD7B
:1092F0005FF9A5FE9407CBF6450A3C0937FAA501AC
:1093000086F9F7013B07D20499F7E808D30325054E
:109310006705160AC303F206070596F7D902AFF7E9
:10932000D7F5500A07F8BCF6AE08420AD5F52D006D
:109330009AF1EFF79CF9CCF06101CB08CD04A0F6CF
:109340001AFEA402A30216FE110DD002EAF571FE68
:10935000FC0097F822FEF307E1F7EC0539FBA806BD
:10936000C604B6FC46FE5A0A35FEE0FAB7F906F91D
:10937000FA0E62034FFE9FEDAC0196F448F95500DA
:10938000DF03EDF8B8FF64F8E7F6E90745FA6A0786
:109390009C0AFC0B27FB6DFDD6FC2B0326F57BFB03
:1093A000500705FE5AFDE5F45CFDC30348EC09F6E1
:1093B00011F94806060186FA4802B60313FD0CF7B8
:1093C0003CFBA400C9F500FDA6048BF55D09320342
:1093D000A504E10326047E000FF7010AF2F58FF7DA
:1093E0008FF7110ABF00830603FCE7F9EEF9DFFDF2
:1093F000BE01500411028B01B3F6D0FCD603A709BD
:109400009F01FF0139F0BBF107FA7CFCE00D490335
:10941000ECFD9DFA26F9340060FC9A117CF461F5AC
:109420002A0C91FB23F503FC26F00FE116E4AAF3C6
:109430009C046C0C35EEFFF884F6760019F696ED78
:10944000D2077CFDC300040918E84BEDFCECABF837
:109450004FFCE8FF1EF850E5A0E1ABEC5B02A10277
:109460004BF2CE084AEC5800C1F93DF692ED50FDA2
:10947000B902EF0C2C0716004EF8840090E7CCEEF2
:1094800035FFEC082BEBD8F945051DFCE2E34AF665
:10949000FC0F7B01E3EF71F5010478FC61F7B6FF87
:1094A0006AFD9FFC3DFCE50AE004C7F6C9031FFA0C
:1094B000E5FD7DF78FF75E0093080304480854FE2E
:1094C0007F01AEF63FF767098BFDBF07300497F7C2
:1094D00037049BFC8C0004F471FEB3002100AF0B39
:1094E0000101570DB90B3006220117059C0986FEB4
:1094F0001FFC29FFBB08EEF2C209250221F2EDFB99
:10950000FB0A62FA35F913FE8B0495F080F6A5E8A4
:109510002911730F430815084BF928F568ED3CF243
:10952000B1015BF7B800D80D52004DF736DF68E3A4
:109530005AF665025BF9E8FB88F30AF93DE4F2E8C4
:10954000DF043BF2FCEE4DFC0DF26BEEA9F6B1F838
:10955000DFF19DF726FFDEF983FFA2F567059BFD8E
:109560009B05BD0FDAFDAB0279EFC3FC2CFD74EF58
:109570004F03660629037BFDC9EBCEE636FB3BFBBA
:109580005CFF27037402EB026BF2180A82EDD1F53F
:1095900061059F0289FCCDF7E214680AFC03ACF672
:1095A0008D09FA05E107A904C1FD9603CCFFF4F982
:1095B00013057D0C37F31CFB180285139802ACFCD5
:1095C000EF13970CE6F1D2F4F0F7F4F854F63BF011
:1095D0007DF8E612B0FBCF0A0EFF61FDEBFBABFCA2
:1095E000A70944110FFEDA037FF27FF8A3FFEAE830
:1095F000CEFFB3078F09E30466F823054DE32FF888
:1096000059FB70F613FE78F35FFD03EFD9EC46F6D5
:10961000A5F32AF3640EFF0CD8F76BF713E72DF2CE
:10962000820090FD0BFCF608DEF811F9FEE2DEE5A3
:1096300028F78EF408068F0123FA03EEEDE65CE8C6
:109640009E03AB0A54F7A0F93AFCABFE5DF492F628
:109650008C161F13550697FCD5ECC70709F3BDF30D
:109660003416D31A670F1207BDFDC70D67EF42FB13
:109670005516820E6B07CBFE60141A0BFEFB8A0296
:1096800046FC78019F0465FF75FE0F0096FEBBFF48
:10969000EAF980F52FF0A0FD50063BF657F5D2F71A
:1096A0001F0DA50BBF038CF1D0E831EF6FE9ABF0D4
:1096B0006C00A8FE90FD340313F9CAF8C9ECE5FA72
:1096C00049023C0ACAFE92F0700DE703DB0127F362
:1096D00048090414EF0C1F0B3EFEC2F45EEAB9FC0D
:1096E000CDFCFCF64BFA470064ED31FCCB0535F5BB
:1096F00028FBDBF193FD42FF10FBE2F361F712F26E
:10970000BBF907026B10130131F858F4F2F416DFBD
:10971000AEFD1F03CC043104A3EE4EEC9ADDF8D16C
:10972000DC00D8F81F08F40A64FABEF1A4E2FFE2F4
:109730002E0F5215C0FBDB0526F549F66EE7EFE567
:10974000CB222310A00E6007CFF5380E0BE4CFF923
:109750007B0A3801E8007F05620DAE1726F38C08FE
:10976000BFFAB7018CF70A00920890034D0908FD73
:1097700010FA59EEBCF84702EA0B11F541F4C4F1B6
:10978000A2033F0EB1F7D704BD04430DCEF4BDF1E3
:109790009D0AF1F94A06F701BB06330BDCE862FBD0
:1097A00011088311490489029408FB05D4EDBEF722
:1097B0000DFEF0074E07A0FCA2FFA702DF06780906
:1097C000A701F3FEF2FC2CFB0FF28000B70D4B0358
:1097D000050942066FFA8DFDF7F832F58AFA26037D
:1097E000C6FA18FC01FE52021FE194E57CF499FAD6
:1097F0006AFC2DFD8A0B0B0A0BE3EAF283FDE8E716
:10980000B2F90300C1FC5BF831F220EF80EA12F3F9
:10981000EC0EDF040108BDFECF0692FD7DF603ECE1
:109820005F0D831C470F1208CA027D0DB3ED51EB8B
:10983000990701FBC60F1BFDBA0CD402D7F4CC0666
:109840000209F7F9C6FEAEFB44FF49008E07930CF0
:109850006CF9CAF1D80567F5E1071E0288F646F6ED
:1098600076FE21065605B103D3F8DD093AFB04F074
:109870000E002D00E60AAEFD9604E8080AF608FC84
:10988000960B4A06440FCA02CBFF9BF7C1FE2AFD86
:1098900034FB1F01FEF786FFB8065B085E067705FE
:1098A0005302F7FF63FEE603230A0C17D804AA024B
:1098B000F806B003A90AF1FD1F0004FF45F9EFEA1D
:1098C0009E08430B4B0201F87AFEF7FC49020EFB9F
:1098D000D90A8BF8E00221F335F422FFDFF283EDA1
:1098E00098FE55F863052C06AC086B05ECE592F77D
:1098F00043093101250CAEFA66132F008DF45FEB9E
:10990000141D241FCD0E6C03380D7D073DF2BDF9EB
:1099100086043500D90675FCFF080F05BAF285FFED
:109920003A046DFFB90F15FB8C06FC0B0CF9150CF6
:10993000B104F9FEBEF7F40A9001DA00910168FB68
:109940007F0309FB390CCCFE84F5DBFAC5FAEBFA90
:10995000F0F4DAF3EF074005BA050BFA70F947F5B2
:10996000300F0DFE9B10DEF4C103A3FF99FED6FC61
:1099700094F9B4EF190036016A00401067F56B04E2
:10998000430781007AFF51FB64110B131FF8C2F4E7
:109990002CFF711B7AF9CFF7DC08C21219FBD4EC4B
:1099A000800B3901B3F788F80E149C0E4EFB90F82B
:1099B0007C0A5703CEF228F3E4058210920A6FFF67
:1099C0000A0BD4FBE00281F8BF1F1E0AAEF718FF96
:1099D00035F0ECF1FEFBF4073410011D68FAFE04CB
:1099E000F4081207AD02A6086F15440BD3FCC200A1
:1099F00031FC19F6CA03A8FAB0FD3B12CCF7D50228
:109A0000B7F9F9F3B7025BF1D0FA0DF936FF261D6D
:109A10006CFBCCF7E001D802BFFCAAED690925FF79
:109A200017025FF2510C4C10B207C7FFF00054F45C
:109A3000BBF4A307AAF61C0943014E0517F8F3FC73
:109A4000490AFBFB64F83101890B2AFD5D08A2FF7E
:109A5000F0FDE5FA92F97A009F0DAF1149012E044D
:109A60004EF6E804B6F66CF3711897065302B1FD92
:109A7000DA0B0302E8002B00920E8C12EF0A83FC33
:109A800010046D13D20603FB7A1B9E13D803BB127E
:109A9000B1F9EFFD88FF9EF3BA0FCF0756163816BF
:109AA00024FB75FD08F5AEF41102FD03E50AD503AC
:109AB00004F70BF93F08F202CC01AB0FCF00B3095A
:109AC000BBFAD10C95FD26F4E51B311BA012660AEA
:109AD0002D0CDB074102E30D650C28FD0F0EB802CB
:109AE00022F853FF5D04F5F46FFBF5F69A03F411C9
:109AF000CCF76EF01D010D16ADF693FA0A1F260283
:109B000085F6C0FD5602EEFBD8FCE100BC03DCF795
:109B1000C1EF320AB4FEAC074C08B2075D0562F92A
:109B20006B0ED304A70361FEBC04810CD200950424
:109B30002FFC8EFE8EFB13040E0714021406740411
:109B40001AF691FE2EEDE7F9790796085208A3045C
:109B50005B0969FE8CFC6D08D6FAFB08D019FC0F76
:109B60004A0645FD9FFD8AF6430B7B07740CFB02FA
:109B7000E3F9CDF3A605C302A50B4D01DC1D321C94
:109B8000DEEBF6EDD002F3FF5702C101C316DA1087
:109B90006104ACF1FBFCE4EC2CEC79F054FFD8123E
:109BA00095F3780EB4ED33FE610B8313D21F7E1F45
:109BB0006E0977070B0EAF07A516DEF9781D5D0855
:109BC000DD02E70025FDA1FAE5F88BF1251055FB34
:109BD000D8E76FF9E7FF0B0AD1E5C5F8AE0DF7122C
:109BE000390032EE6203FA0335EE8202E4085EEFDA
:109BF00067F712FCF5FBD3FE9AFEBD0C1A02DB0AD6
:109C00006E0F4B0B060616F5CD0B6E0B8801DA02B4
:109C1000BA0057F97BF88EF70E047E05E20A21168A
:109C20009401860136FF97F0D1F8F2FFDEFE0719A6
:109C3000DE0563FA29F2AFF8F5F0D5EF0115B90D9D
:109C400076F1F0FF03FBF1F4F6F09FF9A113F505AF
:109C5000AE0248F024F501017FEBFCEBB007EA0609
:109C60006AEB32F0A50502F3BCE22EF62510480798
:109C700021FD2AEF5BF6B3F550F40BF5640A771B70
:109C80006AF621F6DDF361F71DFB100B3811520C5B
:109C9000C203210CB402BCF0771B8706BB04F30B94
:109CA0004C09B4F7C8F04FFF46042EF58409D302DF
:109CB0004CEEB2FADBFE1B011AF6D6E4EC11211AC7
:109CC000690640FA61FDFA0424F352FB5D06E2F2F4
:109CD000B00979061B0818099F09EA10BC0DCA0EC5
:109CE0000708EB0B84FEE6FDF0035F007B08F00A3B
:109CF000450A6E0CCF0671F43403820983079C0178
:109D00006702ED087402E1FA100A42FFEDFF7F0DD1
:109D10005FF856E9C9F586EC22F6D0F8C704EA0ADE
:109D2000FBECF0EE0EECF40252E45FE611FF72077A
:109D3000ACF4B2FE2EF9E50044E931F4A6FD0CF6D0
:109D400040F53FFA4C06DFF3ADDF91DFAA0012FECB
:109D500003F587FA5CF5C8F0FCDF48F3FF0709F468
:109D6000CBEF19E5B30539F9A4F6BDF96E06621B10
:109D700091019BFB920787FC24198A047B14E6015E
:109D8000AAFA5900D4079EF6DB08E9013C059D0CB0
:109D9000B8FED00498F81802F9E4C4E9CC18640CB1
:109DA0007900B0FFC7FCFC01DDEA00F2AFFCD10E88
:109DB00021FCF70023FF57FF9EFE000A2004BEFE91
:109DC000B50EDA08B5F4CEF373074C09C40510FBE1
:109DD000AB04E0FC6D0A34F8FD00B00B040F8309FE
:109DE0000C076EF47E030FFBA41131FE8AFF16FCF4
:109DF000B0F09DF7B301BDFCD1F9C0051009C8FA58
:109E00000FF459F6B2F12100CBF72DFC19FB9BFCA6
:109E10005AF5D409CB02350EA6FCA9F33DEED0EEDF
:109E2000EA017900D1FBAE0276FB46F47AF823FB17
:109E3000F7FB0102C6FECEFADAE1F9F82CFFC9F110
:109E400017ECDFF2BD0655FA6EF864F49708CD17EB
:109E500048F746F951048DFFBA088FEA1D033BF01D
:109E6000F7FCB7FFA20A86F4F1F8500301F6D4FF1D
:109E700083F2AEFBBDF8F307E6EE4EE92A099C0536
:109E8000C307600821F6FFF582F3A9F372055201BA
:109E9000D30877FF08057B001BFED3F9750DF00C86
:109EA000C204A60307FDF1FADBF3BBF4B90DD40E2F
:109EB00062FF89FC3C0AE705C10A7309020F7908B1
:109EC0001AF95CF896FC940347F725FB99FF15FBFC
:109ED00096FAB6F2CCFD9C031F0093F84EF81408D6
:109EE00099FAE404F90DB60971F69DF3D4FF75F9FA
:109EF0001D07BD0F18092A063EFFC3F3BCF490F0FE
:109F0000A90F7BFEEDF433026B0142FC05F7F00470
:109F1000F8022FF784F677F697FC1A0181FEC4FC4D
:109F2000EEFA96FB81F8BFEE0813A9FB470A77F615
:109F3000FAF02FEF13F756049DED56FDDAEF060306
:109F400081012A0BA1FC0C05A808B70033056E0897
:109F500053146D0764F1030D55FF3DFE05F2ABFE92
:109F60007FFF47F4760599F623F830F6C116701294
:109F700063098F0B050276F84AFBFEFA7D07F200B3
:109F80001802CD070F05580B41FB18026F0771022D
:109F9000AE0E8E08DAFF740305FF920A37FE59FEF3
:109FA000C30A43F769FACF0447071FEF52FAC4F315
:109FB00062EE8AEFBBF4DB00810256F74EF7CB0866
:109FC0002E00A809F1063E06B5F183F7CDFB0FFC84
:109FD0000C049C10E8F745FDCDFC42F965FF78F7CD
:109FE000EB0E0F086E02C3F5BDFE8A068DFC50FC19
:109FF000EAFC620D13F24BEA33FDBA11D3F3FEFF14
:10A00000D70296FCAFF9B9F8CF0C45030301DCEF9A
:10A0100050022FF068F86CFE94F276F83003E4F406
:10A020008205BF07E0F423032BF55EF24D0A6AF0C8
:10A03000350D6AFAEBFDE51601F6A5FB47F270F562
:10A04000D7FA6600ADFF7B01D3EF67FB8D065900A1
:10A050001AF584F966FC1EFCF7F49BF0DF03D7FACF
:10A060006F02CC0221F48E048103A805BB05C5F95B
:10A0700043F9CB0DDD00190567045CF932FF0601D9
:10A080000603DD06C8034CFD6001AFF92CF9920010
:10A0900087F67CEC2503EF10060690F541FB95FF53
:10A0A000F8FFC5FC8E1364009DF1ABEBA0F458F0F3
:10A0B0008B0FCF138A0379FD1DF256FB43FB5F0321
:10A0C0008E0C5BFD3E08EFF931FAB8010F05F4FC88
:10A0D000DF095E0DB8FD69EB940F8C16F8F516EDEF
:10A0E000C413600252FAC513D20820F43AF258DAC7
:10A0F000FFF774E59A0487FF8EEBC4FB84ED6F01D4
:10A10000A6F5DCF9C2FC84FC35FFF500B0046DF661
:10A11000520C50FB5409D21371FB860070F67B047D
:10A1200022F7D1EBE90C60FACB00AFFFC7FC1B0EA6
:10A13000ECF0C0052FF85DF188F058F395FDB403FD
:10A1400094057EFF21F919F46A0177FCD0FCDD0744
:10A150002CFEC8F71BF6F3FD21F76E08D7FD470468
:10A160000304A1F1CF003C0C650508FBFA02580D71
:10A1700023FE74FBD503DD0878F89FFBFD0E530426
:10A1800065FB5D0ADD161D068EF05B0015FAC2F058
:10A190002DFF6606DC0AB8FA3EEE32F284F872FC55
:10A1A000ED0D0D0CE5FC2800E4F5DBFAF40966FE84
:10A1B000051547028FFFC4FA2E05140CF4FB6BFD46
:10A1C00024069CF0FEF5A7FB20FEF8ECAA0E2B025D
:10A1D00073FE53F3080496FB18DE8CFAF7F326009F
:10A1E00055FDC0FAC8FFFCF1D703DC06C50D890197
:10A1F000D6102D0BEAEF432168FA2AEF560324F715
:10A20000B3FC1FFDBC0D5DFDB5FCAF06C7EAEE0952
:10A21000D80014F603FDD0FE090B06064DF7FEFE2E
:10A220002B0219066102A5F5D1098DFCB003860049
:10A230008602BFF90805DE0533FC6BF72404BB0B6F
:10A24000ECF75AEAF1FFAB0C73093AF81C083F1718
:10A250006602DC094E06650E72F765F76CFAA9FB1B
:10A260005A0BF10C9611C202EAFF34F94EF185FE49
:10A27000CE121306A00602008BF08C041CFB51FECC
:10A28000A90799031E083F098F06CB014A01EAEF8F
:10A290007BFE09F288FCD7044506F203B700AF0045
:10A2A0004DFE90F832118C01CD0D69E740FA87FF21
:10A2B00003F7C8006A00450B89F2E1FDBF0675028D
:10A2C0001FFB58FEC201A6FC6D0580F9E2FEDC0F03
:10A2D000FCF9EC26C9026112F4F442F7DD1023F513
:10A2E000A5F8E5F8B9139009F5007E07C5ECCFFB9A
:10A2F000DB04D0FC4E0BA7013206DD03B9FB1C01C9
:10A30000EFFBE6F950089208860553FC52F61EFB57
:10A310001B0004F70101A0FE43042C0334FE4F0789
:10A3200042FD85EBD40E9501AB070DF4EB13490DFF
:10A33000F6F780FAA309FC0CAAFEC7FE22EFD9F1BA
:10A34000481021102505FF03D505F508FEF081FF13
:10A350000A08C40AC8062E09C0FCA0FD27FF5DFB41
:10A360002711FAFE47FCB50DB0F5BDFB3CFC67F4C8
:10A37000B0F4770352058F0E980426100CF5D7021F
:10A380008F0A4305DC0319F998046EEFCA070C0E17
:10A390001EFDD8FB900965F8B5F646FB00EE5F069A
:10A3A000BD01D3108DF56AF502FED1016D05970848
:10A3B000DEFFA30B6C1B291829F786F7970956F8BF
:10A3C000690D09F1AF0C76137BF850FEA3E423E787
:10A3D000610563F123140104140CF4FB77F6ECE936
:10A3E0009DFF120B6C118701C2FDD0136BF131037D
:10A3F000D2FE6AF3A70DB90980FFBE0191FBFAF7FF
:10A40000E5FEA2FDE70481F8FA04CC01170CCDF9B2
:10A410000402B0012AF516FB91FA2EFA2AF09AE20C
:10A420006F08C002E00B8F0088FAB40517E539F019
:10A43000D10EFF07890CB7FE3A0565F6440261F7B5
:10A440009506C6FF01F7D90E5B00F80507F990F7EE
:10A4500091FF39F308FFE807B708C00EA8FA9F027A
:10A460003F0E760D450A4F17AFFA7CF88610BD0FE8
:10A47000ACFB6008D80004F67CE4CFF717E452F890
:10A4800038FF8C014F07140A750538F9E60271FF91
:10A490001203FDFF5A19820A5202A8EF76FCC3EE9E
:10A4A0000BFB04F6DF0CFF0AECF785FD7AE5FAF802
:10A4B00071EC25FB41FBC7FE9A05230423ED85E9DA
:10A4C000DE050402F30CB80045FDA8F89EE97AF514
:10A4D000F7F31408D0056401BDFC440DF1EFE7F774
:10A4E0009B040A0773FD03F835065D00C604C4F635
:10A4F0008EFCF30873F26AF696FEE8FE6DF502E74D
:10A50000970AD703FD0320057D08FF0C5AE32FF5BA
:10A510006202DF00F90C760839F3ACFA9FF774EDAC
:10A5200045064FFE6007EA08CDF4DF05F5F92EF881
:10A5300073FB740D6F03FD03A512720DC90345FF74
:10A5400090FAA70C4404A41231F88300CF166B0EC6
:10A55000AD05BA0A31FA01F9F7EC4CFC6E051D02A3
:10A56000EB0761FED0FD3A01C8F99201BB06A0F5E8
:10A57000BEED32138C053C15EF03FA0499FFCEEDC6
:10A58000D4F960FF3D0FEFF7A3F493F98D0541F186
:10A590002DEB53F3DAFFD70770F3E4F518F6550007
:10A5A000ECF8E0EC9B00BD0C26F7C3F91503C6F6EA
:10A5B00072FDFE05C7FE73F617F66109C900EBF3DD
:10A5C000AE05180BF9F99B04E80A620217037A003A
:10A5D000D50D8A114FEF29F698FC7508BAEC56EDA7
:10A5E0000DFA98FD29F771FFA300C9FC4AF657F749
:10A5F000ED068008B40BBA01600812FAA3F5E8FA78
:10A60000CEF3F9F2BD0CAE10A60B2505E5FDABFFB0
:10A610005EFE2203920A2C0E79106E15D5083B13AC
:10A6200090F94509531E4F0FDA020C0DA012A80E27
:10A63000E70A1EFD5D040E050909390ABD091C0261
:10A64000B1F5F0FE13FCFFFF10027609E10268028B
:10A6500053FE5516760C5922CCFE6606EFFB04EE2F
:10A66000C2081501090D57074B01F2F8D00C73FE13
:10A67000D9054C0212000B0196F372F8010DAB07DD
:10A6800087F80F02750C94FA9DFA0706F90DCC07AE
:10A690009C06870A1CFBB4FB0FFE62FE68FEEAF60E
:10A6A0000C0661025FF3E2FC420260F467FA5EF1BD
:10A6B000F507450629FB13ED0E0AFAFF4DF164F686
:10A6C0004BFE5300ACF8EB05C00A2DF542F20D0528
:10A6D000D0066400C60DBD02BEF33D0A4DF0A100D8
:10A6E000E0FAA8FBB51A650E7E049EFB77FBAC0270
:10A6F0007FF54EEBC71D7918C304E312C106691B31
:10A7000028FC770CAE1920170C10F3096D13FD0C03
:10A71000B4002002FA0C520A4103EE06861109FD2C
:10A7200001FD0001F001020286F8D8FA6E003A0538
:10A73000CF01AD1ACCF23EFEA507AA0A8605F805A0
:10A740005E173817E0FD2DEBE8EC48F50FFD5119C9
:10A750009A148E12E3F17F05EDF067F0300CDE0AFB
:10A7600057044009EBEFF4F25F01F7FC96FFF9099B
:10A7700081127E021DF6E6EDC610BF036D131104B3
:10A78000070875FF51EBD6EF790A44FB31FFCF0183
:10A79000E602380100EFD2F999000BFCCAF483FA03
:10A7A000AAFF07FB140D3AFB92FDBA02F8FD400028
:10A7B000ADF178E23B1C1D0F930C9F09DEFDDDF926
:10A7C00019F6B3F41517DA10640C140717F805FA24
:10A7D000EEE9E2E27F09810ED1106D12FC02EA1867
:10A7E000E6F7520E930906FDFD05C8F3BF0FB9F950
:10A7F000F0F5A6FF4D0ABFF7FCF40CFE0B014C0A66
:10A800000405CE07900153FD2D017903A3F858F8F4
:10A81000ECFBE3036D015DF80BF45A0B11F6C7086E
:10A8200017F51C0BE2FE8FF030F88BF7340C660442
:10A83000700E3F07B20684005AFAA3F99EF008078B
:10A84000F3FFDB0C73F89CF3AEF023F49809160ABF
:10A85000E60DF50ECA014C0450FCFAF79A02E20428
:10A860004EFD3702B3FD4A0497FEE1FBADF83E1101
:10A870001303010907F9B7FBFBF4D40BCD019DF3DA
:10A88000E4E7D5F227FFCCFC6314130E8B05DC053F
:10A89000D1F880E40E0CA90B0107CA1396F25911E6
:10A8A00077F27EFCF51486130FFF8408930EC4061E
:10A8B000A605CBF67C10DE0D9304E90FAA100F1B42
:10A8C00044018AFD7B05FE00D90FEAFE2B1B100612
:10A8D0004BFFDBF5DB0465F79AF58FFA230431FEB5
:10A8E0007EFE3E00E20155FC3B00DF06CFF644034E
:10A8F000D10029F785F8C00537FDA50959FF510298
:10A90000D8F9B4F86EFAB30641F611F5EAF473F427
:10A9100000F9F8EFD80274EB55F2ABE65202C0FE34
:10A92000E8F55D09A2F694F506F78EF287FE92042B
:10A93000FF0B7A053FEFEAF24CFD4C0B6402F20389
:10A94000CD03BFEF49FC4C0238043C009019A30D25
:10A950008FFE65FC90014DFA36FB3E01BC11690289
:10A96000D20147F7FB0184F68511B90611FB26F7E2
:10A97000CD02B9F405EF15F9380AE7FCB0F92D0E50
:10A9800036F61AFED9FA0F099B0907027112490C13
:10A9900090F8E4F98509F107A8EE02FD480D68FF7B
:10A9A0007F0629FEB801C504DC0EE3FF880AFCFB24
:10A9B000B1F7E5F6BCF5FAFB32FB72F7B0FA04F832
:10A9C000AF050CFB100070F68DF68509FC0378F6D8
:10A9D0005E0052FE1006580A6F0369F95800B9006C
:10A9E00094F95D027BF61603A1F417FD7507DF04E9
:10A9F0008BF9B6F7FCF93007AEF7E8FC7A01060CE4
:10AA0000E0026DFB13FD6B0638F3C0FF4B0AA90390
:10AA1000B7F6EEF6BDEF430960095E0FEA0EC31408
:10AA200060EA8AF7120154FA990784064502C324A2
:10AA30005DF17007C7F28303950D85147008D1038B
:10AA4000D6FA4AEE61F45BE5240385F53700070C7E
:10AA5000EAF596F775F37DF890F33A01C100DB044F
:10AA6000F9EC3904F8FA74F6F5E3B1EB81F5B2F9D3
:10AA7000DC021905980355ED70E5C1FB0A0E7DF463
:10AA80004D01980340F8A4FECBF8AAFE97FA08F609
:10AA9000F0FD5A03E2F875F957FF94F5E1FC95F7DC
:10AAA0008A04E7F6D5F841F66308EBF9270683FD3B
:10AAB0004D056606FDF93EFCB3047D03AF06580460
:10AAC00022F9470149F8A3F7E403ADFAE403900043
:10AAD00076031308D2FBB307300798FAEF0871002A
:10AAE0009E0286055D053CFD18FBCF064CFAD7F6A5
:10AAF000B90388F967FC9C07B5FCD404E8F677F93C
:10AB0000100F810590F652F50E09BCFF8808D5F7A5
:10AB1000CCFFAB0392FDE8FCD708C302590C2E050D
:10AB200017F885F6EBFA40F67F09C6FC3EF7E90315
:10AB3000A105B00119FC69FBC5FBC3FCD906DC0209
:10AB400074FE7F075DF8D5F9C5FCE4FF7C01330294
:10AB5000FB07F7F7980692FA02FFA8FFDC097406D4
:10AB60000DFF020666099602A5002BFE94F6020A66
:10AB70005D01ABFCB60137FE6407E9F6270A1F0545
:10AB80001703BC06830AFBFA97F6F10165047A09FC
:10AB9000A306580384080EFE02F9FDFDDBFA08083F
:10ABA000160ACB05C905E1FBB003DFF73101CB0580
:10ABB000C6FF76F3B20416F320FE98FCE3FC040F04
:10ABC00075F8C1FAFDF2D7FA7D06E206BA10730FE6
:10ABD000ADF503F14C0231051B05DDFD87FDC60D0A
:10ABE00006EE2FF3E4F702FC2C09040FA908A704D2
:10ABF00095FCE2FDC5FC490291FDD1F46F066508A4
:10AC0000420706F8BFFCF1FC89F73B032A10CF127C
:10AC100029F85A0186F33AF8DBF831F1E508E40B3C
:10AC200005F18BFBD5FEBFF6F30086038904C70C44
:10AC3000E60355ECBDF03BF0A1F8EFFBD9071D068C
:10AC400011079B072EF7E1068C00ABF557F935FF8E
:10AC50000C0269092500C00830F9280000034908E2
:10AC600027FE6EF7EAF57FF54D084C0ADA02A6FAE0
:10AC70003902B0F6A907D10844FF0BFE47F987FB5C
:10AC8000BAF81AF8AA0E9104BEF65EFE1506380D43
:10AC9000D1FC42F102F5F5F05F08A402AA0EE2131E
:10ACA0008EEC9EF007FBF3F6BFFA46008E1C4118AF
:10ACB000ADDE1AEBF9EEEEEDEEFD4BF6EB0D02110B
:10ACC000B6DC53E54DFEEC0882002AEE82168104C4
:10ACD0006FEF4BF582F9770908F9A1F3060F840AA3
:10ACE0006EFD5708BF0EB0FEF1E75FE8580B130486
:10ACF0004C0797F963FB49F469EBC9E3D316B51127
:10AD00002C0237F8FEFA58F436EE10FC57035CFFBD
:10AD1000E6FC01F055F0D2021CEF71FB720C4310FF
:10AD20007200E5FDCE04D3FF6AFDF4FC65019603D5
:10AD30009F02A107A1FB92093EFCCD058203C90138
:10AD400011089AF53600420402009C04CC0934FC38
:10AD5000CAFD58ECF5F1B6F011F66D0050F99907FF
:10AD600058E977F162F627F7C1F136F9A00D930E95
:10AD700004EC5AF40DFBD0FB08EECBFE0118B20533
:10AD8000DDED3AE130F4A50569FC00FBAC19781C57
:10AD900060FEB6010A088E09630F05098E0BA6F73F
:10ADA0000BE1C9DF530590054CF6D0FB30150812B6
:10ADB000B2F5FFF80B0EB40FE2FF91F822109404E5
:10ADC00024FDB3147C0C97052CF51EFDC7FE5CF426
:10ADD000A904341A2CFB70E8FAF6BDE932FF7916A3
:10ADE000CE1C7F0BC4F499EA67FD06EEF20C3D0A17
:10ADF0005A0AC3FF0EF51DFBCAF78EFA32F573042B
:10AE00009EFF840E38FA66FD94FFEF151B139D0F0D
:10AE1000CCFDCEFA85F06AF68F095CFE4808FC038B
:10AE200026FBA503620A6B05F3F5C5095F09F3FD6F
:10AE3000C607FFFFD60C4A0A03FD89F7F4F591FE19
:10AE40009E016E07A40B3A0133052EF72CF7D707A6
:10AE50004A0483FF940032F4E6FEDD0FCA044D0E6F
:10AE6000D2EE35FAED00C10091FF7809AB088B16E0
:10AE7000B9F3DC010C028AFFD40A090B140D060693
:10AE8000C0FBCBF642FFE1FC7F0A050A07FC730416
:10AE90003BEFF6EAD3F6DCFEFAFB660E41F9E10F72
:10AEA000920BAB002C06F5097808A6FD671052023C
:10AEB00064031715260173034BF32DE85F12E80CAA
:10AEC000731B20185C02F3EB03EF10E88D0DFF15E8
:10AED000891C3711B2FB41FA86FB04F9EA126116AC
:10AEE0000B018AFD97EDFFF71B00F00C90202D0D54
:10AEF000CA0092EEB4FBFEF5920248F7C4135F025B
:10AF0000BFFD2107670100FA130AA507FCF7C0FF80
:10AF10005908B6F5710886F91AF3C2F471FCE10B11
:10AF200099F986083EF881F3C8F1CEF61EF3BEF813
:10AF30004A057E0648080D0516F8A006BF066E08ED
:10AF40009B0DF80057F855F71EFF65FEFF0A3F0AF4
:10AF50001D0C45FFDCF5E8034AFAFF069A0282065B
:10AF6000EFF78FF024F251043306D30C5108C213CB
:10AF7000FEF370EE06FB68021406570DB70E8B0049
:10AF80004DF1B6F54BF28405B704CE09AE0DAC1108
:10AF90001904E90673F729FFFC0ED0F562014A098E
:10AFA0002A1AD01398E820F53D015DF5671030149A
:10AFB000741862114DED1AF071EDD9EA32103A0BA6
:10AFC000D8FE65149FEE5AEF060087028B1AC41E46
:10AFD0005FECA503C0F5C60182FC4BFFCB1648FB16
:10AFE0002003C603F0FD09FC02F9F8F417087C03FE
:10AFF000B80033FE730E260247EEE9E5E0EB16F9E2
:10B000004FF41707E60230FB56F701E91EF2E5F3AD
:10B01000D418930980F7B30084FA69FD93FDF80210
:10B02000B0135710E6007EFACFECBFFEE2FD9D069E
:10B03000F1F91CF856F5D4F285010510060B35051B
:10B04000C301B905EBF681068E0AC11506103BF95E
:10B05000AE028AF538F51FF1A90B26110E09EE0391
:10B06000A7DBCFEFB4025C06D4101412870640F7BA
:10B070001EFE091128EC12FAF413E704160291FEE1
:10B08000701D6F140FFA33F73D0272013E009AFBF8
:10B090004E0E6A05EFFCD6F83AF349F8C10E8E0A57
:10B0A0008B0C8AF8A2FBC7EDD1F9BD10D1148C0826
:10B0B000ACFEC503A6F28EF6FCF99706280FFC013C
:10B0C000D0050706DCF76C0C2F05BFFF2C0509F532
:10B0D0008605070E84098307BB0365F9F2F436EC95
:10B0E0007DF25E038104A806D0EEF9F73AE9730712
:10B0F000CDF9E102EEF8AF019004FDF6B7FE8F0F37
:10B100007B05E1F405052A0874F1EE053309B00C5E
:10B110002D010CFBFF01630068054E05A512090A0D
:10B120007706B904870104FE580A480E00FD77FC33
:10B130003BFE2DEEE7F899FBCA01EB1433F934F22C
:10B140007CDCF3E962F19CF93210C6083BF3CCEEEB
:10B15000FB096A131FF25604B8027AFDF9F0A2F94E
:10B160002C1B531D55EABFED75F13903C2F7C7FA21
:10B1700077184F0E5AF6E0F8AEF205FBD4FAEBF56D
:10B18000D30B65047103C6F096FC0DFC01F9040CA9
:10B19000300C94FD87FE2903B0FF6010F9FCCF0747
:10B1A000B506D3075D13A30048EB3FF5AAFE81FC6B
:10B1B000650BE8017F14890DE201CD0027E84CE61C
:10B1C00012E597F0EC0BAAF6B5F3CCFBC6F15503EC
:10B1D000DBEFAD00270C240AC301D2009305AB0CB2
:10B1E00075FF6B077CFBFDFD1CFF75F9DA03FF01A2
:10B1F000F3F76C0937F390FF330718FA1B0C44037D
:10B20000740B6A041AF6D2F0FDFD76FB92FE0BF386
:10B210001DF2F9EE84F6E105E90C650DAEEEBDF523
:10B22000F5DDC7F1920772069D0791F9CAFB7FF918
:10B23000E405321D79086DF9BD0F760DE3F471FF59
:10B24000A61DF3146401C4FBF701D0F3CCF21DFD7D
:10B25000201053FECFFDC4FE83FACCFA51EF8805CF
:10B26000D2F1EF03D2F0B0F94FFAAA0375FC5DF109
:10B27000900773FC06028FFB38126A0F500A9A047B
:10B28000AEFC5C0832FC22FCEFFCCD0469024EF8F7
:10B290001F02460697149E08730301FA550794FF90
:10B2A00017F4120CA906D505B9EE6DF4F6FCA40747
:10B2B00076F2ADFFAA0FC10EFC016806280FAC0E96
:10B2C000A7027703B30595FBB10FDBFA3504120C27
:10B2D00062F931094FF2F802C30043FDA50CC0FF2B
:10B2E000B100B2FF430011EF4A059007B50195FB8D
:10B2F00032F256E28103690B8F03E0FB4BEF05ED61
:10B30000DBD090F633113C128CF942042EFCB1F6DE
:10B310001E1A0B1C1002460B08084C0AEFEE63FFC6
:10B32000F91F3F200D15DD148A0F52FC8AF54CF9E8
:10B33000F50D7709C800070872FC060943F4ACFB59
:10B3400091F81BF803FFA8F38D05E40A8E0086052B
:10B3500026F5EB0783FB1EEBF3F715F95505D8012E
:10B36000600270FEBB0AB209ABFD5C027109E6F631
:10B37000C8083501790DF30B5AF9F2EE07060FF9FB
:10B380007EF9710973047001F2ECF202A90DA107B4
:10B3900065FADAF669FD8FFF2E063C0B4903FC0EB9
:10B3A0005F0A7F0681FBC0F9E40A15FC3211BF0871
:10B3B00082028AFD84FCDAF6D1F52D084BFC47FFAA
:10B3C0008604A9F378ED44F809F8D7F6EE07CEF72E
:10B3D00001DA0ECEA4FE4D01DFF2F4EAE7FDA3F898
:10B3E00043DC550D9AFD071099EFF7F781F250FEF7
:10B3F0002E22BD1CEA13B3151D13F810D2FA4AF31E
:10B400004E1F7F0A27124F0CFE08A1127F031F0850
:10B410000607EAFCCB1B7E0C9604FA068301A00803
:10B420007AEB74E9E3FD7CF164FBB1F18E06AFF7D2
:10B4300056E0660996E87C0244FE8CFBDA016D0C4E
:10B44000EC0C3F13070E1A13850169FFBEFE30FD99
:10B450003FF7FCF8F7056A01FA024CFBFA005400CA
:10B4600021F16AF75109E409C2F4C20CCC192F1377
:10B470002AF958014E029F051E0E3DFD8DFF7706ED
:10B4800057FB54F3790AED0052048B01A8F34BFAF1
:10B49000BB0034FC1000DAF7B9FBAEF9C208FBF4CC
:10B4A000D2FDAEED2AFC2B0156FECDF5BCFBC9F951
:10B4B000E5E1C9E3B1FC450104EFBBEEAE006BFB77
:10B4C000ACF49A0C050B33101FFF83FB42022B0DCB
:10B4D0003C1AC7160613ED1153082504570A5300EA
:10B4E000D10FDA052E1336177B01CB0F2202FDFC9C
:10B4F0006A02C5F076153110901175FF29F47008B5
:10B50000F3F2B2E8D8FD20FC35029AFFBA0F6F04BF
:10B5100089FD080803F68E0826119BFD5110A60828
:10B5200072FFF902F8033405B2FFC20008FDC6FC41
:10B5300090FCCFF2260B8AFA0A05A0ECD7F3350C63
:10B5400048F44F0C190A8604F10038F9591893038E
:10B5500059FDADFF8A00E308B10A810359FFC40B0E
:10B560003BF7F0F7DBF90202DBF7C904A1FB0CF6AD
:10B570007906F30989FC17F849F237F20FF5E3026F
:10B580002E08CCF538FB63F991E361FA75FFAEF54F
:10B5900066ED040337000B04D8EED7FAA8F66FFD6A
:10B5A000DF06D613A3076C0751FE6B0059F50800A0
:10B5B000E0177B0ED20C21083D0D4910AC05640646
:10B5C000B106650A690F060E290D2701000556010F
:10B5D000ADF815F008155E0A8D1257026B006D1854
:10B5E00034EA08F4390EDFFE0CFC20F5711F8400EC
:10B5F00022FE68FB66EBACF158F819F5620193FC8A
:10B6000097FF84080803F90481FFF2F750F516004C
:10B61000500CD5FAA9FC4C04CEF11EF99006480254
:10B620006407F2F9EF059417C608C8F9C908D300F2
:10B6300039FCC4F590FC49024C0057F956FDF80955
:10B6400005F61AFDF707970D460134FB56F33CF556
:10B65000760138FD4704A406D5046BFBE7FF02FA28
:10B66000A2F728016C099305CEF77D038DF0CCFF7E
:10B67000840055FF19071315EE0773FAD7F534FA4E
:10B68000DC083A02E70EC10292FD760624F895F630
:10B690002B10E809340FE208E1FDED0183FB0008FF
:10B6A000F0059205C4FDE705950E53048A145A0966
:10B6B00019F360E4E90C4417B302F60CD4115E28C8
:10B6C000B103ABF4F307ABFEAFF556FB5615B1FD76
:10B6D00085EB1DF8EAFAECFA1AFB70FF9504810974
:10B6E000050538059AF3BCFC1900C7EAE506BCF865
:10B6F000271097FF68F333EB55F119F8D6084F0D73
:10B700002A09B00E55FD5E078D1709FF54FFF1FBA6
:10B71000DAFBB0FE5CFCC0048A00F4FC9808E2028C
:10B72000500498FF50132C0CFFF5C9FB32F3AD0009
:10B73000090551F5D9F93B0727064AFFB8FDC8F3BB
:10B7400081065FFDAB0CF00E58FC1D02F8F054FAB8
:10B75000C204DF06550C5F0B320444FC4904BEFFF3
:10B76000460099056A10B310A7FAB1F4B100B4000D
:10B77000BA06200F4A11610F26FD47FE43FEFDF871
:10B7800032FCF604A5076D0116038611C1FCB30D4A
:10B79000B3F896F59E0AD703FCFE54082B0D5D19ED
:10B7A0000FEB3DF56BFAF9FEE6F87FFF6C153D11E6
:10B7B00056FF520AD2FACEF7BA0C62059A0180F807
:10B7C000F6FBB80D11FA970D49FC63FCD902FB0694
:10B7D000B7184C1398127FF2B3EC38FCB60E90F108
:10B7E000D0F929FAA1ECC8FCDE0528F8D7FE67F7E6
:10B7F0004C00EEFCC5F90D1010F219F4AFEBCAF7CE
:10B80000FA05CFF8720E480A0EFD6AF8A4FA77F12D
:10B8100095FB4CFD9B03DC05A8F764FF02EAECF9FD
:10B82000A5F3C5F85E0EFA05E8FD3803F9F66FF9E1
:10B83000300CF30E47098F0D44F653FBE603C901A4
:10B84000CF01490A450D1C0F64F9B4013A04C9003F
:10B8500069FDFB0C1CFBB9093E023BF5FAF9B6F495
:10B86000F7FAD3F5F30B42FE56060006B8FCBD0905
:10B87000B7FBF509F114300E640D9BFCF70AF30DCC
:10B8800043ED5B0048F8D0FF89F71EF7E60ABB13CB
:10B89000DCFA5607E7F743EE8109A6FFD2FA180152
:10B8A00020008409E1F8E3145BFF39FE8D017F0A73
:10B8B000A31F11FBB50204FA8EF91104630BBDF44A
:10B8C0001DFF9CFF8CF058F812122102C5F17BF687
:10B8D00005F3BBFD5A07260617FD53FBA2ED66EEE6
:10B8E000BBFE90FDCEFFCCFBC6F69C070AED36EB07
:10B8F000DBFAA1F3620440094D0EED049DF3B1FBA8
:10B90000D8FEF402A30D20FF2D076FF820FD590883
:10B9100083080A028002220C88F454FDFFF861FCBF
:10B9200048F84BFE6E06810D74FC19FBE601F8F336
:10B9300023F9F10980F9BBFFD6F8E7F597F646023F
:10B94000A0FB85F8B5FADBF047062D040D04480985
:10B950006B0920FBC3F844F9F0FB8BF033FB0604C2
:10B96000BE005FF646F73AE6FCFD71F22511E702EC
:10B9700081F737059AF455FD4B089AFE52FFC0FB3C
:10B980002BFBCC0E210437096C0712065F0357FB13
:10B990005F20B5FECC0DC8EB81FB2807A004620830
:10B9A0004C08120008F13DF6F00B7E05FBEA04F0AE
:10B9B0002500A303C1F37305C2F917FA7FFBC3F493
:10B9C00022F7BBF961094BF9990E9F0A9CF35AFFC4
:10B9D00084EFA5F9B4F4B302C301C90179EC95F879
:10B9E000A7FE8200B1045400DDF7E0001DEE9BFAD3
:10B9F00029F73AF63C0573118EF679043DF8CB042D
:10BA0000950706FD2A07DA014C06CEFB6CF3F70515
:10BA1000F605E0025C05E8F8E3EFC3FEDCFDB101EA
:10BA20008C056C108802110413F63DF3DB0EC6F68C
:10BA3000250899FBDB017B00ADF864F574FB23FE60
:10BA4000FAFBE50EFEF68FF488F30102AB182B0328
:10BA50003B0B16086B0503017104E40A02EE33F890
:10BA6000F1FB7108FAF3A7FCC4FE450221FAB10408
:10BA7000D21ECB18E40774025B0438EA00FA6807A8
:10BA800023FC1A02CFFA51EC1DF7D40236FC19ED53
:10BA9000F1F66BF833FCD301E30918FE8B0468F868
:10BAA000A1FD18F7C2FED8F52C072209470517FD9E
:10BAB000E9ED58F188FFB00069F7420EF0FB00F79E
:10BAC000530925FAB309E20BD9F8D4F1D7F77AE98B
:10BAD000BF0961FA81F9CB0A70F4C004DDFCBA0237
:10BAE000F30BD504C0004FFE070A0306F00DC70193
:10BAF000F303210B87F5C1FCFF00E3023500C9FF0A
:10BB00009D07D4FD6FFD0AF860F183FC31FB9807B7
:10BB10006B08F0F986014F03EBF68F017C016A0098
:10BB2000BCF8B1001AFD83F42EF17DEE6504D1FD61
:10BB30004E06ECFF4C0F34F154018F0063FFEBEE27
:10BB400071FA28025B098D0F3DFB0F0165F7A6FB1B
:10BB50005111B01A92F8570BF9EE64EDD00D54075D
:10BB60000C043209A5FEC1F89DFACFF5A3FD0DFB2B
:10BB7000E00849042FF795026D011DFB3E0E1D09DB
:10BB80005B088804FFFDBEFA4B039400A400E2FDAD
:10BB9000AAFCEB06A0F21CF5740A4C030A03BD02D2
:10BBA000C2FEA30573F4D0FEAF043E021D02CE0414
:10BBB000690AD60438062BFF56F40A05D501CB02D4
:10BBC0002E050600C7F719F5E3099601DB09D50232
:10BBD0006D02D2F617FD0505CAF483F93B01B402E4
:10BBE00093F8DB0B9AFA87F7A5049102D2FEF408CA
:10BBF00044FC5905C0EEC5EDE3FB5AFB73119D09EA
:10BC0000B80BC2FCF8EE14F479ED53F1BF041BFD40
:10BC1000C4F3E60ACE030DF77A0F1301FFEFD8F64F
:10BC2000CDFAFA0313038708D0F5EC06AAFF0EFD40
:10BC3000160697085AF711F8DB05BEFBB60D00F99A
:10BC4000A7022CF846008EF14FFD8505BA0D52096A
:10BC5000DBFF2B065EEE4B01EFFBF301D401FA078D
:10BC600023F9E6FF13F55FEEF1079BFEE9061E09D7
:10BC7000AA0466FB78F8CC03B3FF22FFCB09BE1100
:10BC8000F807E7053AFDEDF532F45AFE440F4A0D88
:10BC9000B1F83EFAAFF684087506A8F6DA0EA812D7
:10BCA0000DFC9B0339FC0105C3FBC8F7690522FBAA
:10BCB00061FDE404DEFB3D020200FAFA6D0161EC75
:10BCC000A4F7E2011D03400109F608FE0EF610F884
:10BCD0005804D5FE24FAE3F61EFC4E00A70F7D0B98
:10BCE00046F6B6EA9DF1D0ED3001E5F445F9C8FB22
:10BCF00028013BFE8907D0FE38F784031801ECF4D5
:10BD00002EF78C0D63028908E3F603F7A4F881008F
:10BD1000A006C20BA4025A0AE5113CFD90FE55FB99
:10BD2000DB01A608F601E201AD058D02240412092B
:10BD30002DF81005E60CBAF87CFE63F93705B6FF5E
:10BD4000AF09CF019DFC08FD4EFE7FF857117E0B19
:10BD5000360DABF9D20486FFE1F50DF89219E4181F
:10BD60003B09F9F33EF772FEB800C3FFCD12890913
:10BD7000CBFA16FEA3F61003420123FFA1154910CA
:10BD80006FFD50F11A010CF69EFB87F28BFD7C09CA
:10BD9000D5F183105EF18CFBCBFB7AF4930733F67D
:10BDA000EA04D2074BF576F3F8F331EC71F6B907F4
:10BDB0004F057600E6F184F4B30C5BFC1800B0FA92
:10BDC0004D08A6EE86F6A9F059F67EFA5201A30FA9
:10BDD000D80C6AF617141A038AF27706A5036607C9
:10BDE00022FD01FCCA07E7FFBFF4CBF5AEF5EA017F
:10BDF0004709B2EDE2096C06CA0927FCBCF8280025
:10BE000089021FFADC05B505CCF63E02ABF55F03EF
:10BE10003C084802C70281F850FA9EFCB2020E109C
:10BE20002A031505C9FF12F8C202C5FE6B0F8D1853
:10BE30001B0735FEC006E1FBE4078E0BE112930FF2
:10BE40003C07C7FA1507CCF64B047B01DA0E6903F1
:10BE5000AFFCDA02EEFD51F8D00145F9B204FF0063
:10BE60008DFACEF75DF90EF30EFC23FFC70D0B1311
:10BE7000BDF9FB073F0709F76FFB21EEB0080FF68E
:10BE80009C10C111D5F87CFC82FA48F4FCFB5306E7
:10BE9000770F2515C7F549EF050B0110ADFA1F08FF
:10BEA0007FF795FCECF2C204600170F899F6FCFF94
:10BEB000ED048CFE89F9E2FEFEF359039E0809FEAB
:10BEC0004F01C10125FF03056E051EFFF9FEAAFC07
:10BED0009914C2F2CE0803FB38FC1A05B2FF3608EB
:10BEE000ABEF4A04A6F1CBFCCBF2A7F4DAF88EFD57
:10BEF0005113E2085D01340D26034AFB130350FA87
:10BF0000DDF81AFE260581FE200F42044118561165
:10BF10002407170527058DF881F8F504EE06F10DC5
:10BF20003F05E4F416F4ACFC3A037FFF77FC650CA4
:10BF3000C8F9D8FA4FFFF4010500090070030C0E90
:10BF40007CFDE0E97201EFF5C5046E034F09D20AEA
:10BF5000B5F67407390352F181F73CFC1212F7056C
:10BF600062F35709EEEB22FEA6F5750367042B0971
:10BF7000EB08C40F1DF2B7FF451536064908160138
:10BF8000710C110C91FF400D530120FC36FDC70AC6
:10BF900053FEC2028EF054F64EF79301B2134F04D3
:10BFA0003C08A5FB3F0008FDF806E2FF7604EF0819
:10BFB00087041707990C420BC8F81C0365FC2A0A72
:10BFC0007407D2068A1451097CF869F97AF5F2F6F9
:10BFD0002716E0FE59FAE9F632FA8F03E7046608FD
:10BFE000270625FBABF601F3E30D150D9B14120399
:10BFF000210173082A08EB080C06A107D7048F0457
:10C00000D300D7FA5EFC80020912CD06D603C7FD25
:10C0100015F654EE430295FFF5FE430A3D0D9E02D0
:10C0200098F7CEE57F030CF73E024A078203230B05
:10C0300013F9C1ED36FEFBF6AC0B5A02091CE310F6
:10C0400068EFC9F0E3F805FA7211C20E6B038F04B2
:10C050003713570885FD1CFFDA06CD0B3C03B3F6FA
:10C060009F008EFE4AEE31FAE70D2AFF890099FA09
:10C07000E500C2020EF5F60385F49A05D60610F621
:10C08000FD04A5FF64FFFDFD80F93104EAFD6AFCB3
:10C0900035FEA10A690F66FEEF09E2EE11FBADFF66
:10C0A0002C1AD71C11FE32FD64F72CFCDDF938F593
:10C0B0004717810235F7FE016B00ED04670A38006F
:10C0C000550DF809160AA905E30C3AFF82FC96FA09
:10C0D0009105C400D3FE9F026A0E180B0CF74109AC
:10C0E000D80BE7EA5DFB0FFC4EFEBA0AF30083FCB7
:10C0F00019ED3CF75BFEA9F625FE060F78FFEF066B
:10C100003C00B70B8BF794FEF40AB90115FB9001C4
:10C11000A801D4EE4BFEF4F461053014C0F918FD0B
:10C12000A4E8C3F6ECEA40F93210AD039FF7DAFD5C
:10C13000ECFAE0FB63FBAEFA88FACA0B64FF700509
:10C1400064FB4EFAA3F7C3F6F208F8F4190E96FD55
:10C150003101E2F822FBA9000304EDF983FA7B0721
:10C16000A4FD0A061603F104030220082A0073F94D
:10C17000530418FAF1F7CB0B9EF75000680759F9F2
:10C18000F7F336088304FA08F70143088D09C60F50
:10C19000A50270077A0E570AE100D210D503F3EF1B
:10C1A000EEFA69FD840F0B03510C4615A7F7430700
:10C1B000FEFA9AE4F6004AF1EB192D07050DEFFFA0
:10C1C00018F100F2CFF468F66F00440E0E074EFE31
:10C1D000ACE517FCA90E0DFDC31404117AFD08FC93
:10C1E00073F280F4EBFBC508E014A61028FB2FF9CE
:10C1F000B9EC21E6A7FE06F40610B30ABAFD020365
:10C2000001F01CFF00FC23FCEC146C0BFFFD9904F7
:10C21000C50AE908B0F64FFF3AFCA40CCDFA44F782
:10C220002DFB03FE8AFEDD04F605F402930B4AFDA6
:10C230006805AAF5070993F5A9FF64FB1A05C90863
:10C2400041F8FE05A2F9FA090B085A07C7FE09F6DC
:10C250001703A4025D05B0084A032AFA23FD1A0455
:10C260005808470C1FF92E059C01AE03F90603F888
:10C27000E00B28024C001B0114FF8F08230639F73E
:10C280007CFAAA0175F6AA0BC9F87C083B0300F1F9
:10C2900059F49BE6A1EE26F9BEFB5E0B40F15CFC77
:10C2A000A20540F8550485F756008F027DF6E4F9A3
:10C2B000A80D281206FDF40B2705A8095EF8D6F391
:10C2C0005F06750CC3FC9F0C95FCDA0004F748016F
:10C2D0009005D8F156119311A9126C04A20716000B
:10C2E000DC02CF0B2905A414BE164F078FF8EBF91B
:10C2F00093053106C909C3084801160310FEEAF385
:10C30000ED054901BC0804FA61FA080429FDB204EC
:10C310005308AE03F5FEFDFDCDFA5302DA01AB077B
:10C32000690A4E0276FDA4FAA907D0020D0010FAA0
:10C330006EF81F04EE0265FF3907DDFAF4F995FD8A
:10C340006F004601FA03C607D9FC25F9020899F9DE
:10C35000B5000804200861F636F995023D0059FD44
:10C3600022FF80F72A08D607CFFBF8FE61025E01A4
:10C3700093011CFC66F849FFB7FFF4F519FAEBFCD2
:10C380002B09E703B905BDFB27F4B0FB9EFCB60AF9
:10C3900071035EFD3E006A02F4F6AFFA41FE7D05D0
:10C3A0004BFB1008A2FB3204B404210860F8590AC0
:10C3B000A20774FEEAF8B4FDD2FE3D00D40773066E
:10C3C0008307180A33FE73F63707FBFBE2F5C00359
:10C3D0004F0396FCEAFB3201D209F4FD40FB26FF35
:10C3E000B3FA48FFF1F8270A9D0423F86C000E0900
:10C3F0005405EF04F5FB720377085E01F801910321
:10C40000C1F8A1FD7CF953009CFAACF85E0442012E
:10C41000D2F783FC50F83BFD3FFFA508070240F729
:10C42000F1FC9B046DFAB9FE3FFC7EF540FFDD0593
:10C430003EF92202540FC20C5BF0F2FE82FCB2F510
:10C44000010A9A00990239F9E9F877F75A008F043E
:10C45000F909B9100A04E70678FA3AFA620BD2042D
:10C4600018073A005109A503400139F885085E0F05
:10C47000B2F607137C02F4F8040170F3D30568F4F4
:10C480009D091C031215E005C1F4CC04F300840FD0
:10C49000EB10B6166EFF5D0BDFFCE9020C04D60450
:10C4A000CE0A45073909E00A43FFBEF54313FE01F2
:10C4B000C00C8FFAB810EAFB10F735F8D40CE9FD80
:10C4C0005E05CEF7DBFB3E0765FE6908C005E7F7B2
:10C4D000740372FCF9005E017BF8B5FDA90602FD4C
:10C4E0009C017AFE71078CF51D001FF9BA029B07AB
:10C4F000B0FE441076FAB7FE5506B007DEFDE7FD44
:10C50000B213EE072B016FFF7C024C0273FB49FC58
:10C510009B03F101D9092D0578F13EFDA9FC910499
:10C520007EFAA0041211AE1AC4FB37FB0FF708F411
:10C5300003F6EFFD1223B212B3F669FE2AF5320BB1
:10C54000FF0BE10AEA0DE902A8FDEBFC650E980776
:10C55000E9F727F005140D197813D80001FC9300B2
:10C560007EF71BF0AF153F160F07A3F30F02170E50
:10C570003A05EB09121C171CF7FABBF0FC01F10994
:10C58000321156196012150CF3F67CF61A0C2FFABC
:10C59000E11538103312C30474FD65FD69132D06CF
:10C5A000F106A6F21AFC40083EF730FE14FDFF012A
:10C5B00086FB20032602E7072B04BA03B2FE2B02F8
:10C5C0002CF9BCFE6EF971F9D104EAF71200860766
:10C5D0004DFEDD023D020D02AAF767E8BFF897FFA6
:10C5E0007C0777F4C8FF33136BEF5FF9A80D8D0953
:10C5F000C1F1D9EDA50F0716DF07B2FC4FF679FAA6
:10C60000A3E871F1CB10A018D0EC5FED8BE86405C6
:10C6100063F5DEF36A0B2007CBFAAEF6DB08CAF14E
:10C620000FF64211620433FEE10AD4FD5707910769
:10C63000E10933F4D2125B0DDB15EC11C503500395
:10C6400008047805BB0B6DFC4C1339FEA1FED4FF2A
:10C6500090FC7A03B5F63F0542E35AE2A20D8A1137
:10C66000DAFAC40FB002C20142E9E2EE490A7700E9
:10C67000DB18CE135FF991FB49F60CE4200453F567
:10C68000910027F4EE1304F875E883EDEF001E0C1B
:10C6900060F7BF0672052EFBCD0322F8AE06A90493
:10C6A000060039075C01FCFED2FDDEF6F8001BFD3A
:10C6B00040FD43F4F70311F055108C07F8FE8A0F84
:10C6C0004DF445EB7402220DF8055515370D1C018C
:10C6D00051F2E3EDC90C7B018C0AD30343F6DFF082
:10C6E0007FE40EFED802C8F5410AFFFDF2E26400C5
:10C6F000E6FED0FD7D008A06E708E90A6201130F15
:10C700009F09BB09AE02B2F9C1FD8DF9D50336F51B
:10C71000D1FC81F95EFAD1F3B80F0804BDFD910692
:10C720001D01CB0BB4010AFA290969063D03F00B80
:10C730000D0361035002B3F59B00D1F88B14030283
:10C740008103F0FC2DFAE7F919F1B6EFB4FD0E0AFA
:10C75000C0FA6F00F3FD56FB3AF994E5A40C8A0683
:10C76000B1FCC8E68504A9078EE882FD3B12D00122
:10C7700070F12CEFFF08E40316F8C4FB1416930ABB
:10C78000CBF92405EA081903B007AC0247068DFD72
:10C79000C70A76FCB60E9914DF0C6DF3C0EDDB040E
:10C7A000E8F477F38E0B69FF460BF90787FAA50AC1
:10C7B000C7F3CCF8E8FB67F62C19CD0AF2F6930024
:10C7C00038FBA9F7ED033DFDED03D90379EE8BF6B8
:10C7D00002FE9002E800D401A40C210284FBB9FF00
:10C7E00079FFD0FE7CF9B2FAB9051AEFA1FC260256
:10C7F000E8FC4C041A01C9F8A8FF8CF81CFED1FC17
:10C8000087F9870C53080007B410C20874FA69FB53
:10C81000E4FAEF065C026308001787F81B05D9F9F4
:10C82000D0FF2FFD0603CAF6D0FE15FAB505660E39
:10C830000A0615F9A2FE18024DFD96E9260BF4FE34
:10C840007704E203B1168F0F3AFEC6F8E1001FFF2E
:10C8500069FED2F13609FB09D4FF5BFF4A0BD7030F
:10C86000E0FA62F8E404090357FAE60A96FAAE041D
:10C8700010056601C105471AA5EF55FF880C66FA39
:10C8800030F51BFC840BD408A2FC9C0BB6FBCD023C
:10C89000E0F735F2F2F527FA450A36F9B8F6A3EFD4
:10C8A00037FABFF050F53B024D0873167BFC37F8A2
:10C8B000E200E6076708A7FFEBFE49FD93F76D026C
:10C8C00038FADD028802B5084DF510F8C5FD2E01D5
:10C8D0008EF5A4FC7801720CACE911EF0F0F320950
:10C8E000E8081B01B4041506C60CA30E6C058A08E3
:10C8F000AE00D8F9D205AC015314C509A10EF40558
:10C90000600679FF9B078CF64E092103A20C0508EF
:10C91000CB0B95FBCB055E0BC3EC97F8E0FF59F909
:10C92000EAF68202F20993113FF08AF479FAA70A33
:10C93000BFEC42FA0F10C50D77FA0D0640043AFF1E
:10C940003509FC034F00BD0A9907330C8201CAFD6B
:10C95000D0F145FBCCFA5F0A91F738046803A0FEDA
:10C9600019009900D810E1FF2207291BCDF1B2F17F
:10C97000F4FD9CF04A020D02D607A60ECEEC8FF90C
:10C980009CFCB5F736FF1E036EF9F604F9F49BF62E
:10C99000D906F0F7A50D96077AFE47050C13FB0C98
:10C9A000BBF737089500CF000DFEB9F1DC0A0EFF8A
:10C9B0000EF7BF06200FB90DB5EA80FB3A12250726
:10C9C0002CFCCA0242FC72FEAF0EB7172414180EDC
:10C9D000140374F9D901450773102313800B18064B
:10C9E0005FFC8504FFF6C7FBEB0BF2F6750B90FEC0
:10C9F000CBFF960B44FD6BF086E17EEFFDFD04FE60
:10CA0000410BC706CDF355017CF3F4086E042FFFEC
:10CA100086F877065DFBF9014002D8FD99FF0D0A03
:10CA2000DDFE06023205E20940037509D1F8D8019E
:10CA3000B500A40FEAFC6201B9F848065204980553
:10CA4000B40FD5FE210B1DFC6A056319D3EA83EDF3
:10CA5000740F3DF3FF05CC064200E0FEA1FC380553
:10CA6000B4029603F9FDF904B505860A7B08FAFDC0
:10CA70005F00AC10731056FC820A66F7BE063703DF
:10CA8000530C9D0D42F877FAEF067EF15506C10171
:10CA90001CFE99FD050563FAF7E778FEAF0A9407D7
:10CAA000F2FEC21608F41FEDDD18F61FEA00F703C8
:10CAB0003F02B600F7F548EECE0BFA03EAFCDB00C6
:10CAC000E604D3026DEE85E9A6F023E95708E309F1
:10CAD00006FAD808D4F8A4F6E6EE78EDCAFB32F8E8
:10CAE00045FF3302EFEE23EEBEF6BCEB4AF6CBFA7F
:10CAF00036001102ADFCEEF884F5C8010A095907A9
:10CB0000B2FF9AFC57F803082FFF18090B05950C84
:10CB10004F08D701B10690FB7A0A5EFD49F99E02E3
:10CB20003D0D37F71B0318FF3612670009F1D4F0EB
:10CB3000AEF577F33007680CCCF513FDF10D9902D3
:10CB400052093F0EDA02AFF66D02BB0055FC9D0C98
:10CB5000D10748017BF5A2FC0E004DF6E30CB90E9F
:10CB60006C062D0DC9FF3CFD58F2FAEBBD0C2006FA
:10CB70003B0D04FF0EFA3CF4D5F4290E1CFC33FAED
:10CB80009206F9F749F66EFB7719FB1C58E804F09A
:10CB9000E600360F8CF025F1C308B2042800D0FC63
:10CBA000C1F9220BC7FA90F5A1E767EFFC0027FA5D
:10CBB000E703C7014CEBCBECF9E838F920F8EB08B8
:10CBC0006B08200F44EB77F1CEEBD4F5CA0EDE0AEA
:10CBD000A1FD35027BFEC8F8A5F5A208BB06D3F37C
:10CBE00014FB2003A4FC1A069BF5E2011E00A70615
:10CBF00084FF0503DCF490093604FCFEF201F5F82D
:10CC000096FB2401170C1F03410C4509F3040BFA92
:10CC10005AF2E1065000A5FECAEAECEF29085203D9
:10CC200062040E04380018EFE4FEB0FB110E9DFE06
:10CC30007204B20494F47FF1FA0251F9CE0C4D095A
:10CC400026FF1C0533F2E1EC01FFD0E854008BFD18
:10CC5000B9095D0683F77BF375E5A2F8F9E5B0EB5A
:10CC60000C0578F92DFF0EF7D40C7D0EEFF0B9F01E
:10CC70005BF605F8F7EE1B01AA0BD2F0ACF41AFF35
:10CC80002BFD280CE0F940E8C2EA27F38F0AC50C17
:10CC9000BE14861531E0C6E250F1D5F56806850967
:10CCA0004C03ADF98AF037F76FF34E06D206A006B3
:10CCB0002DEEC004C7F8D8FF21F9EB09FB041C07CF
:10CCC0008EF69A1157F6ABFA9808A1FA890BAEF5D1
:10CCD000A6F45AF758054704A2FD7707110F18E785
:10CCE0000DE366E26407B7F026F2EBFFF7F196FE7C
:10CCF0008DFB7F114CEC2BEABAF665FBD40596064A
:10CD0000F90ECA00F5DEAFE90EF48D017D0D2209A2
:10CD10007904D6FBB3E9BBE81207B10488057507AF
:10CD2000BC03661662EB10FE0EEDDAED3CF767EA27
:10CD3000BD153E0A5CF5C1FE61F2FFFCB0FE610468
:10CD40008FF46CF527F81003C911FC04770B4E0B18
:10CD500017F7A9F98BF9C9FB750B47E9940B6C0020
:10CD6000D6FBAF11C7FE4CED63F783E76102940079
:10CD7000250D871CEDF10EF16FE756F8A80B1E1973
:10CD80001011B6040DFAC3F2EBE235F9EF0E41F9DA
:10CD9000210C301276FA9B0005F04901EA0D611072
:10CDA000E4FD6AFD1004BBF7E401980664082E094F
:10CDB00027FCB7F55DE983F628FC88F2A40917F88B
:10CDC000D8F3EBEF55EC72EDB0EBF6F23C15010940
:10CDD000C4F41C0B04E6FBE986FE93FA2BFB560811
:10CDE00049FBA1091BEF98F13BFE300DA2FBD9FFD7
:10CDF00080FA5F08D0FF24076D145F00A00C930336
:10CE00003504BF0C04FF4F0C9EF809F958FE9C0036
:10CE1000C608E2FEC814E70269F369F5820211044C
:10CE2000CCF74C08E5079AF28003350AA806830F71
:10CE300036F030F6BEFEF2FE17FD67EF810A4707B7
:10CE40009804AA0D4BED29F29CE176F0CC052FFB5E
:10CE5000BB0672171F0113F7FDF3BCF71E0F6D1E03
:10CE60001B12C50474F4ACECB0067B1183F9FFEB24
:10CE7000FE00A414FFF33102EA15CBF81501FFF709
:10CE80003203BD0BF8FE1004BD0511095D08AEFBB1
:10CE9000A2066BF69CF0CF00E7F6700640FE36F077
:10CEA000C2E8A0E502DCA5FAE805D4FDA20C670300
:10CEB0002B03B6EC2BF8C2F9D106F0FB2D015C0C6C
:10CEC00019FBEF0758FA76FE2C09270A8CF4680242
:10CED000A802630C760A8F0AEB03A703B00B69F86C
:10CEE0005200F40AEB0EC01669FC91F50D02E20245
:10CEF00017058C063B14670A33F7E8FFAA0689FF7B
:10CF000016017CF04E0268F31400CC057A088C0EF2
:10CF10009CF891F737F923F142F948F16C05D801F3
:10CF2000CBFA65FA98F52605D1F3F00D520D3F04C2
:10CF3000C313E709ABFBB1090BFE74F89F0D3A0967
:10CF4000640A75127406B5F98C141E13CD08BFF56A
:10CF50008EF9230BA5FB16FF7E11AC0346EB88FF71
:10CF60003109D6007F05ABF860042BFE77F9AB0ED4
:10CF70001BFFE7FBD8F9EFFE31FCADFFFAFEE7FD42
:10CF8000AFED25029CE78DFCB60536193A0FF7097F
:10CF9000E4F135EA1EFCAE098C0B1A0EF1FC1EFC06
:10CFA00022044D0455097505DA02D206EAFF94FC05
:10CFB000CFFD1B058409A50F7EF31402C600EC010A
:10CFC00084047204E30F550AF1FBB101310119FB2E
:10CFD00090F8F4FE6B01C20806040801DD0429FA8A
:10CFE000F703CFF98AFE1AF6650696FDE5FD33FFD5
:10CFF0002EEFD6FCEEF14AFEDB0562FEAA000CFA2B
:10D00000E5FC820470F79BFCB205EA1A89FEA408CD
:10D0100023109601D6F7870FAB0E2B09690403FE88
:10D02000CDFCE9FE3404A1083D0F14049F044FF722
:10D0300097FBA005E9FE5DF92B0B030416F5E4064A
:10D040008509E90897F9BCF66902C2FDAA0CDE055C
:10D0500031F873FDBAFCC203C610AC12540055E996
:10D0600087FCAFFDC9ED32FB210CA502CFF576FDA3
:10D07000EBEC89028F00A90C0CFA1004CA09ADFF71
:10D0800098069E0B1CFA120838F7F1FC3BFD5F0274
:10D090001F12A502A60CC6107AF21D044AFF06F55F
:10D0A0003303220115069F00DCF3CE023005AFF5F5
:10D0B0009703B8F81D0157F57A01DCFDABEF47F097
:10D0C0007A0474024D064CF4A901E90632F493F88F
:10D0D00052F9ECFA18FF01F86402600C6CFFA5012C
:10D0E00048FFA201D5EB32F80E0165131F0B990220
:10D0F000780099056BF4BE109507CDFC560203101D
:10D10000F80BE4FFD40E4F00F3063F03A60001FE28
:10D11000CB06DC0D1BFB250A35181C0295F014F715
:10D12000C100B20400FE9E01B2FFF70E2AFED7072F
:10D1300099F4FBFA66085E08DC10E40EFDF746EF92
:10D140006EFDD8EDF9F30507720CD5FEDF03780606
:10D15000B7FB9D078BFC7B040AF685049107E4016D
:10D160004D12ED108F00B0033FF7F4F0A70DD6FB82
:10D17000C01B4B039CFF7FFFC0F458FB7AF61AFAE2
:10D180004907C6018D004C03A2F44A0759F807FB72
:10D1900004F381F4BCF7C5F9A6FF3C0C46015BFA29
:10D1A0004BF84C032302B8FF22FDC20025F67FF6A0
:10D1B0000AEC1EFC74056FFB350C720ECFFEAC0240
:10D1C0008BF797089CF7FE02C708F50DF80569FA7A
:10D1D0008CF9B60943113E16C2F459031D0736F700
:10D1E00073EFE2086813F805D3165E082D03DBF62B
:10D1F0000AFF610A83F9E808B616F50852F979F5CD
:10D20000D7F5C6FE8F05F60061034606F709C40090
:10D21000E7F083F30212CBFFA9170B08EBFBAA027E
:10D22000BA046BFD74ED92F30B0FCAFC07FAB0075A
:10D23000C5FC34084306ECFA37FAD60278FCF60847
:10D24000A015C11D3C01820395EB79F8480053EB12
:10D25000F2125C1269F747FEC2F696F5A1F571FE6F
:10D26000D4FB45F412F461F4B8F43BFA32F258F608
:10D270000AF478E9EDF9AEFB92FAFA0334F955FABB
:10D28000CAF6EDECD1FA13FEB8060C0BB4FC38FD6F
:10D2900045F2E6FF33FDF904A80DAE0238050AFA9F
:10D2A000ACEB700276F7CF07AA0DDE037CFFFFFC24
:10D2B0002DFB060A8609490CD9F9941088FA7CFCE2
:10D2C000AAFFAEF9DC07C010A2FE8E15FD0137EFF4
:10D2D000BBFCEE0A3CFBCC02E9FCE2FFA2F7320207
:10D2E00066007FFF6606FF0826EF9503E8FE240030
:10D2F000F1FCD9EA7F0BF0013015B00833F905FADB
:10D300001BFFE4FD7205E905E0FFB1FBE3F73D001B
:10D31000B209F210020339F4CE0282F2ACF9BEFA7D
:10D320009409D720F1F7DFF9CAFA8AFBF5F79900DB
:10D330008D1711FE3DF176F8FAFA50EFEEF66EF623
:10D340004BFCCBDDDCEF8F029EF542F700F538FD9C
:10D3500000E7AEF4F8F613FDD6F1AC097DFFFA084C
:10D360009BF000F21DFC0F0C8FFFE1FD8C00960579
:10D37000CFF417E8F3049B06C9081C003F067FFDA5
:10D3800023F582F693039A0E5FF719FD440B000014
:10D390009B09AE04610A9810D6EC2F007EF17EE561
:10D3A0005B01C3FC3A11F22342F03D055BED5EFDEB
:10D3B0008FF47A0EDD08F60165FF6C016DF889F8CF
:10D3C000060A5D0116FF25FEDC0627058502DEFA4A
:10D3D000BAF784FA7A05F9FB9AFD500AB2FF8A007F
:10D3E000BB0323FD66F5DD02E7F6B0F7DE04D1FDF1
:10D3F000FC03F8128F008AFC19F91BFC9FFA31F923
:10D4000016153B2436EC170805F7CAF10302B901DB
:10D410009F200D1188074EF6AFFFABF7DEFFA8FB8C
:10D42000E5EE3FE885FF96FC0BEA0AF95DF94BEE65
:10D43000F5EBB7F0BC03B10B88F4C30DF6F3D9FFDD
:10D4400051F350F6910D61061804020394057C0017
:10D4500016E9D8E4E80CC800F4F78DEE190D1A109F
:10D460000BFE9B08D80FB50F18006C0BE4FA3AFEC0
:10D470002009F305330EA515AEEE7CF3A9F5E1E620
:10D48000040011EDB00CC70FC30435022CFAB1042F
:10D49000A90096074C0530FF6D084FFE71015AF840
:10D4A00084F81E024F01E6EDEAF921033C01280051
:10D4B0000D08E104760B2E074EFB880C83F9D5FA94
:10D4C0002602DCFEB2F88EEA1AEFB50015FDC40E96
:10D4D000FF09C3192DFE73F8AEFC5802490251F63C
:10D4E000F809600E04FC1AFA11F634020A0900F871
:10D4F000C21A3118ABFD2F0A9902E3FA2AFAB60ACA
:10D5000080F3CDDD1E06D30E75FB81F3660B6DFC3B
:10D51000F9F72AFDFC020610720164018A068108EF
:10D520001EFA86E7190ADB051E059A06E9FA0605C2
:10D53000B2F15AF30003BDFC630762F99100910256
:10D54000BAF25E02990C0D025E0386FF69F6AFEC3B
:10D550006B08C20C59176A0E4CFD390CCAF3AAECC1
:10D56000B5F6BFEA1C01E60B4FF96103EF045B005F
:10D570001B0EAD0043114DFC30FBA8FC5101FC0615
:10D580008501CDF258FC9B0AC603EAFC70F964F4ED
:10D59000840611129A0698135C020E0F9FF119F976
:10D5A000810E4A043DFF23F382FBF3020BFE970733
:10D5B000441595180401C2FF2C07530E030B25F5E3
:10D5C000E116540FB1F71B057F080C03EFFD54F66D
:10D5D0001D16280A7001560E090C5DFD32F976F809
:10D5E000BAF6AEE83B0FE00F62FEB3FE5E01BC0789
:10D5F0003EF47FFDDF01D502610085F9D303B4FD60
:10D60000A8FA00F061FB8CFD08074A01BC02A303E5
:10D6100059EA2B0226F5B1FAE5037A0426FB7E01CE
:10D620001502A7002A02ED04FC099409C8FDB7EC15
:10D6300015112CFD58FD4903500F6111ADEFA0F1FC
:10D6400091EB58007BF25006EB11991049075B07EC
:10D65000040B620A0D090007150F480801F4A8F62B
:10D66000B4FFF803E2F21605A8FD91FA34FC9C0819
:10D67000650CE4091217F7164E09FF08C4E824F3F5
:10D680008FFE5C17D700F203C611E60347FC97F341
:10D69000AA0EA60E03FA30FAEC005807C6F000FDF9
:10D6A0009F0CBD04B30BDC0C3007710A18F12D067A
:10D6B0008E162D113C077E0711FD010757F62FFB33
:10D6C000CE091DF5CE00C4FEB001B7091200EBFB78
:10D6D000C6FCC30239FF35FEDDF9D4046605EE0948
:10D6E0002DF26EF5A5E8B0FCF0F7BA05F6FE9EFA4D
:10D6F0003BFAA80AD9F55FF781021D01C6058E0025
:10D70000410CA100E2FB7005B300120A64FE41EE79
:10D71000E5F632FD04F306F20D095B08F1FC12F99F
:10D7200009EB40F347EF62EDC7F9A00A2EF51A04A2
:10D7300003F6340634FF9A04C6FCFF05B9079403C8
:10D740002C0692085A07D707BF09950936FDA3FD95
:10D75000FA04E0F4690C1C152FFEF702B7FD4DF535
:10D760008DF5E7FD43045D0B92FCF5FC47FD0EFDD6
:10D77000F6062D0DE009D20BA703BD17F200B6F691
:10D78000860B691427000EFCC9FFE10380FD21EC24
:10D79000730A7D00FA0834F78D0A2E039CFC4C06B0
:10D7A000E509D5010D0037F9B3FA7308AA0843FF5C
:10D7B00090FFACFF1EFE7C029BF98301660B1C0EE2
:10D7C000DEF63BFB1BF92CF3F2FC5104D800680297
:10D7D00042FBEEFAB0F081F85308840598F554EE58
:10D7E00047FADCE81B0599FD01FA7417D6F96300C6
:10D7F00016E7FEF8B402B8F483040AF9E7F935FC39
:10D800007FED86FA48F703F860F3F80FCBFB2200B0
:10D81000170557002CFEF502FA08E50789F42904DC
:10D8200009FEEE042AF81CFF40FD2102230A14F829
:10D8300062FD08F877FE3AFE6408B0FC650C00084B
:10D84000FCF1FCFFBD07520AD30164053E012E1511
:10D85000DEF7B8FE6706B10B5C13FF11C606A50024
:10D86000D3FCB80C89FB270B290CDA0835F9F1F940
:10D87000C713A40E69FCF00002FBA6084F07E408DA
:10D88000D319F206370F0AFD4504220B4103630347
:10D8900088F9EB0220FDFEF45FF8EB01DC00970550
:10D8A00026F99FEF5BF68609A10346FE4C01A4F220
:10D8B00071F4C9EC9F017CF81507F3EF05EA86FACD
:10D8C000ACE84AE059071CFE37044C11DAFC7EFD37
:10D8D000F1E87FFE270C36FFE9FB97F38B07B900D1
:10D8E00026F7930BB0026D06C7FEB70F6AF65AF41F
:10D8F00070066BF672FF52075AFEBF01AFF884FD47
:10D90000DE0667FE69F6E4FA40FDE206D5F780041C
:10D91000CD07ED09EC09E7F783FF5EF41709480628
:10D920005AFE46FB00FE5C0A77FEF4121CFB150251
:10D93000BA0BE2F4CC040E074106110B81FFFC0E7A
:10D9400067FE2A039A03540E55184A074A01C30179
:10D95000061D7E0C030BF008F8F758F41D088F0A1B
:10D96000A514A30EDAF76A0BEA0B11FFDFFEF40B26
:10D9700065FEB1F5E702C20DBB0608FD79085B0A3A
:10D98000E5FDA5F4BD135F0D9D01FDFFA002A7FC01
:10D99000A4EBB4E6AD0D36FDFE009AF47900020F5B
:10D9A000B1F612EEF6F84F0692F20EEC5A09EA16AC
:10D9B00081F32803100CC9FED6FBBEFB29035B05CF
:10D9C000A00B17124E07D6FD51FAFDF9F91205FB0F
:10D9D000211152049FFDFEFBE107D706C50865F93A
:10D9E000D606CD01F203930263003802EA02B601C3
:10D9F00090F6EBFDB1FF6CFC8E0319FE95018309D7
:10DA000091F4B6F509FA6109C2F71106B4FC2F17B3
:10DA100026F7E3F5B8FD070785FCCEF63B08311481
:10DA20009D059EF09107CEF582ED7FEE7511F91EF2
:10DA3000BC03C30AF5139DFF3BE63BE92521BF0A62
:10DA40009FF6D8EEA5F5CF0CF9E894E3830A7F1E84
:10DA50005FF282E7590B8D07BCEED0F31F2E1A0E32
:10DA600080F16DE86D03F9FFA3F270E5CB1E1F2076
:10DA700036EDDBF7170687009EFDE9E7241F262415
:10DA800002F4F7F41E09140548F627F31310F918E9
:10DA90002BFC59FB55FDF00BB5E50EF26E19CA05CE
:10DAA000FE01B706D707480A0608FA06730A51F6B8
:10DAB00090FCDAF983F7CB085902D001C40167045E
:10DAC000CB035200E6088304F5F8AFFAC304B0FABA
:10DAD00040FB9CFAD1058AFE0FF8FE07ABF904FF64
:10DAE0007CFBA0FAACFEAC09C606AC047EF81EFCBA
:10DAF00023FEF7F31002A40276FBFDF51409F206EB
:10DB000066FB3104DCF670005702C5FC1E06D30923
:10DB10002AFCF80A93F571F4E703ED0135033002AE
:10DB2000F1FA80FCADFAD400B6EF93FAD400710B91
:10DB300018F56103A7FEECF696D92FF4FF0C2B071E
:10DB4000310744FED303DCF94BF8D4F09E02EB130B
:10DB500084F2300252F4B9F4AAFF6EF966132C0570
:10DB60002BF4C3F675FDF6006C0417FB7004E60990
:10DB7000E2F547F64708F1F9B4020DFC73063F04DD
:10DB8000CCF6A2099D0677F835FFD4F799072FF751
:10DB900004F78EFD680434FD4EFB4107E5065FF691
:10DBA000F2F86A045DF657F99BFCDFF785F7ECF6AF
:10DBB0000FFECD05660921F7A8F6B0F8F9FFBCFE07
:10DBC000F6FA7300CBF6F7FA350213FBDFF610FD19
:10DBD000F7FD040068F8CEFF7200C70006F83DFBB1
:10DBE000F404BAF6EF070AFE170231FFA3F75BFF52
:10DBF00010005DF7B6F99F0273FFFF0043FEAAF71E
:10DC000057FCD807D8051D09CFFBBCF83E00EC0532
:10DC10000BF856FA320A13FAB5FC2500B5FD05FBE0
:10DC2000B107A60935064FFE6304840199015BF72D
:10DC3000C3F8F9069E05F509EA08BA06FF0350097C
:10DC40001FFB3F09B5070D0150073EF76909A00505
:10DC5000DF04BE0241099AF9F5089902BBF89E015A
:10DC6000DDFE8FFF800762FA07FCBD062006B104C7
:10DC70007E07E9096B0836FEF8F7BAFDBB08C80253
:10DC8000B702660A36046BFC0D0641F8AA0559FE78
:10DC9000990163009CFDAEF6FAFAB1FD3C0920FC47
:10DCA000C2038E05610520FC97082A0391033AFB05
:10DCB0003BF617F978027FF99A0CCF11A2FFF5F520
:10DCC0004DFE98F906FE490A37FE38081A0114FD80
:10DCD0003DFE3602BD003CF6AC06B708EFF9FBF599
:10DCE000C60534FCDFF420FE8DFF380165F139F7FD
:10DCF000FDF5FBF795FF6FFB37EEDB0AA7F7910603
:10DD000015F9D5FE5006EAF57315950E700071FBF6
:10DD10001E0729F74201BA02FD09A8FF3506C9000E
:10DD20008CF992FB2CFC8A05390D010AF0FB0C02E0
:10DD3000B0FAAE0292FFA2089A0C980DC807A30D84
:10DD400073F84E003BFFB2042BFB8EFA2AF68106D5
:10DD5000AEF8730305F9C1F997074FFA9F0449FA22
:10DD60009D061AFFF205D40985F620F9A1F9A3044E
:10DD7000200919061D0779F802FC77072E078C0F7A
:10DD8000DD05250791FDDC005210300D0A06C102A9
:10DD9000390106F846027204EF05890E98FD140455
:10DDA0006610C808DBF6B800C715C406840DCDFBA5
:10DDB000C7058EFF6A08E4F55C09BF1F25ECEBF090
:10DDC000400DA114EEF9BAFC9813E20CE7E8EDF06F
:10DDD000340A7E067104AF00690B750AFA0673F601
:10DDE0004B01EAFBB7074C0420120E08AC02AE064A
:10DDF00086F17EF6C2054606F801A807DEF928027C
:10DE0000D2F544F9D3FFB5FD0C0D3B177D0AED05A6
:10DE10006EECFB04BDF64905AD154D04F509060889
:10DE200011006E00EF09BC0082FCE60505F68F00CC
:10DE300033FC610138094AFF54FC3608890888031D
:10DE40004F089DFF8602E90700FB75F86BF987FC18
:10DE5000460711F949FBC8034B0275094EFC15032F
:10DE60008BF280FC880A8AFB16078A0F38FF8CEC3D
:10DE70002EFA8205520041003219890A86F16AFEA3
:10DE8000AE06C00997F6C8F98E2031122FEAA8FD18
:10DE9000C811CB0E5D0A3A03DF20F12736EDE2E52B
:10DEA000D702A807510314F95E144A184EF3D1F2B1
:10DEB000230425060AF8C7F866139F0E98FB3FF166
:10DEC00087052D03B4026C07A90C4F0703FF380B1D
:10DED00021F6DFFC40F9A0FA9BFA02039D06CFF47D
:10DEE0002AF50CEF740179F87213EA0017EEB60206
:10DEF00041EE5901E0F6010527067DFDF919980666
:10DF0000FC07AD088CFB5307730B8EF479EFC4F458
:10DF1000F703FCF56BFEA50551085AFD6BF35000A5
:10DF2000B4F66F016D0A030A1B07B505220104F858
:10DF3000B50A6906AA07D6043FF6E4EA9700800905
:10DF4000AC168C046A048205FF1082159DF1D2FA8A
:10DF50003F03A8061A0795FE8014390F64F4B4F342
:10DF60006CF9A4130CFFCDF944122B16F2F234EB2A
:10DF7000060383FFA50410F739223C1548F0D2F5BB
:10DF8000A40031FD8BF365068604E5065CEE2DFEEC
:10DF9000F1F0F7EFF5F597F6FCFFC3F76FFD98F298
:10DFA000FEF45908BDF4ADFCBB0586F9520AB4FD78
:10DFB000BA0E4E131E06AB057B000C030C03B6EE27
:10DFC0002A03DD00D0011803E300D6F460F752FE07
:10DFD000C4FB6AEDD7F62A099FF917F824F8AAF8C6
:10DFE00092EEC00128FA67FDDEF7FDEF82EC59EFF3
:10DFF00079F367FFB3FB43FEAC01C70F35F8DAFDD9
:10E000004DFAA7F9B0FE40FE58F7FB05550536F866
:10E01000C404D8108706C80433FB54F3221346FE09
:10E02000210E2BFFC3F793F7650B4903A1F077F699
:10E030007F01FA00F801EF05BC031DFB65F797F4BB
:10E0400088FB30F55AF3AF01B505F20439EDF8F667
:10E050007703600136FF350404FD030065F000F42A
:10E06000C00750FF5403B600B1F32EFF85FB4B01F0
:10E07000CCF4BB01BD003FFD6E025F053AF51FF910
:10E080001400CAFC590629FCED0167010EFA2DEEB9
:10E09000DE0446FF6507ACF807114004FBFF90FF64
:10E0A000D0FFF2099D0783FBBA031A01D00F810349
:10E0B0007A04760533F682F53D07F3FD9703CAEE41
:10E0C0009809AC0343F632FD97041DFB03EC62F99B
:10E0D0005DEF77F38CFCD9FB73FE93087AF3A90309
:10E0E000A505090576009A094408600E87F78403A0
:10E0F0003F08841DD6FDFEFA0D010D02B6F1930115
:10E10000460C7115870448052E134B0A91F3A6EEB1
:10E110004501A6F71FFA9405CD034DF167F01FE8FE
:10E12000F10A6A0B8800DCF50BFA61FC74EEF8F377
:10E13000FCFDCEF8EAFFFC0524F05AF918FAE5F2E6
:10E140008F06CAF91EF7FBF981F3F7F6C40436050A
:10E150000CF843F8D400B4053DFCFE04DF080408C5
:10E160005EF4CC069E06240366065D061E15DE08D8
:10E1700082020202D4F9EA051CF3E9F58F135A0D65
:10E1800008073A003AF9F404B9FCE8F88E05C0F83B
:10E190004FFFA30123FF37FD4E009AF766F7C0F348
:10E1A00044FB0E0697FB0F0782FDC7F817FCF4FE31
:10E1B0006EF2440A4A0946FD73F803FA1AF936F971
:10E1C00042F7380AA3FA0B0AC1015B0B13FF75F47F
:10E1D0008B015E15EEFE8EF62EE66B0240FEA2EE81
:10E1E00022129A18280453F7C8119A0599EEADE047
:10E1F000A40BBF03C8F9F2066EFCD5F9BCDF38E505
:10E200007E04370117F56CFB10F57DFD9EF18DF551
:10E21000710A10FBA8F862053BF7B0F643E921FF4D
:10E220009106DD01DCFD6CF3AEFA2AFBA0FB68125F
:10E230005BEFBBEB2D07F7FF48019FFEAD07EA0838
:10E2400067F7FB0193F4B40590015A04DF0ED10384
:10E25000DC120A09CAFC7AFE5EF38CF5BC06AEFD40
:10E260005604D5FB65F6C4FF59FE29FDCB04DA043C
:10E270009FF9FAEBD0F7DD051CFC6A03250833048F
:10E28000FEEE2101ADF67306A6F9D1FF360C3E0372
:10E2900041F888090D093DFE3DEFD30132F324EF2B
:10E2A000C9007FFEA50201FEC01559FBCAE952FD57
:10E2B0005AF523015A09BAF813ED4F057EF58CFC87
:10E2C000BA0F6613CCF84D07BE084F03E3EECEE756
:10E2D000D10270FED7F548F67EF7680355F0E0F5F9
:10E2E000B700D80304041AF5A7FDA1FE60EBC7FC34
:10E2F00006FF50F94F01D1FFF9FB47FEDEF599F714
:10E3000079FF4CE6E0F56BF335F94EFC8CFB0C1510
:10E3100068E424F17FF7C9FA540369056010540DCD
:10E3200076FC770F4800830080137BF9C009C5F79E
:10E33000B41CE90B69FE37F807F3ABF6EE051E02D5
:10E34000D6FDE5EF5AF65400C704B7F063FD27FF8A
:10E3500054F89DF4C9F50C0132FFF9FBA60DAFF995
:10E3600062EAC8FE70F3E8FB78ED45E908FD37F690
:10E3700042F2D8F423042B0042F611FB7907051072
:10E380004602FBFF61019AFB7B0062048B0319F4D8
:10E39000ADF8E9F517FE2E0586F689F1B4FB1501F7
:10E3A000D40376019E00CFF861049D05D4FC90F85B
:10E3B000920DD1F7670115063506B70B50EE80E9CF
:10E3C000DA0042F83EFB14018C06F1F6BAFE7FFD3E
:10E3D00073EA24FCD2FD9503F0EB3BEAEFFFEA0879
:10E3E00058E932DCEDF3C6F29BFB36F53901C80D76
:10E3F000AEF248FF80F8C404F1FE7FFF0913CB039F
:10E40000A916330EBE069701040F4904BDFEABEEFC
:10E41000920E8A0D92003C02BC02B8F476EBEC033B
:10E42000F4F4D0F9FAFB7BFDDDFA52F6E707B3FD11
:10E4300033E14CF0D9039AF766FB1204C200D7000F
:10E440003DE6A4F9CCFCB905900280F117FAB600BC
:10E45000A8F0C0FFD5FA1BF69DF4FBE96D03320F5F
:10E46000EA0897F7A2051B02A905A6F92FFCF4F10B
:10E470001DF63B0463F6AAF57BF6450D8AFB2FEFEC
:10E48000B501260270FBBA0076F980FAEF02B4FEFD
:10E49000E3F434F9F00183FCEB01BDFF2C0510F12E
:10E4A00082F460F07F0527F9F7F1CAEEBE00EA03B7
:10E4B00072E0DFEFE80353F182F51BF838147305BF
:10E4C000F3F1F0EC21F2D7FA61FAABF4F30638037A
:10E4D0002C0B830D89FA5CF4990703069303C4059A
:10E4E0000B16BC17F50103FDB0143A0BD1EE2BEC63
:10E4F000A80D27FBE5FB03F874FC39F90EF3D007F0
:10E500005AF2C7E63DFC0E077B05CAF12A08F3F56F
:10E510008CD674E8C2FA4B009E02C7F2B309340BE2
:10E52000C2DC33EE6EFD65FE7CF88CE4C0F93CFF86
:10E53000AE04E80BD5065F0075E75AFB9AF4640F4A
:10E540005D0362FD8D029C011DFC4BFDBAF883F555
:10E550008B039AFB5E0227F839EFC70403F8DCEF60
:10E56000C9038AF91205150659FC30FBCCF53E06A5
:10E570002FFA77EB950468F349F182E9F9036C050A
:10E5800008EE4BFA58F723F854EE14FA100ED106A1
:10E59000B1F178FD44FCDFFE11F1B1F3FF0B8A010C
:10E5A0003A07DA0F6DFB6B0531FA4D0AB3F501F846
:10E5B00058112F112C0985F4E7035A0E2CFC9EF7F5
:10E5C000D205F7F854F7A9FB8F11860E9EFF45047C
:10E5D0003CFFB7F07DF2A2F53E077F08FB00A60CDA
:10E5E0004AFFC4E6C0FD200A27FECAFDDB01CF07B3
:10E5F000A3ECBCFDD001360235F065F760FE590A88
:10E60000D1EA3EF663FC9DFCA7EA9EEE9F076AFCFA
:10E61000CBE909FABAFDB8FF02EA8A0264FB2B0DC6
:10E62000D0F6D7F950079D050B0777F44D03F7FC9B
:10E63000FFF2D0E8970055FB5FE1B1FEB2FCFEF1BE
:10E6400095FDD3FD88013F089D04860204FFAF09B4
:10E6500072E946E9E7FE8A07DDF659EEF501471152
:10E66000BEE992F47D0341FB2FF507F8A308230CC4
:10E670005C0A7F08A4F8410393FE2E04C9F8FCFD50
:10E680007218BD18D4F564FB8D090F0D00F99AF9C5
:10E690001A0CCEFFA9F74E037C0A18FA6208B50BD4
:10E6A00053F895F56DF5F90177FBAFFE100AB80E3A
:10E6B00052F215EE2106C1056006310169059E037F
:10E6C0009C05F40A6AFB88F9A2F96501F312470771
:10E6D00057FF4B060000F0FC6901EBF931085C06BE
:10E6E0009EFF300498F3E00965E37DDF19FC92F4A6
:10E6F0004AF9F2F32205700069F3CCFBD9F6B707AB
:10E7000009F418FCDE0826F99BF6D2F75D0801E84B
:10E71000E0F2590521FB6803E6F43901FDF63906FC
:10E72000DAF915F955F38C00E9EE840AE50AA5FD3E
:10E730009DF5F7F864F474079DFF180185F7B90893
:10E74000B2FD0D07F30111FE86082502C501ED0299
:10E750007C12AE0377FD82FF65171A0FCC075405B4
:10E76000750F25138EF7F4FFB7FDC80A7AFC8410E5
:10E77000F903140B6CF6220098FEBEF8C70BEF0CE1
:10E78000E2FC4AFC59F72D02D806F8F6890C3F0541
:10E7900032072CFFB7F2DCF80BF789FFB905320F0F
:10E7A00096075D0DE7F56909F70B2D03EE06A2FA52
:10E7B000E3FC7903E9FD20029208010231F555F5E9
:10E7C000A5F1B30760FF38FA04FC8BF7DFE5A4F688
:10E7D0001806E2F871036002B6F500FAF50C0E01B6
:10E7E00030FF0503EEFD09F94E02A7F0AB02C0F1C0
:10E7F00041FE2E0E7C091100F40245F1B7FD1C0408
:10E80000A5F9670B43FFA300E701580CACF63EFEE9
:10E810008DFAEEEF62013E0565036AF968FF6AF75B
:10E820000700D502090635F54909D513F5F404F7B3
:10E830008F0CD6088A01B6FC0906440D89FA43F804
:10E8400069118F081EFDF9F6AB065EFBDFFD86132E
:10E850001B11010E5FF8FEFDCEFA18F7750EAE0320
:10E8600096FD4EFCEFFB440706F3170229078C02C6
:10E8700034009D02CBF740FECF05CEF99803C905C1
:10E88000CF08A8047CF8B0060B03CC134804080397
:10E890004D01C9EC0F07E1F98D15450A23E871E731
:10E8A0009AFF2406BBFF5BF6B602D50050EDA6EC3E
:10E8B00095F4560646F6D0FFFAFB92FBDA01F1FD1D
:10E8C00028020402B3FEA2F69CFA8A0480FA290008
:10E8D000820486057C0AABFBC60D5FF97EF69BFAC7
:10E8E00035FA86F6E2F7F3FEE7FC64FC28001DF437
:10E8F0004706FF01CAFE25FF25FF930251FC17F2D0
:10E90000E8FE6F076E05C4F5F00AB5128F02C0F875
:10E910003907F70F9C036EF694005FF9F6F66F0C5B
:10E920005EFCD60D9604C8F969FE05F86C09CCFFAB
:10E930008D04DF0087084F0024EF69F9590CB402F9
:10E94000D8005EFF030545F67906F6F6E40D980655
:10E950000B06840629F308F632FD210CEE0071EC5B
:10E9600018F642FB94FC6A0631097C0606FB90F41B
:10E97000E2F78BF404FF01FC290620FBDAF4ABE29A
:10E980004EFA4E09C4058EF85C00CE0381DFCBED54
:10E9900089062A05CC01EDFDF6F2D412FFFC81FFB9
:10E9A0009608E2100705A400B5025AFE3E02900A3E
:10E9B00053057107D0FE37024BFF700672EF1CF44F
:10E9C000BBF5ABEDDCF3E6F512089307ABF922F9E2
:10E9D00015F393FA4EFD6AFCEBFA5E07BEF3A5F75A
:10E9E00052FD210756FD90FB550969FD7702C3F4DE
:10E9F000C6F208FB23FF1106DCFD910BA1F9250EE1
:10EA00001A09E6054BF938076FF42DFB3BFD1B0691
:10EA1000860A2207ADF888F974F277F5D1FF8901EB
:10EA200032FEBCF26DF8A403F1FF86FF73FE16F50B
:10EA30005AFE52F60C02A5F8FC0D820600F926EEED
:10EA400064FACB04460695FCCB078C0780F156E1AF
:10EA50006DFAAFFF20F907FDC106450ADCEC27EE91
:10EA6000CA0A2C0A3F00A5025FFB1E0F1FE9E9F945
:10EA70002FFF69F57004CDF60FEDC9FD7BF958FB4A
:10EA800034FA970C9F02B903E60162FE41F954FA89
:10EA90008B1533FF9AFD75FDEA1173FDF3004BF5FD
:10EAA0005EF232EAACF816F5E8FE0DFD37F6D1FA63
:10EAB00075E92709830A220302F8B7F862F4900186
:10EAC0004A0267F0850073FF2605CE06DBF29E073B
:10EAD00005F66E0018FBC1FB840C7D0DD906F90A02
:10EAE000120154FCB0FCAEFBCAF55905FD0E170A25
:10EAF000A9FD06F490FE70F759EE90FDC6F75EFF93
:10EB000028FC37FC560167FA8608180ACBF129F36E
:10EB100010FA12030EF5E004E50C4A0319EBBEED02
:10EB200041FB830212FD6A07540A310FE3F74AF7EB
:10EB300017FD45FFA3F96A032C07940654FEAE01A6
:10EB40003800B2FA4D0894F9EDF898075A015703C6
:10EB50009C06C3FB9C023B0A41F82EF8800D8FFEF9
:10EB6000D2FA81113902B1F7DAEA6DF97A03A80510
:10EB7000700E2811FAF547FEE208E21179FF0BF159
:10EB8000BBFB91E7BEFF94F474F1B7009200BEF5B1
:10EB900084F6C9F31202A1F47301F2FA05FB71F0D5
:10EBA000E3F6B1FE73FD1AFBFCFF7BFAB7F5C30475
:10EBB000F2F782FE6BFB4BF3A10AB7FC300D550B4D
:10EBC0004DF70D0476067DF6560906FE7A0F8C0980
:10EBD000ACF850F6FEF9070298032D04000112FD6F
:10EBE0005CFD5206F00274F7DA0CC50FF9FAC9ECB5
:10EBF000D606540EB60012F7BC0C8BFEDAFC1CF5E0
:10EC000066049114750123FB75FA21041AF282FD42
:10EC100031F512EE51F5AEFD56FE59030603C10162
:10EC2000A9F5F80FA9F793F3E7F3A6F540013F0222
:10EC3000A611860CC009CE0544FA78F36F13D507E8
:10EC40003605080625FAFE01D6F8180CD6059801F7
:10EC5000E20C0214F4051309590C0517D5F4C7E6A4
:10EC600027F0A8F1C8F34AFB3506690D0F004CF9EF
:10EC700049FAF405A1F570FAA10D2AF363F350F8EF
:10EC800014F903F4D9F1DDFAE5FF60FF6FF3A0FF9B
:10EC9000B3FE4CFB1CFF78F6BE0BF911BF08BBFEA0
:10ECA00019FF78001A068EFF210AE10820FA56069D
:10ECB000EEFD0F0A82F630FBE419EC13DBFA58E89C
:10ECC00019FA1A01FEF79E01680F2B138CF50AF44E
:10ECD00026F6E7FF71F54407F10887FF9BF40AFF6A
:10ECE00059048108E3FF7F0321F871FD22075A00D0
:10ECF0001304BAFE45FB9102BF077F00BF01081055
:10ED0000B0097E108D07FA00A1E8A9EC19093913A2
:10ED1000BF13BF0BFDF7B2FF17F056FC50FFB9133E
:10ED20007CF983F54100A0FBFA02D3F83A0699FB7F
:10ED3000CC0B8A1A76FFA2F9C5FCAA1645F39DE210
:10ED4000430160F64DFF83F410F6F502FE02E5FF85
:10ED5000C2FCBEFD88FC28FE10FB88FF65FE2EFD70
:10ED600003FF2CF576F930F9D1FD110829F4B3FB36
:10ED7000F900490099F53EFE180819094DF6770586
:10ED8000FEFD8600EE0017042613E718BDFEA5055C
:10ED900045F217F6BFFAB0011C0FEC0A1203D5EFCB
:10EDA0000AFF0AFBABFB150601015B0ACDF41A054D
:10EDB000090215058F073300EA0A65FAAAFFB603B0
:10EDC000570251FCF8F954F9A706AEFA6EFD850D0D
:10EDD00047FD7401FBF8AC01AEFF77F0AA0CAA095D
:10EDE000B312EA06A702B4F6C1E871EA34112D198C
:10EDF000AE0FB806120AAA01D1FB77FF7709B1FD61
:10EE00000E0A2F0419FDA3F53BFE1804B90465F59D
:10EE10008D1D100F150647F8F605150DBDFD2CF8D4
:10EE2000A301FB076906B50651F30EEAA905D71140
:10EE30005403FCF759039C034BFC310ABEFAB40B94
:10EE4000CB027EF94B0423F808F9E7071D09DA0F16
:10EE5000EBFB2EFC41FB33F4A9049DFD3A077A0439
:10EE60006E08F9F6F7F60FFB7809DAFF62FEFF028B
:10EE7000CFF57A06CE0415F46801860D4DF06300D7
:10EE80009CF427FF61FF60FC7A1087F897F28806F0
:10EE9000D4FF4503FF0643FFDF034DFCB0FCA40194
:10EEA00064FE49FF5602AC014FFE4DF31A11AE014C
:10EEB000C202C9F219FD8AF9AC0111EB1812180D42
:10EEC0002D092B06160831F79DED83FE47FBDF0A5F
:10EED000D006D104400788F5520BC6F5C4F682FD72
:10EEE00094099101EEFCB9085105050ADDF9F8F71E
:10EEF000AB04340EC2F423031B095704CCFEFFFC01
:10EF000091082D00F7FC29F65EF863FA68066E1387
:10EF1000DFFC7FF676F477F778F6F700010D8809C5
:10EF20000CF7B3F13201E8F53BFF6B0304FD270A50
:10EF3000E6FA9AFB08FD3B069C0DB1F652FD74FE05
:10EF400027F650FDF4FD52F9BEFF390313023000DD
:10EF5000D20442FDE1F51C0835F87A06E9086E0096
:10EF60005C00280117F65CF4C708C3FD40FCE8FD0F
:10EF700099F91B0C00FB830740F27DF274FBE4FC63
:10EF8000BF0814FDE4F8B8F2E3F115E74006A90E56
:10EF900074FBE20B1AF71CFFD5F2E7E0B802EE0CA7
:10EFA0004C062C006CFEE306A7E07AF76C026C0CB2
:10EFB0006F0DFB06BAF939066C145C04DD02200102
:10EFC0000B09CF09B502DBF684FEA902A3FB5901A8
:10EFD0007C1092158C01F3089116F90480F59ADDE6
:10EFE000F506C81033004CFA36FB39F8EF048502F9
:10EFF000AC02D7080D051607F503A602CDF895FF5C
:10F00000C6FE15FD9E014102280A1A0CBAFD10F534
:10F0100050009607ADFF3507E6FF6EFF3B017C0110
:10F02000D5FB430AFAF450F52AF641FED7F63AFB2F
:10F030009D07CC0221F5CA0213F66EF8A5F8B7FABF
:10F040002503B7FC97F7A0FB8DEDFDE6FCF6FD0070
:10F05000570AEBFD1804CE0AF4EC6EE8490377F684
:10F06000330772000C0425FB96FD15F39EFDD0F7C7
:10F070000B06B1F5BEFD1D08DBFAD5F6581D0A11C9
:10F0800074F7E90520014BF927DFAFFD2B098A1240
:10F090004105E6F7D101ABFD7304310AC2FA99FAD2
:10F0A0008EF86DFE4E035E050C07DAF9D105920568
:10F0B0004CFE9E0F18034508A6FA890EE4EE67F190
:10F0C0003705AC0768FDF70360FE5C05AE02BD00C6
:10F0D00009037E060CFCFDF431078E04070A9DFB34
:10F0E0003401AD07AA0024FC28FD7D0F58FF6CF603
:10F0F0004E0E9C0450F813F773FDCF0155F445FEF6
:10F10000420CD812DB00F3F847F31EF3F100ECF3E6
:10F1100041131C0657FBA4F46AF677EB63EE7BF40D
:10F120002B0728086FFD620232F385ECF6F68A00A1
:10F1300084FCE6F9B30CDD0369F63BF482F19CFF35
:10F140003C01880694F5A7F7CBF254FB05079AF724
:10F150006C0247FED0F6EE01CBFFF7F878053E10C3
:10F16000790C9CFBDC0778FF64EF2203ECF347FB90
:10F170006105CE075DFFB6F74601FD07FFF8DCF835
:10F180004DF7A703190AB50930F94A01A7FBBEF6E6
:10F1900086072CF5E5F8C60392FDE70A34FDCDF7A6
:10F1A00030100DF944F8D808B10924F77CFEC012DC
:10F1B000F4FA0F04C7F56704CAF71DFE00048000C7
:10F1C000F602B7FD73FB38FE94FD7AFCB103D9005B
:10F1D000190F0A07B8054901E30383FF7206B7FA5E
:10F1E0000801E507BF05AA02B3F768EBD70013FFD4
:10F1F0005CF953FE18FDAEFF59DF39DDEBFF6B0301
:10F2000066F1AEF4EEF627029DEC4CE1F909F70346
:10F210000A00D9F5EA042DFD4CEF29E9B503DB0519
:10F220008EFD2DF57E040601BBF83DF5D608A0073E
:10F23000CAF97E02B7FAC10277F9CDFF58FD800600
:10F24000BEFB330063050FF663FC0AFFEEF28EF897
:10F25000FEFC49F69AFA1CFD5D07F7020A05BCF5AB
:10F26000B6FD41F8E9F942F8B8097CF8D1F919FB83
:10F270006BF83D0111FF13001DF95F04F1FB060659
:10F28000CFFFDA023A047FFEAFFD4DF6AD04571F03
:10F29000DDFD1BECD4F92E038DDF3DE39624031F27
:10F2A000E7F389EFE10327098CEFD6EB4812001B47
:10F2B00088FC8F0A1A0423F808FEEAF05E10E814AE
:10F2C00088066E04F5F741F7B8F707F693FE2F1896
:10F2D00088FD24F1DA0727F86EE8CDF0991EE811D1
:10F2E00011FE61FAD3FEDDF999F2C8F5A61F581692
:10F2F0006EFF63FA500772F94FE995FBFF0514059D
:10F3000032EB14F09AF376057FEDE4EA070E11096B
:10F3100005FDE6EEBEFDAF034EEF82F2E9FA51FEC7
:10F3200049F286FBB205E1F665FEE306B8F94AF953
:10F3300086F856FFCDFE380178F723FBE102EFFC9B
:10F3400049F9EEFEF504060662F63CFAD90486FB9E
:10F3500042F79BFB6DF653FE4CFE8E03EA03A207B9
:10F360009A0150FA9402A305BEF76C027B0232EFB9
:10F37000C3F7A1F7BDFA98FF9FF7F7EEA1FC0C05C4
:10F38000FEFF7CFE59FCA908BE01E3F1F807FF0669
:10F39000EAF05CFC0E09D3F5D8F644F7F903EE0F5A
:10F3A00037F370FA16F68B00EFE9BEDED00EC1120D
:10F3B00046E649F2A8FC9DFD49E62DFC4916EF17EB
:10F3C00084F6BAEE6500470121F898039B0A4F10B6
:10F3D00008F6DFFD6009780907F996EF7308650BF9
:10F3E00081FCF0F376048CFFD5F33BFEA9FEA5FF6C
:10F3F0001A0375FCCFFA3304AF0247FA3F0039FC19
:10F40000860611FB6803620ACA0913012900CBFAB8
:10F410006AFEB109F901D5052D0243FD4B04C2FF77
:10F42000F0F98B0530FF05046F0A70085208D8FE0A
:10F43000F4001BFF0DF82B02ADFCC3048BFE070587
:10F4400065062C00DC02A804B2F5C0F98A046E023D
:10F45000EAFC1CF642FDFF060CF9D9086607050810
:10F46000E2FF6407D1FFB2F777FBB804EFFDB0FF0E
:10F47000CD064507DD04DFF7D1FD36069CF8B5F66D
:10F48000B7048D021DFFA8056DFD39003FF545FD50
:10F490005C01EAFA43022D0097067608C007A00532
:10F4A000200772FBCA0809015E08BCFC3A0A7DF914
:10F4B000E404A509DA00D405A0013CFBF3F8A5F8A3
:10F4C0008A0854095AFD9E003F08BCF6D3F7A907E5
:10F4D000BF05B10011F6B3F906FFE4FD04FC920686
:10F4E00066FDC307DD02810134017D039EF89605A8
:10F4F000EFF7A3FA91F89EFAAFFEBEFC2F080C0AB4
:10F50000C709EC094DFB7108EC01C5FE1DFE96FA1A
:10F510000A019C01F2034C0622FC53FAFF00A408E6
:10F52000E5F75AFB3703D4F7C8FCF108FCFA83F877
:10F5300063043B047DF5B5F3DDFEB107D5FEB4FAF7
:10F540002FFB10F94DFDA10769F73CF521F244FBB3
:10F55000B9FE01009FFE5705E4042800E3FCDBF13F
:10F56000E300BC0224FF3B068C00B304EEE538FD4B
:10F5700082027405030098F79902A303E0F839F1B9
:10F580004F08F9F2550302F8E002A502C2FB2B0076
:10F5900021026EFA9C0711F55E0450FDD7F026EBB0
:10F5A000E5EFB1FEC0F4F50149EC60F090F23500F2
:10F5B0004EF6D9FA9BFB21FD98FA11FE3EF533F089
:10F5C000340A590285FB660AD5F9D3F58F04B102D6
:10F5D0003EF90509C4F83B08E50387FF4AF66202D5
:10F5E000C4F5A3056804A8098BF6CAF6E2092E073C
:10F5F000040488F49D025FFE09FD4BFC120363EDD9
:10F6000038FD0DFA8BFC88F53CF659FD54F274F583
:10F61000ADFEF201A3FF0FFDEF00A4F2E0F181F4D3
:10F62000DE05B80879FED0015A0C780B4DFCC3FBFF
:10F63000E70C40FB65F23AEBD7073F08CC02FCF140
:10F640006D15070B38E334E20DFFCC0995E9D5E9D8
:10F650006B0DA10E61F363EB1D0B780D50E1F6EB22
:10F660000309210070FF02FDCF0F040955F44AEA97
:10F67000DBEF92EAF4FA2206E2FBE0F207F396ED02
:10F6800006E9C3ED0003B808EB06CFF596EE71F678
:10F69000A4E57BFA870283FC77FD8FF042F453F7F1
:10F6A0005DFA210100FC14FDDBFB250ACAFA69FDA5
:10F6B000C2F778FC5FFB18FEB1FC0BFA12FF3707AC
:10F6C00054009A08F103FE06DFF86CF775F8420063
:10F6D000B701A9F8BAF785F6C9FCEFFAEFEBE5EB4D
:10F6E00082081FFA64F446F379FB830706F678FE76
:10F6F000C2F8C9FB6BF2ECFC1B0785F69A00900977
:10F70000E6F0C408F5F8DAEFBA0E3C178D0D880A5A
:10F71000F40DF91186FD09F1D410C2188309710C9A
:10F72000F010630452DFBBF5661B680FED06EFF0C7
:10F73000FAFA61F61CF4BDFFA905560333FEA2F9DF
:10F740005E091104DE0B6511A8161D059F0CB2039E
:10F7500024EEAEFBA405D00134F9E003FDEF520125
:10F760001DEB8EFA99FF65F730F0B1F6720D820F3E
:10F7700061035802FFFF1204EAFA01F96C068300E4
:10F780005E05E2020BFAA5039FF87E0333FF0FF438
:10F7900079EFCEF5EBF772FBD80664FAD6FF3EF9A7
:10F7A0006DF96E09D10279F9A907F508CDF6D706EA
:10F7B00046FC660AF80B26FD630DECF656FCD8F8FD
:10F7C0000602A8067AFC9A02BFF3020A62ED90F5DF
:10F7D0005CFDB3060402CDF7320F641F39FA7703DC
:10F7E00034FBC007D6F52F0E19232E191F11B10DAA
:10F7F000C40B3005BD0426037A257F1B0F1064035C
:10F80000B20A9902D9FE96FA15198F009EFE23FCC2
:10F81000E306DD0540008CF65300AB00CFF6C7FDD4
:10F82000A6034F0CEF048BF961093CFBE20CE3FEED
:10F83000F7F77604F60365067701870A13FF31FCB4
:10F84000DEF2150214065204840606F13007290977
:10F85000F1F8B9EBA605570497FBD8EEE0FE22FFBE
:10F860004CF8C5E9ED125F04CEF1EEFA7D0C5208BA
:10F8700075F35EFDA30AFA038BFACC013709CB0FAF
:10F880009F0637F7FF05EB0906F6E9F580067606D1
:10F89000030DF80B36FA7AF75C05CCFF99EDD50627
:10F8A0006F0387ED30F47DFE0508340B08F23DF858
:10F8B000BEF7AA090EF961EE5616891E1BFD490E08
:10F8C000EDFAD5F228FBB10BDB112F0A4B0C910A94
:10F8D000B2EF82F42A1582201F059F117C10520678
:10F8E00030FD4CFE5118450A48001DFE30034A0603
:10F8F0007F0C96028FFFB501C1FF15010D095FF561
:10F900000C0FA4FE5CFF56FF55034AFB330A650348
:10F91000A60546FE82FAA8020202B504BF0596F8C3
:10F9200075F22C0307F1B305F0FB63FB700EDD06E7
:10F9300000F469F30704CC0FE200BDFBFEF6B3EF61
:10F9400035FA25FBCD08CC08B0F68AF67FF7A60875
:10F950007EF7C0F3B8074EFE36F6F8F5D811B806B4
:10F96000EAF77B0F76FA2DF57AFF2C04830922FC47
:10F9700060FDFA0E7808E9F40503FA08340C2C004F
:10F98000CFFB77F4E6FF0A0D4A03E1FEE30DF50530
:10F9900043F3AFF0380C68049B04B00788041E0BD7
:10F9A00067EC73F8E101370EA2F480FF2A10F60C21
:10F9B00077F46F05E313791AC2FAD105E606A4FDC0
:10F9C00062004C05E711930EA3020DFEC1FD56F82F
:10F9D00084017DFD1E0299F846FA9404A0FC6E088D
:10F9E000770311FF1FF8D3FFBB10CD0698065A020C
:10F9F000AA02C502AAFD7FFF210CFF05E6F52E0530
:10FA00009EF3D2E901F95CED40F12AF131FBE80106
:10FA10008FF67EEA7DFCF2079FF792EAA6F897063A
:10FA20001FF44CF4CAFD0F05BCF2AF0ABAFDD407AF
:10FA3000EFFC94F0F10015007A0568FE3809ABFD83
:10FA400059F73D076407DA02E2044109E7FD8E0435
:10FA50005C01CB09AB001BFC6D0315F04B07C0012B
:10FA60004F09D703C7FA44FD03FB53044F0E93120B
:10FA700080F655FE3BFDC6EFF2FDFFF9120FE7FDE4
:10FA80004300B3FA4C0FEF06B6F986F7F6094C01BE
:10FA90006DF84CFF3212C314EBFB4300EDEBB4F4F2
:10FAA0003EF259F63F07A0F8AFF4C7F9B9FD3000B0
:10FAB00006F2EFFEF7FDA7FCC206650CA3FDC5FC30
:10FAC0009C07C70C1DF7B8F0AC0450FB2A07B3F92C
:10FAD0003C069D05A10006F163F91BFE3CF971F09F
:10FAE000AAEE88F0C3ED6DED95FBDD02F4FF67FA39
:10FAF000BFEC3AFC84EE21F09C0196E73F048DFEBA
:10FB000020FF7CFB03EF43EB69FAF40752FEEA0C9B
:10FB100031F300F4AFFF8D05D90B1600AA002BFCC2
:10FB200002084A0650033D062D015FFE3E0ADA0533
:10FB30000FF943053D0C7D0C7AF661F4FBF256FAA1
:10FB400025139401E0FD74FF9AF7CCE7810A8B0A34
:10FB5000D4093A0CDA01BFFAD7EB79EC9109F20A31
:10FB6000EAF76A03BE085C0E65E5D3F1D604DC0350
:10FB7000AB01B0F8880C94060407AAFFDAFB3EF24A
:10FB800055FE8AF617F7ABF18EF5A6F160F63F0445
:10FB90008AF549FDC2070B07DE0438FC58FACB088A
:10FBA000CE04F515BE048D049907B0FA81021D0636
:10FBB0009E0CF501AA0034F60A01DAFFAA0520F628
:10FBC00068EE09ED460151006E069B098A008D071B
:10FBD000B1F82CFF11F157EB2AFAA0F65801F9FE03
:10FBE000D7F04304F7E9CE02A5EB32FE150E660C02
:10FBF000AA06B4F8E3F702F9B4F91505C3F94A08FF
:10FC0000D6FC1BFD0F05D0F69EFF270848FC7E02A0
:10FC1000ABF43709A615E60DCAEF27FE0EFF0AF56D
:10FC20008F05A30BC4FA6E0B36E39FE0A1FF520AC7
:10FC3000FEFDFE003505FA075DD6FFEFF3F71DF672
:10FC4000E0EFDDF1080F0509F9E690ED390B070546
:10FC500004FC2FF4EA09180206F4A8ECED0073F294
:10FC60005BF766FDE9FA4CF554FA7AF5B70DDDF667
:10FC700087FD040AD6F9A80F30F1EBF5C202FBF8B4
:10FC80004F10B419A4022D0203FD2B01C7FD28F665
:10FC90008C0AF801EBFE17FDD1FDF000B0F966010A
:10FCA0003DF4A2EA30066E040AFFE8F8E6F96DF8C2
:10FCB0002D043EFC24E83CF7050015FBFEF560F240
:10FCC00028F4AEF861EF02FAA701E4EB2BFF8906F6
:10FCD000C00AA10501FC2404480DF8F85F12D805FC
:10FCE000460213029AF8D4F89A06200043FB570400
:10FCF00063FB6E0271108F0F4EEE22F8630459FF02
:10FD00002D056EF756FFE50B8AE628E9680213F326
:10FD1000770D61FE39123212D4DB21E7A3F4D6024B
:10FD2000E4EF32FB111C770C06E601F35606CF0414
:10FD30004AF614F5E108EFF98FEED3FB80007C065C
:10FD4000560831F98FEB17FC4BF898E79705F90146
:10FD5000B30F5204D9FE37047CEEB6F02A029209A2
:10FD60008119DD147A122D0645F8C30262068B0153
:10FD700024038906530F54F98002260037F9560DE3
:10FD800058EDE2F9A2FA7AFD16F7B1F6DA025A0155
:10FD90008406CAF6290877FC01040BF33FECD7FF71
:10FDA000F0F5F1F447F66AF68DF5BEF01C074E0843
:10FDB0005C0CB1FDB0F1080AA006CDFB671FE8039B
:10FDC0004308610AB1FED0F5700AA10283005DF913
:10FDD00016FF0EF774ECF6FF9AF817F144FDB51410
:10FDE0004300EFFDB8F84D0115DC91EB1703C9FA9C
:10FDF000DBFA80F3F4102E0A56E6A3F4CCF441FAB1
:10FE0000E7F156EEF411370616F7FDEDC3FFB60B1A
:10FE1000D803DA0825007EEFDAE5FAF233070B0A99
:10FE20006D04F00D86EB95FFD7EE96E5640DCD0BD6
:10FE30007E0ED511F60AEC0E24F903F3BD03CF05AF
:10FE4000E613120B5C00FE0E74FDCBF7020A0A0AE1
:10FE5000A2FFB4F81BFDE6FD64FDAEFCE4073F0B1A
:10FE60007AF93EE51809F90A2BF9F7F9D7F2EBED23
:10FE70000EF1EEF75DF9FA00D302D10602F34FF965
:10FE8000670717FF2AF416F01CFE20FD4807390A01
:10FE9000C00662EA66FB7C0710068FF5BE03EE051E
:10FEA0009EF723F3700055FF38FF4A01FA01B503AE
:10FEB0005CF5B00714FA2C0C10EA20F4A50AC8026D
:10FEC00097F2DD071B090D0340ECB0EB7AFD2A0821
:10FED0001EF64705D61B621653EF47F0C3FD57FECB
:10FEE000C30039F4000A85FAD00148F654023EF9FD
:10FEF000EDFC0007490002F15DF35C05400682FF5E
:10FF0000BD0D9D07D7EA9CF4FCF53D0835F8E611D8
:10FF10005E12160DFEFA3CF964048FFD4E00D80502
:10FF20008F031AF9D50396FFE604FCEC600D3D0043
:10FF30008BF5D9F144FB95F5C4F8CBF921FEEC0320
:10FF400079FAC7FC1D07140EDC0070080FF20EE9E9
:10FF500041F5FD03D008AC0C5319F0FA5EE974E4E6
:10FF6000550906000EFD5CFD8F05C21074F0660C8D
:10FF70001606A3F073F24302261337FC2814EEFC96
:10FF80007EFFA9F112060D06A8F9630021F7C3064A
:10FF900065F6A102CFFA0DF8ECFFC0F2E10481FA98
:10FFA00034F363F32A19200A30F572FAD9FA66019C
:10FFB000930785FE1103820E1E1596045401CEFD93
:10FFC0003408FAFD01F5E406530D8AFA5EF968EB90
:10FFD00014F65F0DC305CFF1F4006E07DCF701FAEC
:10FFE0009C052C0A73ED1DEF710894105D05750ECC
:10FFF00089180114A5FBDBFB63018AFA73099202DD
:020000025000AC
:10000000AB142D014DF9CD09A1F4FFFE97FB00FEC5
:10001000D1FBE7FB6602430061F966FB9CFFCDF470
:10002000DFF2ADEE03021204F4FD7EF7F2F29EF170
:10003000CEEB1B066801A2018502EBF890E228F3E3
:1000400096FEC4010C003F0363140A0C1AFCAFF5C2
:100050009D139418BCFEC2F43007C90D2D0379FC22
:10006000320224F0EFF9E402030AACF7FBFE2EF7AC
:10007000DBFC92082DEE2703CDF8F50464F5C8F3F8
:100080001DF7C9F06B18A01A9010850C70FA810446
:1000900096054CF48A14CD0D2816B8189806AEF2C1
:1000A0002D0AE0F62DF922073014A303B1FAB9ECBA
:1000B000B5FB2A017A0489FEAA00D70BF8F76E0374
:1000C0001D0D8C06FCF94605F50966099D07B0066D
:1000D0004A126A0AABEBF0ED870F3F03C2F8F8FA59
:1000E000A70DC40430F6D8040109E6ED76FE62FCE3
:1000F00040FCE4FD3F0065FCE1F0CDF591F2B0F18C
:10010000EEE72EF5B00457FE97F763FB130250F8A5
:100110003C0534F009FAD8F975FEF1FB33FA0FEE1D
:1001200063F8D80ADDF75B126406F70321F5D1FA0C
:100130001609E509F204BBF8E5057E10ED05C4FBE0
:10014000EE03A0FC5C00D5057DFC48FEF7FD300405
:10015000B8FBCB0227F663035007931E47F95A07F3
:10016000FBF3B3FB2106A6067B12D30E94093700DE
:10017000460AD301C50252088E161F144112E1FA35
:100180003F0352F2FF074C040513230B4CFA9E0168
:1001900067FE930B4B11DE01E90CB80341F59A069B
:1001A00083056B09A104E6FF7107180B5E08F700D1
:1001B000B70E600F3AF843F4D606F012C0FD4410B3
:1001C0000B0D6DF83DFBE001640379052BF7E907A2
:1001D00097EC62F63DFCFFFC99FD0FFD90064E0783
:1001E000ECF88EEE48F6F3F397F4A0F227066E0CC7
:1001F000B004B50020F912FC24FF6EEF7804BCF8BF
:10020000D8F7DA0556045D0A760205F9AE00E90A68
:100210008F124213750327013207A3FEC614080785
:10022000D4FBC1FE620ACAF8ED00410243F7D407CD
:10023000F204190658F8380C71FD8F0BDF07C5134F
:1002400082F616EF0D011DFA2C100218B2137AFF78
:10025000890BF11419EE16FFD2124312CC12CA13F5
:1002600025FFEB044B06BFF5E20ADA08BF06C9FE1C
:10027000CFFCA80A3B0D6E0C08059CFC3C0B4F0DF7
:10028000C4F97106ED095B0F48F3260673098A016C
:100290000F044B0AF0EF52FB7507A316DA085AFE5B
:1002A000D0F94FFBD80039FDDA067CFB70FE340430
:1002B000BEF09DF8710633F568FE07FE3D010904A6
:1002C00046FDEEFA340C00F948F6650B220FED16E8
:1002D000FFFF1CF5ADF2A7F010FB61F3C5155F0938
:1002E0003809F4035EF8500B16042D016FFD8F05DD
:1002F0006F12D21503FFEDFA210A4B0CE70EE4F75B
:10030000BFFD48FCC7FA790348FA2003ADFBD602CB
:100310001B066EF7EFFFBE08BB037305DD0C10155F
:1003200019F2D2FB8605A8EDBF0CA50A740F1C18A4
:10033000A90D560969EE55EB050920FFBE17AC154E
:1003400025113E0B4EF2A3012C03EA0C3818EF15D1
:100350002509C30A64F97C07E30B6605910B1C139E
:10036000D004170921038F02EBF67D038814E60BF6
:10037000F8FD4EFA4FF0C8E9D30D7F0F1CF73A0491
:10038000EBF159E3B5FD47FC1F0713FC910D320556
:10039000F3EFADEA8307B5F9050493EFF6064808D5
:1003A00076F8A604F60B43FF4CFF150AF717E31483
:1003B0004709BEFAB6F541088AFAB5F082052F0E54
:1003C000B7F7BF0B5B09150291EB160FEBFC86E745
:1003D00084FFD0141310EDF2F2101E0E9D04D0F124
:1003E00031F1A003D6047BF7520715FC58F302FF46
:1003F000060385FBF2FD090875FC8A15BBFAED1CA6
:10040000B8F493F9F0F5AAF8C00E07152317641E87
:10041000E40C120755F269EE0E0F2304BD143F15CC
:100420005606220281F7F4EA7F0E941146137E02EB
:10043000500C2B03FA065900720841F95C09650B50
:1004400079060A09CE08C70510FCCBF99D14100ADD
:1004500037F881F258F8A1F248063A126C071CFEF0
:1004600099EB42F8B9EE3500DC0F9D0069FC46FAC5
:1004700063F0A6F63204430164023007A4FF22159C
:10048000FFFB2B03E50041032003D5FCD909BC1079
:1004900018FCB509A7F35BF9650951F3ED06D0091E
:1004A00011FB2B12590844F204F9840EBFF557E5ED
:1004B0002C0B390B90F8F2FC910D230FE700090685
:1004C000E6FF49F743F75A038503B6EF99FA5BFB5A
:1004D000A4FDF60FD70C7D08F8FDF4FD1600A21759
:1004E0007A0908FC77026EF79D038EFFDE16961FD1
:1004F000E2FDEBF8A6FE43F2DF067800371327FE95
:100500004901B50B68FA64F88A02D5FDF3FC37039C
:100510009005C600C0FD6EF7780164F406FD1A0070
:10052000E2FD86F6C014E20190F2850BBBF7B0F154
:1005300053F4DCF29AF227F31101300C19FC9BF909
:100540008AFD9EF305F2BE03770E010CE80365FDFC
:100550002FFEBFFE130CF502EC11430AA708DB00C7
:10056000420A440A40FB41079F06A502920C9407E9
:10057000AE0E621110F7C3FFB204A3FECD01FA095B
:100580002BF336032AFCDDE76009101338FA8AF9E9
:10059000FA0B610722FBDDFE8714D608D7F6E6F5D5
:1005A0004B0259F829FA53FEDBFC10F32E03D4F664
:1005B000C4F9F315D70082040F0230108507521AD0
:1005C00095FD72F7E11318FB240183FCBE0C4F0F5D
:1005D00018F00E0110FB76EF12FCEBFE0FFB8DFC0A
:1005E00026FA0203F0F7D5F58CF969F31DF7F40646
:1005F000970845FFC9FA180825FEA40461FCD2F348
:10060000EEF517ED5C08F9FBE90028F51AFD96FBFD
:1006100062E192FAF3F83BFC64FD9EFE31FF73FC4D
:1006200096F7A2F93DFF5A0434FDF30C99F63BFA14
:10063000A908BF04FA0A1F0AAB05170C77010AFACA
:10064000FB0F840AEE05DA05C50A280B6510741243
:10065000C70603FFE504EBF75B141E0949FBAA0676
:10066000360AF109A1034A02940FFD061B042F0C60
:10067000BB10EC02110230063C134802EEF79EFA62
:1006800090FB680207FEE6F8D9038D0534FD64F59A
:1006900060FD10FF0EFD6E04FFFDD8153FF825002C
:1006A0005BF954F1AD109404EFFD6FFBDF00DC0A41
:1006B0007C09AE08EAF8B9F7D1FFDEF4350C130077
:1006C000BF03FAF9B2E921F44102F8F6FAFA1EED95
:1006D000F70639FD84F6A6FCEC0028F483FABEFC8C
:1006E000DBF889FB5AF895F1CBF428FDFE001BFEE0
:1006F0007BE9F8F299FD420463E931F5A3065DF761
:10070000B00366FC240EF70763F347FE7AF9C403CF
:10071000CFFB4210A604FB00B804C8067CECB3FA79
:10072000440C9A077BFDECFF6F06970A1B038D00B4
:100730008C0F430683FF030D61129A1A84060CF78F
:100740001A02AFF7F9F9AFFD9AFE41FD65F3900B80
:10075000D20474F52BFBA7F79FFD8AFBBFFEA2090D
:10076000E3F9B305E8FEBFFFA3008B09F2EFF8FA47
:1007700083F9860593FA4CFE7011A90E9DFE88F947
:1007800044004500C40BF1FAD901350886FA2FF16F
:10079000650A291049F48BFCA6F5C0F35CF547FF08
:1007A0006EFA3708CDF844F049F14FF112F38DF7A6
:1007B000DEFD60FEE90159F3B4FE92FD16F1D506A7
:1007C00043F94600A90118FB19F562F5F0042CF570
:1007D000B3EFD4F44408021246F2C7F7A9F617FCA7
:1007E000B5FC2F01A208330EF1F1D8F6EBF3ED01C1
:1007F000CEFAE10E6E08DB04F002B31299ECDB02D4
:10080000BE064D0B800192FEF50B1801C9030109CC
:10081000430EAAF0470E6308DD0972FCF10457018C
:1008200097EDA4F2EAF9441048F58701D305E005F5
:10083000BDF385071CFB24FCD1F5F5FFC60783F942
:10084000B9F695085504E1FD71F859F9F4F93FFE40
:100850009207E807E8044E00140EA3072513D40EF0
:10086000C5F54DFB41EA3C04D0FC6F01200418F5AE
:100870008EF97609BC01E5FEEFFC2EED110053F870
:100880004301790DE40040FF53F004F3AC04C5F1DB
:1008900022047909B405BDF9FFFE55F61703400A95
:1008A0004B07B801A706050E82F66EFA90FE4703C5
:1008B000CBF7960440139108BAFBE7EEDF02BDF3D5
:1008C00046F0F0F6F303800FE3E85BE845FD75E9D9
:1008D000070811085111430531F38F0830FB9900C7
:1008E0009B025900B20A4914D207A80C6A0623FDDC
:1008F0005C08D2FC5C1809045706EF05D602B20367
:1009000056F73EFB500BAE02CFFE15014804680AB5
:10091000490332FA970314FC50F4E8FB0408C2F5CB
:100920007E0A0EFC65FF1EFCAE01F3F736FFEEF605
:10093000630A95F16809CC00870150F46DFD8C17AE
:10094000CCFA5CF42CFDEBFBC1FC37FD7415DF0623
:1009500043F996FEDF0C4705BEF891EC85088CFF45
:1009600093FD56FF88FF56FE06E763EB0403C5FDC3
:10097000580AEDFDABFBC7FFC2F71DF4DD0373069C
:1009800059F5B6FFE2F60E0B21F370F6250CB6F919
:10099000C1FF3CF59303FAFAC8EA05ECAE04000186
:1009A00005F689EBF30EC9F969F368F0B8FD8F0716
:1009B000C2F3290A8E07CDFE9EF92BFF05FC5807CE
:1009C0006EFD0F0BA80F7913ABF82D0812FC39013F
:1009D000860907F2311C780DAAFC80EBC1FBEA0600
:1009E0003EE8D70D6FEA32F76902CA0CA60029FA71
:1009F0003E0110073FFBCAF52E0FAE03890BA60080
:100A00002202F30384010FF7EC0787F6330273F633
:100A1000CC01A3FED108770723F96FFDED0C33035A
:100A2000A5FD2A0501FDD9FE6CFAD2F3580C7A080F
:100A300046FAA803030305FD6EEECCF96402120F1B
:100A4000F90CF609DAF8C30893F42FF245F7D0F061
:100A5000F0F53D01F60729F588004F00391F5B05C9
:100A6000DDFD77049CF3DBF414FA9DFA42F804EF01
:100A70001C0597F66CF2FDF0B5F87A08A8FA78092B
:100A800012F2F7FB91EA06FAFFF91705081866104B
:100A90009FF232FB19038FF8ECFA46E98C07FF0C42
:100AA0000DF65DF9A3FD6D070AFAD2F83B07BDF517
:100AB000E5F7F9F3130163EFA2F40FF5A70461065C
:100AC000F1EF30FFE7F00509B10B62084804430677
:100AD0005B096E0944FF5EFFA40E1BF895FEBA0683
:100AE000490653046100D5096E083CF7360180FFC2
:100AF00057FB23F4CFF6B5076803EFFF1BF76C0134
:100B00001AFBB6F783F958027BF779F790EBF0FA06
:100B10000BF97108620C9FFACEFA6AFBCFFCDCE895
:100B200060F854F9EE06BE06E0FEC2F450FD4DFF3B
:100B300025FEAAF990FF0EFDB608AD07CC04ED091D
:100B4000B0F925FD170DA504060140FF6201EAF981
:100B50002BF7E0F6BE088F040DFE68F2B7FFF9F937
:100B6000C4F0DBDFC7039004730201FEA7023CF868
:100B7000F4F334F4A90DA50130017CF481F790F869
:100B8000F8ECCFFEDF05EBFE16EDAF00C6F167ED2A
:100B9000F2F3E5F2BF0392086510FFFBAAFBD70052
:100BA00019FFFC0009F5E401FA060DFAF1040FF94A
:100BB000BD0459F6750ADD0120FCE306D3FC8E0462
:100BC00085061E034AFCE6FF40F974F6DE034C0579
:100BD000EB033107B5085D0283F63AFDCF0676F8E0
:100BE00021F61DFFDE00CFFE380363F63BF6A9F7C2
:100BF000A80340FE4CFE720A47FB0CFC67F99C0000
:100C0000F0F9E8073FFDC80430F9C10349006AFA6A
:100C100004F17CFD73EEA8060EFEF6F9F7F95B030E
:100C200072FA0CF57A0581F3B20961FD0F04ADF398
:100C300059EF810243F5BEFA6208C505CEFD07FAF9
:100C40005DFC3A06CFF4A2E19EFF8AF8B9FC63EBA3
:100C500037FA6FF0E3FD371789046806FDF637F3BE
:100C6000C40288F36B0906FBDEFAD00A94F3A5F2FE
:100C700005F9860900FE4BF493005D0A20F5C2F5E4
:100C8000DD094E079EF557F64F0AE4F617F62805DC
:100C9000950352FAFD04D108CB0850028403970251
:100CA0006108A6FBED014D02150804FD73FE8F07D8
:100CB000A7F6FDFAFF0909FEDCFE3FFA06FDDEFCA1
:100CC0009303250701F8A6FBBCFEBA023903780896
:100CD000800AA9FFCF00CF02D403F706940950F78A
:100CE000560631F97D0767F72A054309B704EE0672
:100CF0000E0AA306FEFC13F667F6DB00B2F554FA03
:100D000010FF15FF0D01D3FC1AFD57F4EE0397F801
:100D1000B2035801820371FA14FB1D03E8FD6C0154
:100D20004EFF29FC2C059402D10265098C00EDFDD3
:100D30008A03FA0436FE64F7ACF7E9FA350545F99B
:100D4000CFFB2E003AFB3BF847F6B3F886F9C80410
:100D500012FF6FF7C400B4047AF63A0AB9FDFEF543
:100D6000740434FB36F6A7FEF4005506380783FA00
:100D70009AFE3409100034FD71FEA7FA4B04ABF85B
:100D80004802A9FDC9FBFAFDA50680FAF701F0FBB0
:100D90003A086DF637013BFFD9FA05FAF2FFC7FAB8
:100DA000FC02F10878FA68FAB5FFA50311F6D0F74E
:100DB00099F0CCF24408F600DDFF48F955FA0CF63C
:100DC000F7FB5EEB130680F8890001F7B003DDFC4A
:100DD00064F683F9E1FB1FF932F6D9FC44FBA5EB7D
:100DE0001D04CB014004CEFA6FF8EFEE17FD5CF165
:100DF000F413CE06D80C6C09B3F953EF96F51CFA30
:100E00001A0C7802B10276FA7EF26FF8B0FF0AEFA0
:100E100086F569F503F520F1CBEC7EF0E6FB29EFD2
:100E20009DEE35F03A000D03E4EAF0ECDCF635F621
:100E300074F698FC7CF9E5F66700F1FD5AFBEEF7D5
:100E400037069303EE089007D4FE9D01B5FD33FBF2
:100E5000F601F806CF00F109DCFD1EFA19FB1603B6
:100E6000F108AE06400AADF72309F8FEF603BDF916
:100E700073FC71FE660865FFF2F88FF6830065F675
:100E8000A30072F530077BEE88E99C04A7FD680695
:100E900098F1E2EDDEFD4AFB49F943F0D502ABEFF4
:100EA00058F20BF6ECF949E634F6F7E491F81C0831
:100EB00073FCD702DCF1E4F9B5F561E7DFF810095E
:100EC000F7065E0DAEF403F4F5E975F81404FC01C1
:100ED0001210D51358FACCF1B0F08CE9A2F148FE0B
:100EE000CF160F03D80777FEB5EBC7EEC4FB1A0089
:100EF00032F6B1097CFAF401FCEE1DE7740304FE3E
:100F0000B105D7FF01F88FEC68EE8DEC010A6003A4
:100F1000F0F14BF332ECA900A9EA05EF0FF18202E0
:100F200077FEE802A2F65F022CFBA6FD5D08E0FB5F
:100F30004B045400D8002902AC01C304F6F9E505BE
:100F4000F5F5C5F6D703B7080FFE6A072800780A3B
:100F5000D60A2EF82F0A300EA8008CE7F50320FDE4
:100F60008EEDA011E204BB0278F678F947F85FF83D
:100F700053FA7F01B6F6D4F02CF615FAB00497FFB9
:100F800085FFB106C8FDCBDD58F241F037F5F0FE24
:100F90006112BA1A6FF656F3A8F7D8F15A07B40CD3
:100FA00058109608BEF8D4FF38DAF3D261F3BAF7D6
:100FB0009F004509AC02BB048CD9FDF6F4014C0638
:100FC0009B10DE0D290BADFD4003B8F59DFDEAF247
:100FD00024F5D00AD90C49FF63F448E6FCF74DF339
:100FE0000CF73AF604F83CFC8DEFF2FA6CF2EDF1F6
:100FF0001BFD58F481F3CCFFF80239F210007F0199
:1010000068056300A2F66E064BF61900CFFC56F891
:1010100048FCC807F0FDF4FDA2F3B306240AD0048F
:10102000F5F541F800FE0D024FFD5D08CB09B9F85A
:10103000020AD31351085C1305FB3E076EF2081138
:10104000AC04CF101CFFCBF14BF2A4F7CBFD08F999
:101050006B0B78011003B8EF00F67CF7E60488F616
:10106000500D1FF954FB27F605F1C701D7F44AF3D9
:10107000A60A8706D006DD0022F597EFB3EF26F229
:101080001A01D80B8205C3FB77F5ACF14AF363F77D
:101090004F06A6037C048BFED3F3BAF671ECC1F9BC
:1010A0000B0E0E05A7002E00FDF9130C5BFC97FC40
:1010B00020FD7DF75C04EBFBABFBA4F1F5EC54F8F1
:1010C000CCEFB1006D07FCFC2802C7F371F7B6F74F
:1010D000440BB5EF37FA0FF7270351012CFEC80A6E
:1010E0007CF83BF2F2025109FA0ABE073A08EFF81F
:1010F00018FF0B01930D2BFC10F719F3D50269F2C1
:10110000FE06A6FC6DF772FF45023B04D6064306B9
:101110007A0A40FCA00BEC0446ED40040DF7380BB6
:101120004DF88B0C170DCE0510F083F1CC0EE506B3
:10113000741088FE6D0827FF32E821F05BFF97FCF2
:101140009D0097FAA0F5A60DB9F145F997FC0008A6
:101150003A05A2FD58F8FD05EBF32AF6DAFB6BF32E
:101160001302DEFEED0118FFCDFDDC038900B105A1
:10117000600050144D00C50A9D02FCFFE7FA9F0372
:10118000D6099C07C8FB3BFD3406D2055DF8B9F9CA
:10119000B9FAFDFC70FE0C031E11F4015DF51DFE95
:1011A00094F6510200F617F7E1038900BEEEF2FA59
:1011B00003F9C0F29EFE7EEA69014EF539F8CCF4DF
:1011C000BBF34C017DE88C043EF0D705EEFB8D00AF
:1011D00066034209A302C7061FF62CEBB7EBB70361
:1011E000A401E410ABFBFFFA79096DF9E9FB1200E9
:1011F00002F3C402DF092E06AE035C01D01A4017C9
:10120000E0F4E40FC805510B8CF756ED3817AE0229
:1012100067027AFAE9047BFDF4ECD5FD410348F658
:10122000C005E1FD98003BFEE2EF0EFD6BFFCA0E2C
:10123000A8FEFDF7C8FDAB0D18F47F0242FE6BF36C
:1012400009033307F1FB9EFAF7F72F015804510009
:10125000E8FFB20835F5B3F1DD0555FB86FF74F7FD
:101260009A0A95FA4CF3CF01DE0409139DFD78012B
:10127000A6FBACFA0AFD78FCD91022088402860B82
:10128000E4F73BF549FF9BF9A610180008FEEA0CAD
:101290005503A0F69905FCFA960456FE450464FF32
:1012A000F0F00101EA0496F6A7005200C20761FAC5
:1012B00017F95FFE6BF89903F0FC95003809BF0A37
:1012C000D8FD4512ACFD1217FA09D6FCEDF5E71969
:1012D00004FC20FCD5FDC307660B6EFEA513A81DFC
:1012E00039F465FCB210470263FF06E5180F6C0085
:1012F000F203DBFF6400110828FD70EED9090E101F
:101300004C0326FF370F5E0790EA62012A098B0B18
:10131000E807DEF78E08DBF8D5FDAEF899016A0420
:101320002FFB5B01DB04AFFEAD0B9D0F6F00300D9B
:10133000CE14481364F6BC01A4FDD2F97EF2B1F5D7
:10134000EA120313820215FFF6FB010E9E020D0343
:1013500063FF230B44047901ECFE540133097AFD49
:10136000020653F6040105FF73FECE08AB0054F8E5
:10137000F30097F33D03B0057F13330686FD861116
:101380000CF803FEF1FE37F4EC051A14290AD6F81E
:101390003E031F04420B05FEA0FE20F51E0E4D0568
:1013A000D0F8CD03BCF759F819F55A07F8ED8A13B0
:1013B000FCF4F100D9FC1E0635F3AFF95C025E08BF
:1013C00024FD4A007D0010F9B2F1B6F93F112B005F
:1013D00023F4F507B50146041EFACAFA1CFEE01410
:1013E000CEFB6606300CF00D5FF273F3BF04BD0E4A
:1013F000D5FFEAF8EB0CEEFA91006DFF090032FF21
:1014000075EB32EE65FF630CB8FFFD0F17F8CB01EB
:10141000421611164A0734FE32FE54FC6C04E2F701
:10142000F30C4B06B7008F016CF5D40016FAD70306
:101430006EFD29002B12BC0E190431041D042EF878
:1014400025F61DF118FC18F93203F60EB6F07800F7
:10145000F9FA80F5C309DC1DA5F9130E250128FB57
:10146000F7DE0BF5B70B4D0E8012EB0E27066AF276
:1014700095FF3E063007C00C5409B9EC2E006CF7FE
:10148000F6F9150A6FFBCB0AF0014CFC9903EA0F41
:10149000D9F96D010C0F6A0501FECC05F1F71D02AB
:1014A000A0FAE3FD6605CBFEA5F598F5C2136B0F18
:1014B000EF0359014109280BFAFCC5FFF00F3A165A
:1014C0003CEAEBFBDCFFD7FE4DF9F3F7880FD60AB9
:1014D000AAF248EA4B0E5E109A07290569F4E4F96E
:1014E00091D4DDEB460A9A17D80514156EFEA7FABB
:1014F000D1053B1E6E06CF0601068902440B1AFC7D
:101500004A08270954151912A6F268FCB8FCDBF743
:10151000870033FD48080E08EE0C330402F5320054
:10152000DBF6570102051D0483054A032E009AF5D8
:10153000440B6DE9E10817137BF3530CF7FC35EE10
:101540004DEFC7E0B612671D16061A0103F7EAFB56
:1015500058FD9FF0E50E5DF91A035DEF74F469051F
:101560001EF786031FFC410B7F0009F9B910F41127
:10157000F5F83D039902BA0E7605BE09DDF7DC11D8
:101580008AF678EB160347F43EFD1102C10AB30355
:1015900048FFB7E9B905F608CCFC8B006A03D00810
:1015A0000CDC33DE64FA8E0C28F174F312FA2F008F
:1015B00052DE07D4A213DA0B070789FF8EF1BF03AF
:1015C000E3D59DF4151D3D171E0E36FE640151072F
:1015D000B2FB7B11AE1E431117F1EBF4FF013A0A87
:1015E000A616120423146E0BB7E6BFFA26F996FA74
:1015F0000D0894F4C00472F7C10247F45203C5FC0D
:10160000B7F488F63DF94A048600010618F549F654
:10161000CD05CFE9A3128A1511FD010C09F5E1F5FD
:101620009FDFD5E9000F221381FE1B0345068F07BC
:10163000F5FEECFDC508F0FD9BF6FD02E4F2361068
:101640007C0A33FCC6070902BFF5D6E1810CAC0168
:1016500034F27FF6CC0FCD0CF8063A041203C31116
:101660001BF336E969FB9FF62BFE3AFE530D1E1065
:101670003EE20CE49AFE3504BD1246FB77FBEB0616
:1016800037E9A5EA44FFEB052BFEB6095FF617F62E
:10169000CCE33EE90101BA061AF953F2E0F536F956
:1016A000DAED0C032A13261358015CF9BEF96AFB24
:1016B000D005AC0A26110D0610E5D8EE540E3C0AF2
:1016C000B206E3008E040E0377E7BEF478081B0A27
:1016D00036F5EDF6760018F78EEE3801990BAC046E
:1016E0002202FCFC1C0157FEDF00180F6402EEEF23
:1016F000CBF9FEFD15FB27102C030A05DDFD74F266
:10170000B3E51BF2EC10F81130050C1367F79EF3EC
:1017100067F997082E1F060282FEF7E745E703F9EF
:101720006206B5FFB8F8300FED08C4F4EBF96C04AD
:101730009EE6EEEDE3FE40FCEFFDF0F663FDAB034D
:10174000A9E273E4BA022FFFCC05970F15FCE8FC61
:1017500037EF3BEB9E02F308730788FC26F565F72D
:101760002DF1B3EF6CFDD4F9B4017FF647F5D5E860
:1017700032010607F9FDA00160F963E25D0272FD26
:101780008FFFEA130609A6FDD3F273F57709AC07BC
:101790005906E300A9FF740892F71EDF9D040D119E
:1017A000E70807FED9FC77FCF2E33DECA2076609E7
:1017B0005EF5FFF0A20766F698FD370133094C0588
:1017C000AD002B02750005F4A70B0F1672EEDAFAC6
:1017D000240548FC92FE3305670C2711EFFB13EB41
:1017E000E0FF4F148106D0123401060160E73EFF8E
:1017F0002C03DB08081AF80676FF1DF491FBFB00AA
:101800006D0B1DF46404A9FB07F686058EFCCA0364
:10181000E6FF1808880C37FFA30173F2351257064C
:1018200064DB10E44DF978F246168A0B68F8C2EFD3
:1018300075F7A3F3B9F220FCBF046C06CBE938EAD4
:10184000FAFF5807F2F3A3F261026F0197F655FC15
:10185000F006BA0B60EE6BFF73FA50F8820CB2FE22
:10186000C601CEFCE403AEFBE3F435F83B09B30359
:1018700044069005EF0E8AFA4BF7B1F1A609940FD2
:101880006EFCA9FA670432079BF13D05530D650A0A
:101890000604E1FDB805D6FCE301B3057800740E3B
:1018A0005A0B9D0D0AF6D80AA30B300F43012101F4
:1018B000C1057200410600FAD020A705C8F4DFF187
:1018C000D00B4C0E5CFEC8FD7D00E010550362009D
:1018D000E90457014DF534F97E1D650E8601EDFFD3
:1018E000F8FA08FB16FD8D0A03FC0EFA37FA670AB0
:1018F000310CDF02E20857FC18FD2C05CF0FAC01BC
:1019000013EA8AFC1EEF0EF57C17D60FBDFA3DF5E3
:10191000BF07B5096EF63BF3C015250B2FE753F350
:101920002F0EF002EAF1EEF993044800FC053500B1
:10193000F0FCA9091FF2E50013F517FE3504840732
:101940009C05F0047CF662FF9700FD0E610FDE003F
:1019500056033EFBF008C5071BF5F8F9A904D90E9C
:10196000D7FD34FAB4F8AC0C9B006E0D4B00670A3F
:1019700064FBD0F721F91EFD2C02AF12F6184E0BB6
:101980007C0D721CFDFC24FFE40F1915EB0F6E0C8F
:101990009E1276FFD6F5A4FB53131300CB12380129
:1019A0000EF559F990047D013101B0111001490D76
:1019B000FFFD1C049EF6F800AD109AFFEBFE9DF3B0
:1019C000C5F98808AEFDCDFD03FD00F2EE02F0087A
:1019D000A607400ECF1434033BEE50141EF7AE0E94
:1019E0008907981169FA7AF92708380DA4F527F0C4
:1019F0001D160E151F02A7F99F04A10AA2F72E0DAE
:101A00003EFE3FFEDEF888F8450D6706380D2D0BCB
:101A1000EC08D7003EED19FEDB057A111909CB065B
:101A20001E04C8F718F89702300D400977FF91FEA1
:101A3000F2FB1A0CDA069DFC72FA07010110A114E0
:101A400051088EF9E3F6F7FE600E1906A603B510ED
:101A5000860466FA6AFCBCFC8F036D0CAB0B5A075C
:101A600032FA750474FE5604030F5306E411251769
:101A7000E2FBE3030703E3094C081004AB12A819C7
:101A8000E4F619F992112AFA4CFBF60576031DF3D8
:101A9000A808FD0630FDA3F4091EC8037E0438F62D
:101AA00008032A0A23F8C90EC4FF16F43FF93603C7
:101AB0008F040607DA04F9F52DF37A0D7CF3AD07F0
:101AC0002C14E0167A096FFAB50B240F7DFB45FB49
:101AD000A9134C0B7F0193019003F505EBFD010168
:101AE00018F7D4F7D7F694077F12070DD212810B9F
:101AF0007FF9FCFB80FF40F33B18DB108D0B72106D
:101B00005FFC3C084CF029FD751504FD4D0ED80C0A
:101B10007605A505590990FA23FA4100C9011E0767
:101B200022FB5D0623F45A00B00A0E0D591206106E
:101B30000106F312DFF46FF42F057D0E97FE160DEC
:101B4000FCFB790703077F00BB04960489FE9F0F07
:101B50001901ADFB5D09B705730F93F983163E07B5
:101B6000310BD4FACD02FEF1D7F8B30130076EFE87
:101B700072FDB011C7F20A01DC284802E40648F2FF
:101B800049FD3408F8FE22FC1C08AA0084FEC2FDB0
:101B90005103C503C712E3031C055D0BD4FF38F5E1
:101BA00093055E0BC6FB4E036408FE045EF906F562
:101BB0001AFFAAFBBDFD7BFF160E1D07BFF9B5F985
:101BC000AEF4ECF3BD04BBFA5B04B7107804BFF6C7
:101BD00048FAF1FA71F22AEF300DB80C66F9D9F330
:101BE00073020C024D08E3F9F709C206BFF02500A5
:101BF0004805BCFD75FFA5F2410C1F110BFECF0679
:101C0000E2FBB90902ECEAF77B13CA07B7FFC1028E
:101C1000BBFF98FFF6FD8DFBB70666094EF4F1F3A6
:101C20005901B1F13EF922FFEDFF41081DF9750898
:101C300054FE9506BFFE77FDCC0FAD0CC70A2615E6
:101C4000CB036C03560CE7F88A056208B6FF54070D
:101C500027F7B0FFA501D112BD129C0C8410B6FD70
:101C6000C4013200CD07520BB2081600890FAF0530
:101C7000A20C390F5408EA000BFC45032B131EF687
:101C800026F03BF60D091F0BEC0C9608E6ED1DE463
:101C90000BFA2AFA1016CE035A178E069BE8D1E4E7
:101CA0008706740250F4C9F5E2FEB70263E257EB0F
:101CB00018039CF971002E055E0C89089DEB7BF2E0
:101CC000AE016005B6FB6A0527F9860E1CF2CEF858
:101CD00091019BF9A7ED34EC68025406ACFACFF4FD
:101CE000E00C2C086DEDF8F72100E806F8EE44F35F
:101CF0008B04D2FCBAFB41FA6AFFE0066C0194EE59
:101D0000B1F446045803E7038DFEF10FBC04C90883
:101D100051FDAFFEE30692010D10F20B61FAB9F628
:101D200015033613880853F7DA010905E8F20803AA
:101D30000C0C4F04E5FE0C09DF09020E7E0FE3F5E3
:101D4000CA03CDF8C802BDFC150127019505B40CE6
:101D50003C045E085F0690FBE8FB2402B20DC10D57
:101D60004EF12B02DCFF940CA805790A5AE731E109
:101D7000400A0AF954129F029E11720BCDE54CD510
:101D8000EFF519FFB7FFA7F76C082C083BE2D0ED81
:101D90001EF76DF40E0102FD5EF9C1F9DAF42DF5BE
:101DA000F4F52AFDCFF154FA07FB6DFBB9FB6E0386
:101DB000390479FDB4F737F305075DFFAFF39CEF06
:101DC000A4FC410C5AFA460191033A0AB3EBBCEF6A
:101DD0007F0129050AFF0EFC2308AC09F5F103EC8D
:101DE0002000830B0800F604AC02760B52EEAB0524
:101DF000CB0B5605CBFDBD002E10A208AFEC13E2B5
:101E0000690CB71FD5FD06FF930652ED73E1F2FB97
:101E1000E1FA6D02DEFEFA00B40A77F631F91C042D
:101E20001909D8EE1C003B0BDDFB0DFADBF88EEE3A
:101E30000FFC9E0709E80DED35122D15080A4F011C
:101E4000D1F434F5F205DB01FC13350F47E88FEFD1
:101E5000BD0AC9FEB70507FB6D091111BCF2B5F04B
:101E6000BC028300BBFA4E02810046F931E4B6EEB3
:101E70000CFF2BF450FA79F4DDEA0DF182F4F6034D
:101E8000EAF7D301F1FFA50A96F2ACF56101FD0175
:101E9000940A550852FE46F3FAFB39FE58F40BF249
:101EA000AB073C089601C7F83F05730664F98CF54B
:101EB000560B0B01EEFF7F02C108E203C4FCC0F128
:101EC0004CFD2B0713F9A705F802AC070BEE9FFD9D
:101ED000360E05045D0507F4DA008C0305EF4AF7BA
:101EE000F4026604EBFECA02D309B60414F66DF2DE
:101EF00077010BFA42046E013615B3FB1402540548
:101F0000CC04390DB7FC78F946FE91030CF369FC5B
:101F1000F4FEB80CD9F232F6DC01141C43FBDF01ED
:101F20002F08B3088501FEFD9319C01491F843FCF6
:101F300022F90212E60AAF0EAE184C02DEE905EDF8
:101F40008C05F3F2A2FB10FAF7FF4AFE1CFE2FF6F7
:101F5000D60539EFA8FED5F695E7E0F48B094E09D2
:101F60006BF8760087F4AC0040EB3AFA510B31F68F
:101F7000DDFB87F9F00204F6F600C0F4BEEF61E97C
:101F8000B50C52009FFD5B04F70744060AF173F09D
:101F9000920051FC9B0B6AFBE0EE1B05B20588002A
:101FA000E4F18FF8B4F3BFF598FA720B41F806EE3E
:101FB00092FC2B0803F9F6FA8801C81153E69AFC43
:101FC000500ABCEF6B02F3FA3D1A3DF95BFB37F99F
:101FD0004DF41709ADF328FC69F37EFCB60660FCEE
:101FE00088FAF6FAB1096AFFDD0735FE81051F0898
:101FF000B9F8B50940FCBE0190158C13BD09A5F9CF
:10200000FFFC850DAFFA8A0A8508AE1770FF5AFBF0
:102010003F0319FF710D570A6510740752018B08B1
:1020200072FEA50387FFA7F26E0BC3FC6F056CF869
:10203000B2FC71FFBF001801D7F163FD8D06950456
:1020400046FFBA0445F85400ADF72EEA25F855F4DA
:10205000A9036B02EFFFE9FF7FE7D2F581E5D8EC3A
:1020600047070801E3F8DF0155F5A3F6F8F69DF9F7
:102070008AF5F8FB3AFF6007CFF8910171F657FE39
:1020800001FBB2F34B033EF158079F0BC4E6F1F698
:1020900062FE51F356F8D6FDAF0CA70536FBDEF70E
:1020A0001BFD31FE7DF3FCF79B1092F8C8FEF5088E
:1020B000870CDB0782F544FB62F5C6FC410361F740
:1020C0007407B7067D03D60271F92D081101FFF9D7
:1020D0003A0CE30BE90988FE9CEABAEF860588060C
:1020E000420E8801460A730420F89EEF4205210C37
:1020F0003D0D940A27FE5B099FF8DFFFA20DE81C47
:10210000C50ADC0CE00327F7E50B8C08320FF70754
:10211000D9015305F0FAA30B77050E066EFF4D03A8
:1021200004035D046E024E0BBBF68F01B1F4ACF8F4
:10213000EC00DDFE8906BC0874EE4BFB4BEC7AF339
:10214000CEFBA40270060E0C55F84EFDC9EA72F7DC
:1021500000F535FC3108C1FB270462ED07F60D00E0
:102160008DFDFDE76FF033F955FBC902EDF3A8FBD8
:1021700081E9BEE6CCF69505A50B5A0A77F0220355
:10218000C8F8C307E8EC6B065E0793F3810D1605EC
:10219000860D20F693F7A806DCF4F8FF9CFD29FDD8
:1021A000880AC6FF6002A7084DF902FAABF91605C6
:1021B0006A0979159F0B2D11C0F2CCF4E70C4B1373
:1021C000D00E900CEE018108A8ECFBEFD116E81DB3
:1021D00023075EFF3F01E1F9D4031F08A81F77130F
:1021E000A308230B4501F8FA6A0883021009AF0718
:1021F0001E099DFFE700B0FAE5EFBBF8D6065FFDCC
:102200004FF98F08F5111D0A28FF390ABBF8FBF1B9
:10221000970468F086087A03ADFD3DE43EF2A7F727
:102220002EF46EF86306A9F470F5A8EC59EF0BFADA
:10223000F4F78AF1E7FEA7FA94FCD3FCB1001DF98C
:10224000EF019CFB8C0533F800F489FC1001BE0003
:102250005FEE7AF7E4F1D1024DFC411066F92FFFF1
:10226000EBFFC3F7B2FB0BF57101560E0B02D6F76D
:102270004F0017FD5D044CF94D007D0A63063803DD
:10228000BAF6B3087901280630F6C00721F8DC0950
:10229000D4F5400DE0F927FCA206EFF53FFB1D0148
:1022A00074030D0B52F5310FFEF911F84E19B319E5
:1022B0003CFE640334072E06A204E8F7FA06F10296
:1022C00096002109C9FE030339F843F89209E40B8B
:1022D00074FC8EF5C8053A079CF066F3A405780FE8
:1022E000B901980E12FEF20729FBEB0035FA50F502
:1022F000020BCCF14306A50148F0E6FBCFEEAFEDB3
:10230000BFEC6DF7B5FFAD035EFA34EAD4F889FC93
:1023100026F126F60309B10B22023E0679FB0FFFD8
:10232000A2FBD8E9FAFB1C01970896F2F806C50053
:1023300038EFC4FBCEFCC3F487FAA7016DEC24FF91
:10234000BCF82D05FD0819024FECEFFAD4F8910006
:102350007FF74B0138078BFE400F2E06BD06DC02CF
:10236000E6F6CA094A05A806A7FA2DFF83FD64020E
:1023700000041C02B3F6580B03F6BEF73D026601DB
:1023800043F765F9DCFB5CFFB017581F6D0098F848
:1023900016F4ACEDA201C5FEAD14F602A5FBFF12CA
:1023A000EE02FDEF57F79FF16CF622F63F04940022
:1023B00052F503FF6CF37C0A03F894FBBB11FF0E8C
:1023C00068E820F84506C10D83047A086C11A90459
:1023D000EFFC37FDED00D1F8EBFAD6F47801F40309
:1023E00037F2F3FBC9F73A0BF3F9E7E856F5CFEB11
:1023F00044FF90EF0F00DFF964F28EFC1DF6D50F5D
:10240000EE02A6F0DEFA7AF6E9F834FD60054A013C
:10241000F3FA3CFC630AF4F6E9FFD7FF4CFAF8EE56
:102420001FFF1201EF003506C5F85DF9D8F875FDFC
:10243000EAF55D06D400BBF6DB059CFEA7F52E068B
:102440009CFDCBF95EFC1EFBE902C2F5180306FEFB
:10245000A4FF43F7D2F554FEAA05A8047D0AE109BA
:102460000C02A4F6ADFF53FA65FC08F11D026901E8
:1024700048EE93EF13008A015AFE81EF74F45EF286
:1024800030FF6EF2EA088CFFF4F96AFCDE02840485
:10249000B7F9D8F71D0B97FF2DD7FCF1A9FE25043E
:1024A00000F378F73BFA190307F7B5E21001F600DD
:1024B0001BF6E2FB2C007DFDADEBA1D735F7E80460
:1024C000F0F87C02EE0E02FFCCEB60FCBCFE1316B3
:1024D000BBF814F7F30429F8CEFBF1036D15C2FF26
:1024E0008608F9F62406080243094901DDFBAB150D
:1024F000A9005E01AF0FFC099AF337FAE118D9FC85
:10250000E7FFDC095B0063008A06BF06A5FC5FF8F5
:102510004EFCC302F5FDD7F82EF8D502DEF6D7FD46
:10252000A0FC890029FDF4F7C5055AFAD3FBC209BE
:102530002CFD7006A2FBE4082AF6C201B2F56B0876
:10254000B3F920057EFB38F9B104B7F975FBA00794
:102550003004B40468FD24F6DBF659FB4BF6DB05CA
:102560007D0A3F07F6FB29F6F10782FCC3FDB7FBA6
:102570001BF806FF6AFB0D0352FA15FE3F059DFA94
:102580003EF7FEF510FE1E01100A1E09A708F7040B
:102590003FFF2A0040FE3600E5FC2BFF3B08E30A24
:1025A000B1041300C4099A0123F82D074305AA05B5
:1025B000B101F902A1FAF3057500E30723F936FA30
:1025C000A9F741006C005DF6270788F87D079DFAA2
:1025D0009F06EDFA9000F3FC310A7102EDF5FFF869
:1025E0005EFDE0F85A09F009F4FAA606EF033DFB98
:1025F00048F7CCFE9C0587026FF66F03C4F77EFC9C
:10260000D3F82E02A0FEE6F73EF85C03CCF7ADF956
:102610000FFAAFF5CBF6D2082FFEADF5F4FB11F9AA
:10262000B0FC9C0452FD0C0B590089007C00C802D0
:1026300072FDE0F5DA083D081CFCC2FDF8FE9607C5
:102640003700C0096E0CB1FB420F140935015AFC6A
:102650005CF6E307670537FB78FACDF875FFC9FD2F
:10266000930FF70027136C107A081AFCE3F85DF457
:102670009FFEA4F44804490BB7F85D1272FD8D0A61
:102680008E002FFBA1FEC215EC0AC60D0A0292F1C4
:102690002108DB070F0B55132BF37CF65AFB33E9AC
:1026A00019016B0A7E122E00F9F6A4F5F1FC8902DD
:1026B000E50AD7056A05161118FCF9FD8FF891F99E
:1026C0007EF9B8FD53FA0B09E7FFA3025500EF06A8
:1026D0008CF8AFF5A2FD33FF88FA3B03FF07AFF894
:1026E000C5094C025CFF6B0284FD5AF8E5FC6701EA
:1026F00025FE33FCCCFD39FC8F064604DB016BFE66
:102700006B0730043107D70859F111FAF4F5B3FC1F
:10271000B4FB69FF1C07B1081B06CDFB0BFD8F0640
:102720008E008AFC040A9F15DFF870FC0A073E0B36
:10273000CAFBF4FEB718210E9D08ADFA510B45FBFC
:10274000D8F809F0AD0A69137209D00191088C0715
:1027500020FF64F4E116B90341F993E9030E4D0C2F
:1027600056F2E5E8FAFF2C0E44E555E76C03160C2B
:1027700046F17503A313E305A8E227F24AFD13FA15
:10278000D10B141552180A1720F219F19B0812FFE9
:10279000501669FF9815CF0430FA8EFE7BF007FAC9
:1027A00086FF12F53BFF38093D075B060BF87FF605
:1027B000CD0602FB39FAE7F5EE047AFB9308CAF579
:1027C0005006AF0078FDF5FD7AFECC07ADFA02FCAD
:1027D0009AFC00143AF6BCFAFAFF58032C0A26FCBD
:1027E000840DCFF6F9055AF81F029FFBDD0FAA06EC
:1027F000CCFF7AFD8706D6F9FCF4DFF93C0034FD06
:1028000017F712F341050A0C8DFAFFFC2206E1FBD3
:1028100083FB2DFFDE0AEA03990DDA0094FE9BF399
:1028200014F71BEE4D00940E9AFF1500D3FF06F827
:102830002BE6ABE498F498F4A4F061E999034B0417
:102840009DE45DDD1706C805B8F415F556010301D2
:10285000C7F3A304470D0F1157F0D8D77A070F0419
:10286000F4103D20CCFD210B66DEA7E86004F80FD4
:10287000931354116F145307ECF7290377FA650289
:1028800065FE5703AE09ABF1970148079FF6FDF3CC
:102890001109A9FC930551F8720432FFEBFF13F6FE
:1028A00047F711FE7804B50417066F0AE7FF9B008F
:1028B0007FFF850901FBB3F1B409FD02E5FD82123A
:1028C000F109C30723FEC500D0F49CF818F916F8E7
:1028D000C208190DC5FE01040B0E12FB02FFDAFA45
:1028E000F2091CF4EA0615102CF58C07CBFF8AF0D0
:1028F0003EEE81EE6D123F0D58F79707ECF98AFE18
:10290000C8DC57F233031DFB14FAC9053FEDCA01B9
:10291000450158F18DF936F544F4E700F4FFF40968
:1029200075F728FAE20CBB018AF129FD69F8FCF081
:1029300049FD2D051508E208F0FD00EEC0F28CFB04
:10294000E6F85701630E4FFD61F3C7F4F6FAFD0B8D
:102950004E0CB30A63FE5C024A0487087DF6460308
:102960007901880142033EEA93F500FEF7F89300EF
:102970007214680A6C05410CB5FBA90091F981013C
:1029800056FE54008F00EA0187FBCB0348FDBB00D5
:10299000B21473072806F9FDC1019507D5FC9917F4
:1029A000BB04920E91083FFF8E002CEF99093F0D5A
:1029B00057FD46000FF509FEEEF8CFFB250CE2FFB0
:1029C0006D0040F365FCC8F96104D70A7B02CE0AAA
:1029D000C7E8FCDFB208B8F68FF5C5012302C1F7DE
:1029E00008E6F5F3BE0875F2A8FFC20C2702C4FC86
:1029F00084EE36F12AFDF9F7B20E1B01BE0E700906
:102A00002BF591F40EFEF1FE3FFB6805DE0C86010E
:102A10008FED18FAF1FB4F06E2F7F2EE93F1FDEDC0
:102A2000940276F15A0C6D03CEF219F7B8F44A020B
:102A30003F0521FC15073109BFF94C0872F6DC048B
:102A400025F228F9A10EE30706F814FC20FB57FD38
:102A5000AF10D50322088A10CFEC46F4A70C1A0752
:102A600068F86BF9550199FA46F6AA025DF709066E
:102A7000B808900B67FE7FF5F6F9730A77068502B2
:102A80008302CD047803F0F6E5092A039FFF890548
:102A900021047C0006FE6C00FC0888FBBD0A36039E
:102AA00099F879F88DFA6F0446FF9503BD00D507B4
:102AB00064F7F7EAB101DFF5AC0D7E00FF0C1A0AEE
:102AC0008CD90FEBAB02A1F317098A0603FC4FF276
:102AD000DCE907E988F564F2D117FE044FF15A01E9
:102AE00085F653FDC3F748F236FFE3EFE1F89409AA
:102AF0009506F20152F53E054BF67EF71E014F0199
:102B00008204BE0AE70124F8BAFB29F273004D01E2
:102B100022F727025FF7FA0F6EF95FFE1FFAF6F54C
:102B2000B4FCF6F95B01010AADED65E8D107170DBC
:102B3000EF07B1F853F57D04A8F8A3F98F0B74F0F3
:102B4000330086EBC10173FB080492072603DC15F2
:102B50003BFCA2F3CB0024F5ECFBB606C00B4816F9
:102B60002B094BF770FE8EF0F70ABA0F98FE36F578
:102B700002F368FEC5E83B050A0AEF0B500BE9F9C2
:102B8000E800F3F83A048B052B13380AB7FDC8FDAB
:102B900079E435DC8BFB73F40A0C2510B303560380
:102BA0002FE65BECB8F849FD99145008A2005602D4
:102BB00070F2EFFFCBF327F5C412260A7AF97DFCF9
:102BC0001C0B491794ED8EF8DBFC37FD090A0D0349
:102BD0001812AB0D5FF418F1FEF104F91903D703D5
:102BE000020ABE0755EE7204D8FC07FAD807880619
:102BF000540D190D2E0967F8BAED3FF40C00BC0511
:102C000061F3F30582010D08B1FCB5EF24008604E1
:102C100084FD79FDB607D10E25F084F1B00A41F5A7
:102C2000DEFB27ED9F0677FB3C0C54045AF096041C
:102C30009BFE0FFB170915F6B20538FE75026604F8
:102C40003FF376FEDFF390E9B7FBF708CDEF76F8B8
:102C50002BF942F849F06F0B070F340F33F9640773
:102C600092F72CE23A08A2049816200C0309DF011F
:102C7000A2E671D5820B4AFBC30E91028E0543FC7E
:102C80005CEAA9FE2907E4037F0D780D680190F83E
:102C9000D7FAF406E2FDE3F947163F04A1FE440328
:102CA00041115F1B85FCE4FEB70AFB00770AC000F8
:102CB000AB070A0F0102C5F49902E0F333106E0A64
:102CC0006006500A4400A503A0F7ECF2BA117006A2
:102CD0009E11880A7AF35E00C4F282F7D00E320A9F
:102CE000D9FCF1FBB0073A0FD3ED1206860EB010F7
:102CF000A0F5F104D601DC0363F7F4F461F5780084
:102D00003FF1C5090C009EF622FCAA042E107B0E92
:102D1000100859044A04AD127401E3FF1BF7540B69
:102D200031F2AEFD14F186E8C10C3204E904EC0482
:102D30001BE1DBE780FB470F38FE070743104E0F10
:102D40007EE7A8E3AA04850160012A09C4140011E2
:102D500087E6A7DEB503C4FBFD082E0A93072F14F0
:102D60005DF436094CF216041F11820AF30C15109B
:102D7000B115C9164AF49002DB0D3C0C2907301638
:102D8000ED16620BCC02FD02BF04FD02DE07BA1293
:102D900077FDD60EE1F862F98B0843FC0D0CCC0DE3
:102DA000830B9E001BF8A407F6F3E9FA8906A5F940
:102DB000E3FADAF92BFA8604AAF0CAF8C005010092
:102DC000ED0D4F0C2710520069E92F0BA90C8B0D4C
:102DD000C90BEC0196FE9AEFDE0BC60859FC890D73
:102DE000F4EF330C7DFD9BFD39FEB1FFE001C50220
:102DF00028F7D9F7A70316009709ECF6EC014F0264
:102E000030F0CEF116F3D7F185F6A2128E07C10885
:102E10003EE4BDF426FDA6085B06FC03E21ECD15CC
:102E20002CF587FCE60B93080B05DEFCBE12900F19
:102E3000F0FF9AEFF5F90F074409B6F57912D31EA2
:102E40008300EF07ABFAA20164F1D7FE07189117D0
:102E5000FE0B150A81FC46FBD4F50C0C890D3E0FC8
:102E600009FE3DFD6D00260583045A08460E6D05DA
:102E700002FB3AF6C6F69EF9FDFFF7001A0BCEF7F5
:102E8000C7F3AEFA6703F908CBEEE8F970FD22F953
:102E900015052A1132F7340B2BEE3100B303D4E9B8
:102EA000110A970C681267FFF9FA100DD8F1EAFEC3
:102EB0002401D9FEB5FEF4F3BA079E0EE403C9015E
:102EC0007904D0FE0F07320967085806AB074BF2AA
:102ED000271257FC25FBA2F287F8D8F8F7152A012C
:102EE00013FC96F05EF038FEDE04150024FD0D0B99
:102EF00050EF0801FD027B0E5D11F7FF330905FC61
:102F00000BF27AEE60FC0D0B3D01FAECB1FA5512B2
:102F1000FAFFB1FE2E003FF72CF306F4950C0905DD
:102F2000DD07C80A72030BFF7DE331EB7CF557F830
:102F3000230D9C06E3F15EFF96E196F41CF39EFAE6
:102F400063FDF1F419F0A1F962FF510DFBF2BCF938
:102F5000C8FC1F052BFCF1FA170911014DFB3900C4
:102F600009F9DC0123F9F108A0F17EF140F61DF822
:102F700027022F0BC407B90A54F348F8FDF4B9F23D
:102F8000EA14C411E3119A1F9AF72EFDB4E085FFED
:102F9000400E410FE90EAE0522FB7DF029FB800FAC
:102FA00066012DF772F4BCFD25053E03BE08BC0585
:102FB000C612470590FA88024B014B01E200F6F673
:102FC0003800BEF013FBC8FAC9FBC709BFF5A4F966
:102FD00072F405013D02F30BA4F176F7F0F292F4DE
:102FE0003DFDF6F4F2011307E9EFA6F264FBB9F137
:102FF000DEF98DF76EFD9FF7E2EA08E1D3F79AE27A
:1030000014F760022804320157FCE3E780E2C0E4D1
:10301000690A2108DE0320F9E5E611F96CDB4DE9C8
:1030200023FA2E041CF6DCF10506C00B53F8FDF460
:10303000D80437FDA8F7AAEF510048F9B0FDBCF657
:10304000F50434EFB8F942012DFA5CFFB0EE38EB2D
:10305000AD00E60072015C0388FACA004BE398EB0E
:10306000B7F31213F91B6421DDFB09F77DE3C0E818
:103070002214AF0938019B037DFA8BF803015A092A
:103080004A0987F8B10C4DFE4D055805E2FC10FFCA
:1030900037068DF537FA91FB050CF205970F35F2DF
:1030A00064FFD9F468F640F5BFF3AFFA7BE0D0F1E6
:1030B0000808E30BF901E4F830F443FD89EF3BF72E
:1030C000980AE8F6D7032F0D05E59DE9D0F7DAE475
:1030D00099000FFAC9F6D808A3EFA7F892E54CE8D3
:1030E00056FE9E01CA01630867FC9EF7B0D52CE02E
:1030F00054103600AEF8ECFD15F077F454EA0EF3F8
:10310000D7F887F5E4F0F4F7ACFECE0716F97D02A8
:103110001C0396025CEEDBFC800E040AABFAF6EFB1
:1031200052EF6FF72C08F50AACEE7002FBF700F7D0
:10313000FFF084E80E08B41698FE2AEE90DDA6EAA9
:10314000B5F5E5FBEB13CF1259FBDF0043DE41DEA3
:10315000760532FF860818148B041210DA04D20C9C
:10316000C6FE4400810903F8EAFC9907BB08161162
:103170008405640CF30771F84910720622107DFC77
:1031800087FDD70B53FC7B08A4003CEA6FF097E166
:10319000830E5609A3FA8F0321EE31FF1FE527EDB9
:1031A000B206A3F5E5F5FEFEE3EBF2F5EADBCBD4E0
:1031B0007A07760A9C06DF08C8F48009C1DEC4E8F5
:1031C000F8FFE50B67101D08FC049FFC36E799EF3C
:1031D000EE0A78008204B50090EC75F8AA00980910
:1031E0007B01AFF345FD9CF500F7E8019BF97E08F4
:1031F000E1FA7FFB3AF756FCFA0D5DF5C3FB1104CB
:10320000BA04C804C2EB7CFA57F69DF8A4F4500146
:1032100034F365E62F0479FDEEF3010363F060ED0E
:103220001FE93BF378FEE70BC1FEA406B1E9FBED15
:10323000F50574FD06116402B00EA704E0F89604CB
:10324000780387F74502FEF77AFE56F707F8220C57
:1032500074F86BF142018116AA0392F7B9FB10F2E0
:10326000200EC50762027F08E5F488EE9DECD4DCF1
:10327000881245049C07340926EC74EE9BF254E452
:103280006E0A6A08F805F90CFCF166FD51E6FDDAF4
:10329000440C04FFCC014A0DD605910A08E734F02E
:1032A000B00965F8B5108B0A2F07EAFC630118F91D
:1032B0009CFBABF24415AA0B6BFC93ED9701B30D8D
:1032C0006BFA56F361FC3DF9CCFD57FC0509CE04C1
:1032D000A0FC9A05FF011EEC4CFE67F6D608120111
:1032E00079FD970507ECE2FB65F4F30256F87512D9
:1032F00025F696F335F881F6FCFA070513F881FFF9
:1033000002F793F7F3FA030F8D0DA50D37F397EF3F
:10331000CE074DF8E0022E0B260C791139F564FA30
:1033200000FA67F97DFE8D077FFE87FAF105A3F4A9
:103330006BEC73FEA4F748FF57FCE0EC9CFB74F3C6
:103340007705940A80FB87F9F9EF8AED89DEA0DD25
:103350006D0A64FD12026AF4C9F7ADFBE7F43CF6AE
:10336000CEFFD7FEE7FD61063EF475FB3EEDE8F6C5
:10337000F7152C02D40174102102600668FF1D05A8
:103380001E04D9F57205930D8AFB0E0239099C08BB
:1033900056EB57EEE41379117200CDFB48FF680A33
:1033A000E302C3F70FFE0EFB88F9AAF66BF73F01A5
:1033B0003F063806D9F11F007DEDBFFF0BF8470D22
:1033C000D5FCE5E84DF93CF2E9012B05030CFF11B2
:1033D000CDE72BE890F6A90277001703E102CC06AF
:1033E000A8FEB8F48FF9280B4616B31392F83DF4F3
:1033F000F0FEDA03540F0E0EE906070CE9FA31FF6E
:10340000DFFCE9068F01DFFB8EFA63FD9AFDE6FA29
:1034100070EF59F3ADF560076F047EF148FD29EFB9
:103420004104B601C500BB075BF4CAF408F5E8F532
:10343000A909520319F8E4F506FA0CFC5E08A8067F
:10344000ED099204A1FA44058CF5E800060782050F
:103450003A1484FEB40D490CD60B3BFDD5FA46FD5B
:10346000D9EE51F7820C4F05F90587015EF328F775
:10347000BAEFF4FE110AD60CCAF52DF206FB270F9F
:1034800047FD28073707DE043901F2F8B60ECE07EC
:10349000770258F5E4F898F445FA22EC6E0F29FE0D
:1034A000B5EF6CE544F4BDFF70F8D4F9440249056A
:1034B0004BF34EFC43FFE4FDF900490502F4BFFC69
:1034C00086F485FB08003506190A2F0CD9F4E5139C
:1034D000C60A3C0E3AFC6C0E9405FC0708FDB604C7
:1034E0006B12EBF9CD06AFFEEF01BFFF7B0228FFA9
:1034F000F30609FDCDF4A205A0FF2BFAAC05560694
:10350000D8042BFC78FC3B0652FC20F9900AD70C1F
:103510004602AC0919FDD5F602E709F9740C1F1D26
:103520001F08AE0496019B114F04F3FD1618DC072B
:10353000D3045F008C0573046B0B2DFC5D007D05CF
:103540000EEBD3FBEA10C40E7503FFFB4001E6FC53
:103550000E0A1F07B8FC4A00AC095D023406E702F8
:103560002402010D1A0680021DFE2BF51F09C30956
:103570003FF73801B2FFD5F445F6DB034D002907CC
:1035800076ECE4F509FEA8F342F67BFADAFBF807DD
:10359000D5ED90F6DEF3EE03B210150BE8F5E8FD7D
:1035A0001C0419FFD9023E0D3B035E09EDFA4608E3
:1035B000B9030811A309290D85093D0539F89E05B0
:1035C0000606A1FD0BFB140582066D0FB801F8FF7E
:1035D000EEFD9EF426E91B014FF771EB8FE670FDBF
:1035E0003E00FD00A7F6C2F1BBF550F2AE07031195
:1035F000E2FB6AFB2701890274E76B01D70BAF0D71
:1036000017036B050109EC0CEBF80D03D1148F11B6
:10361000A1F3B1FE881035071206730E28FDCF0006
:10362000C9F671FF0F00AB0E94050A0E90FCFF0067
:10363000AE0A67F590FEF30A8B0A6800970A730CCE
:103640001CFBFDFD13F8DD06FC091BF97C0B2A06AB
:10365000F1F6D80018F88CF378F5E1F8B7FEC50F4D
:1036600029E775FD190B2FEE8F005CF98203ECFA48
:103670008AF3CFFF6D02A806B50DD402EA03B80E97
:10368000DF040E0B9F0A711044FC160ADB17911120
:10369000FB07EEFD470884062004A5F80902F2F7AF
:1036A000C3021A0BF20989F6B7FC331015082EFE77
:1036B00008EDAAE2D0F6AEF75807EDF4E1F73C07C3
:1036C000B5E36D0AC7FCC5EA04F34FF4E10ECFFF82
:1036D0009603C80111F0DC08C2F868FC1F085F08F7
:1036E000FDFDC4FE0702EB08650E4D02660E200DBF
:1036F00095019405CD06F804EE0FD008E4072D07D8
:103700005AFAB70A6C080F0B07182D11C6071EFCD2
:103710002A014800FD01110464144511BEF58B0512
:10372000AF01240767FB9401560541FDCEF677FBF8
:1037300021EC5FF6500D860C280228FA2EF8B6FB15
:10374000ADE87EF69C0951048FFD69F6BCFF560872
:10375000E7FB6E022BF8F90177F8BB02B607E2111E
:103760003D0BD3037FFB21FDCE032DF23816BE1394
:1037700008F7930DD000BDFC1D006EFB6B00A6008A
:103780003A06B7FD730C24FFCFF47B0D0B061FFE2A
:1037900047E88AFB9CF52CF686062101F3EEA7FC90
:1037A000A6E41A0110F4F9FE86E5FAE5F3F9E9FF5B
:1037B0004C0CDCFFB4F12C08CFE92603D0F9E6F776
:1037C00062084B065E036D15F300680C2AFBBB0014
:1037D000F00B02FEA20F54061A111108680586FEAE
:1037E00099021A02760ED0FD640A200E66FBE905E6
:1037F0009CFD37F20607C504E809AB0B70091BF9FD
:10380000BAE843FC71F6F2003B03A3F75DF8D0FB86
:1038100063FAB4F60B09C405D50228F603008C063A
:103820007AFEB4FD2A0946009AEA25F93DFEEB0727
:10383000FCFD0005710195FDCD05530A1E00A31F77
:10384000CC03571184000C146A0B7FF5DE249C17FF
:10385000780733F72C080D04FB0BC10562F65EF800
:103860006607EAFBDC0CE703BA006A038C0029F860
:1038700077EC150661FBCEF8AB00620196EC38FCE4
:103880006CF1B6F74603820683FAA9FDC7018411DD
:10389000E9064D0813F48DFF1FFAE4F79D08EDF6D5
:1038A00055110715DBFAE5FBD5FF32087EFFA904A9
:1038B0006207680146FF01FC6B0790041002B10526
:1038C0002005F4F534071BF9820242FB4FFD32FB61
:1038D00065042AEBD0FCB8F764099B06DDF970FC9F
:1038E00086EFD2FB880157FD1700D102D0F8E5FC26
:1038F0009FF0F9FCC100E506D808ABEED7F56E02E3
:1039000017EB8AF5A0FE8D031EF8E501CBFAC00384
:103910007606AE1980F987F84004BF088D091F1B91
:103920001C0E3A08EDFE9F059DFF3F02DB22610A57
:10393000C906A8F5C410670628FE8BFEDB03C0F598
:103940008A027407D8FC64062FFBC1054D06620885
:103950004FF63405D5FCC90A24FBBDF7E1FC87EE20
:10396000EE04DBFDDF1126FE2CEADB02690A1613EA
:103970009905E60207FD0CEF83F9490EE605B50946
:10398000F2094C0A0F00EC0596FD500D7FEE3CFD50
:10399000B10BC2FD01F07FEFC109500A8EFA3BFF67
:1039A000EAFD0F01AEF46BFA7207FBF8CEF8B0F83F
:1039B000C2F3A1F846009511F400E90BB1FE8B0AA1
:1039C00039F543F44204E00F400E63057DF6EFEF56
:1039D00097F940E3D7FE7610B2059105C5ED77E87B
:1039E000AAF8B9FAA3FB3CFBE20675F77EF1B3F146
:1039F000B200E80AA5FB2C0334097B06A009DD17F9
:103A0000B30666F8F3F9EBFF9AFB7BF52B1FEB048B
:103A1000E404F909D501D30513FB39FD67FE51050F
:103A200053FE250AAAF50AFB33F9FF05DDFCD30492
:103A3000AD009EEFA2FECCFB2BF716F20C06FDF9B3
:103A400077FED9140DEB2EE39002FF03CD136B1517
:103A50006EFB0104E2EE60F4530682F5F60D660398
:103A6000A70C850309FA380AC2FA9EF7350040F719
:103A70006A0A10FCC6F470FFECF5F8EEE0F36EF89D
:103A8000640C29001AF3A7F1C106EDFB44F7BEF957
:103A9000ADF672F3530D670F5E0CEE0F7FFD1BF951
:103AA00030F33A00E000840264FA1B0B91ED2C0124
:103AB000C7F767F28908C0FCDD100601FFE411F0CA
:103AC00045F532ECBDF6F8EFD8FCE6F6D6EF4B093B
:103AD0003AF46A0DCDED5CF90A08610F9D0A9E0B60
:103AE000C902F2F335010500DB0805004C0B8E0519
:103AF00029F7D002DBFEB3FD2E02C5FD7F07BDF71F
:103B000068F739F79C07BCF88903D3F8B6FAEF09D0
:103B100059F78FFF0FFA70F9EDE8F4FF33F84E090B
:103B200075F0C5FC6FF037F36CF53FFB6018960637
:103B3000A6EFE8FE28EE8DF07BFE65FB9F040E02EB
:103B4000F8F870FEEFE6DFF21DFCEB01750FDB020B
:103B5000CA04B40BB3F940F9D6F078F7D9FD3F07A2
:103B6000EE0B940813FA02EFD6FF9CFE2604D10157
:103B700079F538F83FFB0EF93FFA9EFEBBFCAB0A25
:103B800080F91D0697FB8700ADFED608D7F55CF2DD
:103B9000FE011EFDAC0AFEF8A2010509A7FF0904FB
:103BA000E50E3F13F8036BEC5EF87700C5FAC0072B
:103BB000A017830F42F887F212FCCB097E0CCD17B9
:103BC0002B0FF4FEB7FDB6FFEBFBC8FF021D640030
:103BD000F0FD88F7220F69F9410851029DFC250785
:103BE0009AFF97F9180414FCC20820002300C9FEAC
:103BF000CF09330DCD0718F67F00F20042FF3F07D3
:103C0000BB0FCF14B40585FD68F150E723F723E817
:103C1000DB0C8A008AF1B0E70EF01703F6E92808FA
:103C20008D0EF01803E7F8F6E80F92050401C104C1
:103C30006506111BC0DEEAF6DDF70EF6D4F6B6F720
:103C40002029851739FE05E855FD42F8FCFEC90C10
:103C50006518110A06DCE4F79004DB09BA082005B0
:103C6000ED1611220AFC06FF7EFFA4FE25F8CCFF0C
:103C7000AF0536FB42F2F9EACD00C006EAFB540478
:103C8000650BFE0B9CF2CEE5D5F47BF290059E060B
:103C90004802C5FBD4F4F7035AF730018AF856FE00
:103CA00024FDF106D3F9440255FD460438F20C0513
:103CB0004DFA5206C0F70EFDAD05F50138FA8BF945
:103CC000DDF7210624050D00B10839F796080DFB34
:103CD000D7FDDEF72EFA1502DFFBDD076C057CFA57
:103CE00092FE14FAB3F8F1FA550CA4062B02A200C6
:103CF000D807EA0CC9FF7301D405EA0807023105A9
:103D0000D50FB30A61EE5601DC08390103FF650FD8
:103D1000F0140D0F5BF303052C095BFE000D0F0B78
:103D20009910A704170C65FBB8F944008F0FB8175A
:103D300098107913C9F041F86605F80578127BFAF6
:103D4000B107800E0AF838EBBC0546126110190B5A
:103D50001303EFFDF1ECB0FACCF8F9F728FBEA0217
:103D60001C07F1FCFCF5D2F29EF36CF30CF2D1FAD5
:103D700082FB25FF4DFDAEF4FEFE2A089E016A0E71
:103D8000F00779FD64085508CCFA5FFE9606FF013E
:103D90001D0974FECFF931006207B3FEA702A9F82E
:103DA000D9FB14093CF9E7056FFB3CFE21FF040237
:103DB0000901FEF8F6088AFB6B09760A18FF9CF6E3
:103DC0008104CAFA5E04DB04DAF93113F3FD2AFF39
:103DD00068056AFD62FE2205F408D6F860098F0CBA
:103DE000FEF5B40C11FB850F590470FDC9F61C09D2
:103DF000A8FFEA078B133307C20DAA00F309E301FA
:103E0000B208190485FF0303170A5504D80A8A016A
:103E100020FE8311390C93FE1106BB027F006EF960
:103E2000D80027028D0720FEA40A12FBCAF9580CFD
:103E30009B0368072D08FFFB8EFC6D0D3D041703E7
:103E4000F6F96B0BAF094AF9FF003F04640674FCF6
:103E500091F8B50C2500E20119FF78031407850BD2
:103E60004900280A240915025CFA92140106DFCEE3
:103E7000FEEAF625791B19046CE66DE8840B140044
:103E8000BADB98F3D402AD176CFE800E7009E9F826
:103E90008A0691F530FB191344FFD3E76FEEA507AF
:103EA000D912B5ECA8EB9F051A154817621D8CF4C2
:103EB00031DD07DDFA0D51EC6602FBD73F192F0B00
:103EC0000002B00A750E8713D8FC830F89EF06F540
:103ED00051268EFFCF08B2F9CBEA0014F9F112FA9D
:103EE00045FA5FEEB7F4390E4007DEE182EC48F99F
:103EF0009F16DEFF67DB231695D0B115A00A47ECAD
:103F0000EEEFB61604015211EC15AEEB5103E3FBD4
:103F1000A3EF511BA2F2DEFA6F1007F2010FE6F9D0
:103F2000F30C630E01EF37008DFBC305300BCDF7AB
:103F3000E5F49917821C7CF30F0402F80B0C1E0A9F
:103F400051EB870D1310DDF6D5D6A5F139DF72F1EF
:103F5000C6FD670A9917C9FDEEEB12F7C5F3F6F334
:103F6000C9E39708401567FAFE086E123811A2F5EA
:103F7000F9E2C5ECC8FDBC00BE0E760CBF03050E11
:103F800077FD72EC21EF62148B0F78F77C05101F20
:103F9000DE0FE2E87DFE50E86D0C1C1698052A1431
:103FA00097E0D7DBFC19CD072FEDE4ED9401CBFEB4
:103FB00012EE24F82C02DEFCCE0D2F037BFB350A1B
:103FC00035FDA8ECB611F0F238FE2F17460E18F7A3
:103FD00079EFFEFBDB1A73110D041304D6050F04F1
:103FE0004B0E19FF711B521A251530E862F08D0D2A
:103FF000D51309080C0C57040710C21EDCE20B1085
:10400000CCFBA909450027FE4C0789DCA604010B5F
:104010009E17770705253DFD07FF6BEB8F0448EEE4
:104020008B12370ACC02D5F860F722F924FE7618F5
:104030008C113315C4EC3AF19EF8CDF1C4003A0866
:10404000A2012F2A930E25166CFDCA06F7E9B1FAD4
:10405000590A9E0A67FFE1F3CD0E361A8AFFF90A64
:10406000650FDBEF9AEAF6FF3CF8BDF2A80D090BED
:10407000170758F29DFE30EDB70C83EB8B0AEFE18A
:104080004AE35A154BFEAEE687ED060C33F441FECB
:104090000E104AF714068B2019FDB0135C0641067A
:1040A00090F5AE250DDE57F689FB1D04A80224EC21
:1040B00060002306DF0DB8F5370139E60F0C392A09
:1040C00097EC75FDD0EA6CF02DFCF30755F1AA02D0
:1040D0009A2979031D026A15031459F5FF0E99FCFC
:1040E00044EA9A0CA1EAB1F99E0D9E07AD1DE915AF
:1040F0009CF706F685F78CECB60DA301D7F7E10A1D
:10410000512E5B0E1CFC39F44BFC62FBD0FAF71409
:10411000550A7D189409F708B512C3ECDFFC23ECAF
:1041200080E673F686FC54EDB31244F276F37B20FE
:104130000B0702EF0016FDFA93E783FC3AEFF6EB6C
:10414000170715E6FE1355F166107EEC6CF2BC1BEA
:104150008FF75706CA24D0EAF4F642F255EB12F56F
:104160009F0A610091EFEDF616F5910F43FFA50749
:1041700013F394015AEBC0F9AB0E10EE9C17DEF36B
:10418000200410FE6FD74FE63DE49D2E47158E09A3
:104190001DFCFC1C0B015E06E3F5C306D9D502012C
:1041A000C318BDE501083619A6E315EDB90D8FEB6F
:1041B000E6F61D05560EEF1B86FEE90651EAB20F24
:1041C00037DFC20C20118D051EEFE70465EB1600EA
:1041D000CA0EF40572167F049D03A1198A08BB0656
:1041E00061FBDD08C5EB8DD51CFB99F5B5E6D00A62
:1041F00044EAC1F77A102C008C0695FADE01A41867
:104200003AF58C08A5153906260999FE321AF5F3F8
:10421000471119ED341FF30284E0030D8E17F2FFEE
:104220001B1BF201A4E57D153D05491077FDAB018F
:10423000B914D0EC840D3CF22A11E6FAC0FC061445
:10424000C81C72FD4704F6F2E003A8ED0E097AE7F8
:10425000B9E9B4FB1AF37701ABF13B13A2F63F16B1
:1042600062FADAFC05F3CF0865F377F15EE6421CEB
:10427000AADE0EFD5F186AF3B4F61100B5EF7F01F8
:104280001FEF6DFBF51909FCA8EADF138301BEFBE4
:104290004414ACDEE3EE4814E7E36BFA20F4E308E1
:1042A000D1076BF98603F10043204AF187F6D81550
:1042B0003B1B630C5FF488FBF90563ECD9E6A105B1
:1042C00084FF49F6620E7418F5EE78FDE0019B0656
:1042D0006EF3BAE32FEEE8107318541450EDFE1588
:1042E000BBE463ECC6ECFBF8FB07F6ECB518B202D6
:1042F0000A110F0F6BEAACEEB31D40211CFBF0F965
:10430000E5ED39F98FEDFCF6900D8B140A0CD8F21F
:104310007405EC06521661F3060260069BF125F661
:10432000CF130902B0FAFC00BAF75DE738220401A6
:104330004B10A317C4EBBCF51D012AE8B2025407C9
:104340007DF7F81B6819A01732F6F6EC4B0B51FEFF
:1043500023113EFE9AF651EE1C0DFD0116F682F574
:10436000490492EAFEFCF609E7104F0263FCF418D8
:104370002EF2BE1763247504CD0572FFBE1366FAD4
:10438000C6F32E0CDFF53F041AE75517DB16790547
:1043900096FB131168DD8304A414D41EB901B30A7B
:1043A0002CF1D5F832078001D414D0FF9616FC000A
:1043B000120380189BE9FCFE91FA860BDDEF620583
:1043C000760C9F12DFEB8C042208E5F75C004FF0BF
:1043D0006701FB0A31EEE41178E239EAA806A4E0AD
:1043E000BEEE1DEF8FEA6D10260D0D0750177FF5FD
:1043F0005A150514A3DD7BF5C0121EFA15EDAAF3BC
:10440000D30D6FEE4909D2E9601E550E9BEFEB11FB
:104410005FFA871529FAFFFE0A002DFE96F51FEDBB
:104420008D0F69F3F6ED0FE798F4CCF2BA19A8F7FF
:104430003121FDEE180F280BC9FE5312DBFFF409E2
:1044400017173DEC84F5ED13D50A42088608AFE353
:104450007E145EEE71F9A212351383FC46FBFD1A41
:1044600025FFE613C2E51FF801F9FB0DC114220F69
:10447000312508E777EAC5F0B1103DEC92ED35FA49
:10448000E3EE4018DF1D5FF14FFB47EF23E9C5FF67
:10449000A9ED00F756E6F1E98C12CC0ED9E323170B
:1044A0006F142D026EF83EF2ECEE1A0D6F1186F4C9
:1044B00003F681EA37EFED078ADFEA04D6F8D3EB9B
:1044C00029EAD8F39A0BD8FC0708751574F7190474
:1044D0004A029DE2D5034F028A0230F194007FFD2B
:1044E000200C8313000DA3137E0F83EE820A4AFD76
:1044F0008AE69201FAEC57FD9F0541103AF47CF0F0
:1045000039066CEAA60E3A01CE1B79E910065D1158
:104510005FFBCD0CA5EC49F56E0F371022FF36EF8F
:10452000D9E9330B8A12F11651FF19F8741260049D
:10453000BBEC8A0410176DF8CEF75F1A980485F863
:10454000D6F953F9BF06E0F0210FE4F90EF43DE689
:104550007AF515FA0BDA78F7EDF7A4F1BD0DA1FBAA
:10456000CCFCD5FFA01A3BE6CA12A30713EBFB163F
:10457000631686F29DEC9911E807E3E190FCE7E70A
:10458000B0091F1EB8E746023917B7FB0FEAB6ECB1
:10459000D8EC830979F13609D0F6CCF6F808510643
:1045A000450AC1F313F82DF65903FD0D15E85BFE1E
:1045B000D0F662F498F6090F72F04EF3F6FFB4EA03
:1045C000A7E588FCCDF78F13E6F979EC15EA70F9C9
:1045D0008EEA2C028F0DF110C216ADEE88F8E801BC
:1045E0001909F60149F4AE108FF22704C5FE59FCF3
:1045F00071FC120F590AC2002C12020A60040CE26C
:104600002BF2B314680385EF69288426B00FB7FB3B
:104610006ED619FFBB12200EA9FD770688EA70FE40
:10462000D412A0FBD0125AF253067D0FA5F2261425
:10463000A20F48F036EAA21961EBA012E6F44FEDA2
:104640002A1775FE24FB0B11F0FB2CE35BF7E4F457
:1046500042E5DCF7EDFEAF190F0551F8B9F0E3FFC5
:10466000061408E277EAE71BCF0E7E0873F2C20554
:10467000E80E18FB95E65B18EF05C0C88FF7EF1F33
:104680009216E6F09EF8BAEDE7F72009D70776F321
:1046900029DE040C4EF76C14DA02700D33FE04E2CE
:1046A0004112BE063DFEDD0F77EDB70EBE072602B6
:1046B00021F2C1EE870C6DF560ED64E312F7AAEF0D
:1046C0009F0C6314FAFDC3211C092B0343F6C1F1AF
:1046D000961596F025EE6FFF3B009D104B1076E38C
:1046E000D61C6904F51764F6A4065F0974FCACFBDC
:1046F0004DED74F4400962FDDDD89106B807EEEA8D
:1047000040F3B8002502350FF812AA08B2FA61FE8C
:1047100096F6131268097F13DC0EDCEBFA02D3E580
:104720003C14BFEFA5FF121258188006FDFB2AF0BB
:10473000D30D13FB6DDE5C13E41DBB037F0F17FB72
:10474000DCE97F0B4E0CA3122116F1EFCBFC070422
:104750004AE59800DF0CF10C79ED3DF5CE066DEFE2
:10476000650540FB00055E0BF2F4AE124209350709
:104770004E04EB09E60107136FFB5505E6FAC2F19B
:104780000201A9F5BE209EE0F10B2805810798EAF9
:10479000FBEB9B13A416F9E92DEF7A081801F70833
:1047A000E8FCBED6FAF7431DCF023FF711EB040237
:1047B00087FB48F3C9EAA8EBA4F6A0FA74EF44FF1C
:1047C0000F0287D7FCF492FD34E4DBE7DBFB5017E4
:1047D000021E1AF6E0FF5503BC1E82FC621418F09C
:1047E00009018F1C1703791CF5D389FD6DFC220686
:1047F000AEEE6C02D50268095F16C112830D29DC8A
:1048000063FFA5FB68FAA712B810290D22001BFD53
:104810001BDFB500CD0C92EFEF0EDF0BB5F5260FC9
:10482000FB0AABFB7F025C27DE072EFE56E8A700E3
:104830008CF46B0686022D0B6615A0F7DA01311099
:104840002DE4DEEEE2E59F02C4EA87FD3401B9EC17
:10485000CCF29010612CCA0FA3EE20095A107718E1
:1048600010FC3509E108ADEFE417EEF7B914CCF010
:1048700074E08EFA5FF0A70DC71705131DE56EF4FF
:10488000000AC8E4AB07CB02B20E6BF719F7F608C3
:104890007204D9FFFBFE620D8908090006F226FFAB
:1048A0006EF8890E29EC6EF2710555EDE1F1A4095F
:1048B0000FD33FFEE7EB4EFC6CF8E9E568146AF5B0
:1048C0005812FD01C7F5FA0B32E9840553037EEB5C
:1048D00023EFE10AB7FC2CF688FA40EF4A0EE8FE17
:1048E000ACE2F8ED70F4C002931822ED20070DF948
:1048F000ED0E87F53D171A0F84F17A0D32008E1AEE
:104900001FF1B4E415F01302DC013BE7DCEB5EFFC2
:10491000671A420AB30B3D18C706C20AC8F78DEEE4
:10492000B5FA750ABCF3CB037B067DF52A0B5BF861
:10493000E1EEA3ED6E11AAF5C4FA70F155E92EDA95
:10494000210016DD6B0F68F82A15E3F0C006A2F807
:104950004AFB7C09460AEBFE371051FD49F644E557
:10496000831356F9ADF4A5EF69F651E9E3F6830E2A
:104970007B0ADE3AC720481D6412DEF8DFF21125FB
:10498000A3F24836AE1201F59911BEDAA60D23EE58
:10499000E20FF71D89E374FEC7F583FE08F3761175
:1049A000F5EA26312002E60F490CD3F478FCCEF963
:1049B0000213831A56128301D8E792FFDFFFBB056B
:1049C000CBFF1912FE0A9C131B0031FB721B12E96C
:1049D000721F8A1252FDC2FD61F41E1661EB59E787
:1049E0004B0E7FF94B08F0F3F60A030504EDF504CE
:1049F0005DFA63045B11C2020F13EF09DDFD8FFB4B
:104A00008CF0D4EFD50AEEF910F51A19EED879FB2F
:104A1000231FF8FD1712DEE97FFD970F8E14EE14A9
:104A200045F75DE561F299F00EF0E1F138EFE4054C
:104A3000550DE0EBAEE9F1E69F0A42F789099AF8D5
:104A400018F3380136119D0FE1FF211EE2017AE6CD
:104A5000F8F8121255085F1BEDF36D04DCFB98EFBC
:104A60004B0CB4087D014315ECFDA1FD75E7EAFE92
:104A7000EFF713FBED00B50AF501C2FFF210BEFB24
:104A800072FD6208931621EBBC02470F240E1AF543
:104A900061ED84F638FBD5FCEF20121664000C00A3
:104AA000DF1139F54803C0F845E98DF60C0A01F825
:104AB0002E17620F0F121A03271D04F6C0E32811E8
:104AC000CFDE6C14F1D4AEFC85E4C4F94714FD11BB
:104AD000C4014FEA180BB8F1991274FF53068819F4
:104AE00000E96824B11D9B0BCEFD341A650CA806A5
:104AF0000FFEFE1F54EBA80F240C15F80DFA72EAF6
:104B0000920CF716E41CF100621155F0E4F5A8FBD5
:104B100091FAA1026E05EF0D44004704E902E1EBB2
:104B20009FE63D155B04191359F027FFC4DE720B95
:104B3000950CA3E8B80AAE09E207F10264FEE0E9C9
:104B4000EEF48529D211B8FC2CFCA00E35E798FABA
:104B500078E7C1F69007F701DBF48BFA8C0191F04E
:104B6000BF0006FA5F02EC134EDF94100C0FAF0E7D
:104B70009E27A0146E125E0A27F1CE13E3F9CE0130
:104B80007C18690E28050CEEA618F7F1F5F204FB67
:104B900043FABC03BFF82CF769071C165306EBE475
:104BA000EEEF07EDC3050A0D980B33FA66DBC8106C
:104BB0000F2393FF1418AD01C5FD7A0C9DEA38133D
:104BC0004E0BED0B6DE72DF7A631A91442FA27EF36
:104BD000C1002601E114A10A860CC503D5F059FED7
:104BE000E80E4BF9C0F258F207FB301B94F39E0815
:104BF0008A173C04E1071DE762E43C107212E009E9
:104C00008FF603F58B17F6FA68F68BF8F2F7DAE908
:104C100000E60E027B1D1A089F07BB1288FDA5093E
:104C2000780293FF97F667D9EAF99E01A7179C18B7
:104C30008DF82CF5EE1032DFFB19F20B2CEFCBFFC9
:104C40008C233502A1F260EE5BEEA30B6FEBFE024C
:104C5000AAF964EBC01540ED98F8C807B106D1E891
:104C60009315420B1A15DBE992FB6FF947F7D1F662
:104C7000F1F81BFDEF11230A9A07CEE036FBC904B9
:104C80008811BAE31DF24CE78FF758ECB7EE86F3C4
:104C9000E925380B471CBE13D407D0E6DBF1910F92
:104CA000DF1026F7310B6813D9F0E3EC6BF77A0DC0
:104CB00085F9E2EBEB0405FBAA0B091988FD4DF21F
:104CC000520218292BEE740A2AF8F003F4EE44EF8E
:104CD000CAF60D17B1EE6FF2ED0C4EF249E6060A78
:104CE000621057FBF0EF80E3CEEA73080C1037E553
:104CF0000900E1013BFF8B0C47F682F5650A0812BB
:104D00003615C606F9F5CEF8CF167AF2C6ECC6E728
:104D100003FC9222DCF459E9ADFC1AE431E633E5F8
:104D20007E0CA6F5D309A80E74F43AF175E77FF965
:104D300071EE3DFB1EF07FEDE8F85CE11F141209F7
:104D40009010B504ACE8ECF4FB1C7E07E3100BE913
:104D50004518390C9C0827FCB70BF410A1EFCDFACD
:104D6000CCFF96F6D9F562F20905E8107902C1F197
:104D70002F11291181F0D909C5FB9C131F1661FC65
:104D80004F13CE0A1416C710B1193BF62F161FF693
:104D90009AFECD0B4704C40EFAE6A4F6EDFE23F905
:104DA000F1F6A2EEB8E6D9DEDD0560F4701E060964
:104DB000E60AD0E653070DDD91F13CE7CA0D44EE5B
:104DC000D7FBF903EB22E700311184F684FCBA0F1C
:104DD0002A246BF2743321FD420EFBF939F8C5EE3B
:104DE000BFE880F4331B7E2688EEB70F730839EDD9
:104DF000B2F75C10BFC408101F15C200000DDA0521
:104E0000D0FBF1236E0A73F815FA3F0498129ED86E
:104E10003EDA6726E60B4112CAF5300A1415D12B8B
:104E2000181D5706ACF849F70B01C8039FFCCBE8E7
:104E30002AE16F0AFBE9A3F4E6E810F774EF2F13F9
:104E4000F908530E6F055CF2130E7005DCE74E0A8D
:104E5000B21CAA04DDE9FDF049FAFBFCAF01E5EB69
:104E600002E7761221F18B0D6415ED19C0F0B9013E
:104E700006BEFC068AF821F39FEAE3F3841B910146
:104E80005312C0E64FFAD410A8ECCDDF19FF271655
:104E9000631CDC10340E60030C0149F73CEE96EC09
:104EA0008602C10CB70492EB57DFD7100AF1D80382
:104EB0004AF7AD03950706F97DF061F9D516B011F3
:104EC000B1FA16F479F282FDC10B5601B2028AE4FE
:104ED0001911C2F4C9FAA5FB6BE91CF74C05A7F838
:104EE00077080B11A1EDCFF511028FE57FF37E1846
:104EF0008F12E10812EB5A0FC1E2B3E7B1FFF8F4E9
:104F0000BE007003AA0EBF008DF36BFC250264F493
:104F10003CF9740381FD4610B4ED1014F016A0F0B6
:104F20009E0728EE95F0ED140A061EF566D7CE1101
:104F3000DB1151FDCC1B7AF8500191FAEBEE6BFFBF
:104F4000F2207EE6290044FB44FE34FA1216A5FF47
:104F5000AC138906F70898E97D0C560481065206C1
:104F60002A0D87FA09E6ED0579F34F151FF460F273
:104F70000E14C7F16BFADE03901837E3D5EC9B17DC
:104F80009F14CE0ABA0C77F832F8120449024B0487
:104F900080F36D101D038EE97FF9E2066D0DD3F2EB
:104FA0000F0A4FFBEAE95907E3EEAB0ED4F3CB0946
:104FB00062108DE9DEFF5701790122EE50EFAA0160
:104FC000EAF03EDB99FCE2E9F0081B087A123506AC
:104FD00037FC06DB19F3B8F711E5DBF3390D2903CC
:104FE0004DFD82E6C8E503033BF6B00D0FFCCA1287
:104FF000600E600AC301B7F4020B4DEC9BFE780B08
:105000004700FFE919E641E042F038F9C004CC0955
:105010000E0791EE47FF45FB750B2FEFACF717F529
:10502000D1EBDBF80B1B86EF73FF6008480B210EFA
:10503000C5F6B300DBF763F680F9AF0006F75B1344
:1050400084F773F170E4D8F5D60B94F77008B2F5D5
:10505000A2F58FDD40F2660E16EFD4E36E0FB112AB
:10506000C40E4E206C05A11555ED0FEEFDDADDF4F2
:10507000821F7FF535FC8CF1B802D6F1CEEC06FF2D
:10508000A1F0950B4C088900AE015BF345ECF0FAFA
:105090005313E41181FE7314B4F1C1F2CBEA0F068D
:1050A000C106E1EC640B8203A104C9EB9CF581010C
:1050B000A91B7AFD5305C708E4EA850A63FE1609B1
:1050C000C3FDD60FDFFECBFC990B77F724FE28FD3E
:1050D00055190DD20A0723EF6DFE37FBC91D521279
:1050E000DB0CC5097A05C1029BF184F70F0AD909C7
:1050F000A4117AFA380809EE7100950E89EBA4DF45
:105100007FFD60F8ADEB7C1F8FF3A1F11E18C61375
:105110008BE4AE12E0F665E404FBB5EEADE98B146A
:10512000E609671FD40E5DF3A8F76AF2AE173721C0
:10513000BEFE55E437DBD1140D0C92FD23057E0E27
:10514000EF0D80F08F1A92FBB7FA9D05B815F9E6BE
:1051500016EB12F59BF6C21089F9B9FB7EF810FD2B
:1051600092CBDA0F55F0A1ED5C070B101402760616
:105170008E09D6F2861A13169E07FF1508E32FFA3A
:1051800098FE320CBD17E50C632054ED720FBC1273
:1051900007DE89F7780431060C0454FA38DF08F882
:1051A000D1F34FF9E20F73ECF81BF1190CFA28FE5A
:1051B000EE17F5ED420A640D35FC6EF734E8100584
:1051C0005DDF5BF2E104040C0301820ABE123DFBC9
:1051D0002AE4A9019E165FF3EEE2AA016AEB19EC3C
:1051E000DD0F29F780F688F2B1FED0135224C6FDF8
:1051F0001605AEF4F904741B37F018F63A0483FE72
:1052000074FB9EFE2C083AFE32F93B07F3EAC30416
:1052100010EBF0D21415ABEF6916F5165A171A10E9
:1052200082E492F2EBF8C4FB24EBB403ACE2D20EBE
:10523000E0130DF92B0732002C23AC0E6AF1F7EBCB
:1052400039FECAF87004850B4615C2149CF5B704E4
:105250002EF194F1E8F402F29504D31A9DFFD9E0FF
:10526000F6F59A072F124F16F0006C1B39D934E46B
:10527000390A85081FF3450A26EF31FEA511DFF82C
:1052800059FD530F14F4AAF0A40422F25AE5501465
:10529000A90BFC0DA8FA4C12DDFCF0FC2BFCDBFB8F
:1052A00099F63C0DA5F69606D3EDA3F947F72A0328
:1052B0009FF45507B419A612E80F8BF3E3F590E2BB
:1052C00043E8AE0D14092E0F3DE6CC222124D61161
:1052D0007504270D08EC32D600E64712260E9EFD17
:1052E000F1F9090F82F15CE8BBF66BF6FADEAD0F5F
:1052F000F2F5E2F6AD12B5E3DA15CEEC97077D2AAA
:10530000541829E243F934D0F7F6A9EEE3FFFEFA88
:10531000CC0F8AF32FFEE2EC8A1CDCEBB409A0E58B
:10532000C3EB530C0912DE1755FF2FEC63D990D64F
:1053300027EAC10354F879F1A5EF7B0F55E57E17F5
:105340007F21230534EE18ECDE03650A5CFD011DA8
:10535000C6147BE1A813C6028C24EB001809AA0F1F
:105360009D1DA2E76912B4EE050B27FCDEECD7E821
:10537000BCFFC71291162CFC3603F50583F01BFB0E
:10538000920161F324ED18F5D404F10EFDE67804E2
:105390009D1421DF08094C0A87FC89FE98E302F27C
:1053A0004C0D731338170F0EBF07AAFB82F47FFA58
:1053B0003D13E5E514FE39F884ED420D53CFA0FA14
:1053C0003F08D91930F2B400E2EFD00557DC360DB2
:1053D000E80A00FC22064AF060D4CD0BC2DFF7E5F4
:1053E0008506AFF9CEEC05FB1BEC44F625FA6DE71C
:1053F0006DEB641B5208DA1478013DF5F8EFAEF15D
:105400002A1C15EB4505E9F0AFF24B0A4D0398FE57
:1054100071F943FC8BE48AF1D3F7B30881F10EE80C
:105420005F018DD09A20AF16DF16050C7FEAC4FB12
:10543000F6F9830203F0DC1418056606C802C2FB05
:105440004EEDF601480A910119F2ECF36203730B79
:105450008BFEBCDF25FCA2F03DEA5CD8A50D76E909
:10546000760AE0F737F41108A01276F8D808040895
:10547000560342F1A1189B00DB22DBFE4611E0F34C
:10548000D80B68FD71092AEE4005BE090A1BF5EC30
:10549000D2F593DDE4159AF943FE84FA3C12C62452
:1054A000E41835FE940714EDCC07FFE04219050718
:1054B000101499E083142903E8FF440E9117A0F318
:1054C000BE0C32F91BFE1C0D04E969173717E8FB07
:1054D0002AEF0B119E03520514FC44EA2F0FE8F744
:1054E0003E13E6F7A321E0FCCEF9460FEB13A5F639
:1054F00037EDFE16EFE9C11CF80B7A0FF8F59800AE
:10550000B00DF8040306AA04BEFEE3FCAAEB46169F
:10551000050F67F3ADFA3A12B01806EC12EA7C02F6
:105520000BF789057DEF78EC1813190486F941050E
:105530000025290361FEBDF2AEE69FEA23E4C70E13
:10554000A20C74EC20E94E0DD8F1C60AB70F251451
:10555000AF0B0F0D700217E872FCA60B13EBAAF24B
:10556000C8F29609ACFBAA05A7EBD8F9EB167BF4B9
:105570005FED8EF0E7FFE2F2B9FDB510EC0504082F
:10558000F2EA150FB5EFA506F10347EB2DEC9A04EF
:1055900072FF6F13E10E81FEE013EDE0C31DA2F573
:1055A0006720FEFC12FF12F39E17A10EEFFE74247B
:1055B000FC13A8F0B421FDF037133BF1F1F5611AAB
:1055C0004F145219C3F155CFCAF10B0CAC080F1090
:1055D00036F045140519C4103EEC3221F6F585F875
:1055E000BB0421F515E03F21C10B36F06316111401
:1055F0004F33ACF13F106A00E1F08904940E35D3CB
:105600004ED80FDDC5E9B0EEA1FD16392D00E20040
:105610001806C6ED3B1815F796EE4AE426EF39FC5E
:10562000D00C4EEF230F51F08E0C64F38EFE140D50
:1056300040EB16074DE23E0FE4F911FD7EED68EBFD
:10564000F5FBC0096D1064FB30115919D004AFECA3
:1056500081F21B1B66FF2F0F3C0453E6BEE1530B88
:105660001A0FA2EFD70BE6E8A6E16E0B0315D2F3F3
:10567000CCEAC2FF6A03B6F972FB0BF7B4F9E8FD96
:105680008B0862FBA8F82E05B503B2FEFCF226F5E6
:10569000B2FCC8075D105BFC7809460F9DF0A002C4
:1056A000DBF270FB78010B1768163DF16C101206E7
:1056B000DF1BEC0E3900EAFDADEF5DF7CAF0CCFC64
:1056C00085EC32F6FD099B108B046A025AFA68F8E1
:1056D00073F98CF73AEEF60C2E1DCE1AF508F40D80
:1056E0001812FB036F08BF01140A51F8EF0439F3D5
:1056F000DA19C4122BF549F510053CE7420B7C146E
:10570000D2048700F8EA51DD2EF050156DFABCFD89
:1057100033143411FDEB79F2C4227D01A3EEF2EBD8
:10572000ABEE9FFCE9FBCA033FE246114E117E023D
:1057300044EBD412830923E5B7FEE5FD92DFB31DE8
:10574000DAED86EF8308CCFA76F886FAF0F4E3FF18
:105750005AEC21F7B808840EE1F766F7720C87213E
:10576000AEE1C5FAE5FE46F68113931BA0F980FC75
:105770007DE9A42984FB52F8C1F98217BD26E718F8
:10578000E01D2FE804134DFFC2F42E09E7EABF1312
:1057900088DEC6EC4610C7F9E81A2D01AFEFD40D2C
:1057A00038F4150D54FEFA117FE42513B5F265F4B3
:1057B0004A0C2214E6F59A0883F33301FB1AE3F04E
:1057C00048ED3715F8F673F5650EA30A76DD74FB20
:1057D0003BF0220D4302490CFCE4D0EA2DF5761291
:1057E000FCE2B90E2B0EF515F62857F0C9F65E024D
:1057F0004A1D22F3A314DC18AF1A3BFDEDF07CEB3D
:1058000031FFF7E5BB103EEB3BED070F6D1164E890
:10581000B1084B1938060B194BFB61EB53093CF9E6
:1058200025F64904CDFA8304E6F0261792014FDBF2
:10583000DB1C27E662FBDEF2BB09FB1C8FF4E70DE5
:10584000AB15A10FF1EE291B99082013370BDA08CD
:10585000B7DAAA0FC8F42220350EC919A915D30248
:10586000560C5B11801870F55A0C8A134C030CF916
:1058700000FFDC0C42F3D4FEE3F8810C9411B9E58F
:105880001BFBC3FE86189D1785FE31095C0BC71CE8
:105890007EF630F02AF0CB14FC0DB801E60441FF8F
:1058A000D0F08AEF07F4DA1338F84BFDB1EF75EC5E
:1058B00070E971F6B61BC00176084F16181FE0F3A9
:1058C000EC0701E969DF0FE83EFE85DA3E0979EF72
:1058D0006BF62DDFC3F010E2F411A2FC08EC150DFD
:1058E0005B007C1A10E67DF947F2BF10231EDB0D2A
:1058F00061F1E7F36F14B018A6146EE963FF8CFB37
:105900001AF72F1406083B088627E80E3500A4EC8A
:10591000BE078F1584FFC61D7D07EC2C961F5FF216
:105920001C035A122E10BA2226FE881F661A8CF308
:105930007E060E182F0DC1FE36F654FB46FADE0C1D
:10594000FF0F9F1C6A0EB5F54E168A0F06FD2FFE3F
:10595000A6FA7E0FA3EF2907ADEE2D17B2E1A4FD45
:10596000F6ECE3F900F904EFF91ED319D60308EFBA
:10597000DB063E0EF40D4711BAFBA10412093AEB07
:10598000ECF7D21A3BF73BF3FB0EF7E6350F841426
:10599000BCF7881C9EFF7AE7BEFF5F17DF0139FA6C
:1059A000990DC3DB5CF400F65AED8CFF9FF90809F2
:1059B000B0040B02FFF5F410B0EF37F7D3F63EE476
:1059C00023DD73E0041EA31093127D0A26045F10EA
:1059D000C1115E082000EEFFAD006C0A01EF700DF2
:1059E0007B04E90903089B0A36DF4A04BC07261436
:1059F00016EDB91958F23BF9010A1A1320F712FBF8
:105A0000AE0B04EF36F734005E05CDED19016BFBEC
:105A10000516A40C2305FFF391F51A05D7108AF19A
:105A2000BB01870AAFFC010B240410F67CF7990533
:105A30006A07BC065F0CC8FC600888F1481EC619DE
:105A40007736D8F94414E2093513AA10E602E3F3D5
:105A5000D40EF60DA5FE80F6BEE5650D620C9EEF38
:105A60009F1065080F0C630FEB0FFCEB6AED7AFCDF
:105A7000C60E6B0A82F9CF058FF575220CE9230853
:105A80000E051A0429E63F1B7FEEA222C1F1121374
:105A900098E34E0570008C0920F9C6E791021721A2
:105AA000B7E33BFC530229F6F10773EB4D11D41415
:105AB0003D10F6EFC3FBCB02702AEDFDDFFC23F7B0
:105AC000B8FFD9039EE80EF9EDF4A6EE6C15FA18AE
:105AD000F2F7980B7F046C0391EB78E97CF2B7EF57
:105AE0008302C1FA3A08FF0FC0F487FCCEE51C0E12
:105AF000181CA7EF67F3E9E9D7F95E0FEC02AA14C7
:105B00006AF7BCF5F0108B0A69FC9B076E0B96EAEE
:105B1000970968FE4CD5EA06F8FF5A1410EEF90210
:105B2000F21EAA0BD6E9CAFB13FFC31AADF6F5DDC8
:105B3000B412B408860BD1F239F6471CDF0CACF274
:105B4000BFFED506DC127816A21A5BF0B10630F55E
:105B50000BFE501BC30BF3FEAE12F802B01137FA66
:105B60005502B3FD1F0330F7C712560307EB890632
:105B7000E1ED8C0D03ED0FF47319600B44FE4EF351
:105B800064E9FD0E1910A50A3AFAB510E3F1B8F868
:105B9000CBF1640CE10F7B1158D4550A8FEB17EC55
:105BA000C5E91AF3620765EA5209CBFF67FE591788
:105BB000BA144E11ADF02909960D1FF9A40417F778
:105BC0001AE72FF61B03EAF9A60284F920E90CE88C
:105BD000C8FF101598FE6FE92E0ADFF5A707B10D73
:105BE000340DC019C9046014D0D379DD9A0A75F454
:105BF00088142904A2F256F38C1CA808DCEE121BB0
:105C00007C0F7CE80103F9097A014AF82906F702BA
:105C1000350EED03A3124B062D15E60F17EB07FE0D
:105C20006F0A500906021A00F5106AFF73249BF6EA
:105C3000A61CAA11340880DFDDF50BEFCB0F5AF458
:105C40004208CB0E9BF64DF64A0BC1F5DC0DFA0C63
:105C50000D09A0118F0DF7DC76FB880FDE13F20B18
:105C60009302B7E62A1441E130136708CA105713AC
:105C7000FE042DF07C02EE0298F695E8100871EB18
:105C8000B515F3F7C7137FFF7FFD5BF01FEBF9FF3F
:105C90005724FB0CADFF78F456EC80FC3F11BCFEA2
:105CA0009DF09412830F8310C619FE0AAA0FA41246
:105CB0008A0357EE83024EF7F4ED3CEE8001E3F7E2
:105CC00023F81E17C2DF4BFA6F02ADFF6018D6F241
:105CD0009D129EE25EEB5C0A05F3DE0389FF3AED5E
:105CE000AE10422061EE04E0F20DDAF3D806F205C0
:105CF000FAF14D005B0D6B050704A0F61DEF0D0AD0
:105D0000680F51E69CEDDAF3ECFA5EFA370F2A1DC4
:105D10001BE8C2F2FB2416F87E0B72F953EF9D03C9
:105D2000C1F7BA09A41D38E83A0E5FFF811C390596
:105D30005B13841498FE7E09C5EEBE158F18BBFB5D
:105D4000C70012F5FDF3FEFF6516FC006CFA63FD5B
:105D50003C111208C40A83FD9C1466FA0F00F1F985
:105D60002FED2D0AC7FAA6F47BEAAB05CB16D1E5D9
:105D7000C91589067D08DB06D61560EA6DF1261483
:105D800059F93D1F0513E5069307220585FEC0045A
:105D90009EEF7FEBDFE60415EA008FEB72089801B7
:105DA000921655159CF46DF5A2F01BEB4213AE0351
:105DB0001524F0EBFB187CE9F7025B0187EB78EF29
:105DC00016E9B3FD58E699FB050956070F1640FD85
:105DD0002B17550BA61C1CF42BF6BEE1511ACDF562
:105DE0006705981398116E1A820C610BF104DCFAA6
:105DF0006D0289E556DD9EF8AC00C7F7AFFE6D0277
:105E0000BAF8E2E5E3F8EAF5BD1CD615BDECEC1BEB
:105E100059F194F8FCFCBDEAE7F59DEB78F2F20B42
:105E20005E04341E58FA66FBF406D5F6D5E97C0903
:105E3000E3D1DB1479F4210915F347F188191B0626
:105E4000CEF43123E21E19F43814A2FF590B5F0C73
:105E50007000441963F9ECFFF6EC8412F303C7F504
:105E6000BBF1870DFAF79908FCEB8F15C006D0F748
:105E700055F71AEE8A16E8FFB9FD9F000207DB18F6
:105E80009FF8440C90FB0EFD630EFA1083DBD105E6
:105E9000D61F5E0A4AF0A51324FEF608890E58099B
:105EA0002F161AEC3D0AEA027100000A6FFF4DE955
:105EB000F707AAF27DFD540027F8DA043D007302CB
:105EC0003F03F117B303630EE307F20E3AF6401AED
:105ED000CBFDC300A8EA1702B30F02147CDEF92041
:105EE0006D1A9402D6EB10FD04EA4B09021D66E917
:105EF00091F72AE475058AF8D4F265FECCDE1D0E12
:105F0000E0EC32F7E5E40F12C408210B43FB720A00
:105F10000CEE52053908A5F765F76BE36BEC17F04B
:105F20006EF020F056DD64E9731318035A05DF02A2
:105F3000BC0C7003810ECFECAA06AB07C70ED809C4
:105F4000E8FAAEFE5E0790ED34FE080C70F75100E3
:105F50000BE8A9FBEE0963258BF32A0063F54111D9
:105F60009F096BD910FAED24C80E81ECDF0473ECA5
:105F700043052A046A07D80B4CF6580392F54900EA
:105F8000EBEB243636123B10480FCFE6D704C6EDB4
:105F90005AFB98EB52E2520EB0000A19B00C3F19AE
:105FA000961194F58EF214EF64F3CDE4FE1D99F38F
:105FB000CBF337F90A1680EB3CE1D7DE8D0F680290
:105FC000E5085F06A2F730152EF4A2043C076BEB40
:105FD0008A17EF02900BEEE6AA1DA9115FF20711D6
:105FE00002DFC20186138300A302CBEB2507B5F7BE
:105FF000FF14FDF5F3F4A502720A3316B80AC308BC
:10600000EFF278E8E30FC4EE63E7F0FABDFDC914E0
:1060100040FD67FC75EEC115A9FBDCEE80FD2E1777
:106020002011BD062F12A30001E4A3E919F7BDE575
:10603000351874E85A02B10255DAB3083D0ABD10AA
:1060400090FF6005710B4A0F27FD2713C2F8361128
:106050003A16DF0F35FDEC0231E65FF55E04FBF129
:106060009EF2D1F43E06B51BF1F041F5AA10361CA4
:10607000C10B651204FF5812DFE716FE7AE89CFD9B
:106080009AEFB90F03F84EE94C0366FEBEE85C08D0
:106090004FE7C013D1F744FA34F1C21EE308E90216
:1060A000450AB6056F0BC5EB1A1E9FEAAD084DFFFA
:1060B0003014840577EE21027E0EC0151B0909F607
:1060C000B5E35EE0B8F046E3BF25FED4CB12BCDEFC
:1060D000EAF070F412F9B40AD8FF2412FE1622E096
:1060E000E103D9EAA0E53AE656116AF6061B3FFB42
:1060F000D703CDE646177306C91D5BF8A315F2D585
:1061000076ED8F02710BF6EB36F3DF02F70A1E090C
:10611000BCFF72FD93DBE8F30E1C71DA22FD70E721
:10612000F40EB21A2D0479F03E1B32F59C139CDF5D
:10613000D3F4681F3D21A8FC4F130010780D77F9A8
:10614000490DBCFDF300520639EAEA04B109F00E2C
:106150000712A30F8CED6612AB0A2513960DE5F21C
:1061600083FC98E34F188B07E20CBFEA25ED660E1F
:1061700057F8A0EACEF9430FBE092D125E143EEB8C
:106180008BF686F9060B890892FE3EFCCC1687102A
:106190003811B4DF88E6F908A3FFFE065BFA8DF735
:1061A000720D291A3FF889FFCCF29F0BF60650EBCF
:1061B000C4FCB0F41E25A90B05FD64F2CBF3B9F5C0
:1061C000B0F1C20FCB064E22C101FDEED7E950EC73
:1061D00046039DF00BF239113B2071F4DAFF3705CD
:1061E000D414A0179FF778EC2BEDAAF787FC44E7AF
:1061F00009F7F004B1060EF3C0FCDA2506EA580AE6
:10620000D0EA5A0EBA11750035F70C0536F37A1339
:106210000A1A1A1A541C62F56FF2A20F44192A06C0
:106220002FCB15F320EEF1F948F29EFF60F69206AF
:10623000000D7BFE6F0A08F2450A92FFFB1C8422C8
:10624000B70E01FA2DFB70EFDAECE3FF42D722E83C
:1062500003F58C05A6FD5F12F501D200CEEE150CFC
:10626000F9F2ADEE09095C02BADDEBF8F314D702DE
:1062700029DA140E3E0C78D815F550E854D271097D
:10628000C60E011E660D38EFC6F610021DF8EE1F91
:10629000E91A7D10D7FFF4D7EEEF97201DE15621C4
:1062A0002111B708430F04E709FBA6E8B3ECFDE1B1
:1062B0004B0184F5D00014108318BA0E90124004DC
:1062C000651C25EAA400BCFD9AF2860209FD8B122A
:1062D0002001A8E06424BCF332036E089DF341F969
:1062E0008EF5D70AEBF16A0F3C054C003401691EAC
:1062F0005115E80C5C01F7FBFAF990EECE0DEB14AA
:10630000A0FB51E032D7BCEAEF114EFEF4FB94093A
:106310009209C906A30B79FEDA1E6E189317E815C9
:10632000A113810A05DC06FD52F3D417E8F39801A6
:106330005FF077FB5E1C8B1A42164CF671F8210554
:106340000B1D60035BFDE1FF6A1554FD810413DE44
:1063500000EBC9F2D50467DC84F0110282ECB40AC8
:106360002EFBA206B40E25EC9C03EA0B8A1C070E3A
:10637000BA0E01FEC0FC3E154C041B074E09C4E5D5
:10638000070ED3FB9EF11CF909033A0A290063FBAF
:10639000AAFB13FC2006D31439DFE10506FC1EF529
:1063A000DCF8340C06ED7AF4BE0546F06EE95005D3
:1063B000FCFE6AECDBF54D11EE073B0471DBA80F28
:1063C00060F52AFF7C088F160E22EA16E70357F4C1
:1063D0002707CC1766FB64FCA3EDF7F736F65A02E5
:1063E0009C08B2D141E4F4F2F32879FBEEFC780A80
:1063F00037F5C713C402A10AA50B2B09DDD0C603CC
:1064000041F33F03DCE40400580E75D0F116180286
:106410000CEBC7FA910EF71191F98D0A06F2A3065B
:10642000A6FF23EE8EFB7B0E5C0A1703F3EA4E0DEC
:10643000B1020FFC3FE906E04FF0ABF814070E1A6B
:10644000C00C520D42F5640060EDC71B77EBCB0624
:10645000DFFAA70FE802E0F0B0FDB70410ED8D1DE4
:1064600054F2E6F2CE0E4A05DC086BF03008F1ED8E
:106470007502DE086FDB39076E046C1EE7F307F167
:106480007CED7FE53A087A17C2F16904FA0F700CC7
:10649000B6047CFC7EF3081A771920FBDDFA9FFE18
:1064A0005BFC0E0C1AEB8E171A0993DF260DCDF943
:1064B00064F6C004F0149AF46E0A580C41F3F70421
:1064C000B10440105CEA90F144E00F09AF004317BB
:1064D000850F7902DDFE390C630C46E8BE0ECB0356
:1064E0001EEC4C0FBCEB1DF421F6DCEAA41670F890
:1064F00076005FFBFEF1B1FE900821FDB800CA14E2
:10650000FFF41107EFF7EF0D5AED12111AFD5F05B9
:10651000A7FC921D52FB9AE98DFE80E7AD0166F65D
:106520005814E9E881F8A601FC019D1356171BF3E6
:1065300087F3D605D009C5F338E8810A7DE513094C
:106540002611C2068CFF9BEA7EE862FFE617EFF198
:10655000820D1EF25B04DB0B731C280ED5FBA5F02D
:106560006C104018CBD341E724E930ECFC0D10E36C
:10657000AAECD6F3920F6A18D0F4031544F0DB129C
:10658000A7071EEEE7EB32EB9EE4EBF8400DAA15F1
:10659000E11985F5C416CC12AFEE29DCFCEB8E199F
:1065A0005D047AD60310E4F40C061E1555FC12F9AE
:1065B000FA0B6EFB3409B0E21E10C7253DFD9BF5BA
:1065C0007100C1DABD0E4102F3FC83F88CFAD3FBF3
:1065D000DB02461F9EF51E0BF916A3136CF2DEE7D5
:1065E0006604C5FF72031DFD6AD809F8DC012B1093
:1065F000F1DAE20FD52C7AE90C07D410C30F94E13D
:1066000002FCBF0B01F24A150CF9F3065B0383048D
:106610005905DC04C2F6F3E51C0102E768F95C0CDD
:106620006514A80E6FD00902D805FFEEA00C9EFEDF
:1066300081EE9EFEE1FFCF0781030FEB6912A002FE
:1066400007F4AEF479F090FC70F824F86219F902BE
:1066500026FA43FC100D8015BBED78ED36E696FF6B
:1066600055068305F7FC98DC3220ACF56F1B9E11B4
:106670001E169AFDDFEE4403D0E703F7E01549ED5F
:10668000C2EF11011316330BC3F0BDFB8B17C0F91A
:10669000D41040EF52145B036000920DEEFC97F6AD
:1066A00039E0EE0C2203CFEAC20AA1EF9FFBBFF94B
:1066B000691492F8890110047AED6AEC16F26908FF
:1066C00050113F12F0F06B0A1BFD3007A30E25118D
:1066D000A9EAD810C70EC105D3F4CFE1D5F43F1A0B
:1066E000CBF8440929048610721748040CFC6DF697
:1066F000A70615F35ED6B801E80B68E8FFFC29FC95
:106700009218E6FE3AFFECEC860F18E7F4F392F0ED
:106710008D0C5BF808F490FA1BDEB0FA98039D0428
:10672000270C75F3BC0429E650FD500F16E6C01186
:10673000BFFD16F12CF3C3F0140623FA2AF9510019
:10674000B3F6820E9F1484F1130F66FE2B04DA1049
:10675000B1F8FE073D11170CBFF151F98B0FC70CB3
:106760000B16360D3C001CE1AE1D18E3BA00BA034F
:1067700064ECB3123703061A16FED90CC511E013E8
:10678000D5F833023603D4F1A303650311F9C1E848
:10679000C70E6F14A9E3A0E8B00E9B10D9EC4DFD15
:1067A000C41760DF4DFC7E09D2FD031082F6E6F3CC
:1067B00033EBEE019EF25CF690EAE2F178FB4B04DB
:1067C00065EF95F40B02E107962158FFEEEEB3FE5C
:1067D00069EBA6F9AFEFE710CC011DEFDA0F29F452
:1067E0002F11B1156D0D1CEEE81BA8DF90221EE3E2
:1067F000F504C208EDE558DE830349FA1AF0A8064D
:106800000810F1F432FFB5F8FCEB0F0D760A4F12C9
:10681000360D8201880F2A17FC195414E5F9A205D8
:106820002E0188076FF453F13AEBC1162506080ACA
:10683000B704A807EE14CEF88E1EF5F81A146B17DD
:106840006D0BAD0DCAEECBE8330C5411F6F380F4AA
:10685000810D33152BF1F3F8340C0D04AE00B50D9A
:106860003E06DAE99FEE12E471FC43FF571634242A
:106870004C0F94F9F611F8FD6AEE24E1D2F0A51D53
:1068800008002EF410F01BE707F40F054CF5240F59
:106890003C05AD1A9D04BDEDBCF58C128EFE591061
:1068A000C2124717B3F54B07BA1B080BD0D724DF2A
:1068B0001CE8BCF789069DDDAC0115DBEF00EFD1CC
:1068C0008307A916001493E1E0102F12310DB7F4DD
:1068D00016F39AEAEE17E0F5F10B30F4040503FB2A
:1068E00028087DE00C001D0434F5EF29800BE80238
:1068F00013E396EE0DFC44FBE9FFE9F45A0D3D0E5F
:10690000A01475EBC2F1AD16D9ED1AFAE2EAFDFF5B
:1069100017F3B115AAFB1B0277EA03F35E0C700DA7
:1069200003F681038AEA1FF435E499DE8CF0DA0B72
:10693000D60265F2CF0D01EC9BF81F25E3F75A0351
:10694000DF114CF2F20CFE041F05F0F1C5F302EB6F
:1069500053164AFE4508B818AE08C9E3C2FDE8E080
:106960001723CDF15CE16AED1C137AF010FAE8FC14
:1069700030E51AFD400F4014390BD1E34914D2031E
:106980005D0A5D01D3FB4EE7EBD157E56F17E706D4
:106990009A1B880F2AF8AF04121E390F0FF838150A
:1069A00063E0360497F342EBFBF572F36BEF73EFA2
:1069B00094E0280B7CF391FC800AF9ED6AED430921
:1069C00041E85A119F1150FDC202D406240F46F52A
:1069D00092012D14AC1320EEE413821BB20281E865
:1069E00027E9E30C7208001257F726DF3901EBFBA9
:1069F00057DE19198C0C7FFE900E17F373043EF8C6
:106A00003200FF08A60ADA0029EF48ED5B02841184
:106A1000132064F9AFFE4700B304FD0D7B0F03F8AC
:106A20007F030CFA97F0F7FF28F0A81EDF26C7C9EE
:106A3000A5FE96FA75F59DF128FDFF0E60022D1951
:106A4000E00939069ED5820A6BF5DCFB1A0E36F694
:106A500046FDD3EEE9E8161744DAEDF309E75DF6F3
:106A6000F8FE2D19601957F144E58019A809B0FE08
:106A700082FB840D4B14D91190155CFB30140FF080
:106A8000EB0D12FA0F02B20786F0EB06FEF5750861
:106A90008014B21584E4FDF813F54B0B4D1215016B
:106AA0009FFA7BE93DF9F2E372F88BF3EDE80A0E09
:106AB00043D71906DDF28D021E04460ED90D3C0A9D
:106AC000F11007089F1696F093ED7CED3FF08E0BCA
:106AD000DF1741EBDBFA8FFAFC14CDEC5B172605D0
:106AE000C00830F5B4FFE7F963FF58EA40FB8BF3C9
:106AF000DBF4A8F0AAFDD5047EE95114C80E74F8A1
:106B000013FB1D1A9CF5C3EBBBF1210FA91710EA6B
:106B1000CD0A0800C1018BDC39EB9CE522EBC1EA10
:106B200066137AF0C6E2D0FEAEFF010BF902E9FA75
:106B3000BA14FDEBADE4EEFD0708D9EFB5F56F171C
:106B4000A8EC7E049B07CDF6E523F8FCB3EF8DF8A7
:106B50009B0D9EFDEAF2FEFE7F02BD002C07F411A4
:106B6000B61E3EEEA0EB38F877FBB2E86C01B6ED4E
:106B700030F4AA06A00AD7FB79F4B9F02E0C10F174
:106B8000EBF4B5F0FEED3A185D14750601F006223F
:106B900077F99716A4F25C0483179E03D8EB4C1385
:106BA00030F862FD97DB3CFFA3F2D50981052DE2A9
:106BB00079FF0AFC45F78A0BF41648FCACF1DEEECF
:106BC00013F82FFC680208099416991A62DAD4FFA8
:106BD00005D698EB1009C501ED0ADC1724FF40F734
:106BE000ECFE70F06A149308A20105EF7FFF4216D5
:106BF00019EC7AEEF7E9A10958E548C394EB1225A0
:106C0000DB0A5D18D9E1D103CFE84DF119F7D905B9
:106C1000BAE1D6F1FE03C7F1D301790F2914A3F429
:106C2000BB132906FE0684F2B8F77B0B25F6D209C2
:106C3000460CFDF5091046182706F8F3031839EB42
:106C400082FA8FF64CED63F5A8EB7E0BF9FC021986
:106C500024F5A20182130CF44CE89E0C310C15FEB5
:106C600077FDA0EFD0FFB708731076F3B8FA42F1C2
:106C7000B5DF9BF33CE47A07D21B6EE0F7208DFB77
:106C8000F6EE12F0CE1F24074DEBA9E78DE9B30C09
:106C9000E517A211FBFE77F38A06A7F9690C28F421
:106CA000BD11C903CFF2AB05561917F526FA330FFC
:106CB0006502E0F5F2EA7EE6141A15F05DFD7E123B
:106CC000E6E90B203C0B4F03F824160D88089DE9DC
:106CD000BC0073EE23F5CDE35F11ADD045F8CAFCDF
:106CE00013E968FCDDEDB5F985206DEDFFFF39FD99
:106CF000801142EF9DEBF514FA012706BBE18305F5
:106D0000ABFF48F60BF6F7EF5CFBB915E0FD1F1281
:106D100050E1F70293EFD1F7B9DB100F3DDC1BE038
:106D200037F9B4002C15F5EFB6D84002F42B2B0B35
:106D300045FCAC0EF9F4B90DFEEC110A260400E591
:106D400096DEEEE0520FF704A61565F5850FB5CF78
:106D50004CFCD7F28806DCF369F9D90A2C1806F442
:106D60004F12A9D4B0139BF0751029048F1CA009F1
:106D700018077CED55047FEDF11329F4FCFF7EEB41
:106D8000EB0038F07DE9070681FE67EA850BA3D8A2
:106D90007B0A121CD5F9060B000891D8FF111819AF
:106DA00012F21AF9A0EC9BEA3429F616B6F52DE199
:106DB0001EF58E075CF6F8010D054F1892FF261898
:106DC000C00292E813F54AF755F755F833F7310644
:106DD0007FFD1EEFEFF6BD06B7093C0B520F54F6D0
:106DE000B9E84CED74F5E90215F61A0761160AEEDA
:106DF000520742FE7F1085E421109AFB651424FAA5
:106E00006F0574145C0E4BF4E0031709D412C90625
:106E1000B5FD18EBB1F0FBF245E82BFCA3091A0B0A
:106E2000E1F1C5FBF8FFC7E28AE48011F91E860292
:106E30007BF801E6330CBBF0F60650037FF51FF933
:106E40003FF345EEF9F78CE5EAF8A4FCC110ACEF8E
:106E5000D7FDAE1527F1680C32130A1A9DF95B05B0
:106E6000CAF2221945065F07C1F70818280F540D0A
:106E70003FFC87F7D6F7F901F3DA97F94B1497F748
:106E80002F13CCF144E99207DB1E34142DE4EBDF21
:106E9000C719940D3AF7BFEFAE09F9E59CFAF90767
:106EA000CEE6C1F08D0EFAE6D810BA0E4F0DBD1821
:106EB000860BBFF44EFE09ECD00926E2C20C360E5A
:106EC000352AFC1E73FADB0D86FCC7ED7BE1FCE97D
:106ED0001904FBF1F7EBE6FE9FF9361798DDEB0599
:106EE000980A17F680F14AF5DA050B20C81A9EF9C0
:106EF000D1F3C7EBD6EF41014607990C6FDFCBFC0E
:106F0000E11786FA060169FDDD03FF0460F8FBEF77
:106F1000DD0CC4F12AF051F0270A1CF42D07540BA4
:106F2000F6EECCD65BE82D071212E303DBF72CE676
:106F300002FB1D02DBF247EB3F08DF1ADFF57DEBBA
:106F4000950AA8069C01A6F9671EB1184BF84704DC
:106F5000CAE7A20CCB0640FACBF5E2068412D905AB
:106F6000540EEF108CF2A9E69BEFBBF6670A0713ED
:106F7000251AF1F0C202FBFD3C1181EF94DCDA0A24
:106F80003C0667E76C0B56F5D102FDFB40E354016C
:106F90005F132B05D605E0003D0FB8FDFB03831DF5
:106FA0003BFDD1F5D8F474EF4DD1BAF900F7CA081A
:106FB0009B1C0C107C03D4F76D02641B9D03BB0764
:106FC000DCF59C045ADF7F073CDC0CFE50EFDD054E
:106FD0001AFC6B163CF24FF7C3099816CDE3B9F9CA
:106FE000521E98EA410501F463EDB1F3E5FE70131A
:106FF0001A1A6919AD08D7F552FAAEDADD0A91E826
:107000001A06790389E900EDBDDFC10B98078C0BE7
:10701000770E19FC8F0AE2E7D606BBF015F4EEEC0A
:10702000AD09CD0925E980FDD8F8C7F6EAE83E05A7
:1070300095F81FEF67F4A5FF7C161BF715E42E02E9
:10704000C9DDEDE16DEACA02550A6FE71EF3CD070F
:10705000FCF775F1550442EF9B0D9413A3247E14A5
:10706000A1140301B3F9F30A9006010263EFE315DB
:1070700082EA43FFD3E566FD8B097A19D2082C0F0B
:1070800007D14FFEC1EE540A2B1E17EAE90F4E112D
:107090004DF88A144B0A4F017F00E9070424E80CDD
:1070A0001D0D46FE6AF6AAF05DF28AE655F774F405
:1070B00067E645EFA7FF19060D029412F8F3E7FC07
:1070C0008F1852EEE10739F9A6F9551162FB7901E3
:1070D000E605FD12C3275B094200D6FFB100E111AE
:1070E0008516E512B31719FD291AA409A3FB22F38B
:1070F00006FE381B83ECAEF2E81DFBF914ED1C0F05
:10710000CFFE8C0AFA0EF21A920C3DFB41F858F3AE
:107110009D141B06F3FD08105EF28EECF6F243F2AE
:10712000FB12090757F9AB10DEF6E7F676EBD2173C
:10713000B6EE1B06A8FCBF13F2E7B918330AFAFF34
:10714000E21AF01FCD0308FBA0DF6F0C7C1999E554
:107150007EED8D17ED025A0268F60E1162E2B5005F
:10716000560062137FF48D1C1AF574FC520C6712E2
:10717000D5173301F8F37D04F1FAF7F566186FE0DF
:10718000ACF0C20A3FE4B0F84AFEAFE1100AE3FCFB
:1071900096089AF833125E111E00E1E2B2FC98FFE5
:1071A00034127101E0F851F2A8FEEEED0BE8F0099F
:1071B000561864EAA6113DF686DFA401F9EE33F114
:1071C00069F14BF216EC20F654FF6EE29EE84CFD9E
:1071D0002CEFF0F9F4FD6B1D7AED9BE6CE00150B5C
:1071E00041DE6EDE2BE54CE66DF9801524F67EF46B
:1071F000780857FD95FC5F07620DB7FB450CFEF65E
:10720000F4FB17FCC40399EF620FC526F018840D38
:10721000BCFAB7FFCC063FFB720F832869077EEAF2
:107220003D0CED15FA0968FCC701E914E60DC00034
:1072300061F723F1A6FDA7FB6B0DE02346F57F1355
:10724000AE0B83EE7412EFF57F0F69F5C10E9D0E44
:10725000A6FA72FA22F4410075F4941D370B38FF38
:10726000B80C6303C8067FF62D3A3B0CEBE81BEB2A
:10727000EB2EBCF7021ED8006BF4A71F72EBFB02CB
:10728000600B65F3350DC8FCCAED82F3B9FE990EAB
:10729000CE155DF54A178B0496FC88FDAFED701F87
:1072A00018F82BFE66FBAB1C31022803F1F036E424
:1072B000BB114603DCFE06F526F4CE08D4EF952874
:1072C000DEEEFFF6ADF4F300AF0B030321094F0729
:1072D0008B1ADB0CBD11AE17420AF901D9FDF0E1A2
:1072E0002FEACDFBC302F4EFD9E3B505AD1542E1BA
:1072F00040F4CA0A2DF3E3FFF5F9C0FB36F148F874
:1073000015FA36144CF492F9170DA9F862FBBD1466
:1073100088FEAEECA9F39B0F5DEEF40018EE72113F
:10732000E80DE8EF42F5DC14BDE883053F2105DEFA
:1073300079F9B218F7102C0C5CF5A1F93BE379EF61
:10734000AAE0350C32D8731C1002D40B6AFDE40598
:1073500025E5C8F2C00746146CFC3C1B99E43EFCD2
:10736000E503A6057D05A7F851FB180F771BCA0199
:107370009DFCB1FDD8FF03F9CFF7340506F831FCC9
:1073800058E500D768F69CF0B2F152F5CBE3EBE09C
:10739000F3D8051563F3DBD69CEA7CFA60FEC809D6
:1073A00078E94C12DFF66AF12FFFBEF75FF526E8A9
:1073B000AFEDB6E26D1746F2BE0F0C139FEC28FA44
:1073C00092F9A70214FAA31099F72EF39802D21794
:1073D0000DEE68084C18E50816F1A3ECD0F856D964
:1073E00060DECBFD391DC2EDBAF260FF880819E2FC
:1073F000A9F54A02D2EE1D092FF770035D08650654
:107400007B0731FF96F916FA47EB3E14BBD14E00CD
:107410001E069F1672F97E0E3E0BD601DA0C2CEC7E
:1074200038D6930BB8E830F7C0019E09F9046CF820
:1074300073FBC1F6FFEC54E6120A861499F18EFF35
:1074400047F37A055A0FA302650D61E9F2DC06F0F5
:10745000A5003AFA330918E5BFF7A9127DFD9DEBA7
:10746000B10348199C0D5FF7F5F7FCEE67F7E808E4
:1074700076F617E6DE03F50557FB66E9EDF935F715
:10748000880676FA2409A90B48129A05020C5F00B7
:10749000F0F67323BCF4540557FC9912CA054DF459
:1074A00000E5ABEED4ECBAF16CEA1BF649F179F9E0
:1074B000C6EDAAE6BE0AA9FECCEFD209621169E3C5
:1074C0009E0C2CFE6EF0381ACF12D9F617EECB03B5
:1074D000EBEC7506F4148D116DFA0203BCE31B117D
:1074E000A61A6EF724FE15FB78028EF6AA07FF1681
:1074F000D1E793F207DF0DE440F9B21B0EF4D0E8B8
:10750000C01B4225C9FC7A0451FE310D37F85F0DCE
:1075100062E98AF4C5FEEA0A34F47AF81EF6D1FF6D
:1075200059F91711DBF3450172E895DC61DA98FC33
:1075300040F765F0BAD9A2E15AF603D9F20694F8F9
:10754000A9FC2802EE0FD213050DE8FB67F4A9E2AF
:107550009FEF84F85F1094E584147FE3AA0EE6F8A9
:10756000E1EBB707F2EC97FD17155B0F55FCFD1328
:1075700045221809240F3F0A460A84EE7A187D1521
:10758000D7EFBA0FE5FF98F584E9C9FAA5FF3D00EA
:10759000EFE3BE1E7B05550B19FC3F16DAED27E71E
:1075A0009507D2095C14E612F9FCE809720255DD70
:1075B0008103010E3500C403F804D3F9CE0DBB09D5
:1075C000A31415EC7BF833FF82FE7209E4F78BF904
:1075D00004E6BAED73FF020B300DC0F9D3D58AE88B
:1075E000A9FFDE086DFAD1112DFFDD006615C50477
:1075F00044F842EE00F4EEFFF50EA9F3C30123F4C4
:1076000013FE6EFC4A13D118581FABF0B0EE4F0DAD
:107610005A065CFEE003EE021FF4911370032C1A6D
:10762000FB0176F02BFA5C060808C912CA03311375
:1076300039F644FDE2EA550245E71714F1098E16C2
:107640003314CA196806B3F4191A9E0A14FD7EE3AE
:107650004617DBEC93ED392277FA960EF5E53FEB12
:10766000311243E17BF4A4090308770EA5F88A01DF
:10767000ED0C2F102AF083019210C0D4A21217141F
:10768000BEF92BF9A90C59EFA7E0200A492693F17E
:1076900088F100EBA00217111E17C802FDF95BF973
:1076A000762095FBF6095DDD771EA5F5081744F6F3
:1076B000091B4EE34AE61612F9109A1A14F457F908
:1076C0007CF4D907AEEE4A0225EEB5F0AE04B7154C
:1076D0008B1F9A17B10B4C075B0A5D0CE024D2F7A5
:1076E00069FE5EF3EDE2650DD01E5EFA45E6280800
:1076F0002DE77002FC02A3152EF0511A79F1A2EFCA
:1077000093F9B7E89C09E9F152EC6DF224FCB70358
:10771000B90C75030904B0FC31DF3D0129F68D0772
:10772000130D9FF357056AF6F015FF0F56F607F98C
:107730005FDF8EFBA204F0E8E9EB76F72F0014FC84
:10774000B108AA15A7F3FFE467FD950074F0BBFF2D
:107750003BFCEB0F0305C3EDF8F02B00BF0E7805E3
:107760004F16D403A7092612C92ABFE790FD7F0050
:10777000FC1DD7FCF7EA0CFA3907B90D01133E0BD3
:107780004711ACF79B03E4F82FE5EBE101EB1C019B
:10779000DFF3540B56FAE706100C71E962F3560E4C
:1077A0000DF137FF33009EFE9EF3EAFBBAEB9D1509
:1077B000B60C90E9220C6407A20D99026A0FAAEB9D
:1077C000681FF3FA6BEDAA1457EBD5F61312571294
:1077D00092F372EF7AF5C0FFB8F4D9E0C00FDBFF87
:1077E000EA0AC20D58DC35EDB4FD51F80A14C01593
:1077F000671195ED13FDBE0A0A0A96031CF5C4ED48
:107800004BF938EBEBF1E81B460B12F382E8E0EFA3
:10781000390A2B0382FC29089A17ACF429FE42DAB4
:10782000B7F58B062EF41FEFD21289EB24F67EEF0C
:1078300085032810A3EE32FD6201FA1165FC12EFF8
:10784000E6FCB3E8ECFEC8FA5DFF5B2908E7640BD1
:1078500060F5101DFB19E10C2702DDE69713BC1D36
:1078600033FEA80C1717251A9C14EF17C6058B11A9
:10787000C70EDFFAD9FB2E064C0C332DC3F3CA0D0D
:1078800083163CFC33FDBDEAD906EBF6F30A52F24F
:10789000710032E8CD1072E7B0F4DCEDD608EB16DB
:1078A000C91CA014E5F8DE1A2B0DEC07D0176F07E2
:1078B0004A20B90056FEC9EC4B020E032316D7F43A
:1078C0007DFB70FCE7F461E860F2FE07ED054B0517
:1078D000FD133902580E81F79F1F4101D9E879FA4B
:1078E000721305FD08EF0D0AF51333122A0A1CE77F
:1078F000190CCC10360879EBA8F8010A9A133B1939
:10790000AB11B5F224F5F8F903DCFAEFCBD641EA76
:1079100095EE29F3151A490976F1C7F10912CB172B
:10792000770821F1550B5D064F02D40D0101FEFDD4
:107930002DF55AF616F149E872F6C3EBD708A407FD
:10794000070B350E67FCD61A750773F195E77900BA
:1079500049EDCB15FC03BF0327E85DF426FB3D0C86
:10796000230547FBD010ABECE0FF86FF39E6FE05B0
:10797000C5F6191076F1DEFF8D046AF6700C5FF023
:10798000D3EF8BFD03EAC00D96F5ECF9580132F701
:10799000E9F567002D14B80EF90223EE8CF285F09C
:1079A0002610BCF89E0BABE64FED990393042BF227
:1079B00065F42EF20C012CECE209142BE7E253ECF7
:1079C0006AE43AEB4D0994D8B4E17D0A7911B7DA4B
:1079D0007FFA27F027FB3825B400D004FCFFB92339
:1079E0006614E8FDC2D4CEEEEC0193138E08DF10CE
:1079F0001EDF38F2BDF9D8054206A7ED320F0703A6
:107A000095FDD9074D1C1A0BEE0AD10FBAF67EEF81
:107A1000C4F576F05306E4077FFA1C07FDFBADE1E1
:107A20005AED520240EC7BF35A1AEF031909E50EA6
:107A300046DF65F1DB0129049205D80E04F887F2D0
:107A4000B8EA49EA4C0C6D056B115FF703087E003C
:107A50001909621BB0DF4AFBFCF2590CF7F4100C59
:107A60002BEB69E0D8F23521A10E9EE9E8FE000675
:107A700071FC1A1C7FF02CFCE402B4FE1D1DCA052B
:107A80001F075DEA1CFB490CB6D991FE7116CAFCB2
:107A9000490608EB7FFEDA116F099FE9981014EB95
:107AA0001B0A9B0F300B83F97B1666F2FFFB3D0B25
:107AB000F0F0DE0C580788150208CBF6A50F790404
:107AC000FF149A07D31661EF910C960DDC01ABE31E
:107AD0003C08B9F88309CC0ABE040E024B1E890A81
:107AE000191847F4A7EB58F7E5230F09A8DCDE0CBB
:107AF0004DFA2813AC17E3EE251C8A0FB9113D048B
:107B0000F713E70C6C1142EAC6051900D8017AFC9C
:107B100062F82D1D3CECBB15E90E3A0207FAE8DAD3
:107B2000F5FB8DF01BE955FD7C09210822F731E4B6
:107B3000331515D8BCD746FFF91016EB66F5CBFC0C
:107B4000B71117FD02F16BF207EC05F8D61A05061E
:107B5000B315D0F30E082620BEEBBB0E4DF9200B5B
:107B60009A1AB406E3FCAEF6A506F2E7A2DC9CFE88
:107B7000850450064A12CAF34CEDC4E5AD14850BDA
:107B8000B7FDF20F6DEB2BDF5D0F2712DC0FA8FBAB
:107B900017F30AFF40ED9E038CF0E4E8ABF13102ED
:107BA0008BF63FFAF8F3042AC6F22A0E6507CF0EC9
:107BB0004810320A82E813F238133F0834F7E20B18
:107BC000870B470E72FA590195E63D1866FDBBF228
:107BD000A8EEBA06D4F95FF213FBA3E8BDFD53F695
:107BE0003017B2FE861323072CF8D3EDB0E227F549
:107BF000A8EF771042135B0B08FAFBF67AF06300EC
:107C00005A035DD334F05B0A84F22400AFF683F8A4
:107C1000FAF8C81118E184F20DDEF4125CF55D0E7D
:107C2000C40F0DE0C707F4E549244D0A70F186E260
:107C300065F222EB6E051E09E40E3BF073EE8FF148
:107C4000D1177D0F53F513F08E0884EC46F8F60E2D
:107C50003C0CD915E8068EF808F7A8F28001EA0274
:107C60003C0955F349F809EC0C116FFFF818D909D4
:107C7000CEEE52078AF671080E0A2A04CAF190F075
:107C800053010AF5B3E5BC0FBFF85218D9EE47EA25
:107C900032E0210AA1FBCC037BEED502C80CBE1456
:107CA000D508300891F5BFF1FC0AC2FB55F661E733
:107CB00046D9D008781562F2FD15DD12FF0AF60BE1
:107CC00004045019021254F1BE0132E8D70A3400FC
:107CD000C801340A3B16120F340586E3EBD44A057B
:107CE0008C19B71974EA85DCA2F36A2A56EC78116C
:107CF000E7E86E035FF3FE0C9FF3EAF976DFB2F27A
:107D000067270AFD521B56141AF500016F06F2FE92
:107D1000E3CB9211D3F546FF4FEAABEDFFFFE0F462
:107D2000A004490F62F64A15F1DC6A060210D9F484
:107D3000AEF5DA0B41065507AF011BF9F90BD2EF8F
:107D4000FDFD801CE60CF91246FA00FB74080F05D5
:107D500071EA87F248FB96125A0C69FBBD0B24EFBF
:107D60007CE97B1454049CFDE5F4560348EAAC0915
:107D700080F6CEF7CE12C4F859F29803BBF0FCF0AF
:107D80009DFAE20EE0EF1CF6D6FEFCFFB212C20C2A
:107D900071FAD10F730BA5F3E01868E56F0B900B28
:107DA0004AFAE1FE4DFBB60DA9F3E8003303FDF6F8
:107DB000BF1070F792F901FB6CFBD1F4E2162BF5C2
:107DC000540D81F579F4FFF1731D2DF8B219E1001E
:107DD000AD22C3FFECF60F02660D2B0DC20209FEA9
:107DE0009714A3FD1DFE80100E0776EEC3F74B011E
:107DF000AAEBBBF7150D1EEFF9F9FCF7330FA9FE3F
:107E00008C1694E2B4E7F514490139FFC1EE12096A
:107E1000C00F9BED1E0EE00F63F973F4290083FF82
:107E20000F0AC00765E568FFE0EFAD04AE1192F5FB
:107E30002DEE8DFCADE50417A4FFBB02F9CCDA02F0
:107E400013102BEDF60891EFCEFDC8EB00063DF9BF
:107E50000C1868FDF1008AE838F10CF915F0DBF335
:107E60002721CEFAAC1EE821A81E47EA0C0435FCF7
:107E70006416D4152DFD98007CF786EFDF0D06EF14
:107E800095F81403380DC3FE3F39D6002303B5F629
:107E900088FEEE132CF1DF1FDAF5E51057116AEEBC
:107EA0005D125FEDB1FD95FFD9E9D1240502E7D65A
:107EB00096F4A9E348FA02089B0711E5E61248F296
:107EC000A20FFB05431B1208CCFCB10449E823F7C1
:107ED000F215010419F18405F2F7991479167D025F
:107EE0000CEEC7017A0D950BC001B2EBFB1C87EDC0
:107EF000B3D6ABFBE80ACDEBE2FB30E1E5EEE318ED
:107F000080F6B019F9052B1815002108CAFA1FF8D8
:107F10005D066E1B1712CAFEA203F00A980051E01C
:107F200031FF9F11BF25A9D763034EF3F1F61C0C57
:107F300040F2EB136AF7CF0BDC0904FA24F22B10A2
:107F40005F044AEEE4EC5110DEF300E8D60CA9FB26
:107F5000FFF580EEBF03A300AA1240EF010DABF1C5
:107F6000E410C605980EE1FFB4FC4D0F5EF8041155
:107F70008DFBA202ADECFA14F6DE55F41C1C6E0863
:107F8000B8F796ECD1EC95F6ACE2FA0E7AFCF70B6A
:107F9000DBF7C100AE080CF974E844FCCFE48F0FA6
:107FA0006C07BAEA4B0D8704C1E2C7073518C70F43
:107FB0002C133DFC5E0DB9F088D63B0D33E4301137
:107FC00006196A0BBC1F1F04A3FD45ED2913CB0145
:107FD00049FE430779FACDFE18E4D3034506AB0901
:107FE00058F80E02411174F0F1F085EB8DEF7EF838
:107FF0006FF7D911100A3515C314F7EE96F2A6FBE8
:10800000271404F4BD1AF50B3411EDE9DD098109DB
:10801000EE18ADE148052B1CC1FB0E1A8202C31BF2
:1080200087F0F816E915D71930FC072671E75713C2
:10803000BD1A9109C5192BFD2EDD0FF0FFFC16FEB0
:10804000BCE6E40A1EFC8F1380FF58E6AF15360825
:10805000EB0654095A05841973062108BEF7B0ECE3
:10806000D4F58AECBEE2500CCA04F80581F3F4E9B9
:10807000B7F56D0EC100BE06DF1A040D5EF46E0F7B
:1080800068F6BE1F0A0B11EC9711FE11D9F5D81135
:10809000E80295FAA219D1FA2EFEE2F529FBFFFAC1
:1080A00039F88EF4E0F35A184814DEE96E11EB0645
:1080B000171FDBFB2BF740FAD608990848FE241A55
:1080C000E4175BF39BE58CF9111076FB411175EB1E
:1080D0009BE78FE2BD0454E67714620D96F372E3DA
:1080E000D10945E249E4C1E8EDDFCBF4E0F441ED2C
:1080F0005CF94205C10ECA00CD134CFB99EFC512C5
:10810000960B6DEAAEF808106B13FBEC53FF7BF394
:10811000DD0F42EA13E067FBF0068410A1F905FACF
:10812000410A66F16503351118E552F113FE26E6A2
:10813000E0EF4F006402FDE80BE7701022116B02C4
:1081400090F9C3ED2C0BF2036AEB6BFC670854E06B
:108150005D0006E672EAB303551B7513FC02CC11F1
:108160002CE8C7FEF0EC530784FEE423DFFA02029A
:10817000D30E850D120923F00FF1DE1880E52EFDD8
:10818000AFF75A0A00FD380E7BF270F5431667EA26
:1081900033EAD8E7C8E7362025FD541BF5EB250F59
:1081A0002900F712510C36E6BD1317139804650524
:1081B000570FF405C00DD5192301AA17FCF97EE964
:1081C000EAF65F13F8F7B8049B000E1892006905F1
:1081D000600CCAF41F00E4EFDB036906A50CA3FEE4
:1081E00016052308B0070221F1102DFA150F09FF1B
:1081F00041FCC9087BF73D109AF60C0E8E17D0FF94
:1082000081FA2915D8F33EEA9F06C1ED820C8AF265
:10821000C5FE2918A715F0E99B1149DB00F939D2F1
:108220000506BCF5C2F734F1B1EF0D0E41F9C21FDE
:1082300024FE56FDF307EE1166F784FE32E2E307F3
:1082400053F45AF24ADB97F13FF0F2E48D022CFF2F
:108250008905910340E3480DD60B4E15BCF7CA0EB5
:10826000DC159E02C4E4F01744E127F10AF3DD0EA9
:10827000ADF8D30CD30891EC1B07DBEDBBEE20FF70
:108280007D096914F5EAAFF383EEF6F825FAAD033C
:10829000F206451305176914CAEB8A10EF048DFE28
:1082A0004600BE0DD7FDB9F179FA59FE32024617E4
:1082B000E010E4FFAE1551FE15074A0C3B18E6101E
:1082C0007712D1F2E6F999135208FAFBD3EF31088D
:1082D0002A10EEF86903E5D2E4E792130CFF8A1046
:1082E000DD0AC00942EAD1ED9EF550F7BE115DDA14
:1082F0002F058D01CDF3CAF5A5E93119DCFBCAF0D4
:1083000083E75D066FF32C0FEAFE13EE06083B17BA
:108310000CF7110490120210C4EA73101DDBF5E98A
:10832000340B28E64EF9B3096ED6E6028CF71BFF34
:10833000761BC10EC8FB7B0DAD02D1E52F11692E56
:10834000FF1556F9C6E612F2D8E9A81150198BFDAF
:10835000A8EA79122F01E416FAF2CE0AFB0C3502D4
:108360000FEA490D890975E831F8D50CAEF32806F6
:10837000641892F07BD35200A90776F08C04E8F5DC
:10838000AC1785F1A0E17B03EC14471BCCEE19EE92
:10839000140CBEEF931F4BF79CFA3EEC58F6FDFA17
:1083A000200493EB091B41F6A21CDF0FA6FA0C1B5D
:1083B0002F11CFF5DE0AC70B581775FD56E70002DF
:1083C000ABFBEB1A7916EFFF16145D0130F4C4ED28
:1083D000E61567EF46052301BCFCDDFBCEF13C153D
:1083E0008216F8F791EB8209E7E1521753FBC5F3C8
:1083F0003DF1DF04C3F5A8154408EFF9591381F2E4
:108400005CFCFBF22A0BA9F15FF807F68A12820CDA
:10841000AF07F3F95E0AAD17B4F45605E40580F929
:108420004E12EF0BBF16211791F95F0CF20D580099
:108430005A106E013CDCBC01A1DF231466200AF255
:108440000CE8CC01DC0F2FEEF21C3CF960FF08E5D4
:10845000A00D24EA78029EF1750B6A0FB708C814C4
:10846000590E6406A321060835F3171760FF46016D
:1084700043DD6CFE050758F1F1EAF313CE06A7E9D8
:10848000322593F570F1AC04A3E6BAF950DE7E080C
:10849000871CA52122FFD0033D0B2E0B9C06DF0776
:1084A0000207A90920D8DAEA31FB15F9E20D8C059B
:1084B00001031A0876091012F003D80BA00F30043C
:1084C000531615FC3C0BDBDA9900BDEA9AE7181C41
:1084D00022F5AB1663F9E6E5BC131FE8E4F232F2CD
:1084E0006D0B04FF5EEE441F8EF9A5FCDFFFBE029C
:1084F000CFF6A1FA30ECD1F8120714BD47045A02A6
:1085000052084E0F2CFACF0A4DED8B0A72EB28F36E
:1085100094045A0477F781F83A14FD04D00EC60982
:1085200015F6C50715099BFBDB1570E72802ABE4C0
:108530001AE0F2081B1C47E2F1058204020B180A3C
:108540002FE853EF86055613E304CF03D9EC3F1C05
:10855000B0FBE92165F53CECF40459FF4F13A8EAA0
:10856000C1F73EF9D6F294DB3FF5E1010801BF15F2
:10857000070DCFF4D8EA66114B0FC9E4F6199A0338
:108580002EDDC00F8401C1F5C219231660E5C903B1
:10859000A5090BFF0EFFBCF79E1238016E093E0FB6
:1085A0008208F1FB15F051DCE6E91B11F111D90C41
:1085B0001DEB6C1769F37A03D1E05F0DF6FB6816CB
:1085C00038FCD011B9D83412A5087413F7EDB505ED
:1085D0009DFD0208D205070A6807A6FFDFF247F5EE
:1085E0007B07530AA1D97C19441B98FC6901EAF95D
:1085F000BEE981000E2066FC6CF8650656039AE51C
:108600007C0085FAF607130CA9E868FE17E26CFBFC
:10861000C80807F8A5E374004FF2560C1D0AE7FFDF
:1086200001EB69FC11181226220F96E6E0EB5519B2
:10863000F7F720EC8AFA19FB7C0EC3074CEB2AE40F
:108640003F03C30C19EF74F617FD940E1BEB601279
:1086500074F23CE827FB6CEF9E1274EC97F6F4E999
:1086600046EE19E6DEFFAB13DCFD9E04A0FDC01E46
:108670007802C6FCF9F57413F60542F1E61452F0DF
:1086800073F7E115FF11A609490E4709DF175AF0E4
:1086900046039E1145122BF4A7FDE510621C79F8E4
:1086A00073F54404D8F9B1E9150B17FFEE0559D954
:1086B000B1EC150C4521B0EC89107D0CCB08C40839
:1086C0005A07B6F115F25C14892CB2ED9F107E1991
:1086D000B016D7F06404F6EDC3FD48F5B3F92AEF00
:1086E0001605E5F9B5EB2714961BECF3D7110D0B26
:1086F000EE01A2FD541D2B07F8F12A1FAFEB070670
:10870000B51632F1D616A4202219FA0E3416AFFD92
:108710006110D2054DF900FBC81B4BF78FF4B3FA7B
:10872000FBEAC61B8A210EF10CD6C0E487DB530F8F
:108730009B0DDCE8790EDC04D9F9C9F1A7065921B3
:1087400057FA90F80B124CF15BF80113510944E908
:108750002F0FC6F5A9FCAEFBCAF89EE8F411E9108C
:1087600074051507170DC60288FF63F105238425DC
:10877000F9FFAA0A39EA81DE07E09AEE21FD39E124
:10878000F403B721BFFDE005220128F69B0998F804
:1087900069F220111CF67317230AD6FD821DA30867
:1087A000830770F003F080E37AEB29DFD9FC24F52E
:1087B00023F323FE8DF7F80576FD5E0D25EE441DAF
:1087C000EA1CA7F088D90BF411F6F8E7AA0C80E3AD
:1087D000D0F2B410AE10760AE1F50E0B71FBB806BC
:1087E000EDF007FDEB08B3F7EE0B02FD570590081F
:1087F000A1EB94EED3DECE00B3F61115C6D95C0E14
:1088000037FB2BEF550DD7007112D50D2CF18EF3E0
:1088100005021CEA0C0360F718EDB927F1F14602D6
:10882000D319E7EA6113BF173221D2FC641DC207D6
:10883000960A4E131C01F1FCF4EB690144D9280C93
:1088400074F6FBED521733F5AD020BF0ED05DEE6E5
:10885000821040F210EE82F30E0950DF98FCC0F453
:10886000E318FB2867E835E3F80FE303CDEA5B0E76
:108870004017FCF090F1470E6AFDDA1000F4530542
:1088800020141BFABF012A129DECF60EB3E4E5E4B6
:10889000250C1B0EAAED730DA710921C250A7F3420
:1088A0007B0D0DEF9EF5E60691E5860EECD18F0768
:1088B000260190F938F751027AF140EA9CD7FFEC93
:1088C0002AFF54181FF723FBE4F266E2BE1D7BFB70
:1088D000D61FDBF2B5FF0FFFEDD5E1E857DE39F526
:1088E000D106650BBAE635F391F3A5F551E26A11AD
:1088F0006EF4A7FDE002E802A5106CEAFAE055F379
:10890000E4FEF7F5E211C5FBFA090FEC8FFE24E750
:10891000D5F83A1272143AE9D60A280EB7F41F10A5
:10892000DDF51AEECC001CF113FAA10FA2EEE00661
:10893000B0EF93FFBEF2F7E453082EE64A089C0915
:108940008B15B9FA4A05D90B1AEE63066800A30223
:10895000DC0796E5BE19D1F27819BC2CC808651D54
:10896000C21BA1FF93E3DE098EFEA005B61DEBE658
:10897000781673D163F73A1787F0CE03AA0B24FA5F
:108980009522C32E6A09B903D1EB7DD5BF14BA0372
:108990000E038919A7128CFFD0DF8201A714D80A11
:1089A000FEF380F7D808A1ED6710C0099D09C3093F
:1089B0005EE6E4EAED1CA01360F7E5E778F6B7EAB7
:1089C0008D0008DF4A0455F464183F0CC9F7D51828
:1089D0007EFF32EE2FF7661218F7F20DD4F603EC95
:1089E000FB10B215C50DB9047A093514330A03F921
:1089F000CCE4B504E2FDF60268F152E2D4157EFD46
:108A00006CDE3D0488DB350DE61115F55CFE03F6E2
:108A10001107B804D20879F8470CB8DB9AFF290C83
:108A2000B1F24DEF0B127002DA0B620211F40FFA81
:108A3000A8E183082BEE7BF6AF00EADE140A37F6D6
:108A40004AF5530D7AF6F5FDA70070F31CEBF3130E
:108A500070FCE50A9DEFD3DC11E8F2F663FD68F3E4
:108A6000F00FE70BE0FF30F1A10097EAAAFBF50B4E
:108A70009D0909F1EA0E84F3741974F1A521B3F686
:108A8000860F060FAE0FB6052DEFF91F4BF06D0BDD
:108A900034DBB0F83D21F1F4DB0BA5FB73F1DC17FF
:108AA000220D71FCE7FC670236F9E6E3E2EEA5165B
:108AB000B40EE5EEBDEDBFF8FF005DEBE4CCDEF4F7
:108AC000F91502E8DB0B690104FDA710E00419F6B3
:108AD000FFEBDBFB74F8A41C39F26114B7FC95F5CD
:108AE00027F32B06F812E9FFFEE81C03F8F31D003C
:108AF00091005CFF44EBB70822E2390262F6CD0A2E
:108B00003A0597DE5BEA26F874EC680087DD0D25F0
:108B10005DF335154FF2A3EEE2E66EF5F700490975
:108B2000150DFD0DE50E81DEB8E45F2046F1FE0E69
:108B300068031A1C9007AE172CEA20FE45FF6B1441
:108B4000EB0F16FAD6178210DC0A69F9D0F881E922
:108B50001A15E8EE2A1339EB32F844F16916081CAD
:108B600073F674FB66EC9F132CDF1DF9B9013CF022
:108B700059F72EF1F0DAF4181A15AFF096ED04FA61
:108B80005D12670ED507EB026401E9F41B09E1E30E
:108B9000CC13322556FBD1FB1A00CFE965263BFAF0
:108BA0006A1036FF1B104608CBFA19E144134AF14C
:108BB00055F74D0AB91A4AF74E0852F438229F1455
:108BC00011EFF2F5070E8EFDA1F984F2E7EAE6FA5D
:108BD000A8D7E0F770F65D000F1459F0DEFEFDE453
:108BE0009CEE451CFEF12102F61366EBCFED05135A
:108BF000A003F812000BD7FDABF8DEFA02F3DA0897
:108C00005CEAD40B9EE2F60940DF5AF7E5FCF8FB7C
:108C100025F354F3CE08A0F081F423FCD9E5370DF9
:108C200015171207470FD31377003D12C3E890FFC3
:108C300062ECC10784FCA21705FD37FE9D03720597
:108C400062EE5F0F72F72EF4E907DEFE380EA20225
:108C5000D4E316E2CAF8E7FDC3E678ED7A0C39F8FA
:108C60001ADF200713FE9AE672FB3DF23724C60C8A
:108C70004010951104235618EDFADDEA6DEBCD0D89
:108C8000CDFA82F28820AEE8E6092B09A4FC8EFA20
:108C9000A6FF1B0FA106930247038B056A0079FD0F
:108CA000F201500F1BFC45057A0BDE032004F10690
:108CB00080FB37F86E05EB01D1095909DB0871FE1D
:108CC00081079FF657FFBAF93E05E7F191FBD00403
:108CD000400DCFF9B5FE1A007AFF550451089B08E4
:108CE000EBFCCD0822FBD0FCDD07610E2E06B9039C
:108CF0000401A80AD2056907DA002B0C7CF82CFCC9
:108D000082F632FF89031BF9970F08FEFC008805E5
:108D100099FEEBFEEB021803A2FE4C0667FAFE0179
:108D2000030664FA21FF3701BFFB3D085D0B01FD1F
:108D30004BFB80063DFD23FD9B00D903A903EB02FD
:108D400004FB7EFCDF038B0C1EFDAFFC6B05680291
:108D5000A8050CFE0AFFB7F8B0F4F3ED940E7E11EF
:108D60007C072FE779FBB8FEFD00AD0F0DF09210E8
:108D700042EF95EFE9164B070DF7F5069C0B43FC08
:108D8000C4F084091F044B00FFFC4DF683F031EA68
:108D900044E1D8078F0E6FF897013009E5FDE6F042
:108DA0008CEF4325A60FB10369F7B7DF7BF60AEC1A
:108DB0006B16EF1B911449E198F23603AB093BEFB8
:108DC0003B19A30BDF0943FEECF75DEB0EF3CDE897
:108DD00069EEA9F68E0772FA4601200300F3B70187
:108DE0000F1BC403F50E55F4AFE617EE8BF9B10A6D
:108DF000260955097C00020CABF9181427EB8102F7
:108E0000D201F5EB0FEFDE165D0126F040EF5B00BF
:108E1000C4FCCF17E5132B277103C9EF8DF557EA73
:108E20001AE599EC8AE116F8D4011AF069F875EBA5
:108E3000CEEB8709650A31EFF20C8F097EF4CAF692
:108E4000FCF377091206CAE2D4EE6CEFBFF391F29D
:108E5000D41EA2F3090D9F10BCE69A059606EAF609
:108E600099FC7F15170958FAFB0D75F63FF1CEF8FE
:108E700026F035E94800E71BD903F5FB0A05570939
:108E80009600D4DEA0E7B2020AF1ADE6C3E0450CDD
:108E90006605240BE3EFF4FD6A0B6B00E90A13F699
:108EA000EC0E9A1E231BFA12C3FF78F5DAE72508A9
:108EB000F411A40A0F0D510389F1B5E91201360727
:108EC000D000CEFC29FD76F7A5FA660613EA0A085B
:108ED00089F3B3ECEC1B3C139CE90FF749E863EC16
:108EE00067FBAD174D0DE6FE640828F4B0F5FB10E6
:108EF0001D0741E71E0793FC591041F46CE9B30AC2
:108F0000F715AEF506F7B8F9F0049103BFF0F4F4E5
:108F10001BFD5DFE76F07F1AD3FE1BFDF9F1E1DD4E
:108F20001008D1F95609B3FFDBE4A1F450072A1465
:108F3000920D4F1515E560F8CB0CCDFF7CEDDEEF03
:108F4000BBD94AF2E8E86E02DDEC81ED50018D07F5
:108F50007810A4071718F112FE0419F1D5015A056B
:108F6000C6FE8EF2E4F118F69507640EEAE5E5FC1C
:108F7000FAF454F9C3FDA3F386EDE60912F459FFA0
:108F8000592ECF0C4DE6CBFFC10037FFA1FD0CF1F0
:108F9000CE127712A719C5FAEA04C7EE78F5400495
:108FA000D808E4F810EFD9EF03095708AE10C8FE4F
:108FB0003FF2C2F610F91E1132F84A08110044F2CD
:108FC000180EE70421FD75F8AAFE68FD260502F2D9
:108FD000AAE12603BCF9B0F8C2FD6AFE0C044DEA12
:108FE0008FFFC80465047616AEFBF8EC70F990F3B9
:108FF0003604FD02190F14EE76034FF1B3F2E0E9E7
:109000004F03F1077709FCF5920495EC4807920CA1
:1090100071E9A1FC0A11380B72E7700686F1F9F7C5
:109020004107C30C47F623DDEBF109FFADEBA9E6E1
:109030007D1AD214D5137BF467ED910E42ED12ED3B
:10904000B0FC19F548EEA1F0801053E333EC23F0A7
:10905000E1D9FC1322F90CFB8B135808B3F6BCFDC5
:10906000532193F38A08830E32FE7CF59DFAA6EB1A
:10907000D4E7EB0C52FD3DF2581DAA22AEF95B1964
:109080009CFFD107A6F06C058C0CD6FC60F96FF242
:109090002FECA8F884DCFBED9BFD23DFC010C10C96
:1090A000A6FCA1EDDCF5A7FC61F3A5214C0EFEF3B7
:1090B0006D0FDAFE1D0995F9030F6D15FCEFD9F25E
:1090C000F1077AF9B20343EAD0F4E9117E0B21F6F5
:1090D00014E5391E7B166820741667FADFE93B0B2E
:1090E0000A09EC0EF2FE9E0D72F8F2FC6F1BD71F00
:1090F0007DE79AF32BEC15F69EF21EEE66EA450E1E
:10910000D31A8515B2107DEEDBDE57FC50FACAF794
:109110000B035C103DF6E120250CBBEE18120F0985
:109120003C010603E9E256E825DE0BF798E57F10DF
:10913000F30E27109CF1F7ED94F324F42010A8E52A
:1091400057EC1DE79ED808EA8812FE28620064F2F8
:10915000A51F1C0C5B0F23F1811A9018F1000BFA6C
:1091600091179C00211399F2C8C6BB02D0FF77FF6C
:10917000D718CD027DF0850460F7A10760F17AEA87
:1091800062F05F0AA4EE5A0CC80519022411981661
:10919000E8F2440077EF230E7CF1FB098EFC150505
:1091A0003809B000CBF53916710159F7D50DC7FC58
:1091B000FAF6DF0F15033CFB530CDE0DD2DA8B1BE6
:1091C000D8FB51E9F8140E0EF1F82FEB7FF7B70E2C
:1091D00061FCC1257F17A7010C0D31E825FB04F4C4
:1091E000A8F120F6D1FA1619720FEE060E1784E7D1
:1091F000521354F15910D315B50BB40E01FB6FF790
:10920000990CA1F414E5ED19410731EBB4137B116E
:10921000150B7E1210014BFB4402A8FCB0DDECEFF5
:109220005909C4F41800BEEC4AF966FB3EFBE90498
:1092300030EF670959DFB30F99F5E804511B8D151D
:1092400013FD5A21521181EEC3084AFF0E0DF40797
:109250000BFB0EFEAD059D09DC194F01ADF00108B9
:10926000D1127404CFCF44FB071C6E0CECEE3B0A0A
:10927000F9166D1D630FA6F74A080D04640B20EC68
:1092800033051114E014FC0655F56CFDEDFCEFEB15
:10929000DFF777E5B8112AEE11F7C8053F0B721812
:1092A000770D49DD81DB8902A2CDCD025AD2D815D6
:1092B000140DE005341A9802DEF76D11AF12F5199E
:1092C0001DFFE9041F14AAFF90FFCC0F300BBD1542
:1092D000D4FA41FDB8EA19251B0EF7103606DC0555
:1092E00016003DFD5F03820C080907039E1D08EA76
:1092F000CB1407E9ADF2530D7EF015F9BB1DAEF1AD
:109300002802B4F6690F600ACDEEB8F21FF8100F0C
:10931000D7FD4BE128056F1C1C031800D40DEEE3AC
:1093200032082A07E406D6FB10F2640839F996FBE6
:109330009BF7BAF148F433FF74F877F7A7F955E4CF
:10934000A4FD5FD5B9F7260B2FF3F4E254FED4ED5C
:109350008C20E01C83F7AFECAD00EA194C106302DF
:10936000F2EC77E00D0B3B05231A7F0FA304FDFC05
:10937000B0127B0467E70E1265234A007609620487
:10938000FC1ADBEB9A0AA4E6AD06C915C6FADC1294
:109390008208950F2400B807F407D10C4C0DF20891
:1093A0005C08190EC7E93BF14310540536E9DCEBC4
:1093B00013F12308331E681D9510A4F791EF77F879
:1093C00071EE36FF5E0EE702E1FD630651FD9F1B65
:1093D0009FF8650AFA1A3809E71575F86C0F101925
:1093E000C8009C03D60EED160F0086FF8CF599176A
:1093F0005E00AE045E0FF70555113DF67B11A1121C
:1094000091170CED58FBB0F10501780DDBF43B0D25
:10941000D70177F40BFD7E0CC1F916FF06E719F8AA
:1094200074154B11ACFDE91AFE151329E8E408E0A8
:10943000F9F7EAF65816A5E9D4F5BA11BD08FC0209
:109440006BE54FFEA535E80028002EEF3D1687FCA2
:109450008FF735118510A7EFDFF4AE056D138E027F
:109460004CFF9CE968006E12D10A58EA14F697ED99
:10947000C7F898E46D09E0FA541900134A14351836
:10948000EE07DBF7B30BABF9D0084018ABEE07EFF4
:1094900096131F17A40F4EF243EA8B1AAC1436DE54
:1094A0008820AC143EEDA30F0918B20DC3ED1F0FB9
:1094B000EF0176F0621A79112D071F1999F27BE9F5
:1094C0007101DF0D35F6F104B304D20E9509E00702
:1094D000A3EFF005E5FAD90844FD3FE1782507FD43
:1094E0008F010DF809FA8A0A3306990041F5E20363
:1094F000230673FF59EFD2F66B0DF92D71062BE49D
:1095000035E948E5A8F3A10A3DED0EFAC20DA9F927
:10951000251309FCBBD9CE0004197CF159FCE60DDA
:10952000FE10CD0A4009FA0F6FE8601577F43D0D83
:10953000ACF1D50FC11768FDD40A6D09F7ED0F0F17
:10954000FC0D03F31F0536F923F881F614164B0BB7
:10955000590805F278236CFE05F4320956F9EE102D
:1095600052094A04D6EDDD052AEBCC192BFE5F111A
:10957000461253F053FF8AFE75F2BCF3241C6D159E
:10958000C6EBC3FB7A0C0BEF5E0DF0FE7DFEE9EE41
:1095900031F191EC5C14E5EF8AFD78062709CF14D0
:1095A00037F82FE15E15BA099CF97E070613951866
:1095B0009F0BC604970C60F3661008F98C0E3919DE
:1095C0003E1676EFFFEA3E01AD06E3EE6B09C5F00D
:1095D000EE1D560959ED60FDD119CB12CAF6C5F63C
:1095E0004F0688EB4B04A7FAEAEEF6EA6513B7FCE0
:1095F0004F0BF4172713A0EDCFFF741D1B1861FA52
:109600007414D607A0E6BEEE11F6DDFFF60AC5EE2D
:10961000B9EE7EEDE21C6D1DC2EC97F16C08D3151E
:109620006019B30EF70523FA97F236FD1AFD9B0F6A
:10963000F80F4D09A0E8110F010454F79E0F030421
:109640002DF0DFF693F28AF30806030AEB087DFAA1
:10965000ECF28500201FCBF6EE04CA062AF2480F72
:10966000C219A1D71813B30A15088605DF114F1CBC
:109670007F00CEF9F7EC3FEEF6F1A3DA0C23C02021
:109680005E0E35FC1DF96FF927E52F050EF1BC0FB5
:10969000B7D01AF7BC02ADEB600005F9020C7318E5
:1096A000F50C4E05E0DB00E5941237069C115E12C6
:1096B00090E833F8E9F8990EBFEA1610F21831DC99
:1096C0007DF08606060F681407FF5C0C7419FC0F0A
:1096D0007CF99B0BE7FB7F07A0101DEB2DF7FDFC32
:1096E0000C067DEBB1DB050A53F533FD4EFD6D1223
:1096F000CAF01014BBF58B0616030A0D7D1A57FE2F
:10970000A5F1C213B7F95F00910E94F7D5F936FAB7
:10971000CF184E094417D604B9058CEC8AFF07EA26
:109720002BF75D165E1B0CE5E409DCF222F500DD8B
:109730004105A6EEB60F1DF029F7A1F3E4ED0EF7F3
:109740003D07340BEF14A3E0DDF2FCF45603A0E375
:10975000560BD3FC10F628078F1418FBDE0D120CE5
:10976000C322C1EED5EB4AF2E1F754F3CF01330047
:109770007407ACF329037AFFB1FB970D9BED91F3CE
:1097800007213D1400F8961419010CFA24EB35F06A
:1097900070E3340B5AFA9AE83B0456F1A50023F023
:1097A00087E6D110F300700EF8EC790736DE26025A
:1097B0001CF0091365FE51F04BF32F0640F78B02A6
:1097C000FA16D5F03CE84A0FEF0DCBE413F37D0910
:1097D000AFF02715D70808FF0FFF6CF6B7F7A613F1
:1097E00069EC7305B6F1D5FFF3E79AE862FCB3F0D4
:1097F000D6EFECE2E5077C1B4CFF1DF85206C0FDDE
:1098000006DFB8E8B302E11CA6E449F1D7F6E505A6
:109810006DEBBC1022FE7EECC9EE9BF946F4EBE743
:10982000471053FEE712A71201FADDFCDBE572FEDA
:10983000A81BF1F63CF2D1EB55F903FCBAE7BDF2F7
:1098400019F7D70C41F82A112CF0FDF860017614B5
:1098500088FF9A14AF1D76094B0D99F0C02335F49B
:10986000470EEA0C140BA100FAF22A04D8E8AE164F
:10987000CFE23F05F8070903CEFD4402D2F550FFC1
:1098800098DD10E70601890BC1FE7C1333E4F02557
:10989000FF08BEE957F2E0014309F80C240A62ED23
:1098A0000A1631F6C1D93F0F15ED780C01FC2506DB
:1098B000CCFB5BFEA908180BF8FB21ED62FDA6139B
:1098C0005CE6B5F4C20431FAEFEED3E4D5F2D7EE9C
:1098D0005013FDF50902CDEC60EAC6F11BEC4725FB
:1098E0000BF49DF931E7BBF0F80604F34517D919DD
:1098F0000BFD96F3890B120BC605F1EACB07F4EECC
:10990000FAED54E14D10F307D0F48E097E0FC30237
:1099100027090B14FF0A4C19DBF5B1EF521AA2FF0D
:109920002316C50499026CF85C08E1EC6302560E3C
:109930006DFB19FC83F5C30B5D11E6EF87F238EE82
:109940008B12B7138D1CE4F1C007F1069F0A46DFA6
:1099500097E9E6FEB8F09CEED107D702EC1B3A027D
:1099600049054E041CEE0CEAC7ECEAEA2D0A2A1659
:109970007CFEC6032AFAC4291EF793FC7DF555DC4C
:109980008C124D0FE5E79DF248FF73FE3A0551EA50
:10999000280ECA1228E3F5DAE9EDB51128143CF8CF
:1099A0008111241D30FC8822AEEDF906EDF10B1675
:1099B000B2EDDD0997EF40025A0F8EF6BD0F93F816
:1099C00034EA6AE78EF6C60C3DF307F328EF6DF430
:1099D0006D0CA11053F297EC95F9B4EBC900870612
:1099E00009DA7E1BB7F9051AACEEFDF097FD1819E0
:1099F00067117FF6C901FDE843FC011344EF1D0028
:109A0000F5041FEBB4FB16F0A3E2A40ECF0139005E
:109A1000AC0FD20C5F156211D2ED6315E211300864
:109A20005A16BFEB17EA47FD961C12EBFFE62C0B0C
:109A300065FCE1135EEBB704FC0187E7330E62FFC0
:109A4000ABFBBB0940E78FE8741A49128D1428E775
:109A5000EB066906201104F91D0CFE08150E70F3C3
:109A60007C10A7F59AEC55046A1042DA9D039A0619
:109A70008FF28F1D38FC37F317F9830AD10FFEF6EA
:109A80001EFF34FF73E5BEF55FD082017803330C0F
:109A900045F071F9110EC7F4E40959F4E41743F5E0
:109AA0005CFD27141EEB120ADF0976FB43F1B908AF
:109AB000A5E76908000A1908A8EED6F5350BC61106
:109AC000FC01A40BEA1F890777158BEB441EB9161E
:109AD000E7E5C70D760B600B92F2250F83F3DBFEF3
:109AE000C3028501D1F6D6EC650934F256F70E159E
:109AF000BFFCDA107FF52AF286083405760784F574
:109B0000D8F9D21371FA3515CAFBEA0BE6007D15B8
:109B100001F824F6DAF636048603F9127E104D0DAC
:109B20001611C9EE8307B9119F1C4C15CE11EBFB22
:109B3000A404991DE2FEDE1446F6C4E479FCF00AA2
:109B4000CD1282E257E426F558F698EAC7F5071BCE
:109B50009DFCE1F849FA18EDB10734EDC0EF610F53
:109B60007BF86903E2F8BC1C94EB20ED82F4F31B54
:109B700045D634F88A15D50933D5CD150F184FF3CE
:109B8000BA15B8EE73D8FCF02E19A5F563F5BDFB38
:109B900020038F134FF7830C1F15BB170FEBD8FD56
:109BA0001D0C1A129517E20533130801CE1EBC0BCB
:109BB00002F037FD4313A40C79EB50F28A0D390EF5
:109BC0008EF4580C9BD3E0FA020610E8DBD57EF247
:109BD00001EBCBF90DF085F2B7FA94F7051113FFFD
:109BE00056F593E8A2EE04068B1E7D0FC00A3510D1
:109BF0003307A10967EAF6E13D198524CBFA82F61D
:109C00004AF97E00AFF3DB000CF18F12C7E9CD06F5
:109C100058155A108414A80341F3381AA6FC76107C
:109C20001801F9ED0116A30D78168812041E99F596
:109C3000ABF71F0E3EEF13F7AB104203790A771B09
:109C4000C80EF410B6F78BE60401671458E45CEF15
:109C5000511E7D0610FEFB17E60050FA590F04F660
:109C6000480E3019D51413F899E7720D8107E9F5FC
:109C700015FD82197AFBCF09EFE70D0D5608110388
:109C80006A1D7FECD705BDEC6606D8FE59FB261889
:109C9000DEFF8CF385EA1DFA050563F8D1FDF8F6C1
:109CA000E30A53FB2F17000596041DE31300360D3E
:109CB00004EE8F11B0DFD3DD79F741FCDAFAB9D2C7
:109CC000A1F44E131FF67D12C003A30BBB02321783
:109CD000CDE2BC18E0E904E3CF16DA0AA5FCC8F22D
:109CE0009C08FE0C33FB0F0A57030C157C0630EB67
:109CF00097FE5BF5E0D5A50375EA2A0507EBE5EBD2
:109D000009F185E91D0EFD0D7BFC00EF670B30FFAF
:109D1000B90C4DE692FDB5195AE84DFBCEF4CAFFD9
:109D2000FF09C605340DE80388FEA6FEC3ED4BFB14
:109D3000E8F5EFFB8502CDEDE30182F29DFE2D0AF1
:109D40009BF52DFF3E09E80CCE09FDFFAD0D2F0858
:109D5000961597FF8A0AEFE231FBDF0D7FEC3AF1AF
:109D600078E85E05CBF026FDA50928EF9329660269
:109D7000B8F598011E049B0C6CFE76FC9D08680FDC
:109D8000BDEB32D573FF9403F5F89324D9F7DAEBE2
:109D90007AF119E36D0FF10FF10D671613016700EA
:109DA0005EE11916F1F0FAFD87E39108E5FF29F16C
:109DB000CDF7910DC909F8026CF59ACE5CF0052239
:109DC00087149316FD16840213F796EB2E0024F0E9
:109DD000F21D7BED49D7A61CC7F0B2D881DE78F71B
:109DE000CB096210D6DC37DAC1040D0886FB66F9B0
:109DF00060E59E0C9FF441F466EDFE0210094CE80C
:109E0000F3F193FACD0EAAF69312B71338FFC9F9FE
:109E100000ECB602DD10E108FD1076EAFF0BF1124E
:109E200070103FF7BB11AB0BDBFE630D990618EB0F
:109E30002FF77B1C610DFEEC89E78602F70DD30C32
:109E40004B12D8033CDBAF1484F3BA105B03550DFF
:109E500058EFC1F142F52812560CD32C430BFCD815
:109E6000C904DBF1511412E04A0074EBD80527084D
:109E7000BD0A111303E2F1EF3B18F800910D8DF0CC
:109E8000881055E7EEF3321A28FEA4F511F5830881
:109E90009F23C20E12D589EF111D76EE5F03EB01F1
:109EA000D4EEC0FE4E1011E387F5210516002EF307
:109EB0007B08B813CF1077D4C9100314A4E86CFC46
:109EC00061E4ED0DD8FC65FF05056607861218FDF7
:109ED000CB1005F3F8E737F4D00321F9AE1AA2F25C
:109EE0002E04A5FB45F92CE941FFFD0E13FE41F3BD
:109EF0000CD512EF7412CCF94A0C2F07711126FB06
:109F0000A205D50D12EBAD02460B68112407F10D29
:109F100085F555F71AFC2B080803290692028C12C6
:109F2000EFEA0704FEE6FFE4631561EBBC098FFB73
:109F300087E0ACF905F713EC6508600FEC12130528
:109F4000CBFCB6062406CF0A3C1551EA17170B06C0
:109F50000C068B100ADD51F2E7E4E61549E8DEF95C
:109F60005FECA20443F162E0B6032EF2D809FC1DB7
:109F70008A0E45F137FB700E320637F2C4F56B02DC
:109F80007BFB41E9F1FE6D1395F4450B5DFF640722
:109F9000450EDCED8C1C9718BE03B00CA707B8EB80
:109FA000D7F71503E4E8790C5CF4D81005F2341700
:109FB000E8FBEFE9981474EC4DE5CE13D503B61425
:109FC0004D09A3EFE3E956F74DD1C5DBF4FEDA1AEC
:109FD000C004F5082CEEAC07DF038815DDF08BD745
:109FE000DAEE320AD80369FC76FE5FF98DF6720765
:109FF000C22E12088FEA411584E1E60C3CDAC2FE5B
:10A00000620BF316A7F5C00120F94E00331C68FD62
:10A0100067E20C1939F328FFB3FEDFE4C21252FBEA
:10A02000F2E951F5090891FEE8F34B0AD2278319AA
:10A03000DF069311F6F130F494EE38FE9D183F09D7
:10A0400040DC5CF98EF4FCFE1C08E203732409E397
:10A05000D1F14B0EC8165C008D016F0ED1FC11E7DB
:10A06000371754F7DEEE77091008ACEF7AEF06F1F8
:10A0700008F7111014F551EFF4F7F50D72EAECE85A
:10A0800086F5050097049DEFBE0EB1E09B091D0308
:10A09000070583F39B09A9FBB6F4D1069C06650C62
:10A0A00001F523EF3801AEF9E5E98D0BFB145E20D5
:10A0B000D6027604A0FD45FCD9F252E86411F206FE
:10A0C0005F056E0688FB40048CFF1707DE127FF2E7
:10A0D000E61087EE4AEB501107FB441B2CFED2180A
:10A0E0005CEB45123DEE9507C20114FEA006DC07AD
:10A0F000E7EAE3F32009AB08F6EA2DEBC904501BAD
:10A10000F002CEF1FA0C07019E0DBDFF2B19641A67
:10A11000E81B3F0F2AEBDD00FDEA8EF09C032C02CA
:10A1200080E59CF5F8053103BE093721321246F26D
:10A13000B50138FEDDEC21FA6C18DD01990E79F7D6
:10A140000B1A1B09FBE25A071706BC02A7FC4415B1
:10A150004E1B83FFDAE4CBF4A701F2FC17EF84EB8C
:10A16000FC1509FA3E092DFC1E0456071702AFFF25
:10A170006D064F352AF0EC18210859F7CAEC4E1538
:10A180002CF376E899FA0A0F4B04330AA1ECD9FDB7
:10A190005C05560D51F7F2F687F9710E3C180C1458
:10A1A000F312760396DCE0FCECF2731004FAB511BE
:10A1B000A419E20A9712DDF6B7101E075517F7FF2C
:10A1C0000521F1F73FE34E0081F0702144E46EFC7D
:10A1D00045081FF2F7F7B20E31F9FBF13D0A04F41E
:10A1E00033006B039D0D91F26EFE1D0916061609D4
:10A1F0003B1486F8E0F40C05F719A9DD28120C0DC4
:10A20000C0FCA8F25AD695EC3DE41C0724EE760378
:10A21000BDE92413AB11700AA1FDDEF5F3EEC30511
:10A2200003119CFA7B1D3409140AC10F71135000ED
:10A2300046F039FD88F334FE250271FD8EEE00DD17
:10A240001822AAFC7BF32612E7EB6208401759FCA0
:10A250005C0BD807B9205212A0FE44F10A0CC7DFEC
:10A260006BF98DFC330AF21319FCF207E90367DF7F
:10A2700046093EF6B7026518BD0B35051D0D6E1675
:10A2800032F91704D7F1FCF051F39B0E180E8E042F
:10A2900075027D0C4AEDD818A106261BBA1BD10702
:10A2A000EAE6500D7B14F5F1B2F41C01F5137DEFD5
:10A2B00053070000BD14B2F9D4040CEC10071912B6
:10A2C000C3EA75EB64FDC402D0F929FD9DEC73FA75
:10A2D000010F0A09A4EE03FC9104BFEDC50D32FC89
:10A2E0000ADE8FEC790C5018A0E6B9111E103BFD68
:10A2F000F0078F21ABE703DAED1BD9F120F4B8DFCB
:10A30000CA1EF2FA46FDA508BD0B8624A5EC10FE78
:10A31000D3EED809DDF135F4CE066519C7F1E3E0D7
:10A3200001013EFD311249FEDDD9F0E19EEFF5015C
:10A33000D9022D0E84F07501C4DE1FF7C11AA7F7EC
:10A340007DE7C9F7AC2954F34F1D58082B23AFF311
:10A35000C9037EF0140BC4078D08CD0253124502C9
:10A360009605A613B10BF4EC87EB3C0BF315DCF56B
:10A370008A0283F541FCED0D9EEAEA011E13D1012C
:10A38000FD0018F41D0BDD136C075C00EFEE40F0D0
:10A39000150B7605ACEE91FB55F5BC0DC704EDF23F
:10A3A00073F462F33018AAFC97103C08D7F77D12BB
:10A3B000D0FA98F07A0F33103BED5FF2B106B40992
:10A3C000C2EF59FCC01171FC801321075A13F4F03D
:10A3D000D40EDD12E2FF33EDB50E11FD390FFFE4AF
:10A3E00086FDEF06A0F3EB0CF4052802491631F3C5
:10A3F000C3ECAD00B500C814E0EF1E34F8EA7305F5
:10A40000542ABF1E310D421074FE6F005D1F780F7D
:10A41000E2F7AB03BBFD841763F7280CDC20670F62
:10A42000AAFBC6FBFCE959F3810907E656EF210BAD
:10A43000D8EBAF0782FE05E1ACF83C1AF6084ADD1E
:10A44000AC0685FE4AF5BDFF7D222CF58A0FBCEFD8
:10A45000FCF2E00BA000FD11A1141F02BBF2980555
:10A4600005035819370E97FCBBE8F7054601481657
:10A47000360BFC05D31CFDF880E9B3035DF0200C1E
:10A48000940BDBE2480610024AFA3AED7D0997E99F
:10A49000CA08E1F9D4FDAB0A01E9080B1AFE6FF80E
:10A4A0003613A6F921F04F083CDE580A9B1012160D
:10A4B0001413F80BE6E60112C7F690FA0AF69600B6
:10A4C0009D0A2EEC93025B0FC2FBF4FEBEFD7D10D5
:10A4D000DCCF531D28FDB5EB5AD36AF4600D0AFD9D
:10A4E000830D5D0855F6EFFDEAF2B60F01FB400162
:10A4F000511411FF0F1AD4FE8D136BD6AF057D02D8
:10A500008FFED7FCD0F642F05FF93E0958E8F6EF2F
:10A5100099EECD093907D6EDC2EEE5E81E0CEB0049
:10A52000531497F8A4F0E6E87800BDFCDE191CF897
:10A53000F6F002FED12DB7FCEE1AD200E308E2FBE2
:10A54000600359F63CFFC603AEDBECEB14119D141F
:10A550002EF34E221BFC37F589F31710F9FC01F698
:10A560008DF3231083F2C3E1AA22280D69040C0B9A
:10A5700083FEC0F878063F15CF146FFB67EBB90E6A
:10A58000D11C570D790D9902BCF7E0FBDC09A8122C
:10A5900059153C0987F56AECC0047DF71D0A17E4DC
:10A5A0009A00D6FBD1F1E90ADA1AB20BA8EF3E0BFA
:10A5B0005500C5F553E0B016CBF4A3ED2003F9F92F
:10A5C0008D0CC20FF2DED311D2034602E0037CEF02
:10A5D0006513761735E391077DDF860797F7D00D72
:10A5E0009D07711259EA721E60E39D0A031122143D
:10A5F0001715901B34FCFBE395F49713391A10E5FB
:10A600009006310E9FF95EFBA6EFFA01CC155604B9
:10A6100088F47327BDFB68FAD9FB9B096605E30242
:10A62000C816C322BDFDFBF7FEFB710205093CED18
:10A630009B0693127BEA4BF0D908EDED9320E8F4EA
:10A64000E1F598083EEDD1F75609D6F607EC9AF7F2
:10A65000FBFEECFDDEE68BF2FCD9BBEEF2FA35EF49
:10A66000ED009AF921119D06B0E243E2AC0EF5EC43
:10A67000D5ED0A212AFB6620D9FB68E643E86A018A
:10A680002112B2DDB5FDD2F45CFD2EFA36F9E81CDC
:10A690001F062FF55B024EF01E0D5FEF1AFCE7055B
:10A6A000E30E150D8DFF730037F0B7040F06A0F908
:10A6B0002E0121F770F1F2EE58E23E04B509FF0ECB
:10A6C00047275CF947E86E0169E760F12A1652F303
:10A6D00038EFF9F48B0237EE62014EED66F2D304E7
:10A6E000D1034AFA2F0C3B0A4014FCF284F13810D3
:10A6F0008C0EAEF3FB1A1614770FC00F580B4AECF2
:10A7000046E9F1175F2193F107221BF7630617FA59
:10A7100090F608E5261151F4211257F9BF01772B65
:10A72000100AD1EE080DB0030CFB3BF14B06BFF94C
:10A73000DA045B15A0F82411C1FD9504C1F243149D
:10A74000FF2461EED301E00017F20FF335FC090B93
:10A7500013FB270CF3EB12F869EB43E7A2ED5F0163
:10A76000F2F2AE144709A2001BF93C0B6105C7EEDB
:10A7700069F43514E405F107AC0A9F059F09AAF0B6
:10A78000D9F36BF28C05F6F829FEDFFB54F20DFECF
:10A790004BF512FEDBF9580659083E08840D2B11C3
:10A7A000F4F57BF9BDF00DEEB1F2F6F3530D68153B
:10A7B000B4FC7615CFFFA3DC96FEAF0B7A074204FC
:10A7C000150983F7AE096AF5F1F8BDE4AFF688FE26
:10A7D000240AB51B0601630EBDDD3CF5CE01C2F1B6
:10A7E00058F90519E7FFE20762112C0B2C03371A01
:10A7F000DAF469EAB8F52708ED1667EA34043FF899
:10A800004600ABE989F9ABF098054C078AF5371497
:10A810008418A1055EF34FE5A9E048E5CB07C2F82F
:10A82000D3FE4006DFE3F300E0F6B0FC2E04EA13AB
:10A83000ADEAF718B0EBEFEA04FF47F26002B303AA
:10A8400062003611E205EB0803F5D1EC44EF9C11F0
:10A85000170EABF5A013C2EA59F1400BC50B281532
:10A86000171A84F4CAFAC818F4F62DE71FF08015F9
:10A87000070C1AFDA8FD9C03BE0C7D16F10976009D
:10A8800025F6F20B8EF35CFCBF0E66DB1A202FFC64
:10A890000A055D078EEAB6D8FFED4B080C0B32F7C0
:10A8A00081FC88FDA0FC39F5400C3AF7B21728F975
:10A8B0008EF155F6CFE2E3FB5DF528F05C01631302
:10A8C0004C0BDAFD29E3D2F8A0015CF8290ABA1D85
:10A8D000980385EC5B1251FE5022AC028AF6E71712
:10A8E000C6F23C02060B2F1489EE82FA980FF5028D
:10A8F00068F816F6F51D6C14A4FCD9FDB2FC7400C2
:10A900004D0D2001C6F20CF8FFEF99FC57035107DB
:10A91000BFFD80E4EE0A70F861F97BF0B507CBF17A
:10A920009805EFE410FF0CFB5AF724FE40E66B1C81
:10A93000E61AE9056009673A7F18D713212DC50E7D
:10A940001E012E02EFEF86DC84013BE937DFBA16E9
:10A950000300301E550AB7F3CFFE4FF6BAF7F818CA
:10A96000CC07A7EE8105EBE83DED8AF9DCDB4CFA7C
:10A970000AFEE6F66D16BCFB00F0E912F4DB10EF00
:10A98000EDFBA6E7CB1B9211DAFEC2EF35EB77F4B5
:10A9900093F7AFFAD1FC3F1A28037C0932FE5C051D
:10A9A000C20CB8FDE10BDA17C1FA2BEF1E1A6CEDE1
:10A9B000E0FE81F1400337FFC60EB60F970AF8EAB2
:10A9C0002C0AF7091D00860EDDE64F181AF49D1CAF
:10A9D000A61127153FECA0F762ED08FE7EF61203E4
:10A9E000C0E129E583FE8A0709103B18AD0C870EEC
:10A9F000C5E48EF4971079ED1AF5590BCCF19DFE54
:10AA00008C0A2207AF030F053D055C184712321769
:10AA100018FC9A0797F94D07D90F1A0C35EE300537
:10AA2000E4F59C1231E133F9ED1037EC80F9CA11ED
:10AA3000060C501204E1421E321F01E1B313AEEFC7
:10AA4000BFEDA60E9AF6C308AA16CCF30508A1021C
:10AA5000F1058DF7A6F8D815C019FC1173EC35F87F
:10AA60005902931F4FF933F3B0176E1073FD550160
:10AA700070EACAEB6F07D7FF231695F7270E5D180C
:10AA8000A700A2147BEF68EEB6125805BD094D175A
:10AA9000970B99E7F90A10160AEC010AAFEA04FBD2
:10AAA0009912DE0246F45F12011164F1891957E927
:10AAB000BA13CEFA24FC98F5AC0BD30DDB1A2EFAA0
:10AAC000F8109306F91A91EFD5E79A0258E60EFFAF
:10AAD0000D0EE1F7271B760D98FF81329FEEA9211D
:10AAE000730EBD04CE09600459F4E7E82C1E25FE60
:10AAF000DE049AE31DF9C81914F4281C28F14E0548
:10AB000069F76D1205ED24F3E6048FF3200BA1E83D
:10AB1000BC119F00290C56FA561C01F17BFC7601F2
:10AB2000D3F7BFFD2AEFD7EDAD133FEA850D1EE841
:10AB300073FCB60D1C05471DC9E489004330D1FFE5
:10AB4000DFF0E51779FC420055E20EF9E2F24EFB28
:10AB5000A9FDDCF4660471EC88223AFDD005A20759
:10AB6000D2D4A6EE460A6AEE9DEC420E550DC3F114
:10AB7000CBF0A2134AFBBC12A31CF4E91DF72C0670
:10AB8000080CC7FED4FF88F8BDF03DF95CECCAFCA8
:10AB90007111E8F630EF81F702FF7EE9A515BC13CD
:10ABA00056F1A8E1CEFBAAEE7503D5F9DD06410A00
:10ABB00051ECE208F314C900FA0879F80FF7D4044D
:10ABC000C0F7C4073C157814D7E4D9E15E00C6FF8E
:10ABD0008006C9218C1766FA0C03F6F0D5E8780FC9
:10ABE000E6E67913AAFFD31162077DD8A0F837E211
:10ABF0000713C30BD30C94F1C2FDF0F09EF5C80E01
:10AC0000F804E1EE4CEFE1F6DEEF11F955F0321900
:10AC1000D3FBFEFA6314FE16EA1BC3EA41FD590B8F
:10AC200010FDC10CF60120FF49F75FFAF0EF330584
:10AC300095F031FAC905E60F0314E9F74F18B10092
:10AC4000ED0959285B05A5F641177406E308A5121E
:10AC50000E18670E2602EADE99108F189E135B2EDF
:10AC6000AFE2E40195D916055DFDAED48E071FF75E
:10AC7000300FCB0C780C5AF88DE8F0FE73F0612899
:10AC800080D0B2E790FA380D85149504AA1346EDEA
:10AC9000BE0DF707B9F046E9670B8FF3A0F2431733
:10ACA000EA0647F69B004EF7171F811A3A04CA00BE
:10ACB0004CEC4AEF52066710A8F42F06170585F9E9
:10ACC000EE1391EE30145F0B6B00250C050496F427
:10ACD000B2E89F0C1FF6E2F4430CE9E4BDFA72F906
:10ACE0008FE8B1ED5B1BE1F8561515EA1D0A2D142E
:10ACF00018ED32F032E94EFB4CFD71F6B602251725
:10AD00008C020A02DFF847F5090A33F12AF091169E
:10AD10004F16760B8C13CAEC421C951B2EED8D0E34
:10AD20000BE86EFD0FF8FF20EE12EFEE2813AD19C1
:10AD30008EF205FCDFF3E60266FA01F1F2FEF60997
:10AD40008D11C7E903FA8A09F7FD57123917F3F78E
:10AD50008BF4DB070EF9BCF9FB05B9F58AFD570347
:10AD60007609A3FB96D8B5FB70FC6505EEFF050ED2
:10AD70007E0A3511F6F20B0EFA1925F225FB1BF8A7
:10AD8000B7EDABF2A616F3D21216320D6C00C30B60
:10AD900041013CF32E1033FD03E9FF0951EFBFF1F0
:10ADA0004DF2BA0D4D0F440AEBE8A50BFF1BD6166A
:10ADB0005FFDD1FB5614CA019F052CF609136100F3
:10ADC000C8023D0BCF0004090AEEB8FFB315E3112A
:10ADD0004D0E15FCC90258F8CFE6CC0C27FA971097
:10ADE000EEF078E51E02DD0E721CCE002DE7071294
:10ADF000B1E87B192F11E70DC8040EE5D20A5C36C5
:10AE00004C0E96EF080E7CEBDFF6650B6D18130504
:10AE10002502F5091B0FD7F6C213DC0C13027013C1
:10AE200018F43FF09C1263EFC0FFA11B8D1D13F7B8
:10AE30008F0922F186E6181371186A0C23E5D311E5
:10AE4000CF045B0A08044AF08BF402F1D31A3C0DDC
:10AE5000B6025A095F048E1067108FF52200A90D03
:10AE60009F0FECF001F5F4037B1201ED0FE9740480
:10AE7000E705DA1396ECB1FFECE7BB110C07C6123D
:10AE80005010FEEB5715DCFE990016F42217F0FB6C
:10AE9000F307D9EC3205870C4910B1096F09100F7F
:10AEA0008FEEF9FDB7F7FF0441FD88F595E711EA4C
:10AEB000F8F08AED890BCBF680182CD15C0B891346
:10AEC00024F0EBE8B2E2C9FF5AE53C12F520461245
:10AED0008910C4F79A0055F4E010A50273039F018E
:10AEE0006DF05101EB02ACECEE0F4CF1DEF999057F
:10AEF0006AF90207FA01E1072904AC08B21254000A
:10AF000055079309AEEC94F8E0E71603C0F91FED7E
:10AF10008BF947EDEEF471181E0F8011AFE62AFE93
:10AF20001EFC2BFC07F481FF4F08EEF389083A085A
:10AF3000EAFA65F202ED39F5E90E880656F1630684
:10AF4000F8EA7D087FF6FAF8700D8B06690B3AE88F
:10AF500014F7540FBCEEC3E5B5EA9AF3D2FC8DF4B6
:10AF6000EEED09FA38054BD0F9F062049FF57DFC4F
:10AF7000C5FB7606FEF3580972D90ED3D217083FE7
:10AF80006AFB52ECA206B5E011FD1710A01301EC0C
:10AF900029F4F9FC6D04061782F5C2DB99E75F1FFF
:10AFA000B6F9C1F38A094EEC7A10EAFB15027C036C
:10AFB0006CF4D7F74EEC8FF82F045DF2760EFBE0C1
:10AFC0000E120F026B00C6FC8D0060F804F05DFAF3
:10AFD000AA02B90CA1F35205BB063E18720D67E92F
:10AFE000A4F5A50DAEF5F0F9110EABF839F7D5279C
:10AFF000F503E1FD10065E0DADDECB018805B10D58
:10B000000EF5A61AE8F6C4EF12EF3916C301EBFEEF
:10B010009FFCFDE2F8EEF3EFF1FFD202140EDE0F1B
:10B02000F2EF670E60ECE4E68723A3026F0732EDD0
:10B03000DA0D40E6F00C29F383FA8BF24D11011082
:10B04000B0FA47F4CE0546FBA609BEEC8EFCA9FF7C
:10B050001DF62714ADF5761191E72DFBBDE49BF6A7
:10B06000260580FAD009FF017FF2A711C2EFFD008B
:10B0700094031807E6132B31E9FF3AE030FE291D4F
:10B080005203870BE9E44AEB9FE469F1A8F2271029
:10B090003B0CB7063B0AC00AE3016EFE7ED4750B7B
:10B0A0005A070A034EF47B059603C9F2370B26F2C2
:10B0B000070B79EEE60423E45206F2FF35FA03FFAC
:10B0C00032F715FF60FBE3E9DB1222F3EAE44E0EF0
:10B0D000C2EBF91400F8180FBFEAFB0CAAFDDBE67F
:10B0E00013F590E7E9F8FB1980F92DFEA91129E67F
:10B0F000D7FE0EF93BF1F1FEF2E6EB00BA09B7E834
:10B10000950DF2E7A213930336F8C91574ED0AF012
:10B110003911B609341854F824FC9B0C6002A202C1
:10B120000C0A66038713C6EC3C0F67E6210EC805C0
:10B13000E80C45FB0B14B4083801B81A03FAB8F34D
:10B140006FF2C9157B104FF2F5082603561129F549
:10B150008118A01396F2BF0FD80F93E1F3F461FFAB
:10B1600074ECAA130700CCF6061B3EF0580692F2C8
:10B17000C3C7AA1BE8FB471928226E0C37E95AF20D
:10B18000A80AE715AA16160BBCEC2CDB9EF941FAAF
:10B190007306F0089EF64413EB0DB0F7E7FD02F5D9
:10B1A00002E9CBF7570998065CFCB00882E6A4F0E8
:10B1B0002FFA17F404F1FC225117AFE521FE840C9D
:10B1C0009B0A6716F9F09FFA6816E5EC600AFEED37
:10B1D00093EF1DF2030BFBEB3AF5F3FADFF483FD7B
:10B1E000AA02D2EA700BB9FE580DFF041E1F5708C1
:10B1F000D713030342EA98004FEB471BC6E09906BA
:10B2000034F4E1F2260FF0F3ED108D0C3B10EDEE6F
:10B21000571BEC1D7506FA0767DA2A069E0F4600D3
:10B220008AF6F5EA59EF7C224D163AE291F0611365
:10B230008EE25BF611F273000EF82C0210ED950908
:10B2400039F8EB130AF7A007A8E9830C2EF4220FB4
:10B250009D18FEF963DCC4F7D305D6F5BBF32E11B8
:10B260009201731905FDF503D1F875E81BE807FE97
:10B27000AE145DF204E71F1FE4F452EE5E0007FD1A
:10B280005C1A38FFB4E7DEF792E7050D6313B219D5
:10B2900019FEEFDC61EB01FC70F9EEFB8EF62C0C75
:10B2A00097F192068F004BFB5110AD0DF3DF9E1509
:10B2B000B2FAE201F501770B7BF909141C015B1E60
:10B2C0005A21F3079C02471295092A02C2FC3EFE4E
:10B2D0003BF16E0D86EC00FA96FE6A1770F5880C4D
:10B2E000CAFFAC12DDF2CC0B00F6320DDBF784F8AE
:10B2F000CC06B5F46FF358F29D0071105DFA7FF241
:10B300002E1C80EE4F00D5137AEEA718C300C20E94
:10B31000FB0422F483FC87EB7901DA10FB121DECAD
:10B320004A09C2FFA90C5BEA9D1420DEA813600144
:10B33000C110C10EFD0584F8ED1194E9D40BBAF7E4
:10B34000E5FD09107419BBFF52176F035100CFF6CA
:10B35000A5FE1006C11335D971191708CF11AA0A15
:10B360005208D31F4B116EDB63EF1BDD1DF9D2E7D3
:10B37000100183F91FFCA803EA12BBE6E7F6820777
:10B380000C259512EDF863F43E077304C307FB1018
:10B39000F80A052735157AF3D20D1701510D6CF80F
:10B3A000C82093F1F8EAE0FFB607431B9CF7FD03C2
:10B3B000A3F4541B2DF0100267E5490807F667FD5A
:10B3C000C908AB12C818770936F21FFBF70F9B02AA
:10B3D00014F736FC66E9BE23690853F0AE031FF884
:10B3E0009415A90009F0270070F4E907F7E6B116F3
:10B3F0000CFE4E10FE03BEF24F10DAFAFEFB55ECC7
:10B40000C3E2B104D4E6A60069EF4CFF300E9A0CFB
:10B41000490738DFD6ED5A028907BDF2DE0B9702E5
:10B42000BAE501F1DC12400759FD8E172A18DA0E31
:10B43000E0EEC608030FE41B12120FDA4C0B75077F
:10B440001EFE2500D409CFED8115D70A47FBE21275
:10B4500046FE4BEB070F93093FEC01FB8DE7DF1135
:10B460003D02B0064BF031F6FAFC3B138416E7F9C7
:10B47000C9EC040E52FED2FB10EA7706FB19260631
:10B480001FE57E1A4B0A83E161158EFF2B120B001C
:10B490001819F8FAE6F0FF0EC016F9F6E71F960F36
:10B4A000D30AB7F86905BFF4A30FD502450A300CDB
:10B4B00040FA71EE7706470D2ADB0E019DE4AFFCE2
:10B4C0000DF014F88EF02A10090E72FBAF1A0C0161
:10B4D000C2006103A9E915F1C9EE7D02AD0573F162
:10B4E000F5FCC6E174FE61FFAD1DD610E4137208D1
:10B4F000B7EC76E7D90337F79E0E431D140FCE172E
:10B50000CB009EFA55F1D21AF6046716260208F807
:10B51000EB161F02D618FB1705EEA6E7D9E26F0857
:10B5200062EA8904EB0D08F295FB650C39F18EF89F
:10B530002AEAA0FC1EE8A50DB6FAF010310457DD8A
:10B5400026085BFD41F67F04E1E3190EECFEFA0FDD
:10B5500086E58BE7A4FA1301AA116218A80EA013BE
:10B56000D616BAF3270945F162FA24F141FBDFFB55
:10B57000A6E62AF889F6600F6D05BBFCAFF68C07CE
:10B58000EEFBEA1B7A0F7EFE4B0C59E913E801FC37
:10B590000DE5D8013D0CD322C8138EFFFD1AE20938
:10B5A000D8F97502A40D91D04A0F8B0521F752F4FA
:10B5B0005EFB65F3F7EC3DED44E1C0FDB9E1B60D8E
:10B5C0000CF243FAE6FA6709D315A00A35FF8FFE9D
:10B5D000FF0501DFC2F141114E00F7FC3E0271F69A
:10B5E000F80C40FD0A13A304F7E9C3FCBAFA39EEDC
:10B5F0004AD426F742F4AFF7BBF2AB0569FCBC09AD
:10B60000261D31162BF0CA0C80F60BF46BFB1008CC
:10B6100042F6BBF85817D10651FD6D0494F6991304
:10B62000B70ACF1266061BE7C1059304C5089E1230
:10B630002CCC3B0EE8EDAEEAE0FD35E980ECEA0FFC
:10B640007E105E1DA70B7900791136FE9D133CDE3E
:10B65000BA125004C016F3F1240E941A980B39FD57
:10B66000D01D4710D7E20D09CCFB26F6B5044E0CD1
:10B67000CB04880D180D2EF4D0F2990D0BFE33ED8E
:10B680008F1891F2CE028C058EFDBBF3F2FEFBEE1D
:10B69000B7F76AFACD0D2CFBEFFFD81627F7722308
:10B6A0003D22070A50266EFEDDEE7DFCF6E9FA0823
:10B6B0007111622C5D1D49DA89F647008DFAF8F2A6
:10B6C000C40FBEF3F3FC3D0DF10D43149ADD3CFBBA
:10B6D000230C41EB94E93E0CD8043C0E0DE60DED35
:10B6E00031F9FAEBA1104F2266F1F5F3400CF1E1CC
:10B6F000B8FF6C019C137AF07E0859F4DF07FA1644
:10B700005E0244048CF38C0FE80258EEA80343F762
:10B71000CFEF97F5BE1BF9F6D506CBE345EA35FD2D
:10B720001AFAC7E72B123B09EFF4BB0CB8F17D07FF
:10B7300037FD76D6DFFF8BF05817C508440B240180
:10B74000CE0556F798F956F7F1FFD4E5DD199AEFD3
:10B7500030EBE5F86710CF1D0C06D20583F7180C07
:10B76000F0E5450523FCF40B110A56FB350BAB0F36
:10B77000410EE1EB2EF7A5FFE911EE02B01A030826
:10B78000AD0348E9A41280F7901161E92912C704BA
:10B79000BFE582E76B1BCCF1B7FD13FC8CFB0CEB18
:10B7A000DF049EE30D0F440E21FCCC04DB0232E4E7
:10B7B0004BD476ECDF0C25E81C0959003A0DB01784
:10B7C000A30A6109BD0B33EB4608FD076012BE02F8
:10B7D000E2007AE3C3FF84F85703BB1601D28D1150
:10B7E0003CE6CCEE21059CFC6D08CD109FEE1207C7
:10B7F0002BFEF1FFEBE22C118AF98F1FB70CDFE86B
:10B800000CE0D5FD9EFDEEFB9E07710F2808A212ED
:10B81000C8DDD8081E1A3700D20427F790F8B3F510
:10B82000271899133D02AA0CD21A83F6A5EDF60348
:10B83000BF0B0CEFB2E3C3007908CA18BEF385EF63
:10B84000DBF266DD491517122D0AB7152AF04206FC
:10B8500029F339FE2006A4F0B3F270F17DFD5B14EC
:10B860003F2235FB85ED721B7205BCF02A023DF7C5
:10B87000CBE7B7E38BF7BF0782ED0BF5BF08DCFC26
:10B88000F5FCE8FA2EFB33F7B0E603F5E609781687
:10B890001C095FDB94F2D5FBA9F9E7F897195A0B5D
:10B8A0007F0AD013A7EC22ED37E785F6F1FCD0EE46
:10B8B0003DE8FBF041147C16990873FFB1FC4B0C7A
:10B8C000121CBCE96FED9EF47CF041F4060B9F0066
:10B8D00020F2D7F508EEB80BE013BF0FDFEDAEF3A3
:10B8E00073EFB1FBFA17C7EDE4185D1050E74EF6A1
:10B8F000D5E5F906ECF59DFC0FEA781E4602190421
:10B90000EC2BD7FB37FF3201BE17650AE62424F77C
:10B91000DAEE99F1680B52F8F6E6A10C3D05F1F864
:10B92000831CBFE447E314E6C804C5078906CDFBC2
:10B930005A23040861FB4A0FA2FEF408A10B0C076E
:10B9400079F968053B0881089A13D8DCF11B20F2CD
:10B950004F104B12ADFB6BEDE3FAE90366199AFB4E
:10B960004D0179119C11C6F465057C1EA0E96B247C
:10B97000B0FB01FF92EFBB259FECFA03661385F144
:10B9800087EBF50E93FDC9EC05FB4D171A0032F657
:10B99000A41DC10CDEF35DEF07FA990A901ABBED06
:10B9A000401D1F1CC80DE3F07E0DEB0D98FFE52236
:10B9B000D7DF52F4B4F3770D241284FDF1EF4BDF9F
:10B9C000CB23D6F491025E0D0308C0EC8B2836F42D
:10B9D000091A42F67F07CAD66B1092F4B7035832A1
:10B9E0000E00E00B4AF64C179B03F702B806DB1774
:10B9F00054023A0992F5C404B91B2121E40B6B1ED1
:10BA0000AF0B9FFB9916A7F7E0EF2407AAF4CD220E
:10BA1000B320C5FC4A08541D97150D14890A9904D2
:10BA2000E311260872FE0A1C56F5390791FD9EF0B7
:10BA300079214A0C7A0C2107AFF06FF439FF970691
:10BA40005610F11258F1590EB2180509F8FB7BF6A1
:10BA5000C40FEA11DDF6650E11FEB3EE540F23E3B9
:10BA6000C7F61202C6FDB0153AD82AE7D80D31E85C
:10BA7000A9FFAEFCE4008D0D02F7630C22029702D1
:10BA800016FE66196A0B28063E065CEAA0E9E61F68
:10BA9000FFE018F9E0F83DEE04EA43FB09EF471038
:10BAA000CB1B4010E9ECE7FE551C0101B1FC15F081
:10BAB000771C4300F3218CFFFD0B4A078E09371BCF
:10BAC00046F8F2F7F70D85EBFF11A7DD2EED071B0A
:10BAD000533770F0EB1A4909D914BDED14EAAAF7EF
:10BAE00059026ADEA6F481063AE3E000E5FAFEE1D7
:10BAF000DFF114E521EEF9FE17F7C7FE400ED2F78D
:10BB0000591AF4F6CEE9A9EAF8F3B3F488170DF55B
:10BB10005BED71F2C70AC2F090040C01B3FE08F1AC
:10BB2000FF0B2F17A9F8D6FE59E368FE74ECCAFD87
:10BB3000790294042E00670DCD0322EAD1111CF086
:10BB4000FE062B01A20C320D71EB02E859053E01F5
:10BB5000CFF0FE06620C58ECC40E1D0BDE15D5F1BD
:10BB6000DAF5B7EE3C12CDEDA206020A000644FF5C
:10BB7000C00BCEF268F808186518B2F6B0101807B6
:10BB8000EDFC5DFF0FE806EFBD14C2E5E3ED14FA2E
:10BB90005105B8152D0364FFE30FE007DBFD8AF7BD
:10BBA0008E03A103D60EF9FD99F8801AA316930708
:10BBB0005EF6F4E86CF88508121AB1FA170F190A44
:10BBC000210419F72813E6EBE60358109503631ECA
:10BBD000211C96155100F51395FC18F4DD0125ED97
:10BBE00084E7631B85F874096D14EEF88315260E3F
:10BBF0004FF93B06CD0A16F8A7F0CF22DCFBAFF7D2
:10BC000075045DEC6203771F0111A2FAADF820FA0A
:10BC100091EB63053AF16424491210EC401187E17D
:10BC200026E11EF41F00BEE640F496F347FB080E23
:10BC300067F5FCEC23149F09DBF704EA5DF45E046E
:10BC40003E0097036A008A03C7028EE9C7F13607F0
:10BC50006BE8F104FEE99AF794E8C413B8FB54F2D8
:10BC6000A30FB9FD5501FE10EBF6021B5CFAF705B8
:10BC7000B80B6E126B09C9061EEA2A00F900AEFB6A
:10BC8000B8F978FFB8F30E06E505430E69F34506EB
:10BC900003F143F5060657EFA8F6CCFDBB0C29E8E7
:10BCA000DF0BEAFDEBFCCBE5BC032EF613097CFEB3
:10BCB00099107F1269F27204ABF4F4FCFE0013F4E5
:10BCC000D6FAB41190FA5EFE69052C0034F07406C1
:10BCD0001705EBEED9ED4CF696053509B6015AF984
:10BCE000FB01941025056F0021E5A2071D01F5F168
:10BCF0000AEC32FCFFDFB8E2D110F2E320F6290FA4
:10BD000092028BE57F20540F9FFEEAFFDCF3E8E709
:10BD10008308B5FF881B21FB7F02CBF25EF042EB6C
:10BD200076F1A507ECEAD002E720010893E3480882
:10BD3000AE0234FBCCE5CDEB7FFC8EEB90EF67E100
:10BD4000C51419F4A516B3F19017901AD4007D0C00
:10BD50006FD91DF7680603FFEFE4FF0CCCEA180F5C
:10BD60002EFFE90A190600F5E9FD62FD86FE92F252
:10BD7000FFFCD00A73E9CD07D6F1AC13010C3CF3FC
:10BD80003A0AFA1129104BE73B086C2031F4AEF85F
:10BD900052E8B9F9EBEE23F198EA8DFA8F002E08FC
:10BDA0004E116AF7C4F901ED40F277FF5E0583F5A5
:10BDB0007DE5640ACE05D9FBFDF6FE0CC5F1C4E9AC
:10BDC0003B0F511A2BF5E9E1F8082D154CEDFD005C
:10BDD000A305FBE8A8077213DBEAE8E99EE62E025A
:10BDE000130023E8270A0E015B1C61ED2EF6F4F325
:10BDF000151DF3FA04D398F82D174FE6CDFA9AFAE9
:10BE000098FB50E473F5840180EC2EE611F8EAF714
:10BE100003F521F4D00ACBF8F5FC50ED700981E967
:10BE200089FC2FF7FBFA02EA9BE019E6AE10A4FAB0
:10BE3000580824EFCFF3B1F626FF64FB8C082C07DB
:10BE4000E6F27DE8A9E8B9E9BC17AA16F5061709D4
:10BE500057F8C3F775F5641BF8FF30F8D9E8DC0F25
:10BE600047F0B6EE83F0AAFB35E3320B15EAA9F8EA
:10BE70005BFE6710510370120C017DFB43F7BCEEB3
:10BE8000CC04990C4AF9280E4F071C0F8F10D9EEDD
:10BE90006FEFFEFDAC0BA7049EE924F03AF5DFEA54
:10BEA000E7F486E6A3F61CF2C5F89FFE13013F05F2
:10BEB000080DAF0545FFE205BC07FAFC8FF61BEA4B
:10BEC0009F083A109AF360E6AB06A10EB602CFE3E4
:10BED000DA0EA2E49305E71332F84400BC056C05C2
:10BEE000B209AC049702AEF521FE6EF9A6065DED2F
:10BEF000D9019DEC0BE95D0BFF13F0EDBAE5B90537
:10BF000007F9ACDAA7F85FF096EFEC033EEC3C0FD4
:10BF1000230170085EFF290EF1F3CEF70FE8000A47
:10BF200023FE1EDF9706C6148F12EF0D73FDCC049F
:10BF30003CF883FA9C0454F797011704F8068FF62F
:10BF400040F2E8FAAD0E86FCD6F47DE851E94404EF
:10BF500036FCBA1818EDF8EFA6032B1366149B13E2
:10BF600063D7E70F2BFC590395058AF877196C0BFB
:10BF70001B00A2181D1317EB5CFF67E04300781449
:10BF800038F605065800800CF60329EA400F03DA5C
:10BF9000AFE7DFF69FFBEC05140643FC8312651246
:10BFA0009A0E71E0740F270201015FFA50F965F1F2
:10BFB00069F02F16B017E4FF47ECEF0BCC1A1323F0
:10BFC000B70BF8EFE4D0BD01C8E5DAEFD1EACCF564
:10BFD000DCF77D0DB8FFC51FD4EC75F793E61DEDBA
:10BFE0005013FC14FAE94715D5FCEFD18F11191B3A
:10BFF000EC11CDFD080699F15A10B50CF1FECD05F6
:10C000008BDC6F0FD604440B63F0F4EDE209ED0A0C
:10C01000500BC1E8CEF25A05260A27068EE97708AA
:10C0200052DF8DFB1010480B80133A051BE260FBBA
:10C0300088144AFB23DC7401580199045A1EC2F784
:10C04000F2170AF9D60E03F745E8471B380D7F01B2
:10C05000E713331A92EABA0FE8E2E7DD2CED4EFC63
:10C06000FAFAB91B1BFC18FA8BE575E74DE3E606F7
:10C070001A0E411CAB1CDEE442E95002A510390740
:10C080007C04FBFD14F399F9EDED28F910143A1135
:10C0900049E148081A1A59FF350667EDC70DFB0A32
:10C0A00035F5891819EEDAF6DC144C02081126F57C
:10C0B0000205060FFFF8FDEE13F619E3B41265282A
:10C0C000C80BC3E0CE0BA4FC0915BAF91700081D74
:10C0D0007219D5083AF5A8E20316F7F1DAEB7216F1
:10C0E000F9F2C3ECBE0BFDECBDF09FECDAF6592083
:10C0F000A6F640126207180D2BE52204F918EBE9A9
:10C10000880477E786F38B0FB40BEF016FE6050821
:10C110004C0F041B2D137E0F87EE84080FDD710971
:10C12000F9F6A61529E95A065A16D216DDF11805B0
:10C1300034E1BB11B5051205480EAFF1E3F1231749
:10C1400048013FF78A0764FCAA1B65F1CC0A01F39A
:10C15000F2F96101EFDA81FA5CD178E4F5FB501174
:10C16000B3F281100C12ADF5C4F4F80542FE790B60
:10C1700015F7340087112CFB5CF97F049AF179EAFA
:10C1800071EB43FB191C9DF405EFFBF8A2094EFF70
:10C19000F801A5FE9FF0B2F3CDED800EE1FA92DC3E
:10C1A000531532FAAFE84AFADAF6A2137BFC22F60C
:10C1B00030FA4D11A4109A004E1228F6A30E10E585
:10C1C000F319D7DF130820FCD907E9ED34E4BBF3FA
:10C1D0006210C7F44DF969EF9FFEA1EB6BF3EA0023
:10C1E0005FF759F5C51EDA0E33ECFE126DF75FFEF0
:10C1F0003203EC16E01D4E0098F9ABF16300151CFC
:10C2000063FC34E55FE674C638127AEBB9F70A0FBF
:10C2100071E641126FFA85EEAFFBC4E579EB4CFF96
:10C220001AFDD7F024025C00BE0995F71F0C6001CF
:10C23000270034F79C115D12FBE7532A7E0CA210F5
:10C240001E1483F7240E5809061611DD8EFAF5FA2E
:10C2500003E54F126CF940F5E227AD0E5FF0D8E42C
:10C26000C308E8FE8EF88E10C505BB06BED8B1F235
:10C2700068F3EC0544E626E723EE2D07CBFE07F82E
:10C2800041091E0D6A0789F1EAE272FC1808E5E728
:10C29000D40561F68900D2FD8DEFCE0CF40DE61CBD
:10C2A000F0231AE5D319F1FC8F0CE8FDF113A6F782
:10C2B0001B0F091462FAE6F5CE0E101AF4F2D8FA42
:10C2C00002F231012EE0FC19AC1A37EDFBEF6017DA
:10C2D000A90A34FFCEE749FDD8FBC2F0BAFCD0056D
:10C2E000D1169AF6F1E3EB10BB137E02D42C621147
:10C2F00089EA68F0461482FED1F6E1F50FF1BC0E32
:10C30000ED1B471AEE13141B94F1EDFF3FF78E0659
:10C310002D02E3E8DF10D2F7F10290F8F3DF400ED0
:10C32000B5070011560A3B0045E7D405FFEDAC1BED
:10C33000E4FA5C1284058BEAC3FA72FA561300E53C
:10C340008C268CE97AF33C153CF757F29BF18B076E
:10C35000DC0503F3070B29128EFAE2042F0CFCE232
:10C36000E9E7781A630E6A12FFF71CD9551861F3D2
:10C370006D0F33FF25EFC8F2E9EF6909C712A20379
:10C3800046F93B0044E317FDEE0A6BF9F601481746
:10C390006EE81B06FDDF170BB2ED361FAEEB08F2A1
:10C3A000EE09421845081CFB030156009412F60ED4
:10C3B00055F65FFC8613570531F3F00620EE4B1659
:10C3C00040F50CFB83FB15E86FFB730847037E1DEC
:10C3D00027E5D4E6E0F5C6052314BDECD8EE92EBD4
:10C3E00077F984F91DF96607EE08BDF101076CF0D5
:10C3F000FF007906D8F020FE541454FF80DF661643
:10C40000A7F31A11C50D7AEC98F2E3EA6FF6351B23
:10C41000A607170463FF4710A9CE960912192FE447
:10C4200002F8C010A6F2B40DBF0DFCF023EEE7F643
:10C43000B2154AEB24EE7CEDCC2268FAF62014E229
:10C440002BE198EE2FF9A20CCBFC970290F841E774
:10C45000B70ABE07C711300DA1F2B7060307F8E708
:10C4600033FC1D0F2C1041F8B31019F4C4F618FF5B
:10C47000F8FA79F27B0B90015EF6C00C252770E884
:10C48000DF0094FC04F21AFB90FC5715E30B7307D2
:10C490005709ACFD2CE6E4038D1126FFE1001A05D7
:10C4A0007E03060AFAFAAAF290D53B0303FA8E102D
:10C4B0000EF8DEED34F78AF197EE19F075F995F97B
:10C4C000D6FAB00A3F07E301D0EEB61527F72516D6
:10C4D000C910C5F3FD07D3EF770DE6EE3FFA4B0029
:10C4E00006F150F2F2039BFCC9F08516100241E9F7
:10C4F000860A23F14FEB3BF2472718FBA912B7013D
:10C50000CE0267EDF800F4FF18E95716C2EED8EA3C
:10C51000A6FA3DF85AF2B3D9531A0D1C1C0ED90DC8
:10C52000990D43E4DAFD0BF59511D7E4DA07CD0D4B
:10C53000E50BFB0B4307BD0D6918540CC3FB6505E8
:10C540000EFE4DF7E80101E482F910E13DFA3119E0
:10C5500066F125149204820480FAB512F10B6DF194
:10C56000AEE5F1138504ABF2A306FBFF46EA6D0CC2
:10C57000F411A4F6791304127712C906C6F9AFFBB9
:10C580005DE27C0E2E2104E9700F3B0930FB28E7A9
:10C590007BFFB4EB39095A0C66145FED8AF4F9F7A6
:10C5A000E12E5DF853F522F29405FEE90FF4F0FD5B
:10C5B000001326050CEFA4F9ED02D7F09402E6FD76
:10C5C00069EAF8F129E78D1F7DE0260C0FF58ADC7A
:10C5D000891E2704F6E95D0650051EF374FD7B07EE
:10C5E000A3EC1908E41425FF9E139B1C02EECBEC70
:10C5F000C6E49EF4EA077EF80BFDCDEA980AA00394
:10C60000B2FB92FE78F56D123816C7077AFC6FF50B
:10C6100041F724095BF7250572F453113DF15DF5EF
:10C62000BF11EA08B0DF22D3ECF8DEE10A00ECF635
:10C630000A0BEFEEE2F94911C1F1C9DDDE03BB01DE
:10C640003128181354ED05FFA0E829EE9B19FDFCD5
:10C65000C30A380E6507F0FADD11E5F5DFF3EAF6F7
:10C6600055EC0FF8220D49FD4316430D990CF20EBF
:10C67000F523801B8C09E200DAD81C012E0F9300F1
:10C68000B217570B2D04510EF1EDB600ABF87F1722
:10C69000E40EAAEA02F36E0B4D1773F2100916F5B9
:10C6A00064F953FCF403D3074B0C86F37BF5E1FAF2
:10C6B000BD009DF370FF5DE81307B0E934E8F7F3C0
:10C6C000D521A9020D0300E563F1F406F906D4F9BA
:10C6D00033FC09F90CF4C81C9EF28A148C134E1515
:10C6E0000213BEF37B0B6FF6DFE9CF0D7406ACE6E9
:10C6F000C5F81C07DCFDAAEDE407ACF3B8104C0D3F
:10C70000A1FD5B1FADF0F8F3BA148812DBEF94F3D0
:10C71000EB080B0C6D0134F497D830E87DF14C0137
:10C720009B0AA4FD59E8C5F9D1EC18ED68072C0661
:10C730002A038C16FBFB7CF3440B5F13DA1CEE0917
:10C74000FC066A1BC115EE080DEA98F6A30ECDEBA8
:10C7500025E2F4F707EC34F4E212200115DF8C1522
:10C76000E319DA025C1C781A8B08BAE6FDEBFE19B5
:10C77000640375F4110E53FDDBF2AAED50F459FD7C
:10C78000F10E6EFB8FEEBBF12BF99F1012FA410EEA
:10C790002715C61FE20FFD0F2F09FF15520A10F8CB
:10C7A000D505A020FF13E800221661193617740E74
:10C7B000770CD602530C351C38F9831D030595F010
:10C7C00097FA6DE104E9091997204F0D99DFAAF74F
:10C7D000C0F1D0E557EFD81B55130414EBE54A021E
:10C7E0008CEDA5096203C1FD78F58D16590130075E
:10C7F000A3012A086D01531306038907AD04C8EE8F
:10C800008DDFDD2876016209F1E78DEF510A34FEF4
:10C81000B60EE50725F788103AF2E1EEB0FE80F893
:10C82000E5E41F0C20EBC80D3D12BB0324030203FB
:10C8300030D81FF51E0D22079EEB60FAD20CDAF7F6
:10C840009DF6DCF73810D71760F98BFFC1F80A188E
:10C8500056F17C083C093C1E670F14F16F0D110165
:10C860004D010BFB7C0054FF5E16DE0974F6EEF7FB
:10C870009DE04BDF121EED0F230A55F890FF3501A6
:10C88000E2E9ADF6A0F3B30A2210B21D73EB180172
:10C89000373621F5B207A818C3EC59FF6130EC0C0C
:10C8A0009E0499FEC4083904A3048FF9F6F8E00742
:10C8B000D4002AF98D126DF40B0E54F52B0578F582
:10C8C000E80EAF11B92E5DFE4A205618A912A90430
:10C8D000890208F7D913B10EAB1BF2FC441D4803C3
:10C8E000A30F54EF0AFBA00A29F1D5F1590A8BF3E3
:10C8F0009C0A9917D0ED521218F7C7060EEF66176B
:10C90000BCFC80F9370F510B940F96FA5F008DF83D
:10C9100002FEEFFF35E41D0538FA81DF491EC7F836
:10C92000D8EEEBFBE10BE6E865058F12B210E6ED01
:10C9300050F7FAF820093D0C100D4CFC210750F57A
:10C9400045E7E411661383FB320FEE1B0F0A421C0E
:10C950001CEF01E1AAFED9F7AAF3A30BB211480715
:10C96000A7FBDD0680069B0CC90FDFFBA117020C9D
:10C97000650477FA9101652DE7105B0157FC8E1B6A
:10C980000C1A1A10BD0983E88104B5132B1819FD80
:10C99000C6FBFD0155DCE3035D11D6F5EAF039EC89
:10C9A00045ED9615B70478FF781825FD0614E401C7
:10C9B00026FF0FF4A611D5DA8417F2FD09FC5A17E9
:10C9C000EF097DF9B40894FC6AFB00FB1F16CD0F3C
:10C9D000CFEFA9F7E41C7DF36002B10CD51DC1FCBB
:10C9E00053F182109611BB0C0AE9FFFD81EE0C1584
:10C9F000D1F7AF14E60C7B125DF687DFD2FD77E846
:10CA000013F978E8D200601281EEA4EA65F522FD00
:10CA10005F0DC9E6D7F456F246FB201F81F5071FCC
:10CA20005EFC70006108B71B78EB24F7200A1AFA45
:10CA300005F4640252050300A61C7403B4FDE8016A
:10CA40009305CDF6F9FDDA087B13BFEB9DF79FF157
:10CA5000680BC503920B36EF57FC080F7FFD97EF6D
:10CA600041EAE20C67E88BFCD507FAEF4EFD380B84
:10CA70009CF216FD900364FE4F0C9AE98AF61D0F96
:10CA8000AFE326F9B117D4DBAD09D20C91FBDAE2A2
:10CA90004916E5FD080364D5BD08F3E63A18E4F944
:10CAA0006C1D04F7B20C1C0BC5EEF0EC370AE0FE6F
:10CAB0005ED476EE3B16B30FCBF724139EEFBAEE9F
:10CAC0003FEBCA0B7BFD1E0FCEF3BBFAABF784E541
:10CAD000AAF5870330019507B21494E206F8A9E697
:10CAE0000716441344F845F38CFBCAFA730363F842
:10CAF000390C4302FBECCB19080FEEFAE61D02ECF1
:10CB00006D04E6FAFE033AEB640001DE2F05C10274
:10CB1000E4F3470A831646EB1CFACC0198EA95EC3D
:10CB200081FE200919EBC4086B0A5F15221764F215
:10CB3000E30FD50C6EEDD0FEF9F9ED075CF0960C25
:10CB40005BFD9DFBC6F806FF701C291A0E01CB1673
:10CB500095E80B0092EABE0B66F7F6E99FF8EAEE5D
:10CB6000D300E707E3FCCDFF68F9A6FBD1ECE20EAA
:10CB700087119AE90FF7D1F010EF6EEF7F0077047D
:10CB8000D9FAB9F62A082110021788E62F161105DE
:10CB90005A0393F9F001EAEB50FB1C100109ED2058
:10CBA0001FFD0211E40689FDAFEA00DD34165606CA
:10CBB000F6FFA2EE2DFE63F330E321EDA4E739FF8B
:10CBC00068F21717D7F22801380F3DFFEDFCB40AC1
:10CBD000B2F2EFFBA6F2CC07D5FD5C172EEB47FCBB
:10CBE000B104A4F51FF8F12375E70106D2E8ADEC16
:10CBF00069F436F2400E1AFE0EE7BD0E08011BEE78
:10CC00000F11670B74F3620259FAAC0043FE8C0DEE
:10CC1000F7F688EE9F0D9F094C05F9E77EE8D50BE6
:10CC2000D1F15EF6A00612EE691232F6FAEB5DF073
:10CC300061E95603380144E6F4F13715AAF5CDF958
:10CC40001EFD26F046F9C718F118BE0597070EF528
:10CC5000ED0A35FFDB106503B70463F1F1E7260A3F
:10CC60005FEA1CFD931238F7EB16CE0F15062FFB6B
:10CC7000ECF7C803200B4112A2F76E096AF5DCF449
:10CC800089FA2CEFA31CD8EB7E1909F312F98C0B4F
:10CC900006F2AC0BF6FF4FF5031710F2030BFD0C79
:10CCA000BBEFF3EB9EF18B0BEAF385F59AFA46FEA8
:10CCB0002EE864FCE8EDC5155300D11A16F25EF6B5
:10CCC0002D0C13ECA1F6D0EAB21B051293E7E20B90
:10CCD000E8F74C0938EE940E96F935D7CC0885F470
:10CCE000DEED6E003BFAA6F2EBEB3D14AFF9D3F5A7
:10CCF00050F3B7FC511682FA4CEEACE6E5EB3AFF86
:10CD000027EA57F787047A0FD414DB006D04130168
:10CD100057069FEFFA097C0C6AF360F966F0240865
:10CD2000F4023C0C9F0F25E846EFA121D700DEEB73
:10CD30008501690B2B0029F4EF1063F202F217F260
:10CD400037F856FB7E0C9DFD97076916190A54F7B4
:10CD500090F28BFD8021D51566E6621597EF3E08AF
:10CD60002110B413AC1BA8EF2AF819F7B203B602CE
:10CD7000B714A7ED3405980983085710DCE9B40E01
:10CD80008DFFBA12BCF7F4EC601496E4FAFF26119A
:10CD90009A0BB1FA0411FD13DF21D20901F5BB0191
:10CDA000EC14640F2B17DFF78F0103078C0F6F0450
:10CDB0000806CD0635E04B0B83E71E178FFD03EB0E
:10CDC0006F0D42F75501580EE1053DF5D6EE1FFAFD
:10CDD0002E089FF6EEEFD8110800EC175804720BDE
:10CDE0006FFB8AF70DEE7A048D0EC6F5E3F817FE99
:10CDF000C2F904FF210A33F7061757E47DF5DD0277
:10CE000073F11CF06DF6E4F212EDAAF643F8AE0BE6
:10CE1000E7E928E8AEF583F0501BD2EBB90BF7E653
:10CE2000F3F20B0EBCF47DF8E21404FA02F27AFA83
:10CE3000EBF6FC06BBFA790C70F0E0E234FFAA0BCB
:10CE4000BBFEC60E1B14EFF109EC04F7D4E85FE853
:10CE5000EDF8F1FB8E05CC0F870F100269FC8DE910
:10CE600062FC94EC53103906CEF54201220153F7CF
:10CE7000CA0042EA6DE3C7EBE7E785EE0009F71267
:10CE8000360EE2EB72F419F72EF97210CFEBED05C6
:10CE90003B08B304EDEFB61203F0B2071EFEACF090
:10CEA00067E9EFFF651832DB1DE711052E00130758
:10CEB000B60FE4FE4AD9A2EFD904AAFBA20D2D0FAA
:10CEC00084FB9FE958FF84E169FC20E643004AF6B1
:10CED000DD010209FCF47D092804F711FEFBF209CB
:10CEE000501376FD911E8C0F14E55DEA2F072EED91
:10CEF000D6026CFFBCEEC5F501F3EEF60EFFCEF5E3
:10CF0000EDEA1CF815E3100A06E2390B45FAA4E92C
:10CF10009DE601FF6A01DAFF44E47017630D3CF7F8
:10CF20003802790B33F3C4FA92FFE90EE6F37C156D
:10CF30004BFDD1F8C90AC8F5AB0961F4E40A1B013D
:10CF40004BF4D8FD470274FEB6FE9203240E46123F
:10CF5000F6F4F905E20353FEADFC9A06F30BB10AB1
:10CF60003DEB48E3EE05C5085D1B1916180C1905C5
:10CF700065F9BB01701291F9E1077C001A01DF0B22
:10CF800086F346E92113BB00EB1695F27E060BF6FD
:10CF9000140A0FE99F0DCBFF6E16B701E5F5EEE21F
:10CFA0007F0AE80FFE03E50A18EAC1222E02ACE868
:10CFB000220B13EA9E0D3D0236F4D2F2AC0A9E1B00
:10CFC00099F1DFFB8BFAE200AD06F5ED11F4CBF53C
:10CFD000BD1FD90959F601EF61EFCE0065EF82FF61
:10CFE000061C0EFD0E1EF300F1EFE3FC3F0BA3FE4B
:10CFF0007C09970E6CF351ED72148CFE7C14F5F3E2
:10D0000052EAF0F4B6F4C5F4CA1615086309690CBF
:10D0100033094BDE041A13EC7EE676FD44044D0220
:10D020009B0607F86BF04F10E60D3FF643024AF3FC
:10D03000360D3CEAACEF0211DAE31B005F06BAF2F0
:10D0400019F2A70074EDBBF3D3FDCA054106F8F849
:10D050008DFDBB2B4CEE84FD8EFF75F1FB042C1D6A
:10D060004CE5A4F136144BF6591045F4D1F6E9F924
:10D0700034FBC6E6EA1C5BFFF5E1040FA2FB02E30A
:10D080006704B60AE71150E9EA08ACFB7BF21C0A18
:10D09000D62B5FF9B81743119A0D020BFAF7B908AE
:10D0A00013FD82103C1067FCC6EB4B09280340F4CB
:10D0B0003CFB06008CF9020D1B09D10A0D0B47053C
:10D0C0007405BAFADF040A1495FFD0FF290830F777
:10D0D00047F801041DF42E14DAFB8FE80513FAF863
:10D0E00090F0B0015E1511F1B405EB0DC11FFB15F9
:10D0F00095F5BA1D0BDBA30EBD06DBE8E90429128A
:10D100003EE722FEE9E740E7C7034AFA27E8301581
:10D1100055FDD220721517EA47EC0B18100503FFD6
:10D1200067EDE3E04913B0FB81E734E6E719EB1064
:10D1300094ED73090B01ECFA981D8A070311B1FEF7
:10D14000BA02D21358F824EE5BFE8E0653FFE9E3D1
:10D15000E90953F4E4FC60E85EE8960F6DFE8DEC9F
:10D16000E401F8F3470EEC060C0972E11FF42B1BE7
:10D17000271F6806B90329EFE41F55FD8EECBDFC9F
:10D180006BF905EF4911BC18E817E2136409210790
:10D19000641854F5A90DE5097E1A371244E6EBE34D
:10D1A00059DFD6FC58123B08B00DD100DEDC62F22C
:10D1B0008E0A26F226F53FFD9EF7E9F83E111D0D79
:10D1C0007BED34F8E2F4E700021317183F06B701CD
:10D1D0001300A1011E097C1CD41531ECB1020225FB
:10D1E000AAF91BF66F172FF96EECBF1509EE341173
:10D1F0009A08362527128AF3B5E7D2F66410E10DB6
:10D20000BF14E316B4E1800DFE0C500B5F0FD7EE98
:10D2100054EDAD11550902116B06B91CFB0B2B0225
:10D220008B029B00E70464F8ADE5A2EF28FD9CE4C7
:10D23000B6FEF20305EBDB0A5C0D0BF005F6040EFF
:10D2400055F3080768FD81FF2C133CF675F6C114F1
:10D2500050F8DDECCA0E5910EEF98114B3EFAE169A
:10D26000E7118B16690E82F3E9F9ACF3F41CACE715
:10D2700070FB560A970161F6990E500D69FFDBF6B7
:10D280002719E61937F68409F81486FD51E90C06CA
:10D29000F205FC131C01B8010DFC1A06DA1124F288
:10D2A0003AF98F09B4F887EEBAFB71F681116B0C6D
:10D2B00052E9C8F4AA0CB9E23B01E90B16F2DEE52B
:10D2C000E8F7BCF4BAEB170B01D88F13F50DA501E5
:10D2D0007706BF1BCC0951EE0A16CCE1E3080DF42A
:10D2E000FD2498E1F4DC76F34B020D0FED095807AD
:10D2F0005307D3FABCFB3B035A0C1A12CFF1F0E7E9
:10D30000A0E7C0063FE6A810A0EA8CF15AF319E89E
:10D310009013A9F7AC0BE2DE5B12BAF6C7105F07F9
:10D3200013F125EFD50387088DF56E14410FA2F890
:10D3300006E64100340879F24100EC0A21EAFD11C9
:10D3400028086B0FED1CD4E8A708940332F51507E5
:10D3500059F3820E1A044FFBF3ED5F18DA0F7C06C7
:10D36000E7ED7D108FF9DB110FE93AFC44003DF148
:10D37000070DB6F33001A20D1E0056EBADEC74E2C2
:10D380002A19C2F33C1BF0E6691A78EA1703DEEAB1
:10D39000C8F9E1FB09175DF9121A9419CBFA150EB9
:10D3A00006EF6EFFBCF99CF2ECF129ED030432F0BC
:10D3B00029F78CFA18E95FFCE9CF3B1151F8B5F277
:10D3C00042F5D6FDA3027AFE46F9E90C5020B30AD5
:10D3D0006FFC100D76F3D800A6F32C18871F2D02D2
:10D3E00042FAE1023DED4D027002AB16FF0927053E
:10D3F000BB257CFDEFFEF504DEEAEF01BAE978FD1E
:10D4000069ECD5F772F33CF9C302AFF2221FB10603
:10D41000931F090DA4FE5A2392048CFE940231003E
:10D4200064F944EB3DEFA1F5DFF31EF71F03A112F2
:10D4300045ED80F2900A4E05390FE50D73F63B2756
:10D440000911990ABAE2F90D84FCD4080DFD66139E
:10D45000A012D91A6AFC94FF22FF1716FBF77B0172
:10D46000A51B0A1E8C036B118101C21A68E42B18DC
:10D47000EAE1D608F108AA020712CFE7BC15E901D4
:10D48000A70E87F638E91F1382FD93E64313F9F5DB
:10D49000AF04590434F2E2124014B7F81423211CEB
:10D4A000AE087BF0D50AFAEDA007CB19F318F00807
:10D4B000E80899F8E9018FFB46066E0DFBF49BF234
:10D4C0007E17EF261FF2660C6219C4000CF95BF59B
:10D4D000FDEC9A08C50E29F5DB10AAEAA71D48EA5B
:10D4E0006C0ADC06E4194603FF0A9702FEF7B1EC6A
:10D4F000E913A20081F94B11CF21FA1FC6EB4AF6BE
:10D50000E9FA121C93F551ED43EEE409EC1471EACB
:10D5100029066602B7FAE4FDDC1CA214D1FF270439
:10D520009714CE19C7F47CF19C1BAE12EBF5C11118
:10D53000820356F1720CF4EE8FF76E1914F7BF1CCC
:10D54000CCE2E3FF66069B12EB0471F0DBDE7EEEBD
:10D55000B7FCBF0B6CFECAF992F1770710EC60FCC8
:10D560008B05CCF16DEEB5F830FEE813F00E0E042D
:10D57000E7ECB7F13E0720EA9D0764F90101010AD3
:10D580006DFB4513DBFA550256EF350E8605F11C8F
:10D59000F7FA1E0ED70C460B49F1CC0955F250088C
:10D5A0007CFE830C09FF94ED720E4EFA160D671087
:10D5B00084150B0DB103DCFC62055DFE30D2350C29
:10D5C0006417A60CFC050CDCAAFC3FEE3A018FEDBB
:10D5D000640573114316A70D8FFFB0FC6010672818
:10D5E0005A02D21968FA2003AE0DCF063F0C3E0551
:10D5F000561122F533EF8B1C8C0C0FEB890D671B3A
:10D60000430DE0FD890ADEEDF8FE5E072EFAD3E257
:10D610006AF9330D10E4B3F263037110B52141F3DD
:10D6200053166AE9BA09D6F1C3EB0E228D01C21373
:10D6300087120016421345FA7107CFF28007E8ED12
:10D6400012268BF2B7F8ADEEF3DDA9F64601A60778
:10D65000520A5811F707C40BE7E482FA550011FC8F
:10D66000A1FA63FA7C07810CDF033FEA6EF43DE721
:10D670003CF1D20794FE80FF1D1D2200B7F8A2ECFA
:10D68000E2EC251041F366FCB50AD505691684EE77
:10D6900058F1570674E9DAFCFF15901017FEED23D8
:10D6A000630408E0E503AB0B8B14C0FFD5F35B0309
:10D6B00087F43815A3E5840FF405A6FBE007BCFB4F
:10D6C00009037005210FF6F5A7FDE90850FB6FF27D
:10D6D000900D00051008B90FABFFD80A861B1AE899
:10D6E0003D028B17D70552E98CFC94EF9E108D05F7
:10D6F000D81673E3E814C2ED77D50A1B17D80900D2
:10D70000A1DEB4F748FCA4062A0F600238EDBBFE88
:10D71000CFE9B0FE69F6C408D9178311EB0D541890
:10D720004304EFF62FF76F1107E659F9F2ECB3F562
:10D73000241802E83B22B8012109C317AF19CB0115
:10D74000C9ED9EFBF9FC5704771D9212B306D4E392
:10D75000C903F4F0EBE77103A3F6ADF00213B7EFE2
:10D760001F090DF2771B90109FF82CF1AAFD8A1368
:10D77000061297F9610918F578F2330F7E00E70F6A
:10D780008C0322ED28F92A08371E280F8EF6EFF2B7
:10D790009DE2FBEC40F2EEEB9F16A912B7F4EC12FF
:10D7A0004D1951F041F889E914E51D0B552042E46B
:10D7B000281C0A10C9FD73FBD3E8520E2DF139F76E
:10D7C0005A20D715FEF665ECEBF2F7EEAE0847EB04
:10D7D000EEFBF0FC10EFE4F25219CE064107B5FB68
:10D7E000F012FBDDE9FC2625B709B32B73FF2611E8
:10D7F0009E1243F848E9C5F3AF16A21334F3710142
:10D80000B61741E1E1EF3808A0100817E8FEDBFD8C
:10D810004E1FEA2360F6A203400A3FFC741BE3FF9D
:10D820008EF955F61CEBE9050001AB118F108F0640
:10D8300072F1C8FDF4FC18F8431404164423612D5A
:10D840003DE27FF396F004E40A1E51050D1B5FF2E2
:10D8500038F21C05D414A2E9482020F56DF1C10767
:10D8600093FEECE53B0D92F5EFFEA002BBDF050554
:10D87000A20F5B189CE3CCFA1E03B3EE2C154A03EF
:10D88000C9F4D610E3FFEF23CF0DBE07361B2920C6
:10D89000B3F7B312D1135F032513FDF7A909A2F55E
:10D8A0008601B3FE93F30EF5A70AD7FD6517EC24A6
:10D8B00044F894048000D20116FD7B0FA90BD40616
:10D8C000AE2233092BEC11FCCBF4B30491F75FFFCC
:10D8D000CF0A0800C80A6900D3FE56109E1403122E
:10D8E000C4160B0C3C0124E999F76F11661512144C
:10D8F000B70519F34A05A0F99BF15BF8FF0D1E0768
:10D90000C9EC55FE7FE806FDA708D0F6AFEC090983
:10D910006AFFAE10AF0E6115BFE478FB121757DB3C
:10D920008CF632E5F020D80B741193F7B30A4C0C47
:10D93000A8E87000B6EA3B07AB159008D0031112B7
:10D940004FFEF4F71A061BFFFB13CBFD31040CEF5F
:10D9500005F81EFB11E8D2F141FE2C154312A3FF7E
:10D96000C6051E13FEE896007012C013471F55210E
:10D9700036050CFCCF0812FA991A7D09DF0C8F11BD
:10D980007215B0EE3306B5F60AF82C2039ED96F58F
:10D9900020F32100A50D44E583DCE2066E00D8EB00
:10D9A0003E107D1DE9048810E0079E0571E0FE032E
:10D9B000E3FFEFFCF107ACE162F81CD794E8BAFC96
:10D9C0003F046D07EA0C120B5500F1181A09BFFD50
:10D9D000CA0307051BE90B0970FF69F639E854F122
:10D9E00098ED60110BFC9C041A0B9018BA03BDEA69
:10D9F000840106ED7E02C30DF7F971133FF2FCFAC4
:10DA00007EF987FCE7086A1518F9E8166D008FE6BD
:10DA1000EE0695F58C0A2B05A20238031A29F4E2CA
:10DA2000880486E1451072107AFD36010C083FDE4D
:10DA3000EEF44EFB1F0F09F398F5820E01FC2CEF5C
:10DA40001EFB12FC1FE719FFC0FE85037D00480680
:10DA50000B1F5E1C890138F856016BEBA0F8ABE098
:10DA60006217E1178DFB20165F0ABFF68D0EC7F90E
:10DA700089EEAD0971E9D00B971385E4AA054FE74C
:10DA80000D05F0E78D15E606ED0DADF7070B52100D
:10DA9000C80AE90CC0E429068EF456051EF358F9AD
:10DAA00018FCF00FA80AEEF956029A0C70FCF20F5F
:10DAB0003CFC2EF677F32B066200B1E7B9F1290A98
:10DAC0004F0241069BF4060F6D00790AED06F5F54D
:10DAD000CF17BCEF2FFDDE17FDF87A0DB008D50883
:10DAE0005B055E0522F57702D40CCEEC0A187B1399
:10DAF00043DD1DE523E3E50E65F878F5851846E678
:10DB0000CBF864FE6FEB7906161718DD4306D7E1F4
:10DB1000EA123E0DAAF9EEEF5DE71C015BFB27124E
:10DB2000B8F9DB1C44157B11CA19E9F79CFF020CFC
:10DB300058020FE314EBF4FB940704E694EF7F2301
:10DB4000DB0ABEEFCFED710C6BF28DFBC71443FA0D
:10DB50005C1850ED5D0D84098DF764F271EFD1070B
:10DB60006A0133E06D070CF3E0F41220A9203AF0CB
:10DB7000FFFE18FAB30435F42C03D90905FC7CFD2B
:10DB8000830757FC1CE2CCF6B122EA2003E3A8F994
:10DB90003002790AA9F37CED71E4DEE66107D4FB7B
:10DBA0002711ACF8CE09B8F9381C32E338FBA7F3DB
:10DBB000651095F06A214D1F75D74FFC40F7D6FBD5
:10DBC00035C6D91B4DED7701431A99E450013E0942
:10DBD000AEFD310580E86823E0114EE229030BFB1E
:10DBE00024DEE71394F11BDF11EE8EF87B1BD5E4E6
:10DBF0009CE596E7B7E08DEABBF06DEE75ED2AE2A5
:10DC000039EB5315090302F860FBA3020A1944DB40
:10DC10001AF794060406A8D98305FAE8ABE757F08B
:10DC200051FEEBEB620FA0F51ADE01DD96E73DED4C
:10DC3000CAF34B326CD630E509FA97219A0BC0CE65
:10DC400049153CF439F08E08E8FAD5DA0A152EEFBA
:10DC5000E7FCBCEA66E865F84704211669248705F5
:10DC60008807C8EC3C2345079ED09C165C20EED26A
:10DC700043EC6D1059F0A016E23150F8A20F33EBCF
:10DC8000BFCEADF8DACDBFF69FED23F45AEB010716
:10DC90009B0E630410E66EF547ECED1F1CE72316A0
:10DCA000EBF660012BD6DCFBF4F1E91B00106AE80F
:10DCB000AB056E16C0E7E3E4D9FBA8E38C0D871231
:10DCC0008B0A422216F0E60FE812B91D130CF5E597
:10DCD000B8EB821933F4360B6101FF08C5DD592218
:10DCE0007EF6900430F773F6EC0B271CE9E18AD43A
:10DCF000D5F430D86CEE7EDF11EDE707F505AC0604
:10DD0000BB21460C8CE0E1F2B0155CE7B82044E59D
:10DD1000E5E8CEDCFE0A17F891D794E04FF6E2EE84
:10DD2000BE010BFB090403ECC33711FC72F1941024
:10DD30006EDD54F5ED0437EF05FCA6F9A7090AD707
:10DD4000BFFD1FFE35E679E2270EBDE96B0AD90D4E
:10DD5000BC132C0DE4EC6B06E9EBFF1DFE02CD1AA3
:10DD6000A5137FF40AD2561223F090E758EF33E15F
:10DD7000CA21A20316E085FF15E688153BEF2EE5C4
:10DD8000ED10EBE698E48211F8EEA5CDEFF6EC2568
:10DD9000DA09490E803092197D0D90FB93F6E3FB72
:10DDA000BCEF96EC0502B9DC7AF7B9FE400AE9FE51
:10DDB000CC10A4F42D25C7DA53E2B9EBC7E4C6E7CB
:10DDC0007217671E660BAC127223D2EBD7DA2EE7FE
:10DDD000D7F1A9E980F481FE3E09E1E992F3C6E3B7
:10DDE0004108FCF0C60F45FE0EE7E41F6403A2DB0A
:10DDF000DEDF09F5A8DEEDE7F1241D206103421DF9
:10DE00000CFDEFF488F425F824F9C90A0117A508D8
:10DE1000670650DFFAD2261258D4F105ECC4E0F0C0
:10DE20005C0976F86CCE9B0057E83B046CD7CB12AC
:10DE3000470628EC60DDA3F15EF5D31880FD81175D
:10DE40004E2178EB060FAF1FF8065B1832F2DDF9B2
:10DE5000180D0F1329242112E3FF32F4F90EFF08E5
:10DE60005917F50FB8EA5F0FA00E6EFE6B191CFE76
:10DE7000FF19B7FF23177F0257F11DF757E7A9E4F2
:10DE8000B6E252F328EE29E89C18A9E778DBE5FE14
:10DE9000D714E0EE68165BDAD80BFDFA2613BA1831
:10DEA00065F4021E0CF98B0DE5281F0A64EA0C12BA
:10DEB000F7FBA1E802F600189D19E00A5A17071AA5
:10DEC0001CDB9BECE5E3EA1D2A1D6B24A1F19E1BE4
:10DED000BA1DB5E0B0120FD4D4E64C0EF10674F7BB
:10DEE0007FFEF9D6D7F7151FF003EFE4750316F39D
:10DEF000B4E198174BF7A3FF5FF63616A5162BF380
:10DF000073F83E0C05ED2710F30BC10658FF7A029B
:10DF1000D6182FE2F1101D1C5516E0F396F9DEFB22
:10DF2000DFFC8FDA9AFCCD1F7D044F019024432A39
:10DF30004DEBDC03A5E04A1E3BF1670262093109A3
:10DF4000C7CBD20D8A184B02D5EAC7F3E3F85E1AA5
:10DF50006715EAF741F54507821F8406650E1DFA2D
:10DF6000CAD91ED89AEF36190315A31C5AD53C28D6
:10DF700028207F08E218C724EDF493DE35E86D0B06
:10DF800051DED3072CE60F17A0F068002A1C960F6D
:10DF9000D7E57E01B208EE0EF2E710DB9A0658EAEA
:10DFA00073F0B3FEF7DEFDEC9E112EEAD4F06B02A7
:10DFB000C501931D03F0640C5BF40422B5FE1ED969
:10DFC0006A11EBDE3F075EE1D0093DEEB5CA8E2255
:10DFD0006BF160EAF5EE22D0F40BBE14DFE375F1CD
:10DFE000B01DAF1E36F775F2D3ED1DE3F405AC029C
:10DFF0006617E50AD827DDE739E70C12D31BF0E2F4
:10E00000C8D44C0A78ED9DF935FBB302071E60FEBB
:10E010009413CE0570F460DAD11E5BF7DDFE051DAA
:10E02000E4D7EE0128EE96E27507FF1ADAE1222A1C
:10E0300058E7A8E7211C50FF81DE8CE5D40FC1EC26
:10E04000D8E88815F502BEFA0A0FB3EC38E99CD877
:10E05000FA026916ACDB5CE03B0E9A00A8F60A22D5
:10E06000F205960E220C6B0ABBD79B172DD08110A0
:10E07000D21AFB0117DCC40BF2E79AE8A1E46C06A4
:10E080007A1CD8125CDA341065EC45D860DB2CFCC5
:10E09000FE0401E376F92CEC58FFDAFF8EE91C024E
:10E0A00066D5E9E47BF820EE7C21A5EF2911550A1D
:10E0B000ACDC31E7D5D477139ADC6C2280E947E5F4
:10E0C0003BF5BB0C501A23FF11DD3C0811EBC0FFE0
:10E0D000A9F62325BEE06D1D16E8221B251264D982
:10E0E000CDDE78E6061DD9F6E0E8651C62D55CE970
:10E0F0005A1DB3E424E046F65AE6F1FC8BF6C4E878
:10E10000AAE6A601F10DB10F61E832E440ECE3E2CA
:10E110003AEECCFCC3EEE9E3FAF503FB15F655FC49
:10E120004B096EF9D90FFDE88DF971EA73EF771895
:10E130008601971494212417E6FD8DFC11DEDA0B7D
:10E14000D5F1BBE6A7E6310A13D857FA90B3B2E689
:10E150001E1075FED7FD97DED200D2E5AC1589F30F
:10E1600038EA7815B8E783F3C91D8E15B809C1DA06
:10E17000D9EC451350E4E6F8B8136FF42001EAD95E
:10E180000BF70EFCB1F4F306ABEFAFE419E9F0E4E2
:10E19000C9F95FE7790117D994178017E91000FBD7
:10E1A0005B1CEC07EA1A89FFB3004BDA3FFA8D11CA
:10E1B000FFFCE2F7EB1C37D11BF68C133F067E0108
:10E1C0006DDEA00E80FEF320CCDC95FA2611390519
:10E1D0008AFE9C05C9FF3101C9E684ED0BE15710A9
:10E1E000E61869FDD8122114D61A9AEFE610D0E28B
:10E1F0001E0656F2EC204B015AF5D3E8F7F357DC34
:10E20000E0FD14E41F0855F29FE900E19DE6E9E016
:10E21000BDD7BCFF9616A42156127F0E0AD66A18E7
:10E220000E0AA5E572EECA214F1E481DFB0F1511FF
:10E23000B906431F06148D185BE6F5DA23F356FF83
:10E24000EAFAEEE90D200FE6C2EA08F00AF3E30B62
:10E25000AA1C05FB49FBD2F99BE176EF02E601DE41
:10E2600086065DFDE9EEDE1DA10045DF2A00C90B33
:10E27000A5EA6B015CD668176706BA152F0342EC56
:10E2800004DDAED5E30EEFDF760D290C4211A4E1DB
:10E29000E1E30805EAEBF0F2F815C6FDD2F0940BC5
:10E2A0001EDC381DD6BA4009E105BC00D2ECF8F2FC
:10E2B0009105BF05C0146BD73A093E18431DA6F956
:10E2C000871097D88804140CFD1C01EE4AE931EC44
:10E2D0005C0EB61B4B084ED54BEB390F9805ABDDEA
:10E2E000FFDF16FE7EFE7E012218E81166DDFCFED1
:10E2F0006917C61B0414050DC510BCD05415DA13DC
:10E3000055E3820255FCE3F0ECF896E11EDB561172
:10E310007CE9D1D068DE77F2D5DB690A670B8B1D0B
:10E32000462A19F2E4EE511B81ECBCEFBE0006D880
:10E330007EFAAEF67BF4BAD37EEC0319A711DE1297
:10E3400050FAF50481E2E9F05D1A46DC1623861ED8
:10E35000CDE8F60A00000000000000000000000008
:10E3600000000000000000000000000000000000AD
:10E37000000000000000000000000000000000009D
:10E38000000000000000000000000000000000008D
:10E39000000000000000000000000000000000007D
:10E3A000000000000000000000000000000000006D
:10E3B000000000000000000000000000000000005D
:10E3C000000000000000000000000000000000004D
:10E3D000000000000000000000000000000000003D
:10E3E000000000000000000000000000000000002D
:10E3F000000000000000000000000000000000001D
:10E40000000000000000000000000000000000000C
:10E4100000000000000000000000000000000000FC
:10E4200000000000000000000000000000000000EC
:10E4300000000000000000000000000000000000DC
:10E4400000000000000000000000000000000000CC
:10E4500000000000000000000000000000000000BC
:10E4600000000000000000000000000000000000AC
:10E47000000000000000000000000000000000009C
:10E48000000000000000000000000000000000008C
:10E49000000000000000000000000000000000007C
:10E4A000000000000000000000000000000000006C
:10E4B000000000000000000000000000000000005C
:10E4C000000000000000000000000000000000004C
:10E4D000000000000000000000000000000000003C
:10E4E00000000000000000000000800080008000AC
:10E4F000000000000000000000000000000000001C
:10E50000000000000000000000000000000000000B
:10E5100000000000000000000000000000000000FB
:10E52000000000000000000000008000000000006B
:10E5300000000000000000000000000000000000DB
:10E5400000000000000000000000000000000000CB
:10E55000000000000000000080000000000000003B
:10E56000800080000000800000000000000000002B
:10E57000800000000000000000000000000000001B
:10E58000000000000000000000000000000000008B
:10E5900000000000000000000000800000000000FB
:10E5A00080008000800080008000000000000000EB
:10E5B000000000000000000000000000000000005B
:10E5C000000000000000000000000000000000004B
:10E5D000000000000000000000000000000000003B
:10E5E00080008000800000000000000000000000AB
:10E5F000000000000000000000000000000000001B
:10E60000000000000000000000000000000000000A
:10E61000000000000000000080008000800000007A
:10E6200000000000000000000000000000000000EA
:10E6300000000000000000000000000000000000DA
:10E64000000000000000000000000000000080004A
:10E6500000000000000000000000000000000000BA
:10E6600000000000000000000000000000000000AA
:10E67000000000000000000000000000000000009A
:10E68000000000008000800000000000000000008A
:10E69000000000000000000000000000000000007A
:10E6A000000000000000000000000000000000006A
:10E6B00000000000000000000000000080000000DA
:10E6C000800080000000000000000000000000004A
:10E6D000000000000000000000000000000000003A
:10E6E000000000000000000000000000000000002A
:10E6F000000080008000000000000000000000001A
:10E700000000000000000000000000000000000009
:10E7100000000000000000000000000000000000F9
:10E7200000000000000000000000000000000000E9
:10E7300000000000000000000000000000000000D9
:10E7400000000000000000000000000000000000C9
:10E7500000000000000000000000000000000000B9
:10E760008000800000008000000000000000000029
:10E770000000000000000000000000000000000099
:10E780000000000000000000000000000000000089
:10E790000000000000008000800000000000000079
:10E7A0000000000000000000000000000000000069
:10E7B0000000000000000000000000000000000059
:10E7C0000000000000000000000000008000800049
:10E7D0000000800080000000000000000000000039
:10E7E0000000000000000000000000000000000029
:10E7F0000000000000000000000000000000000019
:10E800000000000000000000000080000000000088
:10E8100000000000000000000000000000000000F8
:10E8200000000000000000000000000000000000E8
:10E830000000000000000000000080000000000058
:10E8400080008000000000000000000000000000C8
:10E8500000000000000000000000000000000000B8
:10E8600000000000000000000000000000000000A8
:10E870000000800000000000000000000000000018
:10E880000000000000000000000000000000000088
:10E890000000000000000000000000000000000078
:10E8A00000000000000000008000000000000000E8
:10E8B0000000000000000000000000000000000058
:10E8C0000000000000000000000000000000000048
:10E8D0000000000000000000000000000000000038
:10E8E0008000000000008000000000000000000028
:10E8F0000000000000000000000000000000000018
:10E900000000000000000000000000000000000007
:10E9100000000000000000008000000080000000F7
:10E9200000000000000000000000000000000000E7
:10E9300000000000000000000000000000000000D7
:10E9400000000000000000000000000000000000C7
:10E9500000000000000000000000000000000000B7
:10E9600000000000000000000000000000000000A7
:10E970000000000098D5020098D5020098D502004A
:08E9800098D5020098D50200B1
:0400000320007375F1
:00000001FF
